sample_id,content,label,has_url,has_phone_number,sender_type,category,obfuscation_level,data_origin
ViSmish_00000,(TB) SINH NHẬT VINA - NẠP THẺ CÓ QUÀ! VinaPhone tặng Quý khách 20% giá trị thẻ nạp vào NGÀY MAI 21/06/2024. Khuyến mại được sử dụng gọi/nhắn tin trong 15 ngày.  + Cơ hội trúng TV Samsung 75 inch và hàng ngàn giải thưởng hấp dẫn khác khi nạp thẻ từ 50.000đ (chi tiết tại my.vnpt.com.vn/adv/KM2024 ). + Thêm ưu đãi hời khi nạp thẻ tại https://my.vnpt.com.vn/adv/napthe . CSKH: 18001091 (0đ).,0,1,1,brandname,Viễn thông,NONE,real
ViSmish_00001,"Quy khach duoc cong them 8 diem Viettel++ boi giao dich Tieu dung vien thong thang 12/2022. Thoi han su dung diem den 31/01/2024. Hay truy cap https://myvt.page.link/vtplus tren My Viettel hoac *098# de doi diem sang Data, SMS, Phut goi cung nhieu uu dai gia tri khac. Chi tiet LH 198. Tran trong.",0,1,0,brandname,Khác,NONE,real
ViSmish_00005,(TB) Điện thoại hết tiền chớ lo - Đã có khuyến mại to! VinaPhone tặng Quý khách 50% khi nạp tiền điện thoại bằng hình thức trực tiếp DUY NHẤT trên ứng dụng My VNPT trong hôm nay 20/7/2025 tại: https://my.vnpt.com.vn/adv/napdt . Khuyến mãi được sử dụng gọi và nhắn tin trong 15 ngày. CSKH:18001091 (0đ).,0,1,1,brandname,Viễn thông,NONE,real
ViSmish_00008,[TB] Quy khach nhan duoc voucher Giam 99.000d khi mua Bao hiem Xe may tu chuong trinh Uu dai Bao hiem het han ngay 31/07/2025. Vui long mo app Viettel Money tai https://viettelmoney.go.link/kFsDU de biet them thong tin chi tiet. Tran trong!,0,1,0,brandname,Viễn thông,NONE,real
ViSmish_00012,"[TB] Thông tin thuê bao của Quý khách có thể chưa chính xác. Quý khách vui lòng soạn TTTB gửi 1414 để kiểm tra. Để không bị chặn 1 chiều, Quý khách đăng ký đúng thông tin thuê bao tại https://viettel.vn/s/chtt hoặc đến điểm giao dịch Viettel (mang CMND/CCCD/Hộ chiếu) để được hỗ trợ trước 07/06/2022. Nếu Quý khách đã thực hiện, vui lòng bỏ qua tin nhắn này. LH 198 (0đ). Trân trọng!",0,1,0,brandname,Viễn thông,NONE,real
ViSmish_00014,"Nhằm kích cầu tiêu dùng trong nước, Bộ Công Thương phát động Chương trình Khuyến mại tập trung Quốc gia 2024 từ ngày 2/12/2024 – 31/12/2024, doanh nghiệp sẽ thực hiện khuyến mại với hạn mức có thể lên đến 100%. Chi tiết https://kmttqg.vietrade.gov.vn",0,1,0,brandname,Dịch vụ công thật,NONE,real
ViSmish_00018,Bởi lương 2 chẹo nè có dám lấy vợ đâu,0,0,0,personal_number,P2P hard negative,NONE,external_curated
ViSmish_00021,(TB) Quà tặng đầu Xuân - VinaPhone ưu đãi riêng Bạn 20% khi nạp tiền điện thoại vào HÔM NAY 07/02/2023. Giá trị khuyến mại sử dụng gọi/nhắn tin trong 15 ngày (bấm *102# để kiểm tra ưu đãi). CSKH 18001091 (0đ).,0,0,1,brandname,Viễn thông,NONE,real
ViSmish_00025,nữa r cringe từ lúc mới ra đến giờ vẫn cringe,0,0,0,personal_number,P2P hội thoại thông thường,NONE,external_real
ViSmish_00027,(TB) VinaPhone tặng Quý khách ưu đãi khi nạp thẻ vào NGÀY MAI 23/8/2024: + Nhận ngay 20% giá trị thẻ nạp. Khuyến mại được sử dụng gọi/nhắn tin trong 15 ngày.  + Thêm ưu đãi hời khi nạp thẻ tại https://my.vnpt.com.vn/adv/napthe .  CSKH: 18001091 (0đ).,0,1,1,brandname,Viễn thông,NONE,real
ViSmish_00029,"TK ViettelPay 9704...1278 GD -1,000 VND luc 2023-12-20 21:42:39 So du 3,372 VND Phi: -0 VND ND: GD thanh toan 231220177221005 NAP TIEN DIEN THOAI cho Khach hang 0867256447",0,0,1,brandname,Ngân hàng thật,NONE,real
ViSmish_00035,nghe sau` doi vai chuong ng anh em a,0,0,0,personal_number,P2P hard negative,NONE,external_curated
ViSmish_00037,"Tai khoan cua Quy khach da duoc nap 10,000d tu 126921 vao 23/04/2025 14:48:02. Ma giao dich 2281036349. Chi tiet lien he CSKH 18001091 (0d). Tran trong cam on!",0,0,1,shortcode,Viễn thông,NONE,real
ViSmish_00038,"[TB] DÙNG FACEBOOK KHÔNG GIỚI HẠN CHỈ TỪ 10K  Soạn FB7 (10.000đ/7 ngày) hoặc FB30 (25.000đ/30 ngày) gửi 191: Thoải mái lướt Facebook, nhắn tin qua Messenger không giới hạn data. Gói cước gia hạn khi hết chu kỳ. Chi tiết LH 198 (0đ).",0,0,0,brandname,Viễn thông,NONE,real
ViSmish_00043,"đơn giản là vì 2 đứa con cụ đều chả có hứng thú với ew đương, đặc biệt là đứa con út này, mỗi lần có người ngoài hỏi bao giờ lấy chồng thì nó đều nói: “cháu phải kiếm tiền hiếu kính phụ huynh đã, chưa báo hiếu được ngày nào mà đã đi lấy chồng luôn là cháu không chịu đâu.”",0,0,0,personal_number,P2P hard negative,NONE,external_curated
ViSmish_00048,quyết tâm ko ra khỏi phòng,0,0,0,personal_number,P2P hard negative,NONE,external_curated
ViSmish_00051,"(ca si no) trực tuyến phú quốc hoan nghênh bạn, kết bạn zalo gái xinh  để được hướng dẫn nhận ngay 200k zalo:: 056376730",1,0,0,personal_number,Cờ bạc / Betting,Level 0 - Formal,real
ViSmish_00052,Truong DH CNTT thong bao nghi hoc Mon Ky thuat lap trinh Python(IE221.Q11.2) vao thu 6 ngay 14 thang 11 nam 2025. Chi tiet vui long lien he (028) 372 52002 chon 155,0,0,0,brandname,Khác,NONE,real
ViSmish_00054,"EVNHCMC TB TIEN DIEN T3/22 KH PE13000143179 LA 85,175 VND VUI LONG T.TOAN TRUOC 22/03/2022 LH 1900545454",0,0,1,brandname,Dịch vụ công thật,NONE,real
ViSmish_00059,tạo cái account tinder lên coi thử coi phải dị hong,0,0,0,personal_number,P2P hard negative,NONE,external_curated
ViSmish_00063,(TB) CHÀO HÈ VUI VẺ - NẠP THẺ CÓ QUÀ! VinaPhone tặng riêng Quý khách ưu đãi 20% giá trị thẻ nạp vào NGÀY MAI 06/5/2025. Khuyến mại được sử dụng gọi/nhắn tin trong 15 ngày. Thêm ưu đãi hời tại https://my.vnpt.com.vn/adv/napthe . CSKH: 18001091 (0đ).,0,1,1,brandname,Viễn thông,NONE,real
ViSmish_00068,"[TB] Kính gửi Quý khách, để cập nhật các chương trình chăm sóc Khách hàng và khuyến mại của Viettel, hãy chọn “Quan tâm” kênh Zalo Viettel Chăm sóc Khách hàng tại https://zalo.me/1570758701534064697 để nhận thông tin nhanh nhất. Trân trọng.",0,1,1,brandname,Khác,NONE,real
ViSmish_00070,"(CSKH) Chuong trinh khach hang than thiet VinaPhone Plus thong bao: Tinh den het 06/02/2024 hang hoi vien cua Quy khach la Than Thiet, diem tich luy la 2380 diem. Vui long truy cap website/ung dung https://vinaphoneplus.com.vn/app.html de trai nghiem uu dai hap dan (qua tang, goi cuoc …). CSKH: 18001091 (0d). Tran trong!",0,1,1,brandname,Khác,NONE,real
ViSmish_00073,gần nhà kao mà kao ch ik lần nào chỉ có ik ngang:)),0,0,0,personal_number,P2P hội thoại thông thường,NONE,external_real
ViSmish_00075,"687475 la ma xac thuc OTP tren MyVNPT cua Quy khach. Ma co hieu luc trong 2 phut. De dam bao an toan, Quy khach vui long khong chia se ma nay voi bat ky ai.",0,0,0,brandname,Tin nhắn cá nhân và OTP,NONE,real
ViSmish_00076,bữa t cầm cây kẻ mày đi thi cuối khóa nè :))),0,0,0,personal_number,P2P hard negative,NONE,external_curated
ViSmish_00079,E bao c linh xuông c nga ma lây dep mơi ne .Đô b ton co dep kiêu cua be nha e đep lam,0,0,0,personal_number,Tin nhắn cá nhân và OTP,NONE,real
ViSmish_00084,OTP cua Quy Khach la: 34375307. Ma xac thuc giao dich tren vi co hieu luc trong vong 2 phut. QK TUYET DOI khong cung cap OTP cho nguoi khac tranh bi lua dao!,0,0,0,brandname,Tin nhắn cá nhân và OTP,NONE,real
ViSmish_00095,"(QC) Mien phi xem phim Dai Duong Minh Nguyet tren TV360. Chi tiet truy cap http://s.viettel.vn/tv360phim hoac LH 198 (0d). Tu choi QC, soan TC4 gui 199.",0,1,0,brandname,Quảng cáo hợp lệ,NONE,real
ViSmish_00097,kiếm tiền đi cái này lè,0,0,0,personal_number,P2P hard negative,NONE,external_curated
ViSmish_00102,"Thậm chí mấy sân khấu hồi cuối năm ngoái cũng y chang, ngày trước t đánh giá cao khả năng trình diễn của cổ cực mà giờ nhìn như kiểu bị ép đi diễn vậy.",0,0,0,personal_number,P2P hội thoại thông thường,NONE,external_real
ViSmish_00104,(TB) Trung thu rộn ràng - Ngày vàng nạp thẻ! Bạn nhận ngay 20% giá trị thẻ nạp vào HÔM NAY - 09/9/2022. Khuyến mại sử dụng gọi/nhắn tin trong 15 ngày. Dễ dàng nạp tiền online tại ứng dụng MyVNPT (my.vnpt.com.vn/app). CSKH 18001091 (0đ).,0,1,1,brandname,Viễn thông,NONE,real
ViSmish_00108,càng đọc t càng bcuoi thế nhỉ :)))))),0,0,0,personal_number,P2P hội thoại thông thường,NONE,external_real
ViSmish_00112,Quy khach dang thuc hien dang ky tai khoan tren ung dung cua VNPAY. Ma xac thuc cua quy khach la 311217,0,0,0,brandname,Tin nhắn cá nhân và OTP,NONE,real
ViSmish_00113,Mã xác thực Cloud Manager của bạn là: 547192,0,0,0,brandname,Tin nhắn cá nhân và OTP,NONE,real
ViSmish_00114,Tết này chắc ko có gà ngậm hoa hồng rồi,0,0,0,personal_number,P2P hard negative,NONE,external_curated
ViSmish_00115,Ma OTP xac thuc giao dich la 308519. The 452404....4676 thanh toan so tien 255825 ngay 20250301152807 tai don vi STEAMGAMES.COM 4259522985. TUYET DOI KHONG CUNG CAP OTP CHO BAT KY AI,0,1,1,brandname,Ngân hàng thật,NONE,real
ViSmish_00116,"[UNG TIEN AIRTIME] Tai khoan chinh cua Quy Khach sap het. Soan A gui 1357 de duoc ung 45000d, GIA CUOC 0 DONG vao tai khoan Airtime (su dung thoai va sms). Hieu luc su dung tai khoan Airtime la 1400 phut. So tien da ung 45000d se duoc tru vao TKC. Chi tiet LH 18001091 (mien phi).",0,0,1,shortcode,Viễn thông,NONE,real
ViSmish_00118,TK ViettelPay 9704...1278 GD +5.000 VND luc 2024-09-12 14:30:37 So du 8.372 VND ND: 240912161363537 QUATANGVOUCHER 240912161363537 84867256447,0,0,1,brandname,Ngân hàng thật,NONE,real
ViSmish_00119,"[QC] Quy khach co 5700 diem tieu dung Viettel++ tinh den het ngay 02/08/2020. Bam goi *098# hoac truy cap ung dung MyViettel tai https://viettel.vn/app (muc Viettel++) de doi diem thanh Data, phut goi, SMS hoac cac uu dai gia tri khac. LH 198 (0d). Tu choi QC, soan HUY gui 9000.",0,1,0,brandname,Quảng cáo hợp lệ,NONE,real
ViSmish_00124,"Xấu mặt dân Hp đi ngta là con gái hô hoán lao đánh đ hiểu nghĩ gì ,mấy ng đánh đ nghĩ rằng ví dụ con gái mình ra đường bị thế thì nghĩ sao ?",0,0,0,personal_number,P2P hard negative,NONE,external_curated
ViSmish_00127,Quy khach da huy goi D6V thanh cong. Moi Quy khach tham khao cac goi cuoc SIEU UU DAI tren ung dung MyVNPT https://my.vnpt.com.vn/adv/muagoicuoc . CSKH: 18001091(0d).,0,1,1,shortcode,Viễn thông,NONE,real
ViSmish_00128,"QK da huy goi D6V thanh cong. De dang ky lai goi cuoc, vui long soan tin DK D6V gui 888 hoac lien he tong dai CSKH: 18001091 (0d). Tran trong!",0,0,1,shortcode,Viễn thông,NONE,real
ViSmish_00130,OTP cua Quy Khach la: 70638529. Ma xac thuc giao dich tren vi co hieu luc trong vong 2 phut. QK TUYET DOI khong cung cap OTP cho nguoi khac tranh bi lua dao!,0,0,0,brandname,Tin nhắn cá nhân và OTP,NONE,real
ViSmish_00136,"[TB] NẠP THẺ TẶNG TIỀN - DÙNG LIỀN DATA! Tặng 20% giá trị tất cả thẻ nạp vào tài khoản viễn thông trong ngày 10/01/2025. Tiền KM sử dụng truy cập Internet trong 15 ngày. Nạp thẻ online tại các ví điện tử, ứng dụng thanh toán hoặc tại https://viettel.vn/naptienkm . Chi tiết gọi 197 bấm phím 19 (0đ). Trân trọng.",0,1,0,brandname,Viễn thông,NONE,real
ViSmish_00139,Không chứng minh được thu nhập hơn chồng thì làm sao giành quyền nuôi con với ngta được,0,0,0,personal_number,P2P hard negative,NONE,external_curated
ViSmish_00141,"(TB) Ưu đãi nạp thẻ – Trọn vẹn niềm vui! Chỉ cần nạp thẻ trong HÔM NAY 10/10/2025, Quý khách được tặng ngay 20% giá trị thẻ nạp. Khuyến mại được sử dụng gọi/nhắn tin trong 15 ngày. Thêm ưu đãi khi nạp tại: https://my.vnpt.com.vn/adv/napthe . CSKH: 18001091 (0đ).",0,1,1,brandname,Viễn thông,NONE,real
ViSmish_00143,"Viettel TB: Từ ngày 14/09/2025, gói SD90 sẽ kết thúc. Chi tiết LH 198 (0đ). Trân trọng.",0,0,0,shortcode,Viễn thông,NONE,real
ViSmish_00145,"Tự nhiên t thấy bả hát cũng hay   , bị tháo túng tâm lý hay gì trời",0,0,0,personal_number,P2P hội thoại thông thường,NONE,external_real
ViSmish_00147,Chuc mung ban da dang ky thanh cong TK S-Student: giam them den 10% + tang goi AI Hay Pro tri gia 1.59Tr. Kham pha ngay: https://go.cps.onl/mkajt89m,0,1,0,brandname,Khác,NONE,real
ViSmish_00150,Em xin chúc mừng chị đã là khách hàng may mắn nhận tin vào đúng KHUNG GIỜ 10 PHÚT VÀNG của VINFAST ngày hôm nay. Chị được nhận ưu đãi mua 1 chiếc xe điện gấp gọn ADO A16 với giá ưu đãi 286.000 VNĐ (Miễn Phí ship). Chị chọn 1 (trả lời) đồng ý / ừ em đăng ký cho chị mua sản phẩm này với giá 286.000 VNĐ chị nhé,1,0,0,personal_number,Khác,Level 2 - Leet nặng,real
ViSmish_00151,"Bạn nhận được lời nhắn từ 0896543210 vào lúc 13:08 30/09/2023 với nội dung: xin thông báo số thuê bao của quý khách sẽ bị khoá trong 2 giờ tới vui lòng đến Cục Viễn mừng hoặc ấn phím 9 để gặp tư vấn viên để được hỗ trợ của chiến thông. Xin thông báo số thuê bao của quý khách sẽ bị khoá, gọi 102607 để nghe lại (Miễn phí). Chi tiết l/h 9090 (200đ/p)",1,0,1,personal_number,Khác,Level 2 - Leet nặng,real
ViSmish_00152,(TB) Bạn nhớ gì không... VinaPhone tặng riêng Bạn 20% khi nạp tiền điện thoại HÔM NAY 25/10 đấy (khuyến mại sử dụng gọi/nhắn tin trong 15 ngày). Hãy ủng hộ tháng Chuyển đổi số Quốc gia bằng cách nạp tiền online nhanh chóng tại ứng dụng MyVNPT my.vnpt.com.vn/app . CSKH 18001091 (0đ).,0,1,1,brandname,Viễn thông,NONE,real
ViSmish_00153,M cũng loét dạ dày,0,0,0,personal_number,P2P hội thoại thông thường,NONE,external_real
ViSmish_00154,"Hen h0 tinh m0t dem cung nhung em g@! xinh dep,sinh v!en , van phong ,single mom -. dang cho ban den ! Te|egram;https://sourl.cn/TTqB4A",1,1,0,personal_number,Nội dung nhạy cảm,Level 4 - Mixed special characters,real
ViSmish_00155,"TKC cua Quy Khach sap het. De duoc ung goi 3(5 PHUT THOAI/Gia cuoc 8650d), soan 3 gui 9345. Tu choi nhan tin, soan TC gui 9345.",0,0,0,shortcode,Viễn thông,NONE,real
ViSmish_00156,"Tai khoan cua Quy khach da duoc nap 50,000 dong tu VnTopup vao 11/07/2023 19:36:11. Ma giao dich 1859392068. CSKH 18001091 (0d). Tran trong cam on!",0,0,0,shortcode,Viễn thông,NONE,real
ViSmish_00157,OTP cua Quy Khach la: 64432920. Ma xac thuc giao dich tren vi co hieu luc trong vong 2 phut. QK TUYET DOI khong cung cap OTP cho nguoi khac tranh bi lua dao!,0,0,0,brandname,Tin nhắn cá nhân và OTP,NONE,real
ViSmish_00161,"Truong DH CNTT thong bao hoc bu mon Ky nang nghe nghiep(SS004.N22) vao thu 3 ngay 20/06/2023, Tiet 4,5, Phong C113. Chi tiet vui long lien he (028) 372 52002 chon 155",0,0,0,brandname,Khác,NONE,real
ViSmish_00162,(TB) DUY NHẤT HÔM NAY - ĐỪNG BỎ LỠ! VinaPhone tặng riêng Quý khách 20% giá trị thẻ nạp HÔM NAY 19/9/2023. Khuyến mại được sử dụng gọi/nhắn tin trong 15 ngày. Ưu đãi hấp dẫn khi nạp thẻ tại https://shop.vnpt.vn/nap-the.html . CSKH: 18001091 (0đ).,0,1,1,brandname,Viễn thông,NONE,real
ViSmish_00163,TK ViettelPay 9704...1278 GD -5.000 VND luc 2024-09-12 14:30:38 So du 3.372 VND ND: GD thanh toan 240912161363600 NAP TIEN DIEN THOAI cho Khach hang 0867256447,0,0,1,brandname,Ngân hàng thật,NONE,real
ViSmish_00165,Hướng ngờ chứ nội j,0,0,0,personal_number,P2P hội thoại thông thường,NONE,external_real
ViSmish_00167,Kiếm tiền dễ vậy sao k rủ cả họ vào mà bán :)),0,0,0,personal_number,P2P hard negative,NONE,external_curated
ViSmish_00175,"[TB] Thủ tướng Chính phủ kêu gọi người dân chung tay xóa nhà tạm, nhà dột nát trên phạm vi toàn quốc bằng cách chuyển khoản đến Quỹ Vì người nghèo Trung ương số tài khoản: - 111135888888 tại Vietinbank. - 9999999999999 tại Vietcombank. - 1303999789999 tại Agribank. - 8631088888 tại BIDV. - 2025 tại MBBank. - 3761.0.9054386.91046 tại Kho bạc Nhà nước Hoàn Kiếm, Hà Nội.",0,0,1,brandname,Dịch vụ công thật,NONE,real
ViSmish_00177,"SHOPEE: DE CAP NHAT MAT KHAU, ma xac minh la 131929. Co hieu luc trong 15 phut. KHONG chia se ma nay voi nguoi khac, ke ca nhan vien Shopee.",0,0,0,personal_number,Tin nhắn cá nhân và OTP,NONE,real
ViSmish_00179,"272709 la ma xac thuc OTP tren MyVNPT cua Quy khach. Ma co hieu luc trong 2 phut. De dam bao an toan, Quy khach vui long khong chia se ma nay voi bat ky ai.",0,0,0,brandname,Tin nhắn cá nhân và OTP,NONE,real
ViSmish_00183,Waka.vn - Su dung 4870 lam ma xac nhan so dien thoai tren Waka.vn,0,1,0,brandname,Tin nhắn cá nhân và OTP,NONE,real
ViSmish_00188,"[TB] VIETTEL KHUYEN MAI - CHIA SE KHO KHAN Tang 50% gia tri tat ca the nap trong ngay 08/09/2021, tien KM su dung noi mang trong 15 ngay.  Truy cap https://myvt.page.link/caidatmyvt de nap the online. LH 198 (0d) de dat mua the cao. CT ap dung cho TB nhan tin nhan.  Chuc Quy khach suc khoe, an toan.",0,1,0,brandname,Viễn thông,NONE,real
ViSmish_00192,G-990087 là mã xác minh Google của bạn. Đừng chia sẻ với bất kỳ ai.,0,0,0,brandname,Tin nhắn cá nhân và OTP,NONE,real
ViSmish_00196,"[TB] NẠP THẺ LIỀN TAY, NHẬN NGAY DATA KHỦNG! Tặng lưu lượng data sử dụng trong 15 ngày trên hạ tầng 4G khi Quý khách nạp thẻ trong ngày 15/09: 1. Nạp 20.000đ tặng 410MB 2. Nạp 50.000đ tặng 1GB 3. Nạp 100.000đ tặng 2GB Lưu ý: Lưu lượng KM cộng sau 30 phút. Để sử dụng, Quý khách cần có máy 4G, SIM 4G và bật chế độ 4G (xem hướng dẫn tại https://viettel.vn/on4G). CT dành riêng cho Quý khách. LH 198 (0đ).",0,1,0,brandname,Viễn thông,NONE,real
ViSmish_00197,(TB) CÙNG CHÚC MỪNG NỬA THẾ GIỚI YÊU THƯƠNG NHÂN NGÀY 8/3! VinaPhone tặng riêng Quý khách 20% giá trị thẻ nạp vào HÔM NAY 07/03/2023. Giá trị khuyến mại được sử dụng gọi/nhắn tin trong 15 ngày. Quý khách được nhận thêm 4% chiết khấu cùng nhiều quà tặng hấp dẫn khi nạp thẻ qua VNPT Money tại https://km.vnptmoney. vn/NgayVang . CSKH: 18001091 (0đ).,0,1,1,brandname,Viễn thông,NONE,real
ViSmish_00199,"Thế éo nào lại vớ thêm được bà giúp việc vui tính, trực tiếp kêu nó mang cả cái khúc cây to đùng vào và bảo: ""Yên tâm đi, to thế này mẹ cháu không đánh đâu"".",0,0,0,personal_number,P2P hard negative,NONE,external_curated
ViSmish_00203,có 0đ với 1đ chứ làm rì có đỉm cao như thé=)))),0,0,0,personal_number,P2P hard negative,NONE,external_curated
ViSmish_00204,"[TRUNG TÂM PHÒNG CHỐNG GIAN LẬN NGÂN HÀNG] Ông/Bà Nguyễn Văn Minh Trước 17h ngày hôm nay không thanh toán dứt điểm số tiền quá hạn 910.046 VNĐ. Chúng tôi đơn phương chấm dứt hợp đồng vay và gửi hồ sơ về Nhân viên thu hồi nợ tại nhà. Cùng Chính Quyền Địa Phương Huyện Bình Chánh xuống nhà tại địa chỉ cư trú Quận Gò Vấp, TP.HCM. Thanh lý hết tổng số tiền 19.137.909 VNĐ. Mọi chi phí phát sinh Ông/bà hoàn toàn chịu trách nhiệm.",1,0,0,personal_number,Đòi nợ / Đe dọa,Level 2 - Leet nặng,real
ViSmish_00207,"(TB) Chỉ cần nạp thẻ vào HÔM NAY 08/4/2025, Quý khách nhận ngay QUÀ TẶNG 20% giá trị thẻ nạp từ VinaPhone. Khuyến mại được sử dụng gọi/nhắn tin trong 15 ngày. Thêm ưu đãi hời tại https://my.vnpt.com.vn/adv/napthe . CSKH: 18001091 (0đ).",0,1,1,brandname,Viễn thông,NONE,real
ViSmish_00209,"Tai khoan cua Quy khach da duoc nap 50,000d tu 373090 vao 09/07/2025 08:12:37. Ma giao dich 2328573320. Chi tiet lien he CSKH 18001091 (0d). Tran trong cam on!",0,0,1,shortcode,Viễn thông,NONE,real
ViSmish_00213,(TB) VALENTINE NGỌT NGÀO - VINA TRAO QUÀ TẶNG! Nhận ngay ưu đãi dành riêng Bạn 20% khi nạp tiền điện thoại vào HÔM NAY 14/02/2023 (khuyến mại sử dụng gọi/nhắn tin trong 15 ngày). Bạn CÓ THÊM 4% chiết khấu và nhiều quà tặng hấp dẫn khi nạp qua VNPT Money tại https://km.vnptmoney.vn/NgayVang CSKH 18001091(#3).,0,1,1,brandname,Viễn thông,NONE,real
ViSmish_00220,Bruno Mars mà về VN diễn thử  t đu cho = đc,0,0,0,personal_number,P2P hard negative,NONE,external_curated
ViSmish_00222,(TB) Nạp tiền đầy tài khoản - Tiết kiệm đơn giản với quà tặng từ VinaPhone! Chỉ dành riêng cho Quý khách nhận được tin nhắn và nạp tiền vào NGÀY MAI 18/03/2025: + Tặng ngay 20% giá trị thẻ nạp (khuyến mại được sử dụng gọi/nhắn tin trong 15 ngày). + Thêm ưu đãi hời khi nạp thẻ tại https://my.vnpt.com.vn/adv/napthe . CSKH: 18001091 (0đ).,0,1,1,brandname,Viễn thông,NONE,real
ViSmish_00229,"Tai khoan cua Quy khach da duoc nap 10,000 dong tu didong tructuyen vao 23/11/2024 19:33:14. Ma giao dich 2186741061. CSKH 18001091 (0d). Tran trong cam on!",0,0,1,shortcode,Viễn thông,NONE,real
ViSmish_00235,lúc đẹp thì kén ck tây lúc già xấu bị lừa thì khóc với lóc,0,0,0,personal_number,P2P hard negative,NONE,external_curated
ViSmish_00237,"bạn ơi báo công an đi, bạn k sai ngta sai mà, làm sao sống mà cứ lo âu như vậy được.",0,0,0,personal_number,P2P hard negative,NONE,external_curated
ViSmish_00245,"Này ngược lại vs b gái t gê, nhỏ eo thon còn t là bầu 2 tháng gưỡi",0,0,0,personal_number,P2P hội thoại thông thường,NONE,external_real
ViSmish_00252,ngoài đường có pải nơi chăn thả súc vật đéo đâu :)),0,0,0,personal_number,P2P hard negative,NONE,external_curated
ViSmish_00254,(TB) ƯU ĐÃI THÁNG BA - NẠP THẺ QUÁ ĐÃ! Quý khách nhận ngay 20% giá trị khi nạp thẻ trong HÔM NAY 05/03/2024. Khuyến mại được sử dụng gọi/nhắn tin trong 15 ngày. Ưu đãi hấp dẫn khi nạp thẻ tại https://my.vnpt.com.vn/adv/napthe . CSKH: 18001091 (0đ).  VinaPhone - Mạng di động nhanh nhất Việt Nam!,0,1,1,brandname,Viễn thông,NONE,real
ViSmish_00256,DATA KHONG GIOI HAN - MUA 1 TANG 1: Chi voi 10.000d/ngay! Dang ky goi ProMax 1 ngay bang cach soan DK DU1 gui 123 va huong ngay uu dai MIEN PHI CHU KY GIA HAN TIEP THEO. Khuyen mai ap dung 1 lan cho thue bao dang ky lan dau trong thang. CTLH: 0922789789 (0d).,0,0,1,brandname,Viễn thông,NONE,real
ViSmish_00257,"SD TK 1033311702 -10,000VND luc 04-01-2023 17:54:29. SD 182,015VND. Ref Ecom.EW23010453727494.MOMO.0867256447.CashIn.61a5b6a5484b",0,0,1,brandname,Ngân hàng thật,NONE,real
ViSmish_00261,"(TB2) Quy khach da cap nhat thanh cong thong tin thue bao 0828054353 tai app MyVNPT vao ngay 05/08/2022. Sau ngay 01/04/2022, VinaPhone se khong giai quyet cac tranh chap, khieu nai ve sang ten, chuyen quyen (neu co). Chi tiet LH 18001091 (0đ). Tran trong!",0,0,1,brandname,Khác,NONE,real
ViSmish_00262,"[TB] Khi phát hiện cháy cần bình tĩnh báo cho mọi người xung quanh biết và tìm cách thoát ra các vị trí thông thoáng, an toàn nhanh nhất; tuyệt đối không trú ẩn ở các khu vực khuất kín (nhà vệ sinh, tủ quần áo…), không dùng thang máy để thoát hiểm. Khi di chuyển thoát nạn cần dùng khăn, vải ướt che miệng, mũi và hạ thấp cơ thể để tránh hít phải khói, khí độc. Khi phải băng qua lửa cần lấy chăn, mền ướt trùm kín cơ thể. Mỗi cơ sở, hộ gia đình cần có nhiều phương án, lối thoát nạn an toàn phòng khi có cháy xảy ra.",0,0,0,brandname,Dịch vụ công thật,NONE,real
ViSmish_00264,"Mat khau DV Vishare cua Quy khach la 116143, vui long truy cap http://v.vishare.vn de su dung DV. Chi tiet LH 19001255 (1.000d/p). Tran trong.",0,1,1,shortcode,Viễn thông,NONE,real
ViSmish_00269,The code to disable or move your Steam Authenticator is: 66442,0,0,0,brandname,Tin nhắn cá nhân và OTP,NONE,real
ViSmish_00275,Mấy loại này thì nhiều khi nghiệ quá k có tiền cx cố vay mà chơi :)),0,0,0,personal_number,P2P hard negative,NONE,external_curated
ViSmish_00278,(TB) DÙNG VINA - LUÔN CÓ QUÀ! VinaPhone kính tặng Quý khách 20% giá trị thẻ nạp vào NGÀY MAI 17/03/2023. Giá trị khuyến mại được sử dụng gọi/nhắn tin trong 15 ngày. Quý khách được nhận thêm 4% chiết khấu cùng nhiều quà tặng hấp dẫn khi nạp thẻ qua VNPT Money tại https://km.vnptmoney.vn/NgayVang . CSKH: 18001091(0đ).,0,1,1,brandname,Viễn thông,NONE,real
ViSmish_00279,Thui đi zai tập trung mà học đi,0,0,0,personal_number,P2P hội thoại thông thường,NONE,external_real
ViSmish_00283,(VINAPHONE PLUS TB) Diem tich luy cua Hoi vien den thang 11/2022 la 46 diem VinaPhone Plus. Chi tiet truy cap https://vinaphoneplus.com.vn hoac goi 18001091. Tran trong cam on!,0,1,1,brandname,Khác,NONE,real
ViSmish_00285,cơ mà giờ đã có bí kíp của ad ròi,0,0,0,personal_number,P2P hội thoại thông thường,NONE,external_real
ViSmish_00287,Sự thật là mông pồ của bạn luôn cong hơn mông bạn :))),0,0,0,personal_number,P2P hội thoại thông thường,NONE,external_real
ViSmish_00291,"(QC) Tang 200MB truy cap internet va co hoi NHAN 500.000d vao tai khoan goc khi soan XN1 gui 5282 dang ky goi data giai tri ngay Mydata. KHONG GIOI HAN data toc do cao luot Facebook, TikTok, Youtube, Spotify, Instagram... voi ung dung Mydata. Uu dai data su dung trong 24h. Cuoc phi chi 3.000d/ngay, gia han theo ngay. Chi tiet truy cap http://mydata.viettel.vn hoac LH 198 (0d). Tu choi QC, soan TC4 gui 199.",0,1,0,brandname,Quảng cáo hợp lệ,NONE,real
ViSmish_00292,"TK ViettelPay 9704...1278 GD -5,000 VND luc 2023-10-29 12:06:06 So du 3,372 VND Phi: -0 VND ND: GD thanh toan 231029154118494 NAP TIEN DIEN THOAI cho Khach hang 0867256447",0,0,1,brandname,Ngân hàng thật,NONE,real
ViSmish_00297,"(TB) Tặng ngay 10.000đ vào tài khoản chính khi Soạn DK gửi 9191 (0đ) đăng ký tài khoản Mobile Money. Nhận thêm gấp 10 lần ưu đãi lên tới 100K khi tải app VNPT Money tại https://km.vnptmoney.vn/VC45k. Ưu đãi từ nay đến 12/11/2023, chỉ dành riêng cho KH nhận được tin nhắn. LH 18001091 (#3).",0,1,1,brandname,Viễn thông,NONE,real
ViSmish_00298,"[TB] Để đảm bảo an toàn khi tham gia giao thông dịp Tết Nguyên đán Giáp Thìn 2024, đề nghị người dân chấp hành pháp luật về trật tự, an toàn giao thông, điều khiển phương tiện đúng tốc độ, giữ khoảng cách an toàn, tuyệt đối không điều khiển phương tiện khi đã sử dụng rượu, bia.",0,0,0,brandname,Dịch vụ công thật,NONE,real
ViSmish_00306,"[TB] LEN MANG THA GA, GOI DIEN THAT DA! 1. Soan ST15K gui 191: 15.000d/3 ngay co 3GB, gia han sau 3 ngay 2. Soan V30X gui 191: 30.000d/7 ngay co 3,4GB (500MB/ngay), mien phi 10p/cuoc goi noi mang, gia han sau 7 ngay CT danh rieng cho TB cua Quy khach. LH 198 (0d).",0,0,0,brandname,Viễn thông,NONE,real
ViSmish_00310,"Móa có hứng quá thì ra QL60 mà ăn gà, mới lớp 8 cũng đéo tha nữa",0,0,0,personal_number,P2P hard negative,NONE,external_curated
ViSmish_00311,Tai khoan chinh cua Quy khach sap het. Xin vui long nap the de tiep tuc su dung cac dich vu cua VinaPhone.,0,0,0,shortcode,Viễn thông,NONE,real
ViSmish_00313,Ong/(Ba) da du d!eu'k!en NHAN'TIEN ho tro tu quy-BHTN. Bam'vao www.opaxa.icu de_'lay. QUA-HAN' SE KH0ng DUOC CHAP_NAHN! JKqc,1,1,0,personal_number,BHXH / Trợ cấp giả,Level 2 - Leet nặng,real
ViSmish_00316,Ok em .Hihi,0,0,0,personal_number,Tin nhắn cá nhân và OTP,NONE,real
ViSmish_00319,Use verification code 132722 for Microsoft authentication.,0,0,0,brandname,Tin nhắn cá nhân và OTP,NONE,real
ViSmish_00321,https://ww.facebook.com/CSKHduongdinhninh035/ Chị nhắn vào Facebook bạn này ạ chị nhắn là tôi muốn hoàn tiền đơn hàng mĩ phẩm HASAKI bị lỗi gây kích ứng MVD: 1041 SĐT ĐẶT HÀNG: 0987654321,1,1,1,personal_number,Khác,Level 2 - Leet nặng,real
ViSmish_00323,"[UNG TIEN AIRTIME] Tai khoan chinh cua Quy Khach sap het. Soan A gui 1357 de duoc ung 40000d, GIA CUOC 0 DONG vao tai khoan Airtime (su dung thoai va sms). Hieu luc su dung tai khoan Airtime la 1400 phut. So tien da ung 40000d se duoc tru vao TKC. Chi tiet LH 18001091 (mien phi).",0,0,1,shortcode,Viễn thông,NONE,real
ViSmish_00324,13645 la ma xac nhan Facebook cua Mai Chi,0,0,0,brandname,Tin nhắn cá nhân và OTP,NONE,real
ViSmish_00328,"Quy khach duoc cong them 127 diem Viettel++ boi giao dich Tieu dung vien thong thang 04/2023. Thoi han su dung diem den 31/05/2024. Hay truy cap https://myvt.page.link/vtplus tren My Viettel hoac *098# de doi diem sang Data, SMS, Phut goi cung nhieu uu dai gia tri khac. Chi tiet LH 198. Tran trong.",0,1,0,brandname,Khác,NONE,real
ViSmish_00329,thân gửi những người bạn hướng lội,0,0,0,personal_number,P2P hội thoại thông thường,NONE,external_real
ViSmish_00337,mưa nào mà mưa hỏng tạnh,0,0,0,personal_number,P2P hội thoại thông thường,NONE,external_real
ViSmish_00340,(TB) KHUYẾN MẠI 50% NẠP THẺ VINA duy nhất hôm nay! Nhận ngay ưu đãi 50% (tối đa 10.000đ) vào tài khoản chính khi nạp trực tiếp trên My VNPT ngày 27/07! Áp dụng với giao dịch nạp thẻ đầu tiên cho chính mình của thuê bao trả trước. Nạp ngay tại https://my.vnpt.com.vn/adv/nap50. CSKH: 18001091 nhánh 3 (0đ). Trân trọng!,0,1,1,brandname,Viễn thông,NONE,real
ViSmish_00341,"[QC] HOÀN TIỀN 10% khi đăng ký nạp tiền điện thoại tự động cho chính mình bằng tài khoản ViettelPay tại https://km.vtmoney.vn/314y/ndt5 Bạn nhé. LH 18009000 (0đ). Từ chối QC, soạn TC3 gửi 199.",0,1,1,brandname,Quảng cáo hợp lệ,NONE,real
ViSmish_00345,"Thực hiện Nghị quyết 63/NQ-CP ngày 03/5/2022 của Chính phủ, Bộ Công Thương phát động Tháng khuyến mại tập trung quốc gia 2022 từ ngày 15/11/2022 - 22/12/2022, doanh nghiệp sẽ khuyến mại có hạn mức lên đến 100%. Chi tiết https://kmttqg.vietrade.gov.vn",0,1,0,brandname,Dịch vụ công thật,NONE,real
ViSmish_00349,"Mobi roaming - online khap noi. Chi voi 60.000d/3 thang, Quy khach nhan ngay 7,5GB/90 ngay khi chuyen vung du lieu voi Data Mobi Roaming va Data Vietnamobile khong gioi han tu 0h-6h moi ngay. Soan DK MR3M gui 123 de dang ky. CTLH 0922789789 (0d).",0,0,1,brandname,Viễn thông,NONE,real
ViSmish_00350,"Kinh gui QK ma HCM9HW71 giam them 3% toi da 500.000d cho 01 don hang, ap dung tai cac CH Phong Vu tai TP.HCM den 31/10. LH: 18006865",0,0,1,brandname,Khác,NONE,real
ViSmish_00351,"Chuc mung thi sinh NGUYEN HOANG DUY da du dieu kien trung tuyen (tru dieu kien TNTHPT) vao Truong DH CNTT - DHQG-HCM (UTXT-DHQG) nganh CONG NGHE THONG TIN. Chi tiet xem tai: https://tuyensinh.uit.edu.vn/giaybao-kqxt, hotline 0971203246",0,1,1,brandname,Khác,NONE,real
ViSmish_00353,đi biểu diễn hồi nào zay,0,0,0,personal_number,P2P hội thoại thông thường,NONE,external_real
ViSmish_00358,kiến thức kì quái này đã đc tiếp thu =))))))),0,0,0,personal_number,P2P hội thoại thông thường,NONE,external_real
ViSmish_00361,Vậy nếu theo đúng kịch bản này thì ny mình chắc cũng học lớp 8 rồi,0,0,0,personal_number,P2P hội thoại thông thường,NONE,external_real
ViSmish_00363,"[TB] SIÊU ƯU ĐÃI: TẶNG 50% LƯU LƯỢNG Soạn ST5K gửi 191: 5.000đ/ngày có 500MB sử dụng đến 24h (gia hạn hàng ngày), tặng thêm 250MB sau 60p đăng ký. CT áp dụng từ thời điểm TB nhận được tin nhắn đến hết 15/05/2023. Chi tiết LH 198 (0đ).",0,0,0,brandname,Viễn thông,NONE,real
ViSmish_00366,"Trời ơi tui mà nhìn thấy cảnh đó chắc tui rung động xỉu lên xỉu xuốg quá,đág yêu thực sự",0,0,0,personal_number,P2P hội thoại thông thường,NONE,external_real
ViSmish_00367,"ACB: tai khoan cua ban da mo dich vu tai chinh toan cau phi dich vu hang thanh la 2,000,000VND se bi tru trong 2 gio. Neu khong phai ban mo dich vu vui long nhan vao https://acb-online-center.com de huy",1,1,0,brandname,Giả mạo ngân hàng,Level 1 - Leet nhẹ,real
ViSmish_00373,Anh tìm hiểu các bài viết của TS Lương y Ngô Đức Vượng nói về chữa bệnh ung thư rất hữu ích cho anh .,0,0,0,personal_number,P2P hard negative,NONE,external_curated
ViSmish_00379,Thì nghỉ chơi chứ giận del j,0,0,0,personal_number,P2P hard negative,NONE,external_curated
ViSmish_00381,CellphoneS: Ma OTP cua ban la 4331. Ma co hieu luc trong 3 phut. Vui long khong chia se ma nay voi bat ky ai.,0,0,0,brandname,Tin nhắn cá nhân và OTP,NONE,real
ViSmish_00382,"[TB] KHUYẾN MẠI HÔM NAY! NHẬN NGAY 20% giá trị tất cả thẻ nạp trong ngày 20/07, tiền KM sử dụng nội mạng trong 15 ngày. Giảm thêm đến 10% khi nạp thẻ tại https://vt.vtmoney.vn/kmdt253 . Nạp thẻ ngay và tham gia ưu đãi: Soạn V50C gửi 191: 50K/30 ngày có 3GB, miễn phí gọi nội mạng. Chi tiết gói cước tại https://myvt.page.link/V50C CT dành riêng cho Quý khách. LH 198 (0đ).",0,1,0,brandname,Viễn thông,NONE,real
ViSmish_00390,VNG: Activation code 930808 is used for VNGGames authentication,0,0,0,brandname,Tin nhắn cá nhân và OTP,NONE,real
ViSmish_00391,"[TB] Toàn dân tích cực tham gia phòng, chống mua bán người. Khi phát hiện dấu hiệu liên quan đến mua bán người hãy thông báo ngay cho cơ quan Công an nơi gần nhất hoặc Tổng đài quốc gia 111 để được tư vấn, hỗ trợ, hướng dẫn kịp thời.",0,0,0,brandname,Dịch vụ công thật,NONE,real
ViSmish_00399,"Tai khoan chinh cua Quy khach khong du de thuc hien cuoc goi. Soan 3 gui 9345 (hieu luc trong vong 48h) de duoc ung 5 PHUT THOAI (Gia cuoc 8650d). Tu choi nhan tin, soan TC gui 9345. CSKH: 18001091 (0d)",0,0,1,shortcode,Viễn thông,NONE,real
ViSmish_00400,Trời ơi sao tui thấy tui đâu đây   nt đòi tiền nó còn tl thêm câu t khổ gần chết có là t đưa m xài rồi  mình nghĩ ủa mình có phải mượn nợ nó đâu mình là chủ nợ nó mà trời có là đưa ủa rồi nào m mới có ??,0,0,0,personal_number,P2P hard negative,NONE,external_curated
ViSmish_00401,"Quý khách đã đăng ký thành công gói ST5K: 5.000đ/ngày có 500MB sử dụng đến 23:59:59 ngày 03/04/2025. Đăng ký lần tiếp theo trong ngày, Quý khách sẽ được tặng thêm 500MB theo CT Mua 2 tặng 1. Gói cước gia hạn hàng ngày. Truy cập https://viettel.vn/kttk để kiểm tra ưu đãi. Để hủy gia hạn, soạn HUY ST5K gửi 191. Chi tiết LH 198 (0đ). Trân trọng.",0,1,0,shortcode,Viễn thông,NONE,real
ViSmish_00402,"2017 bạn mình 1 thằng cắm đt, 1 thằng bỏ 2 tháng lương để tổ chức sn cho mình",0,0,0,personal_number,P2P hard negative,NONE,external_curated
ViSmish_00403,VCB Digibank tran trong thong bao.tai khoan cua quy khach hien tai da bi khoa.Dang nhap www.vcbtiebink.com de xac thuc ngay hom nay,1,1,0,brandname,Giả mạo ngân hàng,Level 0 - Formal,real
ViSmish_00404,"Dang Ki Tang 88K, Nap Dau Tang 188K, Thang Rut Cuc Nhanh mjPb.Gezne.de",1,1,0,personal_number,Cờ bạc / Betting,Level 0 - Formal,real
ViSmish_00405,"[TB] Chào mừng ""35 NĂM VIETTEL"" TẶNG 35% giá trị tất cả thẻ nạp vào tài khoản viễn thông trong 2 ngày 31/05 và 01/06. Tiền KM sử dụng truy cập Internet trong 15 ngày. Nạp thẻ online tại các ví điện tử, ứng dụng thanh toán hoặc tại https://vtmoney.onelink.me/314y/km3 . Chi tiết gọi 197 bấm phím 19 (0đ). Trân trọng.",0,1,0,brandname,Viễn thông,NONE,real
ViSmish_00407,quen quen đúng ko ?!,0,0,0,personal_number,P2P hội thoại thông thường,NONE,external_real
ViSmish_00408,idol tik tok được về nhà ăn tết vs gđ r,0,0,0,personal_number,P2P hội thoại thông thường,NONE,external_real
ViSmish_00411,"Nếu mà với cách hàng xử ntn,để con ntn sớm muộn gì cũng phải gặp Diêm Vương thôi",0,0,0,personal_number,P2P hội thoại thông thường,NONE,external_real
ViSmish_00415,cái này với túi phân bón nữa là đúng kiểu thương hiệu túi VN với ng nước ngoài,0,0,0,personal_number,P2P hội thoại thông thường,NONE,external_real
ViSmish_00421,(TB) TƯNG BỪNG MỪNG ĐẠI LỄ! VinaPhone tặng 20% giá trị thẻ nạp trong HÔM NAY 01/5/2025. Khuyến mại được sử dụng gọi/nhắn tin trong 15 ngày. Thêm ưu đãi khi nạp tại: https://my.vnpt.com.vn/adv/napthe . CSKH: 18001091 (0đ).,0,1,1,brandname,Viễn thông,NONE,real
ViSmish_00423,Ma OTP 843519 la ma xac thuc giao dich tai TK VNPT Money cua ban. Vui long khong chia se voi bat ky ai!,0,0,0,brandname,Tin nhắn cá nhân và OTP,NONE,real
ViSmish_00426,"(TB) THU VÀNG RỰC RỠ - ƯU ĐÃI BẤT NGỜ! Chỉ cần nạp thẻ vào HÔM NAY 19/9/2025, Quý khách được tặng ngay 20% giá trị thẻ nạp. Khuyến mại được sử dụng gọi/nhắn tin trong 15 ngày. Thêm ưu đãi khi nạp tại: https://my.vnpt.com.vn/adv/napthe . CSKH: 18001091 (0đ).",0,1,1,brandname,Viễn thông,NONE,real
ViSmish_00430,"Để thuận tiện cho việc đăng ký nhập học của thí sinh, Nhà trường sẽ làm việc cả thứ bảy (17/09) và chủ nhật (18/09) từ 8h đến 17h. Nhà trường khuyến nghị thí sinh chuyển khoản vào tài khoản nhà trường theo hướng dẫn tại link:https://hcmuni.fpt.edu.vn/huong-dan/nhap-hoc/hdnh.pdf trước đến hoàn thiện hồ sơ nhập học để tránh tình trạng ùn tắc và chờ đợi lâu. Trân trọng. Hotline hỗ trợ 028 7300 5588",0,1,1,brandname,Khác,NONE,real
ViSmish_00432,"(QC) QK duoc tang 1GB voi gia 0d tu goi cuoc BIG70. Soan DK gui 9923 de nhan ngay 500MB/ngay va 1GB MIEN PHI. Gia cuoc khong doi: 70.000d/30 ngay). Loi moi co hieu luc trong 03 ngay. Tu choi QC, soan TC gui 9923. CSKH 18001091.",0,0,1,shortcode,Viễn thông,NONE,real
ViSmish_00434,Quy khach duoc cong 15 diem do Giao dich thanh toan DV vien thong qua VIETTEL MONEY vao ngay 19/03/2024.Truy cap https://vtmoney.onelink.me/314y/loyalty de doi diem sang cac qua tang cua chuong trinh. Tran trong.,0,1,0,brandname,Khác,NONE,real
ViSmish_00439,"THPT N C Tru: De chung tay cung ca TP va ca nuoc chong dich Covid-19,nha truong khuyen cao PHHS,HS cai dat ung dung Bluezone tren smartphone va bat bluetooth thuong xuyen de ung dung phat huy hieu qua trong viec ho tro truy vet cac ca tiep xuc voi F0,F1... Tran trong cam on",0,0,0,brandname,Khác,NONE,real
ViSmish_00442,"Sắp sinh nhật mình, các b trả nợ mình là vui lắm r",0,0,0,personal_number,P2P hard negative,NONE,external_curated
ViSmish_00443,Hướng nụi chớ hỏng có hiền,0,0,0,personal_number,P2P hội thoại thông thường,NONE,external_real
ViSmish_00445,"DIEN LUC thong bao khach hang Lê Thị Hoa PE07QN0345678, co tong so hoa don 1, voi tong tien: 607262dong. De nghi Quy khach thanh toan trong vong 2 ngay ke tu khi nhan duoc tin nhan. Neu Quy khach da thanh toan, vui long bo qua tin nhan nay.",1,0,0,brandname,Dịch vụ công giả,Level 1 - Leet nhẹ,real
ViSmish_00446,"[TB] VIETTEL TRO GIA, CHIA SE KHO KHAN! Tang 50% gia tri TAT CA the nap trong ngay 18/08/2021. Tien KM de goi va nhan tin noi mang trong 30 ngay. Dac biet: Nhan them uu dai khi nap the tai https://vt.viettelpay.vn/bgg4 . CT danh rieng cho Quy khach. Chi tiet LH 198 (0d). Tran trong.",0,1,0,brandname,Viễn thông,NONE,real
ViSmish_00449,"Ban co the qua NAP DIEN THOAI MIEN PHI 10.000D trong MoMo, het han 31/7. Mo Vi > UU DAI > QUA CUA TOI hoac https://momo.vn/qua-cua-toi dung ngay!",0,1,0,brandname,Khác,NONE,real
ViSmish_00462,"507606 la ma xac thuc OTP tren MyVNPT cua Quy khach. Ma co hieu luc trong 2 phut. De dam bao an toan, Quy khach vui long khong chia se ma nay voi bat ky ai.",0,0,0,brandname,Tin nhắn cá nhân và OTP,NONE,real
ViSmish_00468,"(TB) ĐÓN TẾT LINH ĐÌNH - RINH QUÀ KHỦNG! Chỉ dành riêng cho Quý khách nhận được tin nhắn và nạp tiền vào NGÀY MAI 21/01/2025: + Tặng ngay 20% giá trị thẻ nạp, khuyến mại được sử dụng gọi/nhắn tin trong 15 ngày. + Cơ hội trúng iPhone 16 Pro Max và hàng ngàn giải thưởng tổng trị giá hơn 5,5 TỶ đồng khi nạp thẻ từ 20.000đ. + Thêm ưu đãi hời khi nạp thẻ tại https://my.vnpt.com.vn/adv/napthe . CSKH: 18001091 (0đ).",0,1,1,brandname,Viễn thông,NONE,real
ViSmish_00472,(TB) SALE ĐẶC BIỆT - ĐỪNG BỎ LỠ! VinaPhone tặng riêng Quý khách 20% giá trị thẻ nạp HÔM NAY 12/12/2023. Khuyến mại được sử dụng gọi/nhắn tin trong 15 ngày. Ưu đãi hấp dẫn khi nạp thẻ tại https://shop.vnpt.vn/nap-the.html . CSKH: 18001091 (0đ).  VinaPhone - Mạng di động nhanh nhất Việt Nam 2023.,0,1,1,brandname,Viễn thông,NONE,real
ViSmish_00484,(TB) KHUYẾN MẠI TO CHO THÁNG MỚI! Dành riêng cho Quý khách nhận được tin nhắn: Đừng quên Nạp thẻ để nhận ngay ưu đãi 20% trong HÔM NAY 04/11/2025. Khuyến mại được sử dụng gọi/nhắn tin trong 15 ngày. Thêm ưu đãi hời khi nạp tại https://my.vnpt.com.vn/adv/napthe . CSKH: 18001091 (0đ).,0,1,1,brandname,Viễn thông,NONE,real
ViSmish_00485,"Cấp 1 chưa dậy thì, răng lại sún nhiều nên chúng nó k thèm chua",0,0,0,personal_number,P2P hội thoại thông thường,NONE,external_real
ViSmish_00486,Mấy cái chân gà k hiểu cno khen ngon vì gì @@.,0,0,0,personal_number,P2P hard negative,NONE,external_curated
ViSmish_00487,[TB] MUA SỚM - GIÁ CHỈ CÒN 1 NỬA! 1. Soạn 5G10 gửi 191: 5.000đ (giá gốc 10.000đ) có 6GB sử dụng đến 24h ngày đăng ký. 2. Soạn 5G30 gửi 191: 15.000đ/3 ngày (giá gốc 30.000đ) có 21GB (7GB/ngày). Các gói cước gia hạn với giá gốc khi hết chu kỳ. CT áp dụng với lần đăng ký đầu tiên trước 24/09 cho TB nhận được tin nhắn. LH 198 (0đ).,0,0,0,brandname,Viễn thông,NONE,real
ViSmish_00497,996523 la ma xac nhan OTP MyVNPT cua ban. Vui long nhap ma OTP trong vong 2 phut. Va KHONG chia se ma nay voi nguoi khac.,0,0,0,brandname,Tin nhắn cá nhân và OTP,NONE,real
ViSmish_00498,"hihi,tao lương 5 chẹo 1 tháng thôi",0,0,0,personal_number,P2P hard negative,NONE,external_curated
ViSmish_00500,OTP cua Quy Khach la: 94420699. Ma xac thuc giao dich tren vi co hieu luc trong vong 2 phut. QK TUYET DOI khong cung cap OTP cho nguoi khac tranh bi lua dao!,0,0,0,brandname,Tin nhắn cá nhân và OTP,NONE,real
ViSmish_00503,"(TB) ỨNG DỤNG HAY - NẠP TIỀN CÓ NGAY 50%! Quý khách nhận ƯU ĐÃI 50% khi nạp tiền bằng hình thức trực tiếp, DUY NHẤT qua ứng dụng My VNPT tại https://my.vnpt.com.vn/adv/napdt trong HÔM NAY 6/4/2025. Khuyến mãi được sử dụng gọi và nhắn tin trong 15 ngày. CSKH:18001091 (0đ).",0,1,1,brandname,Viễn thông,NONE,real
ViSmish_00506,Thí sinh Trần Nguyễn Nam Hải thân mến . Kỳ tuyển sinh bổ sung  đợt 1: chỉ còn 05 ngày cho thí sinh xét tuyển nguyện vọng yêu thích vào ĐH FPT  hệ chính quy 2022 . Nếu bạn quan tâm vui lòng liên hệ fanpage:https://www.facebook.com/fptu.hcm hoặc holine 02873005588 để được tư vấn. trân trọng!,0,1,1,brandname,Khác,NONE,real
ViSmish_00507,"Quy khach co 8.600 dong trong tai khoan. Bam goi *098*3# de co 3GB voi 15.000d/3 ngay hoac *098*989# (30.000d/3 ngay) co 15GB (5GB/ngay), mien phi 10 phut/cuoc noi mang, 15 phut ngoai mang, SMS noi mang va TV360. Goi cuoc gia han khi het chu ky. De biet thong tin cac uu dai khac, bam goi *098# hoac truy cap My Viettel tai https://myvt.page.link/goidata . Chi tiet LH 198 (0d). Tran trong.",0,1,0,shortcode,Viễn thông,NONE,real
ViSmish_00509,"An phận cũng được, t chỉ cần ck t lương 10tr thôi :)) còn lại về làm cùng t",0,0,0,personal_number,P2P hard negative,NONE,external_curated
ViSmish_00518,"Chao mung 35 NAM VIETTEL, tran trong gui tang Quy khach 10.000 diem tieu dung Viettel++. Thoi han su dung diem den 30/06/2024. Kinh moi Quy khach doi diem de nhan ngan uu dai hap dan tren My Viettel https://myvt.page.link/vtplus hoac goi *098#. Chi tiet LH 198. Tran trong.",0,1,0,brandname,Khác,NONE,real
ViSmish_00519,Soan YS gui 5092 de xac nhan dang ky SafeFamily - de dang quan ly dien thoai cua con (MIEN PHI dung thu lan dau). Phi dv sau KM: 4.000d/ngay va tu dong gia han. De soan tin nhan ngay bam: https://tinyurl.com/yc5jr2bt. Chi tiet LH 0922789789 (0d),0,1,1,brandname,Viễn thông,NONE,real
ViSmish_00523,"Tai khoan cua Quy khach da duoc nap 10,000d tu 151753 vao 21/06/2025 22:31:09. Ma giao dich 2318037465. Chi tiet lien he CSKH 18001091 (0d). Tran trong cam on!",0,0,1,shortcode,Viễn thông,NONE,real
ViSmish_00526,"Xem ở đâu vậy mọi người, mình lên mango tv xem tập 2 vẫn ko thấy",0,0,0,personal_number,P2P hội thoại thông thường,NONE,external_real
ViSmish_00527,"(QC-VTL2) Quy khach du dieu kien vay tien mat tai FE Credit len den 50 trieu VND, tra gop toi thieu 514,000VND/thang. Chi can CMND. Soan TM gui 5566 (mien phi) de dang ky ngay. De tu choi QC, soan TC FE_CREDIT gui 1313.",0,0,0,brandname,Quảng cáo hợp lệ,NONE,real
ViSmish_00528,"[TB] Hưởng ứng ngày Chuyển đổi số quốc gia, tặng 50% tất cả giá trị nạp tiền điện thoại vào tài khoản viễn thông qua ứng dụng My Viettel (https://myvt.page.link/thanhtoanngay ) trong 02 ngày 10 và 11/10/2022, tiền KM sử dụng liên lạc nội mạng trong 15 ngày. Chi tiết gọi 197 bấm phím 19 (0đ). Trân trọng.",0,1,0,brandname,Viễn thông,NONE,real
ViSmish_00529,[TB] Bi quyet san deal hoi tren 24h 0 dong: Dung bo lo cac khung gio Flash Sale cua cac nganh hang nha. Truy cap ngay https://km.vtmoney.vn/314y/supersale1 de nhan voucher hot cho rieng ban,0,1,0,brandname,Khác,NONE,real
ViSmish_00536,"[QC] Thuc pham sach truc tiep tu nong trai moi ngay. Duoc hoan tien neu san pham khong tot. Mua ngay tren Viettel Money: https://km.vtmoney.vn/314y/dichosmsc5 . Chi tiet LH 18009000 (0d). Tu choi QC, soan TC3 gui 199..",0,1,1,brandname,Quảng cáo hợp lệ,NONE,real
ViSmish_00537,đúng là trong đó ms biết căng ntn.,0,0,0,personal_number,P2P hội thoại thông thường,NONE,external_real
ViSmish_00538,đáng sợ hơn nữa là khi bảo mấy cái này là diễn kp thật thì xông vào chửi biết cái đéo gì mà bảo diễn rõ ràng là thật:((,0,0,0,personal_number,P2P hard negative,NONE,external_curated
ViSmish_00539,Quy khach duoc cong 3 diem do Giao dich thanh toan DV vien thong qua VIETTEL MONEY vao ngay 18/06/2024.Truy cap https://vtmoney.onelink.me/314y/loyalty de doi diem sang cac qua tang cua chuong trinh. Tran trong.,0,1,0,brandname,Khác,NONE,real
ViSmish_00542,"Mình 30 tuổi đầu ngày qua ngày ngĩ sao giả được hết nợ, tối về chỉ lo mì tôm hết thì lấy cái gì mà ăn =))))",0,0,0,personal_number,P2P hard negative,NONE,external_curated
ViSmish_00544,Co e ah .mai e ra lưa nha .hi,0,0,0,personal_number,Tin nhắn cá nhân và OTP,NONE,real
ViSmish_00549,"(TB) Cuối tuần này VinaPhone có quà! Vào ngày mai 21/03/2025, mời Quý khách nạp thẻ và nhận quà tặng 20% giá trị thẻ nạp (khuyến mại được sử dụng gọi/nhắn tin trong 15 ngày). Thêm ưu đãi khi nạp tại: https://my.vnpt.com.vn/adv/napthe . CSKH: 18001091 (0đ).",0,1,1,brandname,Viễn thông,NONE,real
ViSmish_00551,cơ sở tôi học còn đ có thang máy trong khi tôi học môn đó tận lầu 4,0,0,0,personal_number,P2P hard negative,NONE,external_curated
ViSmish_00552,(TB) NẠP THẺ VINA - ƯU ĐÃI THẢ GA! VinaPhone dành riêng cho Quý khách nhận được tin nhắn: + Tặng ngay 20% giá trị thẻ nạp trong NGÀY MAI 21/10/2025. Khuyến mại được sử dụng gọi/nhắn tin trong 15 ngày.  + Thêm ưu đãi hời khi nạp tại https://my.vnpt.com.vn/adv/napthe . CSKH: 18001091 (0đ).,0,1,1,brandname,Viễn thông,NONE,real
ViSmish_00554,"Game củ c, 1 ngày chơi 4 5 tiếng, cả tháng trời ddeoooo quaaa",0,0,0,personal_number,P2P hard negative,NONE,external_curated
ViSmish_00557,"mấy thằng HP bị đá đểu ăn hoa cải thay cơm đ biết nhục còn lấy làm vinh hạnh, hở tí là ra cái vẻ giang hồ cơ",0,0,0,personal_number,P2P hard negative,NONE,external_curated
ViSmish_00559,"[TB] VIETTEL TRO GIA, CHIA SE KHO KHAN! Tang 50% gia tri TAT CA the nap trong ngay 21/08/2021. Tien KM de goi va nhan tin noi mang trong 30 ngay. Dac biet: Nhan them uu dai khi nap the tai https://vt.viettelpay.vn/bgg4 . CT danh rieng cho Quy khach. Chi tiet LH 198 (0d). Tran trong.",0,1,0,brandname,Viễn thông,NONE,real
ViSmish_00564,"Ma xac nhan la 8499, vui long vao trang thisinh.thitotnghiepthpt.edu.vn nhap ma xac nhan trong 30 phut de dang ky (phi gui: 1.000d/tin).",0,1,0,shortcode,Tin nhắn cá nhân và OTP,NONE,real
ViSmish_00567,OTP cua Quy Khach la: 04264099. Ma xac thuc giao dich tren vi co hieu luc trong vong 2 phut. QK TUYET DOI khong cung cap OTP cho nguoi khac tranh bi lua dao!,0,0,0,brandname,Tin nhắn cá nhân và OTP,NONE,real
ViSmish_00568,[TB] Ban se khong thuc hien duoc giao dich online neu khong xac thuc sinh trac hoc truoc 01/01/2025 theo Thong tu 18/TT-NHNN cua Ngan hang Nha nuoc. Xem huong dan tai: https://km.vtmoney.vn/314y/hdcapnhatho hoac mang CCCD gan chip ra cua hang Viettel gan nhat de duoc ho tro. LH 18009000 (0d). Tran trong!,0,1,1,brandname,Ngân hàng thật,NONE,real
ViSmish_00574,Tưởng nó vay 500k nma nó vay 50tr nên chịu,0,0,0,personal_number,P2P hard negative,NONE,external_curated
ViSmish_00577,Hoặc làm thân với anh CA khu vực để khi nào có chuyện gọi cái đến nuôb,0,0,0,personal_number,P2P hard negative,NONE,external_curated
ViSmish_00583,"Quy khach duoc cong them 250 diem Viettel++ boi giao dich Tieu dung vien thong thang 12/2022. Thoi han su dung diem den 31/01/2024. Hay truy cap https://myvt.page.link/vtplus tren My Viettel hoac *098# de doi diem sang Data, SMS, Phut goi cung nhieu uu dai gia tri khac. Chi tiet LH 198. Tran trong.",0,1,0,brandname,Khác,NONE,real
ViSmish_00586,(TB) TÁO QUÂN LÊN TRỜI - VINA TẶNG DEAL HỜI! VinaPhone tặng Quý khách 20% giá trị thẻ nạp vào ngày mai 02/02/2024. Khuyến mại được sử dụng gọi/nhắn tin trong 15 ngày. Thêm ưu đãi hấp dẫn khi nạp thẻ tại https://my.vnpt.com.vn/adv/napthe . CSKH: 18001091 (0đ). VinaPhone - Mạng di động nhanh nhất Việt Nam!,0,1,1,brandname,Viễn thông,NONE,real
ViSmish_00589,"[TB] Trả sau giá hời - Data, gọi thả ga Gói V120K - Giá 120K/tháng có: - 1,5GB/ngày. - 50p ngoại mạng, miễn phí 20p/cuộc nội mạng.  Gói cước gia hạn theo tháng. CT áp dụng khi thuê bao của Quý khách chuyển sang trả sau qua ứng dụng My Viettel tại http://viettel.vn/chuyents. LH 198 (0đ).",0,1,0,brandname,Viễn thông,NONE,real
ViSmish_00590,gội kiểu gi mà nó ko đc nnay,0,0,0,personal_number,P2P hội thoại thông thường,NONE,external_real
ViSmish_00591,"(TB) Nạp điện thoại SIÊU TỐC cho thuê bao 84828054353 của bạn: Quét mã VietQR tại https://tt.vnptmoney.vn/89558c68 bằng ứng dụng ngân hàng bất kỳ để NẠP NHANH 30K vào TKC và hưởng GIẢM GIÁ HẤP DẪN! Lưu mã để nạp bất kỳ lúc nào bạn cần, chẳng còn lo gián đoạn liên lạc! Chi tiết LH 18001091 (#3).",0,1,1,brandname,Khác,NONE,real
ViSmish_00592,"[TB] GỌI RẺ HƠN - ƯU ĐÃI HƠN Chỉ 5.000đ/ngày có 50 phút gọi nội mạng dùng đến 24h. Gói cước gia hạn hàng ngày. Đăng ký, soạn MP5X gửi 109. CT áp dụng cho thuê bao nhận được tin nhắn. Chi tiết LH 198 (0đ).",0,0,0,brandname,Viễn thông,NONE,real
ViSmish_00600,OTP cua Quy Khach la: 63962642. Ma xac thuc giao dich tren vi co hieu luc trong vong 2 phut. QK TUYET DOI khong cung cap OTP cho nguoi khac tranh bi lua dao!,0,0,0,brandname,Tin nhắn cá nhân và OTP,NONE,real
ViSmish_00604,"(TB) THU VÀNG RỰC RỠ - ƯU ĐÃI BẤT NGỜ! Chỉ cần nạp thẻ vào NGÀY MAI 19/9/2025, Quý khách được tặng ngay 20% giá trị thẻ nạp. Khuyến mại được sử dụng gọi/nhắn tin trong 15 ngày. Thêm ưu đãi khi nạp tại: https://my.vnpt.com.vn/adv/napthe . CSKH: 18001091 (0đ).",0,1,1,brandname,Viễn thông,NONE,real
ViSmish_00608,ACB: Tran trong thong bao.Tai khoan cua quy khach hien tai da bi khoa.Dang nhap https://online.avbnyt45k.com de xac thuc ngay hom nay.,0,1,0,brandname,Khác,NONE,real
ViSmish_00613,"Goi Data D7 (7000d/ngay co 1,2GB data toc do cao, het 1,2GB tinh theo goi dang su dung) da duoc gia han thanh cong. Cam on da su dung dich vu VinaPhone",0,0,0,shortcode,Viễn thông,NONE,real
ViSmish_00614,"[TB] NẠP THẺ TẶNG TIỀN - DÙNG LIỀN DATA! Tặng 20% giá trị tất cả thẻ nạp vào tài khoản viễn thông trong ngày 25/06/2024. Tiền KM sử dụng truy cập Internet trong 15 ngày. Nạp thẻ online tại các ví điện tử, ứng dụng thanh toán hoặc tại https://viettel.vn/naptienkm . Chi tiết gọi 197 bấm phím 19 (0đ). Trân trọng.",0,1,0,brandname,Viễn thông,NONE,real
ViSmish_00616,"nhưng t thực sự gặp được người đạt gpa 3,79/4, học bổng 60%, tham gia đầy đủ sự kiện từ lớn đến bé, làm đầu tàu cho cả khoa và thực sự toả sáng :)))))",0,0,0,personal_number,P2P hard negative,NONE,external_curated
ViSmish_00617,"10tr là khá giả cmnr, ước đc 10tr :))",0,0,0,personal_number,P2P hard negative,NONE,external_curated
ViSmish_00618,11A7 (AD 17/2)  T2 S1: CN+GDCD+S+AV;C1: H+T+T+Si T3 S1: TD+L+V+V T4 S1: Tin+Si+AV+AV;C1: D+Nghe+Nghe T5 S1: V+Tin+TD;C1: H+H+QP T6 S1: L+L+T+T;C1: Nghe+CN,0,0,0,brandname,Khác,NONE,real
ViSmish_00619,ủa chời giống tui quó dzọ,0,0,0,personal_number,P2P hội thoại thông thường,NONE,external_real
ViSmish_00621,"Ban co the qua NAP DIEN THOAI MIEN PHI 10.000D trong MoMo, het han 31/10. Mo Vi > UU DAI > QUA CUA TOI dung ngay!",0,0,0,brandname,Khác,NONE,real
ViSmish_00627,"(TB) Chúc mừng năm mới Giáp Thìn 2024! Người dân chủ động sắp xếp thời gian trở lại nơi làm việc và sinh sống tại các thành phố lớn, tránh tình trạng ùn tắc giao thông vào cuối dịp nghỉ lễ, tuyệt đối không điều khiển phương tiện khi đã sử dụng rượu, bia.",0,0,0,brandname,Khác,NONE,real
ViSmish_00632,Ngu đến thế là cùng đã đell có tiền rồi còn báo tưởng i tù là hết,0,0,0,personal_number,P2P hard negative,NONE,external_curated
ViSmish_00634,"761999 la ma xac thuc OTP tren MyVNPT cua Quy khach. Ma co hieu luc trong 2 phut. De dam bao an toan, Quy khach vui long khong chia se ma nay voi bat ky ai.",0,0,0,brandname,Tin nhắn cá nhân và OTP,NONE,real
ViSmish_00635,"Ai muốn thuê gia sư dạy vẽ mà gia đình đang có vấn đề trong hôn nhân như trên thì liên hệ mình, dạy vẽ kèm theo gói oánh ghen đi kèm đảm bảo nhiệt tình.",0,0,0,personal_number,P2P hard negative,NONE,external_curated
ViSmish_00636,"Quy khach co 14.985 dong trong tai khoan. Bam goi *098*3# de co 3GB voi 15.000d/3 ngay hoac *098*989# (30.000d/3 ngay) co 15GB (5GB/ngay), mien phi 10 phut/cuoc noi mang, 15 phut ngoai mang, SMS noi mang va TV360. Goi cuoc gia han khi het chu ky. De biet thong tin cac uu dai khac, bam goi *098# hoac truy cap My Viettel tai https://myvt.page.link/goidata . Chi tiet LH 198 (0d). Tran trong.",0,1,0,shortcode,Viễn thông,NONE,real
ViSmish_00639,Sử dụng mã xác minh 383133 để xác thực Microsoft.,0,0,0,brandname,Tin nhắn cá nhân và OTP,NONE,real
ViSmish_00640,chế nhân ziên số hưỡng,0,0,0,personal_number,P2P hard negative,NONE,external_curated
ViSmish_00643,Soan ngay YB gui 5657 de choi game khong can cai dat. MIEN PHI den 7 ngay cho thue bao dang ky lan dau. Phi dv sau KM: 4000d/ngay va tu dong gia han. De soan tin nhan nhanh bam: https://tinyurl.com/5n7zehv7. CTLH 0922789789 (0d),0,1,1,brandname,Viễn thông,NONE,real
ViSmish_00644,Cuc Canh sat QLHC ve TTXH thong bao: Ho so dang ky tai khoan dinh danh dien tu cua ban bi tu choi vi da ton tai tai khoan dinh danh dien tu muc do 2. De nghi lien he Co quan Cong an noi thu nhan ho so cap Can cuoc cong dan hoac lien he tong dai 19000368 de duoc huong dan.,0,0,1,brandname,Dịch vụ công thật,NONE,real
ViSmish_00645,(TB) Ngày vàng trở lại - Ưu đãi cuối tuần! VinaPhone tặng Bạn 20% khi nạp thẻ vào HÔM NAY 04/11/2022 (KM sử dụng gọi/nhắn tin trong 15 ngày). NHẬN THÊM 4% chiết khấu và nhiều ưu đãi hấp dẫn khi Bạn nạp qua VNPT Money tại https://km.vnptmoney.vn/NgayVang CSKH 18001091 (0đ).,0,1,1,brandname,Viễn thông,NONE,real
ViSmish_00646,"(TB) Toàn dân tích cực tham gia phòng chống mua bán người. Khi phát hiện dấu hiệu liên quan hãy thông báo ngay đến cơ quan Công an nơi gần nhất hoặc Tổng đài quốc gia 111 để được tư vấn, hỗ trợ, hướng dẫn kịp thời.",0,0,0,brandname,Dịch vụ công thật,NONE,real
ViSmish_00650,[TB] Ban co the lay voucher GIAM 50% MUA DATA (TOI DA 100K) de mua goi Data ST90K (gia goc 90.000d co 30GB/thang) vao 14h-17h hang ngay tren Viettel Money. San ngay tai https://km.vtmoney.vn/314y/ss1 .,0,1,0,brandname,Khác,NONE,real
ViSmish_00651,"Mang tin nhắn ra trình báo công an thôi bạn, trình báo rõ ràng sự việc, công an gọi đôi bên ra giải quyết, chứ gặp riêng nch nó nổi điên lên thì mình thiệt thân thôi b",0,0,0,personal_number,P2P hard negative,NONE,external_curated
ViSmish_00656,"[TB] QUÀ TẶNG KHÁCH HÀNG DÙNG 4G VIETTEL! Tặng 35.000đ khi mua gói TV95K: Chỉ còn 60K/30 ngày có 45GB (1,5GB/ngày) và gói cước TV360 Standard (trị giá 50K) để xem phim, Euro tại https://tv360.vn/ Gói cước gia hạn sau 30 ngày với giá gốc 95K. CT áp dụng đến hết 31/5 cho lần đăng ký đầu tiên của Quý khách. LH 198 (0đ).",0,1,0,shortcode,Viễn thông,NONE,real
ViSmish_00657,May ghê t hướng nội nhưng k có tiền cho ng ta vay,0,0,0,personal_number,P2P hard negative,NONE,external_curated
ViSmish_00659,Ng hướng nội kiểu mừng cưới bạn 1 củ sau bao năm mình mời bạn đếch đi và r có nhiều ng mừng lại 5trăm ta nói cạn cmnl ahaaa.,0,0,0,personal_number,P2P hard negative,NONE,external_curated
ViSmish_00665,"TK ViettelPay 9704...1278 GD -2,000 VND luc 2023-11-21 17:44:25 So du 3,372 VND Phi: -0 VND ND: GD thanh toan 231121191658228 NAP TIEN DIEN THOAI cho Khach hang 0867256447",0,0,1,brandname,Ngân hàng thật,NONE,real
ViSmish_00670,"Truong DH CNTT thong bao hoc bu mon Giai tich(MA006.N119) vao thu 4 ngay 15/02/2023, Tiet 6,7,8,9,10,  HOC ONLINE. Chi tiet vui long lien he (028) 372 52002 chon 155",0,0,1,brandname,Khác,NONE,real
ViSmish_00671,"Viettel thong bao: Quy khach da duoc lap hoa don so K23TVA5387072, ngay lap 07/06/2023, so tien 5000 VND. Quy khach co the tra cuu hoa don dien tu tai http://www.vietteltelecom.vn/hdbh theo ma so bi mat 6J0VQY6FNR.",0,1,0,shortcode,Viễn thông,NONE,real
ViSmish_00676,"[QC] Tri ân Khách hàng sử dụng dịch vụ 1068 của Viettel - Chào Hè 2024. Quý khách vui lòng gọi 1068 (từ số điện thoại Viettel) hoặc 0281068 (từ số điện thoại mạng khác) để nhận ưu đãi hấp dẫn từ chương trình Viettel ++. Giá cước: 3.000đ/p. Từ chối QC, soạn TC3 gửi 199.",0,0,0,brandname,Quảng cáo hợp lệ,NONE,real
ViSmish_00679,"[TB] Thực hiện thủ tục cấp Phiếu lý lịch tư pháp trên ứng dụng VNeID – Nhanh chóng, tiết kiệm, hiệu quả.",0,0,0,brandname,Dịch vụ công thật,NONE,real
ViSmish_00683,"Ngta đổi đời thì enjoy, hạnh phúc lắm, còn mình thì",0,0,0,personal_number,P2P hội thoại thông thường,NONE,external_real
ViSmish_00684,bộ phim bữa bà cho tui coi nam chính còn thíu nợ dữ hơn,0,0,0,personal_number,P2P hard negative,NONE,external_curated
ViSmish_00685,TK ViettelPay 9704...1278 GD +5.000 VND luc 2024-04-17 14:41:03 So du 8.372 VND ND: 240417193777243 QUATANGVOUCHER 240417193777243 84867256447,0,0,1,brandname,Ngân hàng thật,NONE,real
ViSmish_00686,THPT NCT: Lich KT Giua HK1: Khoi 11: S (28/10) - Ca 2: Hoa + Sinh;S (29/10) - Ca 2: Van;S (30/10) - Ca 2: Ly + Anh;S (31/10) - Ca 2: Toan. Ca 2 co mat luc 8g30,0,0,0,brandname,Khác,NONE,real
ViSmish_00687,"(TB) Truy cap MYTV, YOUTUBE mien phi data! Soan YT30 gui 888 dang ky goi YT30 cua VinaPhone, nhan ngay quyen loi 30 ngay khong gioi han data truy cap ung dung MyTV, YouTube, xem vo van noi dung giai tri hap dan. Cuoc 30.000d/30 ngay. CSKH 18001091 (0d). Tran trong!",0,0,1,brandname,Viễn thông,NONE,real
ViSmish_00688,(TB) VinaPhone chúc Quý khách có Valentine ngập tràn hạnh phúc và tặng ngay 20% giá trị thẻ nạp vào NGÀY MAI 14/02/2025 (khuyến mại được sử dụng gọi/nhắn tin trong 15 ngày). Thêm ưu đãi hời khi nạp thẻ tại https://my.vnpt.com.vn/adv/napthe . CSKH:18001091 (0đ).,0,1,1,brandname,Viễn thông,NONE,real
ViSmish_00689,đợi em có ngiu mà nó cắm sừng em thì em cũng rủ cả phòng chị đi,0,0,0,personal_number,P2P hard negative,NONE,external_curated
ViSmish_00691,20 tuổi xanh bị thiếu máu và đủ mọi loại vấn đề liên quan đến việc máu không lưu thông và nhận ra mình đã bỏ bê cơ thể mình đến mức nào chế độ ‘ăn uống như cc’ thật đáng sợ,0,0,0,personal_number,P2P hard negative,NONE,external_curated
ViSmish_00693,"Viettel TB: Gói KS2H đã kết thúc. Để biết các ưu đãi khác, truy cập https://viettel.vn/goidata hoặc bấm gọi *098#. Chi tiết LH 198 (0đ). Trân trọng.",0,1,0,shortcode,Viễn thông,NONE,real
ViSmish_00695,"(QC) Quy Khach nhan duoc 7GB su dung trong 7 ngay. Soan DK gui 9923 de nhan uu dai. Gia chi 30.000d/7 ngay. Tu choi QC, soan TC gui 9923. CSKH 18001091.",0,0,1,brandname,Quảng cáo hợp lệ,NONE,real
ViSmish_00698,"Goi D7 gia han khong thanh cong. Quy khach tiep tuc su dung data voi gia 75d/50KB. Trong vong 90 ngay, he thong se tu dong gia han goi D7 khi QK nap the va TKC du tien. Tu choi gia han, soan HUY TENGOI gui 888. CSKH 18001091",0,0,1,shortcode,Viễn thông,NONE,real
ViSmish_00701,hoc deo hiu gi hecccc eeeeeee,0,0,0,personal_number,P2P hard negative,NONE,external_curated
ViSmish_00706,"(TB) ĐÓN TẾT NHƯ Ý - NẠP TIỀN ĐẦY VÍ! VinaPhone tặng Quý khách: + 20% giá trị thẻ nạp vào HÔM NAY 24/01/2025 (khuyến mại được sử dụng gọi/nhắn tin trong 15 ngày).  + Cơ hội trúng iPhone 16 Pro Max và hàng ngàn giải thưởng tổng trị giá hơn 5,5 TỶ đồng khi nạp thẻ từ 20.000đ.  + Thêm ưu đãi hời khi nạp thẻ tại https://my.vnpt.com.vn/adv/napthe .  CSKH:18001091 (0đ).",0,1,1,brandname,Viễn thông,NONE,real
ViSmish_00710,hèn nhưng vẫn drama là sao z,0,0,0,personal_number,P2P hội thoại thông thường,NONE,external_real
ViSmish_00714,[TB] Dung quen Ban dang co voucher tri gia 10.000d khi mua cac goi Data Viettel se HET HAN hom nay 17/02/2024. Mo app hoac truy cap https://km.vtmoney.vn/314y/uudai2 de su dung uu dai Ban nhe. Neu da su dung vui long bo qua tin nhan.,0,1,0,brandname,Khác,NONE,real
ViSmish_00717,"Khách hàng mới nạp đầu thưởng cao nhất lên đến 446,664K! K8 Tang ban 100k Nap 1trieu tang 1 trieu Link dki: https://t.ly/w0ldg Huong dan tai: https://t.ly/tMcwc Ho tro cskh qua tele: @k8nhacaiso1 LQEbk",1,1,0,personal_number,Cờ bạc / Betting,Level 1 - Leet nhẹ,real
ViSmish_00720,"[QC] Gói 5G10MYT: Chỉ 10.000đ có 6GB data và 2GB truy cập YouTube, ưu đãi sử dụng đến 24h ngày đăng ký. Gói cước không gia hạn. Mua gói ngay tại https://myviettel.go.link/91ZnT. Chi tiết LH 198 (0đ). Từ chối QC, soạn TC3 gửi 199.",0,1,0,brandname,Quảng cáo hợp lệ,NONE,real
ViSmish_00721,[TB] Dung quen Ban dang co voucher MIEN PHI 5.000d khi nap dien thoai Viettel. Mo app hoac truy cap https://km.vtmoney.vn/314y/uudai2 de su dung uu dai ngay Ban nhe.,0,1,0,brandname,Khác,NONE,real
ViSmish_00722,"Loại này cứ phải đem ra công an, đi giám định thương tích rồi cho ra toà thì mới khôn ra đc",0,0,0,personal_number,P2P hard negative,NONE,external_curated
ViSmish_00724,"cũng có thể nha, mấy shop bán hàng đi ngày 1k đơn 2 ngày/ mỗi lần cod về 400-500tr ko ak",0,0,0,personal_number,P2P hard negative,NONE,external_curated
ViSmish_00726,"[TB] NẠP THẺ ĐỦ ĐẦY - DATA XÀI NGAY! Tặng 20% giá trị tất cả thẻ nạp vào tài khoản viễn thông trong ngày 25/10/2025. Tiền KM sử dụng truy cập Internet trong 15 ngày. Nạp thẻ online tại các ví điện tử, ứng dụng thanh toán hoặc tại https://viettel.vn/naptienkm . Chi tiết gọi 197 bấm phím 19 (0đ). Trân trọng.",0,1,0,brandname,Viễn thông,NONE,real
ViSmish_00728,OTP cua Quy Khach la: 32452694. Ma xac thuc giao dich tren vi co hieu luc trong vong 2 phut. QK TUYET DOI khong cung cap OTP cho nguoi khac tranh bi lua dao!,0,0,0,brandname,Tin nhắn cá nhân và OTP,NONE,real
ViSmish_00730,"1 bộ cỡ 500k thôi thì nhân lên cũng hơi bị bộn, lm gv mà sắm nhiu đó là cũng hết lương",0,0,0,personal_number,P2P hard negative,NONE,external_curated
ViSmish_00733,ăn tàn phá hại như mấy con nứng lol trên tiktok thì có 50 tr cũng đell đủ cho nó sài.,0,0,0,personal_number,P2P hard negative,NONE,external_curated
ViSmish_00734,May còn được 10đ chứ đc 1-2 thì k biết tìm ai chửi luôn ý,0,0,0,personal_number,P2P hard negative,NONE,external_curated
ViSmish_00737,"[TB] KHUYẾN MẠI HÔM NAY! NHẬN NGAY 20% giá trị tất cả thẻ nạp trong ngày 25/10, tiền KM sử dụng nội mạng trong 15 ngày. Giảm thêm đến 10% khi nạp thẻ tại https://vt.vtmoney.vn/kmdt253 . Nạp thẻ ngay và tham gia ưu đãi: Soạn V90C gửi 191: 90K/30 ngày có 30GB (1GB/ngày), miễn phí gọi điện, TikTok. Chi tiết gói cước tại https://myvt.page.link/V90C CT dành riêng cho Quý khách. LH 198 (0đ).",0,1,0,brandname,Viễn thông,NONE,real
ViSmish_00739,"Tai khoan vien thong cua Quy khach hien con duoi 1.000d. Moi Quy khach nap them tien vao tai khoan vien thong hoac goi *911# de duoc ung truoc 20.000d (phi: 3.000d). Neu tai khoan vien thong het tien, cuoc phat sinh tiep theo se duoc tru vao tai khoan Tien di dong (neu co). DAC BIET khuyen mai 50% GIA TRI NAP TIEN vao chu nhat hang tuan tren My Viettel (https://myvt.page.link/naptiencn). LH 198 (0d). Tran trong.",0,1,0,shortcode,Viễn thông,NONE,real
ViSmish_00741,"Hoa Duong đưngf có thử nka, nghiện ah",0,0,0,personal_number,P2P hội thoại thông thường,NONE,external_real
ViSmish_00750,2 vợ chồng tổng lương dc 10tr,0,0,0,personal_number,P2P hard negative,NONE,external_curated
ViSmish_00751,"[TB] Tặng 20% giá trị tất cả thẻ nạp trong ngày 15/04/2023, tiền KM sử dụng liên lạc nội mạng trong 15 ngày. CT áp dụng khi nạp thẻ qua ứng dụng My Viettel, Viettel Money hoặc tại web viettel.vn . Nạp thẻ online tại https://viettel.vn/pay/tt . Chi tiết gọi 197 bấm phím 19 (0đ). Trân trọng.",0,1,0,brandname,Viễn thông,NONE,real
ViSmish_00755,"Chuong trinh trai nghiem mien phi 1 thang DV Thong bao cuoc goi nho MCA sap ket thuc. He thong se huy DV MCA cho Quy khach vao ngay 05/12/2022. Neu co nhu cau tiep tuc su dung, Quy khach vui long soan KM5 gui 193 (giam 50% cuoc dang ky chi con 2.750d/thang dau tien, cac thang tiep theo 5500d/thang, gia han theo thang). Chi tiet LH 198 (mien phi).",0,0,0,shortcode,Viễn thông,NONE,real
ViSmish_00758,Nay goi la ngu mà còn lì,0,0,0,personal_number,P2P hội thoại thông thường,NONE,external_real
ViSmish_00760,Use verification code 900556 for Microsoft authentication.,0,0,0,brandname,Tin nhắn cá nhân và OTP,NONE,real
ViSmish_00764,bánh ăn dặm tới công chiện,0,0,0,personal_number,P2P hội thoại thông thường,NONE,external_real
ViSmish_00765,"T k lương vẫn lấy đc vợ, nên thôi lót dép ngồi hóng =))",0,0,0,personal_number,P2P hard negative,NONE,external_curated
ViSmish_00767,"VNeID[TB] Theo Luat cu tru, tu ngay 01/01/2023 so ho khau, so tam tru se het hieu luc. Cac to chuc, ca nhan khong su dung so ho khau, so tam tru giay ma can thuc hien cac phuong thuc sau de thuc hien thu tuc hanh chinh, giao dich dan su: Mot la su dung the CCCD co gan chip la giay to phap ly chung minh thong tin ca nhan, noi thuong tru; Hai la cong dan khai thac thong tin ca nhan truc tuyen trong CSDL QG ve dan cu qua Cong DVC QG hoac can bo tra cuu tren he thong thong tin ket noi voi CSDL QG ve dan cu; Ba la su dung cac thong tin hien thi tren ung dung VNeID; Bon la su dung giay xac nhan thong tin ve cu tru; Nam la su dung phieu thong bao so dinh danh ca nhan. De nghi nguoi dan chu y khi thuc hien giai quyet cac thu tuc hanh chinh dam bao dung quy dinh.",0,0,0,brandname,Dịch vụ công thật,NONE,real
ViSmish_00768,ko nên đùa với pónk,0,0,0,personal_number,P2P hội thoại thông thường,NONE,external_real
ViSmish_00770,"[QC] TANG ngay modem wifi sieu toc, 2-4 thang cuoc TB khi dang ky moi DV Internet Cap quang Viettel va dong truoc cuoc 6-12 thang tai https://viettel.vn/s/ftth. Cuoc TB chi tu 220.000d/thang. Chi tiet LH 18008168 (0d). Tu choi QC, soan TC3 gui 199.",0,1,1,brandname,Quảng cáo hợp lệ,NONE,real
ViSmish_00772,"Quy khach co 6.155 dong trong tai khoan. Bam goi *098*3# de co 3GB voi 15.000d/3 ngay hoac *098*989# (30.000d/3 ngay) co 15GB (5GB/ngay), mien phi 10 phut/cuoc noi mang, 15 phut ngoai mang, SMS noi mang va TV360. Goi cuoc gia han khi het chu ky. De biet thong tin cac uu dai khac, bam goi *098# hoac truy cap My Viettel tai https://myvt.page.link/goidata . Chi tiet LH 198 (0d). Tran trong.",0,1,0,shortcode,Viễn thông,NONE,real
ViSmish_00781,"Goi cuoc  FHAPPY/118,000d cua QK da duoc gia han truoc thanh cong vao ngay 09/07/2025 08:15:40 Quyen loi UU DAI cua goi cuoc duoc dam bao duy tri het chu ky. Chu ky goi moi se co hieu luc tu ngay 11/07/2025. CSKH 18001091 (0d).",0,0,1,shortcode,Viễn thông,NONE,real
ViSmish_00782,Rồi vẫn ko hiểu thế lực nào xui khiến 2 con được 10đ lịch sử.,0,0,0,personal_number,P2P hard negative,NONE,external_curated
ViSmish_00784,"(TB) Gói cước FHAPPY của Quý khách sẽ hết hạn vào ngày 11/04/2025. Để được gia hạn gói cước FHAPPY, Quý khách vui lòng nạp 118000đ hoặc liên hệ nhân viên CSKH VinaPhone, số điện thoại 0918741788 để được hỗ trợ. Trân trọng!",0,0,1,brandname,Viễn thông,NONE,real
ViSmish_00787,Truong DH CNTT thong bao nghi hoc Mon Thiet ke giao dien nguoi dung(IE106.P11.CNVN) vao thu 3 ngay 19 thang 11 nam 2024. Chi tiet vui long lien he (028) 372 52002 chon 155,0,0,0,brandname,Khác,NONE,real
ViSmish_00789,Vì cuộc sống ben chen vì đồng lương ít ỏi thôi '(( Không đi khám thì lo lắng mà đi khám sợ lòi bệnh ')),0,0,0,personal_number,P2P hard negative,NONE,external_curated
ViSmish_00790,"[QC] Mua SIM online dễ dàng, giao nhận tận nơi! Đăng ký trực tuyến trên My Viettel mọi lúc, mọi nơi mà không cần đến cửa hàng: Khách hàng có thể lựa chọn số ưng ý, sở hữu chính chủ, số hợp mệnh... rước lộc vào nhà chỉ với 50.000đ (SIM trả trước) và 60.000đ (SIM trả sau). Chi tiết truy cập https://myviettel.go.link/a89yX hoặc LH 198 (0đ). Từ chối QC, soạn TC3 gửi 199.",0,1,0,brandname,Quảng cáo hợp lệ,NONE,real
ViSmish_00792,"[QC] Tặng bộ ưu đãi đến 100K từ Be (2 mã giảm giá beBike + beCar) khi mua gói FB5K (5.000đ/ngày có tối đa 15GB truy cập Facebook và nhắn tin qua Messenger). Gói cước sử dụng đến 24h và gia hạn theo ngày. Đăng ký tại https://myvt.page.link/fb5k . Chi tiết LH 198 (0đ). Từ chối QC, soạn TC3 gửi 199.",0,1,0,brandname,Quảng cáo hợp lệ,NONE,real
ViSmish_00796,(TB) NẠP THẺ NGAY THÔI - NGÀY VÀNG TỚI RỒI! VinaPhone tặng Quý khách 20% giá trị thẻ nạp vào NGÀY MAI 14/06/2024. Khuyến mại được sử dụng gọi/nhắn tin trong 15 ngày.  + Cơ hội trúng TV Samsung 75 inch và hàng ngàn giải thưởng hấp dẫn khác khi nạp thẻ từ 50.000đ (chi tiết tại my.vnpt.com.vn/adv/KM2024 ). + Thêm ưu đãi hời khi nạp thẻ tại https://my.vnpt.com.vn/adv/napthe .  CSKH: 18001091 (0đ).,0,1,1,brandname,Viễn thông,NONE,real
ViSmish_00797,Hn ko cho đổi hẹ,0,0,0,personal_number,P2P hội thoại thông thường,NONE,external_real
ViSmish_00799,"Deo ổn đâu, đi tù lâu lâu vẫn chuyển phòng, chuyển trại mà.",0,0,0,personal_number,P2P hard negative,NONE,external_curated
ViSmish_00801,"Quý khách đã đăng ký thành công gói KS2H: 6.000đ có 1,2GB sử dụng trong 2 giờ kể từ thời điểm đăng ký. Truy cập https://viettel.vn/kttk để kiểm tra ưu đãi. Chi tiết LH 198 (0đ). Trân trọng.",0,1,0,shortcode,Viễn thông,NONE,real
ViSmish_00803,Vô duyên thật chứ đùa đ đâu,0,0,0,personal_number,P2P hard negative,NONE,external_curated
ViSmish_00807,"(TB) Chào mừng ngày Doanh nhân Việt Nam, VinaPhone tặng Bạn 20% khi nạp thẻ vào HÔM NAY 14/10/2022 (KM sử dụng gọi/nhắn tin trong 15 ngày). NHẬN THÊM 4% chiết khấu và nhiều ưu đãi hấp dẫn khi Bạn nạp qua VNPT Money tại https://km.vnptmoney.vn/NgayVang CSKH 18001091 (0đ).",0,1,1,brandname,Viễn thông,NONE,real
ViSmish_00817,<#> 271655 is your Grab Activation Code (GAC). It expires in 2 minutes. Do not share it with anyone. H9CMNjtZ1r6,0,0,0,brandname,Tin nhắn cá nhân và OTP,NONE,real
ViSmish_00821,G-348779 is your Google verification code.,0,0,0,brandname,Tin nhắn cá nhân và OTP,NONE,real
ViSmish_00824,Chuong trinh Khach hang than thiet VinaPhone Plus da cap nhat thanh cong quyen loi su dung ung dung truyen hinh MyTV của Quy Hoi vien. Su dung diem VinaPhone Plus tich luy tu cuoc phat sinh cac dich vu cua VNPT de doi qua tang/ goi cuoc. Chi tiet lien he 18001091. Tran trong cam on!,0,0,1,brandname,Khác,NONE,real
ViSmish_00827,"Quy khach da duoc cong 48 phut noi mang, 12 phut goi lien mang theo CT TANG 30% khi dang ky goi KM50N. De kiem tra phut goi, bam *102#. Chi tiet LH 198 (0d). Tran trong.",0,0,0,brandname,Viễn thông,NONE,real
ViSmish_00828,phải học theo giọng cừi mới đc,0,0,0,personal_number,P2P hội thoại thông thường,NONE,external_real
ViSmish_00829,"Dang ky thanh cong goi D7 (7.000d/ngay co 1,2GB data toc do cao, het 1,2GB tinh theo goi dang su dung). Hieu luc den 07:21 07/11/2022. Goi cuoc gia han tu dong hang ngay. Kiem tra dung luong, soan DATAKM gui 888. De huy soan HUY D7 gui 888",0,0,0,shortcode,Viễn thông,NONE,real
ViSmish_00830,"(TB) Để phòng ngừa tai nạn đuối nước dịp Tết Nguyên Đán, Công an tỉnh khuyến cáo: Thường xuyên giám sát kỹ trẻ em, cho trẻ biết mối nguy hiểm đuối nước, không để trẻ chơi đùa quanh ao, hồ, đặc biết là các công trường xây dựng; Khi đi tắm biển, sông, hồ chỉ nên tắm gần bờ, không xuống nước khi đã xử dụng rượu, bia; Khi phát hiện thấy người bị đuối nước, nhanh chóng kêu gọi mọi người đến hỗ trợ và gọi ngay 114 hoặc sử dụng App ""Báo cháy 114"".",0,0,0,brandname,Dịch vụ công thật,NONE,real
ViSmish_00831,"(QC) VinaPhone tang rieng Quy Khach 7GB toc do cao dung trong 7 ngay tu goi cuoc DT30. Soan DK gui 9923 voi gia cuoc uu dai chi 30.000d/7 ngay. Loi moi co hieu luc trong 03 ngay. Tu choi QC, soan TC gui 9923. CSKH 18001091.",0,0,1,brandname,Quảng cáo hợp lệ,NONE,real
ViSmish_00832,"Quy khach duoc cong them 18 diem Viettel++ boi giao dich Tieu dung vien thong thang 05/2021. Thoi han su dung diem den 30/06/2022. Hay truy cap https://myvt.page.link/vtplus tren My Viettel hoac *098# de doi diem sang Data, SMS, Phut goi cung nhieu uu dai gia tri khac. Chi tiet LH 198. Tran trong.",0,1,0,brandname,Khác,NONE,real
ViSmish_00836,Kiện cho cả họ nhà nó lên phường xem nó còn hổ báo cáo chồn đc ko.,0,0,0,personal_number,P2P hard negative,NONE,external_curated
ViSmish_00838,Voucher giam 5K khi nap dien thoai hoac mua data Viettel MIEN PHI dang cho Ban. Chi can 5K doi lay 10K. Con chan cho gi nua Ban oi. Mo app Viettel Money hoac truy cap tai https://km.vtmoney.vn/314y/uudai2 de su dung.,0,1,0,brandname,Khác,NONE,real
ViSmish_00839,"Truong DH CNTT thong bao hoc bu mon Co so ha tang cong nghe thong tin(IE101.O21) vao thu 2 ngay 22/04/2024, Tiet 1,2,3,4, Phong B3.12. Chi tiet vui long lien he (028) 372 52002 chon 155",0,0,0,brandname,Khác,NONE,real
ViSmish_00845,Mong đc lương 10 củ còn ko có chỗ nào chứa đây,0,0,0,personal_number,P2P hard negative,NONE,external_curated
ViSmish_00848,"[QC] TANG 20% GIA TRI THE NAP, LEN MANG THA GA 1.Tang 20% gia tri the nap trong ngay 08/04/2025 de su dung noi mang, khong gioi han thoi gian. 2.Soan ST5K gui 191: Chi 5.000d/ngay co ngay 500MB dung den 24h CT danh rieng cho TB nhan duoc tin nhan. Chi tiet LH 198 (0d). Tu choi QC, soan TC2 gui 199.",0,0,0,brandname,Quảng cáo hợp lệ,NONE,real
ViSmish_00849,"Quy khach co 6.547 dong trong tai khoan. Bam goi *098*3# de co 3GB voi 15.000d/3 ngay hoac *098*989# (30.000d/3 ngay) co 15GB (5GB/ngay), mien phi 10 phut/cuoc noi mang, 15 phut ngoai mang, SMS noi mang va TV360. Goi cuoc gia han khi het chu ky. De biet thong tin cac uu dai khac, bam goi *098# hoac truy cap My Viettel tai https://myvt.page.link/goidata . Chi tiet LH 198 (0d). Tran trong.",0,1,0,shortcode,Viễn thông,NONE,real
ViSmish_00852,Con tới chưa,0,0,0,personal_number,Tin nhắn cá nhân và OTP,NONE,real
ViSmish_00855,(TB) CÓ KHUYẾN MẠI VINA - NẠP THẺ THẢ GA! VinaPhone ưu đãi dành riêng cho Quý khách nhận được tin nhắn và nạp tiền vào NGÀY MAI 16/7/2024: + Nhận ngay 20% giá trị thẻ nạp. Khuyến mại được sử dụng gọi/nhắn tin trong 15 ngày.  + Thêm ưu đãi hời khi nạp thẻ tại https://my.vnpt.com.vn/adv/napthe .  VinaPhone - Mạng di động nhanh nhất Việt Nam! CSKH: 18001091 (0đ).,0,1,1,brandname,Viễn thông,NONE,real
ViSmish_00857,<<Nội dung không được hỗ trợ.>>,0,0,0,personal_number,Khác,NONE,real
ViSmish_00858,Lương bn ko quan trọng mà quan trọng mức sống của GĐ bạn bn và khả năng phát triển của vkck bạn là bn để lo cho tương lai con cái,0,0,0,personal_number,P2P hard negative,NONE,external_curated
ViSmish_00860,"iTel TB: Den het thang 01/2023, Quy khach dang la hoi vien Than Thiet, so diem iTel Club la 200. Diem iTel Club co gia tri su dung trong vong 12 thang ke tu thang kich hoat. Dung lang phi diem nhe! Truy cap app MyiTel tai http://onelink.to/myitel hoac website itel.vn/club de nhan va su dung nhieu uu dai hap dan tu iTel Club. Chi tiet LH 0877087087 (0d cho TB iTel). Tran trong!",0,1,1,brandname,Viễn thông,NONE,real
ViSmish_00861,"Ban co 10.000D qua Nap Dien Thoai & 140.000D qua khac trong MoMo, het han 31/1. Mo Vi > UU DAI > QUA CUA TOI dung ngay!",0,0,0,brandname,Khác,NONE,real
ViSmish_00864,"[TB] NẠP THẺ TẶNG TIỀN - DÙNG LIỀN DATA! Tặng 20% giá trị tất cả thẻ nạp vào tài khoản viễn thông trong ngày 25/04/2024. Tiền KM sử dụng truy cập Internet trong 15 ngày. Nạp thẻ online tại các ví điện tử, ứng dụng thanh toán hoặc tại https://vtmoney.onelink.me/314y/km3 . Chi tiết gọi 197 bấm phím 19 (0đ). Trân trọng.",0,1,0,brandname,Viễn thông,NONE,real
ViSmish_00866,"A goi vao so 1900788938 de noi chuyen va tam su voi em nhe. A goi luon cho em nha, Em co viec, A khong goi khong duoc dau nha!",1,0,1,personal_number,Nội dung nhạy cảm,Level 0 - Formal,real
ViSmish_00867,"Tụi trẻ con giờ đếu học hành gì chỉ suốt ngày tóp tóp, đi trên đg thì suốt ngày thấy phóng lợn , haizz",0,0,0,personal_number,P2P hội thoại thông thường,NONE,external_real
ViSmish_00868,K dám ăn hàng nhiều trc mặt ba vì sợ ba tưởng mình còn nhiều tiền,0,0,0,personal_number,P2P hội thoại thông thường,NONE,external_real
ViSmish_00871,Vay tiền mua đồ ăn có mấy chục thì cho vay chứ 500 trẹo có tao cũng k cho vay,0,0,0,personal_number,P2P hard negative,NONE,external_curated
ViSmish_00872,Ma xac nhan PHONGVU cua ban la 818370,0,0,0,brandname,Tin nhắn cá nhân và OTP,NONE,real
ViSmish_00874,Mình cũng từng gặp trường hợp sếp với nvien như này rồi  nhỉ =)),0,0,0,personal_number,P2P hard negative,NONE,external_curated
ViSmish_00875,"Dang ky thanh cong goi D7 (7.000d/ngay co 1,2GB data toc do cao, het 1,2GB tinh theo goi dang su dung). Hieu luc den 06:57 16/04/2023. Goi cuoc gia han tu dong hang ngay. Kiem tra dung luong, soan DATAKM gui 888. De huy soan HUY D7 gui 888",0,0,0,shortcode,Viễn thông,NONE,real
ViSmish_00876,"Gói FB7 đã hủy gia hạn thành công. Để biết các ưu đãi khác, truy cập https://viettel.vn/goidata hoặc bấm gọi *098#. Chi tiết LH 198 (0đ). Trân trọng.",0,1,0,shortcode,Viễn thông,NONE,real
ViSmish_00877,muốn đan như z mà đan được ra như z hay khum thì khum có bécc,0,0,0,personal_number,P2P hard negative,NONE,external_curated
ViSmish_00880,"một lần nữa giầy mòn đế,bạn kia mà ko mua tặng nữa.",0,0,0,personal_number,P2P hội thoại thông thường,NONE,external_real
ViSmish_00881,Sử dụng mã xác minh 792510 để xác thực Microsoft.,0,0,0,brandname,Tin nhắn cá nhân và OTP,NONE,real
ViSmish_00882,"Chào chị. Tôi là cán bộ thuế vừa trao đổi điện thoại với chị. Để làm tờ khai thuế online, mời chị truy cập và tải app của Cơ quan tại link: thuedientuu.vn. Sau khi đã tải app xong, chị hãy phản hồi lại tin nhắn này để chúng tôi theo dõi và hướng dẫn các bước tiếp theo. - Công chức thuế (Tên cơ quan)",1,1,0,personal_number,Dịch vụ công giả,Level 0 - Formal,real
ViSmish_00885,"(TB) Quà tặng Tháng Ba đã tới! Chỉ cần nạp thẻ vào NGÀY MAI 04/03/2025, Quý khách nhận ngay: + 20% giá trị thẻ nạp (khuyến mại được sử dụng gọi/nhắn tin trong 15 ngày). + Thêm ưu đãi hời tại https://my.vnpt.com.vn/adv/napthe . CSKH: 18001091 (0đ).",0,1,1,brandname,Viễn thông,NONE,real
ViSmish_00889,"[TB] DÙNG DATA GIÁ SIÊU RẺ! 1. Soạn ST5K gửi 191: 5.000đ/ngày có 500MB. 2. Soạn 1N gửi 191: 10.000đ/ngày có 5GB, 5p gọi ngoại mạng, miễn phí 10p/cuộc gọi nội mạng, nhắn tin nội mạng, xem TV360. Ưu đãi sử dụng đến 24h ngày đăng ký. Các gói cước gia hạn theo ngày. LH 198 (0đ).",0,0,0,shortcode,Viễn thông,NONE,real
ViSmish_00891,cho e vay 500tr ik,0,0,0,personal_number,P2P hard negative,NONE,external_curated
ViSmish_00895,Chắc có mình tui hông thích ông này lắm :<,0,0,0,personal_number,P2P hội thoại thông thường,NONE,external_real
ViSmish_00908,"GIA HAN LIEN TAY, CHOP NGAY UU DAI! Goi cuoc FHAPPY (118.000d/90 ngay) cua QK co HSD het ngay 08/10/2025 23:59:59. Moi QK gia han goi cuoc bang cach quet QR va thanh toan de dang qua tai khoan ngan hang/vi dien tu tai https://thanhtoan.vnpt.vn/1551a383. CSKH 18001091.",0,1,1,shortcode,Viễn thông,NONE,real
ViSmish_00909,(TB) ĐẦU TUẦN VUI VẺ - NẠP THẺ CÓ QUÀ! Ưu đãi dành riêng cho Quý khách nhận được tin nhắn và nạp tiền vào NGÀY MAI 06/8/2024: + Nhận ngay 20% giá trị thẻ nạp. Khuyến mại được sử dụng gọi/nhắn tin trong 15 ngày.  + Thêm ưu đãi hời khi nạp thẻ tại https://my.vnpt.com.vn/adv/napthe . CSKH:18001091 (0đ).,0,1,1,brandname,Viễn thông,NONE,real
ViSmish_00912,OTP cua Quy Khach la: 38470246. Ma xac thuc giao dich tren vi co hieu luc trong vong 2 phut. QK TUYET DOI khong cung cap OTP cho nguoi khac tranh bi lua dao!,0,0,0,brandname,Tin nhắn cá nhân và OTP,NONE,real
ViSmish_00915,"[TB] Nhân dịp kỷ niệm ""20 năm mạng di động Viettel"", kính mời Quý khách soạn 20NAM gửi 191 hoặc truy cập https://viettel.vn/20namdidong để nhận điểm Viettel++. Trân trọng cảm ơn Quý khách đã đồng hành cùng Viettel và rất mong được tiếp tục phục vụ Quý khách trong chặng đường tới. Chi tiết LH 198 (0đ).",0,1,0,brandname,Viễn thông,NONE,real
ViSmish_00920,"THPT N C Tru 12A7 N H Duy :  Mang giay, dep sai QD(2/3)",0,0,0,brandname,Khác,NONE,real
ViSmish_00921,"Quy khach da duoc thanh toan 10000 VND tu nhan vien 4300240004, Ngay GD: 30/05/2024 06:59:30. Ma GD 240530633846060. LH 18008098 (0d). Tran trong.",0,0,1,shortcode,Viễn thông,NONE,real
ViSmish_00925,Ny mình đang học lớp 11 đúng khum ạ :))))),0,0,0,personal_number,P2P hội thoại thông thường,NONE,external_real
ViSmish_00928,"trước nay vẫn nghĩ chị iu theo đuổi hình tượng giống kiểu idol kpop nên là với khả năng của chị tham gia vào mô hình nhóm nhạc ms ổn, chỉ việc hát vài câu phần còn lại đồng đội gánh, hát nhảy tàm tạm k phá game là được việc của chị là lung linh trên sân khấu thôii =)))",0,0,0,personal_number,P2P hội thoại thông thường,NONE,external_real
ViSmish_00933,"(TB) VinaPhone dành riêng ưu đãi cho Quý khách nhận được tin nhắn và nạp tiền vào NGÀY MAI 14/01/2025: + Tặng ngay 20% giá trị thẻ nạp. khuyến mại được sử dụng gọi/nhắn tin trong 15 ngày. + Cơ hội trúng iPhone 16 Pro Max và hàng ngàn giải thưởng tổng trị giá hơn 5,5 TỶ đồng khi nạp thẻ từ 20.000đ. + Thêm ưu đãi hời khi nạp thẻ tại https://my.vnpt.com.vn/adv/napthe . CSKH: 18001091 (0đ).",0,1,1,brandname,Viễn thông,NONE,real
ViSmish_00934,"[TB] Cảm ơn Quý khách đã đồng hành trong thời gian qua, Viettel gửi tặng tiện ích tra cứu KM dịp Black Friday. Soạn BF gửi 191 để nhận thông tin các khuyến mại vô cùng hấp dẫn (lên đến 50%) dành riêng cho Quý khách đến 28/11. Chi tiết LH 198 (0đ). Trân trọng.",0,0,0,shortcode,Khác,NONE,real
ViSmish_00936,"[TB] TANG 20% GIA TRI TAT CA THE NAP trong ngay 30/01. Tien KM su dung noi, ngoai mang den het 14/02/2021. DAC BIET: tang them 50% gia tri the nap duoc quy doi thanh diem Viettel++ de trai nghiem cac goi khuyen mai cua Viettel (ap dung cho the nap dau tien tu 29-31/1). CT danh cho TB nhan duoc tin nhan. LH 198 (0d). Tran trong.",0,0,0,brandname,Viễn thông,NONE,real
ViSmish_00937,Truong DH CNTT thong bao nghi hoc Mon Nhap mon lap trinh(IT001.N119) vao thu 6 ngay 30 thang 12 nam 2022. Chi tiet vui long lien he (028) 372 52002 chon 155,0,0,1,brandname,Khác,NONE,real
ViSmish_00938,"(TB) TING TING...quà tặng cuối tuần khi Quý khách nạp thẻ vào HÔM NAY 14/7/2023! VinaPhone tặng ngay 20% giá trị thẻ nạp, khuyến mại được sử dụng gọi/nhắn tin trong 15 ngày. Quý khách nhận thêm nhiều ưu đãi khi nạp thẻ tại https://shop.vnpt.vn/nap-the.html . CSKH: 18001091 (0đ).",0,1,1,brandname,Viễn thông,NONE,real
ViSmish_00946,"Quý khách đã hủy gia hạn gói ST5K, ưu đãi còn lại của gói ST5K được sử dụng đến hết chu kỳ. Để biết các ưu đãi dành riêng cho TB của Quý khách, vui lòng bấm gọi *098#. Chi tiết LH 198 (0đ). Trân trọng.",0,0,0,shortcode,Viễn thông,NONE,real
ViSmish_00947,"(TB) Đặt lịch nhận SIÊU ƯU ĐÃI NẠP THẺ! Duy nhất 06/04/2025, My VNPT tặng bạn KHUYẾN MẠI 50% khi Nạp điện thoại VinaPhone cho thuê bao trả trước (khuyến mại sử dụng gọi/nhắn tin trong 15 ngày)! Áp dụng cho mọi mệnh giá, không giới hạn tại https://my.vnpt.com.vn/adv/napthe50. CSKH: 18001091 nhánh 3 (0đ). Trân trọng!",0,1,1,brandname,Viễn thông,NONE,real
ViSmish_00951,Truong DH CNTT thong bao nghi hoc Mon Cong nghe Du lieu lon(IE212.P22.1) vao thu 5 ngay 06 thang 03 nam 2025. Chi tiet vui long lien he (028) 372 52002 chon 155,0,0,0,brandname,Khác,NONE,real
ViSmish_00954,"[TB] CHỈ TỪ 35K, CÓ 1GB/NGÀY! Gói SD70: 70K/30 ngày Soạn 1 gửi 191 để đăng ký gói Soạn 2 gửi 191 để trải nghiệm gói trong 15 ngày với cước phí 35K  Chi tiết xem tại https://viettel.vn/SD70tn  CT dành riêng cho Quý khách đến 31/05. LH 198 (0đ).",0,1,0,shortcode,Viễn thông,NONE,real
ViSmish_00956,"Dang ky goi chuyen vung du lieu toc do cao Mobi Roaming khi mat song Vietnamobile ngay hom nay. Chi voi 25.000d/30 ngay, Quy khach so huu Data Mobifone: 2,5GB va Data Vietnamobile: 0h00 - 6h00 moi ngay. Soan DK MR gui 123. Chi tiet: https://www.vietnamobile.com.vn/thongtingoiMR . LH 0922789789 (0d).",0,1,1,brandname,Viễn thông,NONE,real
ViSmish_00957,"Dung luong Data mien phi con lai cua goi BIG: 1719 MB, HSD: 23:59 ngay 11/06/2025. Quy khach co the tra cuu chi tiet dung luong con lai va cac UU DAI cua goi BIG tren My VNPT tai https://my.vnpt.com.vn/adv/dungluong. CSKH 18001091(0d)",0,1,1,shortcode,Viễn thông,NONE,real
ViSmish_00959,Có cả mực Bento t mới ăn hôm qua,0,0,0,personal_number,P2P hội thoại thông thường,NONE,external_real
ViSmish_00962,Sử dụng mã xác minh 353810 để xác thực Microsoft.,0,0,0,brandname,Tin nhắn cá nhân và OTP,NONE,real
ViSmish_00968,Melbourne Polytechnic FPT xet 30 chi tieu cuoi.Chi can tot nghiep THPT.Nhan bang Quoc te. Duoc gioi thieu viec lam https://melbourne.fpt.edu.vn/r/xt2 0795881839,0,1,1,brandname,Khác,NONE,real
ViSmish_00969,"Kinh moi QK dang ky goi data 3G/4G TOC DO CAO SIEU UU DAI, chi tiet truy cap freedoo.vnpt.vn/goi-cuoc.html de lua chon goi cuoc phu hop voi nhu cau cua QK. CSKH: 18001091",0,1,1,shortcode,Khác,NONE,real
ViSmish_00970,"[TB] Chào mừng Quý khách đến với TP.HCM! Mời Quý khách tham khảo các gói cước để lên mạng và duy trì liên lạc trong suốt chuyến đi: 1. Soạn 1N gửi 191: 10K/ngày có 5GB, miễn phí gọi điện (20p/cuộc nội mạng, 5p ngoại mạng), SMS nội mạng, TV360 2. Soạn 3N gửi 191: 30K/3 ngày có 15GB (5GB/ngày), miễn phí gọi điện (20p/cuộc nội mạng, 15p ngoại mạng), SMS nội mạng, TV360 Gói cước gia hạn khi hết chu kỳ. LH 198 (0đ).",0,0,0,brandname,Viễn thông,NONE,real
ViSmish_00973,"Quý khách đã đăng ký thành công gói KS8: 8.000đ có 1,2GB sử dụng đến 23:59:59 ngày 08/10/2025. Truy cập https://viettel.vn/kttk để kiểm tra ưu đãi. Soạn HUY KS8 gửi 191 để hủy gói cước. Chi tiết LH 198 (0đ). Trân trọng.",0,1,0,shortcode,Viễn thông,NONE,real
ViSmish_00974,Bạn kiếm được nhiều thì vợ đc nhờ con được hưởng sung sướng thoải mái,0,0,0,personal_number,P2P hội thoại thông thường,NONE,external_real
ViSmish_00976,hõng có có giọng mỉa mai xỏ lá dị nha,0,0,0,personal_number,P2P hội thoại thông thường,NONE,external_real
ViSmish_00982,Bảo sao trương trình phỏng vấn tân sinh viên toàn nghĩ sẽ nhận việc min 15tr chứ dưới khỏi làm.,0,0,0,personal_number,P2P hard negative,NONE,external_curated
ViSmish_00984,(TB) Sinh nhật Vina - Ai cũng có quà! VinaPhone tặng riêng Quý khách 20% giá trị thẻ nạp vào NGÀY MAI 13/6/2023. Khuyến mại được sử dụng gọi/nhắn tin trong 15 ngày. Quý khách nhận thêm nhiều ưu đãi khi nạp thẻ tại https://shop.vnpt.vn/nap-the.html . CSKH: 18001091 (0đ).,0,1,1,brandname,Viễn thông,NONE,real
ViSmish_00986,"[TB] TẶNG QUÀ ĐẠI LỄ! Nhận Voucher 30K để mua gói Data: 1. Soạn V90B gửi 191: Chỉ còn 60K/30 ngày (giá gốc 90K) có 30GB (1GB/ngày), miễn phí gọi điện 2. Soạn SD70 gửi 191: Chỉ còn 40K/30 ngày (giá gốc 40K) có 30GB (1GB/ngày) Gói cước gia hạn sau 30 ngày với giá gốc. Chi tiết gói xem tại https://viettel.vn/s/bf9 CT dành riêng cho Quý khách đến hết ngày 2/5. LH 198 (0đ).",0,1,0,shortcode,Viễn thông,NONE,real
ViSmish_00987,"[QC] TẶNG 10.000 ĐIỂM VIETTEL++ KHI ĐĂNG KÝ TÀI KHOẢN MY VIETTEL. CT áp dụng cho thuê bao di động tạo tài khoản lần đầu và đăng nhập ứng dụng My Viettel thành công tại https://myviettel.go.link/ikQMm. Điểm tặng sẽ được lưu trong ví voucher trên ứng dụng My Viettel. Chi tiết LH 198 (0đ). Từ chối QC, soạn TC3 gửi 199.",0,1,0,brandname,Quảng cáo hợp lệ,NONE,real
ViSmish_00989,"Kính gửi người dùng AmyBanK, điểm tài khoản của bạn đã được đổi thành điều kiện quà tặng. Vui lòng đăng nhập www.vietinbank.vip ngay để đổi quà. Nếu quá hạn, nó sẽ không được chấp nhận.",1,1,0,brandname,Giả mạo ngân hàng,Level 0 - Formal,real
ViSmish_00990,văn thơ lai láng chữ nghĩa dạt dào cx k cứu nổi pha này :((,0,0,0,personal_number,P2P hội thoại thông thường,NONE,external_real
ViSmish_00992,"[TB] Tích cực tham gia Cuộc thi trực tuyến ""Tìm hiểu Luật Cảnh sát biển Việt Nam"" tại địa chỉ https://thitimhieuluatcanhsatbienvietnam.vn là góp phần bảo vệ biển, đảo của Tổ quốc trong tình hình mới.",0,1,0,brandname,Dịch vụ công thật,NONE,real
ViSmish_00994,"Tổng kết 2023 Viettel và Bạn: Chúng ta đã bên nhau 15 tháng Trong năm 2023 bạn đã gọi đi 4 phút, dùng 5.26GB data. Mỗi tháng bạn liên lạc khoảng 2 người, lướt mạng khoảng 30 ngày; ứng dụng ưa thích của bạn chắc hẳn là YOUTUBE Viettel đã tặng bạn 138 đồng khuyến mại và 12GB data miễn phí. Chào 2024, Viettel gửi tặng bạn nhiều món quà hấp dẫn tại http://viettel.vn/tangqua. Cảm ơn bạn vì đã luôn tin tưởng và đồng hành cùng Viettel. Trân trọng!",0,1,0,shortcode,Khác,NONE,real
ViSmish_00996,(VINAPHONE PLUS TB) Diem tich luy cua Hoi vien den thang 02/2023 la 47 diem VinaPhone Plus. Chi tiet truy cap https://vinaphoneplus.com.vn hoac goi 18001091. Tran trong cam on!,0,1,1,brandname,Khác,NONE,real
ViSmish_00997,"Tai khoan cua Quy khach da duoc nap 50,000d tu 126921 vao 11/04/2025 19:31:45. Ma giao dich 2273823038. Chi tiet lien he CSKH 18001091 (0d). Tran trong cam on!",0,0,1,shortcode,Viễn thông,NONE,real
ViSmish_00999,"Sướng nhá, ny chân thành không yêu em chỉ vì nhan sắc đâu",0,0,0,personal_number,P2P hội thoại thông thường,NONE,external_real
ViSmish_01000,[TB] KHUYẾN MẠI 50% GIÁ TRỊ LẦN NẠP TIỀN ĐẦU TIÊN VÀO CHỦ NHẬT ngày 01/05/2022. CT áp dụng khi nạp tiền trên ứng dụng MY VIETTEL có liên kết với tài khoản ngân hàng/ViettelPay/VNPAY. Tiền khuyến mại được sử dụng nội mạng trong 15 ngày. Giảm thêm 3% khi nạp ngay tại https://myvt.page.link/naptiencn. LH 198 (0đ). Trân trọng!,0,1,0,brandname,Viễn thông,NONE,real
ViSmish_01006,Do su co tam gian doan cap dien Khach hang PE13000143179 tu 17:51 - 19:51 ngay 22/06/2022. Kinh xin loi quy Khach hang va mong duoc thong cam. LH 1900545454,0,0,1,brandname,Dịch vụ công thật,NONE,real
ViSmish_01008,[TB] KHUYẾN MẠI THÁNG 10/2022! Soạn ST90N gửi 191: Chỉ còn 72.000đ/30 ngày (giá gốc 90.000đ) có 120GB data tốc độ cao (4GB/ngày). Gói cước gia hạn sau 30 ngày với giá gốc. CT áp dụng với lần đăng ký đầu tiên đến hết 18/10/2022 cho TB của Quý khách. LH 198 (0đ).,0,0,0,brandname,Viễn thông,NONE,real
ViSmish_01009,Thân gửi bạn Trần Nguyễn Nam Hải. Trường Đại học FPT thông báo tuyển sinh Nguyện vọng bổ sung từ 16/09/2022 dành cho đối tượng đạt TOP40 Schoolrank trở lên. Nếu bạn quan tâm vui lòng liên hệ Cán bộ Trần Thị Linh Huệ (huettl@fe.edu.vn) hoặc Holine 02873005588 để được tư vấn. Trân trọng!,0,1,1,brandname,Khác,NONE,real
ViSmish_01012,"1 bên uống "" coa troà đoá"" 1 bên uống "" ke trè đé""",0,0,0,personal_number,P2P hội thoại thông thường,NONE,external_real
ViSmish_01016,Thue bao 0867256447 cua Quy khach vua dang nhap ung dung My Viettel - http://viettel.vn/app tren mot thiet bi co ten: SM-A715F. Xin cam on!,0,1,1,brandname,Viễn thông,NONE,real
ViSmish_01017,Chồng teo thà mất tiền chứ nhất quyết kg bao giờ chịu đòi.,0,0,0,personal_number,P2P hard negative,NONE,external_curated
ViSmish_01018,"Lần đầu chở mk ra bến buýt để bắt xe về( vì từ nhà hs ra bến buýt hơi xa nên hôm nào mưa cô ấy sẽ đưa mk ra bến), phụ huynh dùng tay gạt chỗ để chân cho mình.",0,0,0,personal_number,P2P hội thoại thông thường,NONE,external_real
ViSmish_01020,"Để bảo đảm an toàn phòng cháy, chữa cháy mùa nắng nóng, Bộ Công an khuyến cáo các cơ sở, hộ gia đình chấp hành nghiêm quy định về an toàn phòng cháy, chữa cháy và thoát nạn; quản lý chặt chẽ và sử dụng an toàn nguồn lửa, nguồn nhiệt, hệ thống, thiết bị điện và chất dễ cháy, nổ.  Để có kiến thức, kỹ năng phòng cháy, chữa cháy và thoát nạn đề nghị truy cập  địa chỉ: ""canhsatpccc.gov.vn thư mục hướng dẫn cộng đồng"".",0,1,0,brandname,Dịch vụ công thật,NONE,real
ViSmish_01028,"Xin lỗi, t ko nhớ",0,0,0,personal_number,P2P hội thoại thông thường,NONE,external_real
ViSmish_01030,toi thấy b cũm phải thấyy =)),0,0,0,personal_number,P2P hội thoại thông thường,NONE,external_real
ViSmish_01039,"Truong DH CNTT thong bao hoc bu mon Phap luat dai cuong(SS006.N120) vao thu 7 ngay 07/01/2023, Tiet 6,7,8, Phong B3.12. Chi tiet vui long lien he (028) 372 52002 chon 155",0,0,0,brandname,Khác,NONE,real
ViSmish_01041,"Quy khach duoc cong them 59 diem Viettel++ boi giao dich Tieu dung vien thong thang 02/2021. Thoi han su dung diem den 31/03/2022. Hay truy cap https://myvt.page.link/vtplus tren My Viettel hoac *098# de doi diem sang Data, SMS, Phut goi cung nhieu uu dai gia tri khac. Chi tiet LH 198. Tran trong.",0,1,0,brandname,Khác,NONE,real
ViSmish_01042,2 cái chả có j tương đương nhau hết á.,0,0,0,personal_number,P2P hội thoại thông thường,NONE,external_real
ViSmish_01046,"[QC] SMARTPHONE 4G CHO MOI NGUOI - Dien thoai Samsung Galaxy A03 Core chi tu 1.390.000d (GNY: 2.290.000d) khi chuyen doi tu TB tra truoc sang tra sau kem GOI CUOC SIEU UU DAI V150S (150.000d/thang: 20p/ cuoc goi noi mang, 50p ngoai mang, 3GB data/ngay). Chi tiet LH 198 (0d) hoac truy cap https://viettel.vn/s/a03core. Tu choi QC, soan TC3 gui 199.",0,1,0,brandname,Quảng cáo hợp lệ,NONE,real
ViSmish_01049,Quy khach duoc cong 6 diem do Giao dich thanh toan DV vien thong qua VIETTEL MONEY vao ngay 21/11/2023.Truy cap https://vtmoney.onelink.me/314y/loyalty de doi diem sang cac qua tang cua chuong trinh. Tran trong.,0,1,0,brandname,Khác,NONE,real
ViSmish_01053,(TB) Nạp thẻ ngay- Quà liền tay! VinaPhone tặng riêng cho Quý khách nhận được tin nhắn: + 20% giá trị thẻ nạp trong HÔM NAY 08/7/2025. Khuyến mại được sử dụng gọi/nhắn tin trong 15 ngày. + Thêm ưu đãi hời khi nạp thẻ tại https://my.vnpt.com.vn/adv/napthe .CSKH: 18001091 (0đ).,0,1,1,brandname,Viễn thông,NONE,real
ViSmish_01056,"Viettel TB: Goi ST5KM da het thoi gian su dung. De tiep tuc su dung goi ST5KM, Quy khach vui long dang ky tai https://myvt.page.link/ST5KM. Chi tiet LH 198 (0d). Tran trong",0,1,0,shortcode,Viễn thông,NONE,real
ViSmish_01057,Chút nữa mình ghé nha,0,0,0,personal_number,Tin nhắn cá nhân và OTP,NONE,real
ViSmish_01060,Cam on Quy khach da dong 5.000 d cho Hop dong bao hiem 70469888. FWD se gui email xac nhan dong phi den Quy khach. Tran trong.,0,0,0,brandname,Khác,NONE,real
ViSmish_01066,Truong DH CNTT thong bao nghi hoc Mon Quan ly thong tin(IE103.O22.2) vao thu 4 ngay 13 thang 03 nam 2024. Chi tiet vui long lien he (028) 372 52002 chon 155,0,0,0,brandname,Khác,NONE,real
ViSmish_01069,"Có 15p à, toi tan 1 tieng .",0,0,0,personal_number,P2P hội thoại thông thường,NONE,external_real
ViSmish_01075,"Thảo dạo này khoẻ không, công việc ổn chứ ?",0,0,0,personal_number,Tin nhắn cá nhân và OTP,NONE,real
ViSmish_01077,"Truong DH CNTT thong bao hoc HT2 mon Thiet ke giao dien nguoi dung(IE106.P11.CNVN.1) vao thu 3 ngay 17/12/2024, Tiet 6,7,8,9,10, Phong B3.10. Chi tiet vui long lien he (028) 372 52002 chon 155",0,0,0,brandname,Khác,NONE,real
ViSmish_01078,(TB) ĐÓN HÈ SANG - QUÀ MÊNH MANG! VinaPhone tặng 20% giá trị thẻ nạp vào NGÀY MAI 10/05/2024. Khuyến mại được sử dụng gọi/nhắn tin trong 15 ngày.  + Cơ hội trúng TV Samsung 75 inch và hàng ngàn giải thưởng hấp dẫn khác khi nạp thẻ từ 50.000đ (chi tiết tại my.vnpt.com.vn/adv/KM2024 ). + Thêm ưu đãi hời khi nạp thẻ tại https://my.vnpt.com.vn/adv/napthe .  CSKH: 18001091 (0đ).,0,1,1,brandname,Viễn thông,NONE,real
ViSmish_01080,(TB) Nạp thẻ liền tay - May mắn tới ngay! VinaPhone tặng Quý khách 50% khi nạp tiền bằng hình thức trực tiếp DUY NHẤT trên ứng dụng My VNPT trong HÔM NAY 10/8/2025 tại: https://my.vnpt.com.vn/adv/napdt . Khuyến mãi được sử dụng gọi và nhắn tin trong 15 ngày. CSKH:18001091 (0đ).,0,1,1,brandname,Viễn thông,NONE,real
ViSmish_01085,"[TB] TANG 50% gia tri tat ca the nap trong ngay 21/12/2021, tien KM su dung goi va nhan tin noi mang trong 15 ngay. CT ap dung cho TB nhan duoc tin nhan. LH 198 (0d). Chuc Quy khach suc khoe, an toan.",0,0,0,brandname,Viễn thông,NONE,real
ViSmish_01088,"GIA HAN LIEN TAY, CHOP NGAY UU DAI! Goi cuoc FHAPPY (118.000d/90 ngay) cua QK co HSD het ngay 11/04/2025 23:59:59. Moi QK gia han goi cuoc bang cach quet QR va thanh toan de dang qua tai khoan ngan hang/vi dien tu tai https://thanhtoan.vnpt.vn/d961254c. CSKH 18001091.",0,1,1,shortcode,Viễn thông,NONE,real
ViSmish_01090,"Quý khách đã đăng ký thành công gói KS8: 8.000đ có 1,2GB sử dụng đến 23:59:59 ngày 24/11/2025. Truy cập https://viettel.vn/kttk để kiểm tra ưu đãi. Soạn HUY KS8 gửi 191 để hủy gói cước. Chi tiết LH 198 (0đ). Trân trọng.",0,1,0,shortcode,Viễn thông,NONE,real
ViSmish_01092,"Tai khoan cua Quy khach sap het. Soan: 1 gui 211 de cong 60 phut noi mang (794d/p), su dung trong 15 ngay 2 gui 211 de cong 48 phut ngoai mang (1.369d/p), su dung trong 15 ngay 3 gui 211 de cong 100 tin nhan noi mang (230d/tin), su dung trong 15 ngay 4 gui 211 de cong 20 tin nhan ngoai mang (313d/tin), su dung trong 7 ngay 5 gui 211 de cong 3.072 MB data voi gia 23.400d, su dung trong 7 ngay Chi tiet LH 18008098 (mien phi).",0,0,1,shortcode,Viễn thông,NONE,real
ViSmish_01094,"Tai khoan cua QK da duoc nap 30,000d tu VNPT MONEY vao 11/04/2025 21:15:13. Ma giao dich 2273878635. Chi tiet lien he CSKH 18001091 (0d) hoac truy cap https://my.vnpt.com.vn/app",0,1,1,shortcode,Viễn thông,NONE,real
ViSmish_01097,cam kết zị hoy chứ tau bịa cái doanh thu 2 tỉ ảo vãi ò,0,0,0,personal_number,P2P hard negative,NONE,external_curated
ViSmish_01102,"[QC] TẶNG 1GB MIỄN PHÍ KHI TẠO TÀI KHOẢN TRÊN MY VIETTEL. Mời Quý khách tải ứng dụng và tạo tài khoản, đăng nhập vào My Viettel ngay tại https://myvt.page.link/welcome. Ứng dụng có nhiều tính năng hỗ trợ Khách hàng như tra cứu cước, thanh toán cước, đăng ký gói data và nhiều khuyến mại dành riêng cho Quý khách. Ưu đãi data được cộng trong 48h, sử dụng trong 7 ngày. Chi tiết LH 198 (0đ). Từ chối QC, soạn TC3 gửi 199.",0,1,0,brandname,Quảng cáo hợp lệ,NONE,real
ViSmish_01103,hoá ra bạn tôi k dùng tinder úc là v,0,0,0,personal_number,P2P hội thoại thông thường,NONE,external_real
ViSmish_01104,"(TB) Đăng ký đúng Thông tin thuê bao, bảo vệ quyền lợi chính chủ! VinaPhone xác nhận Quý khách hiện đang đăng ký Thông tin cho số Thuê bao 0945546296 bằng Chứng minh thư nhân dân. Kính mời Quý khách: (1) Kiểm tra và cập nhật lại thông tin tại mục ""Thông tin thuê bao"" trên ứng dụng My VNPT (my.vnpt.com.vn/app). (2) Hoặc đến Điểm giao dịch VinaPhone gần nhất (mang theo Căn cước công dân/Hộ chiếu) để được hỗ trợ. Quý khách vui lòng bỏ qua tin nhắn này nếu đã thực hiện. CSKH: 18001091 (nhánh 4, miễn phí). Trân trọng!",0,1,1,brandname,Khác,NONE,real
ViSmish_01105,Chuc mung QK NGUYEN HOANG DUY! HDBH dien tu 70469888 cua QK da duoc phat hanh. Moi QK truy cap email da ke khai trong HSYCBH hoac https://portal.fwd.com.vn/e-service/#/login de nhan bo HDBH dien tu. Ma KH de truy cap FWD Dich vu truc tuyen la 52204216,0,1,0,brandname,Khác,NONE,real
ViSmish_01109,T đang tra tấn trà xanh và gia đình nó r.,0,0,0,personal_number,P2P hội thoại thông thường,NONE,external_real
ViSmish_01110,"Ban chua nhan du0c tr0 cap COVID-19, vui long nhan>> tinyurl.com/kxytdc8z de lay, qua han se khong duoc chap nhan!",1,1,0,personal_number,BHXH / Trợ cấp giả,Level 1 - Leet nhẹ,real
ViSmish_01111,íu tim nhưng thích cảm giác mạnh,0,0,0,personal_number,P2P hội thoại thông thường,NONE,external_real
ViSmish_01114,"Quy khach co 14.363 dong trong tai khoan. Bam goi *098*3# de co 3GB voi 15.000d/3 ngay hoac *098*989# (30.000d/3 ngay) co 15GB (5GB/ngay), mien phi 10 phut/cuoc noi mang, 15 phut ngoai mang, SMS noi mang va TV360. Goi cuoc gia han khi het chu ky. De biet thong tin cac uu dai khac, bam goi *098# hoac truy cap My Viettel tai https://myvt.page.link/goidata . Chi tiet LH 198 (0d). Tran trong.",0,1,0,shortcode,Viễn thông,NONE,real
ViSmish_01117,"EVNHCMC TB-Ky1T03 GHI 00:34 16/03/22 CSM200, CSC153 KH PE13000143179 LA47kWh TIEN 85175VND THU TIEN TU 18/03/22 LH 1900545454",0,0,1,brandname,Dịch vụ công thật,NONE,real
ViSmish_01118,"Dung luong Data mien phi con lai cua goi BIG: 1027 MB, HSD: 23:59 ngay 10/08/2025. Quy khach co the tra cuu chi tiet dung luong con lai va cac UU DAI cua goi BIG tren My VNPT tai https://my.vnpt.com.vn/adv/dungluong. CSKH 18001091(0d)",0,1,1,shortcode,Viễn thông,NONE,real
ViSmish_01122,"[TB] Theo Luật Viễn thông, từ ngày 01/07/2024, các thuê bao sẽ phải chịu trách nhiệm trước pháp luật về các số điện thoại mình đã đăng ký sử dụng với nhà mạng. Đề nghị liên hệ tổng đài CSKH để rà soát, bảo đảm SIM của mình là chính chủ và không có SIM nào khác đang bị đăng ký bằng thông tin của mình mà bản thân không sử dụng.",0,0,0,brandname,Dịch vụ công thật,NONE,real
ViSmish_01123,"Dang ky thanh cong goi D7 (7.000d/ngay co 1,2GB data toc do cao, het 1,2GB tinh theo goi dang su dung). Hieu luc den 07:12 27/08/2023. Goi cuoc gia han tu dong hang ngay. Kiem tra dung luong, soan DATAKM gui 888. De huy soan HUY D7 gui 888",0,0,0,shortcode,Viễn thông,NONE,real
ViSmish_01129,11A7 (AD 21/9)  T2 S1: Tin+V+AV;C1: CC+SH+H+V+V T3 S1: H+QP+Nghe+Si;C1: H+H+CN+T+T T4 S1: Nghe+Nghe+T+T;C1: AV+AV+Si+CD+V T5 S1: TD+TD+L;C1: L+L+S+AV+AV T6 ;C1: L+T+T+D+V,0,0,0,brandname,Khác,NONE,real
ViSmish_01135,"[TB] Toàn dân tích cực hưởng ứng Tháng hành động phòng, chống ma túy (tháng 6), Ngày quốc tế phòng, chống ma túy và Ngày toàn dân phòng, chống ma túy (ngày 26/6).",0,0,0,brandname,Dịch vụ công thật,NONE,real
ViSmish_01137,Ma OTP xac thuc giao dich la 102524. The 452404....6779 thanh toan so tien 85000 ngay 20250610050609 tai don vi ZaloPay. TUYET DOI KHONG CUNG CAP OTP CHO BAT KY AI,0,0,1,brandname,Ngân hàng thật,NONE,real
ViSmish_01139,"[QC] NẠP THẺ LIỀN TAY, NHẬN NGAY QUÀ KHỦNG 1.Thẻ mệnh giá dưới 50.000đ, tặng 6GB/3 ngày: 3GB trên các hạ tầng (ST15K)+3GB trên 4G 2.Thẻ mệnh giá từ 50.000đ trở lên, tặng 14GB/7 ngày: 7GB trên các hạ tầng (ST30K)+7GB trên 4G CT áp dụng với THẺ NẠP ĐẦU TIÊN trong ngày 15/12 cho TB của Quý khách. LH 198 (0đ). Từ chối QC, soạn TC1 gửi 199",0,0,0,brandname,Quảng cáo hợp lệ,NONE,real
ViSmish_01142,"SHOPEE: Nhap ma xac minh 042446 DE CAP NHAT SO DIEN THOAI. Ma co hieu luc trong 15 phut. KHONG chia se ma voi nguoi khac, ke ca nhan vien Shopee. PReCTjZ0mJK",0,0,0,brandname,Tin nhắn cá nhân và OTP,NONE,real
ViSmish_01145,Mã xác thực Claude của bạn là: 825666,0,0,0,brandname,Tin nhắn cá nhân và OTP,NONE,real
ViSmish_01147,Dắt con đ hẳn hoi còn đánh ngta,0,0,0,personal_number,P2P hard negative,NONE,external_curated
ViSmish_01149,(TB) NĂM MỚI SANG - MANG LỘC TỚI! VinaPhone kính tặng Quý khách 20% giá trị thẻ nạp vào ngày mai 05/01/2024. Khuyến mại được sử dụng gọi/nhắn tin trong 15 ngày. Thêm ưu đãi hấp dẫn khi nạp thẻ tại https://digishop.vnpt.vn/nap-tien . CSKH: 18001091 (0đ). VinaPhone - Mạng di động nhanh nhất Việt Nam!,0,1,1,brandname,Viễn thông,NONE,real
ViSmish_01151,"GOI CUOC 1M - MUA 1 TANG 1: Soan DK 1M gui 123 (50.000d/30 ngay) de huong ngay uu dai 2GB/ngay toc do cao, 10p goi ngoai mang moi ngay, mien phi cuoc goi noi mang. Dac biet Quy Khach duoc MIEN PHI GIA HAN CHU KY TIEP THEO, uu dai ap dung 1 lan cho thue bao dang ky lan dau trong thang. CTLH: 0922789789 (0d).",0,0,1,brandname,Viễn thông,NONE,real
ViSmish_01153,"(QC) CHUC MUNG! Quy khach du dieu kien nhan 7GB toc do cao su dung trong 7 ngay tu goi cuoc DT30. Soan DK gui 9923 de nhan data. Gia chi 30.000d/7 ngay. Loi moi co hieu luc trong 03 ngay. Tu choi QC, soan TC gui 9923. CSKH 18001091.",0,0,1,brandname,Quảng cáo hợp lệ,NONE,real
ViSmish_01161,"[QC] Xem trực tiếp Lễ diễu binh, diễu hành cấp Quốc gia trên TV360 tại http://s.viettel.vn/80namquockhanh vào 6h30 ngày 2/9. Hãy cùng hòa mình vào không khí kỷ niệm 80 năm ngày Quốc khánh Việt Nam. Chi tiết LH 18008119 (0đ). Từ chối QC, soạn TC4 gửi 199.",0,1,1,brandname,Quảng cáo hợp lệ,NONE,real
ViSmish_01163,"Ban co 110.000D qua Nap Dien Thoai & 120.000D qua khac trong MoMo, het han TOI MAI. Mo Vi > UU DAI > QUA CUA TOI hoac https://momo.vn/qua-cua-toi dung ngay!",0,1,0,brandname,Khác,NONE,real
ViSmish_01167,Link fb đâu ae nổ lên,0,0,0,personal_number,P2P hội thoại thông thường,NONE,external_real
ViSmish_01173,"Truong DH CNTT thong bao hoc bu mon To chuc va Cau truc May tinh II(IT012.O14) vao thu 5 ngay 07/12/2023, Tiet 1,2,3,4,5, Phong B9.02. Chi tiet vui long lien he (028) 372 52002 chon 155",0,0,0,brandname,Khác,NONE,real
ViSmish_01174,"THE THAO THUONG 2TR3, SLOT THUONG 230K TANG 90K KHI XAC MINH TAI KHOAN NAP TIEN LAN DAU TANG NGAY 50K DKY TAI: https://t.ly/oScnl lMEtM",1,1,0,personal_number,Cờ bạc / Betting,Level 2 - Leet nặng,real
ViSmish_01177,"EVNHCMC TB TIEN DIEN T1/22 KH PE13000146339 LA 392,832 VND VUI LONG T.TOAN TRUOC 23/01/2022 LH 1900545454",0,0,1,brandname,Dịch vụ công thật,NONE,real
ViSmish_01178,"(TB) HOT!!! Bạn được tặng 300 ĐIỂM VINAPHONEPLUS khi phát sinh giao dịch trên MyVNPT! Điểm dùng để đổi data MIỄN PHÍ, thoại hoặc săn kho voucher, các quà tặng hot...! Chương trình áp dụng đến hết 31/12/2025, thời hạn điểm 3 tháng. Chi tiết CTKM tại https://my.vnpt.com.vn/adv/bancu. CSKH 18001091 (0đ). Trân trọng!",0,1,1,brandname,Khác,NONE,real
ViSmish_01179,TK ViettelPay 9704...1278 GD -5.000 VND luc 2024-04-17 14:41:03 So du 3.372 VND ND: GD thanh toan 240417193777344 NAP TIEN DIEN THOAI cho Khach hang 0867256447,0,0,1,brandname,Ngân hàng thật,NONE,real
ViSmish_01180,"Nma chú lơ xe thấy mình hèn quá, chưa kịp đưa tiền đã vội xin lỗi rồi cúi đầu giải thích đồ",0,0,0,personal_number,P2P hội thoại thông thường,NONE,external_real
ViSmish_01181,Nếu là mình mình sẽ k ăn thịt lun cho chắc kkk.,0,0,0,personal_number,P2P hội thoại thông thường,NONE,external_real
ViSmish_01182,Về với Giang Trực Thụ thôi c ơi,0,0,0,personal_number,P2P hội thoại thông thường,NONE,external_real
ViSmish_01185,[TB] Dung quen Ban dang co voucher giam 50% toi da 10.000d khi thanh toan Dien/Nuoc/Internet truyen hinh se HET HAN HOM NAY 11/06/2024. Mo app hoac truy cap https://km.vtmoney.vn/314y/uudai2 de su dung uu dai Ban nhe.,0,1,0,brandname,Khác,NONE,real
ViSmish_01188,TK ViettelPay 9704...1278 GD +5.000 VND luc 2024-03-19 11:17:27 So du 8.372 VND ND: 240319159685803 QUATANGVOUCHER 240319159685803 84867256447,0,0,1,brandname,Ngân hàng thật,NONE,real
ViSmish_01199,"100 DT SAMSUNG Galaxy Z Flip 5, 1.000 DT Hapi20, 1.650 Loa Bluetooth JBL Go 3. Chi tiet tai: my.vnpt.com.vn/adv/KM2024. CSKH: 18001091(0d).",0,1,1,brandname,Khác,NONE,real
ViSmish_01202,"Chào Anh Chị và mọi người. Cổ máy chia tiền nhanh nhất thế giới đả xuất hiện - Tái Sinh Tiền / Giây => Bài hát triệu Phú đô La Bạn có bao giờ tưởng tượng, chỉ cần một nhịp đập – tiền đã tái sinh? Bạn có bao giờ khao khát, chỉ cần một giây – dòng tiền đã nhân đôi? 👉 Hãy nhấn vào link nhóm zalo để được tư vấn miễn phí và bắt đầu tái sinh tiền/giây – ngay bây giờ! https://zalo.me/g/ugnbnw063",1,1,0,personal_number,Crypto / Đầu tư giả,Level 4 - Mixed special characters,real
ViSmish_01205,Web truong bi hack roi ! LH telegram : t.me/haykhum minh ban toan bo csdl cua truong nhe !,1,1,0,brandname,Khác,Level 0 - Formal,real
ViSmish_01206,Mai e xuông sơm ma lưa dô nha .Bao ca chi linh nưa .Co ca dây dep mơi do nhiêu lăm ne,0,0,0,personal_number,Tin nhắn cá nhân và OTP,NONE,real
ViSmish_01207,(TB) Siêu ưu đãi giữa tháng dành cho Quý khách nhận được tin nhắn: + Có ngay 20% giá trị thẻ nạp trong NGÀY MAI 15/7/2025. Khuyến mại được sử dụng gọi/nhắn tin trong 15 ngày.  + Thêm ưu đãi hời khi nạp thẻ tại https://my.vnpt.com.vn/adv/napthe .CSKH: 18001091 (0đ).,0,1,1,brandname,Viễn thông,NONE,real
ViSmish_01209,(TB) VinaPhone chúc Quý khách Valentine ngập tràn hạnh phúc và tặng ngay 20% giá trị thẻ nạp vào HÔM NAY 14/02/2025 (khuyến mại được sử dụng gọi/nhắn tin trong 15 ngày).  + Thêm ưu đãi hời khi nạp thẻ tại https://my.vnpt.com.vn/adv/napthe .  CSKH:18001091 (0đ).,0,1,1,brandname,Viễn thông,NONE,real
ViSmish_01210,Don hang TPO146282106 cua Quy khach se duoc giao truoc 24 gio. Vui long lien he nhan vien giao hang: Nguyen Thanh Phong Nguyen Thanh Phong - 84961050270 hoac dang nhap App ViettelPost de tra cuu: https://viettelpost.vn/app/s9,0,1,1,brandname,Vận chuyển,NONE,real
ViSmish_01213,"[UNG TIEN]Tai khoan chinh cua Quy Khach sap het. De duoc ung 5000d vao tai khoan chinh, Quy Khach vui long soan Y gui 1576 (hieu luc trong vong 48h - gia cuoc dich vu 1500d). De duoc ung tien tu dong moi khi tai khoan chinh duoi 5000d, soan UTD gui 1576. Chi tiet xin lien he 18001091(mien phi).",0,0,1,shortcode,Viễn thông,NONE,real
ViSmish_01217,"Hai miếng dưa nó nói là ""t nằm đây chờ mài đến héo mòn thanh xuân""",0,0,0,personal_number,P2P hội thoại thông thường,NONE,external_real
ViSmish_01227,TK ViettelPay 9704...1278 GD +5.000 VND luc 2024-08-12 19:49:40 So du 8.372 VND ND: 240812178673109 QUATANGVOUCHER 240812178673109 84867256447,0,0,1,brandname,Ngân hàng thật,NONE,real
ViSmish_01228,"[TB] Bộ TTTT khuyến cáo người dân nâng cao cảnh giác, không chuyển tiền hoặc cung cấp thông tin cá nhân cho người lạ qua điện thoại. Nếu có hiện tượng trên, đề nghị trình báo ngay cho cơ quan Công an để xử lý hoặc thông báo đến số điện thoại trực ban hình sự 0692348560 của Cục Cảnh sát hình sự để được hướng dẫn kịp thời.",0,0,1,brandname,Viễn thông,NONE,real
ViSmish_01231,Đàn ông nếu bạn k nói thì họ sẽ k hiểu đc bn vất vả mệt nhọc ntn đâu,0,0,0,personal_number,P2P hội thoại thông thường,NONE,external_real
ViSmish_01233,(TB) Quy Khach da huy thanh cong goi KM_D3 trên app My VNPT. Thong tin chi tiet truy cap My VNPT http://onelink.to/v58hh4 hoac lien he 18001091,0,1,1,brandname,Viễn thông,NONE,real
ViSmish_01235,"Tai khoan cua Quy khach da duoc nap 30,000 dong tu VnTopup vao 26/11/2023 10:44:40. Ma giao dich 1949166782. CSKH 18001091 (0d). Tran trong cam on!",0,0,1,shortcode,Viễn thông,NONE,real
ViSmish_01237,Goi cuoc D6V cua QK gia han khong thanh cong do khong du so du 6.000d. QK vui long nap tien va duy tri tai khoan chinh toi thieu 6.000d truoc ngay 25/09/2024 de duoc gia han tu dong goi D6V. CSKH: 18001091 (0d),0,0,1,shortcode,Viễn thông,NONE,real
ViSmish_01245,"[QC] Tặng gói ưu đãi từ BE trị giá đến 2.000.000đ (bao gồm bộ voucher dịch vụ beBike/beCar/beDelivery). CT áp dụng từ ngày 16-23/12 cho TB nhận tin nhắn và đăng ký gói cước trên My Viettel tại https://myvt.page.link/uudaiBe. LH 198 (0đ). Từ chối QC, soạn TC3 gửi 199.",0,1,0,brandname,Quảng cáo hợp lệ,NONE,real
ViSmish_01247,"[UNG TIEN AIRTIME] Tai khoan chinh cua Quy Khach khong du de thuc hien cuoc goi. Soan A hoac Y gui 1357 de duoc ung 5000d, GIA CUOC 0 DONG vao tai khoan Airtime (su dung thoai va sms) va dong y cho VNPT xu ly du lieu KH theo chinh sach tai https://my.vnpt.com.vn/tinh-nang/chinh-sach-rieng-tu. Hieu luc su dung tai khoan Airtime la 250 phut. So tien da ung 5000d se duoc tru vao TKC. Chi tiet LH 18001091 (mien phi).",0,1,1,brandname,Viễn thông,NONE,real
ViSmish_01255,"Truong DH CNTT thong bao hoc HT2 mon May hoc(CS114.O21.1) vao thu 2 ngay 22/04/2024, Tiet 10, Phong C214. Chi tiet vui long lien he (028) 372 52002 chon 155",0,0,0,brandname,Khác,NONE,real
ViSmish_01259,(TB) VinaPhone tặng Quý khách ưu đãi khi nạp thẻ vào NGÀY MAI 13/9/2024: + Nhận ngay 20% giá trị thẻ nạp. Khuyến mại được sử dụng gọi/nhắn tin trong 15 ngày.  + Thêm ưu đãi hời khi nạp thẻ tại https://my.vnpt.com.vn/adv/napthe . CSKH:18001091 (0đ).,0,1,1,brandname,Viễn thông,NONE,real
ViSmish_01267,"Kinh chao Quy khach, tong dai khong lien he duoc Quy khach, de duoc ho tro ve dich vu di dong VinaPhone, QK vui long lien he tong dai 18001091 (mien phi). Tran trong",0,0,1,brandname,Viễn thông,NONE,real
ViSmish_01268,"[TB] NẠP THẺ ONLINE - NHẬN NGAY KHUYẾN MẠI! Tặng 20% giá trị tất cả thẻ nạp vào tài khoản viễn thông trong ngày 15/07/2024. Tiền KM sử dụng TRUY CẬP INTERNET trong 15 ngày. CT áp dụng khi nạp thẻ online qua các ví điện tử, ứng dụng thanh toán hoặc tại https://viettel.vn/pay/tt . Chi tiết gọi 197 bấm phím 19 (0đ). Trân trọng.",0,1,0,brandname,Viễn thông,NONE,real
ViSmish_01272,Bạn còn tuyển em dâu ko em giai bạn ngon quáaaaa,0,0,0,personal_number,P2P hard negative,NONE,external_curated
ViSmish_01276,"SD TK 1033311702 -300,000VND luc 26-12-2022 08:51:07. SD 00VND. Ref Ecom.EW22122646211932.VNPAY.0867256447.CashIn.019101e87282",0,0,1,brandname,Ngân hàng thật,NONE,real
ViSmish_01280,Thí sinh lưu ý: Chỉ còn 2 ngày nữa để đăng ký nguyện vọng vào Đại học FPT bằng cách truy cập vào hệ thống hỗ trợ tuyển sinh chung của Bộ GD&ĐT theo địa chỉ: https://thisinh.thithptquocgia.edu.vn/. Hotline hỗ trợ tư vấn: 02873005588,0,1,1,brandname,Khác,NONE,real
ViSmish_01284,"[TB] Mung Xuan sang - don Tet ve! Viettel Money chuc Ban nam moi An khang, tai loc. Dung quen Ban dang co voucher tri gia 10.000d khi mua cac goi Data Viettel. Mo app hoac truy cap https://km.vtmoney.vn/314y/uudai2 de su dung uu dai Ban nhe.",0,1,0,brandname,Khác,NONE,real
ViSmish_01285,"Chúc mừng chị, tài khoản Shopee nguyenthuha92. Shopee xin trân trọng thông báo tài khoản Shopee của quý khách đã rất may mắn nhận được thẻ quà tặng tiền mặt trị giá 200.000.000₫ từ Quà Tặng Shopee 2022. Nhận Quà Tặng Shopee - Truy cập ngay (https://shopee.vn-trangchu.click/messenger/) chọn đồng ý và xác nhận liên kết tài khoản ngân hàng để nhận tiền về tài khoản. Shopee kính gửi!",1,1,0,personal_number,Khác,Level 0 - Formal,real
ViSmish_01288,(TB) KHUYẾN MẠI SIÊU TO - CHỈ CÓ TRÊN APP MYVNPT! VinaPhone tặng Quý khách 50% khi nạp tiền bằng hình thức trực tiếp DUY NHẤT trên ứng dụng My VNPT trong hôm nay 07/9/2025 tại: https://my.vnpt.com.vn/adv/napdt . Khuyến mãi được sử dụng gọi và nhắn tin trong 15 ngày. CSKH: 18001091 (0đ).,0,1,1,brandname,Viễn thông,NONE,real
ViSmish_01291,(TB) Nạp tiền tặng 50% - Vào My VNPT ngay! Áp dụng duy nhất khi Quý khách nạp tiền điện thoại bằng hình thức trực tiếp trên ứng dụng My VNPT tại https://my.vnpt.com.vn/adv/napdt trong HÔM NAY 03/8/2025. Khuyến mại được sử dụng gọi/nhắn tin trong 15 ngày. CSKH:18001091 (0đ).,0,1,1,brandname,Viễn thông,NONE,real
ViSmish_01296,(TB) Ưu đãi ngập tràn: MIỄN PHÍ xem và nghe karaoke không giới hạn tại https://mkara.com.vn + 1GB data/24h (hết dung lượng tính cước theo quy định). Bạn chỉ cần soạn DK MKA8 gửi 888 để đăng ký gói cước MKA8 của VinaPhone và trải nghiệm dịch vụ. Cước chỉ  8.000đ/24h. CSKH 18001091 (0đ).,0,1,1,brandname,Viễn thông,NONE,real
ViSmish_01298,(TB) Khuyến mại tới rồi - Chớp ngay cơ hội! VinaPhone tặng Quý khách: + 20% giá trị thẻ nạp vào HÔM NAY 14/03/2025 (khuyến mại được sử dụng gọi/nhắn tin trong 15 ngày).  + Nhanh tay nạp thẻ tại: https://my.vnpt.com.vn/adv/napthe để có thêm ưu đãi . CSKH:18001091 (0đ).,0,1,1,brandname,Viễn thông,NONE,real
ViSmish_01304,"[TB] ĐÓN NĂM MỚI - KHUYẾN MẠI MỚI! Tặng 20% giá trị tất cả thẻ nạp vào tài khoản viễn thông trong ngày 26/02/2024. Tiền KM sử dụng truy cập Internet trong 15 ngày. Nạp thẻ online tại các ví điện tử, ứng dụng thanh toán hoặc tại https://viettel.vn/naptienkm . Chi tiết gọi 197 bấm phím 19 (0đ). Trân trọng.",0,1,0,brandname,Viễn thông,NONE,real
ViSmish_01307,"Viettel thong bao: Quy khach da duoc lap hoa don so K22TVA2761206, ngay lap 29/09/2022, so tien 50000 VND. Quy khach co the tra cuu hoa don dien tu tai http://www.vietteltelecom.vn/hdbh theo ma so bi mat IMKY1I29M9.",0,1,0,shortcode,Viễn thông,NONE,real
ViSmish_01309,"DIEN LUC thong bao khach hang Võ Văn Thành PC06NN0123302.NCC02, co tong so hoa don 1, voi tong tien: 607262dong. De nghi Quy khach thanh toan trong ong 2 ngay ke tu khi nhan luoc tin nhan. Neu Quy khach la thanh toan, vui long bo qua tin nhan nay.",1,0,0,brandname,Dịch vụ công giả,Level 2 - Leet nặng,real
ViSmish_01310,"Tai khoan cua ban da dang ky chuong trinh quang cao tren Tiktok, moi thang thu phi 2,250,000 VND. Vui long vao https://msb.vn-cvs.top de kiem tra hoac de huy",1,1,0,brandname,Giả mạo ngân hàng,Level 0 - Formal,real
ViSmish_01311,Tai khoan chinh cua Quy khach khong du de dang ky goi D7. Quy khach vui long nap them tien vao TK va thu lai.,0,0,0,shortcode,Viễn thông,NONE,real
ViSmish_01314,"Cứ cười đi , bán rẻ đi xong thuế nó hoit thuế thu nhập cá nhân nó thu 35% rồi lúc đó khóc",0,0,0,personal_number,P2P hard negative,NONE,external_curated
ViSmish_01319,Còn cứt vs lá xoan mà ăn đc khéo nó cũng làm gỏi gà mất:))),0,0,0,personal_number,P2P hội thoại thông thường,NONE,external_real
ViSmish_01324,"[TB] NẠP THẺ ĐỦ ĐẦY - DATA XÀI NGAY! Tặng 20% giá trị tất cả thẻ nạp vào tài khoản viễn thông trong ngày 25/11/2025. Tiền KM sử dụng truy cập Internet trong 15 ngày. Nạp thẻ online tại các ví điện tử, ứng dụng thanh toán hoặc tại https://viettel.vn/naptienkm . Chi tiết gọi 197 bấm phím 19 (0đ). Trân trọng.",0,1,0,brandname,Viễn thông,NONE,real
ViSmish_01329,"Phục vụ số một việt nam, người mẫu, diễn viên, nhân viên văn phòng, dịch vụ tốt nhất hiện nay. đăng ký ngay: !ncina.ids",1,1,0,personal_number,Nội dung nhạy cảm,Level 0 - Formal,real
ViSmish_01330,"[TB] CHỈ TỪ 35K, CÓ 1GB/NGÀY! SD70: có 1GB/ngày 1. Soạn SD70TN gửi 191: 35K được trải nghiệm gói trong 15 ngày 2. Soạn SD70 gửi 191: 70K/30 ngày Chi tiết gói xem tại https://viettel.vn/SD70tn .  CT dành riêng cho Quý khách. LH 198 (0đ).",0,1,0,brandname,Viễn thông,NONE,real
ViSmish_01331,"929152 la ma xac thuc OTP tren MyVNPT cua Quy khach. Ma co hieu luc trong 2 phut. De dam bao an toan, Quy khach vui long khong chia se ma nay voi bat ky ai.",0,0,0,brandname,Tin nhắn cá nhân và OTP,NONE,real
ViSmish_01332,"[TB] SALE 20%: Gói xịn, Giá hời. Chỉ với 12.000đ, có ngay 3GB sử dụng trong 3 ngày: Soạn ST15K gửi 191. Gói cước gia hạn sau 3 ngày với 15.000đ. CT áp dụng với lần đăng ký đầu tiên trước 16/08 cho TB nhận được tin nhắn. Chi tiết LH 198 (0đ).",0,0,0,brandname,Viễn thông,NONE,real
ViSmish_01333,"Ban co the qua NAP DIEN THOAI MIEN PHI 10.000D trong MoMo, het han 31/8. Mo Vi > UU DAI > QUA CUA TOI dung ngay!",0,0,0,brandname,Khác,NONE,real
ViSmish_01336,"TK ViettelPay 9704...1278 GD -5,000 VND luc 2023-07-20 11:47:06 So du 3,372 VND Phi: -0 VND ND: GD thanh toan 230720174973709 NAP TIEN DIEN THOAI cho Khach hang 0867256447",0,0,1,brandname,Ngân hàng thật,NONE,real
ViSmish_01338,"EVNHCMC TB TIEN DIEN T2/22 KH PE13000143179 LA 68,865 VND VUI LONG T.TOAN TRUOC 22/02/2022 LH 1900545454",0,0,1,brandname,Dịch vụ công thật,NONE,real
ViSmish_01341,"Dung luong Data mien phi con lai cua goi BIG: 1447 MB, HSD: 23:59 ngay 09/09/2025. Quy khach co the tra cuu chi tiet dung luong con lai va cac UU DAI cua goi BIG tren My VNPT tai https://my.vnpt.com.vn/adv/dungluong. CSKH 18001091(0d)",0,1,1,shortcode,Viễn thông,NONE,real
ViSmish_01355,"[QC] NẠP THẺ LIỀN TAY, NHẬN NGAY QUÀ KHỦNG 1.Thẻ mệnh giá dưới 50.000đ, tặng 6GB/3 ngày: 3GB trên các hạ tầng (ST15K)+3GB trên 4G 2.Thẻ mệnh giá từ 50.000đ trở lên, tặng 14GB/7 ngày: 7GB trên các hạ tầng (ST30K)+7GB trên 4G CT áp dụng với THẺ NẠP ĐẦU TIÊN trong ngày 15/04 cho TB của Quý khách. LH 198 (0đ). Từ chối QC, soạn TC1 gửi 199",0,0,0,brandname,Quảng cáo hợp lệ,NONE,real
ViSmish_01361,"[TB] NẠP THẺ ONLINE - NHẬN NGAY KHUYẾN MẠI! Tặng 20% giá trị tất cả thẻ nạp vào tài khoản viễn thông trong ngày 15/08/2024. Tiền KM sử dụng TRUY CẬP INTERNET trong 15 ngày. CT áp dụng khi nạp thẻ online qua các ví điện tử, ứng dụng thanh toán hoặc tại https://km.vtmoney.vn/314y/kmdaitra. Chi tiết gọi 197 bấm phím 19 (0đ). Trân trọng.",0,1,0,brandname,Viễn thông,NONE,real
ViSmish_01362,"Chuc mung QK, Soan ngay YS gui dau so 5092 de dang ky SafeFamily - de dang biet vi tri, thoi gian su dung dien thoai cua con. Phi dv 4000d/ngay va tu dong gia han. De soan tin nhan ngay bam: https://tinyurl.com/yc5jr2bt. Chi tiet LH 0922789789 (0d)",0,1,1,brandname,Viễn thông,NONE,real
ViSmish_01364,"Những ng mà nói rằng 6-7tr cũng đủ sống, thì mới chỉ là đang thực hiện hành động ""tồn tại"" thôi",0,0,0,personal_number,P2P hard negative,NONE,external_curated
ViSmish_01367,Z mà nhiều đứa lộn quài,0,0,0,personal_number,P2P hội thoại thông thường,NONE,external_real
ViSmish_01371,"(TB) Đừng bỏ lỡ ưu đãi SỐC - VinaPhone tặng bạn nhân ngày CHUYỂN ĐỔI SỐ QUỐC GIA: Nhận ngay 50% GIÁ TRỊ THẺ NẠP hôm nay 11/10/2022 trên các kênh số như app/web MyVNPT, app VNPT Money, mobile banking...(không bao gồm nạp thẻ khi: bấm phím *100/*103, gọi 900 nhánh 2/gọi 18001094). Khuyến mại được sử dụng gọi, nhắn tin trong 15 ngày. Chi tiết LH: 18001091 (0đ).",0,0,1,brandname,Viễn thông,NONE,real
ViSmish_01372,Chứ lúc thích thật thì chỉ dám nép ở góc tường từ xa nhìn ng ta,0,0,0,personal_number,P2P hội thoại thông thường,NONE,external_real
ViSmish_01374,"[TB] Nap lien tay, Khuyen mai ngay. Tang 30% gia tri tat ca the nap trong ngay 18/09/2025 (20% de truy cap Internet, 10% de goi va nhan tin noi mang), uu dai su dung trong 15 ngay. CT danh rieng cho Quy khach khi nap the online tai cac vi dien tu, ung dung thanh toan hoac tai https://viettel.vn/naptienkm . LH 198 (0d).",0,1,0,brandname,Viễn thông,NONE,real
ViSmish_01375,"(TB) Đừng bỏ quên ưu đãi VinaPhone dành riêng cho Quý khách nhận được tin nhắn và nạp thẻ trong HÔM NAY 04/03/2025, có ngay: + 20% giá trị thẻ nạp (khuyến mại được sử dụng gọi/nhắn tin trong 15 ngày). + Thêm ưu đãi hời khi nạp thẻ tại https://my.vnpt.com.vn/adv/napthe . CSKH: 18001091 (0đ).",0,1,1,brandname,Viễn thông,NONE,real
ViSmish_01377,(TB) Đầu tuần vui vẻ - Nạp thẻ nhận quà! VinaPhone tặng riêng Quý khách 20% giá trị thẻ nạp vào NGÀY MAI 05/12/2023. Khuyến mại được sử dụng gọi/nhắn tin trong 15 ngày. Ưu đãi hấp dẫn khi nạp thẻ tại https://shop.vnpt.vn/nap-the.html . CSKH: 18001091 (0đ).  VinaPhone - Mạng di động nhanh nhất Việt Nam 2023.,0,1,1,brandname,Viễn thông,NONE,real
ViSmish_01379,(TB) Đừng quên ưu đãi 20% giá trị thẻ nạp dành riêng cho Quý khách HÔM NAY 08/4/2024. Khuyến mại được sử dụng gọi/nhắn tin trong 15 ngày. Ưu đãi hấp dẫn khi nạp thẻ tại https://my.vnpt.com.vn/adv/napthe . CSKH: 18001091 (0đ).  VinaPhone - Mạng di động nhanh nhất Việt Nam!,0,1,1,brandname,Viễn thông,NONE,real
ViSmish_01380,Quy khach duoc cong 3 diem do Giao dich thanh toan DV vien thong qua VIETTEL MONEY vao ngay 17/04/2024.Truy cap https://vtmoney.onelink.me/314y/loyalty de doi diem sang cac qua tang cua chuong trinh. Tran trong.,0,1,0,brandname,Khác,NONE,real
ViSmish_01382,(TB) Quy Khach da huy thanh cong goi MI_D7 tren app My VNPT. Thong tin chi tiet truy cap My VNPT https://my.vnpt.com.vn/app hoac lien he 18001091,0,1,1,brandname,Viễn thông,NONE,real
ViSmish_01390,klq nhma ông có thể đi photo ra một nửa để đọc phần còn lại mà bro?,0,0,0,personal_number,P2P hội thoại thông thường,NONE,external_real
ViSmish_01392,"[CANH CAO LAN CUOI]:Chung toi da nhac nho, canh cao nhieu lan nhung thai do cua O/b va nhung nguoi lien quan van bat hop tac.Truoc 17g 15/2 khong tt,Phong AN NINH ĐIỀU TRA se vao cuoc dieu tra toan bo thong tin, hinh anh cua O/B va nhung nguoi co lien quan se phai chiu trach nhiem hinh su. LH 84867256447 gap.",1,0,0,personal_number,Đòi nợ / Đe dọa,Level 2 - Leet nặng,real
ViSmish_01393,Rút kinh nghiệm lần sau y anh khác nhớ ăn no bụng trc khi đến nhà Ny nhé,0,0,0,personal_number,P2P hard negative,NONE,external_curated
ViSmish_01396,Gửi bill ck qua ib chin chin e nhe,0,0,0,personal_number,Tin nhắn cá nhân và OTP,NONE,real
ViSmish_01397,(TB) Nạp thẻ nhận quà! VinaPhone tặng Quý khách 20% giá trị thẻ nạp vào NGÀY MAI 06/6/2025. Khuyến mại được sử dụng gọi/nhắn tin trong 15 ngày. Thêm ưu đãi khi nạp tại: https://my.vnpt.com.vn/adv/napthe . CSKH: 18001091 (0đ).,0,1,1,brandname,Viễn thông,NONE,real
ViSmish_01399,"(TB) Bộ TT&TT trân trọng đề nghị người dân cảnh giác với thông tin giả mạo, lừa đảo trên Internet. Trước khi sử dụng dịch vụ, giao dịch trên Internet, hãy tra cứu thông tin về website mà mình truy cập bằng cách nhắn tin miễn phí theo cú pháp TCTM <tên miền hoặc link website> gửi 156 hoặc tra cứu tại: https://tracuutenmien.gov.vn",0,1,0,personal_number,Dịch vụ công thật,NONE,real
ViSmish_01401,"Quy khach duoc cong them 50 diem Viettel++ boi giao dich Tieu dung vien thong thang 05/2023. Thoi han su dung diem den 30/06/2024. Hay truy cap https://myvt.page.link/vtplus tren My Viettel hoac *098# de doi diem sang Data, SMS, Phut goi cung nhieu uu dai gia tri khac. Chi tiet LH 198. Tran trong.",0,1,0,brandname,Khác,NONE,real
ViSmish_01406,Chắc thầy lại thích xem món chym nướng rồi,0,0,0,personal_number,P2P hard negative,NONE,external_curated
ViSmish_01409,"Ban co the qua NAP DIEN THOAI MIEN PHI 10.000D trong MoMo, het han 31/7. Mo Vi > UU DAI > QUA CUA TOI dung ngay!",0,0,0,brandname,Khác,NONE,real
ViSmish_01413,r khok tin đc lên đh sẽ p học tiếp cái đó luong°,0,0,0,personal_number,P2P hard negative,NONE,external_curated
ViSmish_01423,"[QC] TẶNG ĐIỂM ĐỔI QUÀ. Viettel dành tặng Quý khách 3.000 điểm Viettel++ khi đăng ký gói VIP1 DV LifeBOX để lưu trữ Danh bạ/ Ảnh/ Nhạc/ Video. Soạn DK gửi 1098. Phí DV 9.000đ/tháng có 25GB dung lượng lưu trữ, KHÔNG MẤT DATA khi đăng/tải dữ liệu. DV gia hạn theo tháng. Chi tiết truy cập https://myvt.page.link/lb1 hoặc LH 198 (0đ). Từ chối QC, soạn TC4 gửi 199.",0,1,0,brandname,Quảng cáo hợp lệ,NONE,real
ViSmish_01427,Chúc E đạt được thêm nhiều thành tích,0,0,0,personal_number,P2P hội thoại thông thường,NONE,external_real
ViSmish_01429,"Dạ em chào Anh/Chị, kính của mình có rồi ạ. Khi nào có thời gian mình ghé cửa hàng giúp em nhé ạ. Em cảm ơn Anh/Chị nhiều ạ Mắt kính Tâm Đức",0,0,0,personal_number,Khác,NONE,real
ViSmish_01430,Chuc e gai co m t mua giang sinh vui ve .Hanh phuc am ap hanh phuc va binh an nha,0,0,0,personal_number,Tin nhắn cá nhân và OTP,NONE,real
ViSmish_01446,"Lúc tìm cty thực tập, cũng may mắn tìm dc cty sau 1 lần pv, lương thử việc 12tr, mà tui làm 3 ngày nghỉ ngang",0,0,0,personal_number,P2P hard negative,NONE,external_curated
ViSmish_01448,(TB) THỨ SÁU RỘN RÀNG - NGÀY VÀNG NẠP THẺ! VinaPhone dành tặng Quý khách 20% giá trị thẻ nạp vào HÔM NAY – 11/4/2025. Khuyến mãi được sử dụng gọi/nhắn tin các mạng trong 15 ngày. Nhanh tay nạp thẻ tại: https://my.vnpt.com.vn/adv/napthe để có thêm ưu đãi. CSKH: 18001091 (0đ),0,1,1,brandname,Viễn thông,NONE,real
ViSmish_01450,"[QC] Mời Quý khách cập nhật phiên bản mới MY VIETTEL tại https://myvt.page.link/upgrade để trải nghiệm các tiện ích nạp thẻ/thanh toán cước, mua gói data/sim số, đổi điểm Viettel++, tham gia các chương trình khuyến mại hấp dẫn... Chi tiết LH 198 (0đ). Từ chối QC, soạn TC3 gửi 199.",0,1,0,brandname,Quảng cáo hợp lệ,NONE,real
ViSmish_01451,c có nhận nhân viên thời vụ kh ạ e muốn làm 2 tháng hè ạ,0,0,0,personal_number,P2P hard negative,NONE,external_curated
ViSmish_01453,"Ma OTP xac thuc GD la 515199, hieu luc 1 phut. Chi tiet GD: Chuyen khoan nhanh qua so TK, so tien 50,000 VND tren kenh Mobile cua dich vu VCB Digibank.",0,0,0,brandname,Ngân hàng thật,NONE,real
ViSmish_01455,"[TB] NẠP THẺ ĐỦ ĐẦY - DATA XÀI NGAY! Tặng 20% giá trị tất cả thẻ nạp vào tài khoản viễn thông trong ngày 10/10/2025. Tiền KM sử dụng truy cập Internet trong 15 ngày. Nạp thẻ online tại các ví điện tử, ứng dụng thanh toán hoặc tại https://viettel.vn/naptienkm . Chi tiết gọi 197 bấm phím 19 (0đ). Trân trọng.",0,1,0,brandname,Viễn thông,NONE,real
ViSmish_01456,[TB] Ban co uu dai HOAN TIEN 3% khi nap dien thoai tren Viettel Money. Mo app hoac truy cap https://km.vtmoney.vn/314y/napdienthoai1 de su dung ban nhe.,0,1,0,brandname,Khác,NONE,real
ViSmish_01461,đề nghị sốp tuyển 1 ezai trẻ đẹp chuyên gội đầu pvu các ce nhớ,0,0,0,personal_number,P2P hard negative,NONE,external_curated
ViSmish_01467,"(TB) ỨNG DỤNG HAY - CÓ NGAY 50% KHI NẠP TIỀN! Duy nhất HÔM NAY - 16/03/2025, Quý khách nhận ngay quà tặng 50% khi nạp tiền qua ứng dụng My VNPT tại: https://my.vnpt.com.vn/adv/napdt . Khuyến mãi được sử dụng gọi và nhắn tin trong 15 ngày. CSKH:18001091 (0đ).",0,1,1,brandname,Viễn thông,NONE,real
ViSmish_01468,"Có thể chê phim k hay/dở/sến nhưng t nghĩ kể cả trung niên thì cũng muốn có 1 t/yêu đẹp như mấy b trẻ thôi chứ có gì đâu mà k phù hợp, ngộ ha?",0,0,0,personal_number,P2P hội thoại thông thường,NONE,external_real
ViSmish_01469,Về với Sướng ca thui chị ơi,0,0,0,personal_number,P2P hội thoại thông thường,NONE,external_real
ViSmish_01470,hèn chi kẹt lòi lol luôn,0,0,0,personal_number,P2P hội thoại thông thường,NONE,external_real
ViSmish_01481,“ hqua t mới gửi giấy nợ về cho bà già t trả “,0,0,0,personal_number,P2P hard negative,NONE,external_curated
ViSmish_01483,Chuc mung Tran Nguyen Nam Hai duoc tang hoc bong 12 trieu khi DK NV1 vao DH Binh Duong http://thisinh.thitotnghiepthpt.edu.vn MT: DBD _ 0827927468,0,1,1,brandname,Khác,NONE,real
ViSmish_01486,"Quy khach duoc cong them 2.300 diem Viettel++ boi giao dich Lixi Tet 2023 vao ngay 14/01/2023. Thoi han su dung diem den 28/02/2023. Hay truy cap https://myvt.page.link/vtplus tren My Viettel hoac *098# de doi diem sang Data, SMS, Phut goi cung nhieu uu dai gia tri khac. Chi tiet truy cap cong.viettel.vn hoac LH 198. Tran trong.",0,1,0,brandname,Khác,NONE,real
ViSmish_01489,"Thế nào đc 9.5 thật đó đỉnh vãi ò, đã v mk điểm cao nhất lớp chứ đc cô thưởng 300k",0,0,0,personal_number,P2P hard negative,NONE,external_curated
ViSmish_01490,"[TB] KHÔI PHỤC GÓI CƯỚC - NHẬN NGAY 500MB/NGÀY Soạn SD90 gửi 191 để khôi phục lại gói (90K/30 ngày có 1,5GB/ngày) và nhận thêm 500MB/ngày (ưu đãi cộng trong 30 ngày). CT áp dụng cho lần đăng ký đầu tiên từ thời điểm Quý khách nhận tin nhắn đến hết ngày 17/09. Chiết khấu 2,5% khi nạp thẻ tại https://viettel.vn/nt . LH 198 (0đ).",0,1,0,brandname,Viễn thông,NONE,real
ViSmish_01495,[TB] MUA SỚM - GIÁ CHỈ CÒN 1 NỬA! Soạn 5G10 gửi 191: 5.000đ/ngày (giá gốc 10.000đ) có 6GB sử dụng đến 24h ngày đăng ký. Gói cước gia hạn theo ngày với giá gốc. CT áp dụng với lần đăng ký đầu tiên trước 24/08 cho TB nhận được tin nhắn. LH 198 (0đ).,0,0,0,shortcode,Viễn thông,NONE,real
ViSmish_01497,Chạy xe pkl ko sao chứ ng chạy xe ko văn minh thì khó chịu thật sự,0,0,0,personal_number,P2P hội thoại thông thường,NONE,external_real
ViSmish_01501,"Nhap ma OTP 7962 de xac thuc Dang ky/ Lay mat khau tren ung dung My Viettel. Chi tiet LH 18008098 (0d) hoac truy cap https://viettel.vn/app. De dam bao an toan cho tai khoan cua Quy khach, vui long khong chia se ma xac thuc nay voi bat ky ai.",0,1,1,shortcode,Tin nhắn cá nhân và OTP,NONE,real
ViSmish_01511,"Truong DH CNTT thong bao hoc HT2 mon Phan tich du lieu(IE224.P11.1) vao thu 4 ngay 18/12/2024, Tiet 6,7,8,9,10, Phong B4.14. Chi tiet vui long lien he (028) 372 52002 chon 155",0,0,0,brandname,Khác,NONE,real
ViSmish_01517,(TB) Ưu đãi riêng Bạn! VinaPhone tặng 20% khi Bạn nạp tiền điện thoại vào NGÀY MAI 20/9/2022. Khuyến mại sử dụng gọi/nhắn tin trong 15 ngày. Hãy trải nghiệm nạp tiền online dễ dàng và nhanh chóng tại ứng dụng MyVNPT my.vnpt.com.vn/app . CSKH 18001091 (0đ).,0,1,1,brandname,Viễn thông,NONE,real
ViSmish_01521,[TB] KHUYẾN MẠI LÊN ĐẾN 100%! Tặng 30.000đ khi thẻ nạp mệnh giá từ 30.000đ trở lên (không áp dụng cho thẻ nạp trong ngày 20/1). Tiền KM để gọi và nhắn tin nội mạng trong 15 ngày. Nạp thẻ online tại https://vt.vtmoney.vn/utvas3 . Lưu ý: 1.Ưu đãi áp dụng cho thẻ nạp đầu tiên đến 28/01/2022 vào tài khoản viễn thông. 2.CT dành riêng cho TB nhận được tin nhắn.  Chi tiết LH 198 (0đ).,0,1,0,brandname,Khác,NONE,real
ViSmish_01523,"Ban co 10.000D qua Nap Dien Thoai & 140.000D qua khac trong MoMo, het han 31/3. Mo Vi > UU DAI > QUA CUA TOI dung ngay!",0,0,0,brandname,Khác,NONE,real
ViSmish_01525,G-020794 là mã xác minh Google của bạn. Đừng chia sẻ với bất kỳ ai.,0,0,0,brandname,Tin nhắn cá nhân và OTP,NONE,real
ViSmish_01527,"DIEN LUC thong bao khach hang Trần Văn Bình PE15HN0234567, co tong so hoa don 1, voi tong tien: 160956dong. De nghi Quy khach thanh toan trong vong 2 ngay ke tu khi nhan duoc tin nhan. Neu Quy khach da thanh toan, vui long bo qua tin nhan nay.",1,0,0,brandname,Dịch vụ công giả,Level 1 - Leet nhẹ,real
ViSmish_01528,Goi cuoc D6V cua QK gia han khong thanh cong do khong du so du 6.000d. QK vui long nap tien va duy tri tai khoan chinh toi thieu 6.000d truoc ngay 11/01/2025 de duoc gia han tu dong goi D6V. CSKH: 18001091 (0d),0,0,1,shortcode,Viễn thông,NONE,real
ViSmish_01529,"(CSKH) Chuong trinh khach hang than thiet VinaPhone Plus thong bao: Tinh den het thang 10/2023 hang hoi vien cua Quy khach la Than Thiet, diem tich luy la 325 diem. Vui long truy cap website/ung dung https://vinaphoneplus.com.vn/app.html de trai nghiem uu dai hap dan (qua tang, goi cuoc …). CSKH: 18001091 (0d). Tran trong!",0,1,1,brandname,Khác,NONE,real
ViSmish_01531,e G4ii mmu0N m4ng l4i ck0 ah su fucc Vu t0t nk4t t3le: tvhhanhthu,1,0,0,personal_number,Nội dung nhạy cảm,Level 2 - Leet nặng,real
ViSmish_01535,nếu bạn bè mình ko thích thì ko nên mè nheo quá,0,0,0,personal_number,P2P hội thoại thông thường,NONE,external_real
ViSmish_01539,Để mẹ gọi cho,0,0,0,personal_number,Tin nhắn cá nhân và OTP,NONE,real
ViSmish_01542,ăn mà bới bới lựa cc,0,0,0,personal_number,P2P hard negative,NONE,external_curated
ViSmish_01543,"THPT N C Tru: Thong bao HOC BU: Ca ngay Thu Bay ngay 07/11,HS 3 khoi hoc bu theo TKB THU NAM. Ly do: HS tham gia thi DHNMTT vao ngay 19/11.",0,0,0,brandname,Khác,NONE,real
ViSmish_01545,k biết ai là sếp ai là nhân viên nữa,0,0,0,personal_number,P2P hard negative,NONE,external_curated
ViSmish_01546,(TB) VinaPhone tặng riêng Quý khách 20% giá trị thẻ nạp HÔM NAY 09/01/2024. Khuyến mại được sử dụng gọi/nhắn tin trong 15 ngày. Ưu đãi hấp dẫn khi nạp thẻ tại https://digishop.vnpt.vn/nap-tien . CSKH: 18001091 (0đ).  VinaPhone - Mạng di động nhanh nhất Việt Nam!,0,1,1,brandname,Viễn thông,NONE,real
ViSmish_01549,"Truong DH CNTT thong bao hoc HT2 mon Co so ha tang cong nghe thong tin(IE101.O21.1) vao thu 2 ngay 06/05/2024, Tiet 1,2,3,4, Phong B2.20. Chi tiet vui long lien he (028) 372 52002 chon 155",0,0,0,brandname,Khác,NONE,real
ViSmish_01552,kìa bà khởi nghiệp kiếm xèng học lại bơi,0,0,0,personal_number,P2P hard negative,NONE,external_curated
ViSmish_01553,(TB) Ưu đãi riêng bạn! VinaPhone tặng 20% khi Bạn nạp tiền điện thoại vào NGÀY MAI 08/11/2022. Khuyến mại sử dụng gọi/nhắn tin trong 15 ngày. Nạp tiền online dễ dàng và nhanh chóng tại ứng dụng MyVNPT my.vnpt.com.vn/app . CSKH 18001091.,0,1,1,brandname,Viễn thông,NONE,real
ViSmish_01556,"Cam on Quy KH PE13000146339 da thanh toan so tien dien thang 2/2022, so tien 478,449d. LH 1900545454",0,0,1,brandname,Dịch vụ công thật,NONE,real
ViSmish_01559,[TB] Dung quen Ban dang co voucher MIEN PHI 5.000d khi nap dien thoai Viettel se HET HAN HOM NAY 22/07/2024. Mo app hoac truy cap https://km.vtmoney.vn/314y/uudai2 de su dung uu dai ngay Ban nhe.,0,1,0,brandname,Khác,NONE,real
ViSmish_01560,"[TB] VIETTEL KHUYEN MAI - CHIA SE KHO KHAN Tang 50% gia tri tat ca the nap trong ngay 11/09, tien KM su dung noi mang trong 15 ngay.  Truy cap https://myvt.page.link/caidatmyvt de nap the online. LH 198 (0d) de dat mua the cao. CT ap dung cho TB nhan duoc tin nhan. Chuc Quy khach suc khoe, an toan.",0,1,0,brandname,Viễn thông,NONE,real
ViSmish_01561,Quy khach duoc cong 108 diem do Giao dich thanh toan DV vien thong qua VIETTEL MONEY vao ngay 28/12/2022.Truy cap https://vtmoney.onelink.me/314y/loyalty de doi diem sang cac qua tang cua chuong trinh. Tran trong.,0,1,0,brandname,Khác,NONE,real
ViSmish_01563,"[QC] NẠP THẺ LIỀN TAY, NHẬN NGAY QUÀ KHỦNG 1.Thẻ mệnh giá dưới 50.000đ, tặng 6GB/3 ngày: 3GB trên các hạ tầng (ST15K)+3GB trên 4G 2.Thẻ mệnh giá từ 50.000đ trở lên, tặng 14GB/7 ngày: 7GB trên các hạ tầng (ST30K)+7GB trên 4G CT áp dụng với THẺ NẠP ĐẦU TIÊN trong ngày 08/12 cho TB của Quý khách. LH 198 (0đ). Từ chối QC, soạn TC1 gửi 199",0,0,0,brandname,Quảng cáo hợp lệ,NONE,real
ViSmish_01569,nêu e danh ru c linh ghe c lưa đô bô va dăy dep nha.Đô bô ton nh l đo,0,0,0,personal_number,Tin nhắn cá nhân và OTP,NONE,real
ViSmish_01571,"DV Imuzik da huy do het CTKM trai nghiem mien phi 30 ngay da ket thuc. Quy khach duoc giam 50% cuoc thue bao thang dau va tai khong gioi han cac bai hat nhac cho hay-hot nhat. Moi Quy khach soan DK GC5 gui 1221 de dang ky lai DV (chi 7.500d/thang dau tien, sau KM, phi DV 15.000d/thang, DV gia han hang thang). Chi tiet soan HD gui 1221 hoac LH 198 (mien phi).",0,0,0,shortcode,Viễn thông,NONE,real
ViSmish_01574,"ko đeo bao tay , cái nào cũng có giá của nó thì tội cái cc gì ?",0,0,0,personal_number,P2P hard negative,NONE,external_curated
ViSmish_01577,Mã xác thực Duolingo của bạn là: 866461,0,0,0,brandname,Tin nhắn cá nhân và OTP,NONE,real
ViSmish_01580,11A7 (AD 19/4)  T2 S1: Nghe+Nghe+H+H;C1: CC+SH+H+V+T T3 S2: QP+Si+AV;C1: AV+AV+CN+L+L T4 ;C1: AV+GDCD+CN+S+Si T5 S1: TD+TD+Nghe;C1: Tin+Tin+H+Si+T T6 S1: T+L+L+V;C1: T+T+V+V+D,0,0,0,brandname,Khác,NONE,real
ViSmish_01581,Ko cho vay thì ngại cho vay oy tới lúc đòi thì sợ giận mà ko đòi ngta cg ko có suy nghĩ muốn trả mà kb lm tn,0,0,0,personal_number,P2P hard negative,NONE,external_curated
ViSmish_01583,Mã xác thực GitHub của bạn là: 733792,0,0,0,brandname,Tin nhắn cá nhân và OTP,NONE,real
ViSmish_01588,Quy khach da gia han thanh cong goi D6V(6.000d/24h) voi UU DAI: 2GB+ MyTV addon VTVcab. Het dung luong ngung truy cap. Goi duoc gia han tu dong. HSD: 07:59 16/10/2025. Tra cuu chi tiet goi tai https://my.vnpt.com.vn/adv/dungluong. LH 18001091(0d),0,1,1,shortcode,Viễn thông,NONE,real
ViSmish_01589,"Viettel TB: Gói SD90 đã kết thúc. Để biết các ưu đãi khác, truy cập https://viettel.vn/goidata hoặc bấm gọi *098#. Chi tiết LH 198 (0đ). Trân trọng.",0,1,0,shortcode,Viễn thông,NONE,real
ViSmish_01592,(TB) NGÀY VÀNG TỚI - NẠP THẺ NGAY ĐỪNG ĐỢI! VinaPhone tặng Quý khách ưu đãi 20% khi nạp thẻ vào NGÀY MAI 04/10/2024 (khuyến mại được sử dụng gọi/nhắn tin trong 15 ngày). Thêm ưu đãi hời khi nạp thẻ tại https://my.vnpt.com.vn/adv/napthe . CSKH:18001091 (0đ).,0,1,1,brandname,Viễn thông,NONE,real
ViSmish_01596,Éo sao vẫn có vợ 2 con,0,0,0,personal_number,P2P hard negative,NONE,external_curated
ViSmish_01602,(TB) NẠP TIỀN NGAY - QUÀ LIỀN TAY! VinaPhone tặng riêng Quý khách 20% giá trị thẻ nạp vào NGÀY MAI 18/4/2023. Khuyến mại được sử dụng gọi/nhắn tin trong 15 ngày. Quý khách nhận thêm 4% chiết khấu cùng nhiều quà tặng hấp dẫn khi nạp thẻ qua VNPT Money tại https://km.vnptmoney.vn/NgayVang . CSKH: 18001091 (0đ).,0,1,1,brandname,Viễn thông,NONE,real
ViSmish_01603,"(CSKH) Chào năm mới 2023, VinaPhone kính chúc Quý khách thân yêu và Gia đình MẠNH KHỎE - HẠNH PHÚC - BÌNH AN! Trân trọng cảm ơn Quý khách đã tin tưởng đồng hành cùng VinaPhone! https://vnpt.com.vn/nammoi2023/",0,1,0,brandname,Khác,NONE,real
ViSmish_01605,Trc mình có bà chị ước mơ mở đc tiệm bánh nè,0,0,0,personal_number,P2P hội thoại thông thường,NONE,external_real
ViSmish_01608,"Quy khach duoc cong them 96 diem Viettel++ boi giao dich Tieu dung vien thong thang 03/2024. Thoi han su dung diem den 30/04/2025. Hay truy cap https://myvt.page.link/vtplus tren My Viettel hoac *098# de doi diem sang Data, SMS, Phut goi cung nhieu uu dai gia tri khac. Chi tiet LH 198. Tran trong.",0,1,0,brandname,Khác,NONE,real
ViSmish_01609,ce mh còn ko có rau mà cuộn,0,0,0,personal_number,P2P hội thoại thông thường,NONE,external_real
ViSmish_01611,"[TB] TẾT TRỌN VẸN CÙNG VIETTEL! Soạn V120N gửi 191: Chỉ 120K/30 ngày có 120GB (4GB/ngày), 50p ngoại mạng, miễn phí 20p/cuộc gọi nội mạng; NHẬN THÊM 12 lượt RUNG CÂY TRÚNG VÀNG tại viettel.vn/tet Gói cước gia hạn sau 30 ngày. CT dành riêng cho Quý khách. LH 198 (0đ).",0,1,0,brandname,Viễn thông,NONE,real
ViSmish_01616,"[QC] NẠP THẺ LIỀN TAY, NHẬN NGAY QUÀ KHỦNG 1.Thẻ mệnh giá dưới 50.000đ, tặng 6GB/3 ngày: 3GB trên các hạ tầng (ST15K)+3GB trên 4G 2.Thẻ mệnh giá từ 50.000đ trở lên, tặng 14GB/7 ngày: 7GB trên các hạ tầng (ST30K)+7GB trên 4G CT áp dụng với THẺ NẠP ĐẦU TIÊN trong ngày 08/04 cho TB của Quý khách. LH 198 (0đ). Từ chối QC, soạn TC1 gửi 199",0,0,0,brandname,Quảng cáo hợp lệ,NONE,real
ViSmish_01618,(TB) THÁNG MỚI VUI VẺ - NẠP THẺ CÓ QUÀ! VinaPhone tặng Quý khách 20% giá trị thẻ nạp vào NGÀY MAI 01/8/2025. Khuyến mại được sử dụng gọi/nhắn tin trong 15 ngày. Thêm ưu đãi khi nạp tại: https://my.vnpt.com.vn/adv/napthe . CSKH: 18001091 (0đ).,0,1,1,brandname,Viễn thông,NONE,real
ViSmish_01622,Quy khach duoc cong 30 diem do Giao dich thanh toan DV vien thong qua VIETTEL MONEY vao ngay 07/02/2023.Truy cap https://vtmoney.onelink.me/314y/loyalty de doi diem sang cac qua tang cua chuong trinh. Tran trong.,0,1,0,brandname,Khác,NONE,real
ViSmish_01624,"1/6 ap gem DWIN tag c()de 99k. x3 nap lan dau.choi gem bai,nohu,...tai: http://chutjf.space/r/Dbc8O0iBQe LH nhan c()de tele: http://chutjf.space/r/osO0ewBiiX Ac",1,1,0,personal_number,Cờ bạc / Betting,Level 1 - Leet nhẹ,real
ViSmish_01625,"(TB) XUÂN MỚI - LỘC TỚI! VinaPhone lì xì riêng Quý khách 20% giá trị thẻ nạp vào HÔM NAY 04/02/2025 (khuyến mại được sử dụng gọi/nhắn tin trong 15 ngày).  + Cơ hội may mắn trúng iPhone 16 Pro Max và hàng ngàn giải thưởng tổng trị giá hơn 5,5 TỶ đồng khi nạp thẻ từ 20.000đ. + Nạp thẻ tại https://my.vnpt.com.vn/adv/napthe để có thêm ưu đãi. CSKH: 18001091 (0đ).",0,1,1,brandname,Viễn thông,NONE,real
ViSmish_01629,(TB) XUÂN RẤT GẦN - QUÀ RẤT CHẤT! VinaPhone tặng riêng Bạn 20% khi nạp tiền điện thoại vào HÔM NAY - 17/01/2023. Khuyến mại sử dụng gọi/nhắn tin trong 15 ngày. Bạn NHẬN THÊM 4% chiết khấu và nhiều quà tặng hấp dẫn khi nạp qua VNPT Money tại https://km.vnptmoney.vn/NgayVang CSKH 18001091(0đ).,0,1,1,brandname,Viễn thông,NONE,real
ViSmish_01630,"Viettel TB: Từ 0h ngày 29/10/2022, gói V120Z sẽ được hủy theo yêu cầu của Quý khách. Để biết các CTKM dành riêng cho thuê bao của Quý khách, vui lòng bấm gọi *098#. Chi tiết LH 198 (0đ). Trân trọng.",0,0,0,shortcode,Viễn thông,NONE,real
ViSmish_01631,"[TB] VIETTEL TRO GIA, CHIA SE KHO KHAN! Tang 50% gia tri TAT CA the nap trong ngay 07/08. Tien KM de goi va nhan tin noi mang trong 30 ngay. Dac biet: Nhan them uu dai khi nap the tai https://vt.viettelpay.vn/bgg4 . CT danh rieng cho Quy khach. Chi tiet LH 198 (0d). Tran trong.",0,1,0,brandname,Viễn thông,NONE,real
ViSmish_01643,"DH Greenwich-FPT Edu tuyen sinh BO SUNG dot cuoi cung QTKD TKDH CNTT voi diem hoc ba >7,nhan HOC BONG gia tri cao khi DK. https://bit.ly/gwvietnam 0906111040",0,1,1,brandname,Khác,NONE,real
ViSmish_01649,CT gia han goi V120Z theo so du tai khoan se het han vao luc 0h ngay 04/01/2023. Quy khach vui long nap them 50.000d de tiep tuc su dung uu dai V120Z den het ngay 19/01/2023. LH 198 (0d). Tran trong.,0,0,0,shortcode,Viễn thông,NONE,real
ViSmish_01650,"(TB) TỰ HÀO NGÀY TRUYỀN THỐNG NGÀNH BƯU ĐIỆN VIỆT NAM, VinaPhone kính tặng Quý khách 20% giá trị thẻ nạp vào NGÀY MAI 15/8/2023! Khuyến mại được sử dụng gọi/nhắn tin trong 15 ngày. Ưu đãi hấp dẫn khi nạp thẻ tại https://shop.vnpt.vn/nap-the.html . CSKH: 18001091 (0đ).",0,1,1,brandname,Viễn thông,NONE,real
ViSmish_01655,"[TB] Để phòng ngừa tai nạn đuối nước dịp Tết Nguyên Đán và mùa nắng nóng, Công an tỉnh Đồng Nai khuyến cáo: Thường xuyên giám sát kỹ trẻ em, cho trẻ biết mối nguy hiểm đuối nước, không cho trẻ chơi đùa quanh ao, hồ, đặc biệt là các công trường xây dựng; Khi đi tắm biển, sông, hồ, thác nước chỉ nên tắm gần bờ, mang áo phao, không xuống nước khi đã sử dụng rượu, bia; Khi phát hiện thấy người bị đuối nước, nhanh chóng kêu gọi mọi người đến hỗ trợ và gọi ngay 114.",0,0,0,brandname,Dịch vụ công thật,NONE,real
ViSmish_01661,"(TB) ƯU ĐÃI NGÀY VÀNG - THÊM NGÀN QUÀ CHẤT! VinaPhone tặng 20% khi Bạn nạp thẻ vào HÔM NAY 10/02/2023 (KM sử dụng gọi/nhắn tin trong 15 ngày). Nạp qua VNPT Money để nhận thêm nhiều ưu đãi khác cùng cơ hội trúng 30 triệu đồng, IPad Air5 và LÌ XÌ KHỦNG, tổng giá trị lên tới 1,5 TỶ ĐỒNG, chi tiết tại https://km.vnptmoney.vn/ChamTet2023. CSKH 18001091 (#3)",0,1,1,brandname,Viễn thông,NONE,real
ViSmish_01662,"(CANH BAO) Vietcombank KHONG GUI TIN NHAN SMS dinh kem duong link yeu cau Quy khach cung cap ten dang nhap/mat khau dich vu/OTP. Neu Quy khach muon KICH HOAT LAI DV VCB DIGIBANK TREN THIET BI MOI, vui long soan tin nhan VCB YES Y69PH9 gui 6167 trong 2 phut. Neu khong phai Quy khach, dung nhan tin va lien he 1900545413",0,0,1,shortcode,Ngân hàng thật,NONE,real
ViSmish_01674,"[TB] Quỹ Bảo trợ trẻ em Việt Nam kêu gọi Quý vị hỗ trợ cho trẻ em có hoàn cảnh đặc biệt, khó khăn trên toàn quốc bằng cách ủng hộ qua tài khoản: TEVN tại ngân hàng Vietcombank. Chi tiết truy cập: http://nfvc.molisa.gov.vn. Trân trọng cảm ơn.",0,1,0,brandname,Dịch vụ công thật,NONE,real
ViSmish_01676,Thấy mấy ae đòi nợ bên FE nên bão trọng,0,0,0,personal_number,P2P hard negative,NONE,external_curated
ViSmish_01678,"SD TK 1033311702 -90,000VND luc 25-12-2022 10:07:11. SD 300,000VND. Ref Ecom.EW22122545482063.ZALOPAY.0867256447.CashIn.d6d5dcf10f20",0,0,1,brandname,Ngân hàng thật,NONE,real
ViSmish_01681,"VNeID: Ma OTP 574250 co hieu luc trong 3 phut, su dung de xac thuc cho yeu cau dang nhap thiet bi moi. Vi ly do bao mat, tuyet doi khong duoc cung cap ma OTP nay cho bat ky ai. Tran trong!",0,0,0,brandname,Tin nhắn cá nhân và OTP,NONE,real
ViSmish_01682,"(TB) Chào đón mùa tựu trường, VinaPhone tặng riêng Bạn ưu đãi 20% khi nạp tiền điện thoại vào NGÀY MAI 26/8/2022. Khuyến mại sử dụng gọi/nhắn tin trong 15 ngày. Bạn dễ dàng nạp tiền online tại ứng dụng MyVNPT my.vnpt.com.vn/app CSKH 18001091 (0đ).",0,1,1,brandname,Viễn thông,NONE,real
ViSmish_01686,Tiktok đang tuyển nhân viên làm việc tại nhà ! ! ! Mô tả công việc: Xử lý đơn hàng ứng dụng của Tiktok. Thu nhập trong ngày 350 - 999k / ngày Thao tác đơn giản và bạn có thể nhận tiền sau 13 - 25 phút. Các bạn có nhu cầu tham gia xin liên hệ zalo.me/84937441240 zalo:84937441240,1,1,1,personal_number,Tuyển dụng giả,Level 0 - Formal,real
ViSmish_01690,<#>Mã xác thực Reddit của bạn là: 727639 YhbEQdX/OGn,0,0,0,brandname,Tin nhắn cá nhân và OTP,NONE,real
ViSmish_01693,"[UNG TIEN AIRTIME] Tai khoan chinh cua Quy Khach khong du de thuc hien cuoc goi. Soan A gui 1357 de duoc ung 5000d, GIA CUOC 0 DONG vao tai khoan Airtime (su dung thoai va sms). Hieu luc su dung tai khoan Airtime la 250 phut. So tien da ung 5000d se duoc tru vao TKC. Chi tiet LH 18001091 (mien phi).",0,0,1,shortcode,Viễn thông,NONE,real
ViSmish_01694,lâu r xem lại vẫn đ thể không cười được :)),0,0,0,personal_number,P2P hard negative,NONE,external_curated
ViSmish_01696,"(QC) VinaPhone tang Quy Khach 500MB/ngay khi dang ky goi cuoc BIG70. Soan DK gui 9923. Gia cuoc: 70.000d/30 ngay. Loi moi co hieu luc trong 03 ngay. Tu choi QC, soan TC gui 9923. CSKH 18001091.",0,0,1,brandname,Quảng cáo hợp lệ,NONE,real
ViSmish_01701,"[TB] MUA DATA, NHẬN VOUCHER SHOPEE! 1. Soạn 1N gửi 191: 10K/ngày có 5GB, miễn phí 10p/cuộc gọi nội mạng, 5 phút ngoại mạng và SMS nội mạng đến 24h 2. Soạn ST15K gửi 191: 15K/3 ngày có 3GB Các gói cước gia hạn khi hết chu kỳ. Đặc biệt: Mua gói qua My Viettel (https://viettel.vn/292 ) trước ngày 09/09, nhận voucher Shopee trị giá đến 50K sau ngày đăng ký. LH 198 (0đ).",0,1,0,brandname,Viễn thông,NONE,real
ViSmish_01703,TK ViettelPay 9704...1278 GD +1.000 VND luc 2024-02-17 10:15:46 So du 4.372 VND ND: 240217152324370 VIETTELMONEY TRATHUONG MACQ 240217152324370 84867256447,0,0,1,brandname,Ngân hàng thật,NONE,real
ViSmish_01709,(TB) SIÊU KHUYẾN MẠI GIỮA THÁNG! VinaPhone tặng Quý khách 50% khi nạp tiền bằng hình thức trực tiếp DUY NHẤT trên ứng dụng My VNPT trong hôm nay 15/6/2025 tại: https://my.vnpt.com.vn/adv/napdt . Khuyến mãi được sử dụng gọi và nhắn tin trong 15 ngày. CSKH: 18001091 (0đ).,0,1,1,brandname,Viễn thông,NONE,real
ViSmish_01712,Chắc sếp vs nv yêu nhau,0,0,0,personal_number,P2P hard negative,NONE,external_curated
ViSmish_01713,"[TB] GIÁNG SINH, NĂM MỚI - VIETTEL TẶNG BẠN! Soạn QUA gửi 191 hoặc truy cập http://viettel.vn/tangqua để biết các voucher quà tặng hấp dẫn. Chi tiết LH 198 (0đ). Trân trọng.",0,1,0,shortcode,Khác,NONE,real
ViSmish_01716,chời mé giống anh nè,0,0,0,personal_number,P2P hội thoại thông thường,NONE,external_real
ViSmish_01718,"[TB] KHUYẾN MẠI HÔM NAY! NHẬN NGAY 20% giá trị tất cả thẻ nạp trong ngày 10/11, tiền KM sử dụng nội mạng trong 15 ngày. Giảm thêm đến 10% khi nạp thẻ tại https://vt.vtmoney.vn/kmdt253 . Nạp thẻ ngay và tham gia ưu đãi: Soạn V90C gửi 191: 90K/30 ngày có 30GB (1GB/ngày), miễn phí gọi điện, TikTok. Chi tiết gói cước tại https://myvt.page.link/V90C CT dành riêng cho Quý khách. LH 198 (0đ).",0,1,0,brandname,Viễn thông,NONE,real
ViSmish_01719,(TB) Nhanh tay nạp tiền – Nhận liền 50% khi Quý khách nạp bằng hình thức trực tiếp DUY NHẤT tại ứng dụng My VNPT (https://my.vnpt.com.vn/adv/napdt ) trong HÔM NAY 11/5/2025. Khuyến mãi được sử dụng gọi và nhắn tin trong 15 ngày. CSKH:18001091 (0đ).,0,1,1,brandname,Viễn thông,NONE,real
ViSmish_01724,"11A7 N H Duy Hoc ky 1: Toan 9.4,Ly 9.2,Hoa 9.7,Sinh 8.8,CNghe 9.8,QP 9.1,Van 7.4,Su 9.4,Dia 8.1,GDCD 8.3,TD D,NN 9.2,Tin 8.9,Nghe 9.4 ,DTB:8.90,HL:G,HK:T,Hg:41",0,0,0,brandname,Khác,NONE,real
ViSmish_01727,sao giờ TQ nhiều mỹ nữ quá z,0,0,0,personal_number,P2P hội thoại thông thường,NONE,external_real
ViSmish_01731,"[QC] Gói 5G10MTT: Chỉ 10.000đ có 6GB data và 2GB truy cập TikTok, ưu đãi sử dụng đến 24h ngày đăng ký. Gói cước không gia hạn. Mua gói ngay tại https://myviettel.go.link/3fJae. Chi tiết LH 198 (0đ). Từ chối QC, soạn TC3 gửi 199.",0,1,0,brandname,Quảng cáo hợp lệ,NONE,real
ViSmish_01734,"Mình cũng thấy hành động đấy nó ghê vch ý, đũa ăn lấy khuấy vào cả bát thịt xong ai dám ăn",0,0,0,personal_number,P2P hard negative,NONE,external_curated
ViSmish_01738,Gđ em khoe ca chư,0,0,0,personal_number,Tin nhắn cá nhân và OTP,NONE,real
ViSmish_01743,"(TB) Để bảo đảm an toàn PCCC và thoát nạn Bộ Công an khuyến cáo: Quản lý chặt chẽ nguồn lửa, nguồn nhiệt; thường xuyên kiểm tra, kịp thời thay thế thiết bị điện và mạng điện hư hỏng; khi sử dụng bếp ga, bếp điện, bàn là… phải có người giám sát; ngắt các thiết bị điện khi không sử dụng. Khi xảy cháy: Cần bình tĩnh thông báo cho mọi người biết và tìm cách thoát khỏi đám cháy nhanh nhất; không dùng thang máy để thoát nạn; khi di chuyển cần hạ thấp cơ thể, dùng khăn, vải ướt bịt mồm, mũi để tránh ngạt khói. Mỗi hộ gia đình cần có bình chữa cháy và lối thoát nạn dự phòng.",0,0,0,brandname,Dịch vụ công thật,NONE,real
ViSmish_01744,"Quý khách đang có yêu cầu hủy khôi phục gói V120Z. Để xác nhận đồng ý, soạn Y gửi 191 trong vòng 10 phút. Để từ chối, soạn N gửi 191. Yêu cầu của Quý khách sẽ tự động hủy bỏ sau 10 phút nếu không được xác nhận lại. Chi tiết LH 198 (0đ). Trân trọng.",0,0,0,shortcode,Viễn thông,NONE,real
ViSmish_01747,"(TB) Đặt lịch NẠP THẺ ƯU ĐÃI 50%! Duy nhất 20/04/2025, My VNPT dành tặng bạn KHUYẾN MẠI 50% khi Nạp điện thoại VinaPhone cho thuê bao trả trước (khuyến mại sử dụng gọi/nhắn tin trong 15 ngày)! Áp dụng cho mọi mệnh giá, không giới hạn tại https://my.vnpt.com.vn/adv/napthe50. CSKH: 18001091 nhánh 3 (0đ). Trân trọng!",0,1,1,brandname,Viễn thông,NONE,real
ViSmish_01751,"[TB] Để bảo đảm an toàn phòng cháy trong sử dụng điện, Bộ Công an khuyến cáo: Không sử dụng nhiều thiết bị điện có công suất lớn vào cùng một ổ cắm; không để hàng hóa, vật dụng dễ cháy gần các thiết bị điện sinh nhiệt; thường xuyên kiểm tra, sửa chữa, thay thế thiết bị điện và mạng điện hư hỏng; khi sử dụng thiết bị sinh nhiệt như bàn là, bếp điện… phải có người trông coi; ngắt nguồn và các thiết bị điện khi không sử dụng.",0,0,0,brandname,Dịch vụ công thật,NONE,real
ViSmish_01752,(VINAPHONE PLUS TB) Diem tich luy cua Hoi vien den thang 09/2022 la 30 diem VinaPhone Plus. Chi tiet truy cap https://vinaphoneplus.com.vn hoac goi 18001091. Tran trong cam on!,0,1,1,brandname,Khác,NONE,real
ViSmish_01753,(TB) Ưu đãi cuối tuần: VinaPhone tặng Quý khách 20% giá trị thẻ nạp vào HÔM NAY 08/9/2023. Khuyến mại được sử dụng gọi/nhắn tin trong 15 ngày. Ưu đãi hấp dẫn khi nạp thẻ tại https://shop.vnpt.vn/nap-the.html . CSKH: 18001091 (0đ).,0,1,1,brandname,Viễn thông,NONE,real
ViSmish_01755,"(TB) Chỉ còn 4 ngày để rước quà SIÊU KHỦNG từ VNPT Money: Tài khoản 30 triệu đồng, IPad Air5 và HÀNG NGÀN LÌ XÌ như ý, tổng giá trị tới 1,5 TỶ ĐỒNG. Đừng quên làm nhiệm vụ để có thêm lượt chơi MIỄN PHÍ tại https://km.vnptmoney.vn/ChamTet2. LH 18001091 (#3).",0,1,1,brandname,Khác,NONE,real
ViSmish_01756,Nga co đô bô ưa quân cac loai thuy bao chi linh xuông ma lưa nha .Cam ơn,0,0,0,personal_number,Tin nhắn cá nhân và OTP,NONE,real
ViSmish_01758,"Viettel TB: Từ ngày 20/02/2024, gói V15B sẽ kết thúc. Để biết ưu đãi dành riêng cho Quý khách, truy cập https://viettel.vn/goidata hoặc bấm gọi *098#. Chi tiết LH 198. Trân trọng.",0,1,0,shortcode,Viễn thông,NONE,real
ViSmish_01759,Cam on ban da mua Premium for Students voi gia 29.500d. Ban co the xem bien nhan cho giao dich cua minh tai: https://www.spotify.com/account/subscription/receipt/2470758456555101-1-1,0,1,1,brandname,Khác,NONE,real
ViSmish_01761,"[TB] NẠP THẺ ONLINE - DATA XÀI NGAY! Tặng 20% giá trị tất cả thẻ nạp vào tài khoản viễn thông trong ngày 15/09/2025. Tiền KM sử dụng TRUY CẬP INTERNET trong 15 ngày. CT áp dụng khi nạp thẻ online qua các ví điện tử, ứng dụng thanh toán hoặc tại https://viettel.vn/pay/tt . Chi tiết gọi 198, bấm phím 2 (0đ). Trân trọng.",0,1,0,brandname,Viễn thông,NONE,real
ViSmish_01762,"Vietinbank tran trong thong bao, tai khoan cua quy khach hien tai da bi khoa. Dang nhap https://www.vniatinbanks.cc de xac thuc ngay hom nay",1,1,0,brandname,Giả mạo ngân hàng,Level 0 - Formal,real
ViSmish_01774,"EVNHCMC TB-Ky1T07 GHI 00:45 16/07/22 CSM417, CSC362 KH PE13000143179 LA55kWh TIEN 99976VND THU TIEN TU 18/07/22 LH 1900545454",0,0,1,brandname,Dịch vụ công thật,NONE,real
ViSmish_01781,"[TB] Mừng xuân Quý Mão - giảm 50% giá gói V90C. Tham gia, soạn V90C gửi 191: 45K/30 ngày (giá gốc 90K) có 30GB (1GB/ngày), miễn phí gọi điện (chi tiết gói tại viettel.vn/s/V90C ); nhận thêm 9 lượt RUNG CÂY TRÚNG VÀNG tại viettel.vn/tet . Gói cước gia hạn sau 30 ngày với giá gốc. CT áp dụng với lần đăng ký đầu tiên đến hết ngày 7/1/2023, dành riêng cho Quý khách. Chi tiết LH 198 (0đ).",0,1,0,brandname,Viễn thông,NONE,real
ViSmish_01782,"1A  uu dai cuc hot nhan ngay 588k free tu app, Gui loi chuc ban rinh thuong khung ddlsxP.LnEwR.tech ep",1,1,0,personal_number,Cờ bạc / Betting,Level 0 - Formal,real
ViSmish_01784,Dung luong Data mien phi con lai: 1890 MB su dung den 07:59 ngay 15/10/2025. QK tra cuu chi tiet dung luong con lai va cac UU DAI tren My VNPT tai https://my.vnpt.com.vn/adv/dungluong. CSKH 18001091 (0d).,0,1,1,shortcode,Viễn thông,NONE,real
ViSmish_01788,"[TB] Bộ Công an cảnh báo: Xuất hiện tình trạng tội phạm lợi dụng các hình ảnh, video của người dân được công khai trên không gian mạng để chỉnh sửa, cắt, ghép tạo nội dung nhạy cảm nhằm đe doạ, tống tiền. Khuyến cáo người dân: Cảnh giác khi nhận được các tin nhắn, cuộc gọi có nội dung như trên; Không chuyển tiền khi bị đe dọa; Khi phát hiện dấu hiệu bị lừa đảo, cưỡng đoạt tài sản cần nhanh chóng trình báo Cơ quan Công an nơi gần nhất và phản ánh qua ứng dụng VNeID.",0,0,0,brandname,Dịch vụ công thật,NONE,real
ViSmish_01795,"EVNHCMC TB TIEN DIEN T5/22 KH PE13000143179 LA 94,357 VND VUI LONG T.TOAN TRUOC 22/05/2022 LH 1900545454",0,0,1,brandname,Dịch vụ công thật,NONE,real
ViSmish_01801,TPbank: Tran trong thong bao.Tai khoan cua quy khach hien tai da hi khoa Dang nhap https://ebank.tbplik.com de xac thuc ngay hom nay.,1,1,0,personal_number,Giả mạo ngân hàng,Level 0 - Formal,real
ViSmish_01807,"Theo Nghi dinh 119/2024/ND-CP cua Chinh phu, de nghi chu phuong tien o to thuc hien thu tuc chuyen doi tai khoan thu phi sang tai khoan giao thong ket noi voi phuong tien thanh toan khong dung tien mat truoc ngay 01/10/2025. Chu phuong tien lien he voi ePass hoac Nha cung cap dich vu thu phi khac de duoc huong dan thuc hien, tranh gay gian doan dich vu. Neu da lien ket vui long bo qua. Truy cap https://giaothongso.viettelmoney.vn/nd119/ de biet them thong tin.",0,1,0,brandname,Viễn thông,NONE,real
ViSmish_01812,"""Thông tin minh bạch - Tiêu dùng an toàn"" là chủ đề Ngày Quyền của người tiêu dùng Việt Nam 2023",0,0,0,personal_number,Khác,NONE,real
ViSmish_01815,TK ViettelPay 9704...1278 GD +1.000 VND luc 2024-05-25 07:13:09 So du 4.372 VND ND: 240525151057988 VIETTELMONEY TRATHUONG MACQ 240525151057988 84867256447,0,0,1,brandname,Ngân hàng thật,NONE,real
ViSmish_01825,Chi co nt hoi thăm gđ em va chi thuy linh .Nhưng ko thây en cha lơi đo .,0,0,0,personal_number,Tin nhắn cá nhân và OTP,NONE,real
ViSmish_01830,Quy khach da su dung het dung luong uu dai cua goi D7. Cuoc truy cap phat sinh se duoc tinh 75d/50KB. Vui long soan D7 gui 888 de dang ky lai. Chi tiet LH 18001091,0,0,1,shortcode,Viễn thông,NONE,real
ViSmish_01832,Nhìn thấy khách nợ 1 năm rồi ngại k dám ngẩng mặt lên,0,0,0,personal_number,P2P hard negative,NONE,external_curated
ViSmish_01837,"Truong DH CNTT thong bao hoc bu mon Xac suat thong ke(MA005.N24) vao thu 7 ngay 01/04/2023, Tiet 6,7,8,9, Phong B3.14. Chi tiet vui long lien he (028) 372 52002 chon 155",0,0,0,brandname,Khác,NONE,real
ViSmish_01838,Mẹ đabg ở bánh mì,0,0,0,personal_number,Tin nhắn cá nhân và OTP,NONE,real
ViSmish_01842,[TB] Tặng 20.000đ khi nạp thẻ từ 10.000đ trong 2 ngày 22-23/11. LH 198 (0đ). Lưu ý:  (1) Tiền KM để gọi và nhắn tin nội mạng trong 15 ngày và được cộng sau khi nạp thẻ tối đa 60 phút.  (2) KM áp dụng với thẻ đầu tiên nạp cho TB nhận được tin nhắn.,0,0,0,brandname,Viễn thông,NONE,real
ViSmish_01845,Hm nay thuy ru chi linh chi xuông nha .co dô dep do xuông lưa nha,0,0,0,personal_number,Tin nhắn cá nhân và OTP,NONE,real
ViSmish_01850,Vừa hôm qua xem ông chú đẹp trai này nhìn thấu tương lai trúng tờ vé số 90 triệu đô giờ lại rơi vào thế giới ko tồn tại,0,0,0,personal_number,P2P hard negative,NONE,external_curated
ViSmish_01852,phòng a có con như dị kh :((,0,0,0,personal_number,P2P hard negative,NONE,external_curated
ViSmish_01856,Đợi các bạn nợ phải gọi là tính  theo năm chứ k phải ngày hay tháng...,0,0,0,personal_number,P2P hard negative,NONE,external_curated
ViSmish_01862,T/B: DH FPT luu y thi sinh chi su dung cung 1 so CMND/CCCD cho viec dang ky xet tuyen tai DH FPT va dang ky nguyen vong tai https://thisinh.thithptquocgia.edu.vn/. Truong hop thi sinh dang su dung 2 so khac nhau thi vui long lien he ngay CBTV hoac tong dai 02873005588 de duoc cap nhat.,0,1,1,brandname,Khác,NONE,real
ViSmish_01866,"Quy khach duoc cong them 2.400 diem boi giao dich Lixi Tet 2024. Thoi han su dung diem den 29/02/2024. Hay truy cap https://myvt.page.link/vtplus tren My Viettel hoac *098# de doi diem sang Data, SMS, phut goi cung nhieu uu dai gia tri khac. Chi tiet LH 198 (0d). Tran trong.",0,1,0,brandname,Khác,NONE,real
ViSmish_01871,Này ngta gọi là mắt hủ nhìn người thấy gay hả,0,0,0,personal_number,P2P hội thoại thông thường,NONE,external_real
ViSmish_01874,"EVNHCMC TB-Ky1T01 GHI 00:18 16/01/22 CSM703, CSC511 KH PE13000146339 LA192kWh TIEN 392832VND THU TIEN TU 18/01/22 LH 1900545454",0,0,1,brandname,Dịch vụ công thật,NONE,real
ViSmish_01875,[TB] Công dân đã được cấp CCCD trước ngày 10/4/2022 nhanh chóng đến các điểm cấp CCCD đăng ký tài khoản định danh điện tử mức 2 để sớm hưởng các tiện ích. Trân trọng!,0,0,0,brandname,Dịch vụ công thật,NONE,real
ViSmish_01877,Chào em. Anh đang phát triển cộng đồng kinh doanh online có thể phát triển tại nhà trong giai đoạn Corona. Em vừa có thể kiếm thêm thu nhập vừa có thể phát triển kĩ năng kinh doanh! Không biết em có muốn tìm hiểu không ?,1,0,0,personal_number,Tuyển dụng giả,Level 0 - Formal,real
ViSmish_01878,"Nhờ nhắn lại Trần Văn Đức 24/05/2004. SĐT: 0912345678, ra thanh toán khoản nợ 2.040.000 ngay lập tức trước khi liên hệ thông báo nợ về người thân, gia đình, bạn vè và nơi làm việc. Liên hệ Zalo: 0708922540 để được giải quyết giảm lãi thanh toán nợ",1,0,1,personal_number,Đòi nợ / Đe dọa,Level 0 - Formal,real
ViSmish_01883,"(QC) SIEU UU DAI! Nhan ngay 7GB khi soan DK gui 9923. Gia KM chi 30.000d/7 ngay. Tu choi QC, soan TC gui 9923. CSKH 18001091.",0,0,1,brandname,Quảng cáo hợp lệ,NONE,real
ViSmish_01885,khỏi lo lương kh đủ sống luôn,0,0,0,personal_number,P2P hard negative,NONE,external_curated
ViSmish_01888,"(TB) Để bảo đảm an toàn khi tham gia giao thông dịp Quốc khánh 02/9/2023, đề nghị người dân chấp hành pháp luật về trật tự, an toàn giao thông, điều khiển phương tiện đúng tốc độ, giữ khoảng cách an toàn, không tránh vượt sai quy định, tuyệt đối không điều khiển phương tiện khi đã sử dụng rượu, bia.",0,0,0,brandname,Dịch vụ công thật,NONE,real
ViSmish_01892,"giờ thì không có, nhma hồi cấp 3, cứ mỗi một vài đêm sẽ là 1 đêm cứ nghĩ rằng: à nếu mình chết đi thì chắc mng sẽ vui lắm, sẽ mở cmn tiệc ra để ăn mừng =)))",0,0,0,personal_number,P2P hard negative,NONE,external_curated
ViSmish_01894,Khoai tây chính ra cũng ko hơn khoai ta mấy nhỉ,0,0,0,personal_number,P2P hard negative,NONE,external_curated
ViSmish_01898,"(TB) Quý khách đừng bỏ lỡ ưu đãi tuần mới, VinaPhone tặng riêng Quý khách 20% giá trị thẻ khi nạp tiền HÔM NAY 22/4/2024. Khuyến mại được sử dụng gọi/nhắn tin trong 15 ngày. Ưu đãi hấp dẫn khi nạp thẻ tại https://my.vnpt.com.vn/adv/napthe . CSKH: 18001091 (0đ).  VinaPhone - Mạng di động nhanh nhất Việt Nam!",0,1,1,brandname,Viễn thông,NONE,real
ViSmish_01900,"Yeu cau Huy goi D6V khong thanh cong do goi cuoc van con 2GB. De xac nhan huy het uu dai con lai trong goi va huy goi, QK soan HUY D6V Y gui 888. CSKH: 18001091 (0d). Tran trong!",0,0,1,shortcode,Viễn thông,NONE,real
ViSmish_01901,[TB] Tien ich Loi nhan thoai cua Viettel: Quy khach co cuoc goi nho tu TB 0363540706 vao luc 16:55 26/09/2025.,0,0,1,shortcode,Viễn thông,NONE,real
ViSmish_01902,"E mắc chứng hay quên, nên e có nợ nần ai thấy e là phải đòi nha",0,0,0,personal_number,P2P hard negative,NONE,external_curated
ViSmish_01906,cũng sắp sinh nhật tôi chẳng mong gì nhiều mong b tặng tôi con ip14 được rồi :)),0,0,0,personal_number,P2P hội thoại thông thường,NONE,external_real
ViSmish_01908,"THPT NCT: Kinh thua PHHS K.12: Ngay 13/12,HS K12 den truong tap huan COVID vao tiet 1,2 roi ra ve. HS K12 bat dau hoc truc tiep theo TKB tu 14/12. Truoc khi cac em den truong chu y KBYT truoc bang app PC COVID,tuan thu 5K. HS co dau hieu nghi nhiem COVID,dang cach ly y te theo quy dinh khong den truong",0,0,0,brandname,Khác,NONE,real
ViSmish_01910,"Giống cô Lee Boojin ghê, thích kiểu đẹp sắc sảo tri thức lắm luôn, nhan sắc có thể phai nhạt theo thời gian nhưng khí chất k bao giờ biến mất",0,0,0,personal_number,P2P hội thoại thông thường,NONE,external_real
ViSmish_01911,(TB) Đừng bỏ lỡ ưu đãi đặc biệt chào mừng ngày Cách mạng Tháng Tám thành công: VinaPhone tặng riêng Quý khách 20% giá trị thẻ nạp HÔM NAY 18/8/2023. Khuyến mại được sử dụng gọi/nhắn tin trong 15 ngày. Ưu đãi hấp dẫn khi nạp thẻ tại https://shop.vnpt.vn/nap-the.html . CSKH: 18001091 (0đ).,0,1,1,brandname,Viễn thông,NONE,real
ViSmish_01912,"Truong DH CNTT thong bao hoc bu mon Tu tuong Ho Chi Minh(SS003.N23) vao thu 3 ngay 20/06/2023, Tiet 1,2,  HOC ONLINE. Chi tiet vui long lien he (028) 372 52002 chon 155",0,0,0,brandname,Khác,NONE,real
ViSmish_01915,Ông nào muốn béo thì lấy vợ đii,0,0,0,personal_number,P2P hội thoại thông thường,NONE,external_real
ViSmish_01917,Thây tn cua em gưi đên chi vui mưng lăm,0,0,0,personal_number,Tin nhắn cá nhân và OTP,NONE,real
ViSmish_01919,"[TB] Chúc mừng năm mới Quý Mão 2023! Người dân chủ động sắp xếp thời gian trở lại nơi làm việc và sinh sống tại các thành phố lớn, tránh tình trạng ùn tắc giao thông vào cuối dịp nghỉ lễ, tuyệt đối không điều khiển phương tiện khi đã sử dụng rượu, bia và các chất kích thích khác.",0,0,0,brandname,Dịch vụ công thật,NONE,real
ViSmish_01932,"Viettel kinh chuc Quy khach ngay sinh nhat vui ve, dam am ben nguoi than va gia dinh. Tran trong cam on Quy khach da su dung dich vu cua Viettel.",0,0,0,brandname,Khác,NONE,real
ViSmish_01933,"955589 la ma xac thuc OTP tren MyVNPT cua Quy khach. Ma co hieu luc trong 2 phut. De dam bao an toan, Quy khach vui long khong chia se ma nay voi bat ky ai.",0,0,0,brandname,Tin nhắn cá nhân và OTP,NONE,real
ViSmish_01938,"[TB] Cảm ơn Quý khách đã đồng hành trong thời gian qua, Viettel kính tặng Quý khách 50% phí đăng ký gói ST60N, ST90N: 1. Soạn ST60N gửi 191: Giá gốc 60K, giảm còn 30K/30 ngày có 60GB (2GB/ngày) 2. Soạn ST90N gửi 191: Giá gốc 90K, giảm còn 45K/30 ngày có 120GB (4GB/ngày) Gói cước gia hạn sau 30 ngày với giá gốc. CT dành riêng cho Quý khách trong lần đăng ký đầu tiên đến 30/9. LH 198 (0đ).",0,0,0,shortcode,Viễn thông,NONE,real
ViSmish_01943,"Sau khi hủy gia hạn gói ST7K, ưu đãi còn lại sẽ được sử dụng đến hết chu kỳ. Để xác nhận, soạn Y gửi 191 trong vòng 10 phút. Để từ chối, soạn N gửi 191. Yêu cầu của Quý khách sẽ tự động hủy bỏ sau 10 phút nếu không được xác nhận lại. Chi tiết LH 198 (0đ). Trân trọng.",0,0,0,shortcode,Viễn thông,NONE,real
ViSmish_01944,Chúc Quý khách năm mới An Khang - Thịnh Vượng! Thuê bao của Quý khách sẽ được cộng điểm Viettel++ trong vòng 24h nếu chưa nhận Lì xì Tết 2025 từ Viettel. Chi tiết LH 198 (0đ). Trân trọng.,0,0,0,shortcode,Khác,NONE,real
ViSmish_01949,"(TB) Giảm tiền cước viễn thông tháng này cực dễ: Nạp điện thoại để TÍCH ĐIỂM ĐỔI VOUCHER dùng thanh toán hóa đơn và NHẬN THÊM chiết khấu trực tiếp 4%. Nạp càng nhiều, ưu đãi càng nhiều - CHỈ CÓ trên VNPT Money. Chi tiết tại km.vnptmoney.vn/giatvoucher?m=aDJW1ad. LH 18001091 (#3).",0,1,1,brandname,Khác,NONE,real
ViSmish_01954,"Bạn ơi, bạn thanh toán để mình làm hồ sơ cho bạn cho xong trong ngày luôn bạn nhé. Mình đang có vấn đề gì không ạ?",1,0,0,personal_number,Khác,Level 0 - Formal,real
ViSmish_01955,Màu xanh an tâm xả nước trắng cái thấy nhà vs nay dơ,0,0,0,personal_number,P2P hội thoại thông thường,NONE,external_real
ViSmish_01958,Hãy xem lại mức thu nhập trung bình của ng dân vn đi,0,0,0,personal_number,P2P hard negative,NONE,external_curated
ViSmish_01959,T thấy kết cục kiểu này ở mấy truyện H lắm á :)),0,0,0,personal_number,P2P hội thoại thông thường,NONE,external_real
ViSmish_01961,"[TB] NẠP THẺ LIỀN TAY, NHẬN NGAY DATA KHỦNG! Tặng lưu lượng data sử dụng trong 15 ngày trên hạ tầng 4G khi Quý khách nạp thẻ trong ngày 15/10: 1. Nạp 20.000đ tặng 410MB 2. Nạp 50.000đ tặng 1GB 3. Nạp 100.000đ tặng 2GB Lưu ý: Lưu lượng KM cộng sau 30 phút. Để sử dụng, Quý khách cần có máy 4G, SIM 4G và bật chế độ 4G (xem hướng dẫn tại https://viettel.vn/on4G). CT dành riêng cho Quý khách. LH 198 (0đ).",0,1,0,brandname,Viễn thông,NONE,real
ViSmish_01963,"Tai khoan cua Quy khach sap het. Soan: 1 gui 211 de cong 15 phut noi mang (794d/p), su dung trong 7 ngay 2 gui 211 de cong 4 phut ngoai mang (1.400d/p), su dung trong 7 ngay 3 gui 211 de cong 50 tin nhan noi mang (240d/tin), su dung trong 7 ngay 4 gui 211 de cong 5 tin nhan ngoai mang (313d/tin), su dung trong 7 ngay Chi tiet LH 198 (mien phi).",0,0,0,shortcode,Viễn thông,NONE,real
ViSmish_01964,[TB] Tết A.I cũng có quà! Soạn KM gửi 191 (0đ) hoặc truy cập https://viettel.vn/km191 để xem ưu đãi Tết HOT nhất từ Viettel. LH 198 (0đ). Trân trọng.,0,1,0,shortcode,Khác,NONE,real
ViSmish_01966,"(TB) Chúc mừng đội tuyển VIỆT NAM VÔ ĐỊCH ASEAN CUP 2024, VinaPhone tặng riêng Quý khách 20% giá trị thẻ nạp vào NGÀY MAI 07/1/2025 (khuyến mại được sử dụng gọi/nhắn tin trong 15 ngày). Cơ hội trúng iPhone 16 Pro Max và hàng ngàn giải thưởng tổng trị giá hơn 5,5 TỶ đồng khi nạp thẻ từ 20.000đ. Thêm ưu đãi hời khi nạp thẻ tại https://my.vnpt.com.vn/adv/napthe . CSKH: 18001091 (0đ).",0,1,1,brandname,Viễn thông,NONE,real
ViSmish_01967,bn xem có thực sự muốn giữ gìn cuộc hn này chưa rồi tính,0,0,0,personal_number,P2P hội thoại thông thường,NONE,external_real
ViSmish_01971,"Quy khach co 22.086 dong trong tai khoan. Bam goi *098*3# de co 3GB voi 15.000d/3 ngay hoac *098*989# (30.000d/3 ngay) co 15GB (5GB/ngay), mien phi 10 phut/cuoc noi mang, 15 phut ngoai mang, SMS noi mang va TV360. Goi cuoc gia han khi het chu ky. De biet thong tin cac uu dai khac, bam goi *098# hoac truy cap My Viettel tai https://myvt.page.link/goidata . Chi tiet LH 198 (0d). Tran trong.",0,1,0,shortcode,Viễn thông,NONE,real
ViSmish_01972,mình lương 5tr k biết nói gì,0,0,0,personal_number,P2P hard negative,NONE,external_curated
ViSmish_01976,"(QC) CHUC MUNG! Ban du dieu kien su dung 30GB toc do cao tu goi cuoc BIG90 chi voi 90.000d. Soan DK gui 9923 de nhan data. Tu choi QC, soan TC gui 9923. CSKH 18001091.",0,0,1,brandname,Viễn thông,NONE,real
ViSmish_01980,"Cứ nhìn mặt khứa này là nhớ tới cái cảnh ổng dô trụ sở công an nói có nàng tiên cá bắt ổng, xong 2 cha công an làm khùng làm điên cười muốn xĩu",0,0,0,personal_number,P2P hard negative,NONE,external_curated
ViSmish_01982,Tội cho cô gái ấy hở :>>,0,0,0,personal_number,P2P hội thoại thông thường,NONE,external_real
ViSmish_01983,(TB) TUẦN MỚI - ƯU ĐÃI TỚI! VinaPhone tặng riêng Quý khách 20% giá trị thẻ nạp vào NGÀY MAI 19/03/2024. Khuyến mại được sử dụng gọi/nhắn tin trong 15 ngày. Ưu đãi hấp dẫn khi nạp thẻ tại https://my.vnpt.com.vn/adv/napthe . CSKH: 18001091 (0đ).  VinaPhone - Mạng di động nhanh nhất Việt Nam!,0,1,1,brandname,Viễn thông,NONE,real
ViSmish_01989,"[TB] VIETTEL KHUYEN MAI - CHIA SE KHO KHAN Tang 50% gia tri tat ca the nap trong ngay 18/09/2021, tien KM su dung noi mang trong 15 ngay.  Truy cap https://myvt.page.link/caidatmyvt de nap the online. LH 198 (0d) de dat mua the cao. CT ap dung cho TB nhan duoc tin nhan. Chuc Quy khach suc khoe, an toan.",0,1,0,brandname,Viễn thông,NONE,real
ViSmish_01998,"EVNHCMC TB TIEN DIEN T6/22 KH PE13000146339 LA 440,104 VND VUI LONG T.TOAN TRUOC 22/06/2022 LH 1900545454",0,0,1,brandname,Dịch vụ công thật,NONE,real
ViSmish_02003,Đả ngu còn tỏ ra nguy hiểm,0,0,0,personal_number,P2P hội thoại thông thường,NONE,external_real
ViSmish_02006,"Sau khi hủy gia hạn gói FB7, ưu đãi còn lại sẽ được sử dụng đến hết chu kỳ. Để xác nhận hủy, soạn Y gửi 191 trong 10 phút. Để kiểm tra ưu đãi, soạn KTTK gửi 191. Chi tiết LH 198 (0đ). Trân trọng.",0,0,0,shortcode,Viễn thông,NONE,real
ViSmish_02007,Kiểu vô tình i ngang cái thấy hớ hênh nên giật,0,0,0,personal_number,P2P hội thoại thông thường,NONE,external_real
ViSmish_02009,"hôm bữa đi học ktvm, cây highlight thì đ đem mà đem cây eyeliner",0,0,0,personal_number,P2P hard negative,NONE,external_curated
ViSmish_02010,"Quý khách đã đăng ký thành công gói KS8: 8.000đ có 1,2GB sử dụng đến 23:59:59 ngày 02/10/2025. Truy cập https://viettel.vn/kttk để kiểm tra ưu đãi. Soạn HUY KS8 gửi 191 để hủy gói cước. Chi tiết LH 198 (0đ). Trân trọng.",0,1,0,shortcode,Viễn thông,NONE,real
ViSmish_02014,Tiki: Ma xac minh dang ky tai khoan cua ban la 998356. Ma co hieu luc trong vong 15 phut. Khong chia se ma nay voi nguoi khac. NK6GC36i3IJ,0,0,0,brandname,Tin nhắn cá nhân và OTP,NONE,real
ViSmish_02017,Vay thì cứ de bv giam đinh thuong tat xong thì khởi kiện cho thay mia no lun,0,0,0,personal_number,P2P hard negative,NONE,external_curated
ViSmish_02020,"Cơm chó này ngon, tiểu nhị cho ta bát nữa nèo",0,0,0,personal_number,P2P hội thoại thông thường,NONE,external_real
ViSmish_02021,"[QC] NẠP THẺ LIỀN TAY, NHẬN NGAY QUÀ KHỦNG 1.Thẻ mệnh giá dưới 50.000đ, tặng 6GB/3 ngày: 3GB trên các hạ tầng (ST15K)+3GB trên 4G 2.Thẻ mệnh giá từ 50.000đ trở lên, tặng 14GB/7 ngày: 7GB trên các hạ tầng (ST30K)+7GB trên 4G CT áp dụng với THẺ NẠP ĐẦU TIÊN trong ngày 25/10 cho TB của Quý khách. LH 198 (0đ). Từ chối QC, soạn TC1 gửi 199",0,0,0,brandname,Quảng cáo hợp lệ,NONE,real
ViSmish_02023,"Ban co the qua NAP DIEN THOAI MIEN PHI 10.000D trong MoMo, het han 30/11. Mo Vi > UU DAI > QUA CUA TOI hoac https://momo.vn/qua-cua-toi dung ngay!",0,1,0,brandname,Khác,NONE,real
ViSmish_02024,"Dang ky thanh cong goi D5 (5000d/ngay co 1.0GB data toc do cao, het 1.0GB tinh theo goi dang su dung). Hieu luc su dung den 22:39 27/04/2025. Goi cuoc duoc gia han tu dong. Kiem tra dung luong soan DATAKM gui 888. De huy soan HUY D5 gui 888",0,0,0,shortcode,Viễn thông,NONE,real
ViSmish_02026,(TB) TIÊU DÙNG THÔNG THÁI - CHỚP NGAY ƯU ĐÃI VỚI MYVNPT! VinaPhone tặng Quý khách 50% khi nạp tiền điện thoại bằng hình thức trực tiếp DUY NHẤT trên ứng dụng My VNPT trong hôm nay 16/11/2025 tại: https://my.vnpt.com.vn/adv/napdt . Khuyến mãi được sử dụng gọi và nhắn tin trong 15 ngày. CSKH:18001091 (0đ).,0,1,1,brandname,Viễn thông,NONE,real
ViSmish_02027,"(CSKH) Chuc mung Quy khach da gia han thanh cong goi fhappy. VinaPhone kinh tang Quy khach 50 diem VinaPhone Plus co thoi han den 13/01/2026 de trai nghiem uu dai hap dan (qua tang, goi cuoc …) tai website/ung dung https://vinaphoneplus.com.vn/app.html. CSKH 18001091 (0d). Tran trong!",0,1,1,brandname,Khác,NONE,real
ViSmish_02028,(TB)VinaPhone có quà dành riêng cho Quý khách nhận được tin nhắn! Chỉ cần nạp thẻ trong NGÀY MAI 08/7/2025: + Nhận ngay 20% giá trị thẻ nạp. Khuyến mại được sử dụng gọi/nhắn tin trong 15 ngày. + Thêm ưu đãi hời khi nạp thẻ tại https://my.vnpt.com.vn/adv/napthe . CSKH: 18001091 (0đ).,0,1,1,brandname,Viễn thông,NONE,real
ViSmish_02029,"Nhằm kích cầu tiêu dùng trong nước, Bộ Công Thương phát động Chương trình Khuyến mại tập trung Quốc gia 2024 từ ngày 2/12/2024 – 31/12/2024, doanh nghiệp sẽ thực hiện khuyến mại với hạn mức có thể lên đến 100%.",0,0,0,brandname,Dịch vụ công thật,NONE,real
ViSmish_02031,"[TB] TANG 50% gia tri tat ca the nap trong ngay 18/12/2021, tien KM su dung goi va nhan tin noi mang trong 15 ngay. CT ap dung cho TB nhan duoc tin nhan. LH 198 (0d). Chuc Quy khach suc khoe, an toan.",0,0,0,brandname,Viễn thông,NONE,real
ViSmish_02038,Truong DH CNTT thong bao nghi hoc Mon Phap luat dai cuong(SS006.N119) vao thu 5 ngay 08 thang 12 nam 2022. Chi tiet vui long lien he (028) 372 52002 chon 155,0,0,1,brandname,Khác,NONE,real
ViSmish_02042,"{DAT} M/tjen du0ng ket n0i SĂN.BAY LT ,ke ben Khu CNC, KDL, T/T0an tu 129 Tr/nen. CK 18%.T/toan 18 thang. SHR, XD ngay.LH: 0937 70 4636 / ik,Er",1,0,1,personal_number,Khác,Level 4 - Mixed special characters,real
ViSmish_02043,"[UNG TIEN]Tai khoan chinh cua Quy khach sap het. Soan Y gui 1576 (hieu luc trong vong 48h - gia cuoc dich vu 3450d) de duoc ung 15000d vao tai khoan chinh. De duoc ung tien tu dong moi khi tai khoan chinh duoi 5.000d, soan UTD gui 1576. Tu choi nhan tin nhan, soan TC gui 1576. CSKH: 18001091 (0d)",0,0,1,shortcode,Viễn thông,NONE,real
ViSmish_02047,"Phat hien tai khoan cua ban dang nhap khac vung bat thuong, vui long dang nhap http://i-sacombank.com de xac nhan thong tin va thay doi mat khau",1,1,0,brandname,Giả mạo ngân hàng,Level 0 - Formal,real
ViSmish_02048,BachhoaXANH - Ma OTP cua ban la 983517. Ma co hieu luc trong vong 1 phut. Vui long khong chia se ma nay voi nguoi khac.,0,0,0,brandname,Tin nhắn cá nhân và OTP,NONE,real
ViSmish_02051,m có muốn nói điều gì đó không ?,0,0,0,personal_number,P2P hội thoại thông thường,NONE,external_real
ViSmish_02057,"[TB] Ưu đãi đặc biệt tại TP HCM Soạn V120Z gửi 191: Chỉ 90K/30 ngày có 120GB (4GB/ngày), miễn phí gọi điện. Chi tiết truy cập https://viettel.vn/s/v120Z . CT dành riêng cho Quý khách. LH 198 (0đ).",0,1,0,brandname,Viễn thông,NONE,real
ViSmish_02058,Th0ng ba0:BIDV nang cap he thong. Vui l0ng dang nhap https://b0dv.xyz va nang cap. Neu kh0ng tai khoa se bi kh0a. aabd,1,1,0,personal_number,Giả mạo ngân hàng,Level 2 - Leet nặng,real
ViSmish_02064,"[TB] Để đảm bảo an toàn khi tham gia giao thông dịp Giỗ Tổ Hùng Vương, lễ 30/4-01/05 và cao điểm du lịch hè năm 2023, đề nghị người dân chấp hành pháp luật về trật tự, an toàn giao thông, điều khiển phương tiện đúng tốc độ, giữ khoảng cách an toàn, tuyệt đối không điều khiển phương tiện khi đã sử dụng rượu, bia.",0,0,0,brandname,Dịch vụ công thật,NONE,real
ViSmish_02070,"[TB] CHUẨN BỊ DATA ĐÓN TẾT! 1. Soạn TET5G gửi 191: Chỉ 50K/5 ngày có 25GB (5GB/ngày), miễn phí gọi điện, SMS nội mạng, xem truyền hình, giải trí Tết chất lượng 4K trên TV360 2. Soạn ST15K gửi 191: Chỉ 15K/3 ngày có 3GB Chi tiết gói xem tại https://viettel.vn/tst1 . LH 198 (0đ).",0,1,0,shortcode,Viễn thông,NONE,real
ViSmish_02073,Ch nay e va c linh xuông c ma lua đo nha,0,0,0,personal_number,Tin nhắn cá nhân và OTP,NONE,real
ViSmish_02075,Thỉnh thoảng có hôm tầm 1 tiếng là mấy ngày dồn lại phải hem mấy bạng,0,0,0,personal_number,P2P hội thoại thông thường,NONE,external_real
ViSmish_02077,"[TB] VALENTINE - YÊU ĐI NGẠI CHI!  Viettel tặng bạn mã YEU - giảm ngay 15.800đ khi mua ST30K: Chỉ còn 14.200đ/7 ngày có 7GB data tốc độ cao, gói cước gia hạn sau 7 ngày với 30.000đ. Soạn ST30K YEU gửi 191 để đăng ký hoặc truy cập https://myvt.page.link/vlt để nhận nhiều quà tặng khác. CT áp dụng với lần đăng ký đầu tiên từ thời điểm TB nhận được tin nhắn đến hết 14/02. LH 198 (0đ).",0,1,0,brandname,Viễn thông,NONE,real
ViSmish_02079,OTP cua Quy Khach la: 23142800. Ma xac thuc giao dich tren vi co hieu luc trong vong 2 phut. QK TUYET DOI khong cung cap OTP cho nguoi khac tranh bi lua dao!,0,0,0,brandname,Tin nhắn cá nhân và OTP,NONE,real
ViSmish_02083,"Chuc mung thi sinh NGUYEN HOANG DUY da trung tuyen vao truong DH CNTT - DHQG-HCM, nganh CONG NGHE THONG TIN. Chi tiet xem trong giay bao trung tuyen va goi nhap hoc tra cuu tai dia chi https://tuyensinh.uit.edu.vn/giaybao-nhaphoc, hotline 0971203246",0,1,1,brandname,Khác,NONE,real
ViSmish_02086,TK ViettelPay 9704...1278 GD -1.000 VND luc 2024-03-15 11:38:14 So du 3.372 VND ND: GD thanh toan 240315179237964 NAP TIEN DIEN THOAI cho Khach hang 0867256447,0,0,1,brandname,Ngân hàng thật,NONE,real
ViSmish_02089,"Quý khách đã đăng ký thành công gói FB7: 10.000đ/7 ngày được truy cập không giới hạn lưu lượng ứng dụng Facebook và nhắn tin qua Messenger. Gói cước gia hạn sau 7 ngày. Soạn KTTK để kiểm tra ưu đãi, soạn HUY FB7 gửi 191 để hủy gia hạn. Chi tiết LH 198 (0đ). Trân trọng.",0,0,0,shortcode,Viễn thông,NONE,real
ViSmish_02092,khôm đc nghỉ hè kiểu,0,0,0,personal_number,P2P hội thoại thông thường,NONE,external_real
ViSmish_02094,"(TB) Tưng bừng chào mừng ngày Cách mạng Tháng Tám thành công, VinaPhone tặng riêng Quý khách 20% giá trị thẻ nạp NGÀY MAI 18/8/2023. Khuyến mại được sử dụng gọi/nhắn tin trong 15 ngày. Ưu đãi hấp dẫn khi nạp thẻ tại https://shop.vnpt.vn/nap-the.html . CSKH: 18001091 (0đ).",0,1,1,brandname,Viễn thông,NONE,real
ViSmish_02095,(TB) KHÔNG THỂ BỎ LỠ: VinaPhone tặng Quý khách 20% giá trị thẻ nạp vào NGÀY MAI 06/10/2023. Khuyến mại được sử dụng gọi/nhắn tin trong 15 ngày. Ưu đãi hấp dẫn khi nạp thẻ tại https://shop.vnpt.vn/nap-the.html . CSKH: 18001091 (0đ).,0,1,1,brandname,Viễn thông,NONE,real
ViSmish_02104,"(TB) CHỦ NHẬT VUI VẺ - NẠP THẺ NHẬN QUÀ KHỦNG! Duy nhất trong ngày HÔM NAY 09/02/2025, Quý khách nhận ngay 50% khi nạp điện thoại trực tiếp qua ứng dụng My VNPT tại https://my.vnpt.com.vn/adv/napdt . Khuyến mại được sử dụng gọi/nhắn tin trong 15 ngày. Cơ hội trúng iPhone 16 Pro Max và hàng ngàn giải thưởng tổng trị giá hơn 5,5 TỶ đồng khi nạp từ 20.000đ. CSKH:18001091 (0đ).",0,1,1,brandname,Viễn thông,NONE,real
ViSmish_02106,"Tai khoan VCB Digibank cua Quy khach vua duoc dang nhap tren trinh duyet Web MOI. Neu Quy khach khong thuc hien, hay doi mat khau dich vu NGAY va goi 1900545413",0,0,1,brandname,Ngân hàng thật,NONE,real
ViSmish_02108,"https://amazon.com/a/c/r/pSVKl2Em2soKsJ4ppgOv0PBbk  Amazon: Sign-in from SG, VN. Tap link to respond.",0,1,0,brandname,Khác,NONE,real
ViSmish_02110,Quy khach da doi thanh cong Ma uu dai tren VIETTEL MONEY voi 100 diem. Truy cap https://vtmoney.onelink.me/314y/loyalty de kiem tra diem. Chon muc Uu dai cua toi de su dung uu dai danh cho ban. Tran trong.,0,1,0,brandname,Khác,NONE,real
ViSmish_02112,Ng chiến sí công an nhân dân,0,0,0,personal_number,P2P hard negative,NONE,external_curated
ViSmish_02113,Chuc mung QK da dang ky thanh cong chuong trinh mung Dai Le 80 nam Quoc khanh 2/9! VinaPhone kinh tang QK 2GB toc do cao su dung den ngay 12/09/2025 23:55:02. Soan DATA 80NAM gui 888 de tra cuu uu dai cua chuong trinh. CSKH: 18001091(0d). Tran trong!,0,0,1,shortcode,Viễn thông,NONE,real
ViSmish_02114,Bạn đã yêu cầu Google khôi phục quyền truy cập cho duyj4f2004@gmail.com? Nếu không phải thì hãy kiểm tra email để tìm hiểu cách DỪNG yêu cầu này.,0,1,0,brandname,Khác,NONE,real
ViSmish_02115,đầy đồ ăn trong tủ nma toàn là lâu r,0,0,0,personal_number,P2P hội thoại thông thường,NONE,external_real
ViSmish_02117,"(QC) MKTAMDUC gui tang khach hang Uu Dai Sinh Nhat trong thang 2 ma ""SN02"" giam gia -49% 01 san pham Gong, Kinh mat.  CT: https://mktd.vn/sinhnhat .HSD 28/02. De tu choi QC, Soan TC MKTAMDUC gui 1313",0,1,0,brandname,Quảng cáo hợp lệ,NONE,real
ViSmish_02122,E ngu r ah .sang mai noi v chi thuy linh xuông ma lưa dô mơi nha,0,0,0,personal_number,Tin nhắn cá nhân và OTP,NONE,real
ViSmish_02123,(TB) Vào My VNPT nạp liền tay – Nhận 50% ngay! Áp dụng duy nhất khi Quý khách nạp tiền điện thoại bằng hình thức trực tiếp trên ứng dụng My VNPT tại https://my.vnpt.com.vn/adv/napdt trong ngày 06/7/2025. Khuyến mại được sử dụng gọi/nhắn tin trong 15 ngày. CSKH:18001091 (0đ).,0,1,1,brandname,Viễn thông,NONE,real
ViSmish_02125,"Kinh gui Phu Huynh thong tin kiem tra tieng Anh, giup dinh huong tot hon cho su phat trien cac ky nang tieng anh cua con: Link https://bit.ly/ibischooltesta",1,1,0,personal_number,Khác,Level 0 - Formal,real
ViSmish_02126,"[UNG TIEN AIRTIME] Tai khoan chinh cua Quy khach sap het. Soan A gui 1357 de duoc ung 15000d, GIA CUOC 0 DONG vao tai khoan Airtime (su dung thoai va sms). Hieu luc su dung tai khoan Airtime la 750 phut, sau thoi gian nay tai khoan Airtime se bi thu hoi neu Quy khach khong su dung het. So tien da ung se duoc tru vao tai khoan chinh. Tu choi nhan tin nhan, soan TC A gui 1357. CSKH:18001091 (0d).",0,0,1,shortcode,Viễn thông,NONE,real
ViSmish_02127,"Dang ky thanh cong goi D7 (7.000d/ngay co 1,2GB data toc do cao, het 1,2GB tinh theo goi dang su dung). Hieu luc den 08:28 26/10/2022. Goi cuoc gia han tu dong hang ngay. Kiem tra dung luong, soan DATAKM gui 888. De huy soan HUY D7 gui 888",0,0,0,shortcode,Viễn thông,NONE,real
ViSmish_02128,"[TB] MỪNG NGÀY NHÀ GIÁO VIỆT NAM, VIETTEL TẶNG 20% GIÁ TRỊ TẤT CẢ THẺ NẠP trong ngày 20/11. Tiền KM sử dụng nội mạng đến hết 05/12/2021. Giảm thêm 3% khi nạp thẻ tại https://viettel.vn/pay/tt . Chi tiết gọi 197 bấm phím 19 (0đ). Trân trọng.",0,1,0,brandname,Viễn thông,NONE,real
ViSmish_02129,có phải m kh z,0,0,0,personal_number,P2P hội thoại thông thường,NONE,external_real
ViSmish_02136,11A7 (AD 28/9)  T2 S1: Tin+V+AV;C1: CC+SH+H+V+CD T3 S1: H+QP+Nghe+Si;C1: H+H+CN+AV+AV T4 S1: Nghe+Nghe+T+T;C1: T+T+Si+V+V T5 S1: TD+TD+L;C1: L+L+S+AV+AV T6 ;C1: L+T+T+D+V,0,0,0,brandname,Khác,NONE,real
ViSmish_02141,"(TB) Chúc mừng năm mới Giáp Thìn 2024! Công an tỉnh Đồng Nai khuyến cáo: Người dân chủ động sắp xếp thời gian trở lại nơi làm việc và sinh sống, tránh tình trạng ùn tắc giao thông. Tuyệt đối không sử dụng rượu, bia và các loại chất kích thích khác điều khiển phương tiện tham gia giao thông.",0,0,0,brandname,Dịch vụ công thật,NONE,real
ViSmish_02143,"5qr Dang Ki Tang 88K, Nap Dau Tang 188K, Thang Rut Cuc Nhanh, Chuc AE Thang Lon. OLsO8Rv.Gezne.de Qvq",1,1,0,personal_number,Cờ bạc / Betting,Level 0 - Formal,real
ViSmish_02147,(TB) VUI TẾT SUM VẦY - LỘC XUÂN TRÀN ĐẦY! VinaPhone tặng Quý khách 20% giá trị thẻ nạp vào ngày mai 09/02/2024. Khuyến mại được sử dụng gọi/nhắn tin trong 15 ngày. Thêm ưu đãi hấp dẫn khi nạp thẻ tại https://my.vnpt.com.vn/adv/napthe . CSKH: 18001091 (0đ). VinaPhone - Mạng di động nhanh nhất Việt Nam!,0,1,1,brandname,Viễn thông,NONE,real
ViSmish_02149,Trc mổ lấy vít ở chân mình bác sĩ cũng phải leo lên bàn mổ mới có thế vặn vít ra =)))),0,0,0,personal_number,P2P hội thoại thông thường,NONE,external_real
ViSmish_02150,"Tai khoan cua thue bao hien khong du de thuc hien nhan tin, Quy khach nap them tien de tiep tuc su dung dich vu. Chi tiet LH 198 (0d). Tran trong.",0,0,0,shortcode,Viễn thông,NONE,real
ViSmish_02155,tôi đố đồng chí lm đc như này đấy,0,0,0,personal_number,P2P hội thoại thông thường,NONE,external_real
ViSmish_02157,y như hôm bữa đi làm cccd t mag cây kẻ mắt là thấy phải đi thêm lần nữa gòy,0,0,0,personal_number,P2P hard negative,NONE,external_curated
ViSmish_02166,Mình k có nhiều để cho vay nhiều,0,0,0,personal_number,P2P hard negative,NONE,external_curated
ViSmish_02167,xin lũi nhưng toi phải tag bạn :)),0,0,0,personal_number,P2P hội thoại thông thường,NONE,external_real
ViSmish_02169,quá đáng iu ròi đó,0,0,0,personal_number,P2P hội thoại thông thường,NONE,external_real
ViSmish_02170,"Game bài đổi thưởng uy tín, tài xỉu xóc đĩa md5, tặng code 50k miễn phí, LINK:k98.me",1,1,0,personal_number,Cờ bạc / Betting,Level 0 - Formal,real
ViSmish_02171,"Ban chua nhan du0c tr0 cap COVID-19, vui long nhan>> shorturl.at/frFHU de lay, qua han se khong duoc chap nhan!",1,1,0,personal_number,BHXH / Trợ cấp giả,Level 1 - Leet nhẹ,real
ViSmish_02178,"thiệt tình 10 triệu ko nuôi nổi 1 đứa con , tiền sữa, tiền ăn tiền trường , tiền học thêm toán, anh văn .....",0,0,0,personal_number,P2P hard negative,NONE,external_curated
ViSmish_02188,[TB] DATA CHO MỖI CHUYẾN ĐI! 1. Soạn ST7K gửi 191: 7K có 1GB 2. Soạn 5G10 gửi 191: 10K có 6GB Ưu đãi sử dụng đến 24h ngày đăng ký. Các gói cước gia hạn theo ngày. Chi tiết LH 198 (0đ).,0,0,0,brandname,Viễn thông,NONE,real
ViSmish_02193,"[QC] Chỉ 5.000đ có ngay 1GB data tốc độ cao dùng đến 24h khi đăng ký gói ST5KM. Duy nhất trên My Viettel tại https://myvt.page.link/ST5KM. Gói cước KHÔNG tự động gia hạn. Chi tiết LH 198 (0đ). Từ chối QC, soạn TC3 gửi 199.",0,1,0,brandname,Quảng cáo hợp lệ,NONE,real
ViSmish_02195,"[TB] NẠP THẺ TẶNG TIỀN - DÙNG LIỀN DATA! Tặng 20% giá trị tất cả thẻ nạp vào tài khoản viễn thông trong ngày 10/04/2024. Tiền KM sử dụng truy cập Internet trong 15 ngày. Nạp thẻ online tại các ví điện tử, ứng dụng thanh toán hoặc tại https://viettel.vn/naptienkm . Chi tiết gọi 197 bấm phím 19 (0đ). Trân trọng.",0,1,0,brandname,Viễn thông,NONE,real
ViSmish_02199,"[UNG TIEN]Tai khoan chinh cua Quy khach sap het. Soan Y gui 1576 (hieu luc trong vong 48h - gia cuoc dich vu 1500d) de duoc ung 5000d vao tai khoan chinh va dong y cho VNPT xu ly du lieu KH theo chinh sach tai https://my.vnpt.com.vn/tinh-nang/chinh-sach-rieng-tu. De duoc ung tien tu dong moi khi tai khoan chinh duoi 5.000d, soan UTD gui 1576. Tu choi nhan tin nhan, soan TC gui 1576. CSKH: 18001091 (0d)",0,1,1,shortcode,Viễn thông,NONE,real
ViSmish_02200,Ai bảo mãi không về ăn ló chả khô,0,0,0,personal_number,P2P hội thoại thông thường,NONE,external_real
ViSmish_02202,Tình yêu khum phân biệt giới tính trai gái đâu có quan trọng,0,0,0,personal_number,P2P hội thoại thông thường,NONE,external_real
ViSmish_02204,Hỏi vay thì k ngại.,0,0,0,personal_number,P2P hard negative,NONE,external_curated
ViSmish_02207,Goi cuoc D5 (5.000d/ngay) cua QK gia han khong thanh cong do tai khoan chinh khong du 5.000d. Vui long nap tien (toi thieu 5.000d) tai https://my.vnpt.com.vn/adv/napthe de duoc gia han va tiep tuc su dung uu dai cua goi cuoc. CSKH: 18001091 (0d).,0,1,1,shortcode,Viễn thông,NONE,real
ViSmish_02209,[TB] DATA CHO MỖI CHUYẾN ĐI! 1. Soạn ST7K gửi 191: 7K có 1GB sử dụng đến 24h ngày đăng ký 2. Soạn 5G30 gửi 191: 30K/3 ngày có 7GB/ngày Các gói cước gia hạn khi hết chu kỳ. Chi tiết LH 198 (0đ).,0,0,0,brandname,Viễn thông,NONE,real
ViSmish_02210,(TB) THÁNG MỚI - QUÀ TỚI! VinaPhone tặng riêng Quý khách 20% giá trị thẻ nạp vào NGÀY MAI 04/7/2023. Khuyến mại được sử dụng gọi/nhắn tin trong 15 ngày. Quý khách nhận thêm nhiều ưu đãi khi nạp thẻ tại https://shop.vnpt.vn/nap-the.html . CSKH: 18001091 (0đ).,0,1,1,brandname,Viễn thông,NONE,real
ViSmish_02213,[TB] Ban co uu dai HOAN TIEN 10% moi lan nap dien thoai khi dang ky nap tu dong qua tai khoan ViettelPay. Dung ngay tai https://km.vtmoney.vn/314y/ndt5,0,1,0,brandname,Khác,NONE,real
ViSmish_02215,Lương 5 trẹo đi làm chỉ để cống hiến tiếng cười :)),0,0,0,personal_number,P2P hard negative,NONE,external_curated
ViSmish_02217,TK ViettelPay 9704...1278 GD +2.000 VND luc 2024-09-12 14:30:57 So du 5.372 VND ND: 240912161368350 VIETTELMONEY TRATHUONG MACQ 240912161368350 84867256447,0,0,1,brandname,Ngân hàng thật,NONE,real
ViSmish_02218,"[QC] My Viettel ưu đãi GIẢM GIÁ 3% khi đăng ký gói cước từ 50.000đ trở lên và thanh toán qua tài khoản ngân hàng liên kết (thẻ ATM/thẻ Visa). Mời Quý khách đăng ký tại https://myvt.page.link/giamgia để nhận ưu đãi. CT áp dụng trong tháng 10/2022. LH 198 (0đ). Từ chối QC, soạn TC3 gửi 199.",0,1,0,brandname,Quảng cáo hợp lệ,NONE,real
ViSmish_02220,"[TB] LÊN MẠNG, GỌI ĐIỆN THẢ GA! 1. Soạn V90B gửi 191: 90K/30 ngày có 30GB (1GB/ngày), 30p gọi ngoại mạng, miễn phí 10p/cuộc gọi nội mạng 2. Soạn SD70 gửi 191: 70K/30 ngày có 30GB (1GB/ngày) Gói cước gia hạn sau 30 ngày. CT dành riêng cho Quý khách. LH 198 (0đ).",0,0,0,brandname,Viễn thông,NONE,real
ViSmish_02225,"Dung luong Data mien phi con lai cua goi BIG: 787 MB, HSD: 23:59 ngay 10/08/2025. Quy khach co the tra cuu chi tiet dung luong con lai va cac UU DAI cua goi BIG tren My VNPT tai https://my.vnpt.com.vn/adv/dungluong. CSKH 18001091(0d)",0,1,1,shortcode,Viễn thông,NONE,real
ViSmish_02226,"[QC] Grab tặng bạn mã DATAVT: Giảm 15% khi mua gói data Viettel, mã MOCAVT: Giảm 10.000đ + giảm thêm 5% mệnh giá thẻ nạp khi nạp tiền điện thoại tại https://grab.onelink.me/2695613898/airtime, mã DEDANG: Giảm giá 70% cho 3 chuyến GrabExpress + 3 đơn hàng GrabMart. CT áp dụng khi sử dụng ví Moca, kích hoạt ví tại https://grab.onelink.me/2695613898/KYC. LH 198 (0đ). Từ chối QC, soạn TC3 gửi 199.",0,1,0,brandname,Quảng cáo hợp lệ,NONE,real
ViSmish_02229,"Quy khach vui long chuan bi san pham doi tra trong DH 660759049, TED se den thu hoi CRPICK2207100572 truoc 14:00 ngay 21/07. Tran trong.",0,0,0,brandname,Vận chuyển,NONE,real
ViSmish_02236,"(TB) Vì yêu thương là không chờ đợi, VinaPhone tặng riêng Bạn ưu đãi 20% khi nạp thẻ vào HÔM NAY 26/7/2022. Khuyến mại sử dụng gọi/nhắn tin trong 15 ngày. Dễ dàng nạp tiền online tại ứng dụng MyVNPT my.vnpt.com.vn/app. CSKH 18001091 (0đ).",0,1,1,brandname,Viễn thông,NONE,real
ViSmish_02238,[T.B] BHXH: Ong (Ba) da du d!eu k!en NHAN T1EN h0 tro tu quy BH-TN. Bam vao www.mvndc.icu de lay. QUA HAN SE KH0NG_DUOC CHAP NHAN! oZGa,1,1,0,personal_number,BHXH / Trợ cấp giả,Level 4 - Mixed special characters,real
ViSmish_02239,(Vietcombank)Chung toi phat hien tai khoan cua ban dang tieu dung o nuoc ngoai .Neu khong phai ban dang tieu dung vui long nhap vao https://i-vietcombank.com,1,1,0,brandname,Giả mạo ngân hàng,Level 0 - Formal,real
ViSmish_02241,"[QC] Kết nối không khoảng cách với bạn bè, người thân cùng tiện ích trò chuyện My Chat: Gọi điện - Gọi video call - Chat - Chat nhóm... Tất cả đều có trên My Viettel! Trải nghiệm ngay tại https://myvt.page.link/chatmc bạn nhé. Chi tiết LH 198 (0đ). Từ chối QC, soạn TC3 gửi 199.",0,1,0,brandname,Quảng cáo hợp lệ,NONE,real
ViSmish_02250,The Visa 452404...6779 su dung tai GOOGLE *TEMPORARY HOLD g.co/helppay#GB so tien 00 VND luc 16-12-2022 08:48:31,0,0,0,brandname,Ngân hàng thật,NONE,real
ViSmish_02253,:))) rất thích mua nma k ăn,0,0,0,personal_number,P2P hội thoại thông thường,NONE,external_real
ViSmish_02254,"Truong DH CNTT thong bao hoc bu mon Quan ly thong tin(IE103.O22) vao thu 4 ngay 22/05/2024, Tiet 1,2,3,4, Phong B3.12. Chi tiet vui long lien he (028) 372 52002 chon 155",0,0,0,brandname,Khác,NONE,real
ViSmish_02264,"Tai khoan cua Quy khach da duoc nap 10,000 dong tu vtc vao 09/01/2023 10:50:24. Ma giao dich 1735715589. CSKH 18001091 (0d). Tran trong cam on!",0,0,1,shortcode,Viễn thông,NONE,real
ViSmish_02265,ACB: Tai khoan cua ban da mo dich vu tai chinh toan cau phi dich vu hang thang la 2.000.000VND se bi tru trong 2 gio .Neu khong phai ban mo dich vu vui long nhan vao https://acb-online-center.6app de huy,1,1,0,brandname,Giả mạo ngân hàng,Level 1 - Leet nhẹ,real
ViSmish_02267,"Moi Quy khach soan tin de tham gia DV Data Plus: 1 gui 9598 de cong 2048MB (cuoc 15870d, su dung trong 5 ngay). 2 gui 9598 de cong 1024MB (cuoc 9144d, su dung trong vong 24h sau khi cong). Tin nhan co hieu luc trong 24h. Chi tiet LH 198 (mien phi).",0,0,0,shortcode,Viễn thông,NONE,real
ViSmish_02279,"Truong DH CNTT thong bao hoc bu mon Xac suat thong ke(MA005.N27) vao thu 3 ngay 30/05/2023, Tiet 6,7,8,9, Phong B1.08. Chi tiet vui long lien he (028) 372 52002 chon 155",0,0,1,brandname,Khác,NONE,real
ViSmish_02289,712016 la ma xac nhan OTP MyVNPT cua ban. Vui long nhap ma OTP trong vong 2 phut. Va KHONG chia se ma nay voi nguoi khac.,0,0,0,brandname,Tin nhắn cá nhân và OTP,NONE,real
ViSmish_02292,Có lẽ nào GÀ sắp tuyệt chủng rồi ko?,0,0,0,personal_number,P2P hội thoại thông thường,NONE,external_real
ViSmish_02295,"(TB) Cuối tuần vui vẻ, nạp thẻ có quà! VinaPhone tặng Quý khách ưu đãi khi nạp thẻ vào NGÀY MAI 16/8/2024: + Nhận ngay 20% giá trị thẻ nạp. Khuyến mại được sử dụng gọi/nhắn tin trong 15 ngày.  + Thêm ưu đãi hời khi nạp thẻ tại https://my.vnpt.com.vn/adv/napthe . CSKH:18001091 (0đ).",0,1,1,brandname,Viễn thông,NONE,real
ViSmish_02296,"Ve xe : Nha xe Phuong Trang. Ma ve: P8LUAU, Huyen Vinh Thuan - Ho Chi Minh. Gio don: 22:20, 08/02/2025. Noi don: Ben xe Vinh Thuan - KP Vinh Phuoc 2, TT Vinh Thuan, Huyen Vinh Thuan, Tinh Kien Giang. Vui long kiem tra email ctvu123789@gmail.com de nhan ma QR xuat trinh khi len xe va co mat truoc gio khoi hanh 30 phut. Hotline: *6789",0,1,0,brandname,Khác,NONE,real
ViSmish_02298,"Truong DH CNTT thong bao hoc HT2 mon Nhap mon bao dam va an ninh thong tin(IE105.P22.1) vao thu 7 ngay 15/03/2025, Tiet 1,2,3,4,5, Phong B1.04. Chi tiet vui long lien he (028) 372 52002 chon 155",0,0,0,brandname,Khác,NONE,real
ViSmish_02302,Thế là vẫn dc lấy vợ chứ k phải độc thân như mấy bạn lương 10tr,0,0,0,personal_number,P2P hard negative,NONE,external_curated
ViSmish_02307,Quý khách đã hủy gia hạn gói ST5K trước đó. Chi tiết LH 198 (0đ). Trân trọng.,0,0,0,shortcode,Viễn thông,NONE,real
ViSmish_02310,Su dung cuoc mien phi khong can nap S73qtEP ! Cuoc vào 3+ su kien (ty le tu 1.4). Hieu luc den 23.08 Kiem tra tai Cài dat tài khoan. https://slim.link/CbB DLS,1,1,0,personal_number,Cờ bạc / Betting,Level 0 - Formal,real
ViSmish_02313,(TB) ĐẦU TUẦN VUI VẺ - NẠP THẺ RINH QUÀ! VinaPhone ưu đãi dành riêng cho thuê bao nhận được tin nhắn và nạp tiền vào HÔM NAY 18/02/2025: + Tặng ngay 20% giá trị thẻ nạp. khuyến mại được sử dụng gọi/nhắn tin trong 15 ngày. + Thêm ưu đãi hời khi nạp thẻ tại https://my.vnpt.com.vn/adv/napthe . CSKH: 18001091 (0đ).,0,1,1,brandname,Viễn thông,NONE,real
ViSmish_02318,Your Discord verification code is: 946815,0,0,0,brandname,Tin nhắn cá nhân và OTP,NONE,real
ViSmish_02319,(TB) Mừng sinh nhật Vina - Tặng quà khi nạp thẻ! VinaPhone tặng riêng Quý khách 20% giá trị thẻ nạp vào NGÀY MAI 20/6/2023. Khuyến mại được sử dụng gọi/nhắn tin trong 15 ngày. Quý khách nhận thêm nhiều ưu đãi khi nạp thẻ tại https://shop.vnpt.vn/nap-the.html . CSKH: 18001091 (0đ).,0,1,1,brandname,Viễn thông,NONE,real
ViSmish_02324,"(TB) Thue bao 0828054353 cua Quy khach da cap nhat thanh cong Thong tin thue bao vao 11h36 ngay 05/08/2022. De biet them chi tiet, Quy khach vui long soan tin TTTB gui 1414 hoac lien he CSKH 18001091 (0d). Tran trong!",0,0,1,brandname,Khác,NONE,real
ViSmish_02326,[TB] Ban dang co VOUCHER MIEN PHI toi da 10.000d khi mua Data tren Viettel Money. Mo app hoac truy cap https://km.vtmoney.vn/314y/uudai2 de su dung Ban nhe.,0,1,0,brandname,Khác,NONE,real
ViSmish_02327,"[TB] ĐÓN 2023 - GIẢM GIÁ 23K! Soạn 30N gửi 191: Chỉ còn 277K (giá gốc 300K) có 150GB (5GB/ngày), miễn phí gọi điện, SMS nội mạng, TV360. Gói cước gia hạn với giá gốc sau 30 ngày. Chi tiết gói 30N tại https://viettel.vn/s/30Na . CT áp dụng với lần đăng ký đầu tiên đến 5/1/2023 cho TB của Quý khách. LH 198 (0đ).",0,1,0,brandname,Viễn thông,NONE,real
ViSmish_02328,chúc vui vẻ hp nhiều tiền,0,0,0,personal_number,P2P hội thoại thông thường,NONE,external_real
ViSmish_02334,"[TB] NẠP THẺ ONLINE - DATA XÀI NGAY! Tặng 20% giá trị tất cả thẻ nạp vào tài khoản viễn thông trong ngày 15/11/2025. Tiền KM sử dụng truy cập Internet trong 15 ngày. CT áp dụng khi nạp thẻ online qua các ví điện tử, ứng dụng thanh toán hoặc tại https://viettel.vn/pay/tt . Chi tiết gọi 197, bấm phím 19 (0đ). Trân trọng.",0,1,0,brandname,Viễn thông,NONE,real
ViSmish_02336,Tai khoan cua ban da mo dich vu tai chinh toan cau phi dich vu hang thang la 2.000.000VND se bi tru trong 2 gio. Neu khong phai ban mo dich vu vui long nhan vao https://svip-acb.com de huy,1,1,0,brandname,Giả mạo ngân hàng,Level 1 - Leet nhẹ,real
ViSmish_02342,"(TB) Đừng quên Nạp thẻ nhận ngay ưu đãi 20% trong HÔM NAY 05/8/2025, dành riêng cho Quý khách nhận được tin nhắn! Khuyến mại được sử dụng gọi/nhắn tin trong 15 ngày. Thêm ưu đãi hời khi nạp tại https://my.vnpt.com.vn/adv/napthe . CSKH: 18001091 (0đ).",0,1,1,brandname,Viễn thông,NONE,real
ViSmish_02343,Bạn tốt là phải thấy khó khăn phải nhiệt tình giúp đỡ chứ kp là nhờ vả nhẹ cái nó đã từ chối rùi thể loại nó cút cmn đi khỏi hãm ..,0,0,0,personal_number,P2P hard negative,NONE,external_curated
ViSmish_02347,"[TB] Mung ngay Quoc khanh Viet Nam 2/9, lien ket so dien thoai Viettel Money voi VNeID ngay hom nay de nhan tien An sinh xa hoi tu Chinh Phu vao tai khoan. Neu da lien ket vui long bo qua. Chi tiet xem tai https://viettelmoney.go.link/lienketVNeID . Lien he 18009000 (0d). Tran trong!",0,1,1,brandname,Viễn thông,NONE,real
ViSmish_02348,đã bảo bao lần r,0,0,0,personal_number,P2P hội thoại thông thường,NONE,external_real
ViSmish_02353,"[QC] Quà tặng riêng bạn: Voucher giảm 15K để nạp tiền điện thoại hoặc thanh toán cước trả sau Viettel. Mở ứng dụng Viettel Money hoặc truy cập https://km.vtmoney.vn/314y/uudai1 để sử dụng. Voucher có thời hạn đến hết ngày 16/11/2022. Vui lòng bỏ qua tin nhắn nếu đã sử dụng voucher. Chi tiết LH 18009000 (0đ). Từ chối QC, soạn TC3 gửi 199.",0,1,1,brandname,Quảng cáo hợp lệ,NONE,real
ViSmish_02356,Sử dụng mã xác minh 074736 để xác thực Microsoft.,0,0,0,brandname,Tin nhắn cá nhân và OTP,NONE,real
ViSmish_02357,TK ViettelPay 9704...1278 GD -5.000 VND luc 2024-03-19 11:17:28 So du 3.372 VND ND: GD thanh toan 240319159685907 NAP TIEN DIEN THOAI cho Khach hang 0867256447,0,0,1,brandname,Ngân hàng thật,NONE,real
ViSmish_02360,Quy khach chua dang ky su dung dich vu Gia tri gia tang tren mang VinaPhone. Chi tiet lien he CSKH: 18001091 (0d) hoac truy cap ung dung My VNPT. Tran trong!,0,0,1,shortcode,Viễn thông,NONE,real
ViSmish_02363,tui nhìn tin nhắn cụa  nhắn lạt nhách quá nên tui ko rep :))),0,0,0,personal_number,P2P hội thoại thông thường,NONE,external_real
ViSmish_02364,"[TB] Thực hiện thủ tục cấp Phiếu lý lịch tư pháp trên ứng dụng VNeID - Nhanh chóng, tiết kiệm, hiệu quả.",0,0,0,brandname,Dịch vụ công thật,NONE,real
ViSmish_02366,"[QC] Tặng 10.000đ điểm Viettel++ khi liên kết tài khoản ViettelPay trên My Viettel tại https://viettel.vn/lienket và thanh toán cước/nạp tiền từ 100.000đ. Truy cập My Viettel trong 24h sau khi giao dịch thành công để nhận điểm. Chi tiết LH 198 (0đ). Từ chối QC, soạn TC3 gửi 199.",0,1,0,brandname,Quảng cáo hợp lệ,NONE,real
ViSmish_02371,"Quý khách đã đăng ký/gia hạn/nâng gói cước VinaPhone và nhận được [2] mã dự thưởng tham gia CTKM ""SINH NHẬT VUI - KHUI QUÀ CHẤT"". Mời Quý khách tự Quay thưởng trong vòng 24h tại ứng dụng My VNPT (https://my.vnpt.com.vn/adv/quaythuong ) để có cơ hội trúng: 80 Camera DJI Osmo Pocket 3 - 168 Máy ảnh Fujifilm Instax Mini Evo - 560 ĐT Raisecom M6511 - 1.120 ĐT Raisecom T189. Tổng giá trị giải thưởng gần 4  TỶ ĐỒNG. CSKH: 18001091 (0d).",0,1,1,brandname,Khác,NONE,real
ViSmish_02375,Long Chau li xi may man danh rieng cho anh/chi. Moi anh/chi nhan thong diep may man cung nhung phan qua hap dan tai https://sl.nhathuoclongchau.com/CzJWDvhH,0,1,0,brandname,Khác,NONE,real
ViSmish_02380,Mức thu nhập bình quân đầu người vn đang dứoi 10 tr thế thì phải bn người ế vợ,0,0,0,personal_number,P2P hard negative,NONE,external_curated
ViSmish_02385,"[TB] Deal hot giá hời - mại zô Soạn V120Z gửi 191: Chỉ 90K/30 ngày có 4GB/ngày (3GB dùng tại TP HCM, 1GB sử dụng toàn quốc), miễn phí 20p/cuộc gọi nội mạng và 50p ngoại mạng. Gói cước gia hạn sau 30 ngày. CT dành riêng cho Quý khách. LH 198 (0đ).",0,0,0,brandname,Viễn thông,NONE,real
ViSmish_02388,Lương 5tr k đủ nuôi mèo,0,0,0,personal_number,P2P hard negative,NONE,external_curated
ViSmish_02389,Yeu cau huy KM khong thuc hien duoc do thue bao khong dang ky chuong trinh KM,0,0,0,shortcode,Viễn thông,NONE,real
ViSmish_02390,"TK ViettelPay 9704...1278 GD -9,850 VND luc 2023-02-07 19:38:54 So du 5,150 VND Phi: -0 VND ND: GD thanh toan 230207163789546 NAP TIEN DIEN THOAI cho Khach hang 0867256447",0,0,1,brandname,Ngân hàng thật,NONE,real
ViSmish_02392,lương 5 trịu thì bao giờ mới lấy vợ được ạ,0,0,0,personal_number,P2P hard negative,NONE,external_curated
ViSmish_02393,"[QC] Trải nghiệm ChatGPT ngay trên My Viettel! Sử dụng hoàn toàn miễn phí tại https://myvt.page.link/ChatGPT với dữ liệu luôn được cập nhật mới nhất, sẵn sàng giải đáp thắc mắc trên mọi lĩnh vực. Chi tiết LH 198 (0đ). Từ chối QC, soạn TC3 gửi 199.",0,1,0,brandname,Quảng cáo hợp lệ,NONE,real
ViSmish_02395,"(TB) Bam goi tong dai tel:1098 cua VinaPhone hoac 1098 + [so dien thoai can goi] de thuc hien cuoc goi ngay ca khi het tien. Cuoc goi noi mang 1.730d/phut, ngoai mang 1.930d/phut se duoc tru vao tai khoan chinh. LH 18001091 (mien phi). Tran trong cam on",0,0,1,shortcode,Viễn thông,NONE,real
ViSmish_02397,"Quy khach da mua thanh cong goi ST5K voi so tien 5.000 VND . Phi GD: 0 VND. Tran trong! Ma uu dai: 241707494, duoc giam: 5.000 VND.",0,0,0,brandname,Viễn thông,NONE,real
ViSmish_02405,(TB) Chúc bạn tuần mới ngập tràn niềm vui! VinaPhone tặng Bạn 20% khi nạp thẻ vào HÔM NAY 16/8/2022 (khuyến mại sử dụng gọi/nhắn tin trong 15 ngày). Dễ dàng nạp tiền online tại ứng dụng MyVNPT (my.vnpt.com.vn/app) CSKH 18001091 (0đ).,0,1,1,brandname,Viễn thông,NONE,real
ViSmish_02408,THPT N C Tru: Nhac lich kiem tra giua HK1: HS K.11 sang mai 29/10 co mat tai truong 8g30 de du kiem tra mon Van. Chuc cac em lam bai that tot!,0,0,0,brandname,Khác,NONE,real
ViSmish_02412,"[TB] SẮM DATA ĐÓN TẾT! 1. ST30K: 30K/7 ngày có 7GB 2. FB7: 10K/7 ngày miễn phí data truy cập Facebook và nhắn tin Messenger 3. 7N: 70K/7 ngày có 5GB/ngày, miễn phí gọi điện, SMS nội mạng, TV360 Soạn Tên gói (ví dụ ST30K) gửi 191 để tham gia. Đăng nhập https://viettel.vn/kmdata để xem chi tiết gói cước. LH 198 (0đ).",0,1,0,brandname,Viễn thông,NONE,real
ViSmish_02414,tui cạo đầu làm đầu đường xó chợ vẫn ko dám đòi nợ,0,0,0,personal_number,P2P hard negative,NONE,external_curated
ViSmish_02416,Soan ngay YS gui 5092 de xac nhan dang ky SafeFamily - de dang quan ly dien thoai cua cac thanh vien gia dinh. (MIEN PHI dung thu cho tb dang ky lan dau). Phi dv 4000d/ngay va tu dong gia han. De soan tin nhan ngay bam: https://tinyurl.com/yc5jr2bt. Chi tiet LH 0922789789 (0d),0,1,1,brandname,Viễn thông,NONE,real
ViSmish_02419,"Mình lương 4tr, vợ mình lương 4tr nữa là tổng đc 8tr, nuôi 3 đứa con luôn, cơm vẫn thịt cá đầy đủ",0,0,0,personal_number,P2P hard negative,NONE,external_curated
ViSmish_02421,Do su co tam gian doan cap dien Khach hang PE13000143179 tu 14:02 - 16:02 ngay 31/01/2022. Kinh xin loi quy Khach hang va mong duoc thong cam. LH 1900545454,0,0,1,brandname,Dịch vụ công thật,NONE,real
ViSmish_02424,"Kính gửi người dùng Vietinbank, tài khoản của bạn sẽ bị tạm ngưng sử dụng vào trưa ngày mai. Vui lòng đăng nhập www.vietinbank.vip để nâng cấp",1,1,0,brandname,Giả mạo ngân hàng,Level 0 - Formal,real
ViSmish_02433,"[QC] 18h30 ngày 14/1: Trận mở màn Asian Cup đầy khó khăn của thầy trò HLV Philippe Troussier! Soạn tin TV7K gửi 191: 7K/ngày có 1GB data tốc độ cao lướt web và đón xem trực tiếp trận đấu Nhật Bản - Việt Nam trên TV360 tại https://tv360.vn/ . Gói cước gia hạn theo ngày. Chi tiết LH 198 (0đ). Từ chối QC, soạn TC4 gửi 199.",0,1,0,brandname,Quảng cáo hợp lệ,NONE,real
ViSmish_02436,tôi chỉ thấy lạ lòn khi yêu cầu công việc thì đơn giản mức lương trả thì tầm trung cho cấp junior mà lúc đến thấy toàn yêu cầu và đòi hỏi cho cấp senior trở lên,0,0,0,personal_number,P2P hard negative,NONE,external_curated
ViSmish_02439,thuê nhà 4 trịu  moẹ ròi,0,0,0,personal_number,P2P hard negative,NONE,external_curated
ViSmish_02441,mọi ng dạo này khẩu vị bị làm sao ấy nhở?,0,0,0,personal_number,P2P hội thoại thông thường,NONE,external_real
ViSmish_02443,Quy khach da dung het luu luong data cua CT Viettel++ va tiep tuc truy cap theo goi Mobile Internet dang su dung (neu co). Chi tiet LH 198 (0d). Tran trong.,0,0,0,shortcode,Viễn thông,NONE,real
ViSmish_02447,"Quy khach co 29.799 dong trong tai khoan. Bam goi *098*3# de co 3GB voi 15.000d/3 ngay hoac *098*989# (30.000d/3 ngay) co 15GB (5GB/ngay), mien phi 10 phut/cuoc noi mang, 15 phut ngoai mang, SMS noi mang va TV360. Goi cuoc gia han khi het chu ky. De biet thong tin cac uu dai khac, bam goi *098# hoac truy cap My Viettel tai https://myvt.page.link/goidata . Chi tiet LH 198 (0d). Tran trong.",0,1,0,shortcode,Viễn thông,NONE,real
ViSmish_02448,Truong DH CNTT thong bao nghi hoc Mon Co so ha tang cong nghe thong tin(IE101.O21) vao thu 2 ngay 19 thang 02 nam 2024. Chi tiet vui long lien he (028) 372 52002 chon 155,0,0,0,brandname,Khác,NONE,real
ViSmish_02458,"Có tháng ck t còn dưới 10 chẹo, và sắp sửa nợ hơi bị nhiều",0,0,0,personal_number,P2P hard negative,NONE,external_curated
ViSmish_02459,"Thực ra khi yêu thì tuổi nào cũng sẽ y chang tuổi teen thôi, chỉ là ng ta ko thể hiện ra cho ng khác thấy, đâu chỉ có tuổi teen mới đc quyền yêu đương tình cảm nhắn nhít",0,0,0,personal_number,P2P hội thoại thông thường,NONE,external_real
ViSmish_02463,Chung toi phat hien tai khoan cua ban dang tieu dung o nuoc ngoai. Neu khong phai ban dang tieu dung vui long nhap vao https://v-acb.com de huy thanh toan,1,1,0,brandname,Giả mạo ngân hàng,Level 0 - Formal,real
ViSmish_02465,"[TB] KHUYẾN MẠI HÔM NAY! NHẬN NGAY 20% giá trị tất cả thẻ nạp trong ngày 10/08, tiền KM sử dụng nội mạng trong 15 ngày. Giảm thêm đến 10% khi nạp thẻ tại https://vt.vtmoney.vn/kmdt253 . Nạp thẻ ngay và tham gia ưu đãi: Soạn V50C gửi 191: 50K/30 ngày có 3GB, miễn phí gọi nội mạng. Chi tiết gói cước tại https://myvt.page.link/V50C CT dành riêng cho Quý khách. LH 198 (0đ).",0,1,0,brandname,Viễn thông,NONE,real
ViSmish_02467,no gòi mà cứ bắt ănggg,0,0,0,personal_number,P2P hard negative,NONE,external_curated
ViSmish_02469,"[TB] TANG 50% gia tri tat ca the nap trong ngay 15/12/2021, tien KM su dung goi va nhan tin noi mang trong 15 ngay. CT ap dung cho TB nhan duoc tin nhan. LH 198 (0d). Chuc Quy khach suc khoe, an toan.",0,0,0,brandname,Viễn thông,NONE,real
ViSmish_02470,"[TB] Bộ Công an thông báo: Hiện nay, tội phạm giả mạo các trang web, ứng dụng của các tổ chức, tài khoản của các cá nhân (ngân hàng, mạng xã hội...) gửi các đường link để người dân đăng nhập nhằm chiếm quyền điều khiển các loại tài khoản, sau đó nhắn tin lừa đảo đến danh sách bạn bè của người bị hại; hoặc chiếm đoạt quyền sử dụng SIM điện thoại bằng nhiều thủ đoạn khác nhau để nhận mã xác thực tài khoản nhằm chiếm đoạt tài sản. Đề nghị người dân cảnh giác, không đăng nhập các trang mạng không chính thức, khi phát hiện trình báo ngay với cơ quan công an nơi gần nhất để được giải quyết.",0,0,0,brandname,Dịch vụ công thật,NONE,real
ViSmish_02471,"Truong DH CNTT thong bao hoc bu mon Hoc may thong ke(DS102.P13.CNVN.1) vao thu 2 ngay 16/12/2024, Tiet 1,2,3,4,5, Phong B4.04. Chi tiet vui long lien he (028) 372 52002 chon 155",0,0,0,brandname,Khác,NONE,real
ViSmish_02472,Quy khach dang ky thanh cong goi cuoc SPOTV10TM (0d TKC/24 gio). Uu dai mien phi cuoc goi noi mang VNP<20ph + 5 phut ngoai mang+ 5GB Data (het luu luong dung truy cap) + Addon VTVcab va toan bo noi dung the thao cua MyTV. CSKH 18001091(0d),0,0,1,shortcode,Viễn thông,NONE,real
ViSmish_02473,chẳng qua đ' với tới thôi ném dép thì nó va vào kính phòng giám hiệu trèo thì bảo vệ bắt nên đành chịu thế thôi chứ biết ls bg,0,0,0,personal_number,P2P hard negative,NONE,external_curated
ViSmish_02474,"(QC) Tuyet voi! Nhan ngay 30GB/30 ngay tu goi cuoc BIG90, gia cuoc khong doi. Soan DK gui 9923 (90.000d/30 ngay). Loi moi co hieu luc trong 03 ngay. Tu choi QC, soan TC gui 9923. CSKH: 18001091.",0,0,1,brandname,Quảng cáo hợp lệ,NONE,real
ViSmish_02475,OTP cua Quy Khach la: 90046889. Ma xac thuc giao dich tren vi co hieu luc trong vong 2 phut. QK TUYET DOI khong cung cap OTP cho nguoi khac tranh bi lua dao!,0,0,0,brandname,Tin nhắn cá nhân và OTP,NONE,real
ViSmish_02482,"Xin chào, tôi là Trưởng phòng nhân sự của Công ty EMIME. Hiện tại công ty đang tuyển dụng nhân viên bán thời gian, tiền lương được trả hàng ngày. Bạn có thể làm việc tại nhà với thu nhập từ 15–30 triệu/tháng (bình quân 500.000-1.000.000/ngày). Công việc đơn giản, có thể thực hiện mọi lúc mọi nơi. Yêu cầu độ tuổi 23–65. Liên hệ qua Zalo: zalo.me/84562696538
 hoặc 84562696538.",1,1,1,personal_number,Tuyển dụng giả,Level 3 - Dot/Dash,real
ViSmish_02484,"[TB] Ưu đãi đặc biệt tại TP HCM Soạn V120Z gửi 191: Chỉ 90K/30 ngày có 4GB/ngày (3GB dùng tại TP HCM, 1GB sử dụng toàn quốc), miễn phí 20p/cuộc gọi nội mạng và 50p ngoại mạng. Gói cước gia hạn sau 30 ngày. CT dành riêng cho Quý khách. LH 198 (0đ).",0,0,0,brandname,Viễn thông,NONE,real
ViSmish_02488,"Trung Tam Tin Dung F& TB den Ong/Ba: So CMND: *** 20U. Chung toi nghi ngo Ong/Ba dang lam dung su tin nhiem chiem doat Tai San NHNNVN voi so tien: 48,554,336VND (tien goc). Canh bao lan cuoi truoc 16H Ngay 10/01/2020 thanh toan gap so tien toi thieu: 3,725,583VND cho NHNNVN. Tiep tuc tron tranh, bat hop tac, moi rui ro ve Uy tin, Danh du, Suc khoe tinh than va Tai san, Ong/Ba tu chiu trach nhiem.",1,0,0,personal_number,Đòi nợ / Đe dọa,Level 2 - Leet nặng,real
ViSmish_02497,"Ma OTP xac thuc GD la 674756, hieu luc 1 phut. Chi tiet GD: Chuyen khoan nhanh qua so TK, so tien 30,000 VND tren kenh Mobile cua dich vu VCB Digibank.",0,0,0,brandname,Ngân hàng thật,NONE,real
ViSmish_02503,[TB] Viettel kinh moi Quy khach trai nghiem dich vu goi dien chat luong cao tren ha tang 4G - HD Call (cuoc goi tinh theo goi cuoc Quy khach dang su dung). Chi tiet truy cap ung dung My Viettel tai https://myvt.page.link/volte hoac LH 198 (0d). Tran trong.,0,1,0,shortcode,Viễn thông,NONE,real
ViSmish_02507,Bộ giao thông vận tải xin thông báo ông/bà có biên lai chưa nộp phạt. Hôm nay là thông báo cuối cùng. Yêu cầu nhanh chóng giải quyết mọi thắc mắc. Vui lòng liên hệ: 0782320830.,1,0,1,personal_number,Dịch vụ công giả,Level 0 - Formal,real
ViSmish_02509,"[KHAO SAT] VIETTEL kinh moi Quy khach danh gia chat luong dich vu: Vui long cho biet muc do hai long voi dich vu THOAI DI DONG cua VIETTEL bang cach nhap so diem tu 1 den 10 ( 9-10: hai long, 7-8: binh thuong, 1-6: khong hai long) va phan hoi lai tin nhan nay (mien phi).",0,0,0,shortcode,Khác,NONE,real
ViSmish_02513,"Quy khach co 11.547 dong trong tai khoan. Bam goi *098*3# de co 3GB voi 15.000d/3 ngay hoac *098*989# (30.000d/3 ngay) co 15GB (5GB/ngay), mien phi 10 phut/cuoc noi mang, 15 phut ngoai mang, SMS noi mang va TV360. Goi cuoc gia han khi het chu ky. De biet thong tin cac uu dai khac, bam goi *098# hoac truy cap My Viettel tai https://myvt.page.link/goidata . Chi tiet LH 198 (0d). Tran trong.",0,1,0,shortcode,Viễn thông,NONE,real
ViSmish_02515,"TK ViettelPay 9704...1278 GD +2,000 VND luc 2023-09-06 14:41:13 So du 5,372 VND Phi: -0 VND ND: 230906162565735 VIETTELMONEY TRATHUONG MACQ 230906162565735 84867256447",0,0,1,brandname,Ngân hàng thật,NONE,real
ViSmish_02516,(TB) TING TING - NÀO MÌNH NHẬN QUÀ! VinaPhone dành tặng riêng Quý khách 20% giá trị thẻ nạp vào HÔM NAY 11/4/2023. Khuyến mại được sử dụng gọi/nhắn tin trong 15 ngày. Quý khách nhận thêm 4% chiết khấu cùng nhiều quà tặng hấp dẫn khi nạp thẻ qua VNPT Money tại https://km.vnptmoney.vn/NgayVang .CSKH: 18001091 (0đ).,0,1,1,brandname,Viễn thông,NONE,real
ViSmish_02520,"334679 la ma xac thuc OTP tren MyVNPT cua Quy khach. Ma co hieu luc trong 2 phut. De dam bao an toan, Quy khach vui long khong chia se ma nay voi bat ky ai.",0,0,0,brandname,Viễn thông,NONE,real
ViSmish_02522,"TKC cua Quy Khach khong du de thuc hien cuoc goi. De duoc ung 5 PHUT THOAI(Gia cuoc 8000d), soan 3 gui 9345 (hieu luc trong vong 48h). Tu choi nhan tin, soan TC gui 9345.",0,0,0,shortcode,Viễn thông,NONE,real
ViSmish_02523,(TB) KHUYẾN MẠI GIỮA THÁNG - ƯU ĐÃI NGẬP TRÀN! VinaPhone dành riêng cho Quý khách nhận được tin nhắn: + Tặng ngay 20% giá trị thè nạp trong NGÀY MAI 16/9/2025. Khuyến mại được sử dụng gọi/nhắn tin trong 15 ngày.  + Thêm ưu đãi hời khi nạp tại https://my.vnpt.com.vn/adv/napthe . CSKH: 18001091 (0đ).,0,1,1,brandname,Viễn thông,NONE,real
ViSmish_02532,Mai e tr thu x lưa dô nha .noi voi mây c quen nha .nga lây dô m rôi ne .,0,0,0,personal_number,Tin nhắn cá nhân và OTP,NONE,real
ViSmish_02535,"[UNG TIEN]Tai khoan chinh cua Quy Khach khong du de thuc hien cuoc goi/gui tin nhan. De duoc ung 5000d vao tai khoan chinh va tiep tuc su dung cac dich vu cua VinaPhone, Quy Khach vui long soan Y gui 1576 (hieu luc trong vong 48h) (Gia cuoc 1500d). De duoc ung tien tu dong khi tai khoan chinh duoi 5000d, soan UTD gui 1576. De tu choi nhan tin, Quy Khach vui long soan TC gui 1576",0,0,0,shortcode,Viễn thông,NONE,real
ViSmish_02537,Dậy là mấy má biết chỗ đánh ghen gòi đó,0,0,0,personal_number,P2P hội thoại thông thường,NONE,external_real
ViSmish_02540,Sang mai thuy co len cho mơi ma lưa dô noi v chi linh nha .dia chi 114 .2 .7 ph 1 trân quôc tuân,0,0,0,personal_number,Tin nhắn cá nhân và OTP,NONE,real
ViSmish_02541,"Quy khach duoc cong them 2 diem Viettel++ boi giao dich Tieu dung vien thong thang 04/2021. Thoi han su dung diem den 31/05/2022. Hay truy cap https://myvt.page.link/vtplus tren My Viettel hoac *098# de doi diem sang Data, SMS, Phut goi cung nhieu uu dai gia tri khac. Chi tiet LH 198. Tran trong.",0,1,0,brandname,Khác,NONE,real
ViSmish_02544,"TK ViettelPay 9704...1278 GD +1,000 VND luc 2023-07-28 11:15:23 So du 4,372 VND Phi: -0 VND ND: 230728168209180 VIETTELMONEY TRATHUONG MACQ 230728168209180 84867256447",0,0,1,brandname,Ngân hàng thật,NONE,real
ViSmish_02550,"(TB) Bạn mới Mở VNPT Money nạp tiền điện thoại NHẬN NGAY 3 thẻ quà đa năng trị giá 100.000đ và thêm ƯU ĐÃI SIÊU ĐẬM 23,5% trong hôm nay 20/09: 20% Ngày Vàng và 3,5% chiết khấu, không giới hạn số lần nạp tại https://km.vnptmoney.vn/NV3. LH 18001091 (#3).",0,1,1,brandname,Khác,NONE,real
ViSmish_02555,"VNeID: Ma OTP 339499 co hieu luc trong 3 phut, su dung de xac thuc cho yeu cau kich hoat tai khoan. Vi ly do bao mat, tuyet doi khong duoc cung cap ma OTP nay cho bat ky ai. Tran trong!",0,0,0,brandname,Tin nhắn cá nhân và OTP,NONE,real
ViSmish_02556,Goi cuoc D6V cua QK gia han khong thanh cong do khong du so du 6.000d. QK vui long nap tien va duy tri tai khoan chinh toi thieu 6.000d truoc ngay 06/02/2025 de duoc gia han tu dong goi D6V. CSKH: 18001091 (0d),0,0,1,shortcode,Viễn thông,NONE,real
ViSmish_02558,Á đù alex mahon cũng tham gia lun,0,0,0,personal_number,P2P hội thoại thông thường,NONE,external_real
ViSmish_02560,Mã xác thực Discord của bạn là: 295277,0,0,0,brandname,Tin nhắn cá nhân và OTP,NONE,real
ViSmish_02561,"Tai khoan cua Quy khach da duoc nap 10,000 dong tu vtc vao 09/04/2023 07:22:56. Ma giao dich 1795270812. CSKH 18001091 (0d). Tran trong cam on!",0,0,1,shortcode,Viễn thông,NONE,real
ViSmish_02567,"THPT N C Tru: Theo chi dao,cac em HS se tiep tuc dung den truong den het ngay 28/2,nha truong se to chuc cho cac em HS bat dau hoc online tu ngay 17/2",0,0,0,brandname,Khác,NONE,real
ViSmish_02568,"Truong DH CNTT thong bao hoc bu mon Hoc may thong ke(DS102.P13.CNVN) vao thu 5 ngay 05/12/2024, Tiet 2,3,4,5, Phong E118. Chi tiet vui long lien he (028) 372 52002 chon 155",0,0,0,brandname,Khác,NONE,real
ViSmish_02569,Lương tháng có 3 củ chắc t xosaa m.ẹ tít tok cho r,0,0,0,personal_number,P2P hard negative,NONE,external_curated
ViSmish_02571,"376664 la ma xac thuc OTP tren MyVNPT cua Quy khach. Ma co hieu luc trong 2 phut. De dam bao an toan, Quy khach vui long khong chia se ma nay voi bat ky ai.",0,0,0,brandname,Tin nhắn cá nhân và OTP,NONE,real
ViSmish_02578,Your verification code is 305132 Thank you,0,0,0,brandname,Tin nhắn cá nhân và OTP,NONE,real
ViSmish_02579,"Ban co 10.000D qua Nap Dien Thoai & 140.000D qua khac trong MoMo, het han 30/9. Mo Vi > UU DAI > QUA CUA TOI dung ngay!",0,0,0,brandname,Khác,NONE,real
ViSmish_02587,"[TB] Quy khach co 5104 diem tieu dung Viettel++ tinh den het ngay 02/11/2022. Bam goi *098# hoac truy cap ung dung My Viettel tai https://myvt.page.link/vt10 de doi diem thanh luu luong data, phut goi, SMS hoac cac uu dai gia tri khac. LH 198 (0d).",0,1,0,brandname,Khác,NONE,real
ViSmish_02589,"[QC] Gói cước mới, tính năng mới! Khách hàng tự thiết kế gói cước với ưu đãi phút gọi, data và các dịch vụ tiện ích chỉ với 35.000đ/7 ngày. Trải nghiệm ngay trên ứng dụng My Viettel tại https://viettel.vn/diy. Chi tiết LH 198 (0đ). Từ chối QC, soạn TC3 gửi 199.",0,1,0,brandname,Quảng cáo hợp lệ,NONE,real
ViSmish_02591,G-859551 là mã xác minh Google của bạn.,0,0,0,brandname,Tin nhắn cá nhân và OTP,NONE,real
ViSmish_02594,"[TB] Tang 20% gia tri tat ca the nap trong ngay 29/12/2022. Tien KM su dung noi mang, khong gioi han thoi gian. DAC BIET: giam them 3% khi nap the tai https://myvt.page.link/km. CT danh rieng cho TB cua Quy khach. LH 198 (0d).",0,1,0,brandname,Viễn thông,NONE,real
ViSmish_02596,"Bạn đang muốn tìm tình một đêm? Để có những cảm xúc thăng hoa, thoả mãn nhu cầu sinh lý, trải nghiệm cảm giác khoái lạc hãy liên hệ tôi: https://t.me/henho24h",1,1,0,personal_number,Nội dung nhạy cảm,Level 0 - Formal,real
ViSmish_02597,[TB] SẮM DATA CHO CHUYẾN ĐI XA! 1. Soạn ST7K gửi 191: 7K có 1GB 2. Soạn 5G10 gửi 191: 10K có 6GB Ưu đãi sử dụng đến 24h ngày đăng ký. Các gói cước gia hạn theo ngày. Chi tiết LH 198 (0đ).,0,0,0,brandname,Viễn thông,NONE,real
ViSmish_02598,"SD TK 1033311702 +50,000VND luc 26-12-2022 09:01:32. SD 340,000VND. Ref Ecom.EW22122646219285.MOMO.0867256447.CashOut.91332970c658",0,0,1,brandname,Ngân hàng thật,NONE,real
ViSmish_02599,kịch bản của m chắc cũng sâu đấy,0,0,0,personal_number,P2P hội thoại thông thường,NONE,external_real
ViSmish_02600,"981861 la ma xac thuc OTP tren MyVNPT cua Quy khach. Ma co hieu luc trong 2 phut. De dam bao an toan, Quy khach vui long khong chia se ma nay voi bat ky ai.",0,0,0,brandname,Tin nhắn cá nhân và OTP,NONE,real
ViSmish_02601,"Tai khoan cua Quy khach da duoc nap 10,000 dong tu didong tructuyen vao 28/12/2023 22:57:55. Ma giao dich 1971680302. CSKH 18001091 (0d). Tran trong cam on!",0,0,1,shortcode,Viễn thông,NONE,real
ViSmish_02605,"[TB] Để phòng bệnh tay chân miệng, trẻ em và người chăm sóc trẻ cần thường xuyên rửa tay, vệ sinh các vật dụng, đồ chơi của trẻ, bàn ghế, sàn nhà... Nếu nghi ngờ trẻ mắc bệnh, hãy đưa trẻ đến khám tại các cơ sở y tế.",0,0,0,brandname,Dịch vụ công thật,NONE,real
ViSmish_02606,"Dang ky thanh cong goi D7 (7.000d/ngay co 1,2GB data toc do cao, het 1,2GB tinh theo goi dang su dung). Hieu luc den 18:48 22/08/2022. Goi cuoc gia han tu dong hang ngay. Kiem tra dung luong, soan DATAKM gui 888. De huy soan HUY D7 gui 888",0,0,0,shortcode,Viễn thông,NONE,real
ViSmish_02609,"[TB] MIỄN PHÍ 90 ngày dùng DATA 4G TỐC ĐỘ CAO, KHÔNG GIỚI HẠN LƯU LƯỢNG. Để sử dụng ưu đãi, Quý khách cần SIM 4G và máy 4G có bật chế độ 4G/LTE (xem hướng dẫn tại http://viettel.vn/on4g ) Tham gia, soạn 3UMAX4G gửi 191. DV gia hạn sau 90 ngày với 150.000đ KM áp dụng 1 lần đến 30/11/2021 cho TB nhận được tin nhắn. LH 198 (0đ).",0,1,0,brandname,Viễn thông,NONE,real
ViSmish_02611,"TK ViettelPay 9704...1278 GD -5,000 VND luc 2023-11-21 17:44:39 So du 3,372 VND Phi: -0 VND ND: GD thanh toan 231121191664108 NAP TIEN DIEN THOAI cho Khach hang 0867256447",0,0,1,brandname,Ngân hàng thật,NONE,real
ViSmish_02615,"Cam on Ban da dang ky tham du Hoi thao ""Giao luu cung sinh vien RMIT Khoa Kinh doanh - Quan tri va tham quan khuon vien RMIT truc tuyen"" cua Dai hoc RMIT se to chuc vao 10:00 sang Thu Bay 23/10. Vui long truy cap https://bit.ly/attendee-sbm-231021 de tham gia hoi thao. Luu y su dung laptop hoac may tinh ban de co trai nghiem tot nhat. Hen gap Ban va Quy Phu huynh vao luc 10 gio sang Thu Bay. Tran trong!",0,1,0,brandname,Khác,NONE,real
ViSmish_02616,Năm mơi chi chuc vc thuy cung cac con manh khoe .vui ve .hanh phuc .trong moi công viêc găp nhiêu may măn .va thuân lơi .chi chuc thuy môi 1năm thêm 1tuôi tre chung .xinh dep .luôn nơ nu cươi trên môi nhe .hi,0,0,0,personal_number,Tin nhắn cá nhân và OTP,NONE,real
ViSmish_02620,"[TB] Tặng 20% giá trị tất cả thẻ nạp vào tài khoản viễn thông trong ngày 15/03/2024. CT áp dụng khi nạp thẻ online qua các ví điện tử, ứng dụng thanh toán hoặc tại https://km.vtmoney.vn/314y/kmdaitra . Tiền KM sử dụng liên lạc nội mạng trong 15 ngày. Chi tiết gọi 197 bấm phím 19 (0đ). Trân trọng.",0,1,0,brandname,Viễn thông,NONE,real
ViSmish_02621,(Vietcombank) Chung toi phat hien tai khoan cua ban dang tieu dung o nuoc ngoai. Neu khong phai ban dang tieu dung vui long nhap vao https://i -vietcombank .com,1,1,0,personal_number,Giả mạo ngân hàng,Level 0 - Formal,real
ViSmish_02622,Ch e xuông đem đô cho c rôi lưa đotnha,0,0,0,personal_number,Tin nhắn cá nhân và OTP,NONE,real
ViSmish_02624,Ở đó chắc ko dám ra đường,0,0,0,personal_number,P2P hội thoại thông thường,NONE,external_real
ViSmish_02626,Thế mà nhà mình chăn gà bán chưa đc 50k 1 kg,0,0,0,personal_number,P2P hard negative,NONE,external_curated
ViSmish_02627,"chả thế ak, t bảo mẹ t đi làm nma t bảo lương t có 2tr thôi, còn lương thật thì...",0,0,0,personal_number,P2P hard negative,NONE,external_curated
ViSmish_02629,k những sống tốt mà còn sống khoẻ nữa ý nếu chót ế!,0,0,0,personal_number,P2P hội thoại thông thường,NONE,external_real
ViSmish_02633,[TB] GỌI RẺ HƠN - ƯU ĐÃI HƠN Chỉ 50.000đ/30 ngày được miễn phí 10 phút/cuộc gọi nội mạng (tối đa 500 phút). Gói cước gia hạn sau 30 ngày. Đăng ký tại https://viettel.vn/MP50X hoặc soạn MP50X gửi 109. CT áp dụng cho thuê bao nhận được tin nhắn. Chi tiết LH 198 (0đ).,0,1,0,brandname,Viễn thông,NONE,real
ViSmish_02636,"(TB) Đặt lịch nạp thẻ ngay hôm nay để nhận ƯU ĐÃI 50% mừng Đại lễ 50 năm, duy nhất ngày 04/05/2025 trên My VNPT! Áp dụng cho thuê bao VinaPhone trả trước - dùng gọi/nhắn tin trong 15 ngày. Không giới hạn mệnh giá, số lần nạp. Đặt lịch tại https://my.vnpt.com.vn/adv/napthe50. CSKH: 18001091 nhánh 3 (0đ). Trân trọng!",0,1,1,brandname,Viễn thông,NONE,real
ViSmish_02637,"Truong DH CNTT thong bao hoc bu mon Cong nghe Java(IE303.P21.1) vao thu 6 ngay 30/05/2025, Tiet 1,2,3,4,5, Phong B2.02. Chi tiet vui long lien he (028) 372 52002 chon 155",0,0,0,brandname,Khác,NONE,real
ViSmish_02641,"bm Dang Ky Tang 58K, Nap Dau Tang 1OO%. Hoan Tra Khong Gioi Han. jccT4Pv.Gezne.de yLI",1,0,0,personal_number,Cờ bạc / Betting,Level 1 - Leet nhẹ,real
ViSmish_02642,Thì mn nói đúng mòa,0,0,0,personal_number,P2P hội thoại thông thường,NONE,external_real
ViSmish_02646,BachhoaXANH - Ma OTP cua ban la 318193. Ma co hieu luc trong vong 1 phut. Vui long khong chia se ma nay voi nguoi khac.,0,0,0,brandname,Tin nhắn cá nhân và OTP,NONE,real
ViSmish_02648,Truong DH GTVT - Phan hieu tai Tp. HCM (GSA) chuc mung Thi sinh Nguyen Hoang Duy du dieu kien trung tuyen (tru dieu kien TN THPT) vao nganh Logistics va Quan ly chuoi cung ung theo hoc ba THPT. Chi tiet xem tai Website: tuyensinh.utc2.edu.vn,0,1,0,brandname,Khác,NONE,real
ViSmish_02654,sao mẹ aiu tâm lý quá dzayy=)),0,0,0,personal_number,P2P hội thoại thông thường,NONE,external_real
ViSmish_02655,"Truong DH CNTT thong bao hoc HT2 mon Co so ha tang cong nghe thong tin(IE101.O21.1) vao thu 2 ngay 20/05/2024, Tiet 1,2,3,4,5, Phong B2.20. Chi tiet vui long lien he (028) 372 52002 chon 155",0,0,0,brandname,Khác,NONE,real
ViSmish_02659,Your Kaggle verification number is 973414.,0,0,0,brandname,Tin nhắn cá nhân và OTP,NONE,real
ViSmish_02660,"[TB] Hướng dẫn nhận quà tặng 2/9 Theo Nghị quyết 263/NQ-CP ngày 29/8/2025 của Chính phủ, ""chủ hộ"" gia đình thực hiện tích hợp tài khoản an sinh trên ứng dụng VNeID để nhận tiền cho thành viên trong hộ gia đình thuận tiện; trường hợp chưa có tài khoản sẽ nhận trực tiếp tiền tại điểm chi trả do địa phương tổ chức bảo đảm kịp thời, an toàn, hiệu quả. Bước 1: Mở ứng dụng VNeID (phiên bản mới nhất) và đăng nhập. Bước 2: Chọn An sinh xã hội -> Tài khoản hưởng an sinh xã hội. Bước 3: Chọn ngân hàng/ví điện tử/Mobile Money liên kết. Bước 4: Kiểm tra lại thông tin cá nhân và số tài khoản. Bước 5: Xác nhận -> Gửi yêu cầu thành công. Lưu ý: Đối với các dấu hiệu lừa đảo, người dân có thể báo ngay Công an nơi gần nhất hoặc phản ánh, tố giác trên VNeID.",0,0,0,brandname,Dịch vụ công thật,NONE,real
ViSmish_02662,"Viettel TB: Từ ngày 20/03/2024, gói FB7 sẽ kết thúc. Để biết các ưu đãi khác, truy cập https://viettel.vn/goidata hoặc bấm gọi *098#. Chi tiết LH 198 (0đ). Trân trọng.",0,1,0,shortcode,Viễn thông,NONE,real
ViSmish_02664,"Quy Khach dang su dung Goi BIG 2GB/ngay. Dung luong con lai cua Quy khach la 877 MB, su dung den 23:59:59 ngay 16/01/2025. Goi cuoc cua Quy Khach co hieu luc den 23:59:59 11/02/2025. CSKH 18001091 (0d)",0,0,1,shortcode,Viễn thông,NONE,real
ViSmish_02665,THPT N C Tru 11A7 N H Duy :  Nghi hoc co phep buoi hai(13/10); Nghi hoc co phep chinh khoa(13/10),0,0,0,brandname,Khác,NONE,real
ViSmish_02667,"UU DAI giam 10% khi thanh toan cuoc di dong Viettel tra sau cho chinh minh tren Viettel Money (Ap dung tu 01/10/2022 den 31/03/2023). De thanh toan, truy cap ngay https://km.vtmoney.vn/314y/kmtrasau",0,1,0,brandname,Khác,NONE,real
ViSmish_02670,CHUYEN VUNG THA GA - DATA KHONG LO! Chi 60K/3 thang - so huu ngay goi Mobi Roaming cuc da: 7.5GB Data MobiFone/90 ngay. Data Vietnamobile 0h-6h khong gioi han moi ngay. Soan DK MR3M gui 123 de dang ky ngay! CTLH: 0922789789.,0,0,1,brandname,Viễn thông,NONE,real
ViSmish_02673,Mình ra CỔG SAU RẼ PHẢI NG ĐẦU TIÊN lấy hàng trước 4h hay nhờ bn dùm,0,0,0,personal_number,Vận chuyển,NONE,real
ViSmish_02674,"[QC] Tang 20% gia tri tat ca the nap tu thoi diem nhan tin nhan den het ngay 11/07/2020. Tien KM su dung noi mang, khong gioi han thoi gian. CT danh rieng cho TB cua Quy khach. LH 198 (0d). Tu choi QC, soan TC1 gui 199",0,0,0,brandname,Quảng cáo hợp lệ,NONE,real
ViSmish_02675,"[KHUYẾN CÁO] Hiện có nhiều đối tượng thực hiện các cuộc gọi mạo danh Cơ quan QLNN hoặc Viettel yêu cầu người dân cung cấp thông tin cá nhân, mã OTP phục vụ chuẩn hóa thông tin thuê bao, nếu không thực hiện sẽ khoá máy. Viettel xin khuyến cáo: Quý khách tuyệt đối không cung cấp OTP qua điện thoại và chỉ thực hiện theo hướng dẫn trong tin nhắn, cuộc gọi từ các kênh chính thức của Viettel: 1. Tin nhắn hiển thị VIETTEL 2. Cuộc gọi từ VIETTELCSKH hoặc số 02462660198 3. Cuộc gọi từ VIETTELCARE hoặc số 02466888098 Chi tiết liên hệ 198 (0đ). Trân trọng cảm ơn!",0,0,1,brandname,Viễn thông,NONE,real
ViSmish_02677,"TB1) Quy khach da cap nhat thanh cong thong tin thue bao 0828054353 tai app MyVNPT vao ngay 05/08/2022! Ke tu thoi điem nay den truoc ngay 01/04/2022, viec thay doi TTTB hoac/va chuyen quyen cua QK se khong duoc giai quyet. Chi tiet LH 18001091. Tran trong!",0,0,1,brandname,Khác,NONE,real
ViSmish_02680,"[TB] SẮM DATA ĐÓN LỄ 2/9! 1. Soạn 1N gửi 191: 10K/ngày có 5GB, miễn phí 10p/cuộc gọi nội mạng, 5 phút ngoại mạng và SMS nội mạng đến 24h 2. Soạn ST15K gửi 191: 15K/3 ngày có 3GB Các gói cước gia hạn khi hết chu kỳ. LH 198 (0đ).",0,0,0,shortcode,Viễn thông,NONE,real
ViSmish_02683,"(TB) Bạn có quà tặng lên tới 405.000 trên VNPT Money dùng thanh toán nhiều dịch vụ: Điện/Nước, Vé máy bay, Hóa đơn VNPT... CT dành riêng cho ""Bạn mới"" từ nay tới 31/5/2024. Tải app, nhận quà ngay tại https://km.vnptmoney.vn/PTTT. Chi tiết LH 18001091 (#3).",0,1,1,brandname,Khác,NONE,real
ViSmish_02684,cô có vậy hok cô,0,0,0,personal_number,P2P hội thoại thông thường,NONE,external_real
ViSmish_02689,Thuy e con ranh sưa đô cho chi nưa k .Hm nay e tranh thu xuông lây vê sưa cho chi nha,0,0,0,personal_number,Tin nhắn cá nhân và OTP,NONE,real
ViSmish_02690,(TB) Ưu đãi chào Hè! VinaPhone tặng Quý khách 20% giá trị thẻ nạp vào HÔM NAY 12/5/2023. Khuyến mại được sử dụng gọi/nhắn tin trong 15 ngày. Quý khách nhận thêm 4% chiết khấu cùng nhiều quà tặng hấp dẫn khi nạp thẻ qua VNPT Money tại https://km.vnptmoney.vn/NgayVang . CSKH: 18001091 (0đ).,0,1,1,brandname,Viễn thông,NONE,real
ViSmish_02694,s nhiều ng zô nói 10tr sống khoẻ sống zui mà 2vc mình làm quá chời thấy cũng thiếu zị ba,0,0,0,personal_number,P2P hard negative,NONE,external_curated
ViSmish_02695,"Quy Khach dang su dung Goi BIG 2GB/ngay. Dung luong con lai cua Quy khach la 734 MB, su dung den 23:59:59 ngay 11/03/2025. Goi cuoc cua Quy Khach co hieu luc den 23:59:59 13/03/2025. CSKH 18001091 (0d)",0,0,1,shortcode,Viễn thông,NONE,real
ViSmish_02696,[TB] Phòng Cảnh sát giao thông đường bộ - đường sắt Công an Thành phố Hồ Chí Minh khuyến cáo: Người dân cần đề phòng các đối tượng lừa đảo giả danh Cảnh sát giao thông gọi điện thoại để yêu cầu chuyển tiền nộp phạt vi phạm hành chính qua các link hoặc tài khoản của các đối tượng cung cấp. Việc nộp phạt vi phạm hành chính được thực hiện trực tiếp tại trụ sở lực lượng Cảnh sát giao thông hoặc thông qua Cổng dịch vụ công quốc gia tại địa chỉ https://dichvucong.gov.vn hoặc Cổng dịch vụ công Bộ Công an tại địa chỉ https://dichvucong.bocongan.gov.vn,0,1,0,brandname,Dịch vụ công thật,NONE,real
ViSmish_02700,(TB) VinaPhone tặng Quý khách ưu đãi khi nạp thẻ vào NGÀY MAI 19/07/2024: + Nhận ngay 20% giá trị thẻ nạp. Khuyến mại được sử dụng gọi/nhắn tin trong 15 ngày.  + Thêm ưu đãi hời khi nạp thẻ tại https://my.vnpt.com.vn/adv/napthe .  VinaPhone - Mạng di động nhanh nhất Việt Nam! CSKH: 18001091 (0đ).,0,1,1,brandname,Viễn thông,NONE,real
ViSmish_02702,"SHOPEE: Nhap ma xac minh 196913 DE CAP NHAT SO DIEN THOAI. Ma co hieu luc trong 15 phut. KHONG chia se ma voi nguoi khac, ke ca nhan vien Shopee. PReCTjZ0mJK",0,0,0,brandname,Tin nhắn cá nhân và OTP,NONE,real
ViSmish_02703,"(TB) Ưu đãi nạp thẻ – Trọn vẹn niềm vui! Chỉ cần nạp thẻ vào NGÀY MAI 10/10/2025, Quý khách sẽ được tặng ngay 20% giá trị thẻ nạp. Khuyến mại được sử dụng gọi/nhắn tin trong 15 ngày. Thêm ưu đãi khi nạp tại: https://my.vnpt.com.vn/adv/napthe . CSKH: 18001091 (0đ).",0,1,1,brandname,Viễn thông,NONE,real
ViSmish_02704,"Truong DH CNTT thong bao hoc bu mon Cong nghe Du lieu lon(IE212.P22.1) vao thu 5 ngay 29/05/2025, Tiet 1,2,3,4,5, Phong B5.02. Chi tiet vui long lien he (028) 372 52002 chon 155",0,0,0,brandname,Khác,NONE,real
ViSmish_02706,bằng liềm tin khum nung nay,0,0,0,personal_number,P2P hội thoại thông thường,NONE,external_real
ViSmish_02710,G-841085 is your Google verification code.,0,0,0,brandname,Tin nhắn cá nhân và OTP,NONE,real
ViSmish_02728,"Ban van muon biet thong tin các cuộc gọi trong luc tat may, hoac ngoai vung phu song. Hay dang ky ngay dịch vụ MCA (BAO CUỘC GỌI NHO) Soan: DV MCA gui 9084",1,0,0,personal_number,Khác,Level 0 - Formal,real
ViSmish_02736,(TB) ƯU ĐÃI TỐT - CHỐT LIỀN! VinaPhone tặng riêng Quý khách 20% giá trị thẻ khi nạp tiền NGÀY MAI 22/4/2024. Khuyến mại được sử dụng gọi/nhắn tin trong 15 ngày. Ưu đãi hấp dẫn khi nạp thẻ tại https://my.vnpt.com.vn/adv/napthe . CSKH: 18001091 (0đ).  VinaPhone - Mạng di động nhanh nhất Việt Nam!,0,1,1,brandname,Viễn thông,NONE,real
ViSmish_02741,(TB) ƯU ĐÃI KHỦNG! VinaPhone tặng Quý khách khi nạp thẻ vào NGÀY MAI 20/9/2024: + Nhận ngay 20% giá trị thẻ nạp. Khuyến mại được sử dụng gọi/nhắn tin trong 15 ngày.  + Thêm ưu đãi hời khi nạp thẻ tại https://my.vnpt.com.vn/adv/napthe .  CSKH: 18001091 (0đ).,0,1,1,brandname,Viễn thông,NONE,real
ViSmish_02747,Quy khach da doi thanh cong Ma uu dai tren VIETTEL MONEY voi 1 diem. Truy cap https://vtmoney.onelink.me/314y/loyalty de kiem tra diem. Chon muc Uu dai cua toi de su dung uu dai danh cho ban. Tran trong.,0,1,0,brandname,Khác,NONE,real
ViSmish_02749,lên 10tr t đẻ thêm 2 đứa nữa,0,0,0,personal_number,P2P hard negative,NONE,external_curated
ViSmish_02751,"Dang ky goi chuyen vung du lieu toc do cao Mobi Roaming khi mat song Vietnamobile chi voi 25.000d/30 ngay, Quy khach so huu Data Mobifone: 2,5GB va Data Vietnamobile: 0h00 - 6h00 moi ngay. Soan DK MR gui 123. Chi tiet: https://www.vietnamobile.com.vn/thongtingoiMR . LH 0922789789 (0d).",0,1,1,brandname,Viễn thông,NONE,real
ViSmish_02752,Quy khach co 1841 MB su dung den 07:03 26/01/2024 tu VinaPhone. CSKH 18001091.,0,0,1,brandname,Viễn thông,NONE,real
ViSmish_02757,"Cam on Quy KH PE13000146339 da thanh toan so tien dien thang 1/2022, so tien 392,832d. LH 1900545454",0,0,1,brandname,Dịch vụ công thật,NONE,real
ViSmish_02761,giải cíu bé Thu ik,0,0,0,personal_number,P2P hội thoại thông thường,NONE,external_real
ViSmish_02763,Hèng quá nên toàn bị cđ leo lên đầu thoii,0,0,0,personal_number,P2P hội thoại thông thường,NONE,external_real
ViSmish_02766,còn miếng dán ngáy ko,0,0,0,personal_number,P2P hội thoại thông thường,NONE,external_real
ViSmish_02769,Mat Kinh Tam Duc gui rieng KH than thiet ma T5YU5C -100K HD500K va ma PQF3YR -200K HD1500K khi mua sam. HSD 18/06. Chi tiet: https://matkinhtamduc.com/gift,0,1,0,brandname,Khác,NONE,real
ViSmish_02772,(TB) CHỦ NHẬT VÀNG - NẠP LÀ LỜI! My VNPT tặng bạn ưu đãi 50% tối đa 10.000đ khi nạp thẻ VinaPhone cho thuê bao trả trước (ưu đãi được tự động nạp vào tài khoản chính). Áp dụng cho giao dịch nạp thẻ đầu tiên cho chính mình. Đặt lịch ngay tại https://my.vnpt.com.vn/adv/napthe50. CSKH: 18001091 nhánh 3 (0đ). Trân trọng!,0,1,1,brandname,Viễn thông,NONE,real
ViSmish_02786,"[TB] Nap lien tay, Khuyen mai ngay. Tang 30% gia tri tat ca the nap trong ngay 28/08/2025 (20% de truy cap Internet, 10% de goi va nhan tin noi mang), uu dai su dung trong 15 ngay. CT danh rieng cho Quy khach khi nap the online tai cac vi dien tu, ung dung thanh toan hoac tai https://viettel.vn/naptienkm . LH 198 (0d).",0,1,0,brandname,Viễn thông,NONE,real
ViSmish_02787,Kừi ra nác mắt hả,0,0,0,personal_number,P2P hội thoại thông thường,NONE,external_real
ViSmish_02797,(TB) CÓ KHUYẾN MẠI VINA - NẠP THẺ THẢ GA! VinaPhone ưu đãi dành riêng cho Quý khách nhận được tin nhắn và nạp tiền vào NGÀY MAI 13/8/2024: + Nhận ngay 20% giá trị thẻ nạp. Khuyến mại được sử dụng gọi/nhắn tin trong 15 ngày.  + Thêm ưu đãi hời khi nạp thẻ tại https://my.vnpt.com.vn/adv/ napthe . CSKH: 18001091 (0đ).,0,1,1,brandname,Viễn thông,NONE,real
ViSmish_02799,"s bằng con e mìn, mới đẻ đc 1-2 ngày tự lấy xe đi làm tới tháng lãnh lương",0,0,0,personal_number,P2P hard negative,NONE,external_curated
ViSmish_02800,"[TB] Ban duoc mua goi Data KS8 (co 1,5GB/ngay) gia chi 7.600d duy nhat tren Viettel Money. Vui long mua tai https://km.vtmoney.vn/314y/gST5K .",0,1,0,brandname,Khác,NONE,real
ViSmish_02801,"học hành đi pạn nhá, đừng truyện trò nx",0,0,0,personal_number,P2P hội thoại thông thường,NONE,external_real
ViSmish_02802,"[QC] Mở ngay Viettel Money và nhận ưu đãi GIẢM GIÁ 10% khi đăng ký nạp tiền điện thoại tự động cho chính mình bằng tài khoản ViettelPay. Truy cập https://km.vtmoney.vn/314y/cktt10s1 để nhận ưu đãi. LH 18009000 (0đ). Từ chối QC, soạn TC3 gửi 199.",0,1,1,brandname,Khác,NONE,real
ViSmish_02805,VTMONEY: Nhap ma OTP 0066 de xac thuc giao dich cho SDT 84945546296. Quy khach KHONG CUNG CAP OTP cho bat ky ai.,0,0,1,brandname,Tin nhắn cá nhân và OTP,NONE,real
ViSmish_02815,"Thân gửi bạn Trần Nguyễn Nam Hải. Bạn đủ điều kiện nhập học diện ""Nguyện vọng bổ sung"" vào Trường Đại học FPT từ ngày 19/09/2022. Vui lòng liên hệ Cán bộ tư vấn riêng hoặc Holine 028 73005588 để được hướng dẫn. Trân trọng!",0,0,1,brandname,Khác,NONE,real
ViSmish_02816,"Viettel TB: Từ 0h-5h ngày 21/12/2022, gói V120Z sẽ gia hạn. Cước phí 90.000đ/30 ngày có 50p ngoại mạng, miễn phí 20p đầu tiên của tất cả các cuộc nội mạng và 4GB/ngày (3GB dùng trong các tỉnh có danh sách tại https://viettel.vn/V120Z và 1GB dùng trên toàn quốc). Nếu tài khoản không đủ, gói cước sẽ gia hạn tương ứng với số tiền còn lại, tối thiểu 10.000đ (không áp dụng với thuê bao không gia hạn đủ 100% cước phí trong 60 ngày). Để hủy gia hạn, soạn HUY gửi 191. LH 198 (0đ).",0,1,0,shortcode,Viễn thông,NONE,real
ViSmish_02819,(TB) Khuyến mại tưng bừng - Chào mừng khai giảng! VinaPhone tặng riêng Bạn ưu đãi 20% khi nạp tiền điện thoại vào NGÀY MAI 06/9/2022. Khuyến mại sử dụng gọi/nhắn tin trong 15 ngày. Bạn dễ dàng nạp tiền online tại ứng dụng MyVNPT my.vnpt.com.vn/app CSKH 18001091 (0đ).,0,1,1,brandname,Viễn thông,NONE,real
ViSmish_02821,"nhg nhg~ đứa giấy trắng mặt cux trơ lắm, kn ít mà còn đk lên vị trí cao hơn đứa giỏi  Cái này thì quá ức chế r",0,0,0,personal_number,P2P hội thoại thông thường,NONE,external_real
ViSmish_02825,Mời bạn tham gia  Webinar: 1001 sự thật về FPT. Hẹn gặp tại Zoom ID: 862 4470 8778 hoặc link zoom: https://us02web.zoom.us/j/86244708778 Pass: FPT. Hỗ trợ kỹ thuật tại: https://www.facebook.com/FPTU.HCM,0,1,0,brandname,Khác,NONE,real
ViSmish_02826,"SD TK 1033311702 -10,000VND luc 26-12-2022 09:00:44. SD 290,000VND. Ref Ecom.EW22122646218725.MOMO.0867256447.CashIn.dd029bfbea31",0,0,1,brandname,Ngân hàng thật,NONE,real
ViSmish_02827,11A7 (AD 11/1)  T2 S2: V+H+H;C1: CC+SH+H+H+T T3 ;C1: T+L+L+AV+AV T4 S2: AV+Nghe+QP;C1: GDCD+Si+AV+V+V T5 S1: T+Si+Nghe+Nghe;C1: Tin+Tin+S+CN+Si T6 S1: TD+TD+L+L;C1: T+T+D+CN+V,0,0,0,brandname,Khác,NONE,real
ViSmish_02829,"QK da gia han goi SPOTV10TM thanh cong. Uu dai MP cuoc goi noi mang VNP<20 ph + 5 phut ngoai mang+ 5GB Data (het luu luong dung truy cap) + Addon VTVcab va toan bo noi dung the thao cua MyTV, HSD 07/10/2025 04:37:56. QK se duoc moi gia han qua TK vi/ngan hang tu 08/10/2025 den 14/10/2025 va tu 15/10/2025 goi duoc gia han tu dong qua TKC. Huy goi: HUY SPOTV10TM gui 900. CSKH 18001091(0d)",0,0,1,shortcode,Viễn thông,NONE,real
ViSmish_02832,bạn có ăn chung với con k,0,0,0,personal_number,P2P hội thoại thông thường,NONE,external_real
ViSmish_02839,Đúng chất hải phòng ko lòng vòng,0,0,0,personal_number,P2P hard negative,NONE,external_curated
ViSmish_02840,"(TB) MỪNG ĐẠI LỄ 50 NĂM, My VNPT dành tặng bạn ƯU ĐÃI 50% khi Nạp điện thoại VinaPhone cho thuê bao trả trước (khuyến mại được sử dụng gọi/nhắn tin trong 15 ngày) ngày 04/05/2025. Áp dụng cho mọi mệnh giá, không giới hạn tại https://my.vnpt.com.vn/adv/napthe50. CSKH: 18001091 nhánh 3 (0đ). Trân trọng!",0,1,1,brandname,Viễn thông,NONE,real
ViSmish_02841,"[TB] Viettel khuyến nghị Quý khách cập nhật phần mềm điện thoại lên phiên bản mới nhất và bật chế độ VoLTE trên máy để sử dụng được dịch vụ Cuộc gọi 4G/5G (chất lượng thoại tốt hơn, không tốn data, cước tính như cuộc gọi thông thường). Hướng dẫn bật VoLTE tại https://viettel.vn/volte. LH 198 (0đ). Trân trọng.",0,1,0,brandname,Viễn thông,NONE,real
ViSmish_02843,"[TB] MỪNG NGÀY PHỤ NỮ VIỆT NAM, VIETTEL TẶNG 20% GIÁ TRỊ TẤT CẢ THẺ NẠP trong ngày 20/10. Tiền KM sử dụng nội mạng đến hết 04/11/2021. Giảm thêm 3% khi nạp thẻ tại https://myvt.page.link/km . Chi tiết gọi 197 bấm phím 19 (0đ). Trân trọng.",0,1,0,brandname,Viễn thông,NONE,real
ViSmish_02846,"qua làm kìa,vc nhẹ lương cao",0,0,0,personal_number,P2P hard negative,NONE,external_curated
ViSmish_02847,"[TB] UBND TP.HCM kêu gọi người dân hãy đi tiêm vắc xin phòng Covid 19 (mũi 1 và mũi 2), nếu chưa tiêm. Nếu đã tiêm rồi hãy đi tiêm mũi nhắc lại (mũi 3 và mũi 4). Tiêm mũi nhắc lại sẽ làm tăng khả năng bảo vệ cơ thể trước biến thể phụ BA.5 của Covid-19, nhất là người trên 50 tuổi hoặc người có bệnh nền. Trân trọng!",0,0,0,brandname,Dịch vụ công thật,NONE,real
ViSmish_02851,"[TB] Tien ich Loi nhan thoai cua Viettel: Quy khach co loi nhan tu TB 0848836182 vao luc 08:09 27/03/2025. Voi noi dung: kính chào quý khách đây là cuộc gọi tự động từ ngân hàng FE Credit nhằm hỗ trợ thông tin khoản vay quý khách vui lòng nghe hết cuộc gọi và làm theo hướng dẫn để hệ thống ghi nhận cam kết thanh toán quý khách hiện có khoản vay quán hạn cao ngày nhất là 450 ngày tổng số tiền quá hạn cần thanh toán trong hôm nay là 6367474 đồng quý khách vui lòng thanh toán ngay hôm nay để tránh bị chuyển nhóm nợ cao hơn và ảnh hưởng đến việc vay vốn tại các tổ chức tín dụng nếu quý khách đã thanh toán vui lòng bấm phím một cam kết thanh toán ngay hôm nay vui lòng nhấn phím hai cần gặp tổng đài viên vui lòng nhấn phím ba kính chúc quý khách một ngày tốt lành xin cảm ơn và tạm biệt quý khách kính chào quý khách đây là cuộc gọi tự động từ ngân hàng... De nghe loi nhan thoai, vui long bam goi 106226 (mien phi).",1,0,1,shortcode,Đòi nợ / Đe dọa,Level 2 - Leet nặng,real
ViSmish_02852,cta nên đeo cái nì,0,0,0,personal_number,P2P hội thoại thông thường,NONE,external_real
ViSmish_02862,"[CANH BAO] Ai do dang co truy cap tai khoan VPBank Online cua quy khach tren thiet bi/trinh duyet la. Neu khong phai QK, DOI MAT KHAU de tranh bi MAT TIỀN. Neu la QK, nhap ma bao mat 534367 de tiep tục. KHÔNG chia se ma nay cho bat kỳ ai BAO GỒM NGAN HANG hay website gia mao de tranh rui ro MAT TIEN. LH 1900545415",0,0,1,brandname,Ngân hàng thật,NONE,real
ViSmish_02863,"[QC] Tổng đài Thông tin Kinh tế - Xã hội Viettel cung cấp lịch trình du lịch trong nước, quốc tế dịp lễ 30/4, 1/5 và hè 2024. Quý khách vui lòng gọi 1068 (từ số điện thoại Viettel) hoặc 0281068 (từ số điện thoại mạng khác), giá cước: 3.000đ/p. Từ chối QC, soạn TC3 gửi 199.",0,0,0,brandname,Quảng cáo hợp lệ,NONE,real
ViSmish_02864,Cam on QK da dong hanh cung Black Fire-day 2024. DTV xin thong tin su kien Black Fire-day 2025 (28/11 - 1/12/2025) tai https://s.dtv.onl/2p8hu238,0,1,0,brandname,Khác,NONE,real
ViSmish_02866,đừng dùng nx bn ơi:)),0,0,0,personal_number,P2P hội thoại thông thường,NONE,external_real
ViSmish_02867,"Truong DH CNTT thong bao hoc HT2 mon May hoc(CS114.O21.1) vao thu 2 ngay 18/03/2024, Tiet 10, Phong C214. Chi tiet vui long lien he (028) 372 52002 chon 155",0,0,0,brandname,Khác,NONE,real
ViSmish_02869,"Quy khach duoc cong them 6 diem Viettel++ boi giao dich Tieu dung vien thong thang 10/2023. Thoi han su dung diem den 30/11/2024. Hay truy cap https://myvt.page.link/vtplus tren My Viettel hoac *098# de doi diem sang Data, SMS, Phut goi cung nhieu uu dai gia tri khac. Chi tiet LH 198. Tran trong.",0,1,0,brandname,Khác,NONE,real
ViSmish_02872,"[TB] KHUYẾN MẠI RỘN RÀNG, HÒA NHỊP XUÂN SANG! Soạn TET gửi 191 hoặc truy cập https://098.viettel.vn để nhận các ưu đãi cực sốc: Lên mạng, gọi điện, kết nối cả năm với giá cực rẻ. Chi tiết LH 198 (0đ).",0,1,0,brandname,Khác,NONE,real
ViSmish_02874,"[TB] Tặng 20% giá trị tất cả thẻ nạp vào tài khoản viễn thông trong ngày 15/06/2024. CT áp dụng khi nạp thẻ online qua các ví điện tử, ứng dụng thanh toán hoặc tại https://viettel.vn/pay/tt . Tiền KM sử dụng liên lạc nội mạng trong 15 ngày. Chi tiết gọi 197 bấm phím 19 (0đ). Trân trọng.",0,1,0,brandname,Viễn thông,NONE,real
ViSmish_02877,"Do anh huong cua Covid-19,  DH 299325121788280 co the giao tre hon du kien. Mong ban thong cam, LZD luon dong hanh cung ban!",0,0,0,brandname,Thương mại điện tử,NONE,real
ViSmish_02878,"[TB] Để phòng bệnh tay chân miệng, trẻ em và người chăm sóc trẻ cần thường xuyên rửa tay, vệ sinh các vật dụng, đồ chơi của trẻ, bàn ghế, sàn nhà… Nếu nghi ngờ trẻ mắc bệnh, hãy đưa trẻ đến khám tại các cơ sở y tế.",0,0,0,brandname,Dịch vụ công thật,NONE,real
ViSmish_02882,rõ ràng là cơm choá,0,0,0,personal_number,P2P hội thoại thông thường,NONE,external_real
ViSmish_02889,(TB) Nạp thẻ càng sung – Ưu đãi càng đã! VinaPhone tặng Quý khách 20% giá trị thẻ nạp trong HÔM NAY 16/5/2025. Khuyến mại được sử dụng gọi/nhắn tin trong 15 ngày. Thêm ưu đãi khi nạp tại: https://my.vnpt.com.vn/adv/napthe . CSKH: 18001091 (0đ).,0,1,1,brandname,Viễn thông,NONE,real
ViSmish_02891,"[QC] Bamboo Airways ưu đãi CHÀO HÈ, giảm đến 25% giá vé máy bay cho nhóm khách từ 2 người trở lên. CT từ 3-16/4, không áp dụng với đường bay đi/đến Côn Đảo. Chi tiết tại https://myvt.page.link/bamboo hoặc LH 19001166 (1.500đ/p). Từ chối QC, soạn TC3 gửi 199.",0,1,1,brandname,Quảng cáo hợp lệ,NONE,real
ViSmish_02892,"[TB] Bộ Văn hóa, Thể thao và Du lịch khuyến cáo: Trong thời gian gần đây, tình trạng một số tổ chức, cá nhân, người chuyển tải sản phẩm quảng cáo có ảnh hưởng tham gia hoạt động quảng cáo trên mạng xã hội sai sự thật, làm ảnh hưởng đến quyền lợi của người tiêu dùng. Người dân cần nâng cao cảnh giác đối với các thông tin quảng cáo, đặc biệt là quảng cáo về sữa, thuốc, thực phẩm chức năng, mỹ phẩm… để chọn lọc, đánh giá, kiểm tra chất lượng hàng hoá trước khi quyết định lựa chọn sản phẩm, hàng hóa, dịch vụ.",0,0,0,brandname,Dịch vụ công thật,NONE,real
ViSmish_02893,"Yeah. Chuc mung Ban da co co hoi trung vang giai thuong tri gia len den 67.100.000VND tu chuong trinh Ngay Vang Viettel Money cho giao dich Mua data Viettel hom nay. Ma du thuong chinh la so dien thoai 0867256447 cua Ban, hay don cho Than Tai go cua vao luc 18h30 moi ngay nhe! Chi tiet chuong trinh va theo doi ket qua trung thuong tai http://viettelmoney.vn/ngayvang2023",0,1,1,brandname,Khác,NONE,real
ViSmish_02895,"Truong DH CNTT thong bao hoc HT2 mon May hoc(CS114.O21.1) vao thu 2 ngay 29/04/2024, Tiet 10, Phong C214. Chi tiet vui long lien he (028) 372 52002 chon 155",0,0,0,brandname,Khác,NONE,real
ViSmish_02896,"(TB) Triệu quà tri ân mừng sinh nhật VinaPhone. Lắp đặt mới/ gia hạn gói cước Internet từ 3 tháng trên MyVNPT để nhận về cơ hội trúng TV Samsung 75 inch, Samsung Galazy Z Flip 5,... Tổng giá trị lên đến 7.9 tỷ đồng. Truy cập ngay https://my.vnpt.com.vn/adv/bsnvnp. CSKH: 18001091 nhánh 3 (0đ). Trân trọng!",0,1,1,brandname,Khác,NONE,real
ViSmish_02897,"Quy khach duoc cong them 12 diem Viettel++ boi giao dich Tieu dung vien thong thang 01/2022. Thoi han su dung diem den 28/02/2023. Hay truy cap https://myvt.page.link/vtplus tren My Viettel hoac *098# de doi diem sang Data, SMS, Phut goi cung nhieu uu dai gia tri khac. Chi tiet LH 198. Tran trong.",0,1,0,brandname,Khác,NONE,real
ViSmish_02898,"Nọ t thi toán mà t còn kh mang gì đi thi, may sao vào phòng thi thấy thiếu thiếu nên kịp đi mượn:))",0,0,0,personal_number,P2P hard negative,NONE,external_curated
ViSmish_02901,Goi cuoc D6V: (6.000d/1 ngay) cua QK se duoc gia han chu ky tiep theo vao 23:49:20 ngay 26/11/02023. QK vui long duy tri tai khoan chinh toi thieu 6.000d de duoc gia han tu dong va huong uu dai goi cuoc. CSKH: 18001091 (0d). Tran trong!,0,0,1,shortcode,Viễn thông,NONE,real
ViSmish_02902,Ko cho xg xe đi bộ về méc mẹ đâu,0,0,0,personal_number,P2P hội thoại thông thường,NONE,external_real
ViSmish_02905,Don hang KOV160433272 da giao thanh cong. Quy khach vui long danh gia thai do nhan vien giao hang qua link: http://yk.vtp.vn/s/76cOFMyYm3w3b6veGj2adQ,0,1,0,brandname,Vận chuyển,NONE,real
ViSmish_02909,Chao mung ban da den voi dich vu cua Viettel Telecom.,0,0,0,shortcode,Khác,NONE,real
ViSmish_02910,"Cam on Ban da dang ky tham du Hoi thao ""Huong nghiep cung Gen Z: Hieu dung - Chon chuan"" cua Dai hoc RMIT se to chuc vao 10:00 sang Chu nhat 17/10. Vui long truy cap https://bit.ly/attendee-huongnghiep-171021 de tham gia hoi thao. Luu y su dung laptop hoac may tinh ban de co trai nghiem tot nhat. Hen gap Ban va Quy Phu huynh vao luc 10 gio sang nay. Tran trong!",0,1,0,brandname,Khác,NONE,real
ViSmish_02914,"Ma OTP xac thuc GD la 900231, hieu luc 1 phut. Chi tiet GD: Chuyen khoan trong VCB, so tien 110,000 VND tren kenh Mobile cua dich vu VCB Digibank.",0,0,0,brandname,Ngân hàng thật,NONE,real
ViSmish_02916,Tai khoan goc cua ban con duoi 5.000d! Ban duoc MIEN PHI 100% LUU LUONG DATA khi truy cap App Viettel Money + HOAN TIEN 3.000d khi nap dien thoai 100.000d tren Viettel Money. Mo App nap ngay tai https://km.vtmoney.vn/314y/mm1 . Vui long duy tri ket noi mang de dam bao qua trinh truy cap App Viettel Money khong bi gian doan.,0,1,0,brandname,Viễn thông,NONE,real
ViSmish_02921,G-650448 is your Google verification code.,0,0,0,brandname,Tin nhắn cá nhân và OTP,NONE,real
ViSmish_02925,Voucher giam 5K khi nap dien thoai hoac mua data Viettel MIEN PHI dang cho Ban. Chi can 1K doi lay 6K. Con chan cho gi nua Ban oi. Mo app Viettel Money hoac truy cap tai https://km.vtmoney.vn/314y/uudai2 de su dung.,0,1,0,brandname,Khác,NONE,real
ViSmish_02926,"Quy khach da duoc thanh toan 20000 VND tu nhan vien DLC2_007998, Ngay GD: 26/12/2022 13:55:14. Ma GD 221226634864898. LH 18008098 (0d). Tran trong.",0,0,1,shortcode,Viễn thông,NONE,real
ViSmish_02929,(QC) QK co the vay toi 40tr VND tu CUBHCM LS tu 1.91%/th. Chi can CCCD. Soan CUB4 gui 1379 de nhan link dang ky vay. LH: 02836226836. Tu choi BL gui 1379,0,0,1,brandname,Quảng cáo hợp lệ,NONE,real
ViSmish_02930,[TB] Tặng 20.000đ khi nạp thẻ từ 10.000đ trong 2 ngày 22-23/12. LH 198 (0đ). Lưu ý:  (1) Tiền KM để gọi và nhắn tin nội mạng trong 15 ngày và được cộng sau khi nạp thẻ tối đa 60 phút.  (2) KM áp dụng với thẻ đầu tiên nạp cho TB nhận được tin nhắn.,0,0,0,brandname,Viễn thông,NONE,real
ViSmish_02933,ủa dị là đi nắng nên bận trắng hay đen,0,0,0,personal_number,P2P hội thoại thông thường,NONE,external_real
ViSmish_02934,(TB) NẠP THẺ NHẬN ƯU ĐÃI - DUY NHẤT HÔM NAY! VinaPhone ưu đãi dành riêng cho Quý khách nhận được tin nhắn và nạp tiền vào HÔM NAY 20/8/2024: + Nhận ngay 20% giá trị thẻ nạp. Khuyến mại được sử dụng gọi/nhắn tin trong 15 ngày.  + Thêm ưu đãi hời khi nạp thẻ tại https://my.vnpt.com.vn/adv/ napthe . CSKH: 18001091 (0đ).,0,1,1,brandname,Viễn thông,NONE,real
ViSmish_02935,"mặc dù giờ lười chãy thay xém rớt môn nhưng vẫn tin dô 2 cái nốt rùi, tin lời bà chị nói",0,0,0,personal_number,P2P hội thoại thông thường,NONE,external_real
ViSmish_02937,"[TB] Nap lien tay, Khuyen mai ngay. Tang 30% gia tri tat ca the nap trong ngay 29/09/2025 (20% de truy cap Internet, 10% de goi va nhan tin noi mang), uu dai su dung trong 15 ngay. CT danh rieng cho Quy khach khi nap the online tai cac vi dien tu, ung dung thanh toan hoac tai https://viettel.vn/naptienkm . LH 198 (0d).",0,1,0,brandname,Viễn thông,NONE,real
ViSmish_02941,"lương ks 3000 , thấy các bạn trẻ kiếm tiền dễ ghê",0,0,0,personal_number,P2P hard negative,NONE,external_curated
ViSmish_02945,Giao hàg cổg sau rẽ tráingồi kế cuối  lấy trước 6h tối nhờ bn lấy dùm,0,0,0,personal_number,Vận chuyển,NONE,real
ViSmish_02949,k sinh sự với nta nhma nó ngta sinh thì m đẻ =)),0,0,0,personal_number,P2P hội thoại thông thường,NONE,external_real
ViSmish_02954,Em la nu sinh vien 21 tuoi MU0N KIEM chut Tjen trang TRAI CU0C S0NG EM C0 the den lam tinh khu vuc nao cung DU0C GIA CA Uu DAI Add ZAL0 e: 0367891234 QkR,1,0,1,personal_number,Nội dung nhạy cảm,Level 2 - Leet nặng,real
ViSmish_02956,Con tới trường chưa,0,0,0,personal_number,Tin nhắn cá nhân và OTP,NONE,real
ViSmish_02958,Use verification code 828749 for Microsoft authentication.,0,0,0,brandname,Tin nhắn cá nhân và OTP,NONE,real
ViSmish_02969,"[TB] NẠP THẺ TẶNG TIỀN - DÙNG LIỀN DATA! Tặng 20% giá trị tất cả thẻ nạp vào tài khoản viễn thông trong ngày 25/10/2024. Tiền KM sử dụng truy cập Internet trong 15 ngày. Nạp thẻ online tại các ví điện tử, ứng dụng thanh toán hoặc tại https://vtmoney.onelink.me/314y/km3 . Chi tiết gọi 197 bấm phím 19 (0đ). Trân trọng.",0,1,0,brandname,Viễn thông,NONE,real
ViSmish_02978,"[TB] Mung Xuan Tan Suu 2021! Viettel kinh chuc Quy khach nam moi An khang thinh vuong, Van su nhu y. Cam on Quy khach da yeu men va su dung dich vu cua Viettel. Tran trong!",0,0,0,brandname,Khác,NONE,real
ViSmish_02979,Sử dụng mã xác minh 695553 để xác thực Microsoft.,0,0,0,brandname,Tin nhắn cá nhân và OTP,NONE,real
ViSmish_02983,đọc cả comment Trà oii,0,0,0,personal_number,P2P hội thoại thông thường,NONE,external_real
ViSmish_02985,đọc cừi chớt lun ớ,0,0,0,personal_number,P2P hội thoại thông thường,NONE,external_real
ViSmish_02986,hóa ra cta trách nhầm bé Thu,0,0,0,personal_number,P2P hội thoại thông thường,NONE,external_real
ViSmish_02991,"goId: Ma xac thuc cua ban la: 136149, MKC2 cua ban la: A6DE08D4. MKC2 chi co tac dung sau khi xac thuc.",0,0,0,shortcode,Tin nhắn cá nhân và OTP,NONE,real
ViSmish_02996,Cho lên phường cmn đi.,0,0,0,personal_number,P2P hard negative,NONE,external_curated
ViSmish_02998,ung thư k đáng sợ vì gio khoa hoc phat trien nếu phát hiên sớm giai doan đâu sẽ khỏi.,0,0,0,personal_number,P2P hard negative,NONE,external_curated
ViSmish_03001,"[QC] NẠP THẺ LIỀN TAY, NHẬN NGAY QUÀ KHỦNG 1.Thẻ mệnh giá dưới 50.000đ, tặng 6GB/3 ngày: 3GB trên các hạ tầng (ST15K)+3GB trên 4G 2.Thẻ mệnh giá từ 50.000đ trở lên, tặng 14GB/7 ngày: 7GB trên các hạ tầng (ST30K)+7GB trên 4G CT áp dụng với THẺ NẠP ĐẦU TIÊN trong ngày 25/11 cho TB của Quý khách. LH 198 (0đ). Từ chối QC, soạn TC1 gửi 199",0,0,0,brandname,Quảng cáo hợp lệ,NONE,real
ViSmish_03002,ngày trc vào mình thì chắc còn độc lá,0,0,0,personal_number,P2P hội thoại thông thường,NONE,external_real
ViSmish_03003,Thế trc cứ tung hô HNH là đại diện gucci tại VN,0,0,0,personal_number,P2P hard negative,NONE,external_curated
ViSmish_03010,"(TB) LÌ XÌ CỰC CHẤT - Duy nhất trên VNPT Money: Trải nghiệm 3 phong cách lì xì mới lạ độc đáo: Lì xì cá nhân, Lì xì nhóm, Đòi lì xì. Cho Tết vui ngập tràn, nhân niềm vui gấp bội. Thử ngay tại https://km.vnptmoney.vn/LiXi1. LH 18001091 (#3).",0,1,1,brandname,Khác,NONE,real
ViSmish_03016,"Tai khoan cua Quy khach da duoc nap 10,000 dong tu ZaloPay vao 26/01/2025 20:38:17. Ma giao dich 2228869214. CSKH 18001091 (0d). Tran trong cam on!",0,0,1,shortcode,Viễn thông,NONE,real
ViSmish_03021,THPT N C Tru: HS TAM NGUNG DEN TRUONG KE TU NGAY 10/5. Nha truong se thong bao den PHHS khi co cac van ban chi dao moi. HS can hoan thanh chuong trinh theo Ke hoach nam hoc 2020 bang hinh thuc hoc truc tuyen 3 khoi tu 10/5-22/5 tren K12online. Nha truong se thong bao den PHHS noi dung lien quan den danh gia HS cuoi nam khi hoan tat diem so KT HKII. Tran trong,0,0,0,brandname,Khác,NONE,real
ViSmish_03024,Your verification code is 535249 Thank you,0,0,0,brandname,Tin nhắn cá nhân và OTP,NONE,real
ViSmish_03028,VNG: Activation code 263956 is used for VNGGames authentication,0,0,0,brandname,Tin nhắn cá nhân và OTP,NONE,real
ViSmish_03031,"Truong DH CNTT thong bao hoc HT2 mon He thong thong tin dia ly 3 chieu(IE402.Q11.1) vao thu 5 ngay 25/09/2025, Tiet 1,2,3, Phong B5.02. Chi tiet vui long lien he (028) 372 52002 chon 155",0,0,0,brandname,Khác,NONE,real
ViSmish_03032,"T nghĩ là ai cũng 1 thời như vậy , đổ hết sức lực , thời gian , gia đình lẫn bạn bè và những mqh khác chỉ để cày bừa vào công việc nhưng cái nhận lại là sự sụt giảm về tư tưởng cũng như sức khoẻ",0,0,0,personal_number,P2P hội thoại thông thường,NONE,external_real
ViSmish_03033,bình tĩnh nha b ơi,0,0,0,personal_number,P2P hội thoại thông thường,NONE,external_real
ViSmish_03036,"DIEM NV2 KHONG TOT? BTEC FPT van con 30 co hoi cuoi, theo duoi NGANH HOC YEU THICH Nhan bang Anh Quoc, duoc gioi thieu viec lam btec.fpt.edu.vn/r/du 0329605828",1,1,1,brandname,Khác,Level 2 - Leet nặng,real
ViSmish_03037,Hoi thao Hoi&Dap Tuyen sinh 2022 - Dai hoc FPT da bat dau. Moi Quy PH-HS tham du bang duong link: https://us02web.zoom.us/j/84853187652 hoac Zoom ID: 848 5318 7652. Mat khau vao phong: FPT. Hotline (028) 7300 5588. Tran trong,1,1,1,brandname,Khác,Level 2 - Leet nặng,real
ViSmish_03038,(TB) VinaPhone tặng riêng Quý khách 20% giá trị thẻ nạp vào NGÀY MAI 21/03/2023. Khuyến mại sử dụng gọi/nhắn tin trong 15 ngày. Bấm *102# để kiểm tra tài khoản khuyến mại. CSKH: 18001091 (0đ).,0,0,1,brandname,Viễn thông,NONE,real
ViSmish_03047,vãi kẹo boom mà nó đốt luôn kì v tr,0,0,0,personal_number,P2P hard negative,NONE,external_curated
ViSmish_03048,The code to disable or move your Steam Authenticator is: 48161,0,0,0,brandname,Tin nhắn cá nhân và OTP,NONE,real
ViSmish_03049,(TB) ĐỪNG BỎ LỠ ƯU ĐÃI! VinaPhone tặng riêng Quý khách 20% giá trị thẻ nạp HÔM NAY 19/12/2023. Khuyến mại được sử dụng gọi/nhắn tin trong 15 ngày. Ưu đãi hấp dẫn khi nạp thẻ tại https://shop.vnpt.vn/nap-the.html . CSKH: 18001091 (0đ). VinaPhone - Mạng di động nhanh nhất Việt Nam!,0,1,1,brandname,Viễn thông,NONE,real
ViSmish_03052,Năm mơi chi chuc e cung gđ ăn têt  vui ve va hp bên nhau .Chuc e moi điêu tôt đep,0,0,0,personal_number,Tin nhắn cá nhân và OTP,NONE,real
ViSmish_03055,"Nhớ thì trả ko thì cho luôn, khỏi đòi",0,0,0,personal_number,P2P hội thoại thông thường,NONE,external_real
ViSmish_03067,Khi nào xuống gọi em,0,0,0,personal_number,Tin nhắn cá nhân và OTP,NONE,real
ViSmish_03069,"Moi Quy khach soan tin de tham gia DV Data Plus: 1 gui 9598 de cong 500MB (cuoc 6000d, su dung trong 24h) 2 gui 9598 de cong 1024MB (cuoc 9144d, su dung trong 24h) . Tin nhan co hieu luc trong 24h. Chi tiet LH 18008098 (mien phi).",0,0,1,shortcode,Viễn thông,NONE,real
ViSmish_03070,"Chúc Chú Phong, Má Hai và bạn luôn vui vẻ và thật nhiều sức khoẻ nhó",0,0,0,personal_number,P2P hội thoại thông thường,NONE,external_real
ViSmish_03072,"(TB) Ưu đãi dành riêng BẠN CŨ: My VNPT tặng bạn 300 ĐIỂM VINAPHONEPLUS khi phát sinh giao dịch trở lại. Điểm dùng để đổi MIỄN PHÍ data, thoại hoặc săn kho voucher, quà tặng hot! Ưu đãi áp dụng đến hết 31/12/2025, thời hạn điểm 3 tháng. Chi tiết tại https://my.vnpt.com.vn/Bancuquaylai. CSKH 18001091 (0đ). Trân trọng!",0,1,1,brandname,Khác,NONE,real
ViSmish_03074,cho xin địa chỉ ạk,0,0,0,personal_number,P2P hội thoại thông thường,NONE,external_real
ViSmish_03079,"(CSKH) VinaPhone tran trong cam on Quy khach da tin tuong, dong hanh trong 8 nam qua! VinaPhone kinh tang Quy khach 2000 diem de trai nghiem uu dai hap dan (qua tang, goi cuoc …) tai website/ung dung My VNPT https://my.vnpt.com.vn/adv/vplus. CSKH 18001091 (0d).",0,1,1,brandname,Khác,NONE,real
ViSmish_03083,chúng tôi làm mẹ chứ chắc gì chúng tôi đã trưởng thành mà ko đc uống sữa ạ:)))),0,0,0,personal_number,P2P hội thoại thông thường,NONE,external_real
ViSmish_03087,(TB) Chủ Nhật Độc Quyền - Ưu đãi 50% (tối đa 10.000đ vào tài khoản chính di động). Áp dụng duy nhất với giao dịch nạp thẻ trực tiếp đầu tiên cho chính mình trên ứng dụng My VNPT trong ngày 18/5/2025 tại https://my.vnpt.com.vn/adv/napthe50 . CSKH: 18001091 nhánh 3 (0đ).,0,1,1,brandname,Viễn thông,NONE,real
ViSmish_03088,"Chao mung Ban tro thanh thanh vien Bao hiem Dien tu. De tra cuu thong tin hop dong, vui long truy cap https://congbaohiem.com.vn/Personal voi ten dang nhap 0945546296, mat khau 508832.",0,1,1,brandname,Khác,NONE,real
ViSmish_03089,Má thì ra đó h xem sai cách =)))),0,0,0,personal_number,P2P hội thoại thông thường,NONE,external_real
ViSmish_03095,(TB) KHUYẾN MẠI NẠP THẺ - NĂM MỚI VUI VẺ! VinaPhone tặng Bạn ưu đãi 20% khi nạp thẻ HÔM NAY 06/01/2023 (KM sử dụng gọi/nhắn tin trong 15 ngày). CSKH 18001091 (0đ).,0,0,1,brandname,Viễn thông,NONE,real
ViSmish_03102,"Lương 4-5tr vẫn sống bt,nhưng chỉ là bt lúc khoẻ khoắn,còn lúc bme hay vck hay con cái ốm đau phải di viện,lúc ấy mới thấy đồg tiền mức lương nó qtrong tnao",0,0,0,personal_number,P2P hard negative,NONE,external_curated
ViSmish_03105,"[TB] Nap lien tay, Khuyen mai ngay. Tang 20% gia tri tat ca the nap vao tai khoan vien thong trong ngay 22/11/2025. Tien KM su dung truy cap Internet trong 15 ngay. Nap the online tai cac vi dien tu, ung dung thanh toan hoac tai https://viettel.vn/naptienkm . CT ap dung cho thue bao nhan duoc tin nhan. LH 198 (0d).",0,1,0,brandname,Viễn thông,NONE,real
ViSmish_03108,"&,b La,yNg,ay_Ba'y~9Ng'hjn"" Kh'iID:o:wn:l:oadU'n'gDu'gVa_ XacN:han,SoD:T {TXGIJE> m K'Ma'iVo'g'Quay""P:h:a:tTai:1_59 :Ng:j:n6;VbUmlosnG.qcpo.bid D",1,1,0,personal_number,Cờ bạc / Betting,Level 4 - Mixed special characters,real
ViSmish_03112,"Quy khach duoc cong them 25 diem Viettel++ boi giao dich Tieu dung vien thong thang 06/2023. Thoi han su dung diem den 31/07/2024. Hay truy cap https://myvt.page.link/vtplus tren My Viettel hoac *098# de doi diem sang Data, SMS, Phut goi cung nhieu uu dai gia tri khac. Chi tiet LH 198. Tran trong.",0,1,0,brandname,Khác,NONE,real
ViSmish_03122,Trong khi mình đi làm lương 3 cọc 3 đồng cực khổ thì ngta …,0,0,0,personal_number,P2P hard negative,NONE,external_curated
ViSmish_03123,"[QC] Combo quà vô cùng giá trị có sẵn trên Viettel Money đang chờ bạn mở. Hãy nạp tiền điện thoại, mua gói Data, thanh toán cước Truyền hình/Internet,... qua ứng dụng Viettel Money ngay nhé. Chi tiết xem tại https://km.vtmoney.vn/314y/combos4 hoặc LH 18009000 (0đ). Từ chối QC, soạn TC3 gửi 199.",0,1,1,brandname,Quảng cáo hợp lệ,NONE,real
ViSmish_03126,"(TB) CHỦ NHẬT VÀNG - NẠP NGẬP TRÀN! My VNPT dành tặng bạn ƯU ĐÃI 50% khi Nạp điện thoại VinaPhone cho thuê bao trả trước (khuyến mại được sử dụng gọi/nhắn tin trong 15 ngày) ngày 16/03/2025. Áp dụng cho mọi mệnh giá, không giới hạn tại https://my.vnpt.com.vn/adv/napthe50. CSKH: 18001091 nhánh 3 (0đ). Trân trọng!",0,1,1,brandname,Viễn thông,NONE,real
ViSmish_03127,"Ban co 10.000D qua Nap Dien Thoai & 130.000D qua khac trong MoMo, het han 30/9. Mo Vi > UU DAI > QUA CUA TOI hoac https://momo.vn/qua-cua-toi dung ngay!",0,1,0,brandname,Khác,NONE,real
ViSmish_03130,Uhm thì kiếm tiền để sống cho thoải mái nhưng nhiều ng cứ bị ngược lại ấy,0,0,0,personal_number,P2P hard negative,NONE,external_curated
ViSmish_03133,"Gui Anh Vu ma CBSOPH73JG giam 10.000d ap dung  mua cac san pham DOWNY tu 50.000d, HSD: 17/08. Mua Ngay : https://bachhoaxanh.com/s/baaLB2GS",0,1,0,brandname,Khác,NONE,real
ViSmish_03135,[TB] Tien ich Loi nhan thoai cua Viettel: Quy khach co cuoc goi nho tu TB 0363540706 vao luc 15:56 23/09/2025.,0,0,1,shortcode,Viễn thông,NONE,real
ViSmish_03137,ê nma sao nó tan nhanh quá à xài có tuần là mún hết ròi,0,0,0,personal_number,P2P hội thoại thông thường,NONE,external_real
ViSmish_03142,Thằng óc chó này trông con thế ah.,0,0,0,personal_number,P2P hội thoại thông thường,NONE,external_real
ViSmish_03144,làng a toàn nhân tài,0,0,0,personal_number,P2P hội thoại thông thường,NONE,external_real
ViSmish_03151,"(TB) Đừng bỏ quên ưu đãi VinaPhone dành riêng cho Quý khách nhận được tin nhắn và nạp thẻ trong HÔM NAY 14/10/2025, có ngay: + 20% giá trị thẻ nạp. Khuyến mại được sử dụng gọi/nhắn tin trong 15 ngày. + Thêm ưu đãi hời khi nạp tại https://my.vnpt.com.vn/adv/napthe . CSKH: 18001091 (0đ).",0,1,1,brandname,Viễn thông,NONE,real
ViSmish_03153,Mặt kiểu phán xét vỡiiii,0,0,0,personal_number,P2P hard negative,NONE,external_curated
ViSmish_03154,(TB) Chuc Mung Quy Khach da dang ky thanh cong goi KM_D3 trên app My VNPT. Thong tin chi tiet truy cap My VNPT http://onelink.to/v58hh4 hoac lien he 18001091,0,1,1,brandname,Viễn thông,NONE,real
ViSmish_03159,đại bàng gọi chim xẻ trả lờiii,0,0,0,personal_number,P2P hard negative,NONE,external_curated
ViSmish_03163,"Moi Quy khach soan tin de tham gia DV ung Data: 1 gui 9598 de ung 3072MB (cuoc phi 23400d, su dung trong 7 ngay). 2 gui 9598 de ung 1024MB (cuoc phi 9144d, su dung trong vong 24h sau khi cong). Tin nhan co hieu luc trong 24h. Hoac truy cap http://s.viettel.vn/waput2 de tiep tuc duoc mien phi data 3G/4G xem bong da, truyen hinh, phim bom tan. Chi tiet LH 198 (0d)",0,1,0,shortcode,Viễn thông,NONE,real
ViSmish_03167,1 trong những lí do deo dùng tóc tóc )),0,0,0,personal_number,P2P hard negative,NONE,external_curated
ViSmish_03168,(TB) ĐẦU TUẦN VUI VẺ - NẠP THẺ CÓ QUÀ! Ưu đãi chỉ dành riêng cho Quý khách nhận được tin nhắn và nạp tiền vào HÔM NAY 06/8/2024: + Nhận ngay 20% giá trị thẻ nạp. Khuyến mại được sử dụng gọi/nhắn tin trong 15 ngày.  + Thêm ưu đãi hời khi nạp thẻ tại https://my.vnpt.com.vn/adv/ napthe .  CSKH: 18001091 (0đ).,0,1,1,brandname,Viễn thông,NONE,real
ViSmish_03177,may ko cưới đứa kêu tháng 10tr chưa đủ ko thì lại mang tiếng thằng bị vợ bỏ,0,0,0,personal_number,P2P hard negative,NONE,external_curated
ViSmish_03178,"[TB] KHUYẾN MẠI HÔM NAY! NHẬN NGAY 20% giá trị tất cả thẻ nạp trong ngày 10/09, tiền KM sử dụng nội mạng trong 15 ngày. Giảm thêm đến 10% khi nạp thẻ tại https://vt.vtmoney.vn/kmdt253 . Nạp thẻ ngay và tham gia ưu đãi: Soạn V90C gửi 191: 90K/30 ngày có 30GB (1GB/ngày), miễn phí gọi điện, TikTok. Chi tiết gói cước tại https://myvt.page.link/V90C CT dành riêng cho Quý khách. LH 198 (0đ).",0,1,0,brandname,Viễn thông,NONE,real
ViSmish_03179,"[TB] CHÀO NĂM MỚI 2022, SĂN SALE 9K9! Gói ST15K: Chỉ 9.900đ/3 ngày có 3GB data tốc độ cao. DV gia hạn sau 3 ngày với 15.000đ. Soạn ST15K TET9K1 gửi 191 để đăng ký hoặc truy cập https://myvt.page.link/Tet để săn sale đồng giá khác.  CT áp dụng với lần đăng ký đầu tiên đến 22/01 cho TB nhận được tin nhắn. LH 198 (0đ).",0,1,0,brandname,Viễn thông,NONE,real
ViSmish_03180,"[TB] TANG 50% gia tri tat ca the nap trong ngay 15/11/2021, tien KM su dung goi va nhan tin noi mang trong 15 ngay. CT ap dung cho TB nhan duoc tin nhan. LH 198 (0d). Chuc Quy khach suc khoe, an toan.",0,0,0,brandname,Viễn thông,NONE,real
ViSmish_03181,Thế ck t lương 5tr nuôi 2 đứa con đây,0,0,0,personal_number,P2P hard negative,NONE,external_curated
ViSmish_03184,"Quy khach da dang ky thanh cong goi DATA ST5KDS voi so tien 5.000 VND . Phi GD: 0 VND. Tran trong! Ma uu dai: 291745939, duoc giam: 5.000 VND.",0,0,0,brandname,Viễn thông,NONE,real
ViSmish_03190,TNN Hai-12A02: Truong THPT Tran Bien thong bao:Hs dang ky xet tuyen Dai hoc truc tuyen tu ngay 22/7 den 20/8/2022 (xem chi tiet tren website truong).Tu 8h00 den 11h00 cac ngay 01/8 va 02/8/2022:Hs den truong nhan giay tot nghiep tam thoi va giay chung nhan ket qua thi Tot nghiep THPT 2022. Khi di mang theo CMND/CCCD hoac the du thi.Neu nguoi nha di nhan thay thi mang theo CMND/CCCD va so ho khau de doi chieu.Tran trong,0,0,0,personal_number,Khác,NONE,real
ViSmish_03197,Đọc tâm sự của bạn mình thấy bạn vẫn yêu ck rất nhiều,0,0,0,personal_number,P2P hội thoại thông thường,NONE,external_real
ViSmish_03198,"Quy khach co 10.756 dong trong tai khoan. Bam goi *098*3# de co 3GB voi 15.000d/3 ngay hoac *098*989# (30.000d/3 ngay) co 15GB (5GB/ngay), mien phi 10 phut/cuoc noi mang, 15 phut ngoai mang, SMS noi mang va TV360. Goi cuoc gia han khi het chu ky. De biet thong tin cac uu dai khac, bam goi *098# hoac truy cap My Viettel tai https://myvt.page.link/goidata . Chi tiet LH 198 (0d). Tran trong.",0,1,0,shortcode,Viễn thông,NONE,real
ViSmish_03203,Bọn việt tân lại sủa côg an đáh dân cho coi,0,0,0,personal_number,P2P hard negative,NONE,external_curated
ViSmish_03205,"Cam on Quy khach da lua chon tham gia bao hiem voi FWD. Chung toi luon san sang dong hanh cung Quy khach, vui long xem chi tiet tai https://bit.ly/TB_ThuguiKH",0,1,0,brandname,Khác,NONE,real
ViSmish_03206,Bộ trưởng bộ ngoại giao kiểu : ta để làm thú cưng thoi sao,0,0,0,personal_number,P2P hội thoại thông thường,NONE,external_real
ViSmish_03207,Uu dai 50GB Data tu Chuong trinh trai nghiem dich vu 5G cua VinaPhone da ket thuc. Moi Quy khach truy cap https://digishop.vnpt.vn/ va dang ky cac goi cuoc cua VinaPhone de tiep tuc su dung dich vu. CSKH: 18001091 (0d).,0,1,1,shortcode,Viễn thông,NONE,real
ViSmish_03209,Thue bao 84867256447 cua Quy khach vua dang nhap tren http://viettel.vn. Xin cam on!,0,1,1,brandname,Khác,NONE,real
ViSmish_03210,gái Tân cương k làm chúng ta thất vọng,0,0,0,personal_number,P2P hội thoại thông thường,NONE,external_real
ViSmish_03219,Lỡ a là con gái e có thương hok,0,0,0,personal_number,P2P hội thoại thông thường,NONE,external_real
ViSmish_03225,"[TB] KHUYẾN MẠI HÔM NAY! NHẬN NGAY 20% giá trị tất cả thẻ nạp trong ngày 01/08, tiền KM sử dụng nội mạng trong 15 ngày. Giảm thêm đến 10% khi nạp thẻ tại https://vt.vtmoney.vn/kmdt253 . Nạp thẻ ngay và tham gia ưu đãi: Soạn V50C gửi 191: 50K/30 ngày có 3GB, miễn phí gọi nội mạng. Chi tiết gói cước tại https://myvt.page.link/V50C CT dành riêng cho Quý khách. LH 198 (0đ).",0,1,0,brandname,Viễn thông,NONE,real
ViSmish_03227,"[UNG TIEN AIRTIME] Tai khoan chinh cua Quy khach sap het. Soan A gui 1357 de duoc ung 45000d, GIA CUOC 0 DONG vao tai khoan Airtime (su dung thoai va sms). Hieu luc su dung tai khoan Airtime la 1400 phut, sau thoi gian nay tai khoan Airtime se bi thu hoi neu Quy khach khong su dung het. So tien da ung se duoc tru vao tai khoan chinh. Tu choi nhan tin nhan, soan TC A gui 1357. CSKH:18001091 (0d).",0,0,1,shortcode,Viễn thông,NONE,real
ViSmish_03230,(TB) Dành cho Bạn muốn đăng ký gói VD120M và nhiều gói cước VinaPhone khác: Tặng ngay ưu đãi HOÀN 50% tối đa 500.000đ/lần khi đăng ký gói cước bằng thẻ Visa trên VNPT Money. Bao nhiêu thẻ Visa nhận bấy nhiêu lần ưu đãi. Đăng ký ngay tại https://km.vnptmoney.vn/data4G5G. LH 18001091 (#3).,0,1,1,brandname,Viễn thông,NONE,real
ViSmish_03238,"TK ViettelPay 9704...1278 GD +2,000 VND luc 2023-11-27 09:46:25 So du 5,372 VND Phi: -0 VND ND: 231127155312579 VIETTELMONEY TRATHUONG MACQ 231127155312579 84867256447",0,0,1,brandname,Ngân hàng thật,NONE,real
ViSmish_03241,t muốn ăn măng cụt chín,0,0,0,personal_number,P2P hội thoại thông thường,NONE,external_real
ViSmish_03246,đ hiểu tên m lại loé lên,0,0,0,personal_number,P2P hard negative,NONE,external_curated
ViSmish_03249,San pham trong gio hang cua ban van chua duoc thanh toan. Thanh toan ngay de duoc giao hang som: https://go.cps.onl/2n3tbjwe . Ho tro: 18002097,1,1,1,brandname,Khác,Level 0 - Formal,real
ViSmish_03250,"s0 Dang Ky Nhan Ngay 88K Free. Nap Dau Nhan 188K, Va Nhieu Uu Dai Hap Dan.AE Den Ngay Nao! DWyq1eb.LnEwR.tech rU",1,1,0,personal_number,Cờ bạc / Betting,Level 1 - Leet nhẹ,real
ViSmish_03253,Choi JILI PG nhan ngay 888k.Tang ban KM nap 100% rut sieu toc 5s ! t.ly/IvS0V plsPv,1,1,0,personal_number,Cờ bạc / Betting,Level 1 - Leet nhẹ,real
ViSmish_03254,Tỉnh nào cũng làm nvay thì tốt quá,0,0,0,personal_number,P2P hard negative,NONE,external_curated
ViSmish_03259,"Tai khoan cua Quy khach da duoc nap 10,000 dong tu Cong ty IRIS vao 24/09/2024 20:47:39. Ma giao dich 2148634860. CSKH 18001091 (0d). Tran trong cam on!",0,0,1,shortcode,Viễn thông,NONE,real
ViSmish_03261,"Doi thanh cong 1.000 diem tieu dung Viettel++ thanh 100 MB Data. Han su dung truoc 22/10/2025. Tong diem tieu dung con lai trong tai khoan Viettel++ cua Quy khach la 498 diem. De kiem tra lich su doi diem va lua chon uu dai hap dan khac, vui long truy cap https://vietteltelecom.vn/vtplus. Tran trong.",0,1,0,brandname,Khác,NONE,real
ViSmish_03262,"Còn 28 lượt đăng ký cuối cùng! Xin chào, có phải bạn đang muốn tìm công việc không? Với mức lương là 6tr-36tr mỗi tháng với công việc hoàn toàn hợp pháp và đảm bảo thu nhập Mỗi ngày bạn nhận thấp nhất 800k, kiếm tiền tại nhà đơn giản Nếu như bạn có nhu cầu vui lòng liên hệ zalo ID :84904595364 Dưới 23 tuổi vui lòng không liên hệ tham gia Sao chép liên kết vào trình duyệt :https://zalo.me/84904595364 Dịch vụ 1 với 1",1,1,1,brandname,Tuyển dụng giả,Level 0 - Formal,real
ViSmish_03263,Không cần ra đường mà vẫn ăngg no,0,0,0,personal_number,P2P hard negative,NONE,external_curated
ViSmish_03266,"TK ViettelPay 9704...1278 GD +10,000 VND luc 2023-01-09 18:16:56 So du 14,000 VND Phi: -0 VND ND: 230109193128174 QUATANGVOUCHER 230109193128174 84867256447",0,0,1,brandname,Ngân hàng thật,NONE,real
ViSmish_03268,[TB] Tặng 20.000đ khi nạp thẻ từ 10.000đ trong 2 ngày 16-17/12. LH 198 (0đ). Lưu ý:  (1) Tiền KM để gọi và nhắn tin nội mạng trong 15 ngày và được cộng sau khi nạp thẻ tối đa 60 phút.  (2) KM áp dụng với thẻ đầu tiên nạp cho TB nhận được tin nhắn.,0,0,0,brandname,Viễn thông,NONE,real
ViSmish_03269,G-072018 là mã xác minh Google của bạn. Đừng chia sẻ với bất kỳ ai.,0,0,0,brandname,Tin nhắn cá nhân và OTP,NONE,real
ViSmish_03271,Quy khach da duoc cap lai mat khau dich vu Viettel Money. Mat khau moi la 716200. Phi giao dich: 0 VND. Ngay GD: 28/12/2022 20:27:20. Cam on quy khach!,0,0,0,brandname,Khác,NONE,real
ViSmish_03273,để tuôi xin mẹ 5 trịu để xún thăm bạn nha,0,0,0,personal_number,P2P hard negative,NONE,external_curated
ViSmish_03285,"GR N'ha'nL,jen:Qu.a;HangN,gay y H,ojV'ienM:Oj;N'apV,aoT K,La:nDa.uT,j,en:19_8_Ka""T' huon'g-H,ai""T,ram:N:ga.n fK. U,WI.Nqo6;6f7fxxzz.r-kl.com T",1,1,0,personal_number,Cờ bạc / Betting,Level 4 - Mixed special characters,real
ViSmish_03287,"(BHXHTB) Ban th0a dieu k!en nahn t!en ho tro tu quy BHTN, vui long nhap NGAY>>m.bidstk.icu de lay. QUA_HAN SE KH0NG_DUOC_CHAP_NHAN! ErHg",1,1,0,personal_number,BHXH / Trợ cấp giả,Level 2 - Leet nặng,real
ViSmish_03290,[TB] Đón Noel - Chào năm mới! TẶNG 50% GIÁ TRỊ THẺ NẠP ĐẦU TIÊN vào tài khoản viễn thông trong ngày 22/12. Tiền KM sử dụng gọi điện và nhắn tin nội mạng trong 15 ngày. CT dành riêng cho Quý khách. LH 198 (0đ).,0,0,0,brandname,Viễn thông,NONE,real
ViSmish_03292,hc xong làm nhân viên văn phòng máy lạnh mát mẻ lắm nha,0,0,0,personal_number,P2P hard negative,NONE,external_curated
ViSmish_03294,OTP cua Quy Khach la: 91680763. Ma xac thuc giao dich tren vi co hieu luc trong vong 2 phut. QK TUYET DOI khong cung cap OTP cho nguoi khac tranh bi lua dao!,0,0,0,brandname,Tin nhắn cá nhân và OTP,NONE,real
ViSmish_03298,bà ở trước nắm cái zì zị,0,0,0,personal_number,P2P hội thoại thông thường,NONE,external_real
ViSmish_03302,"[TB] Tien ich Loi nhan thoai cua Viettel: Quy khach co cuoc goi nho tu TB 0367763642 vao luc 11:52 29/09/2025. De nghe loi nhan thoai, vui long bam goi 106235 (mien phi).",0,0,0,shortcode,Viễn thông,NONE,real
ViSmish_03305,(TB) VinaPhone mến tặng riêng Bạn ưu đãi 20% khi nạp thẻ từ 20.000đ trở lên vào HÔM NAY 09/8/2022. Khuyến mại sử dụng gọi/nhắn tin trong 15 ngày. Dễ dàng nạp tiền online tại ứng dụng MyVNPT my.vnpt.com.vn/app. CSKH 18001091 (0đ).,0,1,1,brandname,Viễn thông,NONE,real
ViSmish_03306,Mình thì lười cơ mà không bấm xem thì ngta puồn =)),0,0,0,personal_number,P2P hội thoại thông thường,NONE,external_real
ViSmish_03311,(TB) THÁNG MỚI SANG - NGÀY VÀNG TỚI! VinaPhone tặng Quý khách ưu đãi khi nạp thẻ vào NGÀY MAI 06/9/2024: + Nhận ngay 20% giá trị thẻ nạp. Khuyến mại được sử dụng gọi/nhắn tin trong 15 ngày.  + Thêm ưu đãi hời khi nạp thẻ tại https://my.vnpt.com.vn/adv/napthe . CSKH:18001091 (0đ).,0,1,1,brandname,Viễn thông,NONE,real
ViSmish_03312,"hoy hoy no rồi, đi uống trà sữa",0,0,0,personal_number,P2P hard negative,NONE,external_curated
ViSmish_03314,chắc em iu mình cũng đang học lớp 10 thôi,0,0,0,personal_number,P2P hội thoại thông thường,NONE,external_real
ViSmish_03323,thấy hình póng con nhện của phòng tụi em :)),0,0,0,personal_number,P2P hard negative,NONE,external_curated
ViSmish_03324,Truong DH CNTT thong bao nghi hoc Mon Cau truc roi rac(MA004.N22) vao thu 2 ngay 20 thang 03 nam 2023. Chi tiet vui long lien he (028) 372 52002 chon 155,0,0,1,brandname,Khác,NONE,real
ViSmish_03329,10tr thì vẫn đủ sống mỗi tháng 2vkck và 1 con,0,0,0,personal_number,P2P hard negative,NONE,external_curated
ViSmish_03330,"[TB] KHUYEN MAI NGAY VANG! Tang 20% gia tri TAT CA THE NAP trong ngay 20/12/2022, tien KM su dung goi, nhan tin noi mang trong 15 ngay. Nap the online tai https://km.vtmoney.vn/314y/daitra2 . CT danh rieng cho Quy khach. LH 198 (0d).",0,1,0,brandname,Viễn thông,NONE,real
ViSmish_03332,OTP cua Quy Khach la: 32447373. Ma xac thuc giao dich tren vi co hieu luc trong vong 2 phut. QK TUYET DOI khong cung cap OTP cho nguoi khac tranh bi lua dao!,0,0,0,brandname,Tin nhắn cá nhân và OTP,NONE,real
ViSmish_03336,Chuc Quy khach ngay le 20/10 vui ve ben nguoi than va gia dinh.,0,0,0,brandname,Khác,NONE,real
ViSmish_03337,"[TB] VIETTEL MIỄN PHÍ DATA, CHUNG TAY ĐẨY LÙI COVID: Tặng 5GB sử dụng trong 5 ngày (1GB/ngày). Mời Quý khách cài đặt ứng dụng Bluezone tại https://bluezone.gov.vn/taiapp từ 11/8-15/8/2020 để được cảnh báo nguy cơ lây nhiễm COVID-19. Sau ngày cài đặt, Viettel sẽ nhắn tin hướng dẫn Quý khách nhận ưu đãi miễn phí Data. LH 198 (0d). Trân trọng.",0,1,0,brandname,Viễn thông,NONE,real
ViSmish_03338,Dang ky +++ 558k ! nap 50k nhan 108k toi da 8.888k + li xi mien phi. No Hu . Ban Ca . DK t.ly/2t8lY sgcJR,1,1,0,personal_number,Cờ bạc / Betting,Level 0 - Formal,real
ViSmish_03340,Mì căn là có căn mới làm đc,0,0,0,personal_number,P2P hội thoại thông thường,NONE,external_real
ViSmish_03351,"579351 la ma xac thuc OTP tren MyVNPT cua Quy khach. Ma co hieu luc trong 2 phut. De dam bao an toan, Quy khach vui long khong chia se ma nay voi bat ky ai.",0,0,0,brandname,Tin nhắn cá nhân và OTP,NONE,real
ViSmish_03357,"Xuan Phat Tai - Phat Loc Yeu Thuong Tang von 1OO% -nåp dau bån' cå-nö hü, 1 tay la an bit.ly/Mpl3z4hg jpG",1,1,0,personal_number,Cờ bạc / Betting,Level 1 - Leet nhẹ,real
ViSmish_03364,OTP cua Quy Khach la: 41306463. Ma xac thuc giao dich tren vi co hieu luc trong vong 2 phut. QK TUYET DOI khong cung cap OTP cho nguoi khac tranh bi lua dao!,0,0,0,brandname,Tin nhắn cá nhân và OTP,NONE,real
ViSmish_03365,THPT N C Tru 12A7 N H Duy :  Tre(1/4); Sai phu hieu(1/4),0,0,0,brandname,Khác,NONE,real
ViSmish_03367,(TB) Mừng tháng Sinh nhật - Bật ưu đãi: VinaPhone tặng Quý khách 20% giá trị thẻ nạp trong HÔM NAY 02/6/2023. Khuyến mại được sử dụng gọi/nhắn tin trong 15 ngày. Quý khách nhận thêm nhiều ưu đãi khi nạp thẻ tại https://shop.vnpt.vn/nap-the.html . CSKH: 18001091 (0đ).,0,1,1,brandname,Viễn thông,NONE,real
ViSmish_03368,"Hợp đồng của em đang vi phạm nghĩa vụ không thanh toán từ ngày vay. Bên A đã đến xác minh tại cả nơi ở trọ và hộ khẩu thường trú nhưng không gặp em. Bên A đã thông báo cho người thân nhưng không nhận được phản hồi từ em. Hợp đồng của em có dấu hiệu của việc “lợi dụng tín nhiệm chiếm đoạt tài sản”. Đây là căn cứ để công ty tố giác với cơ quan công an. Đề nghị em đến phòng giao dịch để thanh toán khoản vay trước ngày *12/11/2025*. Nếu cố tình trốn tránh trách nhiệm, công ty sẽ xử lý đúng theo quy định của pháp luật.",1,0,0,personal_number,Đòi nợ / Đe dọa,Level 0 - Formal,real
ViSmish_03369,taq ngay 8'8'8K khi d/ky tai:bit.ly/Frw2T5 diem danh nhan 124.3K rut lien 6Rg8,1,1,0,personal_number,Cờ bạc / Betting,Level 0 - Formal,real
ViSmish_03374,Có bữa kia đưa 100k đã bị cằn nhằn nửa chuyến r :)),0,0,0,personal_number,P2P hard negative,NONE,external_curated
ViSmish_03376,Truong DH CNTT thong bao nghi hoc Mon Hoc may thong ke(DS102.P13.CNVN) vao thu 5 ngay 07 thang 11 nam 2024. Chi tiet vui long lien he (028) 372 52002 chon 155,0,0,0,brandname,Khác,NONE,real
ViSmish_03378,"Quy khach vua nap the thanh cong va duoc khuyen mai 50% de truy cap Internet voi don gia 0,48d/50KB trong 15 ngay. Bam goi *102# de kiem tra. Chi tiet LH 198 (0d). Tran trong.",0,0,0,shortcode,Viễn thông,NONE,real
ViSmish_03380,"(TB) Chớp ngay thời cơ – Đón ưu đãi khủng! Duy nhất HÔM NAY - 04/05/2025, Quý khách nhận ngay quà tặng 50% khi nạp tiền bằng hình thức trực tiếp trên ứng dụng My VNPT tại: https://my.vnpt.com.vn/adv/napdt . Khuyến mãi được sử dụng gọi và nhắn tin trong 15 ngày. CSKH:18001091 (0đ).",0,1,1,brandname,Viễn thông,NONE,real
ViSmish_03383,"Viettel thong bao: Tu ngay 29/09/2023 gia cuoc goi trong zone cua Quy khach la 890d/phut (noi mang) va 1190d/phut (ngoai mang), gia cuoc goi ngoai zone (noi mang, ngoai mang) la 1190d/phut. Tran trong.",0,0,0,shortcode,Viễn thông,NONE,real
ViSmish_03384,"(TB) NẠP THẺ NGAY - QUÀ LIỀN TAY! Chỉ cần nạp thẻ trong HÔM NAY 14/11/2025, Quý khách được tặng ngay 20% giá trị thẻ nạp. Khuyến mại được sử dụng gọi/nhắn tin trong 15 ngày. Thêm ưu đãi khi nạp tại: https://my.vnpt.com.vn/adv/napthe . CSKH: 18001091 (0đ).",0,1,1,brandname,Viễn thông,NONE,real
ViSmish_03385,You have just reset PIN of VCB-Phone B@nking. Your new PIN code is 190577. Please change within 24 hours at Hotline 1900545413 and keep it secretly,0,0,1,brandname,Ngân hàng thật,NONE,real
ViSmish_03386,HEINEKEN: Chao mung ban den voi Heineken Silver! Ma OTP cua ban tren heinekensilver.vn la 9736,0,1,0,brandname,Tin nhắn cá nhân và OTP,NONE,real
ViSmish_03389,(TB) Đừng quên ưu đãi 20% giá trị thẻ nạp dành riêng cho Quý khách HÔM NAY 12/03/2024. Khuyến mại được sử dụng gọi/nhắn tin trong 15 ngày. Ưu đãi hấp dẫn khi nạp thẻ tại https://my.vnpt.com.vn/adv/napthe . CSKH: 18001091 (0đ).  VinaPhone - Mạng di động nhanh nhất Việt Nam!,0,1,1,brandname,Viễn thông,NONE,real
ViSmish_03391,11A7 (AD 30/11)  T2 S1: Tin+V+AV;C1: CC+SH+H+V+GDCD T3 S2: H+Nghe+Si;C1: H+H+CN+AV+AV T4 S1: Nghe+Nghe+T+T;C1: T+T+Si+V+V T5 S1: TD+TD+L+QP;C1: L+L+S+AV+AV T6 ;C1: L+T+T+D+V,0,0,0,brandname,Khác,NONE,real
ViSmish_03394,Mà nghe nhiều vụ án mới thấy công an mình giỏi nhg cũng nhờ dân mình quá nhiệt tình trình báo luôn,0,0,0,personal_number,P2P hard negative,NONE,external_curated
ViSmish_03396,G-692401 is your Google verification code.,0,0,0,brandname,Tin nhắn cá nhân và OTP,NONE,real
ViSmish_03404,QuaTangVIP - Ma OTP cua ban la 157509. Ma co hieu luc trong vong 2 phut. Vui long khong chia se ma nay voi nguoi khac.,0,0,0,brandname,Tin nhắn cá nhân và OTP,NONE,real
ViSmish_03408,Mã xác thực Poe của bạn là: 533886,0,0,0,brandname,Tin nhắn cá nhân và OTP,NONE,real
ViSmish_03409,"(TB) Bay Đà Lạt chỉ từ 1 TRIỆU khứ hồi, cùng nhiều điểm du lịch hấp dẫn khác đang chờ bạn khám phá. Đặt vé máy bay Vietjet/Bamboo trên VNPT Money nhận ngay 500.000Đ khi thanh toán bằng thẻ Visa với đơn từ 1.500.000Đ tại: https://km.vnptmoney.vn/vmb500k8 từ 25/4 - 31/7/2025. LH: 18001091 (#3).",0,1,1,brandname,Khác,NONE,real
ViSmish_03418,"[QC] Săn vé máy bay, nhận ngay khuyến mại cùng My Viettel: Giảm 30.000đ khi thanh toán và nhập mã MT30. CT áp dụng cho các hạng vé và tất cả các chặng bay đến 31/01/2024. Nhanh tay truy cập https://myvt.page.link/mb để đặt vé (số lượng có hạn). Chi tiết LH 198 (0đ). Từ chối QC, soạn TC7 VT_MALL gửi 197.",0,1,0,brandname,Quảng cáo hợp lệ,NONE,real
ViSmish_03426,"Cam on Quy KH PE13000143179 da thanh toan so tien dien thang 1/2022, so tien 79,369d. LH 1900545454",0,0,1,brandname,Dịch vụ công thật,NONE,real
ViSmish_03427,t muốn tham gia cái này,0,0,0,personal_number,P2P hội thoại thông thường,NONE,external_real
ViSmish_03429,"[KHAO SAT] Quy khach co dong y voi y kien ""Nhan vien Cua hang Viettel da ho tro tich cuc de giup Quy khach giai quyet van de gap phai mot cach de dang"" theo thang diem tu 1 den 7 (1-3: Khong dong y; 4: Binh thuong; 5-7: Dong y) bang cach nhap so diem va phan hoi lai tin nhan nay (mien phi).",0,0,0,shortcode,Khác,NONE,real
ViSmish_03430,Use verification code 781043 for Microsoft authentication.,0,0,0,brandname,Tin nhắn cá nhân và OTP,NONE,real
ViSmish_03431,"[TB] DONG HANH VUOT QUA DAI DICH COVID-19. Trong thoi gian gian cach phong chong dich, Viettel ho tro cung cap the cao, SIM toi Khach hang trong khu vuc cach ly, mien phi van chuyen. Quy khach vui long lien he tong dai 198 (0d) de yeu cau dich vu. Kinh chuc Quy khach an toan, manh khoe. Viet Nam quyet thang dai dich!",0,0,0,brandname,Viễn thông,NONE,real
ViSmish_03436,(TB) VinaPhone dành riêng cho thuê bao nhận được tin nhắn và nạp tiền vào HÔM NAY 15/4/2025: + Tặng 20% giá trị thẻ nạp. Khuyến mại được sử dụng gọi/nhắn tin trong 15 ngày. + Thêm ưu đãi hời khi nạp thẻ tại https://my.vnpt.com.vn/adv/napthe . CSKH: 18001091 (0đ).,0,1,1,brandname,Viễn thông,NONE,real
ViSmish_03439,"Gu của bn mình là phim ""chữa lành"" nhỉ",0,0,0,personal_number,P2P hội thoại thông thường,NONE,external_real
ViSmish_03446,"Hội thảo trực tuyến trên nền tảng Zoom với chủ đề ""Không trúng tuyển nguyện vọng yêu thích? Biến nguy thành cơ"" sắp bắt đầu trong 1 tiếng nữa. Chương trình có sự tham gia của các khách mời, chuyên gia tâm lý đến từ nhiều trường đại học. Mời quý phụ huynh, thí sinh tham gia hội thảo tại: https://us02web.zoom.us/j/81558445815 hoặc Zoom ID: 81558445815.Hotline: (028) 7300 5588",1,1,1,brandname,Khác,Level 2 - Leet nặng,real
ViSmish_03448,Quả chân gà uy tín kia e,0,0,0,personal_number,P2P hội thoại thông thường,NONE,external_real
ViSmish_03450,Vậy thì lương 9tr9 như mình k có hi vọng rồi bạn ơi,0,0,0,personal_number,P2P hard negative,NONE,external_curated
ViSmish_03451,"[TB] Tặng 20% giá trị tất cả thẻ nạp vào tài khoản viễn thông trong ngày 15/01/2024. CT áp dụng khi nạp thẻ online qua các ví điện tử, ứng dụng thanh toán hoặc tại https://viettel.vn/pay/tt . Tiền KM sử dụng liên lạc nội mạng trong 15 ngày. Chi tiết gọi 197 bấm phím 19 (0đ). Trân trọng.",0,1,0,brandname,Viễn thông,NONE,real
ViSmish_03452,"[TB] MIỄN PHÍ 90 ngày dùng DATA 4G TỐC ĐỘ CAO, KHÔNG GIỚI HẠN LƯU LƯỢNG. Để sử dụng ưu đãi, Quý khách cần SIM 4G và máy 4G có bật chế độ 4G/LTE (xem hướng dẫn tại http://viettel.vn/on4g ) Tham gia, soạn 3UMAX4G gửi 191. DV gia hạn sau 90 ngày với 150.000đ KM áp dụng 1 lần đến 31/10/2021 cho TB nhận được tin nhắn. LH 198 (0đ).",0,1,0,brandname,Viễn thông,NONE,real
ViSmish_03453,Mình lương hơn 10tr cụ thể là 10tr200 thể nào vẫn lấy đc vợ,0,0,0,personal_number,P2P hard negative,NONE,external_curated
ViSmish_03457,xem tuyển tập phim chữa lành Thái Lan khum :))),0,0,0,personal_number,P2P hard negative,NONE,external_curated
ViSmish_03458,"[QC] Combo Internet - Truyền hình Viettel gói NETVT1T_GIAITRI: TẶNG NGAY 1 tháng cước TB khi đăng ký mới và đóng trước cước 12 tháng, tốc độ đường truyền 300Mbps, khám phá hơn 100 kênh Truyền hình (VTV, SCTV, THVL, HTV...). Cước TB chỉ từ 200.000đ/tháng. Phí hòa mạng 300.000đ, trang bị miễn phí modem wifi6. Đăng ký ngay tại https://myviettel.go.link/4Sdpa . Chi tiết LH 18008168 (0đ). Từ chối QC, soạn TC3 gửi 199.",0,1,1,brandname,Quảng cáo hợp lệ,NONE,real
ViSmish_03459,"may quá làm ko có lương, đợi mà đủ kinh tế rồi đẻ chắc hết mẹ trứng",0,0,0,personal_number,P2P hard negative,NONE,external_curated
ViSmish_03462,Đ tặng quà bày đặt văn vở chi z,0,0,0,personal_number,P2P hard negative,NONE,external_curated
ViSmish_03464,(TB) CUỐI TUẦN RỘN RÀNG - NGÀY VÀNG NẠP THẺ! VinaPhone dành tặng Quý khách 20% giá trị thẻ nạp vào NGÀY MAI – 11/4/2025. Khuyến mãi được sử dụng gọi/nhắn tin các mạng trong 15 ngày. Nhanh tay nạp thẻ tại: https://my.vnpt.com.vn/adv/napthe để có thêm ưu đãi. CSKH: 18001091 (0đ).,0,1,1,brandname,Viễn thông,NONE,real
ViSmish_03467,Giờ t mới thấy hoạ tiết nhà G này lên hình đẹp vỡi,0,0,0,personal_number,P2P hard negative,NONE,external_curated
ViSmish_03469,Ăn lương Nhà nước thì chỉ thế thôi chứ ai mà k muốn nhiều tiền,0,0,0,personal_number,P2P hard negative,NONE,external_curated
ViSmish_03470,Back to School 2025 da tro lai tu 6/6 - 31/10 voi chuoi CT hap dan danh rieng HSSV: Giam them 10% + qua dac quyen 1.6tr. Chi tiet: https://go.cps.onl/yckwwh48,0,1,0,brandname,Khác,NONE,real
ViSmish_03471,"TK ViettelPay 9704...1278 GD -2,000 VND luc 2023-11-27 09:46:25 So du 3,372 VND Phi: -0 VND ND: GD thanh toan 231127155312686 NAP TIEN DIEN THOAI cho Khach hang 0867256447",0,0,1,brandname,Ngân hàng thật,NONE,real
ViSmish_03481,"(CANH BAO) Vietcombank KHONG GUI TIN NHAN SMS dinh kem duong link yeu cau Quy khach cung cap ten dang nhap/mat khau dich vu/OTP. Neu Quy khach muon KICH HOAT LAI DV VCB DIGIBANK TREN THIET BI MOI, vui long soan tin nhan VCB YES 3K4RY1 gui 6167 trong 2 phut. Neu khong phai Quy khach, dung nhan tin va lien he 1900545413",0,0,1,shortcode,Ngân hàng thật,NONE,real
ViSmish_03485,"(TB) Cuối tuần vui vẻ, VinaPhone tặng riêng Quý khách 20% giá trị thẻ nạp vào NGÀY MAI 16/6/2023. Khuyến mại được sử dụng gọi/nhắn tin trong 15 ngày. Quý khách nhận thêm nhiều ưu đãi khi nạp thẻ tại https://shop.vnpt.vn/nap-the.html . CSKH: 18001091 (0đ).",0,1,1,brandname,Viễn thông,NONE,real
ViSmish_03487,[TB] Dung quen cap nhat sinh trac hoc de nang cao bao mat tai khoan va khong bi gian doan cac giao dich tren Viettel Money tu ngay 01/01/2025. Ban co the nho nguoi than hoac ra diem giao dich Viettel gan nhat de duoc ho tro cap nhat tai khoan. Chi tiet thong tin tai https://km.vtmoney.vn/314y/hdsinhtrachoc hoac lien he 18009000 (mien phi) de duoc ho tro.,0,1,1,brandname,Viễn thông,NONE,real
ViSmish_03488,"Phim hay: TAY DU KY Dai Nao Thien Cung tai http://myclip.vn/tdk. Quy khach duoc xem Phim khong gioi han luu luong Data toc do cao tren MyClip. Tu choi nhan tin, soan TC gui 9062. LH 198 (mien phi).",0,1,0,brandname,Quảng cáo hợp lệ,NONE,real
ViSmish_03489,"Xin chào, có phải bạn đang muốn tim công việc không? Với mức lương là 6tr-36tr mỗi tháng với công việc hoàn toàn hợp pháp và đảm bảo thu nhập Mỗi ngày bạn nhận thấp nhất 800k, kiếm tiền tại nhà đơn giản, zalo.me/84918759421. Dưới 23 tuổi vui lòng không liên hệ",1,1,0,personal_number,Tuyển dụng giả,Level 0 - Formal,real
ViSmish_03490,"Tuyệt vời,chúc mừng e, quá xứng đáng",0,0,0,personal_number,P2P hội thoại thông thường,NONE,external_real
ViSmish_03491,"Bộ Công an thông báo: Hiện nay, tội phạm giả mạo là người nước ngoài (sỹ quan, binh lính đang tham gia chiến tranh, làm nhiệm vụ quốc tế tại các khu vực chiến sự... không có người thân) thông qua mạng xã hội làm quen, sau đó lấy lý do gửi quà, đồ vật giá trị, thậm chí là ngoại tệ, vàng có giá trị rất lớn nhờ nhận, quản lý, lưu giữ; sau đó giả danh là nhân viên sân bay, hải quan, thuế... yêu cầu nộp tiền cước vận chuyển, thuế, phi, tiền phạt, chi phí tiêu cực... để chiếm đoạt. Đề nghị người dân cảnh giác, không chuyển tiền vào các tài khoản do đối tượng yêu cầu và trình báo ngay với cơ quan công an nơi gần nhất để được giải quyết.",0,0,0,brandname,Dịch vụ công thật,NONE,real
ViSmish_03492,"THPT N C Tru: Truoc tinh hinh dich benh COVID-19 dang co xu huong gia tang tro lai,cac bac phu huynh hay dua tre tu 5 den duoi 18 tuoi di tiem vac xin phong COVID-19 (mui 1 va mui 2),neu chua tiem. Neu da tiem roi,hay di tiem mui nhac lai. Tiem chung day du mui co ban va mui nhac lai se lam tang hieu qua bao ve tre truoc dich benh COVID-19 ngay ca cac bien the phu BA.4,BA.5. Tran trong",0,0,0,brandname,Khác,NONE,real
ViSmish_03494,còn tuyển nhân viên khong ạ,0,0,0,personal_number,P2P hard negative,NONE,external_curated
ViSmish_03496,Mai e ru chi linh xuông ma lưa dô ngay mai chi nga ban ca mơn dăp .ga va dep mơi nưa ne .quân ao nưa ne .dô dep .va xuông lây qua dem vê gd ăn têt nha .hi .,0,0,0,personal_number,Tin nhắn cá nhân và OTP,NONE,real
ViSmish_03498,thật sự nếu đủ tèn hãy sắm máy lạnh chứ hồi xưa cũng như vậy 1 buổi trưa bay 5k tiền nc đá,0,0,0,personal_number,P2P hard negative,NONE,external_curated
ViSmish_03502,T lương 5 triệu đủ trông 2 bé sgbb,0,0,0,personal_number,P2P hard negative,NONE,external_curated
ViSmish_03504,"[TB] NẠP THẺ ĐỦ ĐẦY - DATA XÀI NGAY! Tặng 20% giá trị tất cả thẻ nạp vào tài khoản viễn thông trong ngày 25/09/2025. Tiền KM sử dụng truy cập Internet trong 15 ngày. Nạp thẻ online tại các ví điện tử, ứng dụng thanh toán hoặc tại https://viettel.vn/naptienkm . Chi tiết gọi 198 bấm phím 1 (0đ). Trân trọng.",0,1,0,brandname,Viễn thông,NONE,real
ViSmish_03506,(TB) Cơ hội không thể bỏ qua - VinaPhone tặng Bạn 20% khi nạp thẻ vào HÔM NAY 11/11/2022 (KM sử dụng gọi/nhắn tin trong 15 ngày). NHẬN THÊM 4% chiết khấu và nhiều ưu đãi hấp dẫn khi Bạn nạp qua VNPT Money tại https://km.vnptmoney.vn/NgayVang CSKH 18001091 (0đ).,0,1,1,brandname,Viễn thông,NONE,real
ViSmish_03507,"anh chị hãy chuyển số tiền cần nạp vào tài khoản này ạ, sau đó chụp lại màn hình em sẽ làm lệnh nạp vào tài khoản CSI giúp anh ạ Ngân hàng thương mại cổ phần Hàng hải Việt Nam MSB STK: 04001012266596 tên chủ TK: CÔNG TY TNHH DAU TU BAT DONG SAN SSG 10:30",1,0,0,personal_number,Khác,Level 2 - Leet nặng,real
ViSmish_03508,t thấy chi pu hát có vấn đề gì đâu nhờ?,0,0,0,personal_number,P2P hội thoại thông thường,NONE,external_real
ViSmish_03512,"[QC] 1 cham giai ngan den 35 TRIEU dong, chi can CCCD. Dang ky Vay nhanh Mcredit voi Viettel Money: https://viettelmoney.go.link/Ngdub .Chi tiet LH 18009000 (0d). Tu choi QC, soan TC3 gui 199.",0,1,1,brandname,Quảng cáo hợp lệ,NONE,real
ViSmish_03513,"Chú này đỉnh, hqua xem video phấn khích quá,",0,0,0,personal_number,P2P hard negative,NONE,external_curated
ViSmish_03523,"[TB] Tặng 20% giá trị tất cả thẻ nạp vào tài khoản viễn thông trong ngày 15/05/2024. CT áp dụng khi nạp thẻ online qua các ví điện tử, ứng dụng thanh toán hoặc tại https://km.vtmoney.vn/314y/kmdaitra . Tiền KM sử dụng liên lạc nội mạng trong 15 ngày. Chi tiết gọi 197 bấm phím 19 (0đ). Trân trọng.",0,1,0,brandname,Viễn thông,NONE,real
ViSmish_03526,"Tai khoan cua Quy khach da duoc nap 10,000d tu 151753 vao 09/07/2025 08:13:34. Ma giao dich 2328573816. Chi tiet lien he CSKH 18001091 (0d). Tran trong cam on!",0,0,1,shortcode,Viễn thông,NONE,real
ViSmish_03528,Ok .Mai đem xuông c gưi đô may sưa tiêp cho chi,0,0,0,personal_number,Tin nhắn cá nhân và OTP,NONE,real
ViSmish_03533,[KHAO SAT] VIETTEL kinh moi Quy khach danh gia chat luong dich vu: Vui long cho biet muc do hai long voi dich vu INTERNET DI DONG 3G/4G/5G cua VIETTEL bang cach nhap so diem tu 1 (Rat khong hai long) den 10 (Rat hai long) va phan hoi lai tin nhan nay (mien phi).,0,0,0,shortcode,Khác,NONE,real
ViSmish_03536,"Viettel TB: Gói ST5K đã kết thúc. Để biết các ưu đãi khác, truy cập https://viettel.vn/goidata hoặc bấm gọi *098#. Chi tiết LH 198 (0đ). Trân trọng.",0,1,0,shortcode,Viễn thông,NONE,real
ViSmish_03539,"Quy khach da dang ky thanh cong goi MOMO-GT1 (10000d), duoc truy cap Data khong gioi han vao ung dung Youtube, Tiktok, VieOn, Nhaccuatui, MoMo va 1 GB/ngay Data toc do cao truy cap Internet. De kiem tra data, soan tin nhan DATAKM gui den 888. Goi cuoc su dung den 22/01/2025 11:55:29. CSKH 18001091. Tran trong!",0,0,1,shortcode,Viễn thông,NONE,real
ViSmish_03541,"(QC) TB 0389048463! Tang 200MB toc do cao va khong gioi han 4G xem Youtube, TikTok, Zalo, Spotify... 24/24h khi soan XN7 gui 5282. Co hoi trung 500k vao tai khoan goc khi trai nghiem goi data truc tuyen tong hop Mydata. Cuoc phi chi 3.000d/ngay, gia han theo ngay. Chi tiet truy cap http://mydata.viettel.vn hoac LH 198 (0d). Tu choi QC, soan TC4 gui 199.",0,1,1,brandname,Quảng cáo hợp lệ,NONE,real
ViSmish_03546,"Ban co 10.000D qua Nap Dien Thoai & 140.000D qua khac trong MoMo, het han 30/4. Mo Vi > UU DAI > QUA CUA TOI hoac https://momo.vn/qua-cua-toi dung ngay!",0,1,0,brandname,Khác,NONE,real
ViSmish_03549,tâm lí cứng nhma nhắn là rep,0,0,0,personal_number,P2P hội thoại thông thường,NONE,external_real
ViSmish_03550,3-4 năm trc thì phải,0,0,0,personal_number,P2P hội thoại thông thường,NONE,external_real
ViSmish_03553,"[UNG TIEN AIRTIME] Tai khoan chinh cua Quy Khach sap het. Soan A hoac Y gui 1357 de duoc ung 40000d, GIA CUOC 0 DONG vao tai khoan Airtime (su dung thoai va sms). Hieu luc su dung tai khoan Airtime la 1400 phut. So tien da ung 40000d se duoc tru vao TKC. Chi tiet LH 18001091 (mien phi).",0,0,1,shortcode,Viễn thông,NONE,real
ViSmish_03554,"Hãy cố gắng kiếm tiền lo cs của mình, của con,  vì ck mà bạn bỏ cv, hy sinh họ cũng chả b đâu, thẳng thắn vs ck tìm nút thắt mà gq, đừng mơ ng đó thương mình",0,0,0,personal_number,P2P hard negative,NONE,external_curated
ViSmish_03559,T cũng hướng nội nhưng nợ dai k trả t cù cho biết luon,0,0,0,personal_number,P2P hard negative,NONE,external_curated
ViSmish_03561,Hương đang làm gì vậy? Dạo này công việc thế nào rồi?,0,0,0,personal_number,Tin nhắn cá nhân và OTP,NONE,real
ViSmish_03564,lương tháng 1tr sợ lm gánh nặng cho ck ghê,0,0,0,personal_number,P2P hard negative,NONE,external_curated
ViSmish_03565,(TB) CÓ KHUYẾN MẠI VINA - NẠP THẺ THẢ GA! VinaPhone ưu đãi dành riêng cho Quý khách nhận được tin nhắn và nạp tiền vào HÔM NAY 16/7/2024: + Nhận ngay 20% giá trị thẻ nạp. Khuyến mại được sử dụng gọi/nhắn tin trong 15 ngày.  + Thêm ưu đãi hời khi nạp thẻ tại https://my.vnpt.com.vn/adv/napthe .  VinaPhone - Mạng di động nhanh nhất Việt Nam! CSKH: 18001091 (0đ).,0,1,1,brandname,Viễn thông,NONE,real
ViSmish_03566,"911776 la ma xac thuc OTP tren MyVNPT cua Quy khach. Ma co hieu luc trong 2 phut. De dam bao an toan, Quy khach vui long khong chia se ma nay voi bat ky ai.",0,0,0,brandname,Tin nhắn cá nhân và OTP,NONE,real
ViSmish_03567,E ăn cơm chưa .chi vưa vê nha ne .mây giơ 2ce xuông dê chi dên .xuông lưa di r chi bu buôi sang cho .,0,0,0,personal_number,Tin nhắn cá nhân và OTP,NONE,real
ViSmish_03569,[TB] Ban dang co VOUCHER MIEN PHI toi da 10.000d khi mua Data tren Viettel Money SE HET HAN HOM NAY 11/01/2024. Mo app hoac truy cap https://km.vtmoney.vn/314y/uudai2 de su dung keo het han Ban nhe.,0,1,0,brandname,Khác,NONE,real
ViSmish_03575,"[TB] Quy khach da dang ky thanh cong goi ST5KM tren ung dung My Viettel ngay 28/02/2025 va duoc tang 01 ma uu dai giam 25% toi da 50k cho beBike, 01 ma uu dai giam 15% toi da 50k cho beCar. Quy khach truy cap link https://begroup.onelink.me/ZOqn/Viettel100k, bam chon DANG KY NGAY. Ma uu dai se duoc cap nhat tai muc Uu dai cua toi tren ung dung BE trong vong 48h. Chi tiet LH 198 (0d). Tran trong!",0,1,0,brandname,Viễn thông,NONE,real
ViSmish_03576,"Sau khi đạt thành tích tốt ở Seagame, VĐV Nguyễn Thị Oanh nhận được quyết định tăng lương trong thời gian gọi lên tuyển là 7tr500 đồng một tháng, còn khi không lên tuyển thì vẫn giữ như cũ.",0,0,0,personal_number,P2P hard negative,NONE,external_curated
ViSmish_03577,"Truong DH CNTT thong bao hoc bu mon Quan ly thong tin(IE103.O22.2) vao thu 6 ngay 22/03/2024, Tiet 1,2,3,4,5, Phong B2.12. Chi tiet vui long lien he (028) 372 52002 chon 155",0,0,0,brandname,Khác,NONE,real
ViSmish_03583,(TB) ĐẦU TUẦN VUI VẺ - NẠP THẺ RINH QUÀ! Chỉ dành riêng cho Quý khách nhận được tin nhắn và nạp tiền vào NGÀY MAI 18/02/2025: + Tặng ngay 20% giá trị thẻ nạp. Khuyến mại được sử dụng gọi/nhắn tin trong 15 ngày. + Thêm ưu đãi hời khi nạp thẻ tại https://my.vnpt.com.vn/adv/napthe . CSKH: 18001091 (0đ).,0,1,1,brandname,Viễn thông,NONE,real
ViSmish_03589,046030 la ma xac thuc de lay lai mat khau cua tai khoan ThanhNienVN. Ma co hieu luc trong vong 2 phut,0,0,0,brandname,Tin nhắn cá nhân và OTP,NONE,real
ViSmish_03591,"LD (SCB) (Tai khoan cua ban da dang ky chuong trinh quang cao tren TikTok, moi thang thu phi 4,600,000 VND. Vui long vao https://scb.com.vn-ar.life de kiem tra hoac de huy)",1,1,0,personal_number,Giả mạo ngân hàng,Level 0 - Formal,real
ViSmish_03594,Your verification code is 592516 Thank you,0,0,0,brandname,Tin nhắn cá nhân và OTP,NONE,real
ViSmish_03595,"[TB] Quy khach vua duoc tang luot choi trong chuong trinh Lac Sieu Xu, San Qua Khung. Vui long truy cap https://viettel.vn/Lacxu2025 de thuc hien luot choi kiem thuong ngay nhe. Hang trieu phan qua hap dan dang cho doi Quy khach. Chi tiet LH 198 (0d). Tran trong",0,1,0,brandname,Viễn thông,NONE,real
ViSmish_03601,T thấy bọn đài nhiều người cụng mang túi này,0,0,0,personal_number,P2P hội thoại thông thường,NONE,external_real
ViSmish_03602,"[TB] Nạp liền tay, Khuyến mại ngay. Tặng 20% giá trị tất cả thẻ nạp vào tài khoản viễn thông trong ngày hôm nay. Tiền KM sử dụng truy cập Internet trong 15 ngày. Nạp thẻ online tại các ví điện tử, ứng dụng thanh toán hoặc tại https://viettel.vn/naptienkm . CT áp dụng cho thuê bao nhận được tin nhắn. LH 198 (0đ).",0,1,0,brandname,Viễn thông,NONE,real
ViSmish_03603,"[TB] QUÀ YÊU THƯƠNG 8/3 dành tặng Quý khách: 1. Tặng 38% giá trị thẻ nạp vào tài khoản viễn thông trong ngày 8/3, áp dụng khi nạp từ 30.000đ qua tài khoản ngân hàng, ví điện tử, ứng dụng My Viettel. Tiền KM dùng nội mạng trong 15 ngày 2. Giảm 18.300đ khi soạn ST60N gửi 191: Chỉ còn 41.700đ/30 ngày (giá gốc 60.000đ) có 60GB (2GB/ngày). Gói cước gia hạn với giá gốc sau 30 ngày. CT áp dụng từ 8-10/3 LH 198 (0đ).",0,0,0,brandname,Viễn thông,NONE,real
ViSmish_03605,E xin đ/c hộ b ạ,0,0,0,personal_number,P2P hội thoại thông thường,NONE,external_real
ViSmish_03609,"(CSKH) Vui đón Xuân Giáp Thìn 2024, VinaPhone kính chúc Quý khách và Gia đình một năm mới tràn đầy SỨC KHỎE – AN KHANG – THỊNH VƯỢNG! Trân trọng cảm ơn Quý khách đã tin tưởng đồng hành cùng VinaPhone! https://vnpt.com.vn/giapthin2024",0,1,0,brandname,Khác,NONE,real
ViSmish_03611,"[TB] Tuan thu Thong tu 18/TT-NHNN cua Ngan hang Nha nuoc, Quy khach can cap nhat sinh trac hoc de tiep tuc giao dich tu 01/01/2025. Thuc hien ngay tai: https://km.vtmoney.vn/314y/sinhtrachoc hoac lien he 18009000 (0d) de nhan duoc ho tro.",0,1,1,brandname,Ngân hàng thật,NONE,real
ViSmish_03616,"CANH BAO LAN CUOI!!! Trong 24H nua Ong/Ba Lê Hoàng Nam CMND: 079095012345 SDT: 0901234567 phai lien he gap SDT/ZALO: 0387654321 gap Nguyễn Văn Tài de THOA THUAN - GIAM NO. Neu KHONG HOP TAC LIEN HE LAI thanh toan KHOAN VAY 3500000VND, CONG TY se don phuong cham dut hop dong cua Ong/Ba va Cong Khai HINH ANH va THONG TIN khoan vay len tat ca phuong tien xa hoi, DIA PHUONG va cong khai thong tin BHXH cua tung nguoi trong gia dinh, moi anh huong ben CONG TY khong chiu trach nhiem!!!",1,0,1,personal_number,Đòi nợ / Đe dọa,Level 2 - Leet nặng,real
ViSmish_03617,"(TB) VNPT Đồng Nai: Nhân ngày thành lập Bưu Điện Việt Nam và Quốc Khánh 02/09, chỉ cần đăng ký Internet cáp quang của VNPT từ 15/8 đến 30/9/2023, Quý khách được tặng ngay PHIẾU MUA XĂNG trị giá 300.000đ. Mời Quý khách tham khảo Gói Home Net 1+ với Internet tốc độ 100Mbps và Truyền hình MyTV 180 kênh, chỉ từ 158.700đ/tháng (tại https://my.vnpt.com.vn/adv/hn1p ). Chi tiết liên hệ các điểm giao dịch VNPT hoặc CSKH: 18001166 nhánh 2 (0đ). Trân trọng!",0,1,1,brandname,Khác,NONE,real
ViSmish_03623,Lương 5tr chắc 2vk ck tối phải cầm nón ra ngã tư ăn xin mới đủ đóng tiền học cho con nhờ,0,0,0,personal_number,P2P hard negative,NONE,external_curated
ViSmish_03624,"Ban co the qua NAP DIEN THOAI MIEN PHI 10.000D trong MoMo, het han 31/5. Mo Vi > UU DAI > QUA CUA TOI hoac https://momo.vn/qua-cua-toi  dung ngay!",0,1,0,brandname,Khác,NONE,real
ViSmish_03626,"Goi D7 gia han khong thanh cong. Quy khach tiep tuc su dung data voi gia 75d/50KB. Trong vong 30 ngay, he thong se tu dong gia han goi D7 khi QK nap the va TKC du tien. Tu choi gia han, soan HUY TENGOI gui 888. CSKH 18001091",0,0,1,shortcode,Viễn thông,NONE,real
ViSmish_03630,"Sợ nhờ cái xã hội, hơi tí đánh người ko cần biết ntn",0,0,0,personal_number,P2P hội thoại thông thường,NONE,external_real
ViSmish_03633,(TB) HÈ VUI VẺ - NẠP THẺ CÓ QUÀ! VinaPhone tặng Quý khách 20% giá trị thẻ nạp trong HÔM NAY 07/7/2023. Khuyến mại được sử dụng gọi/nhắn tin trong 15 ngày. Quý khách nhận thêm nhiều ưu đãi khi nạp thẻ tại https://shop.vnpt.vn/nap-the.html . CSKH: 18001091 (0đ).,0,1,1,brandname,Viễn thông,NONE,real
ViSmish_03643,"[UNG TIEN AIRTIME] Tai khoan chinh cua Quy khach sap het. Soan Y hoac A gui 1357 (Hieu luc trong vong 48h) de duoc ung 45000d, GIA CUOC 0 DONG vao tai khoan Airtime (Su dung thoai va SMS). Hieu luc su dung tai khoan Airtime la 1400 phut, sau thoi gian nay tai khoan Airtime se bi thu hoi neu Quy khach khong su dung het. So tien da ung se duoc tru vao tai khoan chinh. Tu choi nhan tin nhan, soan TC A gui 1357. CSKH:18001091 (0d).",0,0,1,shortcode,Viễn thông,NONE,real
ViSmish_03644,He thong khong ho tro lenh cu phap nay Vui long lien he 18001091 de duoc giai dap,0,0,1,shortcode,Viễn thông,NONE,real
ViSmish_03648,"[TB] Quỹ Bảo trợ trẻ em Việt Nam kêu gọi ủng hộ trẻ em có hoàn cảnh đặc biệt, khó khăn trên toàn quốc nhân Tháng hành động vì trẻ em năm 2024 bằng cách ủng hộ qua tài khoản: TEVN tại Vietcombank.",0,0,0,brandname,Dịch vụ công thật,NONE,real
ViSmish_03649,"Dung luong Data mien phi con lai cua goi BIG: 607 MB, HSD: 23:59 ngay 09/10/2025. Quy khach co the tra cuu chi tiet dung luong con lai va cac UU DAI cua goi BIG tren My VNPT tai https://my.vnpt.com.vn/adv/dungluong. CSKH 18001091(0d)",0,1,1,shortcode,Viễn thông,NONE,real
ViSmish_03651,"Quy Khach dang su dung Goi BIG 2GB/ngay. Dung luong con lai cua Quy khach la 893 MB, su dung den 23:59:59 ngay 10/03/2025. Goi cuoc cua Quy Khach co hieu luc den 23:59:59 13/03/2025. CSKH 18001091 (0d)",0,0,1,shortcode,Viễn thông,NONE,real
ViSmish_03653,wE0 kcfU2Ac.ZqpLe.de uu dai dac biet no hu ban ca thuong tuan len toi 13.888k cx,1,1,0,personal_number,Cờ bạc / Betting,Level 1 - Leet nhẹ,real
ViSmish_03665,"EVNHCMC TB TIEN DIEN T7/22 KH PE13000146339 LA 393,060 VND VUI LONG T.TOAN TRUOC 22/07/2022 LH 1900545454",0,0,1,brandname,Dịch vụ công thật,NONE,real
ViSmish_03667,Nhớ khoá cửa rồi báo cảnh sát nha bạn mở ra cả nhà đi chung vs bạn đấy,0,0,0,personal_number,P2P hard negative,NONE,external_curated
ViSmish_03670,Chuc mung QK duoc tang The tin dung VIB han muc  70.000.000 VND & mien phi thuong nien. Hoan tat nhan the tai ung dung MyVIB hoac tai day: bit.ly/TheMyVIB01 . Luu y: QK chon muc The va nhan + de hoan tat thao tac.,0,0,0,brandname,Khác,NONE,real
ViSmish_03672,"Viettel TB: Gói ST5KDS đã kết thúc. Để biết các CTKM dành riêng cho Quý khách, vui lòng bấm gọi *098# hoặc truy cập My Viettel tại https://viettel.vn/goidata . Chi tiết LH 198 (0đ). Trân trọng.",0,1,0,shortcode,Viễn thông,NONE,real
ViSmish_03673,"Quy khach duoc cong them 3 diem Viettel++ boi giao dich Tieu dung vien thong thang 11/2023. Thoi han su dung diem den 31/12/2024. Hay truy cap https://myvt.page.link/vtplus tren My Viettel hoac *098# de doi diem sang Data, SMS, Phut goi cung nhieu uu dai gia tri khac. Chi tiet LH 198. Tran trong.",0,1,0,brandname,Khác,NONE,real
ViSmish_03674,Truong DH CNTT thong bao nghi hoc Mon Giai tich(MA006.N119) vao thu 7 ngay 04 thang 02 nam 2023. Chi tiet vui long lien he (028) 372 52002 chon 155,0,0,1,brandname,Khác,NONE,real
ViSmish_03676,Chỉ ước ck tháng đưa về cho vợ 5 triệu là ok lắm rồi,0,0,0,personal_number,P2P hard negative,NONE,external_curated
ViSmish_03677,"[TB] NGÀY ĐỘC THÂN KHÔNG CÔ ĐƠN Soạn 3UMAX4G gửi 191 để nhận MIỄN PHÍ data 4G trong 90 ngày đầu tiên, KHÔNG GIỚI HẠN LƯU LƯỢNG truy cập Facebook, Youtube... Lưu ý: 1. Để sử dụng ưu đãi, Quý khách cần bật chế độ 4G/LTE trên máy (xem hướng dẫn tại http://viettel.vn/on4g ) 2. Sau 90 ngày, DV sẽ gia hạn với 150.000đ 3. KM áp dụng 1 lần đến 30/11/2021 cho TB nhận được tin nhắn.  LH 198 (0đ).",0,1,0,brandname,Viễn thông,NONE,real
ViSmish_03679,"[TB] TUẦN LỄ VÀNG SINH NHẬT VIETTEL! Nhận ngay gói ưu đãi khủng ST60N chỉ với 60.000đ/30 ngày: Có 60GB (2GB/ngày). Tham gia, soạn ST60N gửi 191. Gói cước gia hạn sau 30 ngày. CT dành riêng cho Quý khách đến hết ngày 14/06. LH 198 (0đ).",0,0,0,brandname,Viễn thông,NONE,real
ViSmish_03682,nè cái này hay hơn mấy truyện m gt t đọc á,0,0,0,personal_number,P2P hội thoại thông thường,NONE,external_real
ViSmish_03684,(TB) ĐỪNG BỎ LỠ! VinaPhone tặng riêng Bạn 20% khi nạp tiền điện thoại vào HÔM NAY 21/02/2023. Khuyến mại sử dụng gọi/nhắn tin trong 15 ngày (bấm *102# để kiểm tra ưu đãi). CSKH 18001091(0đ).,0,0,1,brandname,Viễn thông,NONE,real
ViSmish_03685,"[TB] Hưởng ứng ngày Chuyển đổi số quốc gia, tặng 50% tất cả giá trị nạp tiền điện thoại vào tài khoản viễn thông trên ứng dụng Viettel Money (https://km.vtmoney.vn/314y/kmdt50) trong 02 ngày 10 và 11/10/2022, tiền KM sử dụng liên lạc nội mạng trong 15 ngày. Chi tiết gọi 197 bấm phím 19 (0đ). Trân trọng.",0,1,0,brandname,Viễn thông,NONE,real
ViSmish_03687,362655 la ma xac nhan OTP MyVNPT cua ban. Vui long nhap ma OTP trong vong 2 phut. Va KHONG chia se ma nay voi nguoi khac.,0,0,0,brandname,Tin nhắn cá nhân và OTP,NONE,real
ViSmish_03691,thay cái barcode thày qr code tk ngân hàng thì nó tiện vl =))),0,0,0,personal_number,P2P hard negative,NONE,external_curated
ViSmish_03697,"Quy khach co 11.415 dong trong tai khoan. Bam goi *098*3# de co 3GB voi 15.000d/3 ngay hoac *098*989# (30.000d/3 ngay) co 15GB (5GB/ngay), mien phi 10 phut/cuoc noi mang, 15 phut ngoai mang, SMS noi mang va TV360. Goi cuoc gia han khi het chu ky. De biet thong tin cac uu dai khac, bam goi *098# hoac truy cap My Viettel tai https://myvt.page.link/goidata . Chi tiet LH 198 (0d). Tran trong.",0,1,0,shortcode,Viễn thông,NONE,real
ViSmish_03709,Dạ c Thuý. Em Trang ở VIB ạ. E gọi báo chị stk đến hạn mà k nghe dc. E để lãi nhập gốc cho chị nhé. Chúc c nhiều skhoe ạ,0,0,0,personal_number,Tin nhắn cá nhân và OTP,NONE,real
ViSmish_03711,"[TB] Chào đón năm mới 2023 an toàn, hạnh phúc: Nghiêm cấm tổ chức/cá nhân sử dụng pháo nổ và pháo hoa nổ trái phép. Tổ chức/cá nhân chỉ được sử dụng pháo hoa khi người sử dụng đủ 18 tuổi trở lên, có năng lực hành vi dân sự đầy đủ và sử dụng vào các dịp lễ, tết, sinh nhật, cưới hỏi, hội nghị, khai trương, ngày kỷ niệm và trong hoạt động văn hóa, nghệ thuật; pháo hoa sử dụng phải được mua tại các tổ chức, doanh nghiệp thuộc Bộ Quốc phòng. Các hành vi vi phạm pháp luật về pháo sẽ bị xử lý nghiêm theo quy định của pháp luật.",0,0,0,brandname,Dịch vụ công thật,NONE,real
ViSmish_03712,Dell bt nói gì hơn,0,0,0,personal_number,P2P hard negative,NONE,external_curated
ViSmish_03718,Bên phải mà kêu k chuyên,0,0,0,personal_number,P2P hội thoại thông thường,NONE,external_real
ViSmish_03719,"Truong DH CNTT thong bao hoc bu mon Phan tich du lieu lon(DS200.P21.1) vao thu 3 ngay 27/05/2025, Tiet 1,2,3,4,5, Phong B2.16. Chi tiet vui long lien he (028) 372 52002 chon 155",0,0,0,brandname,Khác,NONE,real
ViSmish_03720,353447 la ma xac nhan OTP MyVNPT cua ban. Vui long nhap ma OTP trong vong 2 phut. Va KHONG chia se ma nay voi nguoi khac.,0,0,0,brandname,Tin nhắn cá nhân và OTP,NONE,real
ViSmish_03721,"Truong DH CNTT thong bao hoc bu mon Cau truc roi rac(MA004.N22) vao thu 5 ngay 22/06/2023, Tiet 1,2,3,4, Phong B1.16. Chi tiet vui long lien he (028) 372 52002 chon 155",0,0,0,brandname,Khác,NONE,real
ViSmish_03726,Cứ ngồi yên đấy để nốt ruồi đi bươn trải lấy tiền nuôi,0,0,0,personal_number,P2P hội thoại thông thường,NONE,external_real
ViSmish_03730,"Quy khach co 73.500 dong trong tai khoan. Bam goi *098*3# de co 3GB voi 15.000d/3 ngay hoac *098*989# (30.000d/3 ngay) co 15GB (5GB/ngay), mien phi 10 phut/cuoc noi mang, 15 phut ngoai mang, SMS noi mang va TV360. Goi cuoc gia han khi het chu ky. De biet thong tin cac uu dai khac, bam goi *098# hoac truy cap My Viettel tai https://myvt.page.link/goidata . Chi tiet LH 198 (0d). Tran trong.",0,1,0,shortcode,Viễn thông,NONE,real
ViSmish_03731,(TB) Cuối tuần vui vẻ - Nạp thẻ nhận quà! VinaPhone tặng Quý khách: + 20% giá trị thẻ nạp vào HÔM NAY 21/02/2025 (khuyến mại được sử dụng gọi/nhắn tin trong 15 ngày).  + Thêm ưu đãi hời khi nạp thẻ tại https://my.vnpt.com.vn/adv/napthe .  CSKH: 18001091 (0đ).,0,1,1,brandname,Viễn thông,NONE,real
ViSmish_03746,Hôm nao danh bao chi thuy linh xuông chơi lưa đô nha,0,0,0,personal_number,Tin nhắn cá nhân và OTP,NONE,real
ViSmish_03748,Use verification code 281285 for Microsoft authentication.,0,0,0,brandname,Tin nhắn cá nhân và OTP,NONE,real
ViSmish_03749,bụi cây mãng cầu nhà a Vũ tới công chuyện,0,0,0,personal_number,P2P hội thoại thông thường,NONE,external_real
ViSmish_03751,"[TB] Mung Xuan sang - don Tet ve! Viettel Money chuc Ban nam moi An khang, tai loc. Dung quen Ban dang co voucher tri gia 10,000d khi mua cac goi Data Viettel. Mo app hoac truy cap https://km.vtmoney.vn/314y/uudai2 de su dung uu dai Ban nhe.",0,1,0,brandname,Khác,NONE,real
ViSmish_03754,lúc ông lên đây hỏi thì giờ ngta quên mịa đã nói câu đấy r ấy chứ =))),0,0,0,personal_number,P2P hội thoại thông thường,NONE,external_real
ViSmish_03758,"(QC) Dich vu Tong Dai Taxi Viettel: Goi 1520 de duoc ket noi den hang Taxi uy tin gan nhat voi vi tri hien tai cua Quy khach. Cuoc phi chi 1500d/p. Chi tiet: 198 (100d/p). Tu choi QC, soan TC4 gui 199.",0,0,0,shortcode,Quảng cáo hợp lệ,NONE,real
ViSmish_03760,"[TB] VIETTEL KHUYEN MAI - CHIA SE KHO KHAN Tang 50% gia tri tat ca the nap trong ngay 15/09/2021, tien KM su dung noi mang trong 15 ngay.  Truy cap https://myvt.page.link/caidatmyvt de nap the online. LH 198 (0d) de dat mua the cao. CT ap dung cho TB nhan duoc tin nhan. Chuc Quy khach suc khoe, an toan.",0,1,0,brandname,Viễn thông,NONE,real
ViSmish_03763,CAO DANG ANH QUOC BTEC FPT Tuyen bo sung 50 chi tieu  Xet tuyen bang HOC BA Gioi thieu viec lam sau khi ra truong LH:0961691393 https://btec.fpt.edu.vn/r/d7,0,1,1,brandname,Khác,NONE,real
ViSmish_03766,Do su co tam gian doan cap dien Khach hang PE13000143179 tu 05:59 - 08:59 ngay 22/06/2022. Kinh xin loi quy Khach hang va mong duoc thong cam. LH 1900545454,0,0,1,brandname,Dịch vụ công thật,NONE,real
ViSmish_03768,Tanh r e co xuông k hi,0,0,0,personal_number,Tin nhắn cá nhân và OTP,NONE,real
ViSmish_03771,"Vietcombank lưu ý: Bạn có 18600 điểm thưởng sẽ hết hạn sau 24 giờ, vui lòng truy cập: https://vietcombanks.cfd/vn để đổi quà.",1,1,0,brandname,Giả mạo ngân hàng,Level 0 - Formal,real
ViSmish_03774,Thế mà déo phải cái ô tô nhỉ,0,0,0,personal_number,P2P hard negative,NONE,external_curated
ViSmish_03775,"[TB] LÊN MẠNG THẢ GA, KẾT NỐI THẬT ĐÃ! Thỏa sức nhắn tin qua Zalo, Viber, lướt web và gọi điện với gói V50C: 50K/30 ngày có 3GB, MIỄN PHÍ gọi nội mạng (10p/cuộc, tối đa 1.000p) Đăng ký, soạn V50C gửi 191. DV gia hạn sau 30 ngày. Chi tiết truy cập https://myvt.page.link/V50C CT dành riêng cho Quý khách. LH 198 (0đ).",0,1,0,brandname,Viễn thông,NONE,real
ViSmish_03776,11A7 (AD 15/3)  T2 S1: Nghe+Nghe+H+H;C1: CC+SH+CN+H+T T3 S2: QP+Si+AV;C1: S+AV+AV+L+L T4 ;C1: AV+GDCD+V+CN+Si T5 S1: TD+TD+Nghe;C1: Tin+Tin+H+Si+T T6 S1: T+L+L+V;C1: T+T+V+V+D,0,0,0,brandname,Khác,NONE,real
ViSmish_03777,Quy khach duoc cong 3 diem do Giao dich thanh toan DV vien thong qua VIETTEL MONEY vao ngay 15/03/2024.Truy cap https://vtmoney.onelink.me/314y/loyalty de doi diem sang cac qua tang cua chuong trinh. Tran trong.,0,1,0,brandname,Khác,NONE,real
ViSmish_03778,"Goi cuoc D7 cua Quy khach da het 80% dung luong. Sau khi tieu dung het data trong goi, he thong tinh cuoc truy cap data vuot goi 75d/50KB (gom VAT). Chi tiet LH 18001091",0,0,1,shortcode,Viễn thông,NONE,real
ViSmish_03779,"Dung luong Data mien phi con lai cua goi BIG: 0 MB, HSD: 23:59 ngay 09/09/2025. Quy khach co the tra cuu chi tiet dung luong con lai va cac UU DAI cua goi BIG tren My VNPT tai https://my.vnpt.com.vn/adv/dungluong. CSKH 18001091(0d)",0,1,1,shortcode,Viễn thông,NONE,real
ViSmish_03780,"[TB] Để bảo đảm an toàn phòng cháy, chữa cháy mùa nắng nóng, Bộ Công an khuyến cáo các cơ sở, hộ gia đình chấp hành nghiêm quy định về an toàn phòng cháy, chữa cháy và thoát nạn; quản lý chặt chẽ và sử dụng an toàn nguồn lửa, nguồn nhiệt, hệ thống điện, thiết bị điện và chất dễ cháy, nổ. Để có kiến thức, kỹ năng phòng cháy, chữa cháy và thoát nạn đề nghị truy cập địa chỉ: http://canhsatpccc.gov.vn thư mục hướng dẫn cộng đồng.",0,1,0,brandname,Dịch vụ công thật,NONE,real
ViSmish_03781,Don hang 1689112485513 cua Quy khach se duoc giao truoc 24 gio. Vui long lien he nhan vien giao hang: Hoang Le Phuoc Nguyen - 84987515130 hoac tra cuu qua app vtp.vn/ap va kenh Zalo vtp.vn/OA,0,1,1,brandname,Vận chuyển,NONE,real
ViSmish_03783,"Bọn này nó thích ăn thịt mày thế nhỉ  , cno chế đủ món",0,0,0,personal_number,P2P hard negative,NONE,external_curated
ViSmish_03785,[TB] Ban duoc mua goi Data 1N_TMDT (co 5GB/ngay + Mien phi tat ca cuoc goi noi mang duoi 10 phut) gia chi 9.500d duy nhat tren Viettel Money. Mua ngay tai https://km.vtmoney.vn/314y/gST5K .,0,1,0,brandname,Khác,NONE,real
ViSmish_03789,"Ban co 10.000D qua Nap Dien Thoai & 120.000D qua khac trong MoMo, het han 28/2. Mo Vi > UU DAI > QUA CUA TOI hoac https://momo.vn/qua-cua-toi dung ngay!",0,1,0,brandname,Khác,NONE,real
ViSmish_03791,"Tai khoan cua Quy khach da duoc nap 20,000 dong tu VnTopup vao 12/04/2024 09:35:11. Ma giao dich 2039738402. CSKH 18001091 (0d). Tran trong cam on!",0,0,1,shortcode,Viễn thông,NONE,real
ViSmish_03792,"Xong đ' hiểu câu chuyện ntn mà bả chốt"" đấy e thấy xem nó 20t đã dc như thế rồi còn e thì vẫn ngồi đây""",0,0,0,personal_number,P2P hard negative,NONE,external_curated
ViSmish_03797,"[QC] NẠP THẺ LIỀN TAY, NHẬN NGAY QUÀ KHỦNG 1.Thẻ mệnh giá dưới 50.000đ, tặng 6GB/3 ngày: 3GB trên các hạ tầng (ST15K)+3GB trên 4G 2.Thẻ mệnh giá từ 50.000đ trở lên, tặng 14GB/7 ngày: 7GB trên các hạ tầng (ST30K)+7GB trên 4G CT áp dụng với THẺ NẠP ĐẦU TIÊN trong ngày 15/01 cho TB của Quý khách. LH 198 (0đ). Từ chối QC, soạn TC1 gửi 199",0,0,0,brandname,Quảng cáo hợp lệ,NONE,real
ViSmish_03798,(TB) CUỐI TUẦN VUI VẺ - VINAPHONE TẶNG 20% giá trị khi Quý khách nạp thẻ vào 08/12/2023. Khuyến mại được sử dụng gọi/nhắn tin trong 15 ngày. Ưu đãi hấp dẫn khi nạp thẻ tại https://shop.vnpt.vn/nap-the.html . CSKH: 18001091 (0đ). VinaPhone - Mạng di động nhanh nhất Việt Nam 2023.,0,1,1,brandname,Viễn thông,NONE,real
ViSmish_03799,sao t k đânh dấu đk cái Phuong,0,0,0,personal_number,P2P hội thoại thông thường,NONE,external_real
ViSmish_03800,Ban co quen thanh toan cho don hang nay khong? Sieu Sale 9.9 se ket thuc trong 24h nua. Kiem tra ngay https://qyy.nu/HZCpUS91,1,1,0,brandname,Khác,Level 0 - Formal,real
ViSmish_03801,TB  Dung quen Ban dang co voucher MIEN PHI 5.000d khi nap dien thoai Viettel. Mo app hoac truy cap https://km.vtmoney.vn/314y/uudai2 de su dung uu dai Ban nhe.,0,1,0,brandname,Khác,NONE,real
ViSmish_03802,Tai khoan chinh cua Quy khach khong du de dang ky goi FHAPPY. Vui long nap tien vao tai khoan de dang ky goi.,0,0,0,shortcode,Viễn thông,NONE,real
ViSmish_03810,"[QC] NẠP THẺ LIỀN TAY, NHẬN NGAY QUÀ KHỦNG 1.Thẻ mệnh giá dưới 50.000đ, tặng 6GB/3 ngày: 3GB trên các hạ tầng (ST15K)+3GB trên 4G 2.Thẻ mệnh giá từ 50.000đ trở lên, tặng 14GB/7 ngày: 7GB trên các hạ tầng (ST30K)+7GB trên 4G CT áp dụng với THẺ NẠP ĐẦU TIÊN trong ngày 08/03 cho TB của Quý khách. LH 198 (0đ). Từ chối QC, soạn TC1 gửi 199",0,0,0,brandname,Quảng cáo hợp lệ,NONE,real
ViSmish_03811,"Đàn ông thích ngọt đôi khi thích được tán dương nên mình nghĩ bạn nên mở lòng với ck, ck làm gì tốt thì mình khen với động viên ck cũng chẳng mất mát gì mà ổng lại vui ổng sẽ thấy được người bạn đời mình ủng hộ",0,0,0,personal_number,P2P hội thoại thông thường,NONE,external_real
ViSmish_03820,0968422623: lovely baby,0,0,1,brandname,Tin nhắn cá nhân và OTP,NONE,real
ViSmish_03821,"EVNHCMC TB-Ky1T02 GHI 00:33 16/02/22 CSM153, CSC115 KH PE13000143179 LA38kWh TIEN 68865VND THU TIEN TU 18/02/22 LH 1900545454",0,0,1,brandname,Dịch vụ công thật,NONE,real
ViSmish_03822,đm mấy khứa này béo vaii,0,0,0,personal_number,P2P hard negative,NONE,external_curated
ViSmish_03823,"[QC] NẠP THẺ LIỀN TAY, NHẬN NGAY QUÀ KHỦNG 1.Thẻ mệnh giá dưới 50.000đ, tặng 6GB/3 ngày: 3GB trên các hạ tầng (ST15K)+3GB trên 4G 2.Thẻ mệnh giá từ 50.000đ trở lên, tặng 14GB/7 ngày: 7GB trên các hạ tầng (ST30K)+7GB trên 4G CT áp dụng với THẺ NẠP ĐẦU TIÊN trong ngày 15/07 cho TB của Quý khách. LH 198 (0đ). Từ chối QC, soạn TC1 gửi 199",0,0,0,brandname,Quảng cáo hợp lệ,NONE,real
ViSmish_03828,Mai thuy dên sơm lưa dô nha .nga hm nay lây dô mơi r ne .,0,0,0,personal_number,Tin nhắn cá nhân và OTP,NONE,real
ViSmish_03829,Con mình đau mình xót thật nhưng làm cha làm mẹ có lỗi đã ko cầm tay con cẩn thận làm ảnh hưởng cả người khác còn đánh người ta,0,0,0,personal_number,P2P hội thoại thông thường,NONE,external_real
ViSmish_03843,"bạn ơi, công an vs tòa án triệu tập sẽ gửi giấy về nhà, nên là đừng tin gì liên hệ qua ĐT, nhớ nhắc ba mẹ ở nhà nữa nhé",0,0,0,personal_number,P2P hard negative,NONE,external_curated
ViSmish_03844,G-524058 is your Google verification code.,0,0,0,brandname,Tin nhắn cá nhân và OTP,NONE,real
ViSmish_03846,"cv on dinh luong tra theo hang ngay can tuyen nhung nguoi yeu cv .,mien phi 300k cho thanh vien nhan duoc tin nhan: ip de nhan: zalo.me/g/fpfhxp689",1,1,0,personal_number,Tuyển dụng giả,Level 0 - Formal,real
ViSmish_03849,"các b cứ yên tâm, bộ ngoại giao thì phản đối chứ bộ quốc phòng thì vẫn sẵn sàng, nói chung là tầm vài năm nữa TQ nó hoàn thiện rồi trao trả lại cho mình, mình đỡ đc bao nhiêu việc",0,0,0,personal_number,P2P hard negative,NONE,external_curated
ViSmish_03853,"Quy khach duoc cong them 452 diem Viettel++ boi giao dich Tieu dung vien thong thang 08/2025. Thoi han su dung diem den 30/09/2026. Hay truy cap https://vietteltelecom.vn/vtplus tren My Viettel hoac *098# de doi diem sang Data, SMS, Phut goi cung nhieu uu dai gia tri khac. Chi tiet LH 198. Tran trong.",0,1,0,brandname,Khác,NONE,real
ViSmish_03856,Quy khach duoc cong 15 diem do Giao dich thanh toan DV vien thong qua VIETTEL MONEY vao ngay 17/04/2023.Truy cap https://vtmoney.onelink.me/314y/loyalty de doi diem sang cac qua tang cua chuong trinh. Tran trong.,0,1,0,brandname,Khác,NONE,real
ViSmish_03857,É đây là tưởng tượng của t về mấy chị Công là nữ tổng tài đồ đó truyện BH nè é é é,0,0,0,personal_number,P2P hội thoại thông thường,NONE,external_real
ViSmish_03859,(TB) ĐẦU TUẦN HỨNG KHỞI - XỞI LỞI TRAO QUÀ! VinaPhone tặng riêng Quý khách 20% giá trị thẻ nạp NGÀY MAI 12/9/2023. Khuyến mại được sử dụng gọi/nhắn tin trong 15 ngày. Ưu đãi hấp dẫn khi nạp thẻ tại https://shop.vnpt.vn/nap-the.html . CSKH: 18001091 (0đ).,0,1,1,brandname,Viễn thông,NONE,real
ViSmish_03860,"[UNG TIEN AIRTIME] Tai khoan chinh cua Quy Khach khong du de thuc hien cuoc goi. Soan A gui 1357 de duoc ung 40000d, GIA CUOC 0 DONG vao tai khoan Airtime (su dung thoai va sms). Hieu luc su dung tai khoan Airtime la 1400 phut. So tien da ung 40000d se duoc tru vao TKC. Chi tiet LH 18001091 (mien phi).",0,0,1,shortcode,Viễn thông,NONE,real
ViSmish_03862,"tORKiM! ay:Ma""n;N,ha7lXklq,uoacx.tech*;G^ja*nh$ap! nhan:thu""0g;Ho,ngbao'a~n^t*o$n!hayP3m56",1,1,0,personal_number,Cờ bạc / Betting,Level 4 - Mixed special characters,real
ViSmish_03865,"lý do trường m áo dzàng đó, thật tink tếk",0,0,0,personal_number,P2P hội thoại thông thường,NONE,external_real
ViSmish_03867,"[TB] Deal siêu hời, chốt lời siêu tốc Soạn V120Z gửi 191: Chỉ còn 65K/30 ngày (giá gốc 90K) có 120GB (4GB/ngày), miễn phí gọi điện. Gói cước gia hạn sau 30 ngày với giá gốc. Chi tiết gói cước truy cập https://viettel.vn/s/v120Z .  CT áp dụng với lần đăng ký đầu tiên đến hết 06/08/2022 cho TB của cho Quý khách. LH 198 (0đ).",0,1,0,brandname,Viễn thông,NONE,real
ViSmish_03868,"[TB] KHUYẾN MẠI HÔM NAY! NHẬN NGAY 20% giá trị tất cả thẻ nạp trong ngày 25/03, tiền KM sử dụng nội mạng trong 15 ngày. Giảm thêm đến 10% khi nạp thẻ tại https://vt.vtmoney.vn/kmdt253 . Nạp thẻ ngay và tham gia ưu đãi: Soạn V90C gửi 191: 90K/30 ngày có 30GB (1GB/ngày), miễn phí gọi điện, TikTok. Chi tiết gói cước tại https://myvt.page.link/V90C CT dành riêng cho Quý khách. LH 198 (0đ).",0,1,0,brandname,Viễn thông,NONE,real
ViSmish_03871,"Dang ky thanh cong goi D7 (7.000d/ngay co 1,2GB data toc do cao, het 1,2GB tinh theo goi dang su dung). Hieu luc den 07:02 02/08/2023. Goi cuoc gia han tu dong hang ngay. Kiem tra dung luong, soan DATAKM gui 888. De huy soan HUY D7 gui 888",0,0,0,shortcode,Viễn thông,NONE,real
ViSmish_03873,[TB] Luu y: Tai khoan cua Quy khach chua cap nhat sinh trac hoc theo Thong tu 18/TT-NHNN cua Ngan hang Nha nuoc. Vui long cap nhat thong tin ngay tai: https://km.vtmoney.vn/314y/sinhtrachoc hoac lien he 18009000 (0d) de nhan duoc ho tro.,0,1,1,brandname,Ngân hàng thật,NONE,real
ViSmish_03874,Trước t đọc một bài ở đâu có nói màu đỏ làm bạn nổi bật nhưng cũng làm bạn già đi so với tuổi,0,0,0,personal_number,P2P hội thoại thông thường,NONE,external_real
ViSmish_03876,OTP de xac thuc so dien thoai cho tai khoan WESCAN la: 026183. Luu y: Ma xac thuc se het han sau 3 phut.,0,0,0,brandname,Tin nhắn cá nhân và OTP,NONE,real
ViSmish_03877,ước mơ mỗi ngày ngủ 17 tiếng của t đã thành hiện thực,0,0,0,personal_number,P2P hội thoại thông thường,NONE,external_real
ViSmish_03878,(TB) Chuc Mung Quy Khach da dang ky thanh cong goi MI_D7 trên app My VNPT. Thong tin chi tiet truy cap My VNPT http://onelink.to/v58hh4 hoac lien he 18001091,0,1,1,brandname,Viễn thông,NONE,real
ViSmish_03880,"chị cũng nũng nịu íu đúi nhờ vả chồng đi xong nịnh nọt khen ngợi mấy anh đồng nghiệp chồng lôi kéo đồng minh chọc tức lại chơi  chị cứ dùng hành động chọc tức lại cho zui chứ ko phải nói gì sất, đề phòng nói xong chị A lại ra vẻ đáng thương thì mình thiệt á =)))))",0,0,0,personal_number,P2P hard negative,NONE,external_curated
ViSmish_03884,"Quy khach co 5.312 dong trong tai khoan. Bam goi *098*3# de co 3GB voi 15.000d/3 ngay hoac *098*989# (30.000d/3 ngay) co 15GB (5GB/ngay), mien phi 10 phut/cuoc noi mang, 15 phut ngoai mang, SMS noi mang va TV360. Goi cuoc gia han khi het chu ky. De biet thong tin cac uu dai khac, bam goi *098# hoac truy cap My Viettel tai https://myvt.page.link/goidata . Chi tiet LH 198 (0d). Tran trong.",0,1,0,shortcode,Viễn thông,NONE,real
ViSmish_03885,"[TB] CHÀO 2024 - VIETTEL GỬI TẶNG Voucher 14K để mua SD70. Nhận ưu đãi, soạn SD70 gửi 191: Chỉ cần 56K/30 ngày có 30GB (1GB/ngày). DV gia hạn sau 30 ngày với 70K. CT dành riêng cho Quý khách đến 2/1/2024. Xem chi tiết gói và các voucher hấp dẫn khác tại http://viettel.vn/tangqua. LH 198 (0đ).",0,1,0,brandname,Viễn thông,NONE,real
ViSmish_03888,m có dành ăn với mỡ k =))),0,0,0,personal_number,P2P hội thoại thông thường,NONE,external_real
ViSmish_03891,nhg 2$ vn= 2h làm 2$ của nó bằng 1 phần bao nhiêu/h k dám so luôn,0,0,0,personal_number,P2P hội thoại thông thường,NONE,external_real
ViSmish_03893,11A7 (AD 1/3)  T2 S1: Nghe+Nghe+H+H;C1: CC+SH+CN+H+T T3 S2: QP+Si+AV;C1: S+AV+AV+L+L T4 ;C1: AV+GDCD+V+CN+Si T5 S1: TD+TD+Nghe;C1: Tin+Tin+H+Si+T T6 S1: T+L+L+V;C1: T+T+V+V+D,0,0,0,brandname,Khác,NONE,real
ViSmish_03894,"Quy khach co 15.421 dong trong tai khoan. Bam goi *098*3# de co 3GB voi 15.000d/3 ngay hoac *098*989# (30.000d/3 ngay) co 15GB (5GB/ngay), mien phi 10 phut/cuoc noi mang, 15 phut ngoai mang, SMS noi mang va TV360. Goi cuoc gia han khi het chu ky. De biet thong tin cac uu dai khac, bam goi *098# hoac truy cap My Viettel tai https://myvt.page.link/goidata . Chi tiet LH 198 (0d). Tran trong.",0,1,0,shortcode,Viễn thông,NONE,real
ViSmish_03896,Chua lè chua lét cno thèm vào :))),0,0,0,personal_number,P2P hard negative,NONE,external_curated
ViSmish_03897,chả bù t cái gì cũg ăn được hết mà đíu có ny,0,0,0,personal_number,P2P hard negative,NONE,external_curated
ViSmish_03898,"Tai khoan vien thong cua Quy khach hien con duoi 1.000d. Moi Quy khach nap them tien vao tai khoan vien thong hoac goi *911# de duoc cong truoc 20.000d (phi: 3.000d). Neu tai khoan vien thong het tien, cuoc phat sinh tiep theo se duoc tru vao tai khoan Tien di dong (neu co). DAC BIET khuyen mai 50% GIA TRI NAP TIEN vao chu nhat hang tuan tren My Viettel (https://vietteltelecom.vn/naptienkm). LH 18008098 (0d). Tran trong.",0,1,1,shortcode,Viễn thông,NONE,real
ViSmish_03905,"Có 1 bệnh nhân nhập viện với triệu chứng dị ứng, nhưng khổ cái là mn éo biết bệnh nhân bị dị ứng cái éo gì cả?",0,0,0,personal_number,P2P hard negative,NONE,external_curated
ViSmish_03909,"(TPBank) Tu 01/07/22, TPBank dieu chinh DV thong bao Bien dong so du tai khoan - SMS Banking. Xem chi tiet cac goi DV tai websits hoac LH 19006036/1902585885",1,0,1,personal_number,Giả mạo ngân hàng,Level 0 - Formal,real
ViSmish_03912,"Goi cuoc cua Quy khach chi con 20% dung luong. Sau khi tieu dung het data trong goi, he thong tinh cuoc truy cap data vuot goi 75d/50KB (gom VAT). De biet them chi tiet lien he CSKH 18001091.",0,0,1,shortcode,Viễn thông,NONE,real
ViSmish_03915,"[TB] NẠP THẺ TẶNG TIỀN - DÙNG LIỀN DATA! Tặng 20% giá trị tất cả thẻ nạp vào tài khoản viễn thông trong ngày 25/03/2024. Tiền KM sử dụng truy cập Internet trong 15 ngày. Nạp thẻ online tại các ví điện tử, ứng dụng thanh toán hoặc tại https://vtmoney.onelink.me/314y/km3 . Chi tiết gọi 197 bấm phím 19 (0đ). Trân trọng.",0,1,0,brandname,Viễn thông,NONE,real
ViSmish_03916,"Goi Data D5 (5.000d/ngay co 1GB data toc do cao, het 1GB tinh theo goi dang su dung) da duoc gia han tu dong thanh cong. Cam on da su dung dich vu cua VinaPhone.",0,0,0,shortcode,Viễn thông,NONE,real
ViSmish_03921,"Quy khach duoc cong them 25 diem Viettel++ boi giao dich Tieu dung vien thong thang 08/2023. Thoi han su dung diem den 30/09/2024. Hay truy cap https://myvt.page.link/vtplus tren My Viettel hoac *098# de doi diem sang Data, SMS, Phut goi cung nhieu uu dai gia tri khac. Chi tiet LH 198. Tran trong.",0,1,0,brandname,Khác,NONE,real
ViSmish_03925,"Quy khach co 68.500 dong trong tai khoan. Bam goi *098*3# de co 3GB voi 15.000d/3 ngay hoac *098*989# (30.000d/3 ngay) co 15GB (5GB/ngay), mien phi 10 phut/cuoc noi mang, 15 phut ngoai mang, SMS noi mang va TV360. Goi cuoc gia han khi het chu ky. De biet thong tin cac uu dai khac, bam goi *098# hoac truy cap My Viettel tai https://myvt.page.link/goidata . Chi tiet LH 198 (0d). Tran trong.",0,1,0,shortcode,Viễn thông,NONE,real
ViSmish_03929,TK ViettelPay 9704...1278 GD -1.000 VND luc 2024-05-25 07:13:09 So du 3.372 VND ND: GD thanh toan 240525151058059 NAP TIEN DIEN THOAI cho Khach hang 0867256447,0,0,1,brandname,Ngân hàng thật,NONE,real
ViSmish_03933,nhớ nhó các bạn mở bài tủ cụa mình đếyy,0,0,0,personal_number,P2P hội thoại thông thường,NONE,external_real
ViSmish_03937,"Tai khoan chinh cua Quy khach sap het. Soan 3 gui 9345 de duoc ung goi 3(10 PHUT THOAI/Gia cuoc 17300d) va dong y cho VNPT xu ly du lieu KH theo chinh sach tai https://my.vnpt.com.vn/tinh-nang/chinh-sach-rieng-tu. Tu choi nhan tin, soan TC gui 9345. CSKH: 18001091 (0d)",0,1,1,shortcode,Viễn thông,NONE,real
ViSmish_03944,"Truong DH CNTT thong bao hoc bu mon Thiet ke giao dien nguoi dung(IE106.P11.CNVN) vao thu 4 ngay 04/12/2024, Tiet 1,2,3,4, Phong B1.18. Chi tiet vui long lien he (028) 372 52002 chon 155",0,0,0,brandname,Khác,NONE,real
ViSmish_03945,Thuê bao của Quý khách đang nằm trong khu vực phủ sóng VinaPhone 5G. Quý khách hãy bật 5G trên máy điện thoại để trải nghiệm VinaPhone 5G siêu tốc độ. Mời Quý khách tham khảo cách bật 5G tại https://vnpt.com.vn/tu-van/cach-kich-hoat-5g-vinaphone.html . Trân trọng cảm ơn Quý khách đã đồng hành cùng VinaPhone. CSKH: 18001091 (0đ).,0,1,1,brandname,Khác,NONE,real
ViSmish_03946,Thế mà ck mình lương 5tr cứ đòi lấy thêm vk nữa :)),0,0,0,personal_number,P2P hard negative,NONE,external_curated
ViSmish_03947,chỉ muốn nói bằng mọi giá sẽ lo cho gia đình vk con một cuộc sống mở mắt ra là có người nt đòi nợ,0,0,0,personal_number,P2P hard negative,NONE,external_curated
ViSmish_03948,dkm đ phải riêng t nhé,0,0,0,personal_number,P2P hard negative,NONE,external_curated
ViSmish_03951,"Đăng ký không thành công do Quý khách đang sử dụng gói FB7. Để kiểm tra ưu đãi, soạn KTTK gửi 191. Chi tiết LH 198 (0đ). Trân trọng.",0,0,0,shortcode,Viễn thông,NONE,real
ViSmish_03953,"[TB] CHỈ 20K: GỌI THẢ GA, CHAT MIỄN PHÍ  Soạn Hi20 gửi 191: 20K/30 ngày được miễn phí hoàn toàn data truy cập, gọi điện, nhắn tin qua Zalo, Viber, Mocha và miễn phí nhắn tin qua Whatsapp. Gói cước gia hạn sau 30 ngày CT dành riêng cho Quý khách đến 31/12/2022. Chi tiết LH 198 (0đ).",0,0,0,brandname,Viễn thông,NONE,real
ViSmish_03959,(TB)  Đầu tuần vui vẻ - Nạp thẻ nhận quà!  VinaPhone tặng riêng Quý khách 20% giá trị thẻ nạp HÔM NAY 05/12/2023. Khuyến mại được sử dụng gọi/nhắn tin trong 15 ngày. Ưu đãi hấp dẫn khi nạp thẻ tại https://shop.vnpt.vn/nap-the.html . CSKH: 18001091 (0đ).  VinaPhone - Mạng di động nhanh nhất Việt Nam 2023.,0,1,1,brandname,Viễn thông,NONE,real
ViSmish_03961,NESTLE VN: Ma OTP dung de xac thuc tai khoan cua ban tai https://www.giadinhnestle.com.vn/siu-thuc-tap-sinh la 6591. Ma co hieu luc trong 60 giay.,0,1,0,brandname,Tin nhắn cá nhân và OTP,NONE,real
ViSmish_03962,"[TB] Thành phố Hồ Chí Minh triển khai Chương trình Mùa mua sắm ""Shopping Season"" - Rộn ràng mua sắm mùa Xuân, khuyến mại lên đến 100%, từ ngày 15/11/2022 đến ngày 31/12/2022. Thông tin chi tiết chương trình vui lòng truy cập tại https://bit.ly/HCMCShoppingSeason.",0,1,0,brandname,Dịch vụ công thật,NONE,real
ViSmish_03963,"[TB] TUẦN LỄ VÀNG SINH NHẬT VIETTEL Nhận ngay gói ưu đãi khủng V120Z chỉ với 90.000đ/30 ngày: Có 120GB (4GB/ngày), miễn phí gọi điện. Tham gia, soạn V120Z gửi 191. Chi tiết gói cước tại https://www.myvt.vn/v120z . CT dành riêng cho Quý khách đến hết ngày 14/06. LH 198 (0đ).",0,1,0,brandname,Viễn thông,NONE,real
ViSmish_03966,(VINAPHONE PLUS TB) Diem tich luy cua Hoi vien den thang 01/2023 la 46 diem VinaPhone Plus. Chi tiet truy cap https://vinaphoneplus.com.vn hoac goi 18001091. Tran trong cam on!,0,1,1,brandname,Khác,NONE,real
ViSmish_03967,"TKC cua Quy Khach sap het. De duoc ung goi 3(10 PHUT THOAI/Gia cuoc 17300d), soan 3 gui 9345. Tu choi nhan tin, soan TC gui 9345.",0,0,0,shortcode,Viễn thông,NONE,real
ViSmish_03968,"[QC] GỌI ĐIỆN KHÔNG GIỚI HẠN đến 01 số thuê bao Viettel bất kỳ từ ứng dụng Mocha ngay cả khi người nhận không có kết nối internet. Để đăng ký, soạn LU gửi 5005. Phí dịch vụ 5.000đ/7 ngày, gia hạn sau 7 ngày. Chi tiết gọi 198 (0đ). Từ chối QC, soạn TC4 gửi 199.",0,0,0,brandname,Quảng cáo hợp lệ,NONE,real
ViSmish_03970,"Dang ky thanh cong goi D3 (15.000d/3GB mien phi luu luong truy cap MyTV). Hieu luc su dung den 21:44 30/11/2022. Goi cuoc gia han tu dong. Kiem tra dung luong, soan DATAKM gui 888. De huy, soan HUY D3 gui 888. CSKH 18001091",0,0,1,shortcode,Viễn thông,NONE,real
ViSmish_03975,"Doi thanh cong 1.000 diem tieu dung Viettel++ thanh 100 MB Data. Han su dung truoc 19/05/2025. Tong diem tieu dung con lai trong tai khoan Viettel++ cua Quy khach la 697 diem. De kiem tra lich su doi diem va lua chon uu dai hap dan khac, vui long truy cap https://vietteltelecom.vn/vtplus. Tran trong.",0,1,0,brandname,Viễn thông,NONE,real
ViSmish_03977,"bố mẹ bảo học ngân hàng sau về có người dìu dắt từng bước, chỉ cần đi theo thôi hong chịu, nhất nhất đòi học truyền thông báo chí :))",0,0,0,personal_number,P2P hard negative,NONE,external_curated
ViSmish_03979,Trường mình thì kêu tắt cno còn lườm cho,0,0,0,personal_number,P2P hard negative,NONE,external_curated
ViSmish_03984,"(TB) Chủ Nhật Độc Quyền ngập tràn ưu đãi! My VNPT tặng bạn thêm 50% khi Nạp điện thoại VinaPhone cho thuê bao trả trước (khuyến mại được sử dụng gọi/nhắn tin trong 15 ngày), duy nhất 11/05/2025. Áp dụng cho mọi mệnh giá, không giới hạn tại https://my.vnpt.com.vn/adv/napthe50. CSKH: 18001091 nhánh 3 (0đ). Trân trọng!",0,1,1,brandname,Viễn thông,NONE,real
ViSmish_03985,"Hên quá, mình lương 3tr5, mình về đấp chăn ngủ khoẻ luôn",0,0,0,personal_number,P2P hard negative,NONE,external_curated
ViSmish_03986,"Viettel TB: Quy khach da su dung het luu luong cua goi ST5K va tiep tuc truy cap theo goi Mobile Internet dang su dung (neu co). De mua them luu luong, truy cap My Viettel tai https://myvt.page.link/6 . Chi tiet LH 198 (0d). Tran trong.",0,1,0,shortcode,Viễn thông,NONE,real
ViSmish_03987,trua mai e hay toi q chi nha .Chieu nay ban ve chi moi lua vai r mah đem cho e lam luon cho c ne,0,0,0,personal_number,Tin nhắn cá nhân và OTP,NONE,real
ViSmish_03988,:))) quay xe học Y Đa Khoa với cái nết này thì hổng được,0,0,0,personal_number,P2P hard negative,NONE,external_curated
ViSmish_03991,"[UNG TIEN AIRTIME] Tai khoan chinh cua Quy Khach sap het. Soan A hoac Y gui 1357 de duoc ung 40000d, GIA CUOC 0 DONG vao tai khoan Airtime (su dung thoai va sms) va dong y cho VNPT xu ly du lieu KH theo chinh sach tai https://my.vnpt.com.vn/tinh-nang/chinh-sach-rieng-tu. Hieu luc su dung tai khoan Airtime la 1400 phut. So tien da ung 40000d se duoc tru vao TKC. Chi tiet LH 18001091 (mien phi).",0,1,1,brandname,Viễn thông,NONE,real
ViSmish_03995,"nhưng, nhưng sau vài vụ vậy thì dẹp mịe bạn bè cc t lo thân t trước rồi vui chơi sau",0,0,0,personal_number,P2P hard negative,NONE,external_curated
ViSmish_03999,"(TB) Bạn được tặng 300 ĐIỂM VINAPHONEPLUS khi phát sinh giao dịch trên MyVNPT! Điểm dùng để đổi data MIỄN PHÍ, thoại hoặc săn kho voucher, các quà tặng hot...! Chương trình áp dụng đến hết 31/12/2025, thời hạn điểm 3 tháng. Chi tiết CTKM tại https://my.vnpt.com.vn/Bancuquaylai. CSKH 18001091 (0đ). Trân trọng!",0,1,1,brandname,Khác,NONE,real
ViSmish_04001,"Ban co the qua NAP DIEN THOAI MIEN PHI 10.000D trong MoMo, het han 30/4. Mo Vi > UU DAI > QUA CUA TOI dung ngay!",0,0,0,brandname,Khác,NONE,real
ViSmish_04004,ra trường đi làm chạy content ngày 5 10 cái deadline đc trả 200k xong chấm nước mắt bằng cái bảng lương trung bình thấp nhất 30tr/tháng của nhân viên ngân hàng,0,0,0,personal_number,P2P hard negative,NONE,external_curated
ViSmish_04006,"(QC) TẶNG 1GB MIỄN PHÍ KHI TẠO TÀI KHOẢN TRÊN MY VIETTEL. Mời Quý khách tải ứng dụng và tạo tài khoản, đăng nhập vào My Viettel ngay tại https://myvt.page.link/welcome. Ứng dụng có nhiều tính năng hỗ trợ Khách hàng như tra cứu cước, thanh toán cước, đăng ký gói data và nhiều khuyến mại dành riêng cho Quý khách. Ưu đãi data được cộng trong 48h, sử dụng trong 7 ngày. Chi tiết LH 198 (0đ). Từ chối QC, soạn TC3 gửi 199.",0,1,0,brandname,Quảng cáo hợp lệ,NONE,real
ViSmish_04008,"Xong cái bà hỏi sao h lớn lên m xấu như này, nét ngày xưa đi đâu hết rồi, sao m càng lớn càng xú à  Khóc vaizz",0,0,0,personal_number,P2P hard negative,NONE,external_curated
ViSmish_04010,2₫ + lại mới được 10 chịu,0,0,0,personal_number,P2P hard negative,NONE,external_curated
ViSmish_04015,Báo CA thôi k cần phốt lgi.,0,0,0,personal_number,P2P hard negative,NONE,external_curated
ViSmish_04018,"(TB) Chào đón năm mới 2024 an toàn, hạnh phúc: Nghiêm cấm tổ chức, cá nhân sử dụng pháo nổ và pháo hoa nổ trái phép. Tổ chức, cá nhân chỉ được sử dụng pháo hoa khi người sử dụng đủ 18 tuổi trở lên, có năng lực hành vi dân sự đầy đủ và sử dụng vào các dịp lễ, tết, sinh nhật, cưới hỏi, hội nghị, khai trương, ngày kỷ niệm và trong hoạt động văn hóa, nghệ thuật; pháo hoa sử dụng phải được mua tại các tổ chức, doanh nghiệp thuộc Bộ Quốc phòng. Các hành vi vi phạm pháp luật về pháo sẽ bị xử lý nghiêm theo quy định của pháp luật.",0,0,0,brandname,Dịch vụ công thật,NONE,real
ViSmish_04022,"Quy khach dang kich hoat dich vu VCB Digibank tren kenh Mobile, ma xac thuc la 128233, hieu luc trong 1 phut. LUU Y KHONG TIET LO MA XAC THUC NAY CHO NGUOI KHAC",0,0,0,brandname,Ngân hàng thật,NONE,real
ViSmish_04027,(TB) DÙNG VINA - LUÔN CÓ QUÀ! VinaPhone mến tặng Quý khách 20% giá trị thẻ nạp vào NGÀY MAI 07/4/2023. Khuyến mại được sử dụng gọi/nhắn tin trong 15 ngày. Quý khách nhận thêm 4% chiết khấu cùng nhiều quà tặng hấp dẫn khi nạp thẻ qua VNPT Money tại https://km.vnptmoney.vn/NgayVang . CSKH: 18001091 (0đ).,0,1,1,brandname,Viễn thông,NONE,real
ViSmish_04028,nhà t mà ăn z rữa chén khoẻ ăn no nghĩ.,0,0,0,personal_number,P2P hard negative,NONE,external_curated
ViSmish_04032,"Khi phát hiện cháy cần bình tĩnh báo cho mọi người xung quanh biết và tìm cách thoát ra các vị trí thông thoáng, an toàn nhanh nhất; tuyệt đối không trú ẩn ở các khu vực khuất kín (nhà vệ sinh, tủ quần áo...), không dùng thang máy để thoát hiểm. Khi di chuyển thoát nạn cần dùng khăn, vải ướt che miệng mũi và hạ thấp cơ thể để tránh hít phải khói khí độc. Khi phải băng qua lửa cần lấy chăn mền ướt chùm kín cơ thể. Mỗi cơ sở, hộ gia đình cần có nhiều phương án, lối thoát nạn an toàn phòng khi có cháy xảy ra.",0,0,0,brandname,Dịch vụ công thật,NONE,real
ViSmish_04033,Hợp lý mà t có thấy Kiên sai chỗ nào đâu.,0,0,0,personal_number,P2P hội thoại thông thường,NONE,external_real
ViSmish_04034,[TB] Dung quen Ban dang co voucher MIEN PHI 5.000d khi nap dien thoai Viettel se HET HAN HOM NAY 21/05/2024. Mo app hoac truy cap https://km.vtmoney.vn/314y/uudai2 de su dung uu dai ngay Ban nhe.,0,1,0,brandname,Khác,NONE,real
ViSmish_04044,"TK ViettelPay 9704...1278 GD -9,000 VND luc 2023-01-09 18:16:56 So du 5,000 VND Phi: -0 VND ND: GD thanh toan 230109193129059 NAP TIEN DIEN THOAI cho Khach hang 0867256447",0,0,1,brandname,Ngân hàng thật,NONE,real
ViSmish_04052,"Quý khách đã đăng ký thành công gói ST7K: 7.000đ/ngày có 1GB sử dụng đến 23:59:59 ngày 26/10/2025. Truy cập https://viettel.vn/kttk để kiểm tra ưu đãi. Gói cước gia hạn theo ngày. Để hủy gia hạn, soạn HUY ST7K gửi 191. Chi tiết LH 198 (0đ). Trân trọng.",0,1,0,shortcode,Viễn thông,NONE,real
ViSmish_04054,"đấy, ló phải như thế",0,0,0,personal_number,P2P hội thoại thông thường,NONE,external_real
ViSmish_04055,"[TB] MUA GÓI DATA - LÊN MẠNG THẢ GA Soạn VM80 gửi 191: 80.000đ/30 ngày có 30GB tốc độ cao (1GB/ngày), thoải mái truy cập Internet. Gói cước gia hạn sau 30 ngày. Chi tiết LH 198 (0đ).",0,0,0,shortcode,Viễn thông,NONE,real
ViSmish_04056,Công nhận cảm giác sạch thiẹt :)),0,0,0,personal_number,P2P hội thoại thông thường,NONE,external_real
ViSmish_04057,"[TB] NẠP THẺ ONLINE - DATA XÀI NGAY! Tặng 20% giá trị tất cả thẻ nạp vào tài khoản viễn thông trong ngày 15/07/2025. Tiền KM sử dụng TRUY CẬP INTERNET trong 15 ngày. CT áp dụng khi nạp thẻ online qua các ví điện tử, ứng dụng thanh toán hoặc tại https://viettel.vn/pay/tt . Chi tiết gọi 197 bấm phím 19 (0đ). Trân trọng.",0,1,0,brandname,Viễn thông,NONE,real
ViSmish_04063,https://www.google.com/search?q=cash288699.com .l.i. x.i. .108. - 188...k. C.T.R.L.,1,1,0,personal_number,Cờ bạc / Betting,Level 3 - Dot/Dash,real
ViSmish_04069,"Hưởng ứng Ngày Pháp luật nước Cộng hòa xã hội chủ nghĩa Việt Nam 09/11, toàn dân nâng cao ý thức tôn trọng, tuân theo Hiến pháp và pháp luật.",0,0,0,brandname,Dịch vụ công thật,NONE,real
ViSmish_04070,LươNg đã thấp mà còn tứ đổ tường nửa thì thôi… gia đình coi như bỏ,0,0,0,personal_number,P2P hard negative,NONE,external_curated
ViSmish_04072,[TB] DEAL SỐC CUỐI NĂM: TẶNG 100% GIÁ TRỊ khi nạp tiền điện thoại trên My Viettel vào ngày 05/12. CT dành riêng cho số thuê bao của Quý khách nạp tiền vào tài khoản viễn thông qua tài khoản ngân hàng/ví điện tử có liên kết trên My Viettel. Tiền KM sử dụng nội mạng trong 15 ngày. Nạp thẻ tại https://myvt.page.link/km100 . Chi tiết LH 198 (0đ). Trân trọng.,0,1,0,brandname,Viễn thông,NONE,real
ViSmish_04076,"Chào A/C em bên tài chính HIMAN Mình may mắn đc hỗ trợ vay với tỉ lệ thông quá cao, giải ngân nhanh Không mất phí, KHÔNG thẩm định người thân và chỉ cần có CCCD/CMND là vay được ạ. LH/ZL hỗ trợ 0746591731. Tele",1,0,1,personal_number,Khác,Level 2 - Leet nặng,real
ViSmish_04078,"Quy khach co 52.493 dong trong tai khoan. Bam goi *098*3# de co 3GB voi 15.000d/3 ngay hoac *098*989# (30.000d/3 ngay) co 15GB (5GB/ngay), mien phi 10 phut/cuoc noi mang, 15 phut ngoai mang, SMS noi mang va TV360. Goi cuoc gia han khi het chu ky. De biet thong tin cac uu dai khac, bam goi *098# hoac truy cap My Viettel tai https://myvt.page.link/goidata . Chi tiet LH 198 (0d). Tran trong.",0,1,0,shortcode,Viễn thông,NONE,real
ViSmish_04083,"(TB) Để phòng ngừa đuối nước cho trẻ em, Bộ Công an khuyến cáo: Trang bị kỹ năng bơi cho trẻ. Khi trẻ tắm, vui chơi cần có người lớn giám sát; mặc áo phao khi đi phương tiện thủy. Lấp các hố sâu, giếng nước không cần thiết. Khi phát hiện người đuối nước phải hô hoán và dùng các vật dụng (cây sào, phao, dây...) để kịp thời cứu nạn; tuyệt đối không nhảy xuống nước cứu người khi không biết bơi. Người lớn cần chủ động trang bị kiến thức về sơ cứu người bị đuối nước.",0,0,0,brandname,Dịch vụ công thật,NONE,real
ViSmish_04084,(TB) VUI TẾT NGUYÊN TIÊU - RINH NHIỀU MAY MẮN! VinaPhone dành riêng ưu đãi cho Quý khách nhận được tin nhắn và nạp tiền vào HÔM NAY 11/02/2025: + Tặng ngay 20% giá trị thẻ nạp. Khuyến mại được sử dụng gọi/nhắn tin trong 15 ngày. + Thêm ưu đãi hời khi nạp thẻ tại https://my.vnpt.com.vn/adv/napthe . CSKH: 18001091 (0đ).,0,1,1,brandname,Viễn thông,NONE,real
ViSmish_04086,"Lương 10 chẹo mà chịu được tính khùng điên của e , thì đc nhá",0,0,0,personal_number,P2P hard negative,NONE,external_curated
ViSmish_04088,G-086117 là mã xác minh Google của bạn.,0,0,0,brandname,Tin nhắn cá nhân và OTP,NONE,real
ViSmish_04090,"Truong DH CNTT thong bao hoc HT2 mon He thong thong tin dia ly 3 chieu(IE402.Q11.1) vao thu 5 ngay 09/10/2025, Tiet 1,2,3, Phong B5.02. Chi tiet vui long lien he (028) 372 52002 chon 155",0,0,0,brandname,Khác,NONE,real
ViSmish_04095,"Quy khach co 10.008 dong trong tai khoan. Bam goi *098*3# de co 3GB voi 15.000d/3 ngay hoac *098*989# (30.000d/3 ngay) co 15GB (5GB/ngay), mien phi 10 phut/cuoc noi mang, 15 phut ngoai mang, SMS noi mang va TV360. Goi cuoc gia han khi het chu ky. De biet thong tin cac uu dai khac, bam goi *098# hoac truy cap https://vietteltelecom.vn/goidata. Chi tiet LH 198 (0d). Tran trong.",0,1,0,shortcode,Viễn thông,NONE,real
ViSmish_04096,"(CSKH) VNPT trân trọng cảm ơn Quý khách đã tin tưởng lựa chọn và đồng hành trong thời gian qua! Với mong muốn “Tri ân gắn kết - Ưu đãi ngập tràn”, VNPT thông báo áp dụng Chính sách mới về tích điểm và xét hạng Hội viên chương trình Khách hàng thân thiết VinaPhone Plus từ 01/01/2025. Để biết thông tin, Quý khách vui lòng truy cập mục ""Chi tiết thể lệ"" tại https://my.vnpt.com.vn/adv/vplus hoặc liên hệ CSKH: 18001091 (0đ).",0,1,1,brandname,Khác,NONE,real
ViSmish_04100,"Ma OTP xac thuc GD la 972501, hieu luc 1 phut. Chi tiet GD:Chuyen khoan nhanh qua so TK,so tien 22,700,000 VND tren kenh Internet cua dich vu VCB Digibank.",0,0,0,brandname,Ngân hàng thật,NONE,real
ViSmish_04101,"Quy khach co 5.378 dong trong tai khoan. Bam goi *098*3# de co 3GB voi 15.000d/3 ngay hoac *098*989# (30.000d/3 ngay) co 15GB (5GB/ngay), mien phi 10 phut/cuoc noi mang, 15 phut ngoai mang, SMS noi mang va TV360. Goi cuoc gia han khi het chu ky. De biet thong tin cac uu dai khac, bam goi *098# hoac truy cap My Viettel tai https://myvt.page.link/goidata . Chi tiet LH 198 (0d). Tran trong.",0,1,0,shortcode,Viễn thông,NONE,real
ViSmish_04102,[TB] Chung một quyết tâm - Hãy hành động vì cộng đồng không ma tuý.,0,0,0,brandname,Dịch vụ công thật,NONE,real
ViSmish_04104,"[TB] Trả sau giá hời - Data, gọi thả ga Gói V120K - Giá 120K/tháng có: - 1,5GB/ngày. - 50p ngoại mạng, miễn phí 20p/cuộc nội mạng.  Gói cước gia hạn theo tháng. CT dành riêng cho Quý khách. LH 18008168 (0đ) để đăng ký.",0,0,1,brandname,Viễn thông,NONE,real
ViSmish_04105,"Viettel TB: Gói ST7K đã kết thúc. Để biết các ưu đãi khác, truy cập https://viettel.vn/goidata hoặc bấm gọi *098#. Chi tiết LH 198 (0đ). Trân trọng.",0,1,0,shortcode,Viễn thông,NONE,real
ViSmish_04107,đâu phải tự nhiên mà đi ăn với Gucci đc,0,0,0,personal_number,P2P hard negative,NONE,external_curated
ViSmish_04119,"[TB] NẠP THẺ ONLINE - DATA XÀI NGAY! Tặng 20% giá trị tất cả thẻ nạp vào tài khoản viễn thông trong ngày 15/02/2025. Tiền KM sử dụng TRUY CẬP INTERNET trong 15 ngày. CT áp dụng khi nạp thẻ online qua các ví điện tử, ứng dụng thanh toán hoặc tại https://km.vtmoney.vn/314y/kmdaitra. Chi tiết gọi 197 bấm phím 19 (0đ). Trân trọng.",0,1,0,brandname,Viễn thông,NONE,real
ViSmish_04121,"[TB] NẠP THẺ TẶNG TIỀN - DÙNG LIỀN DATA! Tặng 20% giá trị tất cả thẻ nạp vào tài khoản viễn thông trong ngày 10/09/2024. Tiền KM sử dụng truy cập Internet trong 15 ngày. Nạp thẻ online tại các ví điện tử, ứng dụng thanh toán hoặc tại https://viettel.vn/naptienkm . Chi tiết gọi 197 bấm phím 19 (0đ). Trân trọng.",0,1,0,brandname,Viễn thông,NONE,real
ViSmish_04122,"[QC] Cơ hội TRÚNG XE MÁY HONDA SH 125i PHIÊN BẢN THỂ THAO khi hòa mạng Internet Viettel và đóng trước cước từ 6 tháng trở lên, cước thuê bao chỉ từ 220.000đ/tháng. LH 18008168 (0đ) để được tư vấn gói cước và phí hòa mạng. CT áp dụng từ 1/10 - 31/12/2025 tại TP. Hồ Chí Minh. Từ chối QC, soạn TC3 gửi 199.",0,0,1,brandname,Quảng cáo hợp lệ,NONE,real
ViSmish_04125,Ngta thì bắt con cái kết hôn còn nhà mình thì ngược lại,0,0,0,personal_number,P2P hội thoại thông thường,NONE,external_real
ViSmish_04127,"[TB] Nap lien tay, Khuyen mai ngay. Tang 30% gia tri tat ca the nap trong ngay 18/08/2025 (20% de truy cap Internet, 10% de goi va nhan tin noi mang), uu dai su dung trong 15 ngay. CT danh rieng cho Quy khach khi nap the online tai cac vi dien tu, ung dung thanh toan hoac tai https://viettel.vn/naptienkm . LH 198 (0d).",0,1,0,brandname,Viễn thông,NONE,real
ViSmish_04129,lớn rồi gọi đồ dùm cho mẹ yêu luôn,0,0,0,personal_number,P2P hội thoại thông thường,NONE,external_real
ViSmish_04133,Th0ng ba0: BIDV nang cap he thong. Vui l0ng dang nhap https://b0dv.xyz va nang cap. Neu kh0ng tai khoan se bi kh0a. aabd,1,1,0,brandname,Giả mạo ngân hàng,Level 2 - Leet nặng,real
ViSmish_04138,"[TB] Deal siêu hời, chốt lời siêu tốc Soạn V120Z gửi 191: Chỉ còn 65K/30 ngày (giá gốc 90K) có 120GB (4GB/ngày), miễn phí gọi điện. Gói cước gia hạn sau 30 ngày với giá gốc. Chi tiết gói cước truy cập https://viettel.vn/s/v120Z .  CT áp dụng với lần đăng ký đầu tiên đến hết 16/06/2022 cho TB của cho Quý khách. LH 198 (0đ).",0,1,0,brandname,Viễn thông,NONE,real
ViSmish_04141,"(CANH BAO) Vietcombank KHONG GUI TIN NHAN SMS dinh kem duong link yeu cau Quy khach cung cap ten dang nhap/mat khau dich vu/OTP. Neu Quy khach muon KICH HOAT LAI DV VCB DIGIBANK TREN THIET BI MOI, vui long soan tin nhan VCB YES GUPB40 gui 6167 trong 2 phut. Neu khong phai Quy khach, dung nhan tin va lien he 1900545413",0,0,1,shortcode,Ngân hàng thật,NONE,real
ViSmish_04145,G-050660 là mã xác minh Google của bạn. Đừng chia sẻ với bất kỳ ai.,0,0,0,brandname,Tin nhắn cá nhân và OTP,NONE,real
ViSmish_04148,TK ViettelPay 9704...1278 GD +10.000 VND luc 2024-11-28 16:50:27 So du 13.372 VND ND: 241128195224961 QUATANGVOUCHER 241128195224961 84867256447,0,0,1,brandname,Ngân hàng thật,NONE,real
ViSmish_04150,Quy khach khong con giao dich chua thanh toan tu DV Airtime qua dau so 9118. Chi tiet LH 18008098 (mien phi).,0,0,1,shortcode,Viễn thông,NONE,real
ViSmish_04152,Your verification code is 764099 Thank you,0,0,0,brandname,Tin nhắn cá nhân và OTP,NONE,real
ViSmish_04153,"b.ọ.n đàn ông ngoại tình n.g.u n.g.ố.c v s tr, con nhỏ đó lm mấy cái hành động mắc ó.i v mà cũng yêu đc.",0,0,0,personal_number,P2P hội thoại thông thường,NONE,external_real
ViSmish_04154,"[QC] NẠP THẺ LIỀN TAY, NHẬN NGAY QUÀ KHỦNG 1.Thẻ mệnh giá dưới 50.000đ, tặng 6GB/3 ngày: 3GB trên các hạ tầng (ST15K)+3GB trên 4G 2.Thẻ mệnh giá từ 50.000đ trở lên, tặng 14GB/7 ngày: 7GB trên các hạ tầng (ST30K)+7GB trên 4G CT áp dụng với THẺ NẠP ĐẦU TIÊN trong ngày 15/03 cho TB của Quý khách. LH 198 (0đ). Từ chối QC, soạn TC1 gửi 199",0,0,0,brandname,Quảng cáo hợp lệ,NONE,real
ViSmish_04161,"Quy khach duoc cong them 4 diem Viettel++ boi giao dich Tieu dung vien thong thang 01/2023. Thoi han su dung diem den 29/02/2024. Hay truy cap https://myvt.page.link/vtplus tren My Viettel hoac *098# de doi diem sang Data, SMS, Phut goi cung nhieu uu dai gia tri khac. Chi tiet LH 198. Tran trong.",0,1,0,brandname,Khác,NONE,real
ViSmish_04164,"[TB] NẠP THẺ TẶNG TIỀN - DÙNG LIỀN DATA! Tặng 20% giá trị tất cả thẻ nạp vào tài khoản viễn thông trong ngày 25/09/2024. Tiền KM sử dụng truy cập Internet trong 15 ngày. Nạp thẻ online tại các ví điện tử, ứng dụng thanh toán hoặc tại https://viettel.vn/naptienkm . Chi tiết gọi 197 bấm phím 19 (0đ). Trân trọng.",0,1,0,brandname,Viễn thông,NONE,real
ViSmish_04171,Ai muốn xét nghiệm để phát hiện ung thư sớm liên hệ e nhé.,0,0,0,personal_number,P2P hard negative,NONE,external_curated
ViSmish_04175,"[TB] CHUNG TAY CHONG DICH VA CHIA SE KHO KHAN voi Khach hang tai cac khu vuc bi anh huong boi Covid-19, Viettel kinh tang Quy khach 50 phut goi noi mang su dung trong 30 ngay. Bam goi *102# de kiem tra uu dai. Kinh chuc Quy khach suc khoe va binh an. Chi tiet LH 198 (0d). Tran trong!",0,0,0,brandname,Viễn thông,NONE,real
ViSmish_04176,"Quy khach duoc cong them 92 diem Viettel++ boi giao dich Tieu dung vien thong thang 01/2021. Thoi han su dung diem den 28/02/2022. Hay truy cap https://myvt.page.link/vtplus tren My Viettel hoac *098# de doi diem sang Data, SMS, Phut goi cung nhieu uu dai gia tri khac. Chi tiet LH 198. Tran trong.",0,1,0,brandname,Khác,NONE,real
ViSmish_04178,"(TB) Đừng bỏ quên ưu đãi VinaPhone dành riêng cho Quý khách nhận được tin nhắn và nạp thẻ trong HÔM NAY 16/9/2025, có ngay: + 20% giá trị thẻ nạp. Khuyến mại được sử dụng gọi/nhắn tin trong 15 ngày. + Thêm ưu đãi hời khi nạp tại https://my.vnpt.com.vn/adv/napthe . CSKH: 18001091 (0đ).",0,1,1,brandname,Viễn thông,NONE,real
ViSmish_04181,"Viettel TB: Gói FB7 đã kết thúc. Để biết các ưu đãi khác, truy cập https://viettel.vn/goidata hoặc bấm gọi *098#. Chi tiết LH 198 (0đ). Trân trọng.",0,1,0,shortcode,Viễn thông,NONE,real
ViSmish_04182,"XÀI THOẢI MÁI – HOÀN TIỀN HẾT Ý.  Vietnamobile tri ân Quý Khách đã đồng hành. Khi Quý Khách gọi, nhắn tin hoặc dùng data nhiều hơn tháng trước sẽ được hoàn tiền tương ứng vào đầu tháng sau. Tiền thưởng cộng vào TKKM, hiệu lực 7 ngày và áp dụng 1 lần/tháng. CTLH 0922789789 (0d).",0,0,1,brandname,Khác,NONE,real
ViSmish_04186,"[TB] BINH THUONG MOI - UU DAI MOI: Tang 50% gia tri tat ca the nap trong ngay 05/10/2021, tien KM su dung goi va nhan tin noi mang trong 15 ngay. Truy cap https://vt.viettelpay.vn/bgg4 de nap the online. CT ap dung cho TB nhan tin nhan. LH 198 (0d).  Chuc Quy khach suc khoe, an toan.",0,1,0,brandname,Viễn thông,NONE,real
ViSmish_04192,"[TB] NẠP THẺ TẶNG TIỀN - DÙNG LIỀN DATA! Tặng 20% giá trị tất cả thẻ nạp vào tài khoản viễn thông trong ngày 25/05/2024. Tiền KM sử dụng truy cập Internet trong 15 ngày. Nạp thẻ online tại các ví điện tử, ứng dụng thanh toán hoặc tại https://vtmoney.onelink.me/314y/km3 . Chi tiết gọi 197 bấm phím 19 (0đ). Trân trọng.",0,1,0,brandname,Viễn thông,NONE,real
ViSmish_04196,có hướng nội khum? Có thì mai tui ib mượn xiền,0,0,0,personal_number,P2P hard negative,NONE,external_curated
ViSmish_04199,"[QC] NẠP THẺ LIỀN TAY, NHẬN NGAY QUÀ KHỦNG 1.Thẻ mệnh giá dưới 50.000đ, tặng 6GB/3 ngày: 3GB trên các hạ tầng (ST15K)+3GB trên 4G 2.Thẻ mệnh giá từ 50.000đ trở lên, tặng 14GB/7 ngày: 7GB trên các hạ tầng (ST30K)+7GB trên 4G CT áp dụng với THẺ NẠP ĐẦU TIÊN trong ngày 15/05 cho TB của Quý khách. LH 198 (0đ). Từ chối QC, soạn TC1 gửi 199",0,0,0,brandname,Quảng cáo hợp lệ,NONE,real
ViSmish_04203,"THPT N C Tru: Sang nay (31/10),HS K.11 kiem tra mon Toan (90p). Cac em co mat luc 9g00 de du kiem tra. Chuc cac em lam bai that tot!",0,0,0,brandname,Khác,NONE,real
ViSmish_04205,[TB] Giảm 3% giá trị thanh toán và TẶNG NGAY 20K khi nạp thẻ từ 20K vào tài khoản viễn thông cho TB trả trước qua tài khoản ngân hàng hoặc tài khoản Viettelpay liên kết trên My Viettel vào Chủ nhật ngày 13/03/2022. Tiền KM 20K sử dụng nội mạng trong 15 ngày. Nạp tiền tại https://myvt.page.link/naptiencn . LH 198 (0đ). Trân trọng!,0,1,0,brandname,Viễn thông,NONE,real
ViSmish_04208,"Quý khách đã đăng ký thành công gói KS8: 8.000đ có 1,2GB sử dụng đến 23:59:59 ngày 25/11/2025. Truy cập https://viettel.vn/kttk để kiểm tra ưu đãi. Soạn HUY KS8 gửi 191 để hủy gói cước. Chi tiết LH 198 (0đ). Trân trọng.",0,1,0,shortcode,Viễn thông,NONE,real
ViSmish_04210,4 tháng thì cho ăn bún đậu mắm tôm r chở đi thi đại học luôn dc rồi,0,0,0,personal_number,P2P hội thoại thông thường,NONE,external_real
ViSmish_04212,"Chào bạn Trần Nguyễn Nam Hải, ĐH FPT trân trọng thông báo: Để có cơ hội trúng tuyển đợt 1 năm 2022 thí sinh cần Đăng ký ""FPT"" là nguyện vọng xét tuyển trên hệ thống hỗ trợ tuyển sinh chung của Bộ GD&ĐT. Hotline hỗ trợ tư vấn: 02873005588 hoặc cán bộ tư vấn Trần Thị Linh Huệ (huettl@fe.edu.vn)",0,0,1,brandname,Khác,NONE,real
ViSmish_04217,"Xin chào, tôi là nhà cung cấp của trang web eBay. Tôi đang chạy dịch vụ tăng doanh số sản phẩm trên trang web eBay, bạn có muốn trở thành đối tác không? Với một giờ mỗi ngày, bạn có thể kiếm được 100.000 đến 1.000.000 VND. Không có phí thành viên hoặc tiền đặt cọc, không giới hạn giới tính, 25-60 tuổi, tiền lương trả theo ngày. Nếu bạn quan tâm, xin vui lòng liên hệ với tôi trên Zalo: https://zalo.me/0335364535",1,1,0,personal_number,Tuyển dụng giả,Level 0 - Formal,real
ViSmish_04219,(TB) VinaPhone tặng bạn NGÀY VÀNG ƯU ĐÃI 20% khi nạp tiền vào hôm nay 22/7. NHẬN THÊM 4% chiết khấu và nhiều quà tặng hấp dẫn khi nạp qua VNPT Money tại https://km.vnptmoney.vn/NgayVang CSKH 18001091 (#3).,0,1,1,brandname,Viễn thông,NONE,real
ViSmish_04220,YH 888b - tang tan thu code 60K trai nghiem ( H6Y1Y1907T39X) choi thang rut ngay. Nap dau tang them 100% cuc hot. jOeR5Rv.Gezne.de i7V,1,0,0,personal_number,Cờ bạc / Betting,Level 1 - Leet nhẹ,real
ViSmish_04229,từ từ xem có thay đổi ko?,0,0,0,personal_number,P2P hội thoại thông thường,NONE,external_real
ViSmish_04230,Mã xác thực Claude của bạn là: 119732,0,0,0,brandname,Tin nhắn cá nhân và OTP,NONE,real
ViSmish_04231,"Mã xác nhận để quý khách cung cấp xếp hạng tín nhiệm với TPBank là 601730. Việc cung cấp mã OTP cho TPBank được hiểu rằng Quý khách đã đồng ý cho phép TPBank, các công ty viễn thông và công ty công nghệ sử dụng và cung cấp thông tin của quý khách cho TPBank để phục vụ hoạt động cung cấp dịch vụ cho Quý khách. Trân trọng cảm ơn!",0,0,0,brandname,Ngân hàng thật,NONE,real
ViSmish_04233,"10tr thì đủ tiêu thôi chứ có việc gì thì khóc thét, chính vì nghĩ đến tương lai nhiều cái phải lo lắng mà vẫn chấp nhận dừng ở 10tr mới bị ng khác cho là an phận đấy",0,0,0,personal_number,P2P hard negative,NONE,external_curated
ViSmish_04234,"[TB] NÂNG CẤP ĐIỆN THOẠI - NHẬN ƯU ĐÃI 5G. Tặng 15GB data trải nghiệm trên hạ tầng 5G trong 15 ngày (1GB/ngày) khi Quý khách nâng cấp lên điện thoại 5G. Để nhận ưu đãi, sử dụng máy 5G và soạn 5G gửi 191. Chương trình áp dụng 1 lần đến hết ngày 30/11/2025, dành riêng cho Quý khách. Chi tiết LH 198 (0đ).",0,0,0,brandname,Viễn thông,NONE,real
ViSmish_04235,Nên là t toàn chuyển khoản.,0,0,0,personal_number,P2P hard negative,NONE,external_curated
ViSmish_04237,"VIET UC - Duy nhat 30 suat lien thong lay bang CU NHAN Dai Hoc Kinh Te TPHCM (UEH), dieu kien: TN THPT, khai giang 10/8/2022. LH 0836286786.",0,0,1,brandname,Khác,NONE,real
ViSmish_04239,Gọi lại liền cho ba nhé,0,0,0,personal_number,Tin nhắn cá nhân và OTP,NONE,real
ViSmish_04242,(TB) TƯNG BỪNG MỪNG ĐẠI LỄ! VinaPhone tặng 20% giá trị thẻ nạp vào NGÀY MAI 01/5/2025. Khuyến mại được sử dụng gọi/nhắn tin trong 15 ngày. Thêm ưu đãi khi nạp tại: https://my.vnpt.com.vn/adv/napthe . CSKH: 18001091 (0đ).,0,1,1,brandname,Viễn thông,NONE,real
ViSmish_04247,"Bộ giao thông vận tải,xin thông báo ông/bà có biên lai chưa nộp phạt.Hôm nay là thông báo cuối cùng.Yêu cầu nhanh chóng giải quyết mọi thắc mắc Vui lòng liên hệ : 0782320830",1,0,1,brandname,Dịch vụ công giả,Level 0 - Formal,real
ViSmish_04249,"dạo này mình mơi dạy, khó khăn hơn mình nghĩ và cũng thấy khá là thú vị hehe (có 55k thôi nhưng cũng dc ròi)",0,0,0,personal_number,P2P hard negative,NONE,external_curated
ViSmish_04257,"EVNHCMC TB TIEN DIEN T2/22 KH PE13000146339 LA 478,449 VND VUI LONG T.TOAN TRUOC 22/02/2022 LH 1900545454",0,0,1,brandname,Dịch vụ công thật,NONE,real
ViSmish_04259,"[TB] KHUYẾN MẠI NGÀY VÀNG!  Tặng 20% giá trị TẤT CẢ THẺ NẠP trong hôm nay 01/02, tiền KM sử dụng gọi, nhắn tin nội mạng trong 15 ngày. Nạp thẻ online tai https://viettel.vn/pay/tt . CT dành riêng cho Qúy khách. LH 198 (0đ).",0,1,0,brandname,Viễn thông,NONE,real
ViSmish_04266,"Tang ngay 10.000 VND khi dang ky thanh cong Mobile Money - Uu dai chi danh rieng cho khach hang ViettelPay. Trai nghiem ngay cac uu dai tu Viettel Money: Hoan den 30% khi mua data Viettel, hoan den 10% khi nap dien thoai va hang ngan uu dai khi thanh toan bang tai khoan Mobile Money. Dung bo lo co hoi tuyet voi va trai nghiem ngay nao. Chi tiet tai https://km.vtmoney.vn/314y/chaobanmoi",0,1,0,brandname,Khác,NONE,real
ViSmish_04268,đớn đau quằn quại nh.mà cố trụ trong ngôi trường mình đã chọn,0,0,0,personal_number,P2P hội thoại thông thường,NONE,external_real
ViSmish_04272,"(CSKH) Chào năm mới 2024, VinaPhone kính chúc Quý khách và Gia đình MẠNH KHỎE - HẠNH PHÚC – BÌNH AN! Trân trọng cảm ơn Quý khách đã tin tưởng đồng hành cùng VinaPhone! https://vnpt.com.vn/nammoi2024",0,1,0,brandname,Khác,NONE,real
ViSmish_04273,"[TB] Hien nay, thu doan lua dao tren mang rat tinh vi va phuc tap. Theo Quyet dinh 2345/QD-NHNN cua Ngan hang Nha nuoc, Quy khach can xac thuc tai khoan ngay de nang cao bao mat. Xac thuc ngay tai: https://km.vtmoney.vn/314y/sinhtrachoc hoac lien he 18009000 (0d) de nhan duoc ho tro.",0,1,1,brandname,Ngân hàng thật,NONE,real
ViSmish_04275,chữa lành đâu ko thí chứ thấy tiệt dọng cmnr,0,0,0,personal_number,P2P hard negative,NONE,external_curated
ViSmish_04277,lương bạn nam 10tr mà lương bạn nữ chưa tới con số đó thì cũng k nên dè bỉu,0,0,0,personal_number,P2P hard negative,NONE,external_curated
ViSmish_04278,"Truong DH CNTT thong bao hoc HT2 mon May hoc(CS114.O21.1) vao thu 2 ngay 25/03/2024, Tiet 10, Phong C214. Chi tiet vui long lien he (028) 372 52002 chon 155",0,0,0,brandname,Khác,NONE,real
ViSmish_04279,(TB) BẤT NGỜ CUỐI TUẦN! VinaPhone tặng Quý khách 50% khi nạp tiền DUY NHẤT bằng hình thức trực tiếp trên ứng dụng My VNPT (tại: https://my.vnpt.com.vn/adv/napdt ) trong hôm nay 23/03/2025. Khuyến mãi được sử dụng gọi và nhắn tin trong 15 ngày. CSKH:18001091 (0đ).,0,1,1,brandname,Viễn thông,NONE,real
ViSmish_04286,"Nhà cô là các e còn bé cũng đã ko đc bới đồ ăn lên rồi, cơ mà chả lẽ ny ko biết mình ko ăn đc thịt mỡ???",0,0,0,personal_number,P2P hội thoại thông thường,NONE,external_real
ViSmish_04288,"874754 la ma xac thuc OTP tren MyVNPT cua Quy khach. Ma co hieu luc trong 2 phut. De dam bao an toan, Quy khach vui long khong chia se ma nay voi bat ky ai.",0,0,0,brandname,Tin nhắn cá nhân và OTP,NONE,real
ViSmish_04291,"Cam on Quy KH PE13000146339 da thanh toan so tien dien thang 12/2021, so tien 529,357d. LH 1900545454",0,0,1,brandname,Dịch vụ công thật,NONE,real
ViSmish_04292,"Quy khach co 26.294 dong trong tai khoan. Bam goi *098*3# de co 3GB voi 15.000d/3 ngay hoac *098*989# (30.000d/3 ngay) co 15GB (5GB/ngay), mien phi 10 phut/cuoc noi mang, 15 phut ngoai mang, SMS noi mang va TV360. Goi cuoc gia han khi het chu ky. De biet thong tin cac uu dai khac, bam goi *098# hoac truy cap My Viettel tai https://myvt.page.link/goidata . Chi tiet LH 198 (0d). Tran trong.",0,1,0,shortcode,Viễn thông,NONE,real
ViSmish_04293,Chung toi phat hien tai khoan cua ban dang tieu dung o nuoc ngoai. Neu khong phai ban dang tieu dung vui long nhap vao https://pv-bank.com de huy thanh toan,1,1,0,brandname,Giả mạo ngân hàng,Level 0 - Formal,real
ViSmish_04295,tiếng a trong tầm tay,0,0,0,personal_number,P2P hội thoại thông thường,NONE,external_real
ViSmish_04300,G-212007 is your Google verification code.,0,0,0,brandname,Tin nhắn cá nhân và OTP,NONE,real
ViSmish_04303,"[TB] Quý khách đã được tặng 2300 điểm Viettel++ để đổi sang data, phút gọi, SMS và nhiều ưu đãi mua sắm khác. Để đổi điểm, truy cập My Viettel (https://myvt.page.link/vtplus) hoặc bấm gọi *098#. LH 198 (0đ).",0,1,0,shortcode,Khác,NONE,real
ViSmish_04304,Đúng mà quê k nói chứ ở tpho 10 triệu khó sống khó thôi chứ k phải k sống đc như con mình 2 đứa tháng nguyên tiền học cứ phải độ ngót 7tr chưa kể sữa 1 tuần 2 thùng bỉm nữa ăn uống chi tiêu cả gia đình nguyên tiền điện mùa hè này độ 2 tr rồi nói chung 10tr khó,0,0,0,personal_number,P2P hard negative,NONE,external_curated
ViSmish_04306,(TB) QUÀ TẶNG THÁNG TƯ - ĐỪNG BỎ LỠ! VinaPhone dành tặng riêng Quý khách 20% giá trị thẻ nạp vào HÔM NAY 04/4/2023. Khuyến mại được sử dụng gọi/nhắn tin trong 15 ngày. Quý khách nhận thêm 4% chiết khấu cùng nhiều quà tặng hấp dẫn khi nạp thẻ qua VNPT Money tại https://km.vnptmoney.vn/NgayVang . CSKH: 18001091 (0đ).,0,1,1,brandname,Viễn thông,NONE,real
ViSmish_04310,"[TB] Tien ich Loi nhan thoai cua Viettel: Quy khach co loi nhan tu TB 0367763642 vao luc 10:06 15/09/2025. Voi noi dung: Alo ạ. Mà sao nó không được nó lại bắt về hả?. De nghe loi nhan thoai, vui long bam goi 106231 (mien phi).",0,0,1,shortcode,Viễn thông,NONE,real
ViSmish_04315,Đòi được xong bảo t xin nhá cảm ơn đã giả,0,0,0,personal_number,P2P hội thoại thông thường,NONE,external_real
ViSmish_04325,BAN-da du d!euÜk!en NHANÜT!EN ho-tro tu quy-BHTN.€Bam vao> m.oxmqhu.com de Iay. ‘QUA’-HAN-SE-KH0NG DU0C CHAP-NHAN!,1,1,0,personal_number,BHXH / Trợ cấp giả,Level 2 - Leet nặng,real
ViSmish_04327,"[TB] Nap lien tay, Khuyen mai ngay. Tang 20% gia tri tat ca the nap vao tai khoan vien thong trong ngay 08/11/2025. Tien KM su dung truy cap Internet trong 15 ngay. Nap the online tai cac vi dien tu, ung dung thanh toan hoac tai https://viettel.vn/naptienkm . CT ap dung cho thue bao nhan duoc tin nhan. LH 198 (0d).",0,1,0,brandname,Viễn thông,NONE,real
ViSmish_04328,"[TB] NẠP THẺ ONLINE - DATA XÀI NGAY! Tặng 20% giá trị tất cả thẻ nạp vào tài khoản viễn thông trong ngày 15/08/2025. Tiền KM sử dụng TRUY CẬP INTERNET trong 15 ngày. CT áp dụng khi nạp thẻ online qua các ví điện tử, ứng dụng thanh toán hoặc tại https://viettel.vn/pay/tt . Chi tiết gọi 198, bấm phím 8 (0đ). Trân trọng.",0,1,0,brandname,Viễn thông,NONE,real
ViSmish_04332,"[TB] VIETTEL KHUYEN MAI - CHIA SE KHO KHAN Tang 20% gia tri tat ca the nap trong ngay 25/09/2021, tien KM su dung noi mang trong 15 ngay.  Truy cap https://myvt.page.link/caidatmyvt de nap the online. LH 198 (0d) de dat mua the cao. CT ap dung cho TB nhan duoc tin nhan. Chuc Quy khach suc khoe, an toan.",0,1,0,brandname,Viễn thông,NONE,real
ViSmish_04338,[TB] Bi quyet choi game Tet Rong tren Viettel Money: Mua data se giup ban co 5 vat pham Tet va dung quen doi nhung phan qua vo cung gia tri nhe Ban. Mo app hoac truy cap https://km.vtmoney.vn/314y/tet2024 de biet them thong tin chi tiet.,0,1,0,brandname,Khác,NONE,real
ViSmish_04341,nhìn xem đay là 1 hay 2ng vậy pà con,0,0,0,personal_number,P2P hội thoại thông thường,NONE,external_real
ViSmish_04342,"(TB) Lâu rồi bạn chưa ghé My VNPT! Tặng bạn 300 ĐIỂM VINAPHONEPLUS khi phát sinh giao dịch trên My VNPT! Điểm dùng để đổi Data & Thoại MIỄN PHÍ hoặc săn voucher, quà tặng hot! Chương trình áp dụng đến 31/12/2025, thời hạn điểm 3 tháng. Chi tiết CTKM tại https://my.vnpt.com.vn/adv/bancu. CSKH 18001091 (0đ). Trân trọng!",0,1,1,brandname,Khác,NONE,real
ViSmish_04343,"[QC] Ưu đãi Data, phút gọi, SMS hấp dẫn đang chờ Bạn trên Viettel Money. Nhanh tay đổi điểm Viettel++ để ưu đãi Bạn nhé. Chi tiết tại https://km.vtmoney.vn/314y/doidiemvtplus hoặc LH 18009000 (0đ). Từ chối QC, soạn TC3 gửi 199.",0,1,1,brandname,Quảng cáo hợp lệ,NONE,real
ViSmish_04346,"(TB) KHÁCH VIP VINA - ƯU ĐÃI THẢ GA! VinaPhone tặng 50% dành riêng cho Quý khách khi nạp thẻ vào NGÀY MAI 07/10/2025. Khuyến mại được sử dụng gọi/nhắn tin trong 07 ngày. Nạp thẻ nhanh gọn, tiện lợi tại https://my.vnpt.com.vn/adv/napthe  CSKH: 18001091 (0đ).",0,1,1,brandname,Viễn thông,NONE,real
ViSmish_04348,"(TB) QUÀ TẶNG BẤT NGỜ! Chỉ hôm nay 07/10/2025, nạp thẻ nhận ngay 50% giá trị. Khuyến mại sử dụng gọi/nhắn tin trong 07 ngày. Nạp thẻ nhanh gọn, thêm ưu đãi tại: https://my.vnpt.com.vn/adv/napthe  CSKH:18001091(0đ).",0,1,1,brandname,Viễn thông,NONE,real
ViSmish_04351,"[TB] QUÀ TẾT TƯNG BỪNG - ĐÓN MỪNG NĂM MỚI MIỄN PHÍ 90 ngày dùng DATA 4G TỐC ĐỘ CAO, KHÔNG GIỚI HẠN LƯU LƯỢNG. Để sử dụng ưu đãi, Quý khách cần SIM 4G và máy 4G có bật chế độ 4G/LTE (xem hướng dẫn tại http://viettel.vn/on4g ). Tham gia, soạn 4G gửi 191 (0đ). DV gia hạn sau 90 ngày với 150.000đ. KM áp dụng 1 lần đến 28/02/2022 cho TB nhận được tin nhắn. LH 198 (0đ).",0,1,0,brandname,Viễn thông,NONE,real
ViSmish_04352,"Mua ve thanh cong. Ma SI8C3L: Tuyen Mien Tay - An Minh (Kien Giang), ngay di 01/11/2025, gio 22:35, ghe B01, co mat truoc 15 phut. Mo TK SHB qua app FUTA nhan goi qua tang hon 1trd. Ho tro 1900 6067",0,0,1,brandname,Khác,NONE,real
ViSmish_04353,"[TB] Tham gia phòng, chống ma túy là bảo vệ chính bạn, gia đình và xã hội - Vì tương lai tốt đẹp!",0,0,0,brandname,Dịch vụ công thật,NONE,real
ViSmish_04355,"V7 top 3 nha cai VN, tuyen dai ly voi muc hoa hong len den 50% , tra hoa hong nhieu hinh thuc , lien he zalo Van: 0935123456 Link: https://v7bet.vip",1,1,1,shortcode,Cờ bạc / Betting,Level 0 - Formal,real
ViSmish_04357,"[KHUYẾN CÁO] Bão số 4 rất mạnh, di chuyển nhanh, sẽ gây nguy hiểm đến các tỉnh miền Trung, trọng tâm từ Thừa Thiên Huế đến Bình Định. Mọi người khẩn cấp thực hiện:  - Di tản đến nơi an toàn để trú ẩn. Tuyệt đối không ở trong các nhà tạm, nhà cấp 3, cấp 4, nhà mái tôn, fibro ximăng. - Đưa tàu, thuyền thoát khỏi vùng nguy hiểm hoặc vào nơi trú tránh an toàn. Thường xuyên giữ liên lạc. - Người dân tại nơi neo đậu, lồng bè, chòi canh nuôi trồng thủy hải sản, các công trình đang thi công dở dang ven biển phải lên bở trước 17 giờ ngày 27/09/2022. - Ra khỏi các vùng ven biển, cửa sông, các vùng thấp trũng, dễ bị sạt lở, gia cố, chằng chống nhà cửa trước 17 giờ ngày 27/09/2022. Đề phòng điện giật. - Dữ trữ nước uống, lương thực thực phẩm, thuốc men, các vật dụng cần thiết. - Thường xuyên theo dõi thông tin diễn biến của bão. Chấp hành sự chỉ đạo của cơ quan chính quyền. Lưu giữ các số điện thoại cứu hộ cứu nạn.",0,0,0,brandname,Dịch vụ công thật,NONE,real
ViSmish_04363,Ít nhất có ng nhắc để đc điểm t đếu ai nhắc:]],0,0,0,personal_number,P2P hard negative,NONE,external_curated
ViSmish_04366,"[TB] Nap lien tay, Khuyen mai ngay. Tang 20% gia tri tat ca the nap vao tai khoan vien thong trong ngay 19/11/2025. Tien KM su dung truy cap Internet trong 15 ngay. Nap the online tai cac vi dien tu, ung dung thanh toan hoac tai https://viettel.vn/naptienkm . CT ap dung cho thue bao nhan duoc tin nhan. LH 198 (0d).",0,1,0,brandname,Viễn thông,NONE,real
ViSmish_04368,"SD TK 1033311702 -48,000VND luc 03-01-2023 10:51:52. SD 192,015VND. Ref Ecom.EW23010352574779.MOMO.0867256447.CashIn.eafd0cb720c8",0,0,1,brandname,Ngân hàng thật,NONE,real
ViSmish_04369,"[TB] TRỌN GÓI 10K - BAO DATA, GỌI CẢ NGÀY! 1. Soạn 1N gửi 191: 10K/ngày có 5GB, miễn phí gọi điện (10p/cuộc nội mạng, 5p ngoại mạng), SMS nội mạng, TV360 2. Soạn 3N gửi 191: 30K/3 ngày có 15GB (5GB/ngày), miễn phí gọi điện (10p/cuộc nội mạng, 15p ngoại mạng), SMS nội mạng, TV360 Gói cước gia hạn khi hết chu kỳ. LH 198 (0đ).",0,0,0,brandname,Viễn thông,NONE,real
ViSmish_04371,"(TB) VinaPhone kính tặng QK 5 mã dự thưởng (tra cứu tại https://khuyenmai.vinaphone.com.vn/) để tham gia CTKM ""Nghe gọi thả ga – Bay Sing tận hưởng"". Mời QK tự QUAY THƯỞNG trong vòng 24h trên app My VNPT tại https://my.vnpt.com.vn/app để có cơ hội trúng 50 chuyến du lịch Singapore trị giá 20.000.000đ/giải, 350 thẻ nạp điện thoại 1.000.000đ/giải. Tổng trị giá giải thưởng trên 1,3 tỷ  đồng. CSKH 18001091.",0,1,1,brandname,Khác,NONE,real
ViSmish_04373,FWD mong muon lang nghe y kien cua Quy khach cho giao dich gan day tai https://fwdvietnam.page.link/2xpaH. Vui long goi 1800969690 neu tu choi tham gia khao sat.,0,1,1,brandname,Khác,NONE,real
ViSmish_04376,(TB) NẠP THẺ NGÀY VÀNG - ĐÓN CƠ HỘI VÀNG! VinaPhone tặng Quý khách 20% giá trị thẻ nạp vào NGÀY MAI 17/05/2024. Khuyến mại được sử dụng gọi/nhắn tin trong 15 ngày.  + Cơ hội trúng TV Samsung 75 inch và hàng ngàn giải thưởng hấp dẫn khác khi nạp thẻ từ 50.000đ (chi tiết tại my.vnpt.com.vn/adv/KM2024 ). + Thêm ưu đãi hời khi nạp thẻ tại https://my.vnpt.com.vn/adv/napthe .  CSKH: 18001091 (0đ).,0,1,1,brandname,Viễn thông,NONE,real
ViSmish_04381,a 10 điểm k có nhưng,0,0,0,personal_number,P2P hội thoại thông thường,NONE,external_real
ViSmish_04386,"Trai gái ko cần bt, có lỗ là đc",0,0,0,personal_number,P2P hội thoại thông thường,NONE,external_real
ViSmish_04389,"Chơi vs nhau từ lơpd 3 đến khi lấy vợ, hơn 20 năm mà có 50tr bạn cũng đánh đổi",0,0,0,personal_number,P2P hard negative,NONE,external_curated
ViSmish_04393,"[TB] GÓI RẺ 50K - DATA KHÔNG GIỚI HẠN! Chỉ 50.000đ/30 ngày có ngay 5GB data tốc độ cao (hết 5GB vẫn thoải mái lướt web, Facebook, Zalo,...). DV gia hạn sau 30 ngày. Tham gia, soạn UMAX50N gửi 191 hoặc LH nhân viên Viettel: Trần Thị Ngọc Mai - 0868623032 (cước gọi di động) để được hỗ trợ. GIẢM GIÁ 20% khi mua gói data trên Viettel Money tại https://km.vtmoney.vn/314y/91fb895f . CT dành riêng cho Quý khách. Chi tiết LH 198 (0đ).",0,1,1,brandname,Viễn thông,NONE,real
ViSmish_04394,"876041 la ma xac thuc OTP tren MyVNPT cua Quy khach. Ma co hieu luc trong 2 phut. De dam bao an toan, Quy khach vui long khong chia se ma nay voi bat ky ai.",0,0,0,brandname,Tin nhắn cá nhân và OTP,NONE,real
ViSmish_04398,"(TB) Đừng quên mai là Chủ Nhật Độc Quyền My VNPT! ƯU ĐÃI NẠP THẺ 50% đang đợi bạn, duy nhất 11/05/2025. Áp dụng cho thuê bao VinaPhone trả trước - khuyến mại dùng gọi/nhắn tin trong 15 ngày. Không giới hạn mệnh giá, số lần nạp. Đặt lịch tại https://my.vnpt.com.vn/adv/napthe50. CSKH: 18001091 nhánh 3 (0đ). Trân trọng!",0,1,1,brandname,Viễn thông,NONE,real
ViSmish_04403,Dang ky + 558k .( Nap 50k nhan 108k ) 1 vong cuoc la rut MAXX 8.888k. hoan tra tuc thi 3% No Hu . Ban Ca. BCR... DK : t.ly/qo3No ZAELu,1,1,0,personal_number,Cờ bạc / Betting,Level 0 - Formal,real
ViSmish_04404,[TB] MTTQ Việt Nam kêu gọi chung tay ủng hộ đồng bào bị thiệt hại do bão lũ gây ra. Các tài khoản tiếp nhận: 55102025 tại Vietinbank; 8639699999 tại BIDV; 1400666102025 tại Agribank; 8888881010 tại Vietcombank; 0606 tại MBbank.,0,0,0,brandname,Viễn thông,NONE,real
ViSmish_04406,Thue bao cua Quy khach dang nam trong khu vuc phu song 5G VinaPhone. Xin vui long bat che do 5G tren dien thoai va trai nghiem mien phi 50GB truy cap Data 5G sieu toc do trong 30 ngay. CSKH: 18001091 (0d).,0,0,1,shortcode,Khác,NONE,real
ViSmish_04411,"Tai khoan cua Quy khach da duoc nap 10,000 dong tu MoMo -ung dung thanh toan hang dau Viet Nam - vao 23/02/2025 20:22:11. Ma giao dich 2245456131. CSKH 18001091 (0d). Tran trong cam on!",0,0,1,shortcode,Ngân hàng thật,NONE,real
ViSmish_04412,"(TB) Mở My VNPT mở ngàn ưu đãi! Dành tặng riêng bạn 300 ĐIỂM VINAPHONEPLUS khi phát sinh giao dịch trên My VNPT! Điểm dùng để đổi Data & Thoại MIỄN PHÍ hoặc săn voucher, quà tặng hot! Thời hạn sử dụng điểm tặng là 3 tháng. Chi tiết CTKM tại https://my.vnpt.com.vn/adv/bancu. CSKH 18001091 (0đ). Trân trọng!",0,1,1,brandname,Khác,NONE,real
ViSmish_04414,"Dung luong Data con lai cua goi BIG: 1798 MB, HSD: 23:59 ngay 31/10/2025. HSD goi cuoc: 23:59 ngay 08/11/2025. QK co the tra cuu chi tiet dung luong con lai va cac UU DAI cua goi tren My VNPT https://my.vnpt.com.vn/adv/dungluong . CSKH: 18001091(0d).",0,1,1,shortcode,Viễn thông,NONE,real
ViSmish_04417,Nếu cháu mà ở bên Campuchia thì 1 Huy chương vàng là 235 triệu vn đ nhé ( Việt Nam 1 Huy chương vàng có 45 triệu vn đ),0,0,0,personal_number,P2P hard negative,NONE,external_curated
ViSmish_04419,"Viettel Money tang Ban 10K khi thanh toan cac dich vu Viettel: Nap dien thoai, mua Data, Internet/Truyen hinh tu 15K. Truy cap https://km.vtmoney.vn/314y/uudai2 de su dung keo het han Ban nhe.",0,1,0,brandname,Khác,NONE,real
ViSmish_04420,"(TB) My VNPT dành tặng bạn 300 ĐIỂM VINAPHONEPLUS khi phát sinh giao dịch trở lại và đổi điểm thả ga để nhận MIỄN PHÍ data, thoại hoặc săn kho voucher, quà tặng hot! Chương trình áp dụng đến hết 31/12/2025, thời hạn điểm 3 tháng. Chi tiết CTKM tại https://my.vnpt.com.vn/Bancuquaylai. CSKH 18001091 (0đ). Trân trọng!",0,1,1,brandname,Khác,NONE,real
ViSmish_04421,"Ban co the qua NAP DIEN THOAI MIEN PHI 10.000D trong MoMo, het han 31/8. Mo Vi > UU DAI > QUA CUA TOI hoac https://momo.vn/qua-cua-toi dung ngay!",0,1,0,brandname,Khác,NONE,real
ViSmish_04422,THPT N C Tru: Kinh bao PHHS: HS da co lich tiem mui 2 vao ngay 22/11 (T.Hai). Mong PHHS quan tam cho HS di tiem chung day du. Xin cam on!,0,0,0,brandname,Khác,NONE,real
ViSmish_04423,"amazon.com: Your code is 900693. Don't share it. If you didn't request it, deny here https://amazon.com/a/c/r/5s0lzkbGU3jcqMtLy6ohuxTrZ",0,1,0,brandname,Tin nhắn cá nhân và OTP,NONE,real
ViSmish_04428,Use verification code 541118 for Microsoft authentication.,0,0,0,brandname,Tin nhắn cá nhân và OTP,NONE,real
ViSmish_04431,Có mink ngày xưa cũng z nè,0,0,0,personal_number,P2P hội thoại thông thường,NONE,external_real
ViSmish_04432,"Tai khoan cua Quy khach da duoc nap 50,000 dong tu VnTopup vao 25/06/2024 09:03:33. Ma giao dich 2087509468. CSKH 18001091 (0d). Tran trong cam on!",0,0,1,shortcode,Viễn thông,NONE,real
ViSmish_04442,"(TB) VAY NGAY đến 20 triệu VNĐ với TINVAY trên VNPT Money trong 1 phút, lãi suất ưu đãi, chỉ cần CCCD tại website https://km.vnptmoney.vn/VAYLAN. LH 18001091.",0,1,1,brandname,Khác,NONE,real
ViSmish_04444,Thà hỗ trợ bằng tiền cho VĐV họ còn có cái trang trải cuộc sống.,0,0,0,personal_number,P2P hội thoại thông thường,NONE,external_real
ViSmish_04446,"Ban co the qua NAP DIEN THOAI MIEN PHI 10.000D trong MoMo, het han 30/6. Mo Vi > UU DAI > QUA CUA TOI dung ngay!",0,0,0,brandname,Khác,NONE,real
ViSmish_04449,"[TB] Phòng Cảnh sát giao thông đường bộ - đường sắt Công an Thành phố Hồ Chí Minh khuyến cáo: Điều khiển phương tiện sau khi đã sử dụng rượu bia là một trong những nguyên nhân hàng đầu dẫn đến các vụ tai nạn giao thông đặc biệt nghiêm trọng, để lại hậu quả thương tâm cho chính gia đình bạn và xã hội. Vì sức khỏe và an toàn của chính bạn: “Đã uống rượu bia - không lái xe"".",0,0,0,brandname,Dịch vụ công thật,NONE,real
ViSmish_04451,G-886668 là mã xác minh Google của bạn.,0,0,0,brandname,Tin nhắn cá nhân và OTP,NONE,real
ViSmish_04454,"TK ViettelPay 9704...1278 GD -1,000 VND luc 2023-08-11 14:13:34 So du 3,372 VND Phi: -0 VND ND: GD thanh toan 230811182319866 NAP TIEN DIEN THOAI cho Khach hang 0867256447",0,0,1,brandname,Ngân hàng thật,NONE,real
ViSmish_04457,"CHÚC MỪNG SINH NHẬT Quý khách. Kính chúc Quý khách luôn hạnh phúc, thành công và thịnh vượng. Cảm ơn Quý khách đã luôn đồng hành cùng fpt-voice.net",0,1,0,personal_number,Khác,NONE,real
ViSmish_04460,"Quy khach da thanh toan dich vu Mua bao hiem thanh cong. Ma giao dich 250207757676944. So tien 99.000 VND, phi giao dich 0 VND. Thoi gian giao dich 07/02/2025 17:26:26. Cam on Quy khach!",0,0,1,brandname,Khác,NONE,real
ViSmish_04461,"Tháng 5 trẹo đây, chả đc gì ngoài cái cười cả ngày .",0,0,0,personal_number,P2P hard negative,NONE,external_curated
ViSmish_04463,"Nhưng mà khoan, team để Chi  highnote lun hả =)))",0,0,0,personal_number,P2P hard negative,NONE,external_curated
ViSmish_04465,Goi SPOTV10TM co thoi han den 02/11/2025 20:14:18. QK se duoc moi gia han qua TK vi/ngan hang tu 03/11/2025 den 09/11/2025 va tu 10/11/2025 goi se duoc gia han tu dong qua TKC. Huy goi: HUY SPOTV10TM gui 900. CSKH 18001091(0d),0,0,1,shortcode,Viễn thông,NONE,real
ViSmish_04467,"Quý khách đã hủy khôi phục gói V120Z. Để biết thông tin các ưu đãi khác, bấm gọi *098#. Chi tiết LH 198 (0đ). Trân trọng.",0,0,0,shortcode,Viễn thông,NONE,real
ViSmish_04469,Đọc lại lần thứ n vẫn cười đ chịu được,0,0,0,personal_number,P2P hard negative,NONE,external_curated
ViSmish_04472,Your Discord security code is: 053874   tzD9jY28Wrn,0,0,0,brandname,Tin nhắn cá nhân và OTP,NONE,real
ViSmish_04475,"TK Chinh: 0d, het han 25/09/2026. Tk du lieu: -  SHOPEE7G: 6,1 GB, het han 26/10/2025 18:18:13. Giam gia 5%, uu dai khong doi, tan huong nhieu tien ich thu vi tai: https://www.vietnamobile.com.vn/napthe Tran trong.",0,1,0,shortcode,Viễn thông,NONE,real
ViSmish_04479,"[TB] KHUYẾN MẠI NGÀY VÀNG!  Tặng 20% giá trị TẤT CẢ THẺ NẠP trong hôm nay 01/07, tiền KM sử dụng gọi, nhắn tin nội mạng trong 15 ngày. Nạp thẻ online tại https://viettel.vn/pay/tt . CT dành riêng cho Quý khách. LH 198 (0đ).",0,1,0,brandname,Viễn thông,NONE,real
ViSmish_04483,"egeR #Ban da-du D1EU K1EN HOAN~THUE TNCN, tai:https://hoanthue-tncn.vip",1,1,0,personal_number,Dịch vụ công giả,Level 2 - Leet nặng,real
ViSmish_04484,"bố mẹ hỗ trợ 1 ít, bọn t có 1 ít, vay mượn thêm r mua đất tp, chồng t lại mới học xong đh csnd, t lại mới mua xe ô tô, t thấy có cái moẹ gì đâu, con t vẫn đầy đủ xhar thiếu thứ gì, tuần t cafe mấy buổi, đấy là do m k biết chi tiêu r lại gào mồm lên",0,0,0,personal_number,P2P hard negative,NONE,external_curated
ViSmish_04485,"(TB) MIỄN PHÍ DATA truy cập vsport.com.vn để XEM TIN TỨC BÓNG ĐÁ, CLIP HẬU TRƯỜNG THỂ THAO sớm nhất và nhận 5.000đ vào TK chính sau 7 ngày gia hạn thành công dịch vụ Vinasport. Mời bạn soạn DK SK1 gửi 9958 để sử dụng và nhận ưu đãi. Cước 1.000đ/ngày. CSKH 18001091 (0đ).",0,1,1,brandname,Viễn thông,NONE,real
ViSmish_04496,:)) ngược lại r may quá,0,0,0,personal_number,P2P hội thoại thông thường,NONE,external_real
ViSmish_04497,(TB) THÁNG MỚI VUI KHỎE - NẠP THẺ CÓ QUÀ! VinaPhone tặng riêng Quý khách 20% giá trị thẻ nạp vào NGÀY MAI 03/10/2023. Khuyến mại được sử dụng gọi/nhắn tin trong 15 ngày. Ưu đãi hấp dẫn khi nạp thẻ tại https://shop.vnpt.vn/nap-the.html . CSKH: 18001091 (0đ).,0,1,1,brandname,Viễn thông,NONE,real
ViSmish_04498,(TB) Chốt ngay - Quà tới tay! Quý khách nhận được tin nhắn có ngay 20% giá trị thẻ nạp trong NGÀY MAI 17/6/2025. Khuyến mại được sử dụng gọi/nhắn tin trong 15 ngày. Thêm ưu đãi hời khi nạp thẻ tại https://my.vnpt.com.vn/adv/napthe .  CSKH: 18001091 (0đ).,0,1,1,brandname,Viễn thông,NONE,real
ViSmish_04506,"[TB] GỌI RẺ HƠN - ƯU ĐÃI HƠN. Chỉ 70.000đ/30 ngày, miễn phí 20 phút/cuộc gọi nội mạng (tối đa 1.000 phút). Đăng ký, soạn MP70X gửi 109. DV gia hạn sau 30 ngày. CT áp dụng cho TB nhận được tin nhắn. Chi tiết LH 198 (0đ).",0,0,0,brandname,Viễn thông,NONE,real
ViSmish_04511,(TB) Ưu đãi tới - Mừng năm mới! VinaPhone tặng riêng Quý khách 20% giá trị thẻ nạp vào NGÀY MAI 09/01/2024. Khuyến mại được sử dụng gọi/nhắn tin trong 15 ngày. Ưu đãi hấp dẫn khi nạp thẻ tại https://digishop.vnpt.vn/nap-tien . CSKH: 18001091 (0đ).  VinaPhone - Mạng di động nhanh nhất Việt Nam!,0,1,1,brandname,Viễn thông,NONE,real
ViSmish_04513,"Theo NQ-116, Ong(Ba) da du d!eu k!en NHAN TIEN h0 tro tu quy B/H/T/N. Bam vao www.wtudl.icu de. QUA' HAN SE KH0NG DUOC CHAP NHAN! SP0s",1,1,0,personal_number,BHXH / Trợ cấp giả,Level 2 - Leet nặng,real
ViSmish_04517,Ban da dang ky giao dich dien tu BHXH thanh cong. Tai khoan: 7936728646 - Mat khau: 526669,0,0,0,brandname,Dịch vụ công thật,NONE,real
ViSmish_04518,Trời oi đỉnh thực sự,0,0,0,personal_number,P2P hội thoại thông thường,NONE,external_real
ViSmish_04520,"Dung luong Data con lai cua goi BIG: 510 MB, HSD: 23:59 ngay 24/11/2025. HSD goi cuoc: 23:59 ngay 08/12/2025. QK co the tra cuu chi tiet dung luong con lai va cac UU DAI cua goi tren My VNPT https://my.vnpt.com.vn/adv/dungluong . CSKH: 18001091(0d).",0,1,1,shortcode,Viễn thông,NONE,real
ViSmish_04522,"Nay dễ j kiếm lương 10tr , có việc làm là may rồi chứ thất nghiệp đầy ra",0,0,0,personal_number,P2P hard negative,NONE,external_curated
ViSmish_04524,Thuy mai dên ma lưa dô nhe .hm nay nga lây dô mơi r ne .,0,0,0,personal_number,Tin nhắn cá nhân và OTP,NONE,real
ViSmish_04527,bê cái ống đong 1l ở phòng thí nghiệm đi mua kem ăn thui,0,0,0,personal_number,P2P hard negative,NONE,external_curated
ViSmish_04528,Dị mà cũng dụ đc thêm 1 đứa chui dô cùng =)))),0,0,0,personal_number,P2P hội thoại thông thường,NONE,external_real
ViSmish_04530,Không có lương nên k có tiếng nói ạ,0,0,0,personal_number,P2P hard negative,NONE,external_curated
ViSmish_04533,Goi D159V: Goi cuoc su dung den ngay 03/01/2025 23:59:59. Tai khoan goi noi mang VNP con 89714 (giay) Tai khoan goi ngoai mang di dong con 194(phut) Tai khoan SMS noi mang con 199(sms) Goi Data toc do cao con 6046(Mb). CSKH 18001091(0d),0,0,1,shortcode,Viễn thông,NONE,real
ViSmish_04535,"TK ViettelPay 9704...1278 GD +2,000 VND luc 2023-11-21 17:44:25 So du 5,372 VND Phi: -0 VND ND: 231121191658078 VIETTELMONEY TRATHUONG MACQ 231121191658078 84867256447",0,0,1,brandname,Ngân hàng thật,NONE,real
ViSmish_04545,(TB) Mừng Sinh nhật  Vina – Tặng quà khi nạp thẻ! VinaPhone tặng riêng Quý khách 20% giá trị thẻ nạp vào HÔM NAY 20/6/2023. Khuyến mại được sử dụng gọi/nhắn tin trong 15 ngày. Quý khách nhận thêm nhiều ưu đãi khi nạp thẻ tại https://shop.vnpt.vn/nap-the.html . CSKH: 18001091 (0đ).,0,1,1,brandname,Viễn thông,NONE,real
ViSmish_04547,"TKC cua Quy Khach khong du de thuc hien cuoc goi. De duoc ung 20 PHUT THOAI(Gia cuoc 32000d), soan 3 gui 9345 (hieu luc trong vong 48h). Tu choi nhan tin, soan TC gui 9345.",0,0,0,shortcode,Viễn thông,NONE,real
ViSmish_04548,"Phat hien tai khoan cua ban dang nhap khac vung bat thuong ,vui long dang nhap https://vn-vietinbank.com de xac nhan thong tin va thay doi mat khau",1,1,0,brandname,Giả mạo ngân hàng,Level 0 - Formal,real
ViSmish_04549,"lấy vợ thôi nhưng đừng sinh con, 20tr hãy nghĩ đem việc đó",0,0,0,personal_number,P2P hard negative,NONE,external_curated
ViSmish_04550,Quy khach da gia han thanh cong goi D6V(6.000d/24h) voi UU DAI: 2GB+ MyTV addon VTVcab. Het dung luong ngung truy cap. Goi duoc gia han tu dong. HSD: 19:56 25/07/2025. Tra cuu chi tiet goi tai https://my.vnpt.com.vn/adv/dungluong. LH 18001091(0d),0,1,1,shortcode,Viễn thông,NONE,real
ViSmish_04551,"Truong Dai hoc CNTT thong bao diem HK 1 NH 2024-2025 cua SV Nguyen Hoang Duy (22520327):IE104 6.9,IS217 6.8,IE106 7.6,IE224 7.5.",0,0,0,brandname,Khác,NONE,real
ViSmish_04553,mốt chj đưa em dii  nma luc do thì mấy ông nì thành mấy ''ông'' đúng chuẩn luonn=),0,0,0,personal_number,P2P hội thoại thông thường,NONE,external_real
ViSmish_04555,"[TB] Tặng 20% giá trị tất cả thẻ nạp vào tài khoản viễn thông qua My Viettel (https://myvt.page.link/kmkenhso) trong ngày 15/11/2022, tiền KM sử dụng liên lạc nội mạng trong 15 ngày. Chi tiết gọi 197 bấm phím 19 (0đ). Trân trọng.",0,1,0,brandname,Viễn thông,NONE,real
ViSmish_04558,"TK ViettelPay 9704...1278 GD -2,000 VND luc 2023-09-06 14:41:13 So du 3,372 VND Phi: -0 VND ND: GD thanh toan 230906162565843 NAP TIEN DIEN THOAI cho Khach hang 0867256447",0,0,1,brandname,Ngân hàng thật,NONE,real
ViSmish_04559,"Truong DH CNTT thong bao hoc HT2 mon Phan tich du lieu(IE224.P11.1) vao thu 3 ngay 17/12/2024, Tiet 1,2,3,4,5, Phong B4.14. Chi tiet vui long lien he (028) 372 52002 chon 155",0,0,0,brandname,Khác,NONE,real
ViSmish_04560,"TK ViettelPay 9704...1278 GD -36,000 VND luc 2022-12-28 20:28:31 So du 4,000 VND Phi: -0 VND ND: GD thanh toan 221228185978104 NAP TIEN DIEN THOAI cho Khach hang 0867256447",0,0,1,brandname,Ngân hàng thật,NONE,real
ViSmish_04565,ủa m có học toán cc k,0,0,0,personal_number,P2P hard negative,NONE,external_curated
ViSmish_04570,"Dung luong Data con lai cua goi BIG: 1897 MB, HSD: 23:59 ngay 24/11/2025. HSD goi cuoc: 23:59 ngay 08/12/2025. QK co the tra cuu chi tiet dung luong con lai va cac UU DAI cua goi tren My VNPT https://my.vnpt.com.vn/adv/dungluong . CSKH: 18001091(0d).",0,1,1,shortcode,Viễn thông,NONE,real
ViSmish_04572,"Truong DH CNTT thong bao hoc HT2 mon May hoc(CS114.O21.1) vao thu 2 ngay 11/03/2024, Tiet 10, Phong C214. Chi tiet vui long lien he (028) 372 52002 chon 155",0,0,0,brandname,Khác,NONE,real
ViSmish_04577,"(TB) ĐỪNG BỎ LỠ SIÊU ƯU ĐÃI 50% dành tặng riêng Quý khách khi nạp thẻ trong HÔM NAY 04/11/2025. Khuyến mại được sử dụng gọi/nhắn tin trong 7 ngày. Nạp thẻ nhanh gọn, tiện lợi tại https://my.vnpt.com.vn/adv/napthe . CSKH: 18001091 (0đ).",0,1,1,brandname,Viễn thông,NONE,real
ViSmish_04579,Tài khoản của bạn đã mở dịch vụ tài chính toàn cầu phí dịch vụ hàng tháng là 1.800.000VND sẽ bị trừ trong 2 giờ. Nếu không phải bạn mở dịch vụ vui lòng nhấn vào https://vpbank.vn-zr.top để hủy,1,1,0,brandname,Giả mạo ngân hàng,Level 1 - Leet nhẹ,real
ViSmish_04580,tui ói ra cho dừa lòng,0,0,0,personal_number,P2P hội thoại thông thường,NONE,external_real
ViSmish_04581,"THE0_NQ_II6, Ong(Ba) da du d1eu k1en NHAN TIEN ho tro tu quy BHTN. Bam vao mo.pwmgh.icu de lay. QUA^HAN SE KH0NG_DUOC CHAP NHAN! q3TX",1,1,0,personal_number,BHXH / Trợ cấp giả,Level 2 - Leet nặng,real
ViSmish_04582,"Gói ST5K đã hủy gia hạn thành công. Để biết các ưu đãi khác, truy cập https://viettel.vn/goidata hoặc bấm gọi *098#. Chi tiết LH 198 (0đ). Trân trọng.",0,1,0,shortcode,Viễn thông,NONE,real
ViSmish_04585,"Truong DH CNTT thong bao hoc bu mon Xac suat thong ke(MA005.N24) vao thu 2 ngay 29/05/2023, Tiet 6,7,8,9, Phong B3.14. Chi tiet vui long lien he (028) 372 52002 chon 155",0,0,0,brandname,Khác,NONE,real
ViSmish_04589,"Không rõ là em bạn vay ngân hàng hay cty tín dụng, nhưng thường khoản vay khó đòi thì họ sẽ bán cho bên thứ 3 để bên đó đòi, ngân hàng hay bên toà án không ai làm việc qua tin nhắn.",0,0,0,personal_number,P2P hard negative,NONE,external_curated
ViSmish_04591,"[TB] DATA TRÀN TRỀ, XEM BÓNG ĐÁ THÍCH MÊ! Soạn TV7K gửi 191: 7K/ngày có 1GB data, miễn phí xem TV360. Gói cước gia hạn theo ngày. Đặc biệt, miễn phí xem 9 trận đấu vòng Play-off Euro 2024 tại https://tv360.vn/ . LH 198 (0đ).",0,1,0,shortcode,Viễn thông,NONE,real
ViSmish_04595,"Nhap ma 6716 de xac thuc Dang nhap tren Viettel.vn. Chi tiet LH 18008098 (0d) hoac truy cap https://viettel.vn/app. De dam bao an toan cho tai khoan cua Quy khach, vui long khong chia se ma xac thuc nay voi bat ky ai.",0,1,1,brandname,Tin nhắn cá nhân và OTP,NONE,real
ViSmish_04598,t vs m coi chừng,0,0,0,personal_number,P2P hội thoại thông thường,NONE,external_real
ViSmish_04601,(TB) QUÀ TỚI TAY - CHỐT NGAY! VinaPhone tặng riêng Quý khách 20% giá trị thẻ nạp vào NGÀY MAI 23/01/2024. Khuyến mại được sử dụng gọi/nhắn tin trong 15 ngày. Ưu đãi hấp dẫn khi nạp thẻ tại https://digishop.vnpt.vn/nap-tien . CSKH: 18001091 (0đ).  VinaPhone - Mạng di động nhanh nhất Việt Nam!,0,1,1,brandname,Viễn thông,NONE,real
ViSmish_04604,Đơn shopee ra cổng sau quẹo phải lấy trước 16h. Lấy k đc nhờ bạn lấy,0,0,0,personal_number,Vận chuyển,NONE,real
ViSmish_04607,"[TB] ĐÓN CHÀO THÁNG MỚI! Nạp thẻ trong hôm nay (1/7) để nhận KM 20% và đăng ký gói ưu đãi: 120K/30 ngày có 2GB/ngày, miễn phí gọi điện (soạn V120C gửi 191, chi tiết gói cước tại https://myvt.page.link/V120C ) Lưu ý: Thẻ nạp vào tài khoản viễn thông, tiền KM sử dụng nội mạng đến hết ngày 16/07/2022. Giảm thêm đến 10% khi nạp thẻ tại https://vt.vtmoney.vn/kmdt253 CT dành riêng cho Quý khách. LH 198 (0đ).",0,1,0,brandname,Viễn thông,NONE,real
ViSmish_04609,"[TB] NẠP THẺ ONLINE - DATA XÀI NGAY! Tặng 20% giá trị tất cả thẻ nạp vào tài khoản viễn thông trong ngày 15/10/2025. Tiền KM sử dụng truy cập Internet trong 15 ngày. CT áp dụng khi nạp thẻ online qua các ví điện tử, ứng dụng thanh toán hoặc tại https://viettel.vn/pay/tt . Chi tiết gọi 197, bấm phím 19 (0đ). Trân trọng.",0,1,0,brandname,Viễn thông,NONE,real
ViSmish_04612,"[TB] CHÀO NĂM MỚI - GIẢM NGAY 23K khi mua gói V120Z. Soạn V120Z gửi 191 để tham gia: 67K/30 ngày (giá gốc 90K) có 120GB (4GB/ngày), miễn phí gọi điện (chi tiết gói tại www.myvt.vn/v120z ). Gói cước gia hạn sau 30 ngày với giá gốc. CT dành riêng cho Quý khách, áp dụng với lần đăng ký đầu tiên đến hết 05/01/2023. LH 198 (0đ).",0,1,0,brandname,Viễn thông,NONE,real
ViSmish_04614,"Vietcombank nhan duoc yeu cau KICH HOAT LAI UNG DUNG VCB DIGIBANK. Neu Quy khach KHONG CHU DONG yeu cau, TUYET DOI KHONG CUNG CAP HOAC XAC NHAN BANG MA OTP de tranh rui ro bi CHIEM DOAT TAI 29,111,111VND luc 25-11-2022 15:26:45. SD 46,027VND. Ret",1,0,0,personal_number,Giả mạo ngân hàng,Level 2 - Leet nặng,real
ViSmish_04617,"Đã tự nguyện chấp nhận vay - lãi mà ko có thế chấp là phải trả nợ lãi cho người ta như cam kết, lúc vay người ta có dí dao vào cổ bắt phải vay - lãi ko",0,0,0,personal_number,P2P hard negative,NONE,external_curated
ViSmish_04621,(TB) Quý khách NHẬN NGAY ƯU ĐÃI 20% giá trị thẻ nạp vào NGÀY MAI 18/4/2025. Khuyến mại được sử dụng gọi/nhắn tin trong 15 ngày. Nhanh tay nạp thẻ tại: https://my.vnpt.com.vn/adv/napthe để có thêm ưu đãi . CSKH:18001091 (0đ).,0,1,1,brandname,Viễn thông,NONE,real
ViSmish_04623,theo kịch bản thì c còn 2 năm nữa,0,0,0,personal_number,P2P hội thoại thông thường,NONE,external_real
ViSmish_04624,Truong DH CNTT thong bao nghi hoc Mon Internet va cong nghe Web(IE104.P11.CNVN) vao thu 4 ngay 04 thang 09 nam 2024. Chi tiet vui long lien he (028) 372 52002 chon 155,0,0,0,brandname,Khác,NONE,real
ViSmish_04627,"Truong DH CNTT thong bao hoc bu mon Ky thuat lap trinh Python(IE221.Q11.2) vao thu 6 ngay 26/12/2025, Tiet 6,7,8,9,10, Phong B2.12. Chi tiet vui long lien he (028) 372 52002 chon 155",0,0,0,brandname,Khác,NONE,real
ViSmish_04628,"(TB) Tặng ngay 10.000đ vào tài khoản chính khi Soạn DK gửi 9191 (0đ) đăng ký tài khoản Mobile Money. Nhận thêm gấp 10 lần ưu đãi lên tới 100K khi tải app VNPT Money tại https://km.vnptmoney.vn/VC45k. Ưu đãi từ nay đến 30/11/2023, chỉ dành riêng cho KH nhận được tin nhắn. LH 18001091 (#3).",0,1,1,brandname,Viễn thông,NONE,real
ViSmish_04631,Mã xác thực Claude của bạn là: 686759,0,0,0,brandname,Tin nhắn cá nhân và OTP,NONE,real
ViSmish_04632,"Thế nhà mình ngược lại , ng ko ăn đc mỡ là mẹ ck mình, ngồi bữa ăn bới bới , cầm đũa gảy hết đĩa thịt lại đến bát dưa sung, dưa sung cũng gảy bung bét , chả hiểu tìm quả sung gắn vàng hay gì ,nhìn khó chịu .",0,0,0,personal_number,P2P hội thoại thông thường,NONE,external_real
ViSmish_04633,vay vay cái đb lúc đòi như đi xin nhà cno vậy,0,0,0,personal_number,P2P hard negative,NONE,external_curated
ViSmish_04638,[VIENDONG] MA otp dang nhap cua ban la 7GJ9VI .Vui long khong chia se cho nguoi khac. - viendongjsc.vn,0,1,0,brandname,Tin nhắn cá nhân và OTP,NONE,real
ViSmish_04644,"Cam on Quy KH PE13000146339 da thanh toan so tien dien thang 6/2022, so tien 440,104d. LH 1900545454",0,0,1,brandname,Dịch vụ công thật,NONE,real
ViSmish_04645,"[TB] MIỄN PHÍ 90 ngày dùng DATA 4G TỐC ĐỘ CAO, KHÔNG GIỚI HẠN LƯU LƯỢNG. Để sử dụng ưu đãi, Quý khách cần SIM 4G và máy 4G có bật chế độ 4G/LTE (xem hướng dẫn tại http://viettel.vn/on4g ) Tham gia, soạn 4G gửi 191 (0đ). DV gia hạn sau 90 ngày với 150.000đ KM áp dụng 1 lần đến 31/01/2022 cho TB nhận được tin nhắn. LH 198 (0đ).",0,1,0,brandname,Viễn thông,NONE,real
ViSmish_04648,"(TB) CHÀO THÁNG MỚI - NGÀY VÀNG TỚI! VinaPhone tặng Quý khách ưu đãi 20% khi nạp thẻ vào NGÀY MAI 01/11/2024 (khuyến mại được sử dụng gọi/nhắn tin trong 15 ngày). Đặc biệt, thêm ưu đãi hời khi nạp thẻ tại https://my.vnpt.com.vn/adv/napthe . CSKH:18001091 (0đ).",0,1,1,brandname,Viễn thông,NONE,real
ViSmish_04650,"Quy khach vua thay doi thanh cong thong tin khach hang cua thue bao 395683317. Moi Quy khach truy cap https://vietteltelecom.vn/kttk de tra cuu thong tin  thue bao. Neu co thac mac hoac khieu nai, de nghi goi den so 198 (mien phi).",0,1,0,shortcode,Khác,NONE,real
ViSmish_04651,"[TB] NHẬN QUÀ ĐÓN TẾT! Tặng ngay 2400đ khi Quý khách mua gói data, thoại, sử dụng tài khoản gốc đạt 26000đ từ 25/01 - 24/02 (15 tháng Chạp - 15 tháng Giêng). Tiền được tặng để gọi và nhắn tin nội mạng trong 15 ngày. Soạn 1N gửi 191: 10000đ/ngày có 5GB, miễn phí gọi điện, SMS nội mạng và xem TV360. Truy cập https://viettel.vn/kmdata để xem chi tiết gói và các ưu đãi Tết HOT nhất từ Viettel. LH 198 (0đ).",0,1,0,shortcode,Viễn thông,NONE,real
ViSmish_04653,Bạn có 5’ đến xl tôi qua stk tôi đã gửi.,0,0,0,personal_number,P2P hard negative,NONE,external_curated
ViSmish_04655,"Chuong trinh trai nghiem mien phi 30 ngay DV Thong bao cuoc goi nho MCA da ket thuc. He thong da huy DV MCA cho Quy khach. Neu co nhu cau tiep tuc su dung, Quy khach vui long soan KM5 gui 193 (giam 50% cuoc dang ky chi con 2.750d/thang dau tien, cac thang tiep theo 5500d/thang, gia han theo thang). Chi tiet LH 198 (mien phi).",0,0,0,shortcode,Viễn thông,NONE,real
ViSmish_04657,"[QC] TẶNG ngay Modem Wifi 2 băng tần cùng 1-2 tháng cước khi đăng ký mới DV Internet Cáp quang Viettel và đóng trước cước từ 6-12 tháng tại https://viettel.vn/s/ftth. Quý khách sẽ có ngay đường truyền Internet siêu nhanh, tốc độ từ 150Mbps với cước TB chỉ từ 180.000đ/tháng. Phí hòa mạng 300.000đ. Chi tiết LH 18008168 (0đ). Từ chối QC, soạn TC3 gửi 199.",0,1,1,brandname,Quảng cáo hợp lệ,NONE,real
ViSmish_04658,Tại thực tập không lương nên chê không đi làm chứ không là h má biết má buồn rồi,0,0,0,personal_number,P2P hard negative,NONE,external_curated
ViSmish_04661,"Bạn nhận được lời nhắn từ 0896629857 vào lúc 19:56 16/10/2022 với nội dung: chị khó khăn. Công ty Fe đã hỗ trợ cho người thân ông bà là vậy điện mình bảo: ""Năm qua anh chị vẫn trốn tránh việc trả nợ. Vài ngày tới, cán bộ pháp lý sẽ về địa phương hoàn tất thủ tục khởi kiện liên hệ công an khu vực hỗ trợ giải quyết điện bị toàn bộ khoản nợ cầu thanh toán và liên hệ số điện thoại 08964, gọi 102610 để nghe lại (Miễn phí). Chi tiết l/h 9090 (200đ/p)",1,0,1,personal_number,Đòi nợ / Đe dọa,Level 2 - Leet nặng,real
ViSmish_04669,làm này cho mày ăn nhoo,0,0,0,personal_number,P2P hội thoại thông thường,NONE,external_real
ViSmish_04678,"[TB] KHUYẾN MẠI HÔM NAY! NHẬN NGAY 20% giá trị tất cả thẻ nạp trong ngày 25/11, tiền KM sử dụng nội mạng trong 15 ngày. Giảm thêm đến 10% khi nạp thẻ tại https://vt.vtmoney.vn/kmdt253 . Nạp thẻ ngay và tham gia ưu đãi: Soạn V50C gửi 191: 50K/30 ngày có 3GB, miễn phí gọi nội mạng. Chi tiết gói cước tại https://myvt.page.link/V50C CT dành riêng cho Quý khách. LH 198 (0đ).",0,1,0,brandname,Viễn thông,NONE,real
ViSmish_04680,"Truong DH CNTT thong bao hoc HT2 mon Thiet ke giao dien nguoi dung(IE106.P11.CNVN.1) vao thu 2 ngay 16/12/2024, Tiet 6,7,8,9,10, Phong B1.16. Chi tiet vui long lien he (028) 372 52002 chon 155",0,0,0,brandname,Khác,NONE,real
ViSmish_04681,"The Visa 452404...6779 su dung tai 2C2*AMAZON PRIME VIDEO VN6717 2333 SG so tien 13,608 VND luc 17-12-2022 17:37:45. SD TK trich no tam tinh 1033311702: 486,392VND",0,0,0,brandname,Ngân hàng thật,NONE,real
ViSmish_04692,"Quá là bình thường  trừ sữa(chỉ con ko uống hết thì mẹ uống hộ cho đỡ phí ) chứ còn bánh trái, thạch thủng j…",0,0,0,personal_number,P2P hội thoại thông thường,NONE,external_real
ViSmish_04693,Combo qua tang voi tong gia tri 30.000d nap dien thoai Viettel MIEN PHI sap HET HAN. Mo app Viettel Money de nap ngay hoac truy cap https://km.vtmoney.vn/314y/uudai2 de su dung Ban nhe.,0,1,0,brandname,Khác,NONE,real
ViSmish_04697,Truong DH CNTT thong bao nghi hoc Mon Xac suat thong ke(MA005.N27) vao thu 3 ngay 09 thang 05 nam 2023. Chi tiet vui long lien he (028) 372 52002 chon 155,0,0,1,brandname,Khác,NONE,real
ViSmish_04704,"Đúng ở ngoài như nào cũng phải cười  như nào cũng ngồi nghe , sai gì tối về nc riêng",0,0,0,personal_number,P2P hội thoại thông thường,NONE,external_real
ViSmish_04706,"[TB] Mời Quý khách cài đặt ứng dụng Bluezone tại https://bluezone.gov.vn/taiapp và hướng dẫn người thân cùng cài đặt để được cảnh báo nguy cơ lây nhiễm COVID-19. Sau khi cài đặt, Viettel sẽ nhắn tin hướng dẫn Quý khách nhận ưu đãi miễn phí 5GB Data. LH 198 (0đ). Trân trọng.",0,1,0,brandname,Viễn thông,NONE,real
ViSmish_04707,Đang nói tui đó hả tr,0,0,0,personal_number,P2P hội thoại thông thường,NONE,external_real
ViSmish_04710,ở nhà ăn thế đã bị bố mẹ chửi cho tới bến r chứ đừng nói đến nhà ngyeu ăn cơm mà thế .,0,0,0,personal_number,P2P hội thoại thông thường,NONE,external_real
ViSmish_04712,"(TB) Đừng bỏ lỡ ưu đãi NẠP THẺ VinaPhone 50% cuối cùng tháng 3! My VNPT tặng bạn KHUYẾN MẠI 50% nạp điện thoại trực tiếp cho thuê bao trả trước (khuyến mại sử dụng gọi/nhắn tin trong 15 ngày). Duy nhất 23/03/2025 trên My VNPT, đặt lịch tại https://my.vnpt.com.vn/adv/napthe50. CSKH: 18001091 nhánh 3 (0đ). Trân trọng!",0,1,1,brandname,Viễn thông,NONE,real
ViSmish_04714,"CT gia hạn gói V120Z theo số dư tài khoản đã kết thúc. Gói cước sẽ được khôi phục khi TB hoạt động 2 chiều và đủ tiền. Cước phí 90.000đ/30 ngày có 50 phút ngoại mạng, miễn phí 20 phút đầu tiên của tất cả các cuộc gọi nội mạng, 4GB/ngày (3GB dùng trong các tỉnh có danh sách tại https://viettel.vn/V120Z và 1GB dùng trên toàn quốc). Thời gian chờ khôi phục đến 04/04/2023. Để hủy khôi phục, soạn HUY gửi 191. Để biết thông tin các gói khác, bấm gọi *098#. LH 198 (0đ).",0,1,0,shortcode,Viễn thông,NONE,real
ViSmish_04717,"(QC) Ban duoc FE CREDIT ho tro vay toi 70 trieu, LS hap dan, GIAI NGAN NHANH. Soan FE1 gui 9698 de dang ky khoan vay. Tu choi soan BL gui 9698",0,0,0,brandname,Quảng cáo hợp lệ,NONE,real
ViSmish_04725,Do su co tam gian doan cap dien Khach hang PE13000146339 tu 05:59 - 08:59 ngay 22/06/2022. Kinh xin loi quy Khach hang va mong duoc thong cam. LH 1900545454,0,0,1,brandname,Dịch vụ công thật,NONE,real
ViSmish_04731,Quý khách đã đăng ký thành công gói KS6H: 10.000đ có 3GB sử dụng trong 6 giờ kể từ thời điểm đăng ký. Truy cập https://viettel.vn/kttk để kiểm tra ưu đãi. Chi tiết LH 198 (0đ). Trân trọng.,0,1,0,shortcode,Viễn thông,NONE,real
ViSmish_04734,( còn chưa biết đề thi) thế méo nào về soát 7.5 hoá,0,0,0,personal_number,P2P hard negative,NONE,external_curated
ViSmish_04735,sinh nhựt pạn tui tặng cái này,0,0,0,personal_number,P2P hội thoại thông thường,NONE,external_real
ViSmish_04736,Truong DH CNTT thong bao nghi hoc Mon Cong nghe Du lieu lon(IE212.P22) vao thu 5 ngay 06 thang 03 nam 2025. Chi tiet vui long lien he (028) 372 52002 chon 155,0,0,0,brandname,Khác,NONE,real
ViSmish_04738,"Linh ơi anh Tuấn nè, hôm nay vô tình gặp chị Mai nên xin được số em",0,0,0,personal_number,Tin nhắn cá nhân và OTP,NONE,real
ViSmish_04739,(TB) Cuối tuần vui vẻ - VinaPhone tặng Bạn 20% khi nạp thẻ vào HÔM NAY 12/8/2022 (khuyến mại sử dụng gọi/nhắn tin trong 15 ngày). THÊM 4% chiết khấu và nhiều quà tặng hấp dẫn nếu nạp qua VNPT Money tại https://km.vnptmoney.vn/NgayVang CSKH 18001091 (0đ).,0,1,1,brandname,Viễn thông,NONE,real
ViSmish_04750,"Chi cän 2O phut möi ngäy giäo vien chuyen nghiep cö the huong dän ban kiem 500k-3000k, Them Telegram: t.me/Nguyenthingocthuy00",1,1,0,personal_number,Tuyển dụng giả,Level 1 - Leet nhẹ,real
ViSmish_04751,(TB) ĐỪNG BỎ LỠ QUÀ TẶNG TUẦN MỚI! VinaPhone tặng riêng Quý khách 20% giá trị thẻ nạp vào HÔM NAY 14/03/2023. Khuyến mại sử dụng gọi/nhắn tin trong 15 ngày. Quý khách được nhận thêm 4% chiết khấu cùng nhiều quà tặng hấp dẫn khi nạp thẻ qua VNPT Money tại https://km.vnptmoney.vn/NgayVang . CSKH: 18001091(0đ).,0,1,1,brandname,Viễn thông,NONE,real
ViSmish_04752,19t 9 năm trc t làm part time 25k 1 tiếng đã oai nhất xóm r,0,0,0,personal_number,P2P hard negative,NONE,external_curated
ViSmish_04753,Tài khoản của bạn đã mở dịch vụ tài chính toàn cầu phí dịch vụ hàng tháng là 2.000.000 VND sẽ bị trừ trong 2 giờ. Nếu không phải bạn mở dịch vụ vui lòng nhấn vào https://vietinbank-vips.com để hủy,1,1,0,brandname,Giả mạo ngân hàng,Level 0 - Formal,real
ViSmish_04755,"[UNG TIEN]Tai khoan chinh cua Quy Khach khong du de thuc hien cuoc goi/gui tin nhan. De duoc ung 8000d vao tai khoan chinh va tiep tuc su dung cac dich vu cua VinaPhone, Quy Khach vui long soan Y gui 1576 (hieu luc trong vong 48h) (Gia cuoc 1750d). De duoc ung tien tu dong khi tai khoan chinh duoi 5000d, soan UTD gui 1576. De tu choi nhan tin, Quy Khach vui long soan TC gui 1576",0,0,0,shortcode,Viễn thông,NONE,real
ViSmish_04762,"VNeID: Ma OTP 708459 co hieu luc trong 3 phut, su dung de xac thuc cho yeu cau kich hoat tai khoan. Vi ly do bao mat, tuyet doi khong duoc cung cap ma OTP nay cho bat ky ai. Tran trong!",0,0,0,brandname,Tin nhắn cá nhân và OTP,NONE,real
ViSmish_04763,"Täng 888K, 888K! 888K Nhän ngay 88K MPhi, tu: gv2xu.cc/WlhXzU ~u9pa",1,1,0,personal_number,Cờ bạc / Betting,Level 2 - Leet nặng,real
ViSmish_04765,"Sau lần bị bế tắc và suy sụp vì phá sản, gánh 1 khoản nợ trên vai thì t mới bắt đầu sống kiểu yolo.",0,0,0,personal_number,P2P hard negative,NONE,external_curated
ViSmish_04766,(TB) Nạp thẻ hôm nay – Có ngay ưu đãi! VinaPhone tặng Quý khách 20% giá trị thẻ nạp vào HÔM NAY 20/6/2025. Khuyến mại được sử dụng gọi/nhắn tin trong 15 ngày. Thêm ưu đãi khi nạp tại: https://my.vnpt.com.vn/adv/napthe . CSKH: 18001091 (0đ).,0,1,1,brandname,Viễn thông,NONE,real
ViSmish_04769,"(TB) Bộ TT&TT trân trọng đề nghị người dân cảnh giác với thông tin giả mạo, lừa đảo trên Internet. Trước khi sử dụng dịch vụ, giao dịch trên Internet, hãy tra cứu thông tin về website mà mình truy cập bằng cách nhắn tin miễn phí theo cú pháp TCTM <tên miền hoặc link website> gửi 156 hoặc tra cứu tại: https://tracuutenmien.gov.vn.",0,1,0,brandname,Dịch vụ công thật,NONE,real
ViSmish_04771,"[TB] Hien nay, thu doan lua dao tren mang rat tinh vi va phuc tap. Theo Quyet dinh 2345/QD-NHNN cua Ngan hang Nha nuoc, Quy khach can cap nhat sinh trac hoc de nang cao bao mat. Thuc hien ngay tai: https://km.vtmoney.vn/314y/sinhtrachoc hoac lien he 18009000 (0d) de nhan duoc ho tro. Vui long bo qua tin nhan neu da cap nhat thong tin.",0,1,1,brandname,Ngân hàng thật,NONE,real
ViSmish_04772,"TKC cua Quy Khach sap het. De duoc ung goi 3(5 PHUT THOAI/Gia cuoc 8000d), soan 3 gui 9345. Tu choi nhan tin, soan TC gui 9345.",0,0,0,shortcode,Viễn thông,NONE,real
ViSmish_04773,đeo kính r vẫn z,0,0,0,personal_number,P2P hội thoại thông thường,NONE,external_real
ViSmish_04774,OTP cua Quy Khach la: 66588192. Ma xac thuc giao dich tren vi co hieu luc trong vong 2 phut. QK TUYET DOI khong cung cap OTP cho nguoi khac tranh bi lua dao!,0,0,0,brandname,Tin nhắn cá nhân và OTP,NONE,real
ViSmish_04779,nó đang lím đuýt :>,0,0,0,personal_number,P2P hội thoại thông thường,NONE,external_real
ViSmish_04780,"[TB] Cảm ơn Quý khách đã đồng hành cùng Viettel! Soạn KM gửi 191 (0đ) hoặc truy cập https://viettel.vn/km191 để xem ưu đãi Data, gọi điện HOT nhất từ Viettel. LH 198 (0đ). Trân trọng.",0,1,0,shortcode,Khác,NONE,real
ViSmish_04783,[TB] DATA THẢ GA CẢ THÁNG 1. Soạn ST60N gửi 191: 60K/30 ngày có 60GB (2GB/ngày). 2. Soạn ST90N gửi 191: 90K/30 ngày có 120GB (4GB/ngày). Gói cước gia hạn sau 30 ngày. CT dành riêng cho Quý khách. LH 198 (0đ).,0,0,0,brandname,Viễn thông,NONE,real
ViSmish_04796,nhìu lúc muốn khóc muốn kể chuyện nma sợ mng sẽ chẳng ai lắng nghe mình,0,0,0,personal_number,P2P hội thoại thông thường,NONE,external_real
ViSmish_04797,UNG DUNG VCB DIGIBANK cua ban duoc PHAT HIEN KICH HOAT tren thiet bi la .Neu KHONG PHA BAN KICH HOAT vui long bam vao https://vietcombank.vn-ms.top de doi thiet bi hoac huy de tranh mat tai san,1,1,0,brandname,Giả mạo ngân hàng,Level 2 - Leet nặng,real
ViSmish_04802,"Nhap hoi S-Student nhan dac quyen danh cho HSSV: giam them den 10%, tro gia den 5tr khi len doi, giam phi giao hang. Dang ky ngay: https://go.cps.onl/yckv3wey",0,1,0,brandname,Khác,NONE,real
ViSmish_04816,nhìn ngoo ngoo kiểu gì,0,0,0,personal_number,P2P hội thoại thông thường,NONE,external_real
ViSmish_04821,"FWD tran trong cap nhat Hinh thuc dong phi bao hiem va chuong trinh Thanh toan phi, nhan qua vui 2023. Quy khach vui long tham khao tai https://bit.ly/PhiBHFWD1",0,1,0,brandname,Khác,NONE,real
ViSmish_04824,"TK ViettelPay 9704...1278 GD +999 VND luc 2023-04-24 20:09:21 So du 1,374 VND Phi: -0 VND ND: 230424962913731 VIETTELMONEY TRATHUONG MACQ 230424962913731 84867256447",0,0,1,brandname,Ngân hàng thật,NONE,real
ViSmish_04827,"(TB) Ưu đãi 50% mỗi Chủ Nhật khi nạp thẻ VinaPhone trên My VNPT! Chủ Nhật 1/6/2025, My VNPT tặng bạn khuyến mại 50% vào TKKM3 dùng gọi/nhắn tin trong 15 ngày. Áp dụng cho thuê bao trả trước, không giới hạn mệnh giá & số lần nạp. Đặt lịch tại https://my.vnpt.com.vn/adv/napthe50. CSKH: 18001091 nhánh 3 (0đ). Trân trọng!",0,1,1,brandname,Viễn thông,NONE,real
ViSmish_04831,"Dang ky thanh cong goi D7 (7.000d/ngay co 1,2GB data toc do cao, het 1,2GB tinh theo goi dang su dung). Hieu luc den 07:05 22/05/2023. Goi cuoc gia han tu dong hang ngay. Kiem tra dung luong, soan DATAKM gui 888. De huy soan HUY D7 gui 888",0,0,0,shortcode,Viễn thông,NONE,real
ViSmish_04832,Ok,0,0,0,personal_number,Tin nhắn cá nhân và OTP,NONE,real
ViSmish_04838,"Hồi 19 tuổi mình còn làm nhân viên chuyển phát nhanh, 2 tháng ngã xe 3 lần và k nhớ nổi số lần bị công an phạt.",0,0,0,personal_number,P2P hard negative,NONE,external_curated
ViSmish_04839,"Bộ giao thông vận tải, xin thông báo ông/bà có biên lai chưa nộp phạt.Hôm nay là thông báo cuối cùng. Yêu cầu nhanh chóng giải quyết mọi thắc mắc Vui lòng liên hệ : 0782320830",1,0,1,brandname,Dịch vụ công giả,Level 0 - Formal,real
ViSmish_04842,"Quý khách đã đăng ký thành công gói V15B: 15.000đ/15 ngày có 500MB, miễn phí 5 phút đầu tiên của tất cả các cuộc gọi nội mạng. Gói cước gia hạn sau 15 ngày. Truy cập https://viettel.vn/kttk để kiểm tra ưu đãi. Chi tiết LH 198 (0đ). Trân trọng.",0,1,0,shortcode,Viễn thông,NONE,real
ViSmish_04844,"Quy khach da duoc thanh toan 5000 VND tu nhan vien 8300240001, Ngay GD: 02/10/2022 10:50:52. Ma GD 221002783861996. LH 18008098 (0d). Tran trong.",0,0,1,shortcode,Viễn thông,NONE,real
ViSmish_04845,"Yêu cầu hủy gia hạn không thành công, Quý khách không sử dụng gói Mobile Internet. Chi tiết LH 198 (0d). Trân trọng.",0,0,0,shortcode,Viễn thông,NONE,real
ViSmish_04846,G-159615 is your Google verification code.,0,0,0,brandname,Tin nhắn cá nhân và OTP,NONE,real
ViSmish_04848,(TB) THÁNG MỚI VUI VẺ - NẠP THẺ CÓ QUÀ! VinaPhone tặng Quý khách 20% giá trị thẻ nạp vào HÔM NAY 01/8/2025. Khuyến mại được sử dụng gọi/nhắn tin trong 15 ngày. Thêm ưu đãi khi nạp tại: https://my.vnpt.com.vn/adv/napthe . CSKH: 18001091 (0đ).,0,1,1,brandname,Viễn thông,NONE,real
ViSmish_04849,đọc tr có nvat chí hướng là ăn no chờ chết mà vừa buồn cười vừa đồng cảm,0,0,0,personal_number,P2P hard negative,NONE,external_curated
ViSmish_04850,Quy khach duoc cong 15 diem do Giao dich thanh toan DV vien thong qua VIETTEL MONEY vao ngay 17/04/2024.Truy cap https://vtmoney.onelink.me/314y/loyalty de doi diem sang cac qua tang cua chuong trinh. Tran trong.,0,1,0,brandname,Khác,NONE,real
ViSmish_04851,"(TB) Nhân dịp được đánh giá là nhà mạng có tốc độ nhanh nhất Việt Nam trong Q2/2023 (tham khảo tại http://my.vnpt.com.vn/adv/news ), VinaPhone tặng Quý khách 20% giá trị thẻ nạp vào HÔM NAY 04/8/2023. Khuyến mại được sử dụng gọi/nhắn tin trong 15 ngày. Ưu đãi hấp dẫn khi nạp thẻ tại https://shop.vnpt.vn/nap-the.html . CSKH: 18001091 (0đ).",0,1,1,brandname,Viễn thông,NONE,real
ViSmish_04854,OTP cua Quy Khach la: 03313034. Ma xac thuc giao dich tren vi co hieu luc trong vong 2 phut. QK TUYET DOI khong cung cap OTP cho nguoi khac tranh bi lua dao!,0,0,0,brandname,Tin nhắn cá nhân và OTP,NONE,real
ViSmish_04859,Tới tháng nhận lươg 3tr,0,0,0,personal_number,P2P hard negative,NONE,external_curated
ViSmish_04860,Quy khach duoc cong 6 diem do Giao dich thanh toan DV vien thong qua VIETTEL MONEY vao ngay 06/09/2023.Truy cap https://vtmoney.onelink.me/314y/loyalty de doi diem sang cac qua tang cua chuong trinh. Tran trong.,0,1,0,brandname,Khác,NONE,real
ViSmish_04861,"(TB) NGÀY VÀNG ĐÃ TỚI, VinaPhone tặng Bạn 20% khi nạp thẻ vào HÔM NAY 17/02/2023 (khuyến mại sử dụng gọi/nhắn tin trong 15 ngày). Bấm *102#  để kiểm tra ưu đãi. CSKH 18001091 (0đ).",0,0,1,brandname,Viễn thông,NONE,real
ViSmish_04865,"3i Dang Ki Tang 88K, Nap Dau Tang 188K,Va Nhieu Uu Dai Khac. Thang Rut Cuc Nhanh, Chuc AE Thang Lon. tixa1kv.Gezne.de dk",1,1,0,personal_number,Cờ bạc / Betting,Level 1 - Leet nhẹ,real
ViSmish_04867,Lương 3tr4 chắc thành vô tree...,0,0,0,personal_number,P2P hard negative,NONE,external_curated
ViSmish_04875,Cuc CSGT thong bao: Ma xac minh dang nhap vao Tai khoan VNeTraffic cua ban la: 144496. Khong chia se ma cua ban.,0,0,0,brandname,Tin nhắn cá nhân và OTP,NONE,real
ViSmish_04877,TK ViettelPay 9704...1278 GD -1.000 VND luc 2024-08-12 19:50:25 So du 3.372 VND ND: GD thanh toan 240812178684850 NAP TIEN DIEN THOAI cho Khach hang 0867256447,0,0,1,brandname,Ngân hàng thật,NONE,real
ViSmish_04878,"[Thông báo] Hội thảo trực tuyến ""Không trúng tuyển nguyện vọng yêu thích? Biến nguy thành cơ"" với sự tham gia của các khách mời, chuyên gia tâm lý đến từ nhiều trường đại học đang diễn ra. Để không bỏ lỡ cơ hội được tham dự, lắng nghe và đặt câu hỏi trực tiếp cho các chuyên gia, mời quý phụ huynh & thí sinh truy cập liên kết: https://us02web.zoom.us/j/81558445815. Hotline: (028) 7300 5588",1,1,1,brandname,Khác,Level 4 - Mixed special characters,real
ViSmish_04882,"Cty Bao Hiem FWD Vietnam thong bao: Cty da nhan duoc ho so bao hiem cua Quy khach NGUYEN HOANG DUY, hop dong du thao so 70469888. Chung toi se thong bao ket qua tham dinh den Quy khach trong thoi gian som nhat. Tran trong cam on.",0,0,0,brandname,Khác,NONE,real
ViSmish_04886,Soan ngay YC gui 5258 de xac nhan dang ky WHOCALL - chan cuoc goi SPAM va nhan 360 Phut noi mang/ngay + DATA khong gioi han su dung .  (MIEN PHI dung thu lan dau). Phi dv sau KM: 3.000d/ngay. De soan tin nhan ngay bam: https://tinyurl.com/2dbd5xtu. Chi tiet LH 0922789789 (0d).,0,1,1,brandname,Viễn thông,NONE,real
ViSmish_04888,Nhưng bả xinh sẵn r :)))))),0,0,0,personal_number,P2P hội thoại thông thường,NONE,external_real
ViSmish_04891,[TB] Tặng điểm Viettel++ tương ứng với 50% giá trị thẻ nạp đầu tiên và quy đổi thành lưu lượng data để trải nghiệm DV Viettel trong 30 ngày. CT dành riêng cho TB của Quý khách đến hết ngày 31/10/2022. Chi tiết LH 198 (0đ).,0,0,0,brandname,Viễn thông,NONE,real
ViSmish_04892,(TB) NẠP THẺ CHỚ LO - CÓ KHUYẾN MẠI TO! Dành cho Quý khách nhận được tin nhắn : + Tặng ngay 20% giá trị thẻ nạp trong NGÀY MAI 07/10/2025. Khuyến mại được sử dụng gọi/nhắn tin trong 15 ngày. + Thêm ưu đãi hời khi nạp tại https://my.vnpt.com.vn/adv/napthe . CSKH: 18001091 (0đ).,0,1,1,brandname,Viễn thông,NONE,real
ViSmish_04893,"(TB) VNPT Money TẶNG BẠN MỚI CHIẾT KHẤU SIÊU ĐẬM 3.5%, không giới hạn mệnh giá và số lần khi Nạp điện thoại VinaPhone. DUY NHẤT tại https://km.vnptmoney.vn/LB0. LH 18001091 (#3).",0,1,1,brandname,Khác,NONE,real
ViSmish_04895,Không ngờ tới đoạn này chứ giề,0,0,0,personal_number,P2P hội thoại thông thường,NONE,external_real
ViSmish_04896,QK da gia han thanh cong goi FHAPPY  MIEN PHI . Uu dai (MF cuoc goi noi mang VinaPhone 1000ph+2GB/ngay)/30 ngay. Goi cuoc gia han tu dong. Chi tiet LH 18001091,0,0,1,shortcode,Viễn thông,NONE,real
ViSmish_04897,như lúc ms yêu lun,0,0,0,personal_number,P2P hội thoại thông thường,NONE,external_real
ViSmish_04900,Twitter confirmation code: 5un2c9j7,0,0,0,brandname,Tin nhắn cá nhân và OTP,NONE,real
ViSmish_04901,Bi quan thế t lương có 3tr vẫn lấy vk đẻ con bình đây thôi,0,0,0,personal_number,P2P hard negative,NONE,external_curated
ViSmish_04903,"Thay vì thời gian rảnh bạn lướt Facebook. Bạn có thể tham gia công việc cùng chúng tôi kiếm thêm thu nhập mỗi ngày chỉ cần 1 chiếc điện thoại và rảnh 20-30 phút. Thu nhập từ 200k- 1 triệu. Y/C: Độ tuổi từ 20-59, Các bạn quan tâm liên hệ trực tiếp id:zalo.me/84355161340 zalo:84355161340",1,1,1,personal_number,Tuyển dụng giả,Level 0 - Formal,real
ViSmish_04906,(TB) ƯU ĐÃI NGÀY VÀNG KHI KHÁCH HÀNG NẠP THẺ! VinaPhone tặng Quý khách 20% giá trị khi nạp thẻ vào NGÀY MAI 18/10/2024 (khuyến mại được sử dụng gọi/nhắn tin trong 15 ngày). Thêm ưu đãi hời khi nạp thẻ tại https://my.vnpt.com.vn/adv/napthe .  CSKH: 18001091 (0đ).,0,1,1,brandname,Viễn thông,NONE,real
ViSmish_04907,"EVNHCMC TB TIEN DIEN T5/22 KH PE13000146339 LA 418,193 VND VUI LONG T.TOAN TRUOC 22/05/2022 LH 1900545454",0,0,1,brandname,Dịch vụ công thật,NONE,real
ViSmish_04908,"[QC] NẠP THẺ LIỀN TAY, NHẬN NGAY QUÀ KHỦNG 1.Thẻ mệnh giá dưới 50.000đ, tặng 6GB/3 ngày: 3GB trên các hạ tầng (ST15K)+3GB trên 4G 2.Thẻ mệnh giá từ 50.000đ trở lên, tặng 14GB/7 ngày: 7GB trên các hạ tầng (ST30K)+7GB trên 4G CT áp dụng với THẺ NẠP ĐẦU TIÊN trong ngày 08/05 cho TB của Quý khách. LH 198 (0đ). Từ chối QC, soạn TC1 gửi 199",0,0,0,brandname,Quảng cáo hợp lệ,NONE,real
ViSmish_04910,"Moi Quy khach soan tin de tham gia cong MB data. Soan 5 gui 211 de cong 3.072 MB data voi gia 23.400d, su dung trong 7 ngay De cong tai nguyen khac, soan: 1 gui 211 de cong 60 phut noi mang (794d/p), su dung trong 15 ngay 2 gui 211 de cong 48 phut ngoai mang (1.369d/p), su dung trong 15 ngay 3 gui 211 de cong 100 tin nhan noi mang (230d/tin), su dung trong 15 ngay 4 gui 211 de cong 20 tin nhan ngoai mang (313d/tin), su dung trong 7 ngay Chi tiet LH 18008098 (mien phi).",0,0,1,shortcode,Viễn thông,NONE,real
ViSmish_04914,"Quy khach duoc cong them 2 diem Viettel++ boi giao dich Tieu dung vien thong thang 05/2022. Thoi han su dung diem den 30/06/2023. Hay truy cap https://myvt.page.link/vtplus tren My Viettel hoac *098# de doi diem sang Data, SMS, Phut goi cung nhieu uu dai gia tri khac. Chi tiet LH 198. Tran trong.",0,1,0,brandname,Khác,NONE,real
ViSmish_04915,(TB) CƠ HỘI CUỐI - NẠP THẺ VINAPHONE LỜI 50%. Duy nhất hôm nay trên My VNPT tặng bạn ƯU ĐÃI 50% nạp điện thoại trực tiếp cho thuê bao trả trước (khuyến mại sử dụng gọi/nhắn tin trong 15 ngày). Đừng lỡ Chủ Nhật Vàng cuối cùng tháng 3! Nạp ngay https://my.vnpt.com.vn/adv/napthe50. CSKH: 18001091 nhánh 3 (0đ). Trân trọng!,0,1,1,brandname,Viễn thông,NONE,real
ViSmish_04919,"Nhap ma OTP 3241 de xac thuc Dang nhap tren ung dung My Viettel. Ma OTP se het han sau 5p. Chi tiet LH 18008098 (0d) hoac truy cap https://viettel.vn/app. De dam bao an toan cho tai khoan cua Quy khach, vui long khong chia se ma xac thuc nay voi bat ky ai.",0,1,1,brandname,Tin nhắn cá nhân và OTP,NONE,real
ViSmish_04921,"GOI 1M - Tien ich day du, ket noi thoai mai! Chi 50.000d/30 ngay - nhan 2GB/ngay toc do cao, 10p goi ngoai mang, mien phi cuoc goi noi mang. Soan DK 1M gui 123. CTLH: 0922789789 (0d).",0,0,1,brandname,Viễn thông,NONE,real
ViSmish_04924,OTP cua Quy Khach la: 04470942. Ma xac thuc giao dich tren vi co hieu luc trong vong 2 phut. QK TUYET DOI khong cung cap OTP cho nguoi khac tranh bi lua dao!,0,0,0,brandname,Tin nhắn cá nhân và OTP,NONE,real
ViSmish_04926,698857 la ma xac nhan OTP MyVNPT cua ban. Vui long nhap ma OTP trong vong 2 phut. Va KHONG chia se ma nay voi nguoi khac.,0,0,0,brandname,Tin nhắn cá nhân và OTP,NONE,real
ViSmish_04927,"Quy khach duoc cong them 5.000 diem Viettel++ boi giao dich Tang diem thoi gian su dung vao ngay 13/04/2021. Thoi han su dung diem den 30/04/2022. Hay truy cap https://myvt.page.link/vtplus tren My Viettel hoac *098# de doi diem sang Data, SMS, Phut goi cung nhieu uu dai gia tri khac. Chi tiet truy cap cong.viettel.vn hoac LH 198. Tran trong.",0,1,0,brandname,Khác,NONE,real
ViSmish_04928,giãn cơ chân trc khi chạy bộ,0,0,0,personal_number,P2P hội thoại thông thường,NONE,external_real
ViSmish_04932,Chủ nhật đó mn tỉnh táo lên,0,0,0,personal_number,P2P hội thoại thông thường,NONE,external_real
ViSmish_04934,"Nó nói đúng còn gì, Làm sếp mà ko biết thân biêt phận, để nhân viên ngta phải nhắc =))",0,0,0,personal_number,P2P hard negative,NONE,external_curated
ViSmish_04936,(TB) Khai Xuân rộn ràng - VinaPhone tặng riêng Bạn 20% khi nạp tiền điện thoại vào NGÀY MAI 07/02/2023. Giá trị khuyến mại sử dụng gọi/nhắn tin trong 15 ngày (bấm *102# để kiểm tra ưu đãi). CSKH 18001091 (0đ).,0,0,1,brandname,Viễn thông,NONE,real
ViSmish_04937,"TB: Tu 10/6/17, QK vui long su dung TK DDA 104005886693 gan voi the ATM E-Partner thay cho TK 711A50424587 voi so du duoc giu nguyen. Cam on QK. LH 1900558868",0,0,1,brandname,Ngân hàng thật,NONE,real
ViSmish_04939,"[CANH BAO] Ai do dang co truy cap tai khoan VPBank Online cua quy khach tren thiet bi/trinh duyet la. Neu khong phai QK, DOI MAT KHAU de tranh bi MAT TIEN. Neu la QK, nhap ma bao mat 534367 de tiep tuc. KHONG chia se ma nay cho bat ky ai BAO GOM NGAN HANG hay website gia mao de tranh rui ro MAT TIEN. LH 1900545415",0,0,1,brandname,Ngân hàng thật,NONE,real
ViSmish_04940,"DIEN LUC thong bao khach hàng Nguyễn Hoàng AnhPE12DN0456789, co tong so hoa don 1, voi tong tien 607262dong. De nghi Quy khach thanh toan trong vong 2 ngay ke tu khi nhan duoc tin nhan. Neu Quy khach da thanh toan, vui long bo qua tin nhan nay.",1,0,0,brandname,Dịch vụ công giả,Level 1 - Leet nhẹ,real
ViSmish_04943,"[TB] Để đảm bảo an toàn khi tham gia giao thông dịp Quốc khánh 02/09/2023, đề nghị người dân chấp hành pháp luật về trật tự, an toàn giao thông, điều khiển phương tiện đúng tốc độ, giữ khoảng cách an toàn, không tránh/vượt sai quy định, tuyệt đối không điều khiển phương tiện khi đã sử dụng rượu, bia.",0,0,0,brandname,Dịch vụ công thật,NONE,real
ViSmish_04944,"vãi cả cho vay , e đây khiếp ba đời,ngu thì phải chịu",0,0,0,personal_number,P2P hard negative,NONE,external_curated
ViSmish_04948,Truong DH CNTT thong bao nghi hoc Mon Phap luat dai cuong(SS006.N120) vao thu 5 ngay 12 thang 01 nam 2023. Chi tiet vui long lien he (028) 372 52002 chon 155,0,0,0,brandname,Khác,NONE,real
ViSmish_04951,Trộm vía là h việc nhẹ lương cao phụ huynh thì siêu đáng yêu,0,0,0,personal_number,P2P hard negative,NONE,external_curated
ViSmish_04953,Hậu quả sau khi lấy ck sinh con còn phũ hơn nhé,0,0,0,personal_number,P2P hội thoại thông thường,NONE,external_real
ViSmish_04957,nghe nói mỗi ng cho e cây vàng còn được =)),0,0,0,personal_number,P2P hội thoại thông thường,NONE,external_real
ViSmish_04959,ko tưởng tượng nhma vẫn có arghhh xì chét voãi,0,0,0,personal_number,P2P hard negative,NONE,external_curated
ViSmish_04961,Chiều có nhớ đường về không,0,0,0,personal_number,Tin nhắn cá nhân và OTP,NONE,real
ViSmish_04962,"[TB] NẠP THẺ ĐỦ ĐẦY - DATA XÀI NGAY! Tặng 20% giá trị tất cả thẻ nạp vào tài khoản viễn thông trong ngày 10/11/2025. Tiền KM sử dụng truy cập Internet trong 15 ngày. Nạp thẻ online tại các ví điện tử, ứng dụng thanh toán hoặc tại https://viettel.vn/naptienkm . Chi tiết gọi 197 bấm phím 19 (0đ). Trân trọng.",0,1,0,brandname,Viễn thông,NONE,real
ViSmish_04969,"[TB] Kính gửi Quý khách, để cập nhật các chương trình chăm sóc Khách hàng và khuyến mại của Viettel, hãy bấm “Follow” kênh TikTok Viettel Chăm sóc Khách hàng tại https://www.tiktok.com/@viettelcskh để nhận thông tin nhanh nhất. Trân trọng.",0,1,0,brandname,Khác,NONE,real
ViSmish_04970,Do su co tam gian doan cap dien Khach hang PE13000143179 tu 17:02 - 21:15 ngay 17/06/2022. Kinh xin loi quy Khach hang va mong duoc thong cam. LH 1900545454,0,0,1,brandname,Dịch vụ công thật,NONE,real
ViSmish_04972,Độc thân lấy ck cho dễ…,0,0,0,personal_number,P2P hội thoại thông thường,NONE,external_real
ViSmish_04973,"Viettel TB: Gói ST5K gia hạn không thành công. Để biết các ưu đãi khác, truy cập https://viettel.vn/goidata hoặc bấm gọi *098#. Chi tiết LH 198 (0đ). Trân trọng.",0,1,0,shortcode,Viễn thông,NONE,real
ViSmish_04979,"Gai Xinh Toan Quoc phuc vu: 3p 69, Bu , Sex lien dit Add Zalo: 588326850 rcdgq",1,0,1,personal_number,Nội dung nhạy cảm,Level 0 - Formal,real
ViSmish_04981,Mã xác thực (OTP) trên hệ thống SocialMedia là 466111. OTP sẽ hết hạn sau 120 giây.,0,0,0,brandname,Tin nhắn cá nhân và OTP,NONE,real
ViSmish_04985,"Đề nghị sếp bảo vs kiên: ""thôi Kiên, em đừng làm nv nữa, em làm sếp đi""",0,0,0,personal_number,P2P hard negative,NONE,external_curated
ViSmish_04986,doc cmt roi lua di ck iu,0,0,0,personal_number,P2P hội thoại thông thường,NONE,external_real
ViSmish_04987,"Dung luong Data con lai cua goi BIG: 1207 MB, HSD: 23:59 ngay 22/11/2025. HSD goi cuoc: 23:59 ngay 08/12/2025. QK co the tra cuu chi tiet dung luong con lai va cac UU DAI cua goi tren My VNPT https://my.vnpt.com.vn/adv/dungluong . CSKH: 18001091(0d).",0,1,1,shortcode,Viễn thông,NONE,real
ViSmish_04990,"Moi ban tao tai khoan S-Student de nhan dac quyen: giam them den 10%, tro gia den 5tr khi len doi va giam phi giao hang. Tao tai khoan ngay: https://go.cps.onl/5n7dsskw",0,1,0,brandname,Khác,NONE,real
ViSmish_04994,"Xin chào, mình làm giám đốc marketing của Tiki, hiện tại cửa hàng Tiki cần tuyển số lượng lớn nhân viên chuyên đặt hàng để nâng cao số lượng giao dịch và thứ hạng của cửa hàng. Chỉ cần có kinh nghiệm mua sắm trực tuyến, mỗi ngày bạn có thể dễ dàng kiếm 800.000 đồng bằng điện thoại di động và tiền lương sẽ được giải quyết ngay",1,0,0,personal_number,Tuyển dụng giả,Level 0 - Formal,real
ViSmish_04995,"ACB CANH BAO SMS LUA DAO: Hien co thu doan SMS GIA MAO dau so ACB moi KH dang nhap link gia, cung cap USER, MAT KHAU, OTP. ACB HOAN TON KHONG ng tin tren Quy KH https://live hoac tai app Appacb.appstore",1,1,0,personal_number,Giả mạo ngân hàng,Level 2 - Leet nặng,real
ViSmish_04996,173047 la ma xac nhan OTP MyVNPT cua ban. Vui long nhap ma OTP trong vong 2 phut. Va KHONG chia se ma nay voi nguoi khac.,0,0,0,brandname,Tin nhắn cá nhân và OTP,NONE,real
ViSmish_04998,"vay đi, tớ kh tiếc đâu",0,0,0,personal_number,P2P hard negative,NONE,external_curated
ViSmish_05001,A lô,0,0,0,personal_number,Tin nhắn cá nhân và OTP,NONE,real
ViSmish_05002,"Tại s dân mình dễ dãi quá nhĩ, bị nó chửi lên đầu thì cũng 2 3 ngày là êm, cubgx bỏ tiền cúng tụi nó ầm ầm",0,0,0,personal_number,P2P hội thoại thông thường,NONE,external_real
ViSmish_05003,"[TB] Cảm ơn Quý khách đã đồng hành trong thời gian qua, Viettel kính tặng Quý khách 100% cước phí vào tài khoản KM khi đăng ký ST60N, ST90N theo chương trình Quà tặng tháng 9: 1. Soạn ST60N gửi 191 để đăng ký ST60N (60K/30 ngày có 60GB: 2GB/ngày) và nhận 60K 2. Soạn ST90N gửi 191 để đăng ký ST90N (90K/30 ngày có 120GB: 4GB/ngày) và nhận 90K Tiền KM sử dụng nội mạng trong 15 ngày. CT dành riêng cho Quý khách trong lần đầu tiên đăng ký đến 26/9. LH 198 (0đ).",0,0,0,shortcode,Viễn thông,NONE,real
ViSmish_05010,"[QC] TANG ngay modem wifi sieu toc, 2-4 thang cuoc TB khi dang ky moi DV Internet Cap quang Viettel va dong truoc cuoc 6-12 thang tai https://viettel.vn/s/ftth. Cuoc TB chi tu 165.000d/thang. Chi tiet LH 18008168 (0d). Tu choi QC, soan TC3 gui 199.",0,1,1,brandname,Quảng cáo hợp lệ,NONE,real
ViSmish_05015,"[TB] Hưởng ứng Ngày Pháp luật nước Cộng hòa xã hội chủ nghĩa Việt Nam 09/11, toàn dân nâng cao ý thức tôn trọng, tuân theo Hiến pháp và pháp luật.",0,0,0,brandname,Dịch vụ công thật,NONE,real
ViSmish_05017,"[TB] Tặng 20% giá trị tất cả thẻ nạp vào tài khoản viễn thông trong ngày 15/08/2023. CT áp dụng khi nạp thẻ online qua các ví điện tử, ứng dụng thanh toán hoặc tại https://viettel.vn/pay/tt . Tiền KM sử dụng liên lạc nội mạng trong 15 ngày. Chi tiết gọi 197 bấm phím 19 (0đ). Trân trọng.",0,1,0,brandname,Viễn thông,NONE,real
ViSmish_05025,(TB) XUÂN SANG MÊNH MANG - ƯU ĐÃI NGẬP TRÀN! VinaPhone tặng Quý khách 20% giá trị thẻ nạp vào ngày mai 16/02/2024. Khuyến mại được sử dụng gọi/nhắn tin trong 15 ngày. Thêm ưu đãi hấp dẫn khi nạp thẻ tại https://my.vnpt.com.vn/adv/napthe . CSKH: 18001091 (0đ). VinaPhone - Mạng di động nhanh nhất Việt Nam!,0,1,1,brandname,Viễn thông,NONE,real
ViSmish_05027,"Yeu cau Huy goi D6V khong thanh cong do goi cuoc van con 0.34GB. De xac nhan huy het uu dai con lai trong goi va huy goi, QK soan HUY D6V Y gui 888. CSKH: 18001091 (0d). Tran trong!",0,0,1,shortcode,Viễn thông,NONE,real
ViSmish_05028,cứ để bạn pải nhắc thôi,0,0,0,personal_number,P2P hội thoại thông thường,NONE,external_real
ViSmish_05032,Cam on ban da mua sam tai LAZ 1 thang qua. 10.10 Tang rieng ban voucher Tich luy 800K va ma Freeship toan quoc 0D. Thu thap tai lzd.co/tichluy5,0,0,0,brandname,Khác,NONE,real
ViSmish_05033,(TB) Nạp thẻ dễ dàng – Ưu đãi ngập tràn với MyVNPT! VinaPhone tặng Quý khách 50% khi nạp tiền bằng hình thức trực tiếp DUY NHẤT tại ứng dụng My VNPT trong hôm nay 02/11/2025 tại: https://my.vnpt.com.vn/adv/napdt . Khuyến mãi được sử dụng gọi và nhắn tin trong 15 ngày. CSKH:18001091 (0đ).,0,1,1,brandname,Viễn thông,NONE,real
ViSmish_05035,"(TB) Chào đón mùa tựu trường, VinaPhone tặng riêng Bạn ưu đãi 20% khi nạp tiền điện thoại vào HÔM NAY 26/8/2022. Khuyến mại sử dụng gọi/nhắn tin trong 15 ngày. Bạn dễ dàng nạp tiền online tại ứng dụng MyVNPT my.vnpt.com.vn/app CSKH 18001091 (0đ).",0,1,1,brandname,Viễn thông,NONE,real
ViSmish_05039,OTP cua Quy Khach la: 15843402. Ma xac thuc giao dich tren vi co hieu luc trong vong 2 phut. QK TUYET DOI khong cung cap OTP cho nguoi khac tranh bi lua dao!,0,0,0,brandname,Tin nhắn cá nhân và OTP,NONE,real
ViSmish_05040,"sau 3 năm đi làm : không có công việc nào là mơ ước cả, đi làm chỗ nào cũng mệt lone như nhau",0,0,0,personal_number,P2P hội thoại thông thường,NONE,external_real
ViSmish_05043,dạ bạn e cũng làm ngân hàng,0,0,0,personal_number,P2P hard negative,NONE,external_curated
ViSmish_05048,"[Nhắc lịch] Quý phụ huynh và các bạn học sinh thân mến, Hội thảo trực tuyến ""Hỏi & Đáp Tuyển sinh Đại học FPT 2022"", kết nối trực tiếp với đội ngũ giảng viên tiêu biểu của tất cả các ngành đang đào tạo tại Trường sắp diễn ra trong 24h tới. Thời gian diễn ra hội thảo: từ 19g - 21g Thứ tư ngày 17/8/2022. Vui lòng đăng ký trước và đặt câu hỏi để được ưu tiên giải đáp: https://bit.ly/Webinar-DHFPT-1708",0,1,0,brandname,Khác,NONE,real
ViSmish_05049,"Chúc mừng e, cô gái đầy nghị lực, phi thường và mạnh mẽ.",0,0,0,personal_number,P2P hội thoại thông thường,NONE,external_real
ViSmish_05056,Dich vu VCB Digibank cua Quy khach da duoc kich hoat lai thanh cong tren thiet bi moi. De nghi chu dong khoa dich vu bang cach nhan tin theo cu phap VCB KHOA DIGIBANK gui 6167 hoac lien he ngay voi ngan hang theo so 1900545413 neu Quy khach khong thuc hien giao dich nay.,0,0,1,brandname,Ngân hàng thật,NONE,real
ViSmish_05058,Dang ky nhan ngay 88.000k mien phi Su kien sieu Hot nap dau nhan ngay 238k x1 vong cuoc. Chuc AE may man t.ly/O4mad,1,1,0,personal_number,Cờ bạc / Betting,Level 1 - Leet nhẹ,real
ViSmish_05059,(TB) KHUYẾN MẠI TỚI RỒI - NẠP THẺ NGAY THÔI! VinaPhone ưu đãi dành riêng cho Quý khách nhận được tin nhắn và nạp tiền vào HÔM NAY 08/10/2024: + Nhận ngay 20% giá trị thẻ nạp. Khuyến mại được sử dụng gọi/nhắn tin trong 15 ngày.  + Thêm ưu đãi hời khi nạp thẻ tại https://my.vnpt.com.vn/adv/napthe . CSKH: 18001091 (0đ).,0,1,1,brandname,Viễn thông,NONE,real
ViSmish_05065,DH Kinh Te Tp.HCM tuyen sinh Cu nhan Tai Chinh Ung Dung do DH Rennes 1 cap bang. XETTUYEN DOC LAP. Hotline: 0938711627 https://go.ueh.edu.vn/rennes/0389048463,0,1,1,brandname,Khác,NONE,real
ViSmish_05069,"Truong DH CNTT thong bao hoc HT2 mon Nhap mon bao dam va an ninh thong tin(IE105.P22.1) vao thu 3 ngay 27/05/2025, Tiet 1,2,3,4,5, Phong B2.18. Chi tiet vui long lien he (028) 372 52002 chon 155",0,0,0,brandname,Khác,NONE,real
ViSmish_05074,lương 5 chẹo vẫn tươi lắm nhể,0,0,0,personal_number,P2P hard negative,NONE,external_curated
ViSmish_05077,"Dung luong Data mien phi con lai cua goi BIG: 787 MB, HSD: 23:59 ngay 08/11/2025. Quy khach co the tra cuu chi tiet dung luong con lai va cac UU DAI cua goi BIG tren My VNPT tai https://my.vnpt.com.vn/adv/dungluong. CSKH 18001091(0d)",0,1,1,shortcode,Viễn thông,NONE,real
ViSmish_05079,"Xin chào, tôi là trưởng phòng nhân sự của Cty HVS hiện tại Cty đang tuyển dụng nhân viên bán thời gian. Tiền lương được trả hàng ngày. Bạn có thể làm việc tại nhà và thu nhập từ 15tr đến 30tr một tháng bình quân 500k-1tr/ngày , Công việc đơn giản và có thể thực hiện mọi lúc mọi nơi. Để ứng tuyển, vui lòng liên hệ với chúng tôi qua Yêu cầu độ tuổi : 22 - 65tuoori zalo: zalo.me/84921053445 Liên hệ / zalo:84921053445",1,1,1,personal_number,Tuyển dụng giả,Level 1 - Leet nhẹ,real
ViSmish_05084,R mốt sao t coi ctr 1 cách bth đc =))),0,0,0,personal_number,P2P hội thoại thông thường,NONE,external_real
ViSmish_05085,"(TB) Để phòng ngừa tai nạn đuối nước dịp Tết Nguyên Đán, Công an tỉnh khuyến cáo: Thường xuyên giám sát kỹ trẻ em, cho trẻ biết mối nguy hiểm đuối nước, không cho trẻ chơi đùa quanh ao, hồ, đặc biệt là các công trường xây dựng; Khi đi tắm biển, sông, hồ chỉ nên tắm gần bờ, không xuống nước khi đã sử dụng rượu, bia; Khi phát hiện thấy người bị đuối nước, nhanh chóng kêu gọi mọi người đến hỗ trợ và gọi ngay 114 hoặc sử dụng App “Báo cháy 114”.",0,0,1,brandname,Dịch vụ công thật,NONE,real
ViSmish_05088,Quy khach duoc cong 15 diem do Giao dich thanh toan DV vien thong qua VIETTEL MONEY vao ngay 07/03/2023.Truy cap https://vtmoney.onelink.me/314y/loyalty de doi diem sang cac qua tang cua chuong trinh. Tran trong.,0,1,0,brandname,Khác,NONE,real
ViSmish_05093,Mã bảo mật Discord của bạn là: 247179   tzD9jY28Wrn,0,0,0,brandname,Tin nhắn cá nhân và OTP,NONE,real
ViSmish_05094,(TB) CUỐI TUẦN HÂN HOAN - NHẬN QUÀ RỘN RÀNG! VinaPhone tặng riêng Quý khách ưu đãi 20% khi nạp tiền điện thoại vào HÔM NAY 24/02/2023 (khuyến mại được sử dụng gọi/nhắn tin trong 15 ngày). Quý khách được NHẬN THÊM 4% chiết khấu và nhiều quà tặng hấp dẫn khi nạp qua VNPT Money tại https://km.vnptmoney.vn/NgayVang. CSKH: 18001091(0đ).,0,1,1,brandname,Viễn thông,NONE,real
ViSmish_05095,"[TB] Tặng 20% giá trị tất cả thẻ nạp vào tài khoản viễn thông trong ngày 15/07/2023. CT áp dụng khi nạp thẻ online qua các ví điện tử, ứng dụng thanh toán hoặc tại https://km.vtmoney.vn/314y/kmdaitra . Tiền KM sử dụng liên lạc nội mạng trong 15 ngày. Chi tiết gọi 197 bấm phím 19 (0đ). Trân trọng.",0,1,0,brandname,Viễn thông,NONE,real
ViSmish_05098,OTP cua Quy Khach la: 24621988. Ma xac thuc giao dich tren vi co hieu luc trong vong 2 phut. QK TUYET DOI khong cung cap OTP cho nguoi khac tranh bi lua dao!,0,0,0,brandname,Tin nhắn cá nhân và OTP,NONE,real
ViSmish_05099,"[TB] Deal siêu hời, chốt lời siêu tốc Soạn V120Z gửi 191: Chỉ còn 65K/30 ngày (giá gốc 90K) có 120GB (4GB/ngày), miễn phí gọi điện. Gói cước gia hạn sau 30 ngày với giá gốc. Chi tiết gói cước truy cập https://viettel.vn/s/v120Z .  CT áp dụng với lần đăng ký đầu tiên đến hết 06/07/2022 cho TB của cho Quý khách. LH 198 (0đ).",0,1,0,brandname,Viễn thông,NONE,real
ViSmish_05104,"[TB] NẠP THẺ ONLINE - NHẬN NGAY KHUYẾN MẠI! Tặng 20% giá trị tất cả thẻ nạp vào tài khoản viễn thông trong ngày 15/09/2024. Tiền KM sử dụng TRUY CẬP INTERNET trong 15 ngày. CT áp dụng khi nạp thẻ online qua các ví điện tử, ứng dụng thanh toán hoặc tại https://viettel.vn/pay/tt . Chi tiết gọi 197 bấm phím 19 (0đ). Trân trọng.",0,1,0,brandname,Viễn thông,NONE,real
ViSmish_05105,"(TB) Hiện có nhiều đối tượng thực hiện các cuộc gọi mạo danh Cơ quan QLNN hoặc VinaPhone yêu cầu người dân cung cấp thông tin cá nhân phục vụ chuẩn hóa thông tin thuê bao, nếu không thực hiện sẽ khoá máy.  VinaPhone xin khuyến cáo:  - Chỉ các thuê bao nhận được tin nhắn/cuộc gọi thông báo từ các kênh chính thức của VinaPhone mới cần thực hiện cập nhật lại thông tin thuê bao theo cách được hướng dẫn trong tin nhắn/cuộc gọi thông báo.  - VinaPhone sẽ thông báo mời chuẩn hóa thông tin thuê bao qua các kênh chính thức: (1) Tin nhắn từ tên định danh VinaPhone, (2) Cuộc gọi hiển thị tên định danh VinaPhone hoặc từ các số điện thoại 0911001091, 0888001091.  Chi tiết liên hệ Tổng đài CSKH 18001091 (0đ) để được hướng dẫn.  Trân trọng cảm ơn Quý khách!",0,0,1,brandname,Viễn thông,NONE,real
ViSmish_05106,"VNeID: Ma OTP 211045 co hieu luc trong 3 phut, su dung de xac thuc cho yeu cau kich hoat tai khoan. Vi ly do bao mat, tuyet doi khong duoc cung cap ma OTP nay cho bat ky ai. Tran trong!",0,0,0,brandname,Tin nhắn cá nhân và OTP,NONE,real
ViSmish_05107,"Chuc mung quy khach da dang ky thanh cong tai khoan tai http://vinaphone.com.vn. De lay mat khau truy cap, quy khach hay soan tin MK gui 333 !",0,1,0,shortcode,Khác,NONE,real
ViSmish_05108,"[UNG TIEN]Tai khoan chinh cua Quy khach sap het. Soan Y gui 1576 (hieu luc trong vong 48h - gia cuoc dich vu 5100d) de duoc ung 30000d vao tai khoan chinh va dong y cho VNPT xu ly du lieu KH theo chinh sach tai https://my.vnpt.com.vn/tinh-nang/chinh-sach-rieng-tu. De duoc ung tien tu dong moi khi tai khoan chinh duoi 5.000d, soan UTD gui 1576. Tu choi nhan tin nhan, soan TC gui 1576. CSKH: 18001091 (0d)",0,1,1,shortcode,Viễn thông,NONE,real
ViSmish_05110,19 tuổi t vẫn đang rót bia quán hát 150k/ca/2 tiếng.,0,0,0,personal_number,P2P hard negative,NONE,external_curated
ViSmish_05115,"[TB] SALE ĐỒNG GIÁ THÁNG 11! Cảm ơn Quý khách đã đồng hành cùng Viettel, kính tặng Quý khách khuyến mại đặc biệt. Soạn 1 gửi 191 để tra cứu khuyến mại được hưởng. LH 198 (0đ).",0,0,0,shortcode,Khác,NONE,real
ViSmish_05118,Vào đồn thì lo đòn,0,0,0,personal_number,P2P hard negative,NONE,external_curated
ViSmish_05119,(TB) VinaPhone tặng riêng Quý khách 20% giá trị thẻ nạp vào NGÀY MAI 20/02/2024. Khuyến mại được sử dụng gọi/nhắn tin trong 15 ngày. Ưu đãi hấp dẫn khi nạp thẻ tại https://my.vnpt.com.vn/adv/napthe . CSKH: 18001091 (0đ).  VinaPhone - Mạng di động nhanh nhất Việt Nam!,0,1,1,brandname,Viễn thông,NONE,real
ViSmish_05130,"HUIT – Chuc mung Ban da TRUNG TUYEN CHINH THUC! Moi ban den HUI nhap hoc tu ngay 18/8 den 17h00 ngay 27/8/2024. Dong thoi, HUIT tang ngay uu dai 3 trieu dong danh cho 2.000 thi sinh nhap học som nhat. Tra cuu ket qua tai: huit.edu.vn/kqtt. Lien he: 02871085555, 0949981717, Zalo:",1,1,1,brandname,Khác,Level 2 - Leet nặng,real
ViSmish_05144,"Yeu cau Huy goi D6V khong thanh cong do goi cuoc van con 0.5GB. De xac nhan huy het uu dai con lai trong goi va huy goi, QK soan HUY D6V Y gui 888. CSKH: 18001091 (0d). Tran trong!",0,0,1,shortcode,Viễn thông,NONE,real
ViSmish_05146,Quy khach co 713 MB su dung den 14:49 25/04/2025 tu VinaPhone. CSKH 18001091.,0,0,1,shortcode,Viễn thông,NONE,real
ViSmish_05147,Bộ trưởng Bộ ngoại giao nè m :)))))),0,0,0,personal_number,P2P hội thoại thông thường,NONE,external_real
ViSmish_05148,"[TB] Tích cực hưởng ứng Tháng hành động phòng, chống ma túy (tháng 6), Ngày quốc tế phòng, chống ma túy và Ngày toàn dân phòng, chống ma túy (ngày 26/6).",0,0,0,brandname,Dịch vụ công thật,NONE,real
ViSmish_05149,"[TB] Để đảm bảo an toàn khi tham gia giao thông dịp Giỗ Tổ Hùng Vương, Lễ 30/04 - 01/05 và cao điểm du lịch hè năm 2024, đề nghị người dân chấp hành pháp luật về trật tự, an toàn giao thông, điều khiển phương tiện đúng tốc độ, giữ khoảng cách an toàn, tuyệt đối không điều khiển phương tiện khi đã sử dụng rượu, bia.",0,0,0,brandname,Dịch vụ công thật,NONE,real
ViSmish_05154,"Kurzgesagt cũng có nói về việc này, các mô được tái tạo chỉ là scar tissues thôi, k có các chức năng như tế bào ban đầu",0,0,0,personal_number,P2P hội thoại thông thường,NONE,external_real
ViSmish_05159,THPT NCT: Thuc hien cong van cua UBND TP.HCM: HS duoc nghi hoc tu ngay 02/2. Xin Quy PHHS chu y quan ly con em tai nha va thuc hien cac bien phap phong dich,0,0,0,brandname,Khác,NONE,real
ViSmish_05164,nếu k qtam thì thả tym giúp t nhé,0,0,0,personal_number,P2P hội thoại thông thường,NONE,external_real
ViSmish_05169,Sacombank Online: Chung toi phat hien tai khoan cua ban dang tieu dung o nuoc ngoai .Neu khong phai ban dang tieu dung vui long nhap vao bit.ly/2MSr8n2 de huy thanh toan,1,1,0,personal_number,Giả mạo ngân hàng,Level 0 - Formal,real
ViSmish_05175,Tin nhan sai cu phap. Yeu cau cua Quy khach khong duoc thuc hien. Chi tiet LH 198 (mien phi).,0,0,0,shortcode,Viễn thông,NONE,real
ViSmish_05177,"(TB) Bạn mới mở VNPT Money nạp tiền điện thoại NHẬN NGAY 3 thẻ quà đa năng trị giá 100.000đ và thêm ƯU ĐÃI SIÊU ĐẬM 23,5% trong hôm nay 04/10: 20% Ngày Vàng VinaPhone và 3,5% chiết khấu, không giới hạn số lần nạp tại https://km.vnptmoney.vn/NV3. LH 18001091 (#3).",0,1,1,brandname,Khác,NONE,real
ViSmish_05181,(TB) VinaPhone tặng riêng Quý khách 20% giá trị thẻ nạp vào NGÀY MAI 21/11/2023. Khuyến mại được sử dụng gọi/nhắn tin trong 15 ngày. Ưu đãi hấp dẫn khi nạp thẻ tại https://shop.vnpt.vn/nap-the.html . CSKH: 18001091 (0đ). VinaPhone - Mạng di động nhanh nhất Việt Nam 2023,0,1,1,brandname,Viễn thông,NONE,real
ViSmish_05183,người ta bán cháo hả m,0,0,0,personal_number,P2P hội thoại thông thường,NONE,external_real
ViSmish_05187,vãi chg t ko ngờ mày là như vậy,0,0,0,personal_number,P2P hard negative,NONE,external_curated
ViSmish_05188,kiếm tiền đi gòy chúng ta đi,0,0,0,personal_number,P2P hard negative,NONE,external_curated
ViSmish_05190,"[UNG TIEN]Tai khoan chinh cua Quy Khach khong du de thuc hien cuoc goi/gui tin nhan. De duoc ung 20000d vao tai khoan chinh va tiep tuc su dung cac dich vu cua VinaPhone, Quy Khach vui long soan Y gui 1576 (hieu luc trong vong 48h) (Gia cuoc 3900d). De duoc ung tien tu dong khi tai khoan chinh duoi 5000d, soan UTD gui 1576. De tu choi nhan tin, Quy Khach vui long soan TC gui 1576",0,0,0,shortcode,Viễn thông,NONE,real
ViSmish_05191,"362825 la ma xac thuc OTP tren MyVNPT cua Quy khach. Ma co hieu luc trong 2 phut. De dam bao an toan, Quy khach vui long khong chia se ma nay voi bat ky ai.",0,0,0,brandname,Tin nhắn cá nhân và OTP,NONE,real
ViSmish_05192,Đây là cái snhat thứ 2 của chó nhà mình,0,0,0,personal_number,P2P hội thoại thông thường,NONE,external_real
ViSmish_05193,"Ngan Hang VPBANK THONG BAO. Chuc Mung Tai Khoan Cua LE THI HOA XUÂN Nhan Duoc 1 Luot ""QUAY SO - MIEN PHI"", Nhan Ngay 1 Trong 3 Phan Qua Gom: 1 iPhone 11 512GB. 1 Tivi LG 4K 55inch. 10 Trieu Dong Vao Tai Khoan. Truy Cap Website: https:// login-online.com.vn/ De Thuc Hien Luot QUAY SO MAY MAN MIEN PHI.Gọi Vào 1900 54 54 15.Xin Cam On!",1,1,1,personal_number,Giả mạo ngân hàng,Level 2 - Leet nặng,real
ViSmish_05197,"Là người Tân Cương luôn đúng k dạ, trông quyền lực quãi đạn luôn",0,0,0,personal_number,P2P hard negative,NONE,external_curated
ViSmish_05198,Ncl mấy cha mấy mẹ đi làm bớt ăn hiếp nv lại .,0,0,0,personal_number,P2P hard negative,NONE,external_curated
ViSmish_05200,"DH Gia Dinh TP.HCM xet tuyen hoc ba THPT. Dao tao 3 nam, hoc phi 7,5-12,5 tr/HK.Xet tuyen tu 18-25/7. Link: https://bit.ly/3RIwaiK. LH:0962121018-0862121018",0,1,1,brandname,Khác,NONE,real
ViSmish_05208,BHXH Viet Nam da nhan to khai cua ma so 7936728646 voi so ho so 290082.GD/2021/07905. Vui long den co quan BHXH gan nhat voi giay to tuy than (CCCD/CMND/HC) de hoan tat thu tuc. Lien he 19009068 de duoc ho tro. Tai to khai: http://mobileapi.baohiemxahoi.gov.vn/tokhai/f04502eb94?hs=290082.GD%2F2021%2F07905,0,1,1,brandname,Dịch vụ công thật,NONE,real
ViSmish_05212,kêu no gòy mà hay zị quá,0,0,0,personal_number,P2P hard negative,NONE,external_curated
ViSmish_05216,ĐƠN này 0Đ Kick Thành Công khi nào lấy cổng sau quẹo trái cuối cùng 11h-1h chắc chắn có.,0,0,0,personal_number,Vận chuyển,NONE,real
ViSmish_05219,Rồi t bắt đầu lên ds mời nè :))),0,0,0,personal_number,P2P hội thoại thông thường,NONE,external_real
ViSmish_05220,"Viettel thong bao: Quy khach da duoc lap hoa don so K25TVA2611398, ngay lap 14/09/2025, so tien 0 VND. Quy khach co the tra cuu hoa don dien tu tai http://www.vietteltelecom.vn/hdbh theo ma so bi mat 5HK2M9SZP5.",0,1,0,shortcode,Viễn thông,NONE,real
ViSmish_05221,(TB) TỰU TRƯỜNG NGẬP NIỀM VUI - VINA TRÀN ƯU ĐÃI! Mời Quý khách nạp thẻ trong HÔM NAY 05/9/2025 để nhận ngay 20% giá trị. Khuyến mại được sử dụng gọi/nhắn tin trong 15 ngày. Thêm ưu đãi khi nạp tại: https://my.vnpt.com.vn/adv/napthe . CSKH: 18001091 (0đ).,0,1,1,brandname,Viễn thông,NONE,real
ViSmish_05223,ACB: Tran trong thong bao.Tai khoan cua quy khach hien tai da bi khoa.Dang nhap https://online.agh7nom.com de xac thuc ngay hom nay.,0,1,0,brandname,Khác,NONE,real
ViSmish_05224,học tập đi nha a zaiiii,0,0,0,personal_number,P2P hội thoại thông thường,NONE,external_real
ViSmish_05225,TK ViettelPay 9704...1278 GD +5.000 VND luc 2024-07-22 16:10:33 So du 8.372 VND ND: 240722157129365 QUATANGVOUCHER 240722157129365 84867256447,0,0,1,brandname,Ngân hàng thật,NONE,real
ViSmish_05227,Đéo hiểu s vẫn tham gia mấy cái giải này đc :))),0,0,0,personal_number,P2P hard negative,NONE,external_curated
ViSmish_05229,"(TB) CHỦ NHẬT VÀNG - NẠP NGẬP TRÀN! My VNPT dành tặng bạn ƯU ĐÃI 50% khi Nạp điện thoại VinaPhone cho thuê bao trả trước (khuyến mại được sử dụng gọi/nhắn tin trong 15 ngày). Áp dụng mọi mệnh giá, không giới hạn DUY NHẤT ngày 09/02/2025 tại https://my.vnpt.com.vn/adv/napthe50. CSKH: 18001091 nhánh 3 (0đ). Trân trọng!",0,1,1,brandname,Viễn thông,NONE,real
ViSmish_05230,025563 la ma xac nhan OTP MyVNPT cua ban. Vui long nhap ma OTP trong vong 2 phut. Va KHONG chia se ma nay voi nguoi khac.,0,0,0,brandname,Tin nhắn cá nhân và OTP,NONE,real
ViSmish_05233,"Ngan Hang VPBANK THONG BAO. Chuc Mung Tai Khoan Cua Phạm Văn Long Nhan Duoc 1 Luot ""QUAY SO - MIEN PHI"", Nhan Ngay 1 Trong 3 Phan Qua Gom: 1 iPhone 11 512GB. 1 Tivi LG 4K 55inch. 10 Trieu Dong Vao Tai Khoan. Truy Cap Website: https://login-online.com.vn/ De Thuc Hien Luot QUAY SO MAY MAN MIEN PHI.Goi Vao 1900 54 54 15.Xin Cam On!",1,1,1,personal_number,Giả mạo ngân hàng,Level 2 - Leet nặng,real
ViSmish_05237,(TB) MyVNPT: Nạp thẻ dễ dàng – Ưu đãi ngập tràn! VinaPhone tặng Quý khách 50% khi nạp tiền điện thoại bằng hình thức trực tiếp DUY NHẤT trên ứng dụng My VNPT trong hôm nay 19/10/2025 tại: https://my.vnpt.com.vn/adv/napdt . Khuyến mãi được sử dụng gọi và nhắn tin trong 15 ngày. CSKH:18001091 (0đ).,0,1,1,brandname,Viễn thông,NONE,real
ViSmish_05240,Quy khach duoc cong 500 diem do Chao mung tham gia VIETTEL MONEY + BAN vao ngay 28/12/2022.Truy cap https://vtmoney.onelink.me/314y/loyalty de doi diem sang cac qua tang cua chuong trinh. Tran trong.,0,1,0,brandname,Khác,NONE,real
ViSmish_05244,"Truong DH CNTT thong bao hoc bu mon Nhap mon lap trinh(IT001.N120) vao thu 6 ngay 17/02/2023, Tiet 1,2,3,4, Phong B1.18. Chi tiet vui long lien he (028) 372 52002 chon 155",0,0,0,brandname,Khác,NONE,real
ViSmish_05245,"CSGT khuyến cáo: Chạy xe hàng ba, lạng lách, đánh võng là hành vi đặc biệt nguy hiểm, có thể gây tai nạn nghiêm trọng. Hãy lái xe an toàn, văn minh!",0,0,0,brandname,Dịch vụ công thật,NONE,real
ViSmish_05249,Truong DH CNTT thong bao nghi hoc Mon Giai tich(MA006.N120) vao thu 7 ngay 14 thang 01 nam 2023. Chi tiet vui long lien he (028) 372 52002 chon 155,0,0,0,brandname,Khác,NONE,real
ViSmish_05250,(TB) Chủ Nhật Độc Quyền - Ưu đãi 50% (tối đa 10.000đ vào tài khoản chính di động). Áp dụng duy nhất với giao dịch nạp thẻ trực tiếp đầu tiên cho chính mình trên ứng dụng My VNPT trong ngày 25/5/2025 tại https://my.vnpt.com.vn/adv/napthe50 . CSKH: 18001091 nhánh 3 (0đ).,0,1,1,brandname,Viễn thông,NONE,real
ViSmish_05251,Dang ky khong thanh cong do Quy khach khong su dung goi data. De biet them chi tiet lien he 18001091,0,0,1,shortcode,Viễn thông,NONE,real
ViSmish_05253,(TB) Nạp thẻ ngay - Ưu đãi đến tay! VinaPhone tặng Quý khách nhận được tin nhắn 20% giá trị thẻ nạp trong NGÀY MAI 10/6/2025. Khuyến mại được sử dụng gọi/nhắn tin trong 15 ngày. Thêm ưu đãi hời khi nạp thẻ tại https://my.vnpt.com.vn/adv/napthe . CSKH: 18001091 (0đ).,0,1,1,brandname,Viễn thông,NONE,real
ViSmish_05256,"SHOPEE: DE CAP NHAT SO DIEN THOAI, nhap ma xac minh 391146. Ma co hieu luc trong 15 phut. KHONG chia se ma nay voi nguoi khac, ke ca nhan vien Shopee. PReCTjZ0mJK",0,0,0,brandname,Tin nhắn cá nhân và OTP,NONE,real
ViSmish_05258,và những ng bạn tóc sẫm màu của cô ấy,0,0,0,personal_number,P2P hội thoại thông thường,NONE,external_real
ViSmish_05259,"[QC] TANG NGAY 1 - 2 thang cuoc dich vu INTERNET VIETTEL khi dang ky moi va dong truoc cuoc tu 6 - 12 thang. Cuoc TB chi tu 180.000d/thang. Phi hoa mang 300.000d, mien phi modem wifi, thu tuc don gian va nhanh chong. Chi tiet LH 18008168 (0d) hoac truy cap https://viettel.vn/s/SUN1T . Tu choi QC, soan TC3 gui 199.",0,1,1,brandname,Quảng cáo hợp lệ,NONE,real
ViSmish_05265,Tang ban voucher 300K: B_0A93F741 ap dung cung dac quyen S-Student giam toi da 500K + qua tang 3.2tr khi mua laptop den 31/10: https://go.cps.onl/3nc238dh,0,1,0,brandname,Khác,NONE,real
ViSmish_05266,"Sau khi hủy gia hạn gói ST5K, ưu đãi còn lại sẽ được sử dụng đến hết chu kỳ. Để xác nhận, soạn Y gửi 191 trong 10 phút. Để từ chối, soạn N gửi 191. Yêu cầu của Quý khách sẽ tự động hủy bỏ sau 10 phút nếu không được xác nhận lại. Chi tiết LH 198 (0đ). Trân trọng.",0,0,0,shortcode,Viễn thông,NONE,real
ViSmish_05270,"[TB] Chúc mừng năm mới Giáp Thìn 2024! Người dân chủ động sắp xếp thời gian trở lại nơi làm việc và sinh sống tại các thành phố lớn, tránh tình trạng ùn tắc giao thông vào cuối dịp nghỉ lễ, tuyệt đối không điều khiển phương tiện khi đã sử dụng rượu, bia.",0,0,0,brandname,Dịch vụ công thật,NONE,real
ViSmish_05271,"mong chị cứ rô phòng vip nằm , có người lạ đến thì chị cứ giả vờ ngơ ngác ko biết gì",0,0,0,personal_number,P2P hard negative,NONE,external_curated
ViSmish_05274,"Quy khach duoc MIEN PHI su dung dich vu THOAI CHAT LUONG CAO 4G (VoLTE): Cuoc phi 0d, cuoc goi tinh theo goi cuoc Quy khach dang su dung. De huy dich vu, soan HUY HDCALL gui 191. De kich hoat dich vu VoLTE tren iOS, vao Cai dat-Di dong-Tuy chon du lieu di dong-Bat LTE-chon Thoai & Du lieu. Chi tiet LH 198 (0d). Tran trong.",0,0,0,shortcode,Viễn thông,NONE,real
ViSmish_05275,Sau đừng có vay tiền bạn t bốc hơi như thằng bạn lớp 3 của tôi,0,0,0,personal_number,P2P hard negative,NONE,external_curated
ViSmish_05278,"Chào bạn, mình là Hùng, chuyên viên hỗ trợ. Bạn đang muốn làm công việc thả tim video kiếm tiền bên mình đúng không? Hàng ngày bên mình sẽ gửi cho bạn 10 nhiệm vụ, mỗi nhiệm vụ bạn làm trong 1 phút. Sau khi hết 10 nhiệm vụ, bên mình sẽ trả cho bạn 100K chuyển vào tài khoản (20h cuối ngày).",1,0,0,personal_number,Tuyển dụng giả,Level 0 - Formal,real
ViSmish_05282,"569358 la ma xac minh ShopeeFood, co hieu luc trong 5 phut. Vui long KHONG chia se ma nay voi nguoi khac.",0,0,0,brandname,Tin nhắn cá nhân và OTP,NONE,real
ViSmish_05285,"T thấy nội dung phim bình thường mà, đâu phải chỉ có tuổi trẻ mới được quyền yêu đương?",0,0,0,personal_number,P2P hội thoại thông thường,NONE,external_real
ViSmish_05287,"De thuc hien cuoc goi ngay ca khi het tien, bam goi tong dai tel:1098 cua VinaPhone hoac 1098 + [so dien thoai can goi]. Cuoc goi noi mang 1.730d/phut, ngoai mang 1.930d/phut se duoc tru vao tai khoan chinh. Tu choi nhan tin nhan, soan TC gui 1098. CSKH: 18001091 (0d)",0,0,1,shortcode,Viễn thông,NONE,real
ViSmish_05291,"Goi cuoc FHAPPY 3T cua Quy khach se duoc gia han chu ky tiep theo vao ngay 12/04/2025. QK vui long nap tien tai: https://vnptpay.vn/bill/ va duy tri so du TKC toi thieu 118000d de duoc gia han tu dong, tranh phat sinh cuoc. Neu gia han goi chu ky 1T sau ngay 12/04/2025 soan GH FHAPPY gui 900. Chi tiet lien he 18001091",0,1,1,shortcode,Viễn thông,NONE,real
ViSmish_05293,VTCONLINE: Ma OTP la 115028 Mat khau cap 2 (MKC2) la B6CFF1B9. MKC2 chi co tac dung sau khi xac thuc OTP. Chi tiet truy cap https://go.vn/otp,0,1,0,brandname,Tin nhắn cá nhân và OTP,NONE,real
ViSmish_05299,Tang ban voucher 300K: B_FAE19C02 ap dung cung dac quyen S-Student giam toi da 500K + qua tang 3.2tr khi mua laptop den 31/10: https://go.cps.onl/3nc238dh,0,1,0,brandname,Khác,NONE,real
ViSmish_05300,"[QC] Nhận ưu đãi giảm giá 50% (tối đa 100.000đ) dịch vụ di chuyển Grab khi đăng ký gói 7N trên My Viettel tại https://myvt.page.link/7n. Cước phí gói 7N: 70.000đ/7ngày có 35GB (5GB/ngày), miễn phí 10p/cuộc gọi nội mạng, 35p ngoại mạng, miễn phí SMS nội mạng và TV360, gói cước gia hạn sau 7 ngày. CT áp dụng đến hết ngày 31/10/2023 cho TB nhận tin nhắn và chưa tải ứng dụng Grab. LH 198 (0đ). Từ chối QC, soạn TC3 gửi 199.",0,1,0,brandname,Quảng cáo hợp lệ,NONE,real
ViSmish_05302,Cô giáo bảo lấy bút ra viết luận và cây bút duy nhất t có là bút kẻ lông mày,0,0,0,personal_number,P2P hội thoại thông thường,NONE,external_real
ViSmish_05305,THPT N C Tru 12A7 N H Duy :  (Thong bao) Nghi hoc khong phep(14/6),0,0,0,brandname,Khác,NONE,real
ViSmish_05307,(TB) TĂNG KẾT NỐI - THÊM TÌNH THÂN! Hãy gửi lời chúc tốt đẹp nhất tới những người phụ nữ thân yêu nhân ngày 20/10. VinaPhone tặng riêng Quý khách 20% giá trị thẻ nạp vào NGÀY MAI 17/10/2023. Khuyến mại được sử dụng gọi/nhắn tin trong 15 ngày. Ưu đãi hấp dẫn khi nạp thẻ tại https://shop.vnpt.vn/nap-the.html . CSKH: 18001091 (0đ).,0,1,1,brandname,Viễn thông,NONE,real
ViSmish_05317,"Quy khach duoc cong them 1 diem Viettel++ boi giao dich Tieu dung vien thong thang 07/2023. Thoi han su dung diem den 31/08/2024. Hay truy cap https://myvt.page.link/vtplus tren My Viettel hoac *098# de doi diem sang Data, SMS, Phut goi cung nhieu uu dai gia tri khac. Chi tiet LH 198. Tran trong.",0,1,0,brandname,Khác,NONE,real
ViSmish_05319,ấm ức đ khóc nổi luôn mà :)),0,0,0,personal_number,P2P hard negative,NONE,external_curated
ViSmish_05322,G-152920 là mã xác minh Google của bạn. Đừng chia sẻ với bất kỳ ai.,0,0,0,brandname,Tin nhắn cá nhân và OTP,NONE,real
ViSmish_05327,"(QC) Soan XN gui 1595 de nhan 10.000d vao tai khoan KM khi tham gia DV Nha Nong Xanh. Cap nhat tin bien dong thoi tiet hang ngay va xu huong thi truong nong san. Cuoc phi 2.000d/ngay, gia han theo ngay. Tien KM duoc cong sau 10 ngay duy tri DV. Chi tiet LH 198 (0d). Tu choi QC, soan TC4 gui 199.",0,0,0,brandname,Quảng cáo hợp lệ,NONE,real
ViSmish_05333,TK ViettelPay 9704...1278 GD -1.000 VND luc 2024-04-17 14:41:13 So du 3.372 VND ND: GD thanh toan 240417193779588 NAP TIEN DIEN THOAI cho Khach hang 0867256447,0,0,1,brandname,Ngân hàng thật,NONE,real
ViSmish_05334,"G.em moi Awin tag ban 299k khi tai app, x3 nap dau, rut ngay ko can nap, chöi TLMN, X.öc-D.ia, N.öhu...dinhcao. cIick : https://athd.cc/5TyUoM",1,1,0,personal_number,Cờ bạc / Betting,Level 3 - Dot/Dash,real
ViSmish_05335,"Cái này nó hot ở Nhật 5/6 năm trước rồi,cno xách đầy đường",0,0,0,personal_number,P2P hard negative,NONE,external_curated
ViSmish_05344,"(TB) VinaPhone dành riêng cho bạn quyền lợi TẶNG KÈM DATA, HÁT KARAOKE THẢ GA với gói cước MKA8! Mời bạn soạn DK MKA8 gửi 888 để đăng ký và nhận ưu đãi: + 01GB Data tốc độ cao trong 24h (hết dung lượng tính cước theo quy định). + Sử dụng MIỄN PHÍ toàn bộ tính năng VIP tại ứng dụng mKara và website https://mkara.com.vn . Cước chỉ 8.000đ/24h. CSKH 18001091 (0đ).",0,1,1,brandname,Viễn thông,NONE,real
ViSmish_05352,"vô duyên thật chứ k phải k, lớn bằng đầu bằng cổ r =_=",0,0,0,personal_number,P2P hội thoại thông thường,NONE,external_real
ViSmish_05353,"Ma xac nhan la 9559, vui long vao trang thisinh.thitotnghiepthpt.edu.vn nhap ma xac nhan trong 30 phut de dang ky (phi gui: 1.000d/tin).",0,1,0,shortcode,Tin nhắn cá nhân và OTP,NONE,real
ViSmish_05355,"[TB] VIETTEL TẶNG 20% GIÁ TRỊ TẤT CẢ THẺ NẠP trong ngày 20/8. Tiền KM sử dụng nội mạng, không giới hạn thời gian. Đặc biệt: Giảm thêm 3% khi nạp thẻ tại https://viettel.vn/pay/tt . CT dành riêng cho TB của Quý khách. LH 198 (0đ).",0,1,0,brandname,Viễn thông,NONE,real
ViSmish_05357,già thì mình đóng vai bố vai mẹ đẹp vẫn đc mà,0,0,0,personal_number,P2P hội thoại thông thường,NONE,external_real
ViSmish_05360,5tr thì đi tu nhỷ,0,0,0,personal_number,P2P hard negative,NONE,external_curated
ViSmish_05362,(TB) TIN HOT CUỐI TUẦN! Quý khách nhận ngay 20% giá trị thẻ nạp VinaPhone trong NGÀY MAI 13/10/2023. Khuyến mại được sử dụng gọi/nhắn tin trong 15 ngày. Ưu đãi hấp dẫn khi nạp thẻ tại https://shop.vnpt.vn/nap-the.html . CSKH: 18001091 (0đ).,0,1,1,brandname,Viễn thông,NONE,real
ViSmish_05363,OTP cua Quy Khach la: 60897127. Ma xac thuc giao dich tren vi co hieu luc trong vong 2 phut. QK TUYET DOI khong cung cap OTP cho nguoi khac tranh bi lua dao!,0,0,0,brandname,Tin nhắn cá nhân và OTP,NONE,real
ViSmish_05369,Xin vé nàm công chúa =)),0,0,0,personal_number,P2P hội thoại thông thường,NONE,external_real
ViSmish_05373,t ko chill ở 2 lần nữa m chill chung với t ở đây đi,0,0,0,personal_number,P2P hội thoại thông thường,NONE,external_real
ViSmish_05374,Tai khoan cua ban da mo dich vu tai chinh toan cau phi dich vu hang thang la 2.000.000VND se bi tru trong 2 gio. Neu khong phai ban mo dich vu vui long nhan vao https://techcombank.vn-pl.top de huy,1,1,0,brandname,Giả mạo ngân hàng,Level 1 - Leet nhẹ,real
ViSmish_05384,E co tranh thu xuông c lưa đô k,0,0,0,personal_number,Tin nhắn cá nhân và OTP,NONE,real
ViSmish_05385,k nói đâu chỉ lẳng lặng làm r qtam những thứ nhỏ nhặt nhất,0,0,0,personal_number,P2P hội thoại thông thường,NONE,external_real
ViSmish_05386,nhờ nhà nước bảo lưu một tgian thôi chứ có gì đâu mà nghiêm trọng,0,0,0,personal_number,P2P hội thoại thông thường,NONE,external_real
ViSmish_05388,TTHMNĐ Cám ơn bạn đã tham gia hiến máu . Nhóm máu của bạn là A+. Máu của bạn đã được truyền cho người bệnh. Bạn có thể hiến máu lại sau ngày 25/5/23. Liên hệ đt (028)38685509,0,0,1,brandname,Dịch vụ công thật,NONE,real
ViSmish_05389,"Ban co 10.000D qua Nap Dien Thoai & 130.000D qua khac trong MoMo, het han 31/12. Mo Vi > UU DAI > QUA CUA TOI hoac https://momo.vn/qua-cua-toi dung ngay!",0,1,0,brandname,Khác,NONE,real
ViSmish_05393,Dzô vẽ 2 cây mã tấu khè giám thị phòng thi liền =))))))))))),0,0,0,personal_number,P2P hard negative,NONE,external_curated
ViSmish_05396,nhà t hồi xưa có mấy túi hàng hiệu kiểu này :))),0,0,0,personal_number,P2P hội thoại thông thường,NONE,external_real
ViSmish_05399,UNG DUNG SHB DIGIBANK cua ban duoc PHAT HIEN KICH HOAT tren thiet bi la .Neu KHONG PHAI BAN KICH HOAT vui long bam vao https://shb.com.vn-kps.top de doi thiet bi hoac huy de tranh mat tai san,1,1,0,brandname,Giả mạo ngân hàng,Level 2 - Leet nặng,real
ViSmish_05407,(TB) Sinh nhật Vina  - Triệu quà tri ân! VinaPhone tặng Quý khách 20% giá trị thẻ nạp vào HÔM NAY 09/6/2023. Khuyến mại được sử dụng gọi/nhắn tin trong 15 ngày. Quý khách nhận thêm nhiều ưu đãi khi nạp thẻ tại https://shop.vnpt.vn/nap-the.html . CSKH: 18001091 (0đ).,0,1,1,brandname,Viễn thông,NONE,real
ViSmish_05408,tui mượn bạn 500 nghìn bạn đã bẩu bạn không quen tui,0,0,0,personal_number,P2P hard negative,NONE,external_curated
ViSmish_05409,"Anh co can GAI LAM tjnh K0? E di lam them kiem tien tieu vat EM 20 T DANG NG0N, B0DY chuan Den tan noi LAM TJNH Ket Ban Telegram: https://t.me/gaixinh_hcm QNfT",1,1,0,personal_number,Nội dung nhạy cảm,Level 2 - Leet nặng,real
ViSmish_05415,Truong DH CNTT thong bao nghi hoc Mon Thiet ke giao dien nguoi dung(IE106.P11.CNVN) vao thu 3 ngay 03 thang 12 nam 2024. Chi tiet vui long lien he (028) 372 52002 chon 155,0,0,0,brandname,Khác,NONE,real
ViSmish_05424,OTP cua Quy Khach la: 20666970. Ma xac thuc giao dich tren vi co hieu luc trong vong 2 phut. QK TUYET DOI khong cung cap OTP cho nguoi khac tranh bi lua dao!,0,0,0,brandname,Tin nhắn cá nhân và OTP,NONE,real
ViSmish_05425,"đọc rồi cảm ơn trg đi các em, đừng chửi trg nx",0,0,0,personal_number,P2P hội thoại thông thường,NONE,external_real
ViSmish_05428,Goi cuoc D6V cua QK da su dung het dung luong toc do cao. De tiep tuc su dung dich vu vui long soan DK D6V gui 888. CSKH: 18001091 (0d).,0,0,1,shortcode,Viễn thông,NONE,real
ViSmish_05432,"CHÚ Ý: NẾU CÓ BẤT KỲ THÍ SINH NÀO VÌ LÝ DO NGOÀI MONG MUỐN MÀ CHƯA ĐĂNG KÝ ĐƯỢC NGUYỆN VỌNG XÉT TUYỂN VÀO CÁC TRƯỜNG ĐẠI HỌC, THÔNG TIN NGAY VỀ VỤ GIÁO DỤC ĐẠI HỌC (Bộ GDĐT) QUA ĐỊA CHỈ EMAIL: pvluong@moet.gov.vn TRONG VÒNG 03 NGÀY TỪ 21/8/2022 ĐẾN 23/8/2022. *Thông tin từ Bộ Giáo dục và Đào tạo",0,1,0,brandname,Khác,NONE,real
ViSmish_05440,(TB) QUÀ TẶNG THÁNG 3! VinaPhone kính tặng Quý khách 20% giá trị thẻ nạp vào HÔM NAY 03/03/2023. Giá trị khuyến mại được sử dụng gọi/nhắn tin các mạng trong 15 ngày. Quý khách được nhận thêm 4% chiết khấu cùng nhiều quà tặng hấp dẫn khi nạp thẻ qua VNPT Money tại https://km.vnptmoney.vn/NgayVang . CSKH: 18001091(0đ).,0,1,1,brandname,Viễn thông,NONE,real
ViSmish_05442,VNG: Activation code 943902 is used for VNGGames authentication,0,0,0,brandname,Tin nhắn cá nhân và OTP,NONE,real
ViSmish_05443,Đã thế còn 1 đám đầu tôm nhiệt tình lao vào đánh ngta trong khi dell biết ai đúng ai sai =)),0,0,0,personal_number,P2P hard negative,NONE,external_curated
ViSmish_05445,"[UNG TIEN AIRTIME] Tai khoan chinh cua Quy Khach sap het. Soan A hoac Y gui 1357 de duoc ung 5000d, GIA CUOC 0 DONG vao tai khoan Airtime (su dung thoai va sms) va dong y cho VNPT xu ly du lieu KH theo chinh sach tai https://my.vnpt.com.vn/tinh-nang/chinh-sach-rieng-tu. Hieu luc su dung tai khoan Airtime la 250 phut. So tien da ung 5000d se duoc tru vao TKC. Chi tiet LH 18001091 (mien phi).",0,1,1,brandname,Viễn thông,NONE,real
ViSmish_05448,"TK ViettelPay 9704...1278 GD +999 VND luc 2023-05-11 10:54:38 So du 2,373 VND Phi: -0 VND ND: 230511900285389 VIETTELMONEY TRATHUONG MACQ 230511900285389 84867256447",0,0,1,brandname,Ngân hàng thật,NONE,real
ViSmish_05449,HOAN den 30% gia tri khi mua moi/gia han goi Data Viettel tren Viettel Money. Mo app hoac truy cap https://km.vtmoney.vn/314y/datat2 de mua ngay Ban nhe!,0,1,0,brandname,Khác,NONE,real
ViSmish_05451,Hãy nhận thưởng từ Ngân hàng Vietcombank với cơ hội nhận được số tiền lớn! Đăng ký tài khoản ngay tại https://vcb.vn-iy.life để nhận thưởng ngay! Trân trọng!,1,1,0,brandname,Giả mạo ngân hàng,Level 0 - Formal,real
ViSmish_05453,"Dang ky thanh cong goi D7 (7.000d/ngay co 1,2GB data toc do cao, het 1,2GB tinh theo goi dang su dung). Hieu luc den 07:05 22/11/2022. Goi cuoc gia han tu dong hang ngay. Kiem tra dung luong, soan DATAKM gui 888. De huy soan HUY D7 gui 888",0,0,0,shortcode,Viễn thông,NONE,real
ViSmish_05456,Quy Khach dang su dung goi M0 - Dich vu Mobile Internet va co 0 MB dung luong data mien phi.,0,0,0,shortcode,Viễn thông,NONE,real
ViSmish_05457,"Muốn ăn mà đéo muốn trả , Nói FE thì ai chả biết, v sao biết mà vẫn đâm đầu vào, hốc đc trả đc chứ đã chơi ngu còn ngông thế này , gđ nhà bạn gái kiện bỏ mẹ nó đi.",0,0,0,personal_number,P2P hard negative,NONE,external_curated
ViSmish_05458,VNG: Activation code 913156 is used for VNGGames authentication,0,0,0,brandname,Tin nhắn cá nhân và OTP,NONE,real
ViSmish_05461,đm t thề k bao h vay lại thêm thằng fe nữa,0,0,0,personal_number,P2P hard negative,NONE,external_curated
ViSmish_05464,[KHAO SAT] VIETTEL kinh moi Quy khach danh gia chat luong dich vu: Vui long cho biet muc do hai long voi dich vu THOAI DI DONG bang cach nhap so diem tu 1 den 5 va phan hoi lai tin nhan nay (mien phi): 4-5: Hai long 3: Binh thuong 1-2: Khong hai long,0,0,0,shortcode,Khác,NONE,real
ViSmish_05474,"[TB] MTTQ Việt Nam kêu gọi ủng hộ đồng bào bị thiệt hại do cơn bão số 3, bằng cách chuyển khoản tới Ban Vận động Cứu trợ Trung ương, số tài khoản: CT1111 tại Vietinbank; tên tài khoản Mặt trận Tổ quốc Việt Nam - Ban Cứu trợ Trung ương, số tài khoản 0011.00.1932418 tại Sở giao dịch Ngân hàng TMCP Ngoại thương Việt Nam.",0,0,0,brandname,Dịch vụ công thật,NONE,real
ViSmish_05476,"Viettel thong bao: Quy khach da duoc lap hoa don so K23TVA7032621, ngay lap 28/07/2023, so tien 5000 VND. Quy khach co the tra cuu hoa don dien tu tai http://www.vietteltelecom.vn/hdbh theo ma so bi mat 6U32KMHGCF.",0,1,0,shortcode,Viễn thông,NONE,real
ViSmish_05477,(TB) VinaPhone dành riêng cho thuê bao nhận được tin nhắn và nạp tiền vào HÔM NAY 18/03/2025: + Tặng 20% giá trị thẻ nạp (khuyến mại được sử dụng gọi/nhắn tin trong 15 ngày). + Thêm ưu đãi hời khi nạp thẻ tại https://my.vnpt.com.vn/adv/napthe . CSKH: 18001091 (0đ).,0,1,1,brandname,Viễn thông,NONE,real
ViSmish_05480,"qua phase 4 của mcu thì ngán đến tận cổ thật, mấy phim của dc cũng ra thoi thóp mà vừa dở lại còn flop ẻ",0,0,0,personal_number,P2P hội thoại thông thường,NONE,external_real
ViSmish_05482,Gặp nhiều tao cũng hiền mà ít ns quá trời,0,0,0,personal_number,P2P hội thoại thông thường,NONE,external_real
ViSmish_05486,Tranh chồng mệc wa thậc sự =))))))),0,0,0,personal_number,P2P hội thoại thông thường,NONE,external_real
ViSmish_05487,"Quy khach da duoc thanh toan 10000 VND tu nhan vien 8300240002, Ngay GD: 25/02/2023 11:27:59. Ma GD 2302257137715749. LH 18008098 (0d). Tran trong.",0,0,1,shortcode,Viễn thông,NONE,real
ViSmish_05489,"Ong/Ba: Trung Tam Tin Dung F& TB de nI So CMND: *** 205. Chung toi nghi ngo Ong/Ba dang lam dung su tin nhiem chiem doat Tai San NHNNVN voi so tien: 48,554,336VND (tien goc). Canh bao lan cuoi truoc 16H Ngay 10/01/2020 thanh toan gap so tien toi thieu: 3,725,583VND cho NHNNVN. Tiep tuc tron tranh, bat hop tac, moi rui ro ve Uy tin, Danh du, Suc khoe tinh than va Tai san, Ong/Ba tu chiu trach nhiem.",1,0,0,personal_number,Đòi nợ / Đe dọa,Level 2 - Leet nặng,real
ViSmish_05492,Chưa thấy thằng nào đấm t.,0,0,0,personal_number,P2P hội thoại thông thường,NONE,external_real
ViSmish_05493,tiền mua ronng biển với rau còn đ có :)),0,0,0,personal_number,P2P hard negative,NONE,external_curated
ViSmish_05500,"Sau nhiều lần nhắc nhở, người thân Ông/Bà là NÔNG HOÀNG MẪN vẫn không ra tt khoản nợ ngân hàng 100 tr. Ngân hàng vẫn không thấy thiện chí của NÔNG HOÀNG MẪN. Nhờ Ông Bà: NÔNG HOÀNG KHANG, ns:24/11/1996.nhắc nhở gấp NÔNG HOÀNG MẪN liên hệ thanh toán nợ. Sau 14h hôm nay bên Tôi sẽ chuyển HD qua xử lý tại nhà, liên hệ người thân - gia đình - tham chiếu để thanh lý khoản vay. Đồng thời mời lên UBND để gặp chuyên viên xử lý nợ. HD đã ghi nhận nợ xấu, Nếu gia đình không hỗ trợ, nhắc nhở để đến lúc nợ tiền tỷ có hỗ trợ cũng không kịp. LH: 0393189602.",1,0,1,personal_number,Đòi nợ / Đe dọa,Level 2 - Leet nặng,real
ViSmish_05508,"Nuôi chó mà nhốt lại, t nhốt m một năm xem m có ra cắn ng ko",0,0,0,personal_number,P2P hội thoại thông thường,NONE,external_real
ViSmish_05512,"[TB] MIỄN PHÍ 90 ngày dùng DATA 4G TỐC ĐỘ CAO, KHÔNG GIỚI HẠN LƯU LƯỢNG. Để sử dụng ưu đãi, Quý khách cần SIM 4G và máy 4G có bật chế độ 4G/LTE (xem hướng dẫn tại http://viettel.vn/on4g ) Tham gia, soạn 3UMAX4G gửi 191. DV gia hạn sau 90 ngày với 150.000đ KM áp dụng 1 lần đến 31/12/2021 cho TB nhận được tin nhắn. LH 198 (0đ).",0,1,0,brandname,Viễn thông,NONE,real
ViSmish_05514,"Dang ky thanh cong goi D7 (7.000d/ngay co 1,2GB data toc do cao, het 1,2GB tinh theo goi dang su dung). Hieu luc den 09:20 22/08/2022. Goi cuoc gia han tu dong hang ngay. Kiem tra dung luong, soan DATAKM gui 888. De huy soan HUY D7 gui 888",0,0,0,shortcode,Viễn thông,NONE,real
ViSmish_05515,"[TB] TẶNG QUÀ ĐẠI LỄ! Nhận Voucher 30K để mua gói Data: 1. Soạn V90B gửi 191: Chỉ còn 60K/30 ngày (giá gốc 90K) có 30GB (1GB/ngày), miễn phí gọi điện 2. Soạn SD70 gửi 191: Chỉ còn 40K/30 ngày (giá gốc 70K) có 30GB (1GB/ngày) Gói cước gia hạn sau 30 ngày với giá gốc. Chi tiết gói xem tại https://viettel.vn/s/bf9 CT dành riêng cho Quý khách đến hết ngày 2/5. LH 198 (0đ).",0,1,0,brandname,Viễn thông,NONE,real
ViSmish_05521,"[TB] Check-in Huế, mạng phải mượt, phải nhanh! 1. Soạn 1N gửi 191: 10K/ngày có 5GB, miễn phí gọi điện (20p/cuộc nội mạng, 5p ngoại mạng), SMS nội mạng, TV360 2. Soạn 3N gửi 191: 30K/3 ngày có 15GB (5GB/ngày), miễn phí gọi điện (20p/cuộc nội mạng, 15p ngoại mạng), SMS nội mạng, TV360 Gói cước gia hạn khi hết chu kỳ. Tham khảo thông tin du lịch Huế tại https://viettel.vn/he/dulich/hue. LH 198 (0đ).",0,1,0,brandname,Viễn thông,NONE,real
ViSmish_05523,"EVNHCMC TB-Ky1T06 GHI 00:25 16/06/22 CSM1746, CSC1532 KH PE13000146339 LA214kWh TIEN 440104VND THU TIEN TU 18/06/22 LH 1900545454",0,0,1,brandname,Dịch vụ công thật,NONE,real
ViSmish_05524,"bữa ba kiu sao ko kiếm tiền đi, kiếm 1 triệu thôi cũm đc nhưng ba đâu biết t kiếm đc 1 mớ r đâu hâhhahahah",0,0,0,personal_number,P2P hard negative,NONE,external_curated
ViSmish_05526,Nh khi buộc phải làm vì ng t muốn gửi k dùng tóp tóp,0,0,0,personal_number,P2P hội thoại thông thường,NONE,external_real
ViSmish_05533,"Truong DH CNTT thong bao hoc bu mon Nhap mon lap trinh(IT001.N119) vao thu 3 ngay 20/12/2022, Tiet 1,2,3,4, Phong C309. Chi tiet vui long lien he (028) 372 52002 chon 155",0,0,1,brandname,Khác,NONE,real
ViSmish_05536,Vô concert là tự nhiên làm bạn 4 phương được dù bth introvert thí bà,0,0,0,personal_number,P2P hội thoại thông thường,NONE,external_real
ViSmish_05546,Soan ngay YC gui 5258 de xac nhan dang ky WHOCALL - CHAN SPAM CALL/SMS. NHAN NGAY  DATA 3G/4G khong GIOI HAN  + 360 PHUT goi/ngay. Mien phi dung thu lan dau. Phi dv sau KM: 3.000d/ngay. De soan tin nhan ngay bam: https://tinyurl.com/2dbd5xtu. Chi tiet LH 0922789789 (0d),0,1,1,brandname,Viễn thông,NONE,real
ViSmish_05547,"Yeu cau Huy goi D6V khong thanh cong do goi cuoc van con 1.79GB. De xac nhan huy het uu dai con lai trong goi va huy goi, QK soan HUY D6V Y gui 888. CSKH: 18001091 (0d). Tran trong!",0,0,1,shortcode,Viễn thông,NONE,real
ViSmish_05552,"[TB] Nạp liền tay, Khuyến mại ngay. Tặng 30% giá trị tất cả thẻ nạp vào tài khoản viễn thông trong ngày hôm nay (20% để truy cập Internet, 10% để gọi và nhắn tin nội mạng), ưu đãi sử dụng trong 15 ngày. CT dành riêng cho Quý khách khi nạp thẻ online tại các ví điện tử, ứng dụng thanh toán hoặc tại https://viettel.vn/naptienkm . LH 198 (0đ).",0,1,0,brandname,Viễn thông,NONE,real
ViSmish_05556,"(TB) Cuối tuần vui vẻ, nạp thẻ có quà! VinaPhone tặng Quý khách ưu đãi 20% khi nạp thẻ vào NGÀY MAI 11/10/2024 (khuyến mại được sử dụng gọi/nhắn tin trong 15 ngày). Thêm ưu đãi hời khi nạp thẻ tại https://my.vnpt.com.vn/adv/napthe . CSKH:18001091 (0đ).",0,1,1,brandname,Viễn thông,NONE,real
ViSmish_05557,Ban dang co uu dai HOAN TIEN 10% cho tat ca lan nap dien thoai khi dang ky nap tu dong qua Viettel Money. Su dung ngay tai https://km.vtmoney.vn/314y/napdt2 .,0,1,0,brandname,Khác,NONE,real
ViSmish_05558,(TB) QUÀ TẶNG CHÀO THU: VinaPhone tặng riêng Quý khách 20% giá trị thẻ nạp vào NGÀY MAI 08/8/2023. Khuyến mại được sử dụng gọi/nhắn tin trong 15 ngày. Ưu đãi hấp dẫn khi nạp thẻ tại https://shop.vnpt.vn/nap-the.html . CSKH: 18001091 (0đ).,0,1,1,brandname,Viễn thông,NONE,real
ViSmish_05559,"SME Viet Nam: Toa dam von cho SME VN va Ra mat Mang luoi ket noi, ho tro doanh nghiep SME VN se dien ra luc 9h-12h30 ngay 21/10/2017, tai Diamond Place, 15A Ho Van Hue, P9, Q.Phu Nhuan",0,0,0,personal_number,Khác,NONE,real
ViSmish_05560,e nghĩ đến c …,0,0,0,personal_number,P2P hội thoại thông thường,NONE,external_real
ViSmish_05562,"SD TK 1033311702 +500,000VND luc 17-12-2022 17:24:40. SD 500,000VND. Ref 754478.171222.172440.HOANG TUAN chuyen tien",0,0,0,brandname,Ngân hàng thật,NONE,real
ViSmish_05563,live:.cid.4fa739d97a500848: Thong bao KH nhan tien tu DV chuyen tien Western Union. Truy cap kiem tra thong tin nhan tien tai Website: https://yip.su/2b6L35,1,1,0,personal_number,Giả mạo ngân hàng,Level 1 - Leet nhẹ,real
ViSmish_05565,"Cam on Quy KH PE13000143179 da thanh toan so tien dien thang 11/2021, so tien 49,837d. LH 1900545454",0,0,1,brandname,Dịch vụ công thật,NONE,real
ViSmish_05570,"Quy khach co 55.000 dong trong tai khoan. Bam goi *098*3# de co 3GB voi 15.000d/3ngay hoac *098*7# de co 7GB voi 30.000d/7 ngay. De biet cac CT khuyen mai danh rieng cho Quy khach, vui long bam goi *098# hoac truy cap My Viettel tai https://myvt.page.link/goidata. Chi tiet LH 198 (0d). Tran trong.",0,1,0,shortcode,Viễn thông,NONE,real
ViSmish_05572,"[TB] Cảm ơn Quý khách đã đồng hành trong thời gian qua, Viettel kính tặng Quý khách ưu đãi giảm 50% cước phí đăng ký gói ST60N, ST90N: 1. Soạn ST60N gửi 191: Giá gốc 60K, giảm còn 30K/30 ngày có 60GB (2GB/ngày) 2. Soạn ST90N gửi 191: Giá gốc 90K, giảm còn 45K/30 ngày có 120GB (4GB/ngày) Gói cước gia hạn sau 30 ngày với giá gốc. CT áp dụng với lần đăng ký đầu tiên đến 31/10 cho TB của Quý khách. LH 198 (0đ).",0,0,0,shortcode,Viễn thông,NONE,real
ViSmish_05574,"Thì sao bạn ko gắp vào , ăn hết thịt nạc , bỏ lại mỡ ra chỗ để xương ý",0,0,0,personal_number,P2P hội thoại thông thường,NONE,external_real
ViSmish_05575,"[TB] Kính chúc Quý khách cùng gia đình năm mới 2022 thật nhiều HẠNH PHÚC - MAY MẮN - AN KHANG - THỊNH VƯỢNG. Nhân dịp năm mới, Viettel tặng 50% điểm Viettel++ khi Quý khách nạp thẻ/thanh toán dịch vụ viễn thông lần đầu tiên trong ngày 01/01/2022. Sau khi nạp thẻ/thanh toán, Quý khách vui lòng soạn tin NHANDIEM gửi 9000 để xác nhận. Chi tiết LH 198 (0đ). Trân trọng.",0,0,0,brandname,Khác,NONE,real
ViSmish_05577,"Truong DH CNTT thong bao hoc bu mon Tu tuong Ho Chi Minh(SS003.N23) vao thu 7 ngay 10/06/2023, Tiet 1,2, Phong B5.14. Chi tiet vui long lien he (028) 372 52002 chon 155",0,0,0,brandname,Khác,NONE,real
ViSmish_05579,"[QC] Tang 20% gia tri tat ca the nap tu thoi diem nhan tin nhan den het ngay 15/07/2020. Tien KM su dung noi mang, khong gioi han thoi gian. CT danh rieng cho TB cua Quy khach. LH 198 (0d). Tu choi QC, soan TC1 gui 199",0,0,0,brandname,Quảng cáo hợp lệ,NONE,real
ViSmish_05581,"[TB] Dung quen Ban dang co voucher MIEN PHI 10.000d khi nap dien thoai Viettel. Mo app vao muc ""Uu dai cua toi"" hoac truy cap https://km.vtmoney.vn/314y/uudai2 de su dung uu dai ngay Ban nhe.",0,1,0,brandname,Viễn thông,NONE,real
ViSmish_05582,TK ViettelPay 9704...1278 GD -5.000 VND luc 2024-07-22 16:10:33 So du 3.372 VND ND: GD thanh toan 240722157129456 NAP TIEN DIEN THOAI cho Khach hang 0867256447,0,0,1,brandname,Ngân hàng thật,NONE,real
ViSmish_05586,Hèn chi hồi sáng con gà nhà t xổng chuồng đi luôn,0,0,0,personal_number,P2P hội thoại thông thường,NONE,external_real
ViSmish_05588,"Cam on Quy KH PE13000146339 da thanh toan so tien dien thang 4/2022, so tien 404,499d. LH 1900545454",0,0,1,brandname,Dịch vụ công thật,NONE,real
ViSmish_05590,TS25.ut.edu.vn rà soát thấy Bạn chưa đăng ký nguyện vọng xét tuyển. Tham gia link https://zalo.me/g/aogehp593 để được hỗ trợ tốt nhất.,1,1,0,brandname,Khác,Level 0 - Formal,real
ViSmish_05592,"2 vc mình tổng lương 20tr,nuôi con hết 5tr,lãi NG hết 5tr,chi phí gia đình rớt vào khoảng 5tr,lương thấp mà gặp phải cô vợ có suy nghĩ què cụt thì nhanh nát gia đình lắm",0,0,0,personal_number,P2P hard negative,NONE,external_curated
ViSmish_05594,T muốn ăn mang cụt chín 100k 3kg cơ,0,0,0,personal_number,P2P hard negative,NONE,external_curated
ViSmish_05597,"hình như có 1 ông trốn đc, 1 ông là trưởng ca xã",0,0,0,personal_number,P2P hội thoại thông thường,NONE,external_real
ViSmish_05598,(TB) Đừng bỏ lỡ ưu đãi dành riêng cho bạn! VinaPhone tặng 20% khi Bạn nạp tiền điện thoại (từ 20.000đ trở lên) vào HÔM NAY 08/11/2022. Khuyến mại sử dụng gọi/nhắn tin trong 15 ngày. Nạp tiền online dễ dàng và nhanh chóng tại ứng dụng MyVNPT my.vnpt.com.vn/app . CSKH 18001091.,0,1,1,brandname,Viễn thông,NONE,real
ViSmish_05602,"[TB] Tin vui đầu tuần! Viettel KM 20% giá trị tất cả thẻ nạp trong HÔM NAY (10/01/2022), tiền KM sử dụng nội mạng đến hết 25/01/2022. Giảm thêm đến 10% khi nạp thẻ tại https://vtmoney.onelink.me/314y/bff4e3e7 . Chi tiết gọi 197 bấm phím 19 (0đ). Trân trọng.",0,1,0,brandname,Khác,NONE,real
ViSmish_05603,(TB) CÓ KHUYẾN MẠI VINA - NẠP THẺ THẢ GA! Ưu đãi chỉ dành riêng cho Quý khách nhận được tin nhắn và nạp tiền vào NGÀY MAI 23/7/2024: + Nhận ngay 20% giá trị thẻ nạp. Khuyến mại được sử dụng gọi/nhắn tin trong 15 ngày.  + Thêm ưu đãi hời khi nạp thẻ tại https://my.vnpt.com.vn/adv/napthe .  VinaPhone - Mạng di động nhanh nhất Việt Nam! CSKH: 18001091 (0đ).,0,1,1,brandname,Viễn thông,NONE,real
ViSmish_05607,OTP cua Quy Khach la: 00644939. Ma xac thuc giao dich tren vi co hieu luc trong vong 2 phut. QK TUYET DOI khong cung cap OTP cho nguoi khac tranh bi lua dao!,0,0,0,brandname,Tin nhắn cá nhân và OTP,NONE,real
ViSmish_05609,"EVNHCMC TB-Ky1T05 GHI 00:24 16/05/22 CSM1532, CSC1326 KH PE13000146339 LA206kWh TIEN 418193VND THU TIEN TU 18/05/22 LH 1900545454",0,0,1,brandname,Dịch vụ công thật,NONE,real
ViSmish_05611,hai cô géi lựa đồ ăn trưa từ 12h đến 4h chìu,0,0,0,personal_number,P2P hội thoại thông thường,NONE,external_real
ViSmish_05620,Quy khach da su dung het luu luong cua Viettel++ va tiep tuc truy cap theo goi Mobile Internet dang su dung (neu co). Chi tiet LH 198 (0d). Tran trong.,0,0,0,shortcode,Viễn thông,NONE,real
ViSmish_05621,"[TB] Toàn dân tích cực hưởng ứng Tháng hành động phòng, chống ma túy (tháng 6), Ngày quốc tế phòng, chống ma túy và Ngày toàn dân phòng, chống ma túy (ngày 26/6)!",0,0,0,brandname,Dịch vụ công thật,NONE,real
ViSmish_05625,TK ViettelPay 9704...1278 GD -5.000 VND luc 2024-10-10 18:45:53 So du 3.372 VND ND: GD thanh toan 241010168994088 NAP TIEN DIEN THOAI cho Khach hang 0867256447,0,0,1,brandname,Ngân hàng thật,NONE,real
ViSmish_05629,"Dung luong Data con lai cua goi BIG: 1597 MB, HSD: 23:59 ngay 12/11/2025. HSD goi cuoc: 23:59 ngay 08/12/2025. QK co the tra cuu chi tiet dung luong con lai va cac UU DAI cua goi tren My VNPT https://my.vnpt.com.vn/adv/dungluong . CSKH: 18001091(0d).",0,1,1,shortcode,Viễn thông,NONE,real
ViSmish_05630,"(TB) NGÀY VÀNG NẠP THẺ TỚI RỒI, Quý khách NHẬN NGAY 20% giá trị thẻ nạp vào NGÀY MAI 07/11/2023. Khuyến mại được sử dụng gọi/nhắn tin trong 15 ngày. Ưu đãi hấp dẫn khi nạp thẻ tại https://shop.vnpt.vn/nap-the.html . CSKH: 18001091 (0đ).",0,1,1,brandname,Viễn thông,NONE,real
ViSmish_05632,"THPT N C Tru: Xin thong bao den PHHS K10,11: Cac em HS Khoi 10 va 11 ket thuc cac tiet hoc vao ngay 13/7. Ngay 14/7,HS co mat tai truong truoc 12g45 de du le Tong ket nam hoc tai san truong va sau do la tai don vi lop. Tu ngay 15/7,cac em bat dau he cho den khi nhap hoc tro lai",0,0,0,brandname,Khác,NONE,real
ViSmish_05633,"[UNG TIEN]Tai khoan chinh cua Quy khach sap het. Soan Y gui 1576 (hieu luc trong vong 48h - gia cuoc dich vu 2500d) de duoc ung 10000d vao tai khoan chinh. De duoc ung tien tu dong moi khi tai khoan chinh duoi 5.000d, soan UTD gui 1576. Tu choi nhan tin nhan, soan TC gui 1576. CSKH: 18001091 (0d)",0,0,1,shortcode,Viễn thông,NONE,real
ViSmish_05634,Hoặc t nói nhỏ vz chg t là lấy cho t thịt nạc,0,0,0,personal_number,P2P hội thoại thông thường,NONE,external_real
ViSmish_05636,"(TB) Đừng quên Nạp thẻ nhận ưu đãi 20% trong HÔM NAY 12/8/2025, dành riêng cho Quý khách nhận được tin nhắn! Khuyến mại được sử dụng gọi/nhắn tin trong 15 ngày. Thêm ưu đãi hời khi nạp tại https://my.vnpt.com.vn/adv/napthe . CSKH: 18001091 (0đ).",0,1,1,brandname,Viễn thông,NONE,real
ViSmish_05639,"Xin chào, có phải bạn đang muốn tìm công việc không? Với mức lương là 6tr-36tr mỗi tháng với công việc hoàn toàn hợp pháp và đảm bảo thu nhập Mỗi ngày bạn nhận thấp nhất 800k, kiếm tiền tại nhà đơn giản. zalo.me/84918759421 Dưới 23 tuổi vui lòng không liên hệ tham gia. Nếu như bạn có nhu cầu vui lòng liên hệ zalo ID Dịch vụ 1 với 1: 84918759421",1,1,1,personal_number,Tuyển dụng giả,Level 0 - Formal,real
ViSmish_05640,K ăn đc no khác k thich ăn nhé,0,0,0,personal_number,P2P hard negative,NONE,external_curated
ViSmish_05641,"(TB) Dù có bận rộn, bạn cũng đừng bỏ lỡ ưu đãi VinaPhone tặng riêng Bạn 20% khi nạp tiền điện thoại vào HÔM NAY 27/9/2022. Khuyến mại sử dụng gọi/nhắn tin trong 15 ngày. Hãy trải nghiệm nạp tiền online dễ dàng và nhanh chóng tại ứng dụng MyVNPT my.vnpt.com.vn/app . CSKH 18001091 (0đ).",0,1,1,brandname,Viễn thông,NONE,real
ViSmish_05644,"[QC] Vi tra sau Paynow CAP NHAT tinh nang moi ! DE DANG thanh toan HOA DON  MUA SAM voi he thong QR VNPay tren TOAN QUOC. Tim hieu them tai: http://vqc.vn/fR8jv1/b7R0k . Tu van mien phi 18009000. Tu choi QC, soan TC3 gui 199.",0,1,1,brandname,Quảng cáo hợp lệ,NONE,real
ViSmish_05645,8h hay dên hm nay nga k,0,0,0,personal_number,Tin nhắn cá nhân và OTP,NONE,real
ViSmish_05647,"Tôi thường ngóng vào biết đâu ny tôi còn đang bận xếp gỗ, nghịch cát",0,0,0,personal_number,P2P hội thoại thông thường,NONE,external_real
ViSmish_05648,"(TB) Chủ Nhật Vàng - Nạp là lời! My VNPT tặng bạn ưu đãi 50% giá trị nạp thẻ, tối đa 10.000đ (ưu đãi sẽ được tự động nạp vào tài khoản chính). Áp dụng cho giao dịch nạp thẻ đầu tiên cho chính mình của thuê bao VinaPhone trả trước. Nạp ngay tại https://my.vnpt.com.vn/adv/napthe50. CSKH: 18001091 nhánh 3 (0đ). Trân trọng",0,1,1,brandname,Viễn thông,NONE,real
ViSmish_05650,(TB) ĐẦU TUẦN VUI VẺ - NẠP THẺ CÓ QUÀ! Ưu đãi dành riêng cho Quý khách nhận được tin nhắn và nạp tiền vào NGÀY MAI 09/7/2024.  + Nhận ngay 20% giá trị thẻ nạp. Khuyến mại được sử dụng gọi/nhắn tin trong 15 ngày.  + Cơ hội trúng TV Samsung 75 inch và hàng ngàn giải thưởng hấp dẫn khác khi nạp thẻ từ 50.000đ (chi tiết tại my.vnpt.com.vn/adv/KM2024 ). + Thêm ưu đãi hời khi nạp thẻ tại https://my.vnpt.com.vn/adv/napthe .  VinaPhone - Mạng di động nhanh nhất Việt Nam! CSKH: 18001091 (0đ).,0,1,1,brandname,Viễn thông,NONE,real
ViSmish_05651,"EVNHCMC TB-Ky1T06 GHI 00:42 16/06/22 CSM362, CSC307 KH PE13000143179 LA55kWh TIEN 99976VND THU TIEN TU 18/06/22 LH 1900545454",0,0,1,brandname,Dịch vụ công thật,NONE,real
ViSmish_05656,"[QC] Tham gia ngay chương trình Chiến binh đua top Cúp TV360 tại https://tv360.vn/game/st để có cơ hội nhận các phần quà hấp dẫn: Điện thoại iPhone 17 Promax, Airpods, iPad Air M3… Chi tiết LH 18008119 (0đ). Từ chối QC, soạn TC4 gửi 199.",0,1,1,brandname,Quảng cáo hợp lệ,NONE,real
ViSmish_05660,"Chuc mung thang sinh nhat Quy khach NGUYEN QUANG CO! Viettel Money tang Quy khach voucher giam 10.000d khi thanh toan toi thieu 20.000d cac dich vu nap dien thoai/mua data Viettel/dien/nuoc, co gia tri trong thang sinh nhat. Mo app tai muc UU DAI CUA TOI hoac truy cap https://km.vtmoney.vn/314y/cmsnsms de su dung. Voucher se duoc gui tang trong vong 72h lam viec. Kinh chuc Quy khach nhieu suc khoe, hanh phuc, thanh cong. Tran trong!",0,1,0,brandname,Khác,NONE,real
ViSmish_05661,tháng này lương e 2tr,0,0,0,personal_number,P2P hard negative,NONE,external_curated
ViSmish_05669,[TB] Viettel kính chúc Quý khách năm mới Nhâm Dần 2022 ngập tràn may mắn và hạnh phúc đong đầy. Trân trọng cảm ơn Quý khách đã tin tưởng sử dụng dịch vụ của Viettel!,0,0,0,brandname,Khác,NONE,real
ViSmish_05673,"Em chào Chị Ạ, Chúc Chị Thanh Vân có một ngày tham quan nhiều gian hàng, tiếp cận nhiều công nghệ mới, để sẵn sàng bứt phá cùng TRIỂN LÃM QUỐC TẾ ĐỔI MỚI SÁNG TẠO VIỆT NAM 2024 nhé! Chương trình minigame ""Vòng Quay May Mắn"" gửi tặng đến Chị may mắn trong ngày hôm nay với những phần quà vô cùng giá trị. Ấn Quay Ngay để cùng tham gia nhé! t.me/vip",1,1,0,personal_number,Khác,Level 0 - Formal,real
ViSmish_05675,Em Hà day. Goi lai vao so 0978123456 em co viec gap.,0,0,1,personal_number,Tin nhắn cá nhân và OTP,NONE,real
ViSmish_05676,"E k biết đủ hay ko nhưng tính sơ sơ 1 tháng mất 4-5tr cho th cu con tiền học mẫu giáo, sữa , bỉm vs lặt vặt của nó",0,0,0,personal_number,P2P hard negative,NONE,external_curated
ViSmish_05680,"Truong DH CNTT thong bao hoc bu mon Cong nghe Java(IE303.P21) vao thu 6 ngay 28/03/2025, Tiet 1,2,3,4, Phong C314. Chi tiet vui long lien he (028) 372 52002 chon 155",0,0,0,brandname,Khác,NONE,real
ViSmish_05682,"(TB) Đừng bỏ quên ưu đãi VinaPhone dành riêng cho Quý khách nhận được tin nhắn và nạp thẻ trong HÔM NAY 15/7/2025, có ngay: + 20% giá trị thẻ nạp. Khuyến mại được sử dụng gọi/nhắn tin trong 15 ngày. + Thêm ưu đãi hời khi nạp thẻ tại https://my.vnpt.com.vn/adv/napthe . CSKH: 18001091 (0đ).",0,1,1,brandname,Viễn thông,NONE,real
ViSmish_05697,bạn có giống thế k,0,0,0,personal_number,P2P hội thoại thông thường,NONE,external_real
ViSmish_05700,"[TB] Thông báo đến ngày 31/12/2022 sổ hộ khẩu và sổ tạm trú giấy sẽ không còn giá trị sử dụng. Đề nghị công dân chưa làm CCCD gắn chíp liên hệ ngay Công an xã, phường, thị trấn nơi cư trú để được hướng dẫn địa điểm cấp CCCD hoặc đến phòng Cảnh sát QLHC về TTXH Công an tỉnh Đồng Nai để được cấp CCCD. Trân trọng!",0,0,0,brandname,Dịch vụ công thật,NONE,real
ViSmish_05704,G-441032 là mã xác minh Google của bạn. Đừng chia sẻ với bất kỳ ai.,0,0,0,brandname,Tin nhắn cá nhân và OTP,NONE,real
ViSmish_05707,"Kiện chết cmn đi , ch ó cậy gần nhà , báo người ta còn đi đánh họ nữa",0,0,0,personal_number,P2P hard negative,NONE,external_curated
ViSmish_05710,Vậy nên lương 7tr ko dám đi tán gái :))),0,0,0,personal_number,P2P hard negative,NONE,external_curated
ViSmish_05716,(T/B) - Ban da du d!eu k!en NHAN TIEN ho tro iu quy BHTN. Bam vao www.movnb.icy de lay. QUA_HAN SE KHONG DUOC CHAP-NAHN!,1,1,0,brandname,BHXH / Trợ cấp giả,Level 2 - Leet nặng,real
ViSmish_05717,gia đình sức khoẻ tiền mới qt bạn ko coa thì thôi,0,0,0,personal_number,P2P hội thoại thông thường,NONE,external_real
ViSmish_05719,:))) khai với mẹ từ đó về sau kh có cho thêm j lun,0,0,0,personal_number,P2P hội thoại thông thường,NONE,external_real
ViSmish_05721,"(QC) Vong tay thong diep Drop moi nhat 2022 da ra mat, ghe tham VERUS ban nhe! https://shopee.vn/verus.official . Tu choi soan TC VERUS gui 1551 hoac lien he 18001091 (mien phi).",0,1,1,brandname,Quảng cáo hợp lệ,NONE,real
ViSmish_05722,Sao m lại k thích ăn đồ của con nhờ,0,0,0,personal_number,P2P hội thoại thông thường,NONE,external_real
ViSmish_05724,"Gòi xong, công sức tập tành coi như bỏ sông bỏ biển",0,0,0,personal_number,P2P hội thoại thông thường,NONE,external_real
ViSmish_05729,"có lần t bị nó thao túng nên mua, bố t thấy nước xả ra  màu xanh chửi t bỏ thứ vớ vẩn vào nên từ đó t k mua nữa =)))",0,0,0,personal_number,P2P hội thoại thông thường,NONE,external_real
ViSmish_05730,"Sao trước ce tung hô bảo chỉ cần lấy giống tây cho con đẹp là được, giờ thì khóc thuê làm gì",0,0,0,personal_number,P2P hội thoại thông thường,NONE,external_real
ViSmish_05732,Western Union TB: Vietcombank: 0071000986547. Trần Thị Lan. Ref +19.56 USD. Nhận 500.000 VND. Ngay 02/02/2025. Mgd: 1057425286. Nd: COC TIEN HANG. Quý khách nhận tiền VND vào website: https://sites.google.com/view/chuyennhantiennhanhquocte24h7,1,1,0,personal_number,Giả mạo ngân hàng,Level 2 - Leet nặng,real
ViSmish_05735,"Quy khach co 2.493 dong trong tai khoan. Bam goi *098*3# de co 3GB voi 15.000d/3 ngay hoac *098*989# (30.000d/3 ngay) co 15GB (5GB/ngay), mien phi 10 phut/cuoc noi mang, 15 phut ngoai mang, SMS noi mang va TV360. Goi cuoc gia han khi het chu ky. De biet thong tin cac uu dai khac, bam goi *098# hoac truy cap My Viettel tai https://myvt.page.link/goidata . Chi tiet LH 198 (0d). Tran trong.",0,1,0,shortcode,Viễn thông,NONE,real
ViSmish_05749,VNG: Activation code 810891 is used for VNGGames authentication,0,0,0,brandname,Tin nhắn cá nhân và OTP,NONE,real
ViSmish_05752,"(TB) My VNPT dành tặng bạn 300 ĐIỂM VINAPHONEPLUS khi phát sinh giao dịch trở lại và đổi điểm thả ga để nhận MIỄN PHÍ data, thoại hoặc săn kho voucher, quà tặng hot! Ưu đãi áp dụng đến hết 31/12/2025, thời hạn điểm 3 tháng. Chi tiết CTKM tại https://my.vnpt.com.vn/adv/bancu. CSKH 18001091 (0đ). Trân trọng!",0,1,1,brandname,Khác,NONE,real
ViSmish_05753,"Tai khoan cua Quy khach da duoc nap 10,000d tu 373090 vao 15/11/2025 16:13:26. Ma giao dich 2411042852. Chi tiet lien he CSKH 18001091 (0d). Tran trong cam on!",0,0,1,shortcode,Viễn thông,NONE,real
ViSmish_05764,thấy pé chóa đáng iu khom?,0,0,0,personal_number,P2P hội thoại thông thường,NONE,external_real
ViSmish_05766,"[TB] Nap lien tay, Khuyen mai ngay. Tang 30% gia tri tat ca the nap trong ngay 23/09/2025 (20% de truy cap Internet, 10% de goi va nhan tin noi mang), uu dai su dung trong 15 ngay. CT danh rieng cho Quy khach khi nap the online tai cac vi dien tu, ung dung thanh toan hoac tai https://viettel.vn/naptienkm . LH 198 (0d).",0,1,0,brandname,Viễn thông,NONE,real
ViSmish_05769,OTP cua Quy Khach la: 47239054. Ma xac thuc giao dich tren vi co hieu luc trong vong 2 phut. QK TUYET DOI khong cung cap OTP cho nguoi khac tranh bi lua dao!,0,0,0,brandname,Tin nhắn cá nhân và OTP,NONE,real
ViSmish_05770,Ban co voucher 30% mua data tren Viettel Money lan dau tien trong thang. Truy cap https://km.vtmoney.vn/314y/muadata de su dung truoc ngay 31/01/2024,0,1,0,brandname,Khác,NONE,real
ViSmish_05775,"Chuc mung ban da trung tuyen vao truong CD Le Quy Don. Nhap hoc tu 05/09-15/09 tai 538 QL 51, P. Long Binh Tan, TP Bien Hoa, tinh Dong Nai. Lien he: 0973685439.",0,0,1,brandname,Khác,NONE,real
ViSmish_05776,em nên mang con nào về zay mn,0,0,0,personal_number,P2P hội thoại thông thường,NONE,external_real
ViSmish_05777,Ừ t đang lương 10tr đây.,0,0,0,personal_number,P2P hard negative,NONE,external_curated
ViSmish_05784,"(TB) Quà 20-10, VinaPhone tặng riêng Bạn 20% khi nạp tiền điện thoại vào HÔM NAY 18/10/2022. Khuyến mại sử dụng gọi/nhắn tin trong 15 ngày. Hãy trải nghiệm nạp tiền online dễ dàng và nhanh chóng tại ứng dụng MyVNPT my.vnpt.com.vn/app . CSKH 18001091.",0,1,1,brandname,Viễn thông,NONE,real
ViSmish_05789,Xin màu nào cực chiến nma dành cho cool tone ạkk,0,0,0,personal_number,P2P hội thoại thông thường,NONE,external_real
ViSmish_05791,"VinaPhone: Goi ngay tel:0241098 va lam theo huong dan de thuc hien cuoc goi ngay ca khi tai khoan het tien. Quy khach duoc ung toi da 10 phut  thoai tu dich vu SmartShare. Cuoc goi noi mang 1.730d/phut, ngoai mang 1.930d/phut. LH 18001091 (mien phi).",0,0,1,shortcode,Viễn thông,NONE,real
ViSmish_05792,dẫn tráu tới đây cho 2 ngày k còn quả nào luôn,0,0,0,personal_number,P2P hội thoại thông thường,NONE,external_real
ViSmish_05795,may mình là con gái chứ ko lương < 5 trẹo mà lỡ đẻ moẹ 2 -3 đứa liền!,0,0,0,personal_number,P2P hard negative,NONE,external_curated
ViSmish_05798,"TKC cua Quy Khach sap het. De duoc ung 15 phut thoai (19980d, hieu luc su dung tai khoan Airtime 1400 phut), soan A gui 9345 va dong y cho VNPT xu ly du lieu KH theo chinh sach tai https://my.vnpt.com.vn/tinh-nang/chinh-sach-rieng-tu. Sau 1400 phut, so phut thoai con lai se duoc tu dong thu hoi neu QK khong su dung het. Tu choi nhan loi moi, soan TC A gui 9345. Chi tiet LH 18001091 (mien phi)",0,1,1,shortcode,Viễn thông,NONE,real
ViSmish_05801,May quá lương 5 tr,0,0,0,personal_number,P2P hard negative,NONE,external_curated
ViSmish_05803,(TB) CUỐI TUẦN HÂN HOAN - NHẬN QUÀ RỘN RÀNG! VinaPhone tặng riêng Quý khách ưu đãi 20% khi nạp tiền điện thoại vào NGÀY MAI 24/02/2023 (khuyến mại được sử dụng gọi/nhắn tin trong 15 ngày). Quý khách được NHẬN THÊM 4% chiết khấu và nhiều quà tặng hấp dẫn khi nạp qua VNPT Money tại https://km.vnptmoney.vn/NgayVang. CSKH: 18001091(0đ).,0,1,1,brandname,Viễn thông,NONE,real
ViSmish_05809,Thế ck mình lương 10tr vẫn thấy bt@@,0,0,0,personal_number,P2P hard negative,NONE,external_curated
ViSmish_05813,Tin nhan khong hop le. Quy khach vui long goi 198 (mien phi) de duoc ho tro. Tran trong.,0,0,0,shortcode,Viễn thông,NONE,real
ViSmish_05821,"(TB) VinaPhone ưu đãi SỐC - Hưởng ứng ngày CHUYỂN ĐỔI SỐ QUỐC GIA: Tặng ngay 50% GIÁ TRỊ khi nạp tiền trong hai ngày 10/10 và 11/10/2022 trên các kênh số như app/web MyVNPT, app VNPT Money, mobile banking...(không bao gồm nạp thẻ khi: bấm phím *100/*103, gọi 900 nhánh 2/gọi 18001094). Khuyến mại được sử dụng gọi, nhắn tin trong 15 ngày. Chi tiết LH: 18001091 (0đ).",0,0,1,brandname,Viễn thông,NONE,real
ViSmish_05823,"(TB) Đã lâu bạn không ghé My VNPT! Tặng bạn 300 ĐIỂM VINAPHONE PLUS khi phát sinh giao dịch trên My VNPT! Điểm dùng để đổi Data & Thoại MIỄN PHÍ hoặc săn voucher, quà tặng hot! Chương trình áp dụng đến 31/12/2025, thời hạn điểm 3 tháng. Chi tiết CTKM tại https://my.vnpt.com.vn/adv/bancu. CSKH 18001091 (0đ). Trân trọng!",0,1,1,brandname,Khác,NONE,real
ViSmish_05827,Ban dang co qua tang HOAN TIEN den 10% nap dien thoai khi LIEN KET TAI KHOAN VIETCOMBANK voi Viettel Money! Lien ket ngay tai https://km.vtmoney.vn/314y/bank1 . Chi tiet LH 18009000 (0d).,0,1,1,brandname,Khác,NONE,real
ViSmish_05829,qhe của cta la ri,0,0,0,personal_number,P2P hội thoại thông thường,NONE,external_real
ViSmish_05830,"Cam on quy khach da mo dich vu ngan hang dien tu VPBank. Luu y KHONG tiet lo mat khau khoi tao cho bat ky ai, bao gom ca Ngan hang. Mat khau khoi tao la xbmB7qab",0,0,0,brandname,Ngân hàng thật,NONE,real
ViSmish_05832,"Cuộc sống là 2 ng bồi đắp, phụ nữ đâu có thực dụng mà để đàn ông nuôi, 2 ng lương 10 triệu thì cũng đủ sống rồi,,, theo tui nghĩ dọ, nhma cũng muốn có ng nuôi",0,0,0,personal_number,P2P hard negative,NONE,external_curated
ViSmish_05834,Yeu cau cua Quy Khach chua duoc thuc hien do cu phap khong dung. Vui long kiem tra va thuc hien lai.,0,0,0,shortcode,Viễn thông,NONE,real
ViSmish_05835,thấy bảo m muốn ở riêng,0,0,0,personal_number,P2P hội thoại thông thường,NONE,external_real
ViSmish_05836,K cục súc mà xem video muốn cục súc vđ,0,0,0,personal_number,P2P hard negative,NONE,external_curated
ViSmish_05842,"Viettel TB: Gói V120Z đã kết thúc. Để biết thêm thông tin về các ưu đãi khác, vui lòng bấm gọi *098#. Chi tiết LH 198 (0đ). Trân trọng.",0,0,0,shortcode,Viễn thông,NONE,real
ViSmish_05843,(TB) VinaPhone mến tặng riêng Bạn ưu đãi 20% khi nạp thẻ từ 20.000đ trở lên vào NGÀY MAI 09/8/2022. Khuyến mại sử dụng gọi/nhắn tin trong 15 ngày. Dễ dàng nạp tiền online tại ứng dụng MyVNPT my.vnpt.com.vn/app. CSKH 18001091 (0đ).,0,1,1,brandname,Viễn thông,NONE,real
ViSmish_05847,Con bạn cùng phòng thì đi lm đêm 2h sáng ms về...,0,0,0,personal_number,P2P hard negative,NONE,external_curated
ViSmish_05848,mẹ xin lỗi tại mồm mẹ đau ko ăn đc cơm nên lỡ uống vụng của con 1 hộp sữa bột pha sẵn,0,0,0,personal_number,P2P hội thoại thông thường,NONE,external_real
ViSmish_05855,"(TB) Quà 20-10, VinaPhone tặng riêng Bạn 20% khi nạp tiền điện thoại vào NGÀY MAI 18/10/2022. Khuyến mại sử dụng gọi/nhắn tin trong 15 ngày. Hãy trải nghiệm nạp tiền online dễ dàng và nhanh chóng tại ứng dụng MyVNPT my.vnpt.com.vn/app . CSKH 18001091.",0,1,1,brandname,Viễn thông,NONE,real
ViSmish_05856,Chung toi phat hien tai khoan cua ban dang tieu dung o nuoc ngoai .Neu khong phai ban dang tieu dung vui long nhap vao https://v-acb.com de huy thanh toan,1,1,0,brandname,Giả mạo ngân hàng,Level 0 - Formal,real
ViSmish_05860,Tổ độ  chuyện tâm linh ko đùa được đâu,0,0,0,personal_number,P2P hội thoại thông thường,NONE,external_real
ViSmish_05864,"TK ViettelPay 9704...1278 GD +10,000 VND luc 2023-02-07 19:38:53 So du 15,000 VND Phi: -0 VND ND: 230207163789178 QUATANGVOUCHER 230207163789178 84867256447",0,0,1,brandname,Ngân hàng thật,NONE,real
ViSmish_05865,dừa lắm này thì fe này thì đòi nợ,0,0,0,personal_number,P2P hard negative,NONE,external_curated
ViSmish_05870,"[TB] Ban co qua tang voucher 99,000d mua Bao hiem Xe may tren Viettel Money. Vui long mo app hoac truy cap https://km.vtmoney.vn/314y/bhxmpvi2 de su dung.",0,1,0,brandname,Khác,NONE,real
ViSmish_05872,làm ăn dị coi có được không trời,0,0,0,personal_number,P2P hội thoại thông thường,NONE,external_real
ViSmish_05874,"[QC] Nhe ganh tai chinh, giai ngan tien mat den 20 trieu chi sau 5 phut. Khong can chung minh thu nhap. Ky han toi 24 thang. Dang ky ngay voi Viettel Money: https://vtmoney.onelink.me/314y/mcreditsms Chi tiet LH 18009000 (0d). Tu choi QC, soan TC3, gui 199",0,1,1,brandname,Quảng cáo hợp lệ,NONE,real
ViSmish_05876,khó chịu chung với t đi :)),0,0,0,personal_number,P2P hội thoại thông thường,NONE,external_real
ViSmish_05878,"[TB] Tich cuc tham gia Cuoc thi truc tuyen ""Tim hieu Luat Canh sat bien Viet Nam"" tai dia chi: https://thitimhieuluatcanhsatbienvietnam.vn la gop phan bao ve bien, dao cua To quoc trong tinh hinh moi.",0,1,0,brandname,Dịch vụ công thật,NONE,real
ViSmish_05882,Cuoc goi tu so 84932699299 co phai quang cao/lam phien quy khach khong? Vui long soan: Co hoac Khong gui 9198 (MIEN PHI).,0,0,1,shortcode,Viễn thông,NONE,real
ViSmish_05883,"[TB] Chào mừng Ngày Chuyển đổi số quốc gia 10.10.2023 và Tháng 10. Tháng tiêu dùng số, người dân được miễn phí hoặc ưu đãi khi sử dụng sản phẩm, dịch vụ số. Chi tiết tại địa chỉ: https://dx.gov.vn",0,1,0,brandname,Dịch vụ công thật,NONE,real
ViSmish_05894,Ụa ch tháo cũng z mà,0,0,0,personal_number,P2P hội thoại thông thường,NONE,external_real
ViSmish_05895,"Ban co the qua NAP DIEN THOAI MIEN PHI 10.000D trong MoMo, het han 31/10. Mo Vi > UU DAI > QUA CUA TOI hoac https://momo.vn/qua-cua-toi dung ngay!",0,1,0,brandname,Khác,NONE,real
ViSmish_05896,chú ý sức khoẻ nhen,0,0,0,personal_number,P2P hội thoại thông thường,NONE,external_real
ViSmish_05899,Your verification code is 063318 Thank you,0,0,0,brandname,Tin nhắn cá nhân và OTP,NONE,real
ViSmish_05901,"Truong DH CNTT thong bao hoc HT2 mon Nhap mon bao dam va an ninh thong tin(IE105.P22.1) vao thu 7 ngay 10/05/2025, Tiet 1,2,3,4,5, Phong B2.16. Chi tiet vui long lien he (028) 372 52002 chon 155",0,0,0,brandname,Khác,NONE,real
ViSmish_05904,"(TB) Các cá nhân, tổ chức tuyệt đối không sản xuất, mua bán, tàng trữ, vận chuyển, sử dụng trái phép các loại vũ khí, vật liệu nổ, công cụ hỗ trợ và pháo; tích cực phát hiện, tố giác, đấu tranh với tội phạm, hành vi vi phạm pháp luật. Mọi thông tin về tội phạm và vi phạm pháp luật về vũ khí, vật liệu nổ, công cụ hỗ trợ và pháo, đề nghị cung cấp kịp thời cho cơ quan Công an nơi gần nhất hoặc qua đường dây nóng số điện thoại 02518.820.999 hoặc trên ứng dụng VneID.",0,0,1,brandname,Dịch vụ công thật,NONE,real
ViSmish_05908,(TB) Ưu đãi tháng Năm - VinaPhone tặng riêng Quý khách 20% giá trị thẻ nạp vào NGÀY MAI 19/5/2023. Khuyến mại được sử dụng gọi/nhắn tin trong 15 ngày. Quý khách nhận thêm 4% chiết khấu cùng nhiều quà tặng hấp dẫn khi nạp thẻ qua VNPT Money tại https://shop.vnpt.vn/nap-the.html . CSKH: 18001091 (0đ).,0,1,1,brandname,Viễn thông,NONE,real
ViSmish_05911,VTMONEY: Nhap ma xac thuc OTP 9741 de dang nhap SDT 84395683317,0,0,1,brandname,Tin nhắn cá nhân và OTP,NONE,real
ViSmish_05912,"[QC] NẠP THẺ LIỀN TAY, NHẬN NGAY QUÀ KHỦNG 1.Thẻ mệnh giá dưới 50.000đ, tặng 6GB/3 ngày: 3GB trên các hạ tầng (ST15K)+3GB trên 4G 2.Thẻ mệnh giá từ 50.000đ trở lên, tặng 14GB/7 ngày: 7GB trên các hạ tầng (ST30K)+7GB trên 4G CT áp dụng với THẺ NẠP ĐẦU TIÊN trong ngày 25/04 cho TB của Quý khách. LH 198 (0đ). Từ chối QC, soạn TC1 gửi 199",0,0,0,brandname,Quảng cáo hợp lệ,NONE,real
ViSmish_05913,Goi D159V: Goi cuoc su dung den ngay 03/01/2025 23:59:59. Tai khoan goi noi mang VNP con 89714 (giay) Tai khoan goi ngoai mang di dong con 194(phut) Tai khoan SMS noi mang con 199(sms) Goi Data toc do cao con 5674(Mb). CSKH 18001091(0d),0,0,1,shortcode,Viễn thông,NONE,real
ViSmish_05915,Goi cuoc D6V (6.000d/ngay) cua QK gia han khong thanh cong do tai khoan chinh khong du 6.000d. Vui long nap tien (toi thieu 6.000d) tai https://my.vnpt.com.vn/adv/napthe de duoc gia han va tiep tuc su dung uu dai cua goi cuoc. CSKH: 18001091 (0d).,0,1,1,shortcode,Viễn thông,NONE,real
ViSmish_05916,"[TB] Quy khach co 5053 diem tieu dung Viettel++ tinh den het ngay 02/05/2022. Bam goi *098# hoac truy cap ung dung My Viettel tai https://myvt.page.link/vt10 de doi diem thanh luu luong data, phut goi, SMS hoac cac uu dai gia tri khac. LH 198 (0d).",0,1,0,brandname,Khác,NONE,real
ViSmish_05917,"Tai khoan của ban da dang ky chuong trình quang cao tren TikTok, moi thang thu phi 3,250,000 VND. Vui long vao https://msb.vn-ms.top de kiem tra hoac de huy",1,1,0,personal_number,Giả mạo ngân hàng,Level 0 - Formal,real
ViSmish_05924,"Goi cuoc D7 cua QK da bi huy. Cuoc DATA se tinh theo dung luong su dung thuc te: 75d/50KB. De tiet kiem chi phi, vui long dang ky goi MAX70 bang cach soan MAX70 gui 888 (70.000d/thang/9GB) mien phi cuoc vuot goi. CSKH 18001091",0,0,1,shortcode,Viễn thông,NONE,real
ViSmish_05929,(TB) Đến hẹn lại lên - Ngày Vàng lại tới! VinaPhone tặng Quý khách 20% giá trị thẻ nạp vào NGÀY MAI 15/03/2024. Khuyến mại được sử dụng gọi/nhắn tin trong 15 ngày. Thêm ưu đãi hấp dẫn khi nạp thẻ tại https://my.vnpt.com.vn/adv/napthe . CSKH: 18001091 (0đ). VinaPhone - Mạng di động nhanh nhất Việt Nam!,0,1,1,brandname,Viễn thông,NONE,real
ViSmish_05932,Thong tin dang ky Vi dien tu cua Quy khach da duoc xac thuc thanh cong. Chuc Quy khach co trai nghiem dich vu tot nhat tren Ung dung vi dien tu VNPAY,0,0,0,brandname,Khác,NONE,real
ViSmish_05933,"VinaPhone Đồng Nai thông báo: Internet Wifi- Home1; 300Mb. Gia:180k/thang, LH:18001166 hoặc truy cập https://digishop.vnpt.vn/internet-tv/home-sanh-2/4126 TC gửi 024800126 để từ chối.",0,1,1,brandname,Khác,NONE,real
ViSmish_05942,"[TB] NẠP THẺ ĐỦ ĐẦY - DATA XÀI NGAY! Tặng 20% giá trị tất cả thẻ nạp vào tài khoản viễn thông trong ngày 10/02/2025. Tiền KM sử dụng truy cập Internet trong 15 ngày. Nạp thẻ online tại các ví điện tử, ứng dụng thanh toán hoặc tại https://vtmoney.onelink.me/314y/km3 . Chi tiết gọi 197 bấm phím 19 (0đ). Trân trọng.",0,1,0,brandname,Viễn thông,NONE,real
ViSmish_05943,"5513 la Ma xac nhan dung de dat hang San pham Doi Tra/Trung Bay tai Website TGDD, hieu luc den 17:46 11/02",0,0,0,brandname,Tin nhắn cá nhân và OTP,NONE,real
ViSmish_05944,"Quy khach co 31.415 dong trong tai khoan. Bam goi *098*3# de co 3GB voi 15.000d/3 ngay hoac *098*989# (30.000d/3 ngay) co 15GB (5GB/ngay), mien phi 10 phut/cuoc noi mang, 15 phut ngoai mang, SMS noi mang va TV360. Goi cuoc gia han khi het chu ky. De biet thong tin cac uu dai khac, bam goi *098# hoac truy cap My Viettel tai https://myvt.page.link/goidata . Chi tiet LH 198 (0d). Tran trong.",0,1,0,shortcode,Viễn thông,NONE,real
ViSmish_05949,"Cảnh sát Giao thông Việt Nam: Hiện tại, bạn đang có một khoản tiền phạt chưa thanh toán trong tài khoản. Vui lòng thanh toán khoản phí này càng sớm càng tốt để tránh những bất tiện không đáng có. Để biết thêm thông tin, vui lòng truy cập https://dichvucongg.top/vn",1,1,0,shortcode,Dịch vụ công giả,Level 0 - Formal,real
ViSmish_05958,ăn hoài không mập ra ghecccccc,0,0,0,personal_number,P2P hard negative,NONE,external_curated
ViSmish_05959,"5173 la Ma xac nhan dung de dat hang San pham Doi Tra/Trung Bay tai Website TGDD, hieu luc den 17:46 11/02",0,0,0,brandname,Tin nhắn cá nhân và OTP,NONE,real
ViSmish_05962,thà đi concert 1 mình hơn là đi với ng ko thực sự thích vì ngta sẽ làm mình tụt mood vcl,0,0,0,personal_number,P2P hard negative,NONE,external_curated
ViSmish_05963,(TPBank) QK vui long truy cap https://evocard.tpb.vn/UiK3Qrnc de hoan tat dang ky mo the TPBank EVO va tan huong uu dai khong gioi han. LH 1900585885,0,1,1,brandname,Ngân hàng thật,NONE,real
ViSmish_05966,vô năm cg có gặp nx đâu,0,0,0,personal_number,P2P hội thoại thông thường,NONE,external_real
ViSmish_05967,"Nhiệt liệt chào mừng Đại hội đại biểu Đảng bộ tỉnh An Giang lần thứ I, nhiệm kỳ 2025 - 2030!",0,0,0,brandname,Dịch vụ công thật,NONE,real
ViSmish_05973,hồi năm nhất làm 20k/h sướng rồi nhìn ngta cái,0,0,0,personal_number,P2P hard negative,NONE,external_curated
ViSmish_05976,"t mua shopee 1k/10 viên thì nghĩ sạch tdn dc nhưng thôi nước xanh nhìn ""sạch mắt"" :)))",0,0,0,personal_number,P2P hard negative,NONE,external_curated
ViSmish_05977,"EVNHCMC TB-Ky1T05 GHI 00:41 16/05/22 CSM307, CSC255 KH PE13000143179 LA52kWh TIEN 94357VND THU TIEN TU 18/05/22 LH 1900545454",0,0,1,brandname,Dịch vụ công thật,NONE,real
ViSmish_05982,"GIA HAN LIEN TAY, CHOP NGAY UU DAI! Goi cuoc D159V (159.000d/30 ngay) cua QK co HSD het ngay 03/01/2025 23:59:59. Moi QK gia han goi cuoc bang cach quet QR va thanh toan de dang qua tai khoan ngan hang/vi dien tu tai https://thanhtoan.vnpt.vn/584f18a0. CSKH 18001091.",0,1,1,shortcode,Viễn thông,NONE,real
ViSmish_05984,"[TB] Quý khách đã nhận được quà trước đó. Xem thêm các ưu đãi tiếp theo tại https://viettel.vn/tet. Đừng quên lan tỏa cú pháp TET gửi 191 đến bạn bè, người thân. LH 198 (0đ). Trân trọng.",0,1,0,shortcode,Khác,NONE,real
ViSmish_05985,Dang ky khong thanh cong do Quy khach khong su dung dien thoai 5G cua chuong trinh khuyen mai. Chi tiet LH 198 (0d). Tran trong.,0,0,0,shortcode,Viễn thông,NONE,real
ViSmish_05987,m nên biết ơn t,0,0,0,personal_number,P2P hội thoại thông thường,NONE,external_real
ViSmish_05989,Mã xác thực Claude của bạn là: 533434,0,0,0,brandname,Tin nhắn cá nhân và OTP,NONE,real
ViSmish_05990,"[TB] Hướng dẫn nhận quà tặng 2/9 Theo Nghị quyết 263/NQ-CP ngày 29/8/2025 của Chính phủ, ""chủ hộ"" gia đình thực hiện tích hợp tài khoản an sinh trên ứng dụng VNeID để nhận tiền cho thành viên trong hộ gia đình thuận tiện; trường hợp chưa có tài khoản sẽ nhận trực tiếp tiền tại điểm chi trả do địa phương tổ chức bảo đảm kịp thời, an toàn, hiệu quả. Bước 1: Mở ứng dụng VNeID (phiên bản mới nhất) và đăng nhập. Bước 2: Chọn An sinh xã hội  -> Tài khoản hưởng an sinh xã hội. Bước 3:, Chọn ngân hàng/ ví điện tử/ Mobile money liên kết. Bước 4: Kiểm tra lại thông tin cá nhân và số tài khoản. Bước 5: Xác nhận -> Gửi yêu cầu thành công. Lưu ý: Đối với các dấu hiệu lừa đảo, người dân có thể báo ngay Công an nơi gần nhất hoặc phản ánh, tố giác trên VNeID.",0,0,0,brandname,Dịch vụ công thật,NONE,real
ViSmish_05991,"[TB] SIÊU ƯU ĐÃI: TẶNG 50% LƯU LƯỢNG Soạn ST5K gửi 191: 5.000đ/ngày có 500MB sử dụng đến 24h (gia hạn hàng ngày), tặng thêm 250MB sau 60p đăng ký. CT áp dụng từ thời điểm TB nhận được tin nhắn đến hết 15/08/2023. Chi tiết LH 198 (0đ).",0,0,0,brandname,Viễn thông,NONE,real
ViSmish_05996,"[TB] Chatbot - Trợ lý ảo trên My Viettel hỗ trợ online 24/7 về thông tin CTKM, gói cước Data, báo hỏng dịch vụ. Truy cập ứng dụng tại https://myvt.page.link/chatbot hoặc https://viettel.vn. Chi tiết LH 198 (0đ). Trân trọng!",0,1,0,brandname,Viễn thông,NONE,real
ViSmish_05997,TK ViettelPay 9704...1278 GD +5.000 VND luc 2024-06-18 11:17:23 So du 8.372 VND ND: 240618159555909 QUATANGVOUCHER 240618159555909 84867256447,0,0,1,brandname,Ngân hàng thật,NONE,real
ViSmish_05998,"[TB] SẮM DATA ĐÓN TẾT! 1. Soạn V15B gửi 191: 15K/15 ngày có 500MB, miễn phí 5p/cuộc gọi nội mạng 2. Soạn SD70 gửi 191: 70K/30 ngày có 30GB (1GB/ngày). Đăng ký trước 25/02, tặng 1 tuần trải nghiệm dịch vụ MyDio, MyClip và ưu đãi giảm giá 50% gói tháng iMuzik Gói cước gia hạn khi hết chu kỳ. CT dành riêng cho Quý khách. LH 198 (0đ).",0,0,0,brandname,Viễn thông,NONE,real
ViSmish_06001,Quy khach duoc cong 15 diem do Giao dich thanh toan DV vien thong qua VIETTEL MONEY vao ngay 22/07/2024.Truy cap https://vtmoney.onelink.me/314y/loyalty de doi diem sang cac qua tang cua chuong trinh. Tran trong.,0,1,0,brandname,Khác,NONE,real
ViSmish_06010,[TB] Chuc mung nam moi 2024! Viettel Money xin chuc Quy Khach mot nam moi DAY AP niem vui va tai loc. Dung quen trai nghiem khong khi Tet trong game Tet Rong tren Viettel Money. Mo app hoac truy cap https://km.vtmoney.vn/314y/tet2024 de biet them thong tin chi tiet.,0,1,0,brandname,Khác,NONE,real
ViSmish_06015,Nóng gần chết sao mấy bà ý trụ đc lớp trang điểm hay ta,0,0,0,personal_number,P2P hội thoại thông thường,NONE,external_real
ViSmish_06018,"j)t.ly/Q5YuG Um Cu,u~Th,ua8% ZJ Na.pVao- LanD:au,UuDa'j:8Tr8 PJ wz8:88.Bma Gu.i_C:OT~6OKa:H'SD;2_4H {H6MW9KD1X191> z Hoa'n,Tr'a~1,4% Ge",1,1,0,personal_number,Cờ bạc / Betting,Level 4 - Mixed special characters,real
ViSmish_06020,"(TB) Để phòng ngừa cháy, nổ trong dịp Tết Nguyên Đán, Công an tỉnh khuyến cáo: Không sắp xếp hàng hóa, vật dụng gần nguồn lửa, nguồn nhiệt và lấn chiếm lối đi; Trông coi khi đun nấu, thắp hương, đốt vàng mã, cỏ rác; Tắt thiết bị điện, khóa van gas khi không sử dụng; Mở lối thoát hiểm thứ hai, chuẩn bị phương án thoát nạn và các phương tiện chữa cháy; Tham gia “Tổ liên gia an toàn PCCC”; Khi có sự cố cháy, nổ gọi ngay 114 hoặc sử dụng App “Báo cháy 114”.",0,0,0,brandname,Dịch vụ công thật,NONE,real
ViSmish_06021,"Gọi đéo dậy, bảo giờ đầu óc e chẳng nhớ gì",0,0,0,personal_number,P2P hard negative,NONE,external_curated
ViSmish_06025,s ngta chơi điềm tĩnh mà mình chơi lạ z,0,0,0,personal_number,P2P hội thoại thông thường,NONE,external_real
ViSmish_06026,bic ai trả luôn r đó,0,0,0,personal_number,P2P hội thoại thông thường,NONE,external_real
ViSmish_06027,E nêu may đc đô đem xuông cho c luôn nha .Ca mây cai gio c nhơ khâu nưa nha .xuông lây đô vê lam dum c nha .Cam ơn gai ưu,0,0,0,personal_number,Tin nhắn cá nhân và OTP,NONE,real
ViSmish_06028,(TB) Quà tặng tháng Mười - VinaPhone dành riêng cho Bạn 20% khi nạp tiền điện thoại vào NGÀY MAI 04/10/2022. Khuyến mại sử dụng gọi/nhắn tin trong 15 ngày. Hãy trải nghiệm nạp tiền online dễ dàng và nhanh chóng tại ứng dụng MyVNPT my.vnpt.com.vn/app . CSKH 18001091 (0đ).,0,1,1,brandname,Viễn thông,NONE,real
ViSmish_06040,(TB) VINAPHONE ƯU ĐÃI DÀNH RIÊNG cho Quý khách nhận được tin nhắn và nạp tiền vào NGÀY MAI 15/4/2025: + Tặng 20% giá trị thẻ nạp. Khuyến mại được sử dụng gọi/nhắn tin trong 15 ngày. + Thêm ưu đãi hời khi nạp thẻ tại https://my.vnpt.com.vn/adv/napthe . CSKH: 18001091 (0đ).,0,1,1,brandname,Viễn thông,NONE,real
ViSmish_06041,"Tai khoan cua Quy khach da duoc nap 30,000d tu 373090 vao 11/04/2025 19:34:31. Ma giao dich 2273825191. Chi tiet lien he CSKH 18001091 (0d). Tran trong cam on!",0,0,1,shortcode,Viễn thông,NONE,real
ViSmish_06043,OTP cua Quy Khach la: 41925937. Ma xac thuc giao dich tren vi co hieu luc trong vong 2 phut. QK TUYET DOI khong cung cap OTP cho nguoi khac tranh bi lua dao!,0,0,0,brandname,Tin nhắn cá nhân và OTP,NONE,real
ViSmish_06046,khoc vi hoc bai ma hoc quai no k het,0,0,0,personal_number,P2P hard negative,NONE,external_curated
ViSmish_06047,"[TB] GỌI RẺ HƠN - ƯU ĐÃI HƠN Chỉ 50.000đ/30 ngày có 500 phút gọi nội mạng. Gói cước gia hạn sau 30 ngày. Đăng ký, soạn DK50K gửi 109. CT áp dụng cho thuê bao nhận được tin nhắn. Chi tiết LH 198 (0đ).",0,0,0,brandname,Viễn thông,NONE,real
ViSmish_06049,97 tài khoản 157k thì 19t ngta có >157 tỉ,0,0,0,personal_number,P2P hard negative,NONE,external_curated
ViSmish_06050,Truong DH CNTT thong bao nghi hoc Mon Xac suat thong ke(MA005.N24) vao thu 2 ngay 27 thang 03 nam 2023. Chi tiet vui long lien he (028) 372 52002 chon 155,0,0,0,brandname,Khác,NONE,real
ViSmish_06054,"Quy khach co 7.156 dong trong tai khoan. Bam goi *098*3# de co 3GB voi 15.000d/3 ngay hoac *098*989# (30.000d/3 ngay) co 15GB (5GB/ngay), mien phi 10 phut/cuoc noi mang, 15 phut ngoai mang, SMS noi mang va TV360. Goi cuoc gia han khi het chu ky. De biet thong tin cac uu dai khac, bam goi *098# hoac truy cap My Viettel tai https://myvt.page.link/goidata . Chi tiet LH 198 (0d). Tran trong.",0,1,0,shortcode,Viễn thông,NONE,real
ViSmish_06061,đang ngồi run cả chân ae ơi,0,0,0,personal_number,P2P hội thoại thông thường,NONE,external_real
ViSmish_06064,(TB) Cuối tuần vui vẻ- Nạp thẻ nhận quà! VinaPhone tặng Quý khách: + 20% giá trị thẻ nạp vào NGÀY MAI 21/02/2025 (khuyến mại được sử dụng gọi/nhắn tin trong 15 ngày).  + Thêm ưu đãi hời khi nạp thẻ tại https://my.vnpt.com.vn/adv/napthe .  CSKH:18001091 (0đ).,0,1,1,brandname,Viễn thông,NONE,real
ViSmish_06068,má c đi ra đường cẩn thận nha bà,0,0,0,personal_number,P2P hội thoại thông thường,NONE,external_real
ViSmish_06070,"(TB) Đặt lịch nhận SIÊU ƯU ĐÃI, duy nhất 16/03/2025, My VNPT dành tặng bạn KHUYẾN MẠI 50% khi Nạp điện thoại VinaPhone cho thuê bao trả trước (khuyến mại sử dụng gọi/nhắn tin trong 15 ngày)! Áp dụng cho mọi mệnh giá, không giới hạn tại https://my.vnpt.com.vn/adv/napthe50. CSKH: 18001091 nhánh 3 (0đ). Trân trọng!",0,1,1,brandname,Viễn thông,NONE,real
ViSmish_06071,m t với nhân viên thì công ty cũng văn hoá quá,0,0,0,personal_number,P2P hard negative,NONE,external_curated
ViSmish_06075,"Quy khach da dang ky thanh cong Bao hiem xe may PVI. So hop dong 250192454, Ho ten chu xe: Cao Minh Tan, bien so/ so khung: 68M7-2020. Phi bao hiem 99.000d da duoc tru vao Cong thanh toan Viettel Money cua Quy khach. Thoi gian hieu luc tu 17:27 07/02/2025 den 17:27 07/02/2028. Truy cap https://km.viettelmoney.vn/6Win/HOPDONG hoac https://congbaohiem.com.vn/Personal/Index de tra cuu hop dong bao hiem. Lien he 0981314410 (0 d/p).",0,1,1,brandname,Khác,NONE,real
ViSmish_06076,"Ps  nhan luon 588k vao vi khi cai app va dang ky, Mong ban dai thang drwhcP.GeqrE.me fr",1,1,0,personal_number,Cờ bạc / Betting,Level 0 - Formal,real
ViSmish_06086,có mời cưới nhớ dắt t vô chỗ ngồi đàng hoàng nha,0,0,0,personal_number,P2P hội thoại thông thường,NONE,external_real
ViSmish_06087,"[UNG TIEN AIRTIME] Tai khoan chinh cua Quy Khach sap het. Soan A gui 1357 de duoc ung 15000d, GIA CUOC 0 DONG vao tai khoan Airtime (su dung thoai va sms). Hieu luc su dung tai khoan Airtime la 750 phut. So tien da ung 15000d se duoc tru vao TKC. Chi tiet LH 18001091 (mien phi).",0,0,1,shortcode,Viễn thông,NONE,real
ViSmish_06093,Don hang TPO146282106 da giao thanh cong. Quy khach vui long danh gia thai do nhan vien giao hang qua link: http://yk.vtp.vn/s/pO1FfDotQyW6CLlWO2uulQ,0,1,0,brandname,Vận chuyển,NONE,real
ViSmish_06095,"[QC] Cuoc chien tranh gianh quyen luc va nhung rac roi trong chuyen tinh cam hua hen nhieu kich tinh cao trao, tat ca se duoc he lo trong bo phim SONG DON TRANG LEN vao 17h30 thu hai den chu nhat hang tuan tren SCTV6-FIM360. Tu choi QC, soan TC4 gui 199.",0,0,0,brandname,Quảng cáo hợp lệ,NONE,real
ViSmish_06097,"[TB] Ban dang co VOUCHER MIEN PHI toi da 10.000d Nap dien thoai cho chinh minh, mua cac goi Data Viettel tren Viettel Money. Mo app hoac truy cap https://km.vtmoney.vn/314y/uudai2 de su dung Ban nhe.",0,1,0,brandname,Khác,NONE,real
ViSmish_06099,[TB] Dung quen Ban dang co voucher giam 50% toi da 10.000d khi thanh toan Dien/Nuoc/Internet truyen hinh. Mo app hoac truy cap https://km.vtmoney.vn/314y/uudai2 de su dung uu dai Ban nhe.,0,1,0,brandname,Khác,NONE,real
ViSmish_06100,ngừi này cứ lun nghĩ là tui ăn chưa no :)))),0,0,0,personal_number,P2P hard negative,NONE,external_curated
ViSmish_06104,"Ben Em nhan lam cac loai gplx may,oto..chung minh thu,can cuoc,dang ki xe,bang cap 3 den dai hoc va tat ca giay to khac,LH 0877.607.954 giao hang thu tien",1,0,1,personal_number,Khác,Level 0 - Formal,real
ViSmish_06106,Tôi muốn đc ăn măng cụt chín ạ,0,0,0,personal_number,P2P hội thoại thông thường,NONE,external_real
ViSmish_06107,"Quy khach duoc cong them 1 diem Viettel++ boi giao dich Tieu dung vien thong thang 08/2021. Thoi han su dung diem den 30/09/2022. Hay truy cap https://myvt.page.link/vtplus tren My Viettel hoac *098# de doi diem sang Data, SMS, Phut goi cung nhieu uu dai gia tri khac. Chi tiet LH 198. Tran trong.",0,1,0,brandname,Khác,NONE,real
ViSmish_06108,Ko cho ai vay hết,0,0,0,personal_number,P2P hard negative,NONE,external_curated
ViSmish_06109,"Hôn x t mất cmn hứng luôn , xong 2 vck cãi nhau , thế là mỗi đứa 1 góc giường",0,0,0,personal_number,P2P hard negative,NONE,external_curated
ViSmish_06110,"ĐH FPT kính mời quý vị phụ huynh, các em học sinh tham dự hội thảo trực tuyến ""Hỏi & Đáp Tuyển sinh 2022"", kết nối trực tiếp với đội ngũ giảng viên tiêu biểu của tất cả các ngành đang đào tạo tại ĐH FPT. Thời gian: từ 19g - 21g Thứ tư ngày 17/8. Vui lòng đăng ký trước và đặt câu hỏi để được ưu tiên giải đáp: https://bit.ly/Webinar-DHFPT-1708",0,1,0,brandname,Khác,NONE,real
ViSmish_06112,đừng đùa vs thần cht,0,0,0,personal_number,P2P hội thoại thông thường,NONE,external_real
ViSmish_06118,TK ViettelPay 9704...1278 GD -5.000 VND luc 2024-06-18 11:17:23 So du 3.372 VND ND: GD thanh toan 240618159556024 NAP TIEN DIEN THOAI cho Khach hang 0867256447,0,0,1,brandname,Ngân hàng thật,NONE,real
ViSmish_06122,Do su co tam gian doan cap dien Khach hang PE13000146339 tu 17:02 - 21:15 ngay 17/06/2022. Kinh xin loi quy Khach hang va mong duoc thong cam. LH 1900545454,0,0,1,brandname,Dịch vụ công thật,NONE,real
ViSmish_06130,"[UNG TIEN AIRTIME] Tai khoan chinh cua Quy khach khong du de thuc hien cuoc goi. Soan A gui 1357 de duoc ung 15000d, GIA CUOC 0DONG vao tai khoan Airtime (su dung thoai va sms). Hieu luc su dung tai khoan Airtime la 750 phut, sau thoi gian nay tai khoan Airtime se bi thu hoi neu Quy khach khong su dung het. So tien da ung se duoc tru vao tai khoan chinh. Tu choi nhan tin nhan, soan TC A gui 1357. CSKH:18001091 (0d).",0,0,1,shortcode,Viễn thông,NONE,real
ViSmish_06134,"có gì cứ nói ra, nói rồi vẫn đâu đóng đấy thì mackeno 1 thgian...",0,0,0,personal_number,P2P hard negative,NONE,external_curated
ViSmish_06135,lạc quan lên nhé bé iu cb ra trường hoy nào,0,0,0,personal_number,P2P hội thoại thông thường,NONE,external_real
ViSmish_06137,"[TB] Bộ Công Thương - Chương trình Thương hiệu quốc gia Việt Nam thông báo về kỳ xét chọn sản phẩm đạt thương hiệu quốc gia Việt Nam lần thứ 9 năm 2024. Đây là Chương trình xúc tiến thương mại đặc thù, dài hạn của Chính phủ. Hồ sơ đăng ký trước ngày 31/3/2024. Chi tiết truy cập https://vietrade.gov.vn/",0,1,0,brandname,Dịch vụ công thật,NONE,real
ViSmish_06143,"con bị ngã , nhưng bme vẫn lo lao vào đánh người bị hại , đúng là occho ,",0,0,0,personal_number,P2P hard negative,NONE,external_curated
ViSmish_06144,"[TB] NẠP THẺ TẶNG TIỀN - DÙNG LIỀN DATA! Tặng 20% giá trị tất cả thẻ nạp vào tài khoản viễn thông trong ngày 10/05/2024. Tiền KM sử dụng truy cập Internet trong 15 ngày. Nạp thẻ online tại các ví điện tử, ứng dụng thanh toán hoặc tại https://viettel.vn/naptienkm . Chi tiết gọi 197 bấm phím 19 (0đ). Trân trọng.",0,1,0,brandname,Viễn thông,NONE,real
ViSmish_06146,Hi,0,0,0,personal_number,Tin nhắn cá nhân và OTP,NONE,real
ViSmish_06149,"Quy khach duoc cong them 5 diem Viettel++ boi giao dich Tieu dung vien thong thang 03/2022. Thoi han su dung diem den 30/04/2023. Hay truy cap https://myvt.page.link/vtplus tren My Viettel hoac *098# de doi diem sang Data, SMS, Phut goi cung nhieu uu dai gia tri khac. Chi tiet LH 198. Tran trong.",0,1,0,brandname,Khác,NONE,real
ViSmish_06152,"(TB) Phòng Cảnh sát giao thông Công an tỉnh Đồng Nai khuyến cáo: Điều khiển phương tiện tham gia giao thông sau khi uống rượu bia là hành vi vi phạm pháp luật, là một trong những nguyên nhân chính gây ra các vụ tai nạn giao thông nghiêm trọng và đặc biệt nghiêm trọng, để lại hậu quả to lớn cho gia đình và xã hội. Chính vì thế “Đã uống rượu bia - không lái xe”.",0,0,0,brandname,Dịch vụ công thật,NONE,real
ViSmish_06154,Cái quần của t sao lại ở đây ???,0,0,0,personal_number,P2P hội thoại thông thường,NONE,external_real
ViSmish_06157,Moé thằng Kiên ngu này :)),0,0,0,personal_number,P2P hội thoại thông thường,NONE,external_real
ViSmish_06169,Truong DH CNTT thong bao nghi hoc Mon Hoc may thong ke(DS102.P13.CNVN.1) vao thu 2 ngay 09 thang 12 nam 2024. Chi tiet vui long lien he (028) 372 52002 chon 155,0,0,0,brandname,Khác,NONE,real
ViSmish_06173,"Truong DH CNTT thong bao hoc HT2 mon Co so ha tang cong nghe thong tin(IE101.O21.1) vao thu 2 ngay 29/04/2024, Tiet 1,2,3,4, Phong B2.20. Chi tiet vui long lien he (028) 372 52002 chon 155",0,0,0,brandname,Khác,NONE,real
ViSmish_06177,"vụ giàn khoan a kể cho e này, đọc đi cho có tinh thần yêu nc :))",0,0,0,personal_number,P2P hard negative,NONE,external_curated
ViSmish_06182,"Ban co the qua NAP DIEN THOAI MIEN PHI 10.000D trong MoMo, het han 30/9. Mo Vi > UU DAI > QUA CUA TOI hoac https://momo.vn/qua-cua-toi dung ngay!",0,1,0,brandname,Khác,NONE,real
ViSmish_06183,"Truong Dai hoc CNTT thong bao diem HK 2 NH 2024-2025 cua SV Nguyen Hoang Duy (22520327):IE105 6.7,IE212 8.1,IE303 7.3,DS200 8.3, diem co the thay doi neu SV co phuc khao diem.",0,0,0,brandname,Khác,NONE,real
ViSmish_06189,Chuc mung Quy khach da nap the thanh cong! VinaPhone kinh tang Quy khach 50% gia tri the nap. Gia tri khuyen mai duoc su dung goi/nhan tin cac nha mang trong 7 ngay ke tu nay nap the. CSKH: 18001091(0d). Tran trong,0,0,1,shortcode,Viễn thông,NONE,real
ViSmish_06191,"Quý khách đã hủy gia hạn gói V15B, ưu đãi còn lại của gói V15B vẫn được sử dụng đến hết chu kỳ. Để biết thông tin các ưu đãi khác, vui lòng bấm gọi *098#. Chi tiết LH 198 (0đ). Trân trọng.",0,0,0,shortcode,Viễn thông,NONE,real
ViSmish_06192,"[TB] KHUYẾN MẠI HÔM NAY! NHẬN NGAY 20% giá trị tất cả thẻ nạp trong ngày 31/08, tiền KM sử dụng nội mạng trong 15 ngày. Giảm thêm đến 10% khi nạp thẻ tại https://vt.vtmoney.vn/kmdt253 . Nạp thẻ ngay và tham gia ưu đãi: Soạn V50C gửi 191: 50K/30 ngày có 3GB, miễn phí gọi nội mạng. Chi tiết gói cước tại https://myvt.page.link/V50C CT dành riêng cho Quý khách. LH 198 (0đ).",0,1,0,brandname,Viễn thông,NONE,real
ViSmish_06193,Giờ dem xe hơi ra tập lái đúng bài,0,0,0,personal_number,P2P hội thoại thông thường,NONE,external_real
ViSmish_06198,"Tai khoan cua Quy khach da duoc nap 50,000d tu 333895 vao 30/06/2025 13:53:34. Ma giao dich 2323256250. Chi tiet lien he CSKH 18001091 (0d). Tran trong cam on!",0,0,1,shortcode,Viễn thông,NONE,real
ViSmish_06203,"“mẹ, người ta nói z gòi mình nói sao nữa”",0,0,0,personal_number,P2P hội thoại thông thường,NONE,external_real
ViSmish_06205,"OCBC: Please allow 1-2 hours for PAYEE MR  J  D O E  to be succesfully added. If this was NOT you, please verify: payee-ocbc.com",1,1,0,brandname,Giả mạo ngân hàng,Level 2 - Leet nặng,real
ViSmish_06211,[TB] Dung quen Ban dang co voucher MIEN PHI 5.000d khi nap dien thoai Viettel se HET HAN HOM NAY 18/06/2024. Mo app hoac truy cap https://km.vtmoney.vn/314y/uudai2 de su dung uu dai Ban nhe.,0,1,0,brandname,Khác,NONE,real
ViSmish_06214,Sao ko húc cmn vào thằng súc vật nhỉ,0,0,0,personal_number,P2P hard negative,NONE,external_curated
ViSmish_06219,"Bà mie,vẫn thốn đến tận bây giờ.",0,0,0,personal_number,P2P hội thoại thông thường,NONE,external_real
ViSmish_06220,Ok em,0,0,0,personal_number,Tin nhắn cá nhân và OTP,NONE,real
ViSmish_06227,"Đăng ký không thành công. CT không áp dụng cho TB của Quý khách. Để biết thông tin các ưu đãi khác, vui lòng bấm gọi *098#. Chi tiết LH 198 (0đ). Trân trọng.",0,0,0,shortcode,Viễn thông,NONE,real
ViSmish_06228,rất chi là giận em nhs,0,0,0,personal_number,P2P hội thoại thông thường,NONE,external_real
ViSmish_06229,Quy khach duoc cong 3 diem do Giao dich thanh toan DV vien thong qua VIETTEL MONEY vao ngay 17/02/2024.Truy cap https://vtmoney.onelink.me/314y/loyalty de doi diem sang cac qua tang cua chuong trinh. Tran trong.,0,1,0,brandname,Khác,NONE,real
ViSmish_06231,"Quy khach co 40.000 dong trong tai khoan. Bam goi *098*3# de co 3GB voi 15.000d/3 ngay hoac *098*989# (30.000d/3 ngay) co 15GB (5GB/ngay), mien phi 10 phut/cuoc noi mang, 15 phut ngoai mang, SMS noi mang va TV360. Goi cuoc gia han khi het chu ky. De biet thong tin cac uu dai khac, bam goi *098# hoac truy cap My Viettel tai https://myvt.page.link/goidata . Chi tiet LH 198 (0d). Tran trong.",0,1,0,shortcode,Viễn thông,NONE,real
ViSmish_06235,"[QC] TANG NGAY 1 - 2 thang cuoc dich vu INTERNET VIETTEL khi dang ky moi va dong truoc cuoc tu 6 - 12 thang. Cuoc TB chi tu 210.000d/thang. Phi hoa mang 300.000d, mien phi modem wifi, thu tuc don gian va nhanh chong. Chi tiet LH 18008168 (0d) hoac truy cap https://viettel.vn/s/STAR1T . Tu choi QC, soan TC3 gui 199.",0,1,1,brandname,Quảng cáo hợp lệ,NONE,real
ViSmish_06237,(TB) VINA LÀ CHÂN ÁI - NẠP THẺ LÀ ƯU ĐÃI! Chỉ dành riêng cho Quý khách nhận được tin nhắn và nạp tiền vào NGÀY MAI 20/8/2024: + Nhận ngay 20% giá trị thẻ nạp. Khuyến mại được sử dụng gọi/nhắn tin trong 15 ngày.  + Thêm ưu đãi hời khi nạp thẻ tại https://my.vnpt.com.vn/adv/ napthe . CSKH: 18001091 (0đ).,0,1,1,brandname,Viễn thông,NONE,real
ViSmish_06238,"Dung luong Data con lai cua goi BIG: 1807 MB, HSD: 23:59 ngay 22/11/2025. HSD goi cuoc: 23:59 ngay 08/12/2025. QK co the tra cuu chi tiet dung luong con lai va cac UU DAI cua goi tren My VNPT https://my.vnpt.com.vn/adv/dungluong . CSKH: 18001091(0d).",0,1,1,shortcode,Viễn thông,NONE,real
ViSmish_06239,nhìn z chứ kh ph z=)),0,0,0,personal_number,P2P hội thoại thông thường,NONE,external_real
ViSmish_06243,"Ma OTP xac thuc GD la 795597, hieu luc 1 phut. Chi tiet GD: Tra cuu thong tin the tren kenh Mobile cua VCB Digibank",0,0,0,brandname,Ngân hàng thật,NONE,real
ViSmish_06245,Goi cuoc D159V gia han khong thanh cong do TKC khong du tien. Goi cuoc se duoc quet gia han lai trong ngay. Hay nap the de duoc tiep tuc gia han. Cam on quy khach da su dung dich vu cua VinaPhone. Chi tiet LH 18001091,0,0,1,shortcode,Viễn thông,NONE,real
ViSmish_06257,"k bt trl nó bảo mình chảnh , cay vãi =))",0,0,0,personal_number,P2P hard negative,NONE,external_curated
ViSmish_06263,TK ViettelPay 9704...1278 GD -2.000 VND luc 2024-09-12 14:30:57 So du 3.372 VND ND: GD thanh toan 240912161368405 NAP TIEN DIEN THOAI cho Khach hang 0867256447,0,0,1,brandname,Ngân hàng thật,NONE,real
ViSmish_06264,"ỢờỘỤ ĐặngNh_Ảp Chỗ'iNga_y TPNỜH'Ủ NhắnLỉX_ị 8888(Kắ) FrỀ'ễ .ĐẵngK""Ỵ Tặi*i<fr3e.win/z1r5Dd> ậỗọặ",1,1,0,personal_number,Cờ bạc / Betting,Level 4 - Mixed special characters,real
ViSmish_06266,EBAY Shop hợp tác với EMIME COMPANY cần tuyển nhân viên làm việc tại nhà !!! Số lượng có hạn chỉ 80 người !!! Công việc : Xử lý đơn hàng trên nền tảng ứng dụng !!! Yêu cầu độ tuổi: 22 ~ 55 tuổi !!! Thu nhập 260k - 1180k / ngày !!! Nhận tiền trong ngày !!! Zalo: zalo.me/ 84886977590 Liên hệ / zalo: 84886977590,1,1,1,brandname,Tuyển dụng giả,Level 2 - Leet nặng,real
ViSmish_06273,"Sacombank kinh chuc Quy khach hang HOANG THI THUY tuoi moi that nhieu dieu may man, vui ve, hanh phuc va thanh cong",0,0,0,brandname,Khác,NONE,real
ViSmish_06279,"[TB] Viettel TP HCM thong bao: Nham han che di chuyen trong giai doan dich benh Covid-19, Quy khach can nap the, mua sim hoac ho tro ve cac dich vu vien thong khac tai nha, vui long lien he nhan vien Viettel: Phan Thi Phuc - 0398810696 (cuoc goi di dong). Tran trong.",0,0,1,brandname,Viễn thông,NONE,real
ViSmish_06283,"Ma OTP xac thuc GD la 534509, hieu luc 1 phut. Chi tiet GD: Dang ky thong tin ca nhan tren kenh Mobile cua dich vu VCB Digibank",0,0,0,brandname,Ngân hàng thật,NONE,real
ViSmish_06285,TK ViettelPay 9704...1278 GD +1.000 VND luc 2024-03-15 11:38:13 So du 4.372 VND ND: 240315179237821 VIETTELMONEY TRATHUONG MACQ 240315179237821 84867256447,0,0,1,brandname,Ngân hàng thật,NONE,real
ViSmish_06293,"Quy khach duoc cong them 5 diem Viettel++ boi giao dich Tieu dung vien thong thang 11/2020. Thoi han su dung diem den 31/12/2021. Hay truy cap https://myvt.page.link/vtplus tren My Viettel hoac *098# de doi diem sang Data, SMS, Phut goi cung nhieu uu dai gia tri khac. Chi tiet LH 198. Tran trong.",0,1,0,brandname,Khác,NONE,real
ViSmish_06295,OTP cua Quy Khach la: 69842000. Ma xac thuc giao dich tren vi co hieu luc trong vong 2 phut. QK TUYET DOI khong cung cap OTP cho nguoi khac tranh bi lua dao!,0,0,0,brandname,Tin nhắn cá nhân và OTP,NONE,real
ViSmish_06296,méo ai như cha nội đâu,0,0,0,personal_number,P2P hard negative,NONE,external_curated
ViSmish_06297,"(TB) Nạp thẻ là có quà to! VinaPhone tặng Quý khách đặc quyền nhận 50% khi nạp thẻ vào NGÀY MAI 04/11/2025. Khuyến mại được sử dụng gọi/nhắn tin trong 7 ngày. Nạp thẻ nhanh gọn, tiện lợi tại https://my.vnpt.com.vn/adv/napthe  CSKH: 18001091 (0đ).",0,1,1,brandname,Viễn thông,NONE,real
ViSmish_06300,"e gái đi viện nằm phòng VIP nhé ,tuyệt đối ko đưa bhyt ,rồi lại hoang mang ,vài ngày lại kêu đau đầu ,sợ hãi ng lạ",0,0,0,personal_number,P2P hard negative,NONE,external_curated
ViSmish_06301,"[TB] SĂN SALE ĐỒNG GIÁ 79K! 1. Soạn MXH100 gửi 191 (giá gốc 100K): Có 30GB (1GB/ngày), miễn phí data truy cập YouTube, TikTok, Facebook, nhắn tin Messenger 2. Soạn MXH120 gửi 191 (giá gốc 120K): Có ưu đãi gói MXH100 và thêm ưu đãi miễn phí gọi điện DV gia hạn sau 30 ngày với giá gốc. Chi tiết gói cước tại https://viettel.vn/s/bf10 CT dành riêng cho Quý khách đến hết 30/11. LH 198 (0đ).",0,1,0,brandname,Viễn thông,NONE,real
ViSmish_06303,"Ben EM nhan lam cac loai gp xe may,oto...chung minh thu, can cuoc, dang ki xe, bang cap 3 den dai hoc va tat ca giay khac;LH 0567-841-352 giao hang thu tien",1,0,1,personal_number,Khác,Level 0 - Formal,real
ViSmish_06307,Ai tag ck tôi vào hộ cái,0,0,0,personal_number,P2P hội thoại thông thường,NONE,external_real
ViSmish_06308,"[TB] Gọi điện miễn phí qua Mocha Call Out với gói ST5K. Tham gia, soạn ST5K gửi 191: 5.000đ/ngày có 500MB, tặng thêm 50 phút gọi nội mạng Mocha Call Out dùng đến 24h. DV gia hạn hàng ngày. LH 198 (0đ). Trân trọng.",0,0,0,brandname,Viễn thông,NONE,real
ViSmish_06310,"379152 la ma xac thuc OTP tren MyVNPT cua Quy khach. Ma co hieu luc trong 2 phut. De dam bao an toan, Quy khach vui long khong chia se ma nay voi bat ky ai.",0,0,0,brandname,Tin nhắn cá nhân và OTP,NONE,real
ViSmish_06315,"Dang ky thanh cong goi D7 (7.000d/ngay co 1,2GB data toc do cao, het 1,2GB tinh theo goi dang su dung). Hieu luc den 07:12 23/10/2022. Goi cuoc gia han tu dong hang ngay. Kiem tra dung luong, soan DATAKM gui 888. De huy soan HUY D7 gui 888",0,0,0,shortcode,Viễn thông,NONE,real
ViSmish_06330,"(TB) NẠP DẾ SINH LỜI - NHÂN ĐÔI LỢI ÍCH, duy nhất trên VNPT Money: Nạp điện thoại VinaPhone nhận chiết khấu khủng 3,5% cho mọi mệnh giá và SINH LỜI TỰ ĐỘNG mỗi ngày tới 6,8%/năm trên giá trị chiết khấu. Khám phá ngay tại https://km.vnptmoney.vn/TopupSTL. Chi tiết LH 18001091 (#3).",0,1,1,brandname,Khác,NONE,real
ViSmish_06332,VNG: Activation code 149642 is used for VNGGames authentication,0,0,0,brandname,Tin nhắn cá nhân và OTP,NONE,real
ViSmish_06333,Xin chúc mừng bạn @gmail.com đã trúng thưởng một xe máy SH trị giá 97 triệu đồng. Vui lòng truy cập website: www.traogiainammoi2022.com để hoàn tất hồ sơ nhận thưởng,1,1,0,personal_number,Khác,Level 0 - Formal,real
ViSmish_06337,"(TB) MUA DATA - LƯỚT MẠNG THẢ GA! My VNPT dành tặng bạn ưu đãi HOÀN 50% tối đa 50.000đ/lần khi đăng ký gói cước di động cho chính mình trên ứng dụng My VNPT. Mỗi khách hàng nhận tối đa 3 lần ưu đãi/tháng, áp dụng từ 17/02 - 30/04/2025. Chi tiết tại https://my.vnpt.com.vn/adv/cashback50. CSKH 18001091 (0đ). Trân trọng!",0,1,1,brandname,Viễn thông,NONE,real
ViSmish_06339,"Quy khach duoc cong them 5.000 diem Viettel++ boi giao dich giao dich dang ky goi ST5KM vao ngay 21/11/2022. Thoi han su dung diem den 31/12/2022. Hay truy cap https://myvt.page.link/vtplus tren My Viettel hoac *098# de doi diem sang Data, SMS, Phut goi cung nhieu uu dai gia tri khac. Chi tiet truy cap cong.viettel.vn hoac LH 198. Tran trong.",0,1,0,brandname,Khác,NONE,real
ViSmish_06340,Viettel TB: Cuoc goi cua Quy khach vua thuc hien duoc tinh gia cuoc ngoai vung khuyen mai. Tran trong.,0,0,0,shortcode,Viễn thông,NONE,real
ViSmish_06341,Do su co tam gian doan cap dien Khach hang PE13000143179 tu 09:15 - 12:15 ngay 30/04/2022. Kinh xin loi quy Khach hang va mong duoc thong cam. LH 1900545454,0,0,1,brandname,Dịch vụ công thật,NONE,real
ViSmish_06343,giống hôm a nhào bột :))),0,0,0,personal_number,P2P hội thoại thông thường,NONE,external_real
ViSmish_06344,"quả mãng cầu bên ấy chín chưa, chưa cho vào bóp gỏi đi e",0,0,0,personal_number,P2P hội thoại thông thường,NONE,external_real
ViSmish_06348,"[TB] VIETTEL MIỄN PHÍ DATA, CHUNG TAY ĐẨY LÙI COVID: Tặng 5GB dùng trong 5 ngày (1GB/ngày). Mời Quý khách cài đặt ứng dụng Bluezone tại https://bluezone.gov.vn/taiapp trước ngày 01/09/2020 và hướng dẫn người thân cùng cài đặt để được cảnh báo nguy cơ lây nhiễm COVID-19. Sau ngày cài đặt thành công, Viettel sẽ nhắn tin hướng dẫn Quý khách nhận ưu đãi miễn phí 5GB Data. LH 198 (0đ). Trân trọng.",0,1,0,brandname,Viễn thông,NONE,real
ViSmish_06353,đừng làm t cười nữa t vừa xem video,0,0,0,personal_number,P2P hard negative,NONE,external_curated
ViSmish_06355,"Goi cuoc cua Quy khach da het dung luong toc do cao trong ngay. Quy khach vui long soan D5 gui 888 chi 5.000d/ngay co 1GB toc do cao, gia han hang ngay. Chi tiet lien he 18001091",0,0,1,shortcode,Viễn thông,NONE,real
ViSmish_06364,Truong DH CNTT thong bao nghi hoc Mon Thiet ke giao dien nguoi dung(IE106.P11.CNVN) vao thu 3 ngay 12 thang 11 nam 2024. Chi tiet vui long lien he (028) 372 52002 chon 155,0,0,0,brandname,Khác,NONE,real
ViSmish_06366,"Ban co the qua NAP DIEN THOAI MIEN PHI 10.000D trong MoMo, het han 18/11. Mo Vi > UU DAI > QUA CUA TOI dung ngay!",0,0,0,brandname,Khác,NONE,real
ViSmish_06368,"[QC] Mua gói cước hay, nhận quà tiền triệu! Quý khách nhận ngay gói ưu đãi trị giá đến 1.400.000đ từ BE (bao gồm bộ voucher sử dụng cho dịch vụ beBike/beCar/beDelivery) khi mua gói cước viễn thông trên ứng dụng My Viettel. CT áp dụng từ ngày 16/07/2024 đến ngày 31/08/2024. Chi tiết truy cập https://myvt.page.link/uudaiBe hoặc LH 198 (0đ). Từ chối QC, soạn TC3 gửi 199.",0,1,0,brandname,Quảng cáo hợp lệ,NONE,real
ViSmish_06371,"Quý khách đã đăng ký thành công gói ST5K: 5.000đ/ngày có 500MB sử dụng đến 23:59:59 ngày 31/01/2024. Đăng ký lần tiếp theo trong ngày, Quý khách sẽ được tặng thêm 500MB theo CT Mua 2 tặng 1. Gói cước gia hạn hàng ngày. Truy cập https://viettel.vn/kttk để kiểm tra ưu đãi. Để hủy gia hạn, soạn HUY ST5K gửi 191. Chi tiết LH 198 (0đ). Trân trọng.",0,1,0,shortcode,Viễn thông,NONE,real
ViSmish_06374,"Ban co the qua NAP DIEN THOAI MIEN PHI 10.000D trong MoMo, het han 30/4. Mo Vi > UU DAI > QUA CUA TOI hoac https://momo.vn/qua-cua-toi  dung ngay!",0,1,0,brandname,Khác,NONE,real
ViSmish_06376,"QK da dang ky thanh cong goi cuoc D6V (6.000d/1 ngay. Uu dai 2GB/ngay + MyTV addon VTVcab. Het dung luong dung truy cap). Kiem tra dung luong Data, soan DATAKM gui 888. Goi cuoc duoc gia han tu dong. CSKH: 18001091(0d)",0,0,1,shortcode,Viễn thông,NONE,real
ViSmish_06377,Truong DH CNTT thong bao nghi hoc Mon Chu nghia xa hoi khoa hoc(SS009.O13) vao thu 6 ngay 13 thang 10 nam 2023. Chi tiet vui long lien he (028) 372 52002 chon 155,0,0,1,brandname,Khác,NONE,real
ViSmish_06378,"Xin chào, tôi là trưởng phòng nhân sự của Cty HVS hiện tại Cty đang tuyển dụng nhân viên bán thời gian. Tiền lương được trả hằng ngày. Bạn có thể làm việc tại nhà và thu nhập từ 15tr đến 30tr một tháng bình quân 500k-1tr/ngày. Công việc đơn giản và có thể thực hiện mọi lúc mọi nơi. Để ứng tuyển, vui lòng liên hệ với chúng tôi qua. Yêu cầu độ tuổi: 22-65 tuổi zalo:zalo.me/849244316850 Liên hệ/ Zalo: 84924316850",1,1,1,personal_number,Tuyển dụng giả,Level 1 - Leet nhẹ,real
ViSmish_06383,"Yeu cau Huy goi D6V khong thanh cong do goi cuoc van con 1.57GB. De xac nhan huy het uu dai con lai trong goi va huy goi, QK soan HUY D6V Y gui 888. CSKH: 18001091 (0d). Tran trong!",0,0,1,shortcode,Viễn thông,NONE,real
ViSmish_06384,"[TB] LÊN MẠNG SIÊU RẺ, SIÊU TỐC ĐỘ! Soạn ST15K gửi 191: Chỉ 15K/3 ngày có 3GB. Gói cước gia hạn sau 3 ngày. LH 198 (0đ).",0,0,0,brandname,Viễn thông,NONE,real
ViSmish_06386,"(TB) Quà tặng PHIẾU MUA XĂNG trị giá 300.000đ sẽ được trao ngay khi Quý khách đăng ký đường truyền Internet cáp quang VNPT siêu tốc độ, với nhiều gói cước hấp dẫn (áp dụng từ ngày 14 - 28/10/2023). Đặc biệt, gói Home Net 1+ với tốc độ tới 100Mbps và Truyền hình MyTV 180 kênh, chỉ từ 158.700đ/tháng (tham khảo tại https://my.vnpt.com.vn/adv/hn1p ). Chi tiết liên hệ các điểm giao dịch VNPT tại Đồng Nai hoặc CSKH: 18001166 nhánh 2 (0đ). Trân trọng!",0,1,1,brandname,Khác,NONE,real
ViSmish_06388,"[TB] ĐÓN NĂM MỚI - KHUYẾN MẠI MỚI! Tặng 20% giá trị tất cả thẻ nạp vào tài khoản viễn thông trong ngày 25/12/2023, tiền KM sử dụng truy cập Data trong 15 ngày. Nạp thẻ online tại các ví điện tử, ứng dụng thanh toán hoặc tại https://km.vtmoney.vn/314y/kmdaitra . Chi tiết gọi 197 bấm phím 19 (0đ). Trân trọng.",0,1,0,brandname,Viễn thông,NONE,real
ViSmish_06392,"THPT N C Tru: Tu ngay 5/1 den nay 9/1,HS khoi 10 va 11 tham gia ngoai khoa theo lich. HS khoi 12 va cac HS khong tham gia ngoai khoa duoc nghi hoc. Xin de nghi Quy PHHS chu y quan ly HS o nha. Ngay 11/1,HS 3 khoi quay lai truong de hoc theo TKB HK2. Tran trong",0,0,0,brandname,Khác,NONE,real
ViSmish_06394,"Quy khach duoc cong them 6.666 diem boi giao dich Lixi Tet 2025. Thoi han su dung diem den 28/02/2025. Hay truy cap https://myvt.page.link/vtplus tren My Viettel hoac *098# de doi diem sang Data, SMS, phut goi cung nhieu uu dai gia tri khac. Chi tiet LH 198. Tran trong.",0,1,0,brandname,Viễn thông,NONE,real
ViSmish_06396,"Gói SD90 đã hủy gia hạn thành công. Để biết các ưu đãi khác, truy cập https://viettel.vn/goidata hoặc bấm gọi *098#. Chi tiết LH 198 (0đ). Trân trọng.",0,1,0,shortcode,Viễn thông,NONE,real
ViSmish_06401,"Dung luong Data con lai cua goi BIG: 697 MB, HSD: 23:59 ngay 29/10/2025. HSD goi cuoc: 23:59 ngay 08/11/2025. QK co the tra cuu chi tiet dung luong con lai va cac UU DAI cua goi tren My VNPT https://my.vnpt.com.vn/adv/dungluong . CSKH: 18001091(0d).",0,1,1,shortcode,Viễn thông,NONE,real
ViSmish_06402,"Ma OTP xac thuc GD la 327663, hieu luc 1 phut. Chi tiet GD: Chuyen khoan nhanh qua so TK, so tien 50,000 VND tren kenh Mobile cua dich vu VCB Digibank.",0,0,0,brandname,Ngân hàng thật,NONE,real
ViSmish_06403,"Tai khoan cua ban dang duoc dang nhap tren thiet bi khac ,neu khong phai ban dang nhap vui long vao https://vietcombank.vn-yys.club de sua doi mat khau hoac thoat khoi thiet bi kia",1,1,0,brandname,Giả mạo ngân hàng,Level 0 - Formal,real
ViSmish_06406,Sử dụng mã xác minh 723327 để xác thực Microsoft.,0,0,0,brandname,Tin nhắn cá nhân và OTP,NONE,real
ViSmish_06407,"Truong DH CNTT thong bao hoc bu mon Internet va cong nghe Web(IE104.P11.CNVN) vao thu 7 ngay 07/12/2024, Tiet 2,3,4,5, Phong B3.10. Chi tiet vui long lien he (028) 372 52002 chon 155",0,0,0,brandname,Khác,NONE,real
ViSmish_06411,Quy khach co 0 MB dung luong khuyen mai tu VinaPhone,0,0,0,shortcode,Viễn thông,NONE,real
ViSmish_06412,"(TB) Hãy tránh xa ma túy vì sức khỏe của bản thân, hạnh phúc của mọi nhà. Mỗi cá nhân cùng chung tay vì một cộng đồng khỏe mạnh an toàn hãy nói không với ma túy; tuyệt đối không sản xuất, mua bán, tàng trữ, vận chuyển, sử dụng trái phép các chất ma túy; tích cực phát hiện, tố giác, đấu tranh với tội phạm, hành vi vi phạm pháp luật.",0,0,0,brandname,Dịch vụ công thật,NONE,real
ViSmish_06413,"Tai khoan cua Quy khach da duoc nap 10,000 dong tu didong tructuyen vao 21/05/2023 06:16:40. Ma giao dich 1823719921. CSKH 18001091 (0d). Tran trong cam on!",0,0,1,shortcode,Viễn thông,NONE,real
ViSmish_06414,"Quy khach co 5.155 dong trong tai khoan. Bam goi *098*3# de co 3GB voi 15.000d/3 ngay hoac *098*989# (30.000d/3 ngay) co 15GB (5GB/ngay), mien phi 10 phut/cuoc noi mang, 15 phut ngoai mang, SMS noi mang va TV360. Goi cuoc gia han khi het chu ky. De biet thong tin cac uu dai khac, bam goi *098# hoac truy cap My Viettel tai https://myvt.page.link/goidata . Chi tiet LH 198 (0d). Tran trong.",0,1,0,shortcode,Viễn thông,NONE,real
ViSmish_06415,"Năm 19 tuổi t vẫn đi bưng bê 16k/1h, đêm về chạy grab kiếm vài tỷ tiêu chơi",0,0,0,personal_number,P2P hard negative,NONE,external_curated
ViSmish_06418,Triệu Lệ Dĩnh xinh điênnnn,0,0,0,personal_number,P2P hội thoại thông thường,NONE,external_real
ViSmish_06419,"(TB) Đừng bỏ quên ưu đãi VinaPhone dành riêng cho Quý khách nhận được tin nhắn và nạp thẻ trong HÔM NAY 17/6/2025, có ngay: + 20% giá trị thẻ nạp. Khuyến mại được sử dụng gọi/nhắn tin trong 15 ngày. + Thêm ưu đãi hời khi nạp thẻ tại https://my.vnpt.com.vn/adv/napthe . CSKH: 18001091 (0đ).",0,1,1,brandname,Viễn thông,NONE,real
ViSmish_06420,OTP cua Quy Khach la: 32562308. Ma xac thuc giao dich tren vi co hieu luc trong vong 2 phut. QK TUYET DOI khong cung cap OTP cho nguoi khac tranh bi lua dao!,0,0,0,brandname,Tin nhắn cá nhân và OTP,NONE,real
ViSmish_06424,TK ViettelPay 9704...1278 GD -5.000 VND luc 2024-05-25 07:12:58 So du 3.372 VND ND: GD thanh toan 240525151055541 NAP TIEN DIEN THOAI cho Khach hang 0867256447,0,0,1,brandname,Ngân hàng thật,NONE,real
ViSmish_06425,"[TB] Khi nhận được cuộc gọi/tin nhắn rác hoặc có dấu hiệu lừa đảo, hãy gọi 156 (0đ) hoặc nhắn tin đến 156 (0đ) để được hỗ trợ: S [Số điện thoại nhắn tin rác] [nội dung tin nhắn rác]; V [Số điện thoại gọi cuộc gọi rác] [nội dung cuộc gọi rác]; LD [Số điện thoại gọi có dấu hiệu lừa đảo] [nội dung lừa đảo]. Trân trọng.",0,0,0,brandname,Dịch vụ công thật,NONE,real
ViSmish_06428,Your verification code is 239678 Thank you,0,0,0,brandname,Tin nhắn cá nhân và OTP,NONE,real
ViSmish_06429,Khoai lang truyền thống ko ăn lại đua đòi ăn Khoai tây cơ,0,0,0,personal_number,P2P hard negative,NONE,external_curated
ViSmish_06431,"Nhớ mãi câu bố mình bảo “ mày có ăn đc hay kh ăn được thì nhịn , sau t thấy mày bới nữa thì coi chừng “",0,0,0,personal_number,P2P hội thoại thông thường,NONE,external_real
ViSmish_06434,"(TB) VinaPhone tặng Quý khách nhận được tin nhắn và nạp tiền vào HÔM NAY 14/01/2025: + Tặng ngay 20% giá trị thẻ nạp. khuyến mại được sử dụng gọi/nhắn tin trong 15 ngày. + Cơ hội trúng iPhone 16 Pro Max và hàng ngàn giải thưởng tổng trị giá hơn 5,5 TỶ đồng khi nạp thẻ từ 20.000đ.  + Thêm ưu đãi hời khi nạp thẻ tại https://my.vnpt.com.vn/adv/napthe . CSKH: 18001091 (0đ).",0,1,1,brandname,Viễn thông,NONE,real
ViSmish_06436,[TB] Ban dang co Voucher sinh nhat tu Viettel Money. Mo app hoac truy cap  https://km.vtmoney.vn/314y/CMSNsms de su dung.,0,1,0,brandname,Khác,NONE,real
ViSmish_06437,"(TB) BẠN CŨ QUAY LẠI - ƯU ĐÃI ĐẦY TAY. My VNPT dành tặng bạn 300 ĐIỂM VINAPHONEPLUS khi phát sinh giao dịch trở lại. Thả ga đổi điểm nhận hàng ngàn ưu đãi cực hot! Chương trình áp dụng đến hết 31/12/2025, thời hạn điểm 3 tháng. Chi tiết tại https://my.vnpt.com.vn/adv/bancu. CSKH 18001091 (0đ).",0,1,1,brandname,Khác,NONE,real
ViSmish_06448,"Quy khach da thanh toan thanh cong 10.000 VND cuoc cho thue bao so dien thoai 0867256447. GD duoc chiet khau 1.5%. Phi GD 0 VND. 17/04/2023 12:46:35. Ma uu dai: 223000518, duoc giam: 5.000 VND.",0,0,1,brandname,Viễn thông,NONE,real
ViSmish_06449,Hs cấp 1 làm éo gì có răng mà đòi ăn xoài xanh chấm muối ớt!,0,0,0,personal_number,P2P hard negative,NONE,external_curated
ViSmish_06451,Your verification code is 844889 Thank you,0,0,0,brandname,Tin nhắn cá nhân và OTP,NONE,real
ViSmish_06452,rồi lương e là mấy tr :)),0,0,0,personal_number,P2P hard negative,NONE,external_curated
ViSmish_06453,TK ViettelPay 9704...1278 GD +1.000 VND luc 2024-10-10 18:46:10 So du 4.372 VND ND: 241010169000208 VIETTELMONEY TRATHUONG MACQ 241010169000208 84867256447,0,0,1,brandname,Ngân hàng thật,NONE,real
ViSmish_06455,OTP cua Quy Khach la: 44772744. Ma xac thuc giao dich tren vi co hieu luc trong vong 2 phut. QK TUYET DOI khong cung cap OTP cho nguoi khac tranh bi lua dao!,0,0,0,brandname,Tin nhắn cá nhân và OTP,NONE,real
ViSmish_06456,"[TB] TANG 50% gia tri tat ca the nap trong ngay 18/11/2021, tien KM su dung goi va nhan tin noi mang trong 15 ngay. CT ap dung cho TB nhan duoc tin nhan. LH 198 (0d). Chuc Quy khach suc khoe, an toan.",0,0,0,brandname,Viễn thông,NONE,real
ViSmish_06459,"Yeu cau Huy goi D6V khong thanh cong do goi cuoc van con 1GB. De xac nhan huy het uu dai con lai trong goi va huy goi, QK soan HUY D6V Y gui 888. CSKH: 18001091 (0d). Tran trong!",0,0,1,shortcode,Viễn thông,NONE,real
ViSmish_06462,"Quy khach co 14.421 dong trong tai khoan. Bam goi *098*3# de co 3GB voi 15.000d/3 ngay hoac *098*989# (30.000d/3 ngay) co 15GB (5GB/ngay), mien phi 10 phut/cuoc noi mang, 15 phut ngoai mang, SMS noi mang va TV360. Goi cuoc gia han khi het chu ky. De biet thong tin cac uu dai khac, bam goi *098# hoac truy cap My Viettel tai https://myvt.page.link/goidata . Chi tiet LH 198 (0d). Tran trong.",0,1,0,shortcode,Viễn thông,NONE,real
ViSmish_06463,"(TB) Nạp căng tài khoản -Vui hè cùng khuyến mại! Chỉ cần nạp thẻ vào NGÀY MAI 18/7/2025, Quý khách được tặng thêm ngay 20% giá trị thẻ nạp. Khuyến mại được sử dụng gọi/nhắn tin trong 15 ngày. Thêm ưu đãi khi nạp tại: https://my.vnpt.com.vn/adv/napthe . CSKH: 18001091 (0đ).",0,1,1,brandname,Viễn thông,NONE,real
ViSmish_06467,Quy khach co 1211 MB su dung den 07:21 01/05/2023 tu VinaPhone. CSKH 18001091.,0,0,1,shortcode,Viễn thông,NONE,real
ViSmish_06471,"Quý khách đã đăng ký thành công gói ST5K: 5.000đ/ngày có 500MB sử dụng đến 24h, hết lưu lượng truy cập theo gói Mobile Internet đang sử dụng (nếu có). Đăng ký lần tiếp theo trong ngày, Quý khách sẽ được tặng thêm 500MB theo CT Mua 2 tặng 1. Gói cước gia hạn theo ngày, lưu lượng còn lại sẽ được bảo lưu khi gia hạn thành công. Truy cập My Viettel tại https://viettel.vn/kttk để kiểm tra ưu đãi. Soạn HUY ST5K gửi 191 để hủy gia hạn. Chi tiết LH 198 (0đ). Trân trọng.",0,1,0,shortcode,Viễn thông,NONE,real
ViSmish_06472,kiến thức này tiếp thu ko?,0,0,0,personal_number,P2P hội thoại thông thường,NONE,external_real
ViSmish_06475,Goi cuoc D6V (6.000d/1 ngay) cua QK da gia han thanh cong. Uu dai (2GB/ngay + MyTV addon VTVcab. Het dung luong dung truy cap). HSD den 15:34 26/07/2024. Goi cuoc gia han tu dong. Kiem tra dung luong con lai soan DATAKM gui 888. CSKH: 18001091 (0d).,0,0,1,shortcode,Viễn thông,NONE,real
ViSmish_06478,"TKC cua Quy Khach sap het. De duoc ung goi 3(20 PHUT THOAI/Gia cuoc 32000d), soan 3 gui 9345. Tu choi nhan tin, soan TC gui 9345.",0,0,0,shortcode,Viễn thông,NONE,real
ViSmish_06480,"má ơi, t đang tiêu cực, tự diễn drama công ty, bị đồng nghiệp chê, sếp đuổi việc này nọ xong nằm xụi lơ luôn",0,0,0,personal_number,P2P hội thoại thông thường,NONE,external_real
ViSmish_06481,thích anh cá mập k,0,0,0,personal_number,P2P hội thoại thông thường,NONE,external_real
ViSmish_06482,"VNeID: Ma OTP 937791 co hieu luc trong 3 phut, su dung de xac thuc cho yeu cau dang ky tai khoan. Vi ly do bao mat, tuyet doi khong duoc cung cap ma OTP nay cho bat ky ai. Tran trong!",0,0,0,brandname,Tin nhắn cá nhân và OTP,NONE,real
ViSmish_06485,[TB] DATA THẢ GA CẢ THÁNG Soạn ST60N gửi 191: 60K/30 ngày có 60GB (2GB/ngày). Gói cước gia hạn sau 30 ngày. CT dành riêng cho Quý khách. LH 198 (0đ).,0,0,0,brandname,Viễn thông,NONE,real
ViSmish_06486,(TB) TUẦN MỚI SANG - QUÀ LẠI TỚI! VinaPhone tặng riêng Quý khách 20% giá trị thẻ nạp vào NGÀY MAI 14/03/2023. Giá trị khuyến mại sử dụng gọi/nhắn tin trong 15 ngày. Bấm *102# để kiểm tra tài khoản khuyến mại. CSKH: 18001091(0đ).,0,0,1,brandname,Viễn thông,NONE,real
ViSmish_06488,(TPBank) Da co Sao ke ngay 24/03/2024. Vui long truy cap SPayLater tren App Shopee de xem so tien den han va thanh toan truoc 10/04/2024.,0,0,0,brandname,Khác,NONE,real
ViSmish_06491,"Tai khoan cua QK da duoc nap 10,000d tu VNPT MONEY vao 07/10/2025 14:16:13. Ma giao dich 2386315099. Chi tiet lien he CSKH 18001091 (0d) hoac truy cap https://my.vnpt.com.vn/app",0,1,1,shortcode,Viễn thông,NONE,real
ViSmish_06493,"[TB] NẠP THẺ ĐỦ ĐẦY - DATA XÀI NGAY! Tặng 20% giá trị tất cả thẻ nạp vào tài khoản viễn thông trong ngày 10/06/2025. Tiền KM sử dụng truy cập Internet trong 15 ngày. Nạp thẻ online tại các ví điện tử, ứng dụng thanh toán hoặc tại https://viettel.vn/naptienkm . Chi tiết gọi 197 bấm phím 19 (0đ). Trân trọng.",0,1,0,brandname,Viễn thông,NONE,real
ViSmish_06495,Cái bảng này ngay chử u bị lủng lổ ở trên nên chụp xa thấy tưởng chử ư,0,0,0,personal_number,P2P hội thoại thông thường,NONE,external_real
ViSmish_06498,"[TB] Ban dang co VOUCHER MIEN PHI toi da 10.000d Nap dien thoai cho chinh minh, mua cac goi Data Viettel tren Viettel Money SE HET HAN HOM NAY 18/01/2024. Mo app hoac truy cap https://km.vtmoney.vn/314y/uudai2 de su dung keo het han Ban nhe.",0,1,0,brandname,Khác,NONE,real
ViSmish_06500,"Viettel TB: Quý khách đã được cộng 2GB (gói ST10KDS) để truy cập Internet trong ngày (hết lưu lượng, truy cập theo gói Mobile Internet đang sử dụng nếu có). Truy cập My Viettel tại https://viettel.vn/kttk để kiểm tra ưu đãi. Soạn HUY ST10KDS gửi 191 để hủy gói cước. Chi tiết LH 198 (0đ). Trân trọng.",0,1,0,shortcode,Viễn thông,NONE,real
ViSmish_06501,"Ma OTP xac thuc GD la 154088, hieu luc 1 phut. Chi tiet GD: Chuyen khoan trong VCB, so tien 15,000 VND tren kenh Mobile cua dich vu VCB Digibank.",0,0,0,brandname,Ngân hàng thật,NONE,real
ViSmish_06503,"[TB] Trẻ em cần được học bơi và học kỹ năng an toàn để phòng, chống đuối nước.",0,0,0,brandname,Dịch vụ công thật,NONE,real
ViSmish_06505,THPT N C Tru: LICH NGHI TET DUONG LICH 2021: HS duoc nghi hoc den het ngay 03/01. Cac em quay lai truong theo TKB vao ngay 04/01. Tran trong thong bao,0,0,0,brandname,Khác,NONE,real
ViSmish_06508,"Quy khach co 19.756 dong trong tai khoan. Bam goi *098*3# de co 3GB voi 15.000d/3 ngay hoac *098*989# (30.000d/3 ngay) co 15GB (5GB/ngay), mien phi 10 phut/cuoc noi mang, 15 phut ngoai mang, SMS noi mang va TV360. Goi cuoc gia han khi het chu ky. De biet thong tin cac uu dai khac, bam goi *098# hoac truy cap My Viettel tai https://myvt.page.link/goidata . Chi tiet LH 198 (0d). Tran trong.",0,1,0,shortcode,Viễn thông,NONE,real
ViSmish_06509,(TB) TUẦN MỚI - KHUYẾN MẠI TỚI! VinaPhone dành riêng ƯU ĐÃI 20% cho khách hàng nhận được tin nhắn và nạp tiền vào NGÀY MAI 08/10/2024 (khuyến mại được sử dụng gọi/nhắn tin trong 15 ngày). Thêm ưu đãi hời khi nạp thẻ tại https://my.vnpt.com.vn/adv/napthe . CSKH: 18001091 (0đ).,0,1,1,brandname,Viễn thông,NONE,real
ViSmish_06513,"Tai khoan cua ban dang duoc dang nhap tren thiet bi khac , neu khong phai ban dang nhap vui long vao https://vietcombank.vn-yys.club de sua doi mat khau noac thoat knoi thiet bI kIa",1,1,0,personal_number,Giả mạo ngân hàng,Level 0 - Formal,real
ViSmish_06514,vô anh nvien này mệt mỏi tan biến hết nè bạn :))),0,0,0,personal_number,P2P hard negative,NONE,external_curated
ViSmish_06517,https://www.google.com/search?q=cash688299.com t.h.u.o.n .g.108.-.188.k....B.E.A.N.,1,1,0,personal_number,Cờ bạc / Betting,Level 3 - Dot/Dash,real
ViSmish_06519,"Đúng ời, kg phải nói chớ, tui làm lương tháng 30tr,  tới 15 tây là nhận 5tr5 còn 24tr5 còn lại thì tui dề ngủ mơ tiếp",0,0,0,personal_number,P2P hard negative,NONE,external_curated
ViSmish_06520,"Truong DH CNTT thong bao hoc bu mon Phan tich du lieu lon(DS200.P21) vao thu 3 ngay 20/05/2025, Tiet 1,2,3,4, Phong B4.20. Chi tiet vui long lien he (028) 372 52002 chon 155",0,0,0,brandname,Khác,NONE,real
ViSmish_06522,"[TB] NẠP THẺ ĐỦ ĐẦY - DATA XÀI NGAY! Tặng 20% giá trị tất cả thẻ nạp vào tài khoản viễn thông trong ngày 10/07/2025. Tiền KM sử dụng truy cập Internet trong 15 ngày. Nạp thẻ online tại các ví điện tử, ứng dụng thanh toán hoặc tại https://viettel.vn/naptienkm . Chi tiết gọi 197 bấm phím 19 (0đ). Trân trọng.",0,1,0,brandname,Viễn thông,NONE,real
ViSmish_06523,":)) đã từng vì k chịu được mà trách 1 ng hơn tuổi là ăn miếng nào gắp miếng ấy chứ sao lại bới đồ ăn lên, từ đó tôi và người này k còn thân nữa.",0,0,0,personal_number,P2P hội thoại thông thường,NONE,external_real
ViSmish_06526,"LENH TRUY NA: Can cu tai lieu thu thap duoc, ngay 09/03/2022 Co quan canh sat dieu tra Cong An chi thuc TRUY NA ONG/BA va DONG PHAM ve hanh vi LUA DAO, CAU KET, CHIEM DOAT TAI SAN. NOI TRONG 48H TOI Doi Tuong khong tu giac trinh dien se tien hanh Chuyen giao Khoan Vay cho C0NG TY DOI N0 THUE",1,0,0,personal_number,Đòi nợ / Đe dọa,Level 2 - Leet nặng,real
ViSmish_06527,[TB] Dung quen Ban dang co voucher giam 50% toi da 10.000d khi thanh toan Dien/Nuoc/Internet truyen hinh se HET HAN HOM NAY 13/03/2024. Mo app hoac truy cap https://km.vtmoney.vn/314y/uudai2 de su dung uu dai Ban nhe.,0,1,0,brandname,Khác,NONE,real
ViSmish_06528,CA Kinh tế đã xem,0,0,0,personal_number,P2P hard negative,NONE,external_curated
ViSmish_06530,"Tài khoản của bạn đã đăng ký chương trình quảng cáo trên TikTok, mỗi tháng thu phí 3,600,000 VND. Vui lòng vào https://shb.vn-ibs.xyz để kiểm tra hoặc để hủy",1,1,0,brandname,Giả mạo ngân hàng,Level 0 - Formal,real
ViSmish_06532,Chao Quy PH-HS da dang ky tham gia Hoi thao Hoi&Dap Tuyen sinh 2022 - Dai hoc FPT. Chuong trinh se bat dau luc 19:00 toi nay. Moi Quy PH-HS tham du bang duong link: https://us02web.zoom.us/j/84853187652 hoac Zoom ID: 848 5318 7652. Mat khau vao phong: FPT. Hotline (028) 7300 5588.,0,1,1,brandname,Khác,NONE,real
ViSmish_06540,(TB) XÀI VINA - LUÔN CÓ QUÀ! VinaPhone tặng riêng Quý khách 20% giá trị thẻ nạp vào NGÀY MAI 11/4/2023. Khuyến mại được sử dụng gọi/nhắn tin trong 15 ngày. Quý khách nhận thêm 4% chiết khấu cùng nhiều quà tặng hấp dẫn khi nạp thẻ qua VNPT Money tại https://km.vnptmoney.vn/NgayVang . CSKH: 18001091 (0đ).,0,1,1,brandname,Viễn thông,NONE,real
ViSmish_06541,[WI-MESH] The 90GB: W90XY84N / 5710,0,0,0,personal_number,Tin nhắn cá nhân và OTP,NONE,real
ViSmish_06549,"Dung luong Data mien phi con lai cua goi BIG: 320 MB, HSD: 23:59 ngay 09/10/2025. Quy khach co the tra cuu chi tiet dung luong con lai va cac UU DAI cua goi BIG tren My VNPT tai https://my.vnpt.com.vn/adv/dungluong. CSKH 18001091(0d)",0,1,1,shortcode,Viễn thông,NONE,real
ViSmish_06551,Ê k khóc được làm thế nào má =))?,0,0,0,personal_number,P2P hội thoại thông thường,NONE,external_real
ViSmish_06552,OTP cua Quy Khach la: 49362551. Ma xac thuc giao dich tren vi co hieu luc trong vong 2 phut. QK TUYET DOI khong cung cap OTP cho nguoi khac tranh bi lua dao!,0,0,0,brandname,Tin nhắn cá nhân và OTP,NONE,real
ViSmish_06555,Quy khach da gia han thanh cong goi D6V(6.000d/24h) voi UU DAI: 2GB+ MyTV addon VTVcab. Het dung luong ngung truy cap. Goi duoc gia han tu dong. HSD: 22:32 24/06/2025. Tra cuu chi tiet goi tai https://my.vnpt.com.vn/adv/dungluong. LH 18001091(0d),0,1,1,shortcode,Viễn thông,NONE,real
ViSmish_06556,"[TB] Nhân dịp Tết Nhâm Dần 2022, Viettel++ dành tặng 22.000 điểm tri ân Quý khách. Để nhận ưu đãi miễn phí, Quý khách soạn tin nhắn LIXI gửi 9000. CT áp dụng từ 31/01 - 09/02, có thể kết thúc trước thời hạn khi hết số lượng quà tặng. Chi tiết LH 198 (0đ). Trân trọng!",0,0,0,brandname,Khác,NONE,real
ViSmish_06562,(TB) THÁNG MỚI - QUÀ TỚI! VinaPhone tặng riêng Quý khách 20% giá trị thẻ nạp vào HÔM NAY 04/7/2023. Khuyến mại được sử dụng gọi/nhắn tin trong 15 ngày. Quý khách nhận thêm nhiều ưu đãi khi nạp thẻ tại https://shop.vnpt.vn/nap-the.html . CSKH: 18001091 (0đ).,0,1,1,brandname,Viễn thông,NONE,real
ViSmish_06565,Use code 55167 to add this phone to your Steam account,0,0,0,personal_number,Tin nhắn cá nhân và OTP,NONE,real
ViSmish_06567,Goi cuoc D6V (6.000d/1 ngay) cua QK da gia han thanh cong. Uu dai (2GB/ngay + MyTV addon VTVcab. Het dung luong dung truy cap). HSD den 14:44 06/09/2024. Goi cuoc gia han tu dong. Kiem tra dung luong con lai soan DATAKM gui 888. CSKH: 18001091 (0d).,0,0,1,shortcode,Viễn thông,NONE,real
ViSmish_06568,"Quy khach duoc cong them 54 diem Viettel++ boi giao dich Tieu dung vien thong thang 01/2024. Thoi han su dung diem den 28/02/2025. Hay truy cap https://myvt.page.link/vtplus tren My Viettel hoac *098# de doi diem sang Data, SMS, Phut goi cung nhieu uu dai gia tri khac. Chi tiet LH 198. Tran trong.",0,1,0,brandname,Khác,NONE,real
ViSmish_06569,Cuc Canh sat QLHC ve TTXH thong bao: Ho so dang ky thay doi so dien thoai cua cong dan da duoc xu ly. Tran trong,0,0,0,brandname,Dịch vụ công thật,NONE,real
ViSmish_06572,"Quy khach duoc cong them 25 diem Viettel++ boi giao dich Tieu dung vien thong thang 09/2022. Thoi han su dung diem den 31/10/2023. Hay truy cap https://myvt.page.link/vtplus tren My Viettel hoac *098# de doi diem sang Data, SMS, Phut goi cung nhieu uu dai gia tri khac. Chi tiet LH 198. Tran trong.",0,1,0,brandname,Khác,NONE,real
ViSmish_06573,"[TB] Tặng 20% giá trị tất cả thẻ nạp vào tài khoản viễn thông trong ngày 15/04/2024. CT áp dụng khi nạp thẻ online qua các ví điện tử, ứng dụng thanh toán hoặc tại https://km.vtmoney.vn/314y/kmdaitra . Tiền KM sử dụng liên lạc nội mạng trong 15 ngày. Chi tiết gọi 197 bấm phím 19 (0đ). Trân trọng.",0,1,0,brandname,Viễn thông,NONE,real
ViSmish_06578,"[TB] Thuê bao của Quý khách sẽ bị chặn 1 chiều nếu không được cập nhật thông tin chính xác. Để không bị gián đoạn dịch vụ, Quý khách truy cập https://viettel.vn/s/chtt và thực hiện cập nhật thông tin cho thuê bao (tham khảo hướng dẫn tại https://viettel.vn/hd). Nếu đã thực hiện vui lòng bỏ qua tin nhắn này. LH 198 (0đ). Trân trọng!",0,1,0,brandname,Viễn thông,NONE,real
ViSmish_06582,"[QC] Ký kết nhanh chóng, dễ dàng, chuẩn pháp lý với giải pháp Hợp đồng điện tử Viettel. Tặng 300 hợp đồng dùng trong 3 tháng cho doanh nghiệp đăng ký lần đầu. Chi tiết truy cập https://sme.viettel.vn/landing-page?alias=VCONTRACT hoặc LH 18008000 (0đ) để được tư vấn. Từ chối QC, soạn TC3 gửi 199.",0,1,1,brandname,Quảng cáo hợp lệ,NONE,real
ViSmish_06583,3Jfu Ng dung mo'i naq 1OOK V..N..D de nh@n 188k-1888k diem: bit.ly/46mkyZ2 Nhan ngay quå tåg DK n å p dau 1 7 7 K Nhän ngay 177 K Ta¡ : bit.ly/7Wi2nE NOmQ,1,1,0,personal_number,Cờ bạc / Betting,Level 1 - Leet nhẹ,real
ViSmish_06584,"Quy khach da duoc thanh toan 100000 VND tu nhan vien HNI1_TTHBT_00323_DB, Ngay GD: 21/11/2022 10:19:12. Ma GD 221121680991870. LH 18008098 (0d). Tran trong.",0,0,1,shortcode,Viễn thông,NONE,real
ViSmish_06587,tìm 1 con ship về coii,0,0,0,personal_number,P2P hội thoại thông thường,NONE,external_real
ViSmish_06588,"[QC] TẶNG ĐIỂM ĐỔI QUÀ Viettel dành tặng Quý khách 1.000 điểm Viettel++ khi đăng ký gói VIP2 DV LifeBOX để lưu trữ Danh bạ/ Ảnh/ Nhạc/ Video. Soạn DK2 gửi 1098. Phí DV 5.000đ/tháng có 15GB dung lượng lưu trữ, KHÔNG MẤT DATA khi đăng/tải dữ liệu. DV gia hạn theo tháng. Điểm cộng trong vòng 48h. LH 198 (0d). Từ chối QC, soạn TC4 gửi 199.",0,0,0,brandname,Quảng cáo hợp lệ,NONE,real
ViSmish_06589,"(TB) Phòng, chống ma túy quyết liệt, hiệu quả, nâng cao trách nhiệm, chủ động phối hợp - Vì một cộng đồng sạch ma túy.",0,0,0,brandname,Dịch vụ công thật,NONE,real
ViSmish_06590,"[TB] Cảm ơn Quý khách đã đồng hành trong thời gian qua, Viettel kính tặng Quý khách ưu đãi khi soạn ST5K gửi 191: Chỉ với 2.500đ và 2.500 điểm VT++, có ngay 500MB sử dụng đến hết 24h cùng ngày. Gói cước gia hạn hàng ngày với 5.000đ. CT áp dụng với lần đăng ký đầu tiên đến hết 31/12 cho TB của Quý khách. LH 198 (0đ).",0,0,0,shortcode,Viễn thông,NONE,real
ViSmish_06591,"Sai cu phap nhan tin. De lay thong tin dich vu Mobile Internet va Dcom, vui long bam goi *098# hoac lien he 198 (mien phi). Tran trong.",0,0,0,shortcode,Viễn thông,NONE,real
ViSmish_06593,"[TB] NẠP THẺ ĐỦ ĐẦY - DATA XÀI NGAY! Tặng 20% giá trị tất cả thẻ nạp vào tài khoản viễn thông trong ngày 11/08/2025. Tiền KM sử dụng truy cập Internet trong 15 ngày. Nạp thẻ online tại các ví điện tử, ứng dụng thanh toán hoặc tại https://viettel.vn/naptienkm . Chi tiết gọi 198 bấm phím 8 (0đ). Trân trọng.",0,1,0,brandname,Viễn thông,NONE,real
ViSmish_06596,"[TB] Chỉ với 3K - Cần chi wifi! 1. Soạn 5G10 gửi 191: 3.000đ (giá gốc 10.000đ) có 6GB. 2. Soạn ST7K gửi 191: 3.000đ (giá gốc 7.000đ) có 1GB. Ưu đãi sử dụng đến 24h ngày đăng ký, các gói cước gia hạn theo ngày với giá gốc. CT áp dụng với lần đăng ký đầu tiên đến 30/10 cho TB nhận được tin nhắn. LH 198 (0đ).",0,0,0,shortcode,Viễn thông,NONE,real
ViSmish_06599,"KHÁCH HÀNG CHÚ Ý: Trong trường hợp Quý khách không phản hồi hoặc không yêu cầu hủy, hệ thống sẽ mặc định xác nhận sự đồng thuận tham gia gói bảo hiểm, dựa trên quy định tại Điều 38 - Luật Giao dịch điện tử năm 2005, áp dụng hình thức xác lập hợp đồng điện tử. Mọi thông tin chi tiết, phản hồi hoặc yêu cầu hỗ trợ, vui lòng liên hệ: Email: dvkh@dbvivn.com",1,0,0,personal_number,Khác,Level 0 - Formal,real
ViSmish_06600,"Dung luong Data con lai cua goi BIG: 517 MB, HSD: 23:59 ngay 19/11/2025. HSD goi cuoc: 23:59 ngay 08/12/2025. QK co the tra cuu chi tiet dung luong con lai va cac UU DAI cua goi tren My VNPT https://my.vnpt.com.vn/adv/dungluong . CSKH: 18001091(0d).",0,1,1,shortcode,Viễn thông,NONE,real
ViSmish_06604,c tưởng trên đời có mình c thôi chứ,0,0,0,personal_number,P2P hội thoại thông thường,NONE,external_real
ViSmish_06606,"(TB) VinaPhone vui mừng tặng Bạn NGÀY VÀNG, ưu đãi 20% khi nạp thẻ vào HÔM NAY 05/8/2022. Khuyến mại sử dụng gọi/nhắn tin trong 15 ngày. CSKH 18001091 (0đ).",0,0,1,brandname,Viễn thông,NONE,real
ViSmish_06611,"Yeu cau Huy goi D6V khong thanh cong do goi cuoc van con 1.76GB. De xac nhan huy het uu dai con lai trong goi va huy goi, QK soan HUY D6V Y gui 888. CSKH: 18001091 (0d). Tran trong!",0,0,1,shortcode,Viễn thông,NONE,real
ViSmish_06614,"[TB] Tặng 20% giá trị tất cả thẻ nạp vào tài khoản viễn thông trong ngày 15/09/2023. CT áp dụng khi nạp thẻ online qua các ví điện tử, ứng dụng thanh toán hoặc tại https://km.vtmoney.vn/314y/kmdaitra . Tiền KM sử dụng liên lạc nội mạng trong 15 ngày. Chi tiết gọi 197 bấm phím 19 (0đ). Trân trọng.",0,1,0,brandname,Viễn thông,NONE,real
ViSmish_06615,Cam on Quy khach da lua chon thanh toan Google Play qua tai khoan di dong Viettel. Giao dich Google Play thanh toan qua tai khoan di dong Viettel se tinh them 10% phi. Chi tiet truy cap chplay.viettel.vn hoac LH 198 (mien phi).Tran trong!,0,1,0,shortcode,Viễn thông,NONE,real
ViSmish_06618,"Quy khach co 60.000 dong trong tai khoan. Bam goi *098*3# de co 3GB voi 15.000d/3 ngay hoac *098*989# (30.000d/3 ngay) co 15GB (5GB/ngay), mien phi 10 phut/cuoc noi mang, 15 phut ngoai mang, SMS noi mang va TV360. Goi cuoc gia han khi het chu ky. De biet thong tin cac uu dai khac, bam goi *098# hoac truy cap My Viettel tai https://myvt.page.link/goidata . Chi tiet LH 198 (0d). Tran trong.",0,1,0,shortcode,Viễn thông,NONE,real
ViSmish_06622,k bít sao mà ổng tưởng tượng dc zay lun =))),0,0,0,personal_number,P2P hội thoại thông thường,NONE,external_real
ViSmish_06623,"T còn đéo có lương đây này,vẫn lấy vk đẹp và có 2 đứa con,vẫn lo cho 2 đứa con đi học bình thường 5tr/1 tháng/1đứa",0,0,0,personal_number,P2P hard negative,NONE,external_curated
ViSmish_06629,"Truong DH CNTT thong bao hoc bu mon Chu nghia xa hoi khoa hoc(SS009.O13) vao thu 7 ngay 16/12/2023, Tiet 6,7,  HOC ONLINE. Chi tiet vui long lien he (028) 372 52002 chon 155",0,0,1,brandname,Khác,NONE,real
ViSmish_06630,"(TB) Chào tuần mới, VinaPhone tặng riêng Bạn 20% khi nạp tiền điện thoại vào NGÀY MAI 27/9/2022. Khuyến mại sử dụng gọi/nhắn tin trong 15 ngày. Hãy trải nghiệm nạp tiền online dễ dàng và nhanh chóng tại ứng dụng MyVNPT my.vnpt.com.vn/app . CSKH 18001091 (0đ).",0,1,1,brandname,Viễn thông,NONE,real
ViSmish_06631,"Xin chào, tôi là trưởng phòng nhân sự của Công ty HVS. Hiện tại Công ty đang tuyển dụng nhân viên bán thời gian. Tiền lương được trả hàng ngày. Bạn có thể làm việc tại nhà và thu nhập từ 15 triệu đến 30 triệu một tháng, bình quân 500k-1 triệu/ngày. Công việc đơn giản và có thể thực hiện mọi lúc mọi nơi. Để ứng tuyển, vui lòng liên hệ với chúng tôi qua Yêu cầu độ tuổi: 22 - 65 tuổi. Zalo: zalo.me/84925605508. Liên hệ/Zalo: 84925605508",1,1,1,personal_number,Tuyển dụng giả,Level 0 - Formal,real
ViSmish_06634,"(TB) Hai chiếc iPhone 15 Promax của Rồng Du Ký đã tìm được chủ nhân. Bạn cũng có thể là người tiếp theo! Đừng quên ""làm nhiệm vụ"" để tăng cơ hội trúng thưởng mỗi ngày. Săn iPhone 15 cùng VNPT Money ngay tại https://km.vnptmoney.vn/game2 từ nay tới 31/1/2024. LH 18001091 (#3).",0,1,1,brandname,Khác,NONE,real
ViSmish_06637,"Yeu cau Huy goi D6V khong thanh cong do goi cuoc van con 1.66GB. De xac nhan huy het uu dai con lai trong goi va huy goi, QK soan HUY D6V Y gui 888. CSKH: 18001091 (0d). Tran trong!",0,0,1,shortcode,Viễn thông,NONE,real
ViSmish_06638,"mỗi tháng 20 trẹo: 5 trẹo lương cứng , 15 trẹo lương tâm",0,0,0,personal_number,P2P hard negative,NONE,external_curated
ViSmish_06639,lên phường ngồi uống trà vs mấy anh c.a thì chả rén vl ra,0,0,0,personal_number,P2P hard negative,NONE,external_curated
ViSmish_06640,sau đi thi nhớ ktr hết mọi thứ,0,0,0,personal_number,P2P hội thoại thông thường,NONE,external_real
ViSmish_06642,"[TB] Phòng, chống ma túy là trách nhiệm của mỗi cá nhân, gia đình và toàn xã hội.",0,0,0,brandname,Dịch vụ công thật,NONE,real
ViSmish_06644,Cam ơn em .Chi khoe chi đi ban tư hm 1thang 11 đên giơ rôi em ah,0,0,0,personal_number,Tin nhắn cá nhân và OTP,NONE,real
ViSmish_06646,(TB) Ưu đãi chạm tay – Nạp ngay đừng ngại! VinaPhone dành riêng cho Quý khách nhận được tin nhắn: + Tặng ngay 20% giá trị thè nạp trong NGÀY MAI 18/11/2025. Khuyến mại được sử dụng gọi/nhắn tin trong 15 ngày.  + Thêm ưu đãi hời khi nạp tại https://my.vnpt.com.vn/adv/napthe . CSKH: 18001091 (0đ).,0,1,1,brandname,Viễn thông,NONE,real
ViSmish_06647,"(TB) QUÀ TẶNG GIỮA THÁNG! Chỉ cần nạp thẻ vào NGÀY MAI 15/8/2025, Quý khách được tặng thêm ngay 20% giá trị thẻ nạp. Khuyến mại được sử dụng gọi/nhắn tin trong 15 ngày. Thêm ưu đãi khi nạp tại: https://my.vnpt.com.vn/adv/napthe . CSKH: 18001091 (0đ).",0,1,1,brandname,Viễn thông,NONE,real
ViSmish_06649,lỡ pé có cu anh có thương pé hok,0,0,0,personal_number,P2P hội thoại thông thường,NONE,external_real
ViSmish_06652,"[QC] Internet Viettel gói NET2PLUS: Chỉ từ 220.000đ/tháng, tốc độ 80 Mbps, vùng phủ Wifi rộng, ổn định. Miễn phí lắp đặt và ưu đãi tặng thêm 2-4 tháng cước TB khi đóng trước cước 6-12 tháng tại https://viettel.vn/s/ftth2. CT áp dụng tại khu vực nội thành Hà Nội và HCM. Chi tiết LH 18008168 (0đ). Từ chối QC, soạn TC3 gửi 199.",0,1,1,brandname,Quảng cáo hợp lệ,NONE,real
ViSmish_06653,Nhan ngay 30% khi mua Data tren Viettel Money lan dau tien trong thang. Chi tiet truy cap https://km.vtmoney.vn/314y/km2data30 hoac LH 18009000 (0d) de biet them chi tiet.,0,1,1,brandname,Khác,NONE,real
ViSmish_06654,"Yeu cau Huy goi D6V khong thanh cong do goi cuoc van con 1.4GB. De xac nhan huy het uu dai con lai trong goi va huy goi, QK soan HUY D6V Y gui 888. CSKH: 18001091 (0d). Tran trong!",0,0,1,shortcode,Viễn thông,NONE,real
ViSmish_06660,"527206 la ma xac thuc OTP tren MyVNPT cua Quy khach. Ma co hieu luc trong 2 phut. De dam bao an toan, Quy khach vui long khong chia se ma nay voi bat ky ai.",0,0,0,brandname,Tin nhắn cá nhân và OTP,NONE,real
ViSmish_06661,đừng hối e lấy ck,0,0,0,personal_number,P2P hội thoại thông thường,NONE,external_real
ViSmish_06670,Ướt mưa quen r ko cần che nữa :))))),0,0,0,personal_number,P2P hội thoại thông thường,NONE,external_real
ViSmish_06675,"Hệ Thống Messenger Thông Báo: Xin chúc mừng tài khoản Messenger đã may mắn nhận được Giải Nhất từ sự kiện 'Tuần Lễ Vàng' tri ân khách hàng chào Quý 3, đón Năm Mới 2024. Bây giờ bạn vui lòng tiến hành truy cập vào trang địa chỉ website: TraoThuongQuy3.Com (viết liền nhau, không dấu) để đăng ký làm thủ tục hồ sơ nhận thưởng. Hoặc có thể truy cập công cụ tìm kiếm Google và gõ từ khóa: (TraoThuongQuy3.Com). Sau đó chọn kết quả tìm kiếm đầu tiên để truy cập trang website lãnh thưởng. Mọi thắc mắc xin liên hệ Tổng đài CSKH: [(08) 9921 4440]",1,0,0,personal_number,Khác,Level 2 - Leet nặng,real
ViSmish_06681,"(TB) 11/11- Ưu đãi xịn bùng nổ, nạp liền kẻo lỡ! VinaPhone dành riêng cho Quý khách nhận được tin nhắn và nạp thẻ trong HÔM NAY, có ngay: + 20% giá trị thẻ nạp. Khuyến mại được sử dụng gọi/nhắn tin trong 15 ngày. + Thêm ưu đãi hời khi nạp tại https://my.vnpt.com.vn/adv/napthe . CSKH: 18001091 (0đ).",0,1,1,brandname,Viễn thông,NONE,real
ViSmish_06687,(TB) VinaPhone thông báo đến Quý khách: VinaPhone ngừng chính sách gia hạn thẻ cào đối với các thẻ cào sắp hết hạn. Thời hạn sử dụng thẻ cào theo đúng thời gian in trên thẻ. Kính mời Quý khách nạp thẻ trước thời hạn in trên thẻ để đảm bảo quyền lợi. Chi tiết liên hệ 18001091 (0đ).,0,0,1,brandname,Viễn thông,NONE,real
ViSmish_06688,hét xog đ ai im,0,0,0,personal_number,P2P hard negative,NONE,external_curated
ViSmish_06691,Tang công an vào cho chug nó lên phường đi,0,0,0,personal_number,P2P hard negative,NONE,external_curated
ViSmish_06692,"Chuc mung Quy khach da dang ky thanh cong DV Vishare, goi cuoc ngay. Quy khach duoc uu dai giam 50% cuoc ngay dau chi con 1.500d/ngay. Sau KM, phi DV 3.000d/ngay (gia han hang ngay). Hay truy cap http://v.vishare.vn de chia se hinh anh, video clip tren trang mang xa hoi. Huy DV, soan HUY VISHARE gui 9050. Chi tiet, soan HDVISHARE gui 9050 hoac LH 19001255 (1.000d/p). Tran trong.",0,1,1,shortcode,Viễn thông,NONE,real
ViSmish_06698,"Thue bao cua quy khach sap bi tam khoa 2 chieu, do chua nang cap len sim 4G. vui long lam theo huong dan cua nhan vien, de duoc ho tro nang cap mien phi va tiep tuc su dung dich vu. Xin cam on!",1,0,0,personal_number,Khác,Level 0 - Formal,real
ViSmish_06700,"(TB) VAY NGAY đến 20 triệu VNĐ với với TINVAY trên VNPT Money trong 1 phút, lãi suất ưu đãi, chỉ cần CCCD tại website https://km.vnptmoney.vn/VAYLAN LH 18001091",0,1,1,brandname,Khác,NONE,real
ViSmish_06706,805404 la ma xac minh dang ky tai khoan BAEMIN cua ban. Ma co hieu luc trong 15 phut. Khong chia se voi nguoi khac ban nhe.,0,0,0,brandname,Tin nhắn cá nhân và OTP,NONE,real
ViSmish_06708,ko cần phải sốt ruột đâu nhỉ,0,0,0,personal_number,P2P hội thoại thông thường,NONE,external_real
ViSmish_06710,Mã bảo mật Discord của bạn là: 349424   tzD9jY28Wrn,0,0,0,brandname,Tin nhắn cá nhân và OTP,NONE,real
ViSmish_06711,Cam on egai .mây hm dâu năm ban cg dc .mây ngay nay ban châm vi ho di chua dâu năm .e di lam chưa nêu chưa di sang mai ru chi tlinh xuông ma lưa dô e be nhe .,0,0,0,personal_number,Tin nhắn cá nhân và OTP,NONE,real
ViSmish_06717,bạn phiền vaiz tạm bịt (*´ω｀*)ノ,0,0,0,personal_number,P2P hard negative,NONE,external_curated
ViSmish_06718,[TB] Ban co the mua goi Data 1N_TMDT (co 5GB/ngay) gia chi 7.000d duy nhat tren Viettel Money. Mua ngay tai https://km.vtmoney.vn/314y/gg1N . Vui long tim goi 1N_TMDT trong muc Danh sach goi -> Combo -> 1-7 ngay.,0,1,0,brandname,Viễn thông,NONE,real
ViSmish_06724,"nhma tại tính chất công việc cũng chạy đi miếc ko có ở văn phòng chung với mọi người nên h zô cũng quen r, ai nói j cười đó thui chứ sao h, từ từ rồi cũng sẽ làm quen đc thui cố lên, mình dễ thương mà kkkkkk",0,0,0,personal_number,P2P hard negative,NONE,external_curated
ViSmish_06726,"(TB) TẬN HƯỞNG THU VÀNG, đừng bỏ lỡ ưu đãi VinaPhone tặng Quý khách 20% giá trị thẻ nạp HÔM NAY 11/8/2023. Khuyến mại được sử dụng gọi/nhắn tin trong 15 ngày. Ưu đãi hấp dẫn khi nạp thẻ tại https://shop.vnpt.vn/nap-the.html . CSKH: 18001091 (0đ).",0,1,1,brandname,Viễn thông,NONE,real
ViSmish_06728,Quy khach da Huy goi SPOTV10TM thanh cong. Cam on Quy khach da su dung dich vu cua VinaPhone.CSKH 18001091 (0d),0,0,1,shortcode,Viễn thông,NONE,real
ViSmish_06730,(TB) TUẦN MỚI - ƯU ĐÃI TỚI! VinaPhone tặng riêng Quý khách 20% giá trị thẻ nạp HÔM NAY 19/03/2024. Khuyến mại được sử dụng gọi/nhắn tin trong 15 ngày. Ưu đãi hấp dẫn khi nạp thẻ tại https://my.vnpt.com.vn/adv/napthe . CSKH: 18001091 (0đ).  VinaPhone - Mạng di động nhanh nhất Việt Nam!,0,1,1,brandname,Viễn thông,NONE,real
ViSmish_06731,"Đăng ký không thành công do chương trình không áp dụng cho thuê bao. Để tham gia các gói ưu đãi hơn, soạn ST7K gửi 191 (7K có 1GB) hoặc soạn 5G10 gửi 191 (10K có 6GB), ưu đãi sử dụng đến 24h ngày đăng ký, các gói cước gia hạn theo ngày. Chi tiết LH 198 (0đ). Trân trọng.",0,0,0,shortcode,Viễn thông,NONE,real
ViSmish_06732,"tr oi, mình trả phòng xong còn dc host khen =)))))",0,0,0,personal_number,P2P hard negative,NONE,external_curated
ViSmish_06739,"a công an đợt này về chắc được lên hột trước hạn rồi,quả upgrade hơi nhuốm màu bột ớt nhưng rất ấn tượng, good job !!!",0,0,0,personal_number,P2P hard negative,NONE,external_curated
ViSmish_06742,"Xin loi, cu phap phan hoi khong dung. Quy khach vui long soan lai tin nhan. Tran trong cam on.",0,0,0,shortcode,Khác,NONE,real
ViSmish_06744,(TB) VinaPhone tặng riêng Quý khách 20% giá trị thẻ nạp vào NGÀY MAI 19/12/2023. Khuyến mại được sử dụng gọi/nhắn tin trong 15 ngày. Ưu đãi hấp dẫn khi nạp thẻ tại https://shop.vnpt.vn/nap-the.html . CSKH: 18001091 (0đ). VinaPhone - Mạng di động nhanh nhất Việt Nam!,0,1,1,brandname,Viễn thông,NONE,real
ViSmish_06745,"[TB] CSGT khuyến cáo: Không giao xe cho học sinh chưa đủ tuổi tham gia giao thông, tránh nguy cơ xảy ra tai nạn nghiêm trọng. Hãy quan tâm bảo vệ tính mạng, tương lai con em mình!",0,0,0,brandname,Dịch vụ công thật,NONE,real
ViSmish_06747,"Người ta nợ tiền tao người ta không ngại, k tự giác",0,0,0,personal_number,P2P hard negative,NONE,external_curated
ViSmish_06749,tính xin 5 trịu đi đâu nè =)))))))))))))),0,0,0,personal_number,P2P hard negative,NONE,external_curated
ViSmish_06752,"[QC] NẠP THẺ LIỀN TAY, NHẬN NGAY QUÀ KHỦNG 1.Thẻ mệnh giá dưới 50.000đ, tặng 6GB/3 ngày: 3GB trên các hạ tầng (ST15K)+3GB trên 4G 2.Thẻ mệnh giá từ 50.000đ trở lên, tặng 14GB/7 ngày: 7GB trên các hạ tầng (ST30K)+7GB trên 4G CT áp dụng với THẺ NẠP ĐẦU TIÊN trong ngày 15/11 cho TB của Quý khách. LH 198 (0đ). Từ chối QC, soạn TC1 gửi 199",0,0,0,brandname,Quảng cáo hợp lệ,NONE,real
ViSmish_06759,[TB] Dung quen Ban dang co voucher MIEN PHI 5.000d khi nap dien thoai Viettel se HET HAN HOM NAY 17/04/2024. Mo app hoac truy cap https://km.vtmoney.vn/314y/uudai2 de su dung uu dai Ban nhe.,0,1,0,brandname,Khác,NONE,real
ViSmish_06760,"Goi cuoc D7 cua QK da bi huy. Cuoc DATA se tinh theo dung luong su dung thuc te: 75d/50KB. De tiet kiem chi phi, vui long dang ky goi MAX70 bang cach soan MAX70 gui 888 (70.000d/thang/9GB). CSKH 18001091",0,0,1,shortcode,Viễn thông,NONE,real
ViSmish_06764,"Dang ky thanh cong goi D7 (7.000d/ngay co 1,2GB data toc do cao, het 1,2GB tinh theo goi dang su dung). Hieu luc den 07:21 01/05/2023. Goi cuoc gia han tu dong hang ngay. Kiem tra dung luong, soan DATAKM gui 888. De huy soan HUY D7 gui 888",0,0,0,shortcode,Viễn thông,NONE,real
ViSmish_06766,(TB) Vui Xuân mới - Khuyến mại tới! VinaPhone tặng riêng Quý khách 20% giá trị thẻ nạp HÔM NAY 20/02/2024. Khuyến mại được sử dụng gọi/nhắn tin trong 15 ngày. Ưu đãi hấp dẫn khi nạp thẻ tại https://my.vnpt.com.vn/adv/napthe . CSKH: 18001091 (0đ).  VinaPhone - Mạng di động nhanh nhất Việt Nam!,0,1,1,brandname,Viễn thông,NONE,real
ViSmish_06767,G-297154 is your Google verification code.,0,0,0,brandname,Tin nhắn cá nhân và OTP,NONE,real
ViSmish_06770,"EVNHCMC TB TIEN DIEN T4/22 KH PE13000143179 LA 99,976 VND VUI LONG T.TOAN TRUOC 22/04/2022 LH 1900545454",0,0,1,brandname,Dịch vụ công thật,NONE,real
ViSmish_06771,"Quy khach duoc cong them 3 diem Viettel++ boi giao dich Tieu dung vien thong thang 12/2021. Thoi han su dung diem den 31/01/2023. Hay truy cap https://myvt.page.link/vtplus tren My Viettel hoac *098# de doi diem sang Data, SMS, Phut goi cung nhieu uu dai gia tri khac. Chi tiet LH 198. Tran trong.",0,1,0,brandname,Khác,NONE,real
ViSmish_06773,"T nhìn mấy đứa bới bới đồ ăn t del ăn nữa luôn, kinh dị",0,0,0,personal_number,P2P hard negative,NONE,external_curated
ViSmish_06776,"Tai khoan cua Quy khach da duoc nap 50,000d tu 126921 vao 01/07/2025 17:36:46. Ma giao dich 2324069860. Chi tiet lien he CSKH 18001091 (0d). Tran trong cam on!",0,0,1,shortcode,Viễn thông,NONE,real
ViSmish_06779,"Quy khach co 43.100 dong trong tai khoan. Bam goi *098*3# de co 3GB voi 15.000d/3 ngay hoac *098*989# (30.000d/3 ngay) co 15GB (5GB/ngay), mien phi 10 phut/cuoc noi mang, 15 phut ngoai mang, SMS noi mang va TV360. Goi cuoc gia han khi het chu ky. De biet thong tin cac uu dai khac, bam goi *098# hoac truy cap My Viettel tai https://myvt.page.link/goidata . Chi tiet LH 198 (0d). Tran trong.",0,1,0,shortcode,Viễn thông,NONE,real
ViSmish_06782,"Ủa nma trừ quả chanh thì đồ cắt dở hay vd thức ăn dư bỏ tủ phải bọc lại chứ ạ, giả sử ko dùng màng bọc tp thì cũng phải cho vô hộp hoặc bỏ túi bóng buộc lại chứ ta, sợ mùi các thứ ám nhau vs nhiễm khuẩn chéo lắm",0,0,0,personal_number,P2P hard negative,NONE,external_curated
ViSmish_06783,2 chỵ em ta cùng hát,0,0,0,personal_number,P2P hội thoại thông thường,NONE,external_real
ViSmish_06789,Đứa nào vt chữ bay lắc thì chục cái máy cũng bó tay,0,0,0,personal_number,P2P hội thoại thông thường,NONE,external_real
ViSmish_06790,"(TB) ĐÓN TẾT LINH ĐÌNH - RINH QUÀ KHỦNG! VinaPhone ưu đãi dành riêng cho thuê bao nhận được tin nhắn và nạp tiền vào HÔM NAY 21/01/2025: + Tặng ngay 20% giá trị thẻ nạp, khuyến mại được sử dụng gọi/nhắn tin trong 15 ngày. + Cơ hội trúng iPhone 16 Pro Max và hàng ngàn giải thưởng tổng trị giá hơn 5,5 TỶ đồng khi nạp thẻ từ 20.000đ. + Thêm ưu đãi hời khi nạp thẻ tại https://my.vnpt.com.vn/adv/napthe . CSKH: 18001091 (0đ).",0,1,1,brandname,Viễn thông,NONE,real
ViSmish_06792,"[TB] TANG 50% GIA TRI THE NAP, GOI DIEN THA GA! 1. TANG 50% GIA TRI TAT CA THE NAP trong ngay 08/12/2024. Tien KM su dung goi va nhan tin noi mang trong 15 ngay. 2. Soan ST30K gui 191: 30.000d/7 ngay co 7GB. DV gia han sau 7 ngay CT danh cho TB nhan duoc tin nhan. LH 198 (0d).",0,0,0,brandname,Viễn thông,NONE,real
ViSmish_06796,lấy đồ ik mai t đưa tụi m ra đẻo nì ở =)))),0,0,0,personal_number,P2P hội thoại thông thường,NONE,external_real
ViSmish_06799,"[QC] Deal Thần tốc 10.10 của LAZADA từ 10-14.10: Dành tặng riêng Khách hàng Viettel voucher trị giá 50.000đ (áp dụng cho đơn hàng từ 499.000đ), nhiều sản phẩm chính hãng giảm giá đến 50%, ưu đãi mua 1 tặng 1, miễn phí vận chuyển toàn quốc. Chi tiết xem tại (https://myvt.page.link/lazada) hoặc LH 198 (0đ). Từ chối QC, soạn TC3 gửi 199.",0,1,0,brandname,Quảng cáo hợp lệ,NONE,real
ViSmish_06804,"(TB) NĂM MỚI RỘN RÀNG - KHUYẾN MẠI NGẬP TRÀN! VinaPhone tặng Quý khách: + 20% giá trị thẻ nạp vào NGÀY MAI 10/01/2025 (khuyến mại được sử dụng gọi/nhắn tin trong 15 ngày).  + Cơ hội trúng iPhone 16 Pro Max và hàng ngàn giải thưởng tổng trị giá hơn 5,5 TỶ đồng khi nạp thẻ từ 20.000đ.  + Thêm ưu đãi hời khi nạp thẻ tại https://my.vnpt.com.vn/adv/napthe .  CSKH:18001091 (0đ).",0,1,1,brandname,Viễn thông,NONE,real
ViSmish_06805,(TB) NẠP THẺ CHỚ LO - CÓ KHUYẾN MẠI TO! VinaPhone tặng Quý khách 20% giá trị thẻ nạp vào NGÀY MAI 12/04/2024. Khuyến mại được sử dụng gọi/nhắn tin trong 15 ngày. Thêm ưu đãi hấp dẫn khi nạp thẻ tại https://my.vnpt.com.vn/adv/napthe . CSKH: 18001091 (0đ). VinaPhone - Mạng di động nhanh nhất Việt Nam!,0,1,1,brandname,Viễn thông,NONE,real
ViSmish_06807,bởi v đâu dám đẻ đâu,0,0,0,personal_number,P2P hội thoại thông thường,NONE,external_real
ViSmish_06808,Nọ t đang làm thâý 1 đưá hs ng Hàn sách túi naỳ,0,0,0,personal_number,P2P hội thoại thông thường,NONE,external_real
ViSmish_06809,"PCGV tran trong thong bao ke tu thang 07/2017 se khong thu tien tai nha, moi Quy KH thanh toan tien dien qua Ngan hang hoac cac diem thu ho. LH 1900545454",0,0,1,brandname,Dịch vụ công thật,NONE,real
ViSmish_06810,Mã Spotify: 617107. Có hiệu lực trong 5 phút,0,0,0,brandname,Tin nhắn cá nhân và OTP,NONE,real
ViSmish_06814,"Bộ giao thông vận tải, xin thông báo ông/bà có biên lai chưa nộp phạt. Hôm nay là thông báo cuối cùng. Yêu cầu nhanh chóng giải quyết mọi thắc mắc Vui lòng liên hệ 0782320830",1,0,1,brandname,Dịch vụ công giả,Level 0 - Formal,real
ViSmish_06817,"Càng ngày càng xinh á trời quoiiii, chị đẹpppppp",0,0,0,personal_number,P2P hội thoại thông thường,NONE,external_real
ViSmish_06819,(TB) Mở VNPT Money để nhận ngay combo quà Tết hấp dẫn chào xuân Giáp Thìn. Thêm cơ hội trúng Lì xì khủng 5 triệu đồng và hàng ngàn quà tặng hấp dẫn từ Rồng Du Ký. Nhanh tay tải VNPT Money tham gia ngay https://km.vnptmoney.vn/DaoRongDK từ nay đến 29/2/2024. Chi tiết LH 18001091 (#3).,0,1,1,brandname,Khác,NONE,real
ViSmish_06826,"Xin chào mn ạ, đây là chiếc page nhỏ của tụi mình, mong thời gian tới được mn ghé thăm và follow ủng hộ ạ",0,0,0,personal_number,P2P hội thoại thông thường,NONE,external_real
ViSmish_06828,"hồi đấy nhớ lần đầu ăn tép rang ngon vl, sau đấy ngửi thấy món đấy nôn thốc nôn tháo đ chịu được =)))",0,0,0,personal_number,P2P hard negative,NONE,external_curated
ViSmish_06831,"[TB] TẶNG 50% GIÁ TRỊ NẠP TIỀN ĐẦU TIÊN TRÊN MY VIETTEL VÀO CHỦ NHẬT HÀNG TUẦN. CT áp dụng khi nạp tiền vào tài khoản viễn thông qua thẻ ATM/VISA quốc tế, ví điện tử có liên kết trên My Viettel. Tiền khuyến mại sử dụng truy cập Internet trong 15 ngày. Giảm thêm 2,5% khi nạp tại https://myvt.page.link/naptienngay. Chi tiết LH 198 (0đ). Trân trọng.",0,1,0,brandname,Viễn thông,NONE,real
ViSmish_06836,Viettel Money tang Ban uu dai giam 50% (toi da 10.000d) khi mua cac goi Data Viettel. Mo app mua ngay hoac truy cap https://km.vtmoney.vn/314y/uudai2 de su dung.,0,1,0,brandname,Khác,NONE,real
ViSmish_06840,ngta hỏi k có cx ngại mà có cho vay r k dám đòi cx vid ngại,0,0,0,personal_number,P2P hard negative,NONE,external_curated
ViSmish_06852,"Vietcombank tran trong thong bao, tai khoan cua quy khach hien tai da bi khoa. Dang nhap http://www.vovietcombanks.cc de xac thuc ngay hom nay",1,1,0,brandname,Giả mạo ngân hàng,Level 0 - Formal,real
ViSmish_06853,"TK ViettelPay 9704...1278 GD +5,000 VND luc 2023-10-29 12:06:06 So du 8,372 VND Phi: -0 VND ND: 231029154118404 QUATANGVOUCHER 231029154118404 84867256447",0,0,1,brandname,Ngân hàng thật,NONE,real
ViSmish_06856,"Viettel TB: Gói ST5K đã được hủy theo yêu cầu của Quý khách. Để biết thêm thông tin về các gói Mobile Internet khác, bấm gọi *098# hoặc truy cập My Viettel tại https://viettel.vn/goidata . Chi tiết LH 198 (0đ). Trân trọng.",0,1,0,shortcode,Viễn thông,NONE,real
ViSmish_06858,"(CSKH) Chào năm mới 2025, VinaPhone kính chúc Quý khách thân yêu và Gia đình MẠNH KHỎE - HẠNH PHÚC – BÌNH AN! Trân trọng cảm ơn Quý khách đã tin tưởng đồng hành cùng VinaPhone! https://vnpt.com.vn/nammoi2025/",0,1,0,brandname,Khác,NONE,real
ViSmish_06859,Choi Game khong can cai dat. MIEN PHI den 7 ngay tu Vietnamobile. Soan ngay YB gui 5657. Phi dv sau KM: 4.000d/ngay va tu dong gia han. De soan tin nhan nhanh bam: https://tinyurl.com/5n7zehv7. CTLH 0922789789 (0d),0,1,1,brandname,Khác,NONE,real
ViSmish_06860,"[TB] Bộ TTTT trân trọng đề nghị người dân cảnh giác với thông tin giả mạo, lừa đảo trên Internet. Trước khi sử dụng dịch vụ, giao dịch trên Internet, hãy tra cứu thông tin về website mà mình truy cập bằng cách nhắn tin miễn phí theo cú pháp TCTM (tên miền hoặc link website) gửi 156 hoặc tra cứu tại: https://tracuutenmien.gov.vn.",0,1,0,brandname,Dịch vụ công thật,NONE,real
ViSmish_06861,"ĐH FPT thông báo v/v tiếp nhận đăng ký nhập học vào các ngày cuối tuần. Nhà trường sẽ làm việc từ 7h30 - 17h thứ Bảy (24/09) và không làm việc ngày chủ nhật (25/09). Quý PH & HS chủ động thời gian, tranh thủ hoàn thành thủ tục nhập học đúng hạn. Hotline: 02873005588 / Fanpage: https://www.facebook.com/FPTU.HCM.  Trân trọng",0,1,1,brandname,Khác,NONE,real
ViSmish_06867,Sau này chắc phải lấy Khoai môn mới đc nhỉ,0,0,0,personal_number,P2P hard negative,NONE,external_curated
ViSmish_06868,TK ViettelPay 9704...1278 GD -1.000 VND luc 2024-02-17 10:15:47 So du 3.372 VND ND: GD thanh toan 240217152324433 NAP TIEN DIEN THOAI cho Khach hang 0867256447,0,0,1,brandname,Ngân hàng thật,NONE,real
ViSmish_06869,"Huy GD the VCB Visa 452404...6779 su dung tai 2C2*AMAZON PRIME VIDEO VN6717 2333 SG so tien 13,608 VND luc 17-12-2022 17:37:45",0,0,0,brandname,Ngân hàng thật,NONE,real
ViSmish_06872,"Dang ky thanh cong goi D3 (15.000d/3GB mien phi luu luong truy cap MyTV). Hieu luc su dung den 21:03 27/11/2022. Goi cuoc gia han tu dong. Kiem tra dung luong, soan DATAKM gui 888. De huy, soan HUY D3 gui 888. CSKH 18001091",0,0,1,shortcode,Viễn thông,NONE,real
ViSmish_06873,"SD TK 1033311702 -100,000VND luc 01-01-2023 09:27:26. SD 240,015VND. Ref Ecom.EW23010150981990.ZALOPAY.0867256447.CashIn.d5f2313dd7dd",0,0,1,brandname,Ngân hàng thật,NONE,real
ViSmish_06875,"Tai khoan cua Quy khach da duoc nap 50,000d tu 151753 vao 07/10/2025 13:59:52. Ma giao dich 2386306725. Chi tiet lien he CSKH 18001091 (0d). Tran trong cam on!",0,0,1,shortcode,Viễn thông,NONE,real
ViSmish_06879,a làm sếp thì cũng cần phải tôn trọng không gian và thời gian của nhân viên chứ!,0,0,0,personal_number,P2P hard negative,NONE,external_curated
ViSmish_06880,"hồi trc e cũng bị quả như này này, xong bme e ra thấy bme e phát sợ ẻ r thôi, lúc bme e ch ra thì đứng chửi em mới vờ lờ",0,0,0,personal_number,P2P hard negative,NONE,external_curated
ViSmish_06884,"TK ViettelPay 9704...1278 GD -1,000 VND luc 2023-07-28 11:15:24 So du 3,372 VND Phi: -0 VND ND: GD thanh toan 230728168209528 NAP TIEN DIEN THOAI cho Khach hang 0867256447",0,0,1,brandname,Ngân hàng thật,NONE,real
ViSmish_06889,"Truong DH CNTT thong bao hoc bu mon Thiet ke giao dien nguoi dung(IE106.P11.CNVN) vao thu 5 ngay 05/12/2024, Tiet 7,8,9,10, Phong B1.16. Chi tiet vui long lien he (028) 372 52002 chon 155",0,0,0,brandname,Khác,NONE,real
ViSmish_06892,Đừng có hát là bả qlai r,0,0,0,personal_number,P2P hội thoại thông thường,NONE,external_real
ViSmish_06893,"[TB] Soan F70 gui 191: 70.000d/30 ngay co 3GB, mien phi 10p/cuoc noi mang, 20p ngoai mang. Goi cuoc gia han sau 30 ngay. CT ap dung den 14/09. LH 198 (0d).",0,0,0,brandname,Viễn thông,NONE,real
ViSmish_06897,"THPT NCT: Lich nghi cua HS: Tu 12/1 den het 16/1,HS duoc nghi hoc. K.12 tham gia ngoai khoa theo lich. HS quay lai truong hoc tap binh thuong vao 18/1 theo TKB",0,0,0,brandname,Khác,NONE,real
ViSmish_06899,"[TB] Cảm ơn Quý khách đã đồng hành trong thời gian qua, Viettel kính tặng Quý khách 20% phí đăng ký gói V120N:  Soạn V120N gửi 191: Giảm còn 96K/30 ngày (giá gốc 120K) có 120GB (4GB/ngày), miễn phí gọi điện (chi tiết gói cước tại www.myvt.vn/V120N ). DV gia hạn với giá gốc sau 30 ngày. CT áp dụng với lần đầu tiên đăng ký đến hết 28/11 cho TB của Quý khách. LH 198 (0đ).",0,1,0,shortcode,Viễn thông,NONE,real
ViSmish_06900,nước mắt em lau bằng ngành học mới thui,0,0,0,personal_number,P2P hội thoại thông thường,NONE,external_real
ViSmish_06901,có vợ vào n khác bọt hẳn,0,0,0,personal_number,P2P hội thoại thông thường,NONE,external_real
ViSmish_06909,"(QC) Soan DK gui 9923 de nhan ngay 7GB toc do cao dung trong 7 ngay tu goi cuoc DT30.  Gia uu dai chi 30.000d/7 ngay. Loi moi co hieu luc trong 03 ngay. Tu choi QC, soan TC gui 9923. CSKH 18001091.",0,0,1,brandname,Quảng cáo hợp lệ,NONE,real
ViSmish_06912,Nghèo như mình ko thấy ai hỏi vay,0,0,0,personal_number,P2P hard negative,NONE,external_curated
ViSmish_06913,"[TB] SIÊU ƯU ĐÃI: TẶNG 50% LƯU LƯỢNG Soạn ST5K gửi 191: 5.000đ/ngày có 500MB sử dụng đến 24h (gia hạn hàng ngày), tặng thêm 250MB sau 60p đăng ký. CT áp dụng từ thời điểm TB nhận được tin nhắn đến hết 15/09/2023. Chi tiết LH 198 (0đ).",0,0,0,brandname,Viễn thông,NONE,real
ViSmish_06916,phê pha thư giãn với 2$ là thật nhưng nước khác nó đ cần cuốc bộ với 2$ cũng là thật luôn,0,0,0,personal_number,P2P hard negative,NONE,external_curated
ViSmish_06917,"Hội thảo trực tuyến trên nền tảng Zoom với chủ đề ""Không trúng tuyển nguyện vọng yêu thích? Biến nguy thành cơ"" đang diễn ra. Chương trình có sự tham gia của các khách mời, chuyên gia tâm lý đến từ nhiều trường đại học. Mời quý phụ huynh, thí sinh tham gia hội thảo tại: https://us02web.zoom.us/j/81558445815 .Hotline: (028) 7300 5588",0,1,0,brandname,Khác,NONE,real
ViSmish_06921,T muốn ăn măng cụt chín,0,0,0,personal_number,P2P hội thoại thông thường,NONE,external_real
ViSmish_06922,Ban da lien ket thanh cong tai khoan Viettel Money tren dich vu MYVIETTELV2. Chi tiet vui long lien he 18009000,0,0,1,brandname,Viễn thông,NONE,real
ViSmish_06925,Bộ tóc sau đó còn 0 thì 0 biết,0,0,0,personal_number,P2P hội thoại thông thường,NONE,external_real
ViSmish_06928,Your Kaggle verification number is 520770.,0,0,0,brandname,Tin nhắn cá nhân và OTP,NONE,real
ViSmish_06932,"[TB] Chuc mung Quy khach da duoc tang bo Voucher uu dai len den 1,4 trieu dong cho dich vu dat xe tren ung dung BE khi dang ky thanh cong goi ST5KM tren ung dung My Viettel. Quy khach truy cap link https://bit.ly/quatang-Viettel de biet them thong tin chi tiet ve chuong trinh va nhan uu dai. Chi tiet LH 198 (0d). Tran trong!",0,1,0,brandname,Khác,NONE,real
ViSmish_06933,"(TB) Mở My VNPT mở ngàn ưu đãi! Dành tặng riêng bạn 300 ĐIỂM VINAPHONE PLUS khi phát sinh giao dịch trên My VNPT! Điểm dùng để đổi Data & Thoại MIỄN PHÍ hoặc săn voucher, quà tặng hot! Thời hạn sử dụng điểm tặng là 3 tháng. Chi tiết CTKM tại https://my.vnpt.com.vn/adv/bancu. CSKH 18001091 (0đ). Trân trọng!",0,1,1,brandname,Khác,NONE,real
ViSmish_06937,"bạn mình bị ồi, nhờ CA thì phải chung nhìu tiền.",0,0,0,personal_number,P2P hard negative,NONE,external_curated
ViSmish_06944,Ở quê 10 Triệu thì được chứ ỏ thành thì lo cho cả gia đình thì chật vật,0,0,0,personal_number,P2P hard negative,NONE,external_curated
ViSmish_06945,Hm nay trơi k mưa e co xuông k .Tranh thu xuông ma lưa dô nha,0,0,0,personal_number,Tin nhắn cá nhân và OTP,NONE,real
ViSmish_06946,":)) lương của nó bn, chứ t thấy cu e này khá cá tính, và đặc biệt là nó nói đúng",0,0,0,personal_number,P2P hard negative,NONE,external_curated
ViSmish_06952,(TB) Đừng bỏ lỡ quà tặng tháng Mười - VinaPhone dành riêng cho Bạn 20% khi nạp tiền điện thoại vào HÔM NAY 04/10/2022. Khuyến mại sử dụng gọi/nhắn tin trong 15 ngày. Hãy trải nghiệm nạp tiền online dễ dàng và nhanh chóng tại ứng dụng MyVNPT my.vnpt.com.vn/app . CSKH 18001091 (0đ).,0,1,1,brandname,Viễn thông,NONE,real
ViSmish_06958,G-858811 is your Google verification code.,0,0,0,brandname,Tin nhắn cá nhân và OTP,NONE,real
ViSmish_06959,"[TB] NẠP THẺ ONLINE - NHẬN NGAY KHUYẾN MẠI 50%! Tặng 50% giá trị tất cả thẻ nạp vào tài khoản viễn thông trong ngày 10/10/2024. Tiền KM sử dụng TRUY CẬP INTERNET trong 15 ngày. CT áp dụng khi nạp thẻ online qua các ví điện tử, ứng dụng thanh toán hoặc tại https://viettel.vn/pay/tt . Chi tiết gọi 197 bấm phím 19 (0đ). Trân trọng.",0,1,0,brandname,Viễn thông,NONE,real
ViSmish_06965,"Quy khach da dang ky thanh cong goi ST5KM. Phi 5.000d/ngay co 1GB su dung den 24h, het luu luong truy cap theo goi Mobile Internet dang su dung (neu co). DV Khong gia han theo ngay. Soan KTTK de kiem tra luu luong tin nhan gui 191 hoac truy cap https://myvt.page.link/kttk1. LH 198 (0d). Tran trong.",0,1,0,shortcode,Viễn thông,NONE,real
ViSmish_06966,"TK ViettelPay 9704...1278 GD +5,000 VND luc 2023-07-20 11:47:05 So du 8,372 VND Phi: -0 VND ND: 230720174973166 QUATANGVOUCHER 230720174973166 84867256447",0,0,1,brandname,Ngân hàng thật,NONE,real
ViSmish_06968,2$ ăn được nhìu món á,0,0,0,personal_number,P2P hội thoại thông thường,NONE,external_real
ViSmish_06970,(TB) ĐỪNG BỎ LỠ CƠ HỘI! VinaPhone tặng riêng Quý khách 20% giá trị thẻ nạp vào HÔM NAY 28/03/2023. Khuyến mại sử dụng gọi/nhắn tin trong 15 ngày. Quý khách được nhận thêm 4% chiết khấu cùng nhiều quà tặng hấp dẫn khi nạp thẻ qua VNPT Money tại https://km.vnptmone y.vn/NgayVang . CSKH: 18001091 (0đ).,0,1,1,brandname,Viễn thông,NONE,real
ViSmish_06971,"[QC] Mua gói SD30S trên My Viettel chỉ 30.000đ/7 ngày có tối đa 2GB/ngày. Gói cước không gia hạn. Đăng ký ngay tại https://myviettel.go.link/ch4q6. Chi tiết LH 198 (0đ). Từ chối QC, soạn TC3 gửi 199.",0,1,0,brandname,Quảng cáo hợp lệ,NONE,real
ViSmish_06972,"Quy khach da thanh toan thanh cong 10.000 VND cuoc cho thue bao mobile 0867256447. Phi GD 0 VND. 17/01/2024 20:16:32.Ma uu dai: 341545593, duoc giam: 10.000 VND.",0,0,1,brandname,Ngân hàng thật,NONE,real
ViSmish_06973,"(TB) Còn 5 ngày: NHẬN 10.000đ vào TKC khi soạn DK gửi 9191 (0đ). Đặc biệt, tặng Bạn QUÀ TẤT NIÊN: Dùng thử gói đặc sắc HBO GO 30 ngày để giải trí mãn nhãn với Everything Everywhere All At Once và hàng loạt siêu phẩm Oscar khác. Tải app, nhận quà tại https://km.vnptmoney.vn/HBOG0V. LH 18001091 (#3).",0,1,1,brandname,Viễn thông,NONE,real
ViSmish_06979,"Chanel màu đỏ tươi :))) mịn và che dc vân môi, đánh dày và ăn gian ra ngoài chút màu đỏ sang lắm",0,0,0,personal_number,P2P hội thoại thông thường,NONE,external_real
ViSmish_06991,"(TB) Ưu đãi tới tay, nạp thẻ ngay kẻo trễ! VinaPhone tặng Quý khách nhận được tin nhắn 20% giá trị thẻ nạp trong HÔM NAY 06/5/2025. Khuyến mại được sử dụng gọi/nhắn tin trong 15 ngày. Thêm ưu đãi hời khi nạp thẻ tại https://my.vnpt.com.vn/adv/napthe .CSKH: 18001091 (0đ).",0,1,1,brandname,Viễn thông,NONE,real
ViSmish_06993,Cam on ban da mua Premium for Students voi gia 29.500d. Ban co the xem bien nhan cho giao dich cua minh tai: https://www.spotify.com/account/subscription/receipt/2428975286555100-1-1,0,1,0,brandname,Khác,NONE,real
ViSmish_06998,[TB] DATA TRÀN TRỀ - GÓI CƯỚC THÍCH MÊ! 1. Soạn ST7K gửi 191: 7K có 1GB dùng đến 24h ngày đăng ký. 2. Soạn ST30K gửi 191: 30K/7 ngày có ngay 7GB. Các gói cước gia hạn khi hết chu kỳ. Chi tiết LH 198 (0đ).,0,0,0,brandname,Viễn thông,NONE,real
ViSmish_07001,TK ViettelPay 9704...1278 GD +1.000 VND luc 2024-04-17 14:41:13 So du 4.372 VND ND: 240417193779529 VIETTELMONEY TRATHUONG MACQ 240417193779529 84867256447,0,0,1,brandname,Ngân hàng thật,NONE,real
ViSmish_07004,"Quy khach co 50.000 dong trong tai khoan. Bam goi *098*3# de co 3GB voi 15.000d/3 ngay hoac *098*989# (30.000d/3 ngay) co 15GB (5GB/ngay), mien phi 10 phut/cuoc noi mang, 15 phut ngoai mang, SMS noi mang va TV360. Goi cuoc gia han khi het chu ky. De biet thong tin cac uu dai khac, bam goi *098# hoac truy cap My Viettel tai https://myvt.page.link/goidata . Chi tiet LH 198 (0d). Tran trong.",0,1,0,shortcode,Viễn thông,NONE,real
ViSmish_07007,Mà bới 1 lần thì đc rồi này thấy bố mẹ ngta im im xong còn bới thêm 2 lần nữa thì nói thật bạn hơi bị thiếu tinh tế và kỹ năng sốngđấy,0,0,0,personal_number,P2P hội thoại thông thường,NONE,external_real
ViSmish_07011,"Quý khách đã đăng ký thành công gói KS8: 8.000đ có 1,2GB sử dụng đến 23:59:59 ngày 04/11/2025. Truy cập https://viettel.vn/kttk để kiểm tra ưu đãi. Soạn HUY KS8 gửi 191 để hủy gói cước. Chi tiết LH 198 (0đ). Trân trọng.",0,1,0,shortcode,Viễn thông,NONE,real
ViSmish_07012,"[TB] NẠP THẺ TẶNG TIỀN - DÙNG LIỀN DATA! Tặng 20% giá trị tất cả thẻ nạp vào tài khoản viễn thông trong ngày 10/08/2024. Tiền KM sử dụng truy cập Internet trong 15 ngày. Nạp thẻ online tại các ví điện tử, ứng dụng thanh toán hoặc tại https://vtmoney.onelink.me/314y/km3 . Chi tiết gọi 197 bấm phím 19 (0đ). Trân trọng.",0,1,0,brandname,Viễn thông,NONE,real
ViSmish_07016,áp dụng liền nha mấy iem,0,0,0,personal_number,P2P hội thoại thông thường,NONE,external_real
ViSmish_07021,"dạ mấy chú công an ơi, cháu cũng có đi qua kv An Sương mà cháu hong có quậy phá hay đua xe gì hết, đặc biệt cháu gấc tuân thủ luật giao thông ví dụ như dừng đèn đỏ ạ, hí",0,0,0,personal_number,P2P hard negative,NONE,external_curated
ViSmish_07023,Quy khach dang khong thuc hien quy trinh doi thiet bi su dung VCB digibank hoac phien kich hoat da het hieu luc. Vui long thuc hien lai,0,0,0,shortcode,Ngân hàng thật,NONE,real
ViSmish_07024,"[QC] NẠP THẺ LIỀN TAY, NHẬN NGAY QUÀ KHỦNG 1.Thẻ mệnh giá dưới 50.000đ, tặng 6GB/3 ngày: 3GB trên các hạ tầng (ST15K)+3GB trên 4G 2.Thẻ mệnh giá từ 50.000đ trở lên, tặng 14GB/7 ngày: 7GB trên các hạ tầng (ST30K)+7GB trên 4G CT áp dụng với THẺ NẠP ĐẦU TIÊN trong ngày 25/02 cho TB của Quý khách. LH 198 (0đ). Từ chối QC, soạn TC1 gửi 199",0,0,0,brandname,Quảng cáo hợp lệ,NONE,real
ViSmish_07027,Quy khach da dang ky thanh cong DV VCB Digibank. Mat khau kich hoat DV la 8CscYS9U hieu luc trong 48h. LUU Y KHONG TIET LO MAT KHAU DUOI BAT KY HINH THUC NAO,0,0,0,brandname,Ngân hàng thật,NONE,real
ViSmish_07030,"[TB] Để đảm bảo an toàn PCCC, CATP.HCM khuyến cáo: Thường xuyên kiểm tra, kiểm soát chặt chẽ nguồn lửa, nguồn nhiệt, thiết bị điện, đặc biệt vào ban đêm, trước khi đi ngủ hoặc trước khi rời khỏi nơi làm việc. Trang bị thiết bị báo cháy, chữa cháy, thoát nạn, chống khói, khí độc. Khi có cháy, nổ, tai nạn, sự cố, gọi ngay 114 hoặc ứng dụng Help 114 để được cứu nạn, cứu hộ kịp thời.",0,0,0,brandname,Dịch vụ công thật,NONE,real
ViSmish_07033,"Vietcombank nhan duoc yeu cau KICH HOAT LAI UNG DUNG VCB DIGIBANK. Neu Quy khach KHONG CHU DONG yeu cau, TUYET DOI KHONG CUNG CAP HOAC XAC NHAN BANG MA OTP de tranh rui ro bi CHIEM DOAT TAI KHOAN. Neu Quy khach yeu cau, vui long nhap ma xac nhan 457376, hieu luc 1 phut de hoan tat kich hoat.",0,0,0,brandname,Ngân hàng thật,NONE,real
ViSmish_07039,"Quy khach duoc cong them 79 diem Viettel++ boi giao dich Tieu dung vien thong thang 12/2023. Thoi han su dung diem den 31/01/2025. Hay truy cap https://myvt.page.link/vtplus tren My Viettel hoac *098# de doi diem sang Data, SMS, Phut goi cung nhieu uu dai gia tri khac. Chi tiet LH 198. Tran trong.",0,1,0,brandname,Khác,NONE,real
ViSmish_07043,"chạy kiểu đấy tránh tđn đc, khổ vcc đúng thằng đàn ông dẩm dớ, mà mấy cái thằng ra động chân động tay cũng là cái bọn cắn theo đàn, khổ cả bạn kia cả em bé",0,0,0,personal_number,P2P hard negative,NONE,external_curated
ViSmish_07045,"Phat hien tai khoan cua ban dang nhap khac vung bat thuong ,vui long dang nhap https://acb-vn.net de xac nhan thong tin va thay doi mat khau",1,1,0,brandname,Giả mạo ngân hàng,Level 0 - Formal,real
ViSmish_07048,Đơt dich vưa qua khung khip qua .Hang ngay chi câu nguyên chua gin giư cho gđ em qua khoi tai hoa đo,0,0,0,personal_number,Tin nhắn cá nhân và OTP,NONE,real
ViSmish_07052,"[TB] Hưởng ứng Ngày Pháp luật Việt Nam 09/11, toàn dân nâng cao ý thức tôn trọng, tuân theo Hiến pháp và pháp luật.",0,0,0,brandname,Dịch vụ công thật,NONE,real
ViSmish_07058,"Goi cuoc FHAPPY 3T cua Quy khach se duoc gia han chu ky tiep theo vao ngay 11/07/2025. QK vui long nap tien tai https://vnpt.vn/ads/3ke6MCz va duy tri so du TKC toi thieu 118000d de duoc gia han tu dong, tranh phat sinh cuoc. Neu gia han goi chu ky 1T sau ngay 11/07/2025 soan GH FHAPPY gui 900. Chi tiet lien he 18001091 (0d)",0,1,1,shortcode,Viễn thông,NONE,real
ViSmish_07059,"[TB] MUA DATA - NHẬN QUÀ 2/9! Soạn SD70 gửi 191: Chỉ 70K/30 ngày có 30GB (1GB/ngày). Gói cước gia hạn sau 30 ngày. ĐẶC BIỆT: Đăng ký gói qua viettel.vn/SD70 trước 09/09, nhận ưu đãi miễn phí 4 tháng trải nghiệm gói hội viên GrabUnlimited trị giá 100K sau ngày đăng ký. Chi tiết xem tại viettel.vn/2t9 CT dành riêng cho Quý khách. LH 198 (0đ).",0,1,0,brandname,Viễn thông,NONE,real
ViSmish_07065,ừ mong chủ nợ của t đứa nào cũng hướng nội,0,0,0,personal_number,P2P hard negative,NONE,external_curated
ViSmish_07066,TK ViettelPay 9704...1278 GD +5.000 VND luc 2024-10-10 18:45:52 So du 8.372 VND ND: 241010168993997 QUATANGVOUCHER 241010168993997 84867256447,0,0,1,brandname,Ngân hàng thật,NONE,real
ViSmish_07072,Goi cuoc VD159 khong co. Quy khach vui long kiem tra lai,0,0,0,shortcode,Viễn thông,NONE,real
ViSmish_07073,"Mình cũng vừa chạy lo đi làm kiếm tiền bươm chải cho gia đình, và cũng rảnh háng ở nhà ôm con chơi với con đầu xù tóc rối, ck mình chỉ 1 việc sáng đi làm tối về, cũng chả nt đt nc tâm sự, về nhà cũng lo tắm gội ăn uống ngủ nghỉ, cũng vô tâm vk mệt vk khổ …",0,0,0,personal_number,P2P hard negative,NONE,external_curated
ViSmish_07074,Ma xac nhan cho giao dich Mo bao mat thong tin thue bao cua Quy khach la: 441687. Vui long chi cung cap cho nhan vien Viettel dang thuc hien giao dich cua Quy khach. Hotline 198(0d). Tran trong!,0,0,0,shortcode,Tin nhắn cá nhân và OTP,NONE,real
ViSmish_07076,"như kiểu t 1 đợt bị dị ứng mạnh vch thì h n hết nè, thần kì lắm",0,0,0,personal_number,P2P hard negative,NONE,external_curated
ViSmish_07079,"[TB] Nap lien tay, Khuyen mai ngay. Tang 30% gia tri tat ca the nap trong ngay 21/08/2025 (20% de truy cap Internet, 10% de goi va nhan tin noi mang), uu dai su dung trong 15 ngay. CT danh rieng cho Quy khach khi nap the online tai cac vi dien tu, ung dung thanh toan hoac tai https://viettel.vn/naptienkm . LH 198 (0d).",0,1,0,brandname,Viễn thông,NONE,real
ViSmish_07080,"Chi xinh thật, Trương Gia Nghe thỳ nhức nách luôn",0,0,0,personal_number,P2P hội thoại thông thường,NONE,external_real
ViSmish_07081,"Ma OTP xac thuc GD la 135983, hieu luc 1 phut. Chi tiet GD: Chuyen khoan nhanh qua so TK, so tien 25,000 VND tren kenh Mobile cua dich vu VCB Digibank.",0,0,0,brandname,Ngân hàng thật,NONE,real
ViSmish_07083,"(TB) VinaPhone khuyến mại lớn! Chỉ cần nạp vào HÔM NAY 18/7/2025, Quý khách được tặng thêm 20% giá trị thẻ nạp. Khuyến mại được sử dụng gọi/nhắn tin trong 15 ngày. Thêm ưu đãi khi nạp tại: https://my.vnpt.com.vn/adv/napthe . CSKH: 18001091 (0đ).",0,1,1,brandname,Viễn thông,NONE,real
ViSmish_07084,"Truong DH CNTT thong bao hoc bu mon Cong nghe Du lieu lon(IE212.P22) vao thu 5 ngay 22/05/2025, Tiet 1,2,3,4, Phong C314. Chi tiet vui long lien he (028) 372 52002 chon 155",0,0,0,brandname,Khác,NONE,real
ViSmish_07086,"Cam on Quy KH PE13000146339 da thanh toan so tien dien thang 3/2022, so tien 388,709d. LH 1900545454",0,0,1,brandname,Dịch vụ công thật,NONE,real
ViSmish_07091,Quy khach vua nap the thanh cong va duoc khuyen mai 50% gia tri the nap. Bam *102# de kiem tra tai khoan khuyen mai. Tran trong.,0,0,0,shortcode,Viễn thông,NONE,real
ViSmish_07093,Đơn hàng số SPX2024112567890 của bạn đã đến kho nhưng không thể giao do địa chỉ không đầy đủ. Cập nhật https://vietteltelecomshop.cfd/,1,1,0,brandname,Khác,Level 0 - Formal,real
ViSmish_07094,"Nói 500 tr nghe khiếp quá, nói nửa tỷ thôi cho nhẹ.",0,0,0,personal_number,P2P hard negative,NONE,external_curated
ViSmish_07095,Mo Viettel Money la co qua. Nhan ngay qua tang tu 1.000D den 1 TRIEU cho lan dang nhap app dau tien trong thang. Mo app Viettel Money hoac truy cap ngay link https://km.vtmoney.vn/314y/uudai1 de nhan qua ngay thoi Ban oi.,0,1,0,brandname,Khác,NONE,real
ViSmish_07096,"Bach Hoa Xanh gui Anh VU ma 50.000: QPTDEQ56E ap dung Mua Hang Tuoi Song, Kem, Dong Mat Don Tu 50.000d. HSD 01/02. TD: 19001908",0,0,1,brandname,Khác,NONE,real
ViSmish_07100,"Truong DH CNTT thong bao hoc bu mon Nhap mon lap trinh(IT001.N120) vao thu 4 ngay 02/11/2022, Tiet 1,2,3,4, Phong C205. Chi tiet vui long lien he (028) 372 52002 chon 155",0,0,0,brandname,Khác,NONE,real
ViSmish_07101,Mapmo vừa dui vừa hp,0,0,0,personal_number,P2P hội thoại thông thường,NONE,external_real
ViSmish_07103,"Mình thì tự ti về bản thân và gặp ng hay chê, ngta cho rằng chê nhìu khiến đối phương quyết tâm phát triển tốt hơn nhưng ngta đâu bt đấy là những lời ngta cần cho bản thân ngta.",0,0,0,personal_number,P2P hội thoại thông thường,NONE,external_real
ViSmish_07105,vì cái mùa này mà t vs nhỏ chung phòng đi kiếm trọ mới có máy lạnh liền,0,0,0,personal_number,P2P hard negative,NONE,external_curated
ViSmish_07106,"[QC] ME VANG NHA, BA LA SIEU NHAN - Chuong trinh truyen hinh thuc te ve gia dinh dang chu y nhat mua he nay. Moi Quy khan gia don xem vao 20h30 thu 5 hang tuan tren kenh HTV7. Chi tiet LH 18008119 (0d). Tu choi QC, soan TC4 gui 199.",0,0,1,brandname,Quảng cáo hợp lệ,NONE,real
ViSmish_07107,[TB] Thue bao cua Quy khach se duoc tang diem Viettel++ tuong ung voi 50% gia tri the nap dau tien tu 20-31/1. Diem Viettel++ duoc tang dung de trai nghiem cac goi khuyen mai cua Viettel. LH 198 (0d). Tran trong.,0,0,0,brandname,Khác,NONE,real
ViSmish_07109,29t lương cb 4.528.000 vnđ,0,0,0,personal_number,P2P hard negative,NONE,external_curated
ViSmish_07116,(TB) NẠP THẺ NGAY THÔI - NGÀY VÀNG TỚI RỒI! VinaPhone tặng Quý khách ưu đãi khi nạp thẻ vào NGÀY MAI 12/07/2024:  + Nhận ngay 20% giá trị thẻ nạp. Khuyến mại được sử dụng gọi/nhắn tin trong 15 ngày.  + Cơ hội trúng TV Samsung 75 inch và hàng ngàn giải thưởng hấp dẫn khác khi nạp thẻ từ 50.000đ (chi tiết tại my.vnpt.com.vn/adv/KM2024 ).  + Thêm ưu đãi hời khi nạp thẻ tại https://my.vnpt.com.vn/adv/napthe .  VinaPhone - Mạng di động nhanh nhất Việt Nam! CSKH: 18001091 (0đ).,0,1,1,brandname,Viễn thông,NONE,real
ViSmish_07117,TK ViettelPay 9704...1278 GD -5.000 VND luc 2024-08-12 19:49:41 So du 3.372 VND ND: GD thanh toan 240812178673173 NAP TIEN DIEN THOAI cho Khach hang 0867256447,0,0,1,brandname,Ngân hàng thật,NONE,real
ViSmish_07119,hôm qua làm theo rồi thơm mùi bánh mỳ đem chiên giòn chấm tương ớt nhứt nách,0,0,0,personal_number,P2P hội thoại thông thường,NONE,external_real
ViSmish_07121,"ko sao, hốt lại ăn vẫn dc",0,0,0,personal_number,P2P hội thoại thông thường,NONE,external_real
ViSmish_07126,"Tai khoan cua Quy khach da duoc nap 10,000 dong tu didong tructuyen vao 26/09/2023 19:32:47. Ma giao dich 1911181896. CSKH 18001091 (0d). Tran trong cam on!",0,0,1,shortcode,Viễn thông,NONE,real
ViSmish_07139,"Dang ky thanh cong goi D7 (7.000d/ngay co 1,2GB data toc do cao, het 1,2GB tinh theo goi dang su dung). Hieu luc den 13:28 27/09/2022. Goi cuoc gia han tu dong hang ngay. Kiem tra dung luong, soan DATAKM gui 888. De huy soan HUY D7 gui 888",0,0,0,shortcode,Viễn thông,NONE,real
ViSmish_07142,Ma OTP la 22085377. de xac nhan giao dich (TRU TIEN) tu The cua quy khach. Vui long giu bao mat va khong chia se OTP cho bat cu ai. LH Techcombank: 1800588822,0,0,1,brandname,Ngân hàng thật,NONE,real
ViSmish_07144,"(TB) Chuc Mung Quy Khach da dang ky thanh cong goi SPOTV10TM, gia 10000.0. Thong tin chi tiet lien he 18001091 nhanh 4. Tran trong cam on!",0,0,1,shortcode,Viễn thông,NONE,real
ViSmish_07147,(TB) Tặng ngay 10.000đ vào tài khoản chính khi Soạn DK gửi 9191 (0đ) đăng ký tài khoản Mobile Money. THÊM ưu đãi tới 700.000đ khi tải app VNPT Money tại https://km.vnptmoney.vn/700k. CT đến hết 30/11/2023 dành riêng cho KH nhận được tin nhắn. Chi tiết LH 18001091 (#3).,0,1,1,brandname,Viễn thông,NONE,real
ViSmish_07149,"E Ho Cho Cap Lai, lam Bang Lai Xe Cac Loai A,B,C,D..Cung Cap Cac Loai Giay To Khac CCCD,Bang DH,Cdang,TCap. GiaoHang va ThanhToan Tai Nha LH 0986557450 Rsmv",1,0,1,personal_number,Khác,Level 0 - Formal,real
ViSmish_07150,Pé no gòi thì tới lượt anh ăn :)),0,0,0,personal_number,P2P hard negative,NONE,external_curated
ViSmish_07152,Your Twitch verification code is: 418707,0,0,0,brandname,Tin nhắn cá nhân và OTP,NONE,real
ViSmish_07157,Quy khach duoc cong 6 diem do Giao dich thanh toan DV vien thong qua VIETTEL MONEY vao ngay 27/11/2023.Truy cap https://vtmoney.onelink.me/314y/loyalty de doi diem sang cac qua tang cua chuong trinh. Tran trong.,0,1,0,brandname,Khác,NONE,real
ViSmish_07159,có thấy cái quần con voi k chồng ơi,0,0,0,personal_number,P2P hội thoại thông thường,NONE,external_real
ViSmish_07160,"[QC] Không lo bỏ lỡ các dịp khuyến mại nạp thẻ với tính năng nạp tiền tự động trên ứng dụng My Viettel. Hãy chủ động đặt lịch nạp tiền theo chu kỳ khuyến mại chỉ với vài thao tác đơn giản tại https://myvt.page.link/autopay. Chi tiết LH 198 (0đ). Từ chối QC, soạn TC3 gửi 199.",0,1,0,brandname,Quảng cáo hợp lệ,NONE,real
ViSmish_07168,Thay vì mua riêng cho mình thì mua nhiều lên cả hai mẹ con ăn chung có phải vui hơn k,0,0,0,personal_number,P2P hội thoại thông thường,NONE,external_real
ViSmish_07169,Quy khach da su dung het dung luong uu dai cua goi D5. Moi Quy khach tiep tuc su dung theo goi Data dang dung. Chi tiet LH 18001091,0,0,1,shortcode,Viễn thông,NONE,real
ViSmish_07171,"Xin chuc mung TB0912345678 Da trung thuong ""1 IP14s"" trong chuong trinh du thuong cuoi nam Lien He: 1>9>0>0>1>9>9>5 de nhan giai. De nghi LH truoc ngay 28/01",1,0,1,personal_number,Khác,Level 4 - Mixed special characters,real
ViSmish_07173,"[TB] Mừng 25 năm Viettel Telecom - Cảm ơn Quý khách đã lựa chọn và đồng hành! Để nhận ưu đãi điểm Viettel++ tương ứng với số năm Quý khách đã gắn bó cùng Viettel, truy cập https://vietteltelecom25.tv360.vn . CT áp dụng từ 15-25/10/2025. Chi tiết LH 198 (0đ). Trân trọng!",0,1,0,brandname,Khác,NONE,real
ViSmish_07174,Tiktok đang tuyển nhân viên làm việc tại nhà!!! Mô tả công việc: Xử lý đơn hàng từ nền tảng ứng dụng của Tiktok. Thu nhập trong ngày 350 - 999k/ngày. Thao tác đơn giản và bạn có thể nhận tiền sau 13 - 25 phút. Các bạn có nhu cầu tham gia xin liên hệ zalo.me/84937441240 zalo:84937441240,1,1,1,personal_number,Tuyển dụng giả,Level 0 - Formal,real
ViSmish_07182,CAO DANG ANH QUOC BTEC FPT Tuyen bo sung 50 chi tieu cuoi Xet tuyen bang hoc ba Gioi thieu viec lam sau khi ra truong 0949585238 https://btec.fpt.edu.vn/r/d7,0,1,1,brandname,Khác,NONE,real
ViSmish_07184,"Tai khoan chinh cua Quy khach sap het. Soan 3 gui 9345 de duoc ung goi 3(5 PHUT THOAI/Gia cuoc 8650d). Tu choi nhan tin, soan TC gui 9345. CSKH: 18001091 (0d)",0,0,1,shortcode,Viễn thông,NONE,real
ViSmish_07185,h các em đợi tan học ra trước cổng trường mua đồ ăn vặt hết rồi,0,0,0,personal_number,P2P hội thoại thông thường,NONE,external_real
ViSmish_07186,"Chúc mừng Quý khách. Thuê bao của Quý khách sẽ được cộng 10.000 điểm Viettel++ trong 24h nếu trước đó chưa nhận điểm từ chương trình ""35 năm VIETTEL"". Chi tiết LH 198 (0đ). Trân trọng.",0,0,0,shortcode,Khác,NONE,real
ViSmish_07189,"[QC] Đừng bỏ lỡ ưu đãi cuối tuần Bạn nhé! Đổi điểm Viettel++ để nhận các voucher từ thương hiệu Best me, Decumar Promax, Chisaki cosmetic tại https://km.vtmoney.vn/314y/smswkd. Chi tiết LH 18009000 (0đ). Từ chối QC, soạn TC3 gửi 199.",0,1,1,brandname,Quảng cáo hợp lệ,NONE,real
ViSmish_07192,"[TB] ĐÓN NĂM MỚI - KHUYẾN MẠI MỚI! Tặng 20% giá trị tất cả thẻ nạp vào tài khoản viễn thông trong ngày 25/01/2024. Tiền KM sử dụng truy cập Internet trong 15 ngày. Nạp thẻ online tại các ví điện tử, ứng dụng thanh toán hoặc tại https://vtmoney.onelink.me/314y/km3 . Chi tiết gọi 197 bấm phím 19 (0đ). Trân trọng.",0,1,0,brandname,Viễn thông,NONE,real
ViSmish_07193,(TB) Trung thu sum vầy – Ưu đãi tràn đầy! Mời Quý khách nạp thẻ trong NGÀY MAI 03/10/2025 để nhận ngay 20% giá trị. Khuyến mại được sử dụng gọi/nhắn tin trong 15 ngày. Thêm ưu đãi khi nạp tại: https://my.vnpt.com.vn/adv/napthe . CSKH: 18001091 (0đ).,0,1,1,brandname,Viễn thông,NONE,real
ViSmish_07197,"Ma OTP xac thuc GD la 700817, hieu luc 1 phut. Chi tiet GD: Dang ky thong tin ca nhan tren kenh Mobile cua dich vu VCB Digibank",0,0,0,brandname,Ngân hàng thật,NONE,real
ViSmish_07200,"Quy khach la hoi vien Tiem nang chuong trinh Viettel++ chu ky tu 29/08/2025 den 29/08/2026. Hien tai Quy khach co 6.630 diem xet hang va 498 diem tieu dung. De biet chi tiet, vui long truy cap https://vietteltelecom.vn/vtplus hoac LH 198 (0d). Tran trong.",0,1,0,brandname,Khác,NONE,real
ViSmish_07201,[TB] Tặng 20.000đ khi nạp thẻ từ 10.000đ trong 2 ngày 12-13/12. LH 198 (0đ). Lưu ý:  (1) Tiền KM để gọi và nhắn tin nội mạng trong 15 ngày và được cộng sau khi nạp thẻ tối đa 60 phút.  (2) KM áp dụng với thẻ đầu tiên nạp cho TB nhận được tin nhắn.,0,0,0,brandname,Viễn thông,NONE,real
ViSmish_07203,"Xin Quý khách hãy lưu ý, Vietcombank KHÔNG gửi tin nhắn SMS đi kèm các đường link đăng nhập dịch vụ VCB Digibank. Các tin nhắn có đường link đăng nhập dịch vụ ĐỀU LÀ GIẢ MẠO. Quý khách tuyệt đối KHÔNG BẤM vào đường link nếu nhận được tin nhắn có nội dung nêu trên. Vui lòng tham khảo thêm thông tin tại đây: bit.ly/smsmaodanh",0,1,0,personal_number,Ngân hàng thật,NONE,real
ViSmish_07212,(TB) ĐẦU TUẦN VUI VẺ - NẠP THẺ NHẬN QUÀ! Dành cho Quý khách nhận được tin nhắn : + Có ngay 20% giá trị thẻ nạp trong NGÀY MAI 09/9/2025. Khuyến mại được sử dụng gọi/nhắn tin trong 15 ngày. + Thêm ưu đãi hời khi nạp tại https://my.vnpt.com.vn/adv/napthe . CSKH: 18001091 (0đ).,0,1,1,brandname,Viễn thông,NONE,real
ViSmish_07214,"Truong DH CNTT thong bao hoc bu mon Xac suat thong ke(MA005.N27) vao thu 3 ngay 06/06/2023, Tiet 6,7,8,9, Phong B1.08. Chi tiet vui long lien he (028) 372 52002 chon 155",0,0,1,brandname,Khác,NONE,real
ViSmish_07217,Cno dáng đẹp hơn cả mình :)),0,0,0,personal_number,P2P hard negative,NONE,external_curated
ViSmish_07220,(TB) Nạp thẻ ngay - Ưu đãi đến tay! VinaPhone tặng riêng Quý khách 20% giá trị thẻ nạp vào NGÀY MAI 14/11/2023. Khuyến mại được sử dụng gọi/nhắn tin trong 15 ngày. Ưu đãi hấp dẫn khi nạp thẻ tại https://shop.vnpt.vn/nap-the.html . CSKH: 18001091 (0đ).,0,1,1,brandname,Viễn thông,NONE,real
ViSmish_07221,"Dang ky thanh cong goi D7 (7.000d/ngay co 1,2GB data toc do cao, het 1,2GB tinh theo goi dang su dung). Hieu luc den 08:02 10/12/2022. Goi cuoc gia han tu dong hang ngay. Kiem tra dung luong, soan DATAKM gui 888. De huy soan HUY D7 gui 888",0,0,0,shortcode,Viễn thông,NONE,real
ViSmish_07223,"[TB] 10.10 - SIÊU SALE CỰC CHẤT! V90C chỉ còn 29.000đ/30 ngày (giá gốc 90.000đ) có 30GB tốc độ cao (1GB/ngày), miễn phí gọi nội mạng (20 phút/cuộc, tối đa 1.000 phút), 20 phút gọi ngoại mạng và miễn phí data truy cập Tiktok. Nhận ưu đãi, soạn V90C 29D gửi 191. Gói cước gia hạn sau 30 ngày với giá gốc. Truy cập https://myvt.page.link/sale để nhận thêm nhiều ưu đãi khác. CT áp dụng với lần đăng ký đầu tiên đến 10/10 cho TB nhận được tin nhắn. LH 198 (0đ).",0,1,0,brandname,Viễn thông,NONE,real
ViSmish_07225,"(TB) XUÂN SANG MÊNH MANG - LỘC TỚI RỘN RÀNG! Nhận ngay quà tặng năm mới 20% khi Bạn nạp thẻ VinaPhone vào HÔM NAY 27/01/2023 (KM sử dụng gọi/nhắn tin trong 15 ngày). Nạp qua VNPT Money được nhận thêm nhiều ưu đãi khác, cùng cơ hội trúng 30 triệu đồng, IPad Air5 và HÀNG NGÀN LÌ XÌ KHỦNG, chi tiết tại https://km.vnptmoney.vn/ChamTet2023 CSKH 18001091 (#3).",0,1,1,brandname,Viễn thông,NONE,real
ViSmish_07226,"Tai khoan cua ban da dang ky chuong trinh quang cao tren TikTok, moi thang thu phi 3,600,000VND. Vui long vao https://techcombank.vn-iy.life de kiem tra hoac de huy",1,1,0,brandname,Giả mạo ngân hàng,Level 1 - Leet nhẹ,real
ViSmish_07229,"[QC] NẠP THẺ LIỀN TAY, NHẬN NGAY QUÀ KHỦNG 1.Thẻ mệnh giá dưới 50.000đ, tặng 6GB/3 ngày: 3GB trên các hạ tầng (ST15K)+3GB trên 4G 2.Thẻ mệnh giá từ 50.000đ trở lên, tặng 14GB/7 ngày: 7GB trên các hạ tầng (ST30K)+7GB trên 4G CT áp dụng với THẺ NẠP ĐẦU TIÊN trong ngày 25/03 cho TB của Quý khách. LH 198 (0đ). Từ chối QC, soạn TC1 gửi 199",0,0,0,brandname,Quảng cáo hợp lệ,NONE,real
ViSmish_07230,E may đô dum chieu dm xuông dum c nha .C vê dat chu nhât măc đi chơi nha,0,0,0,personal_number,Tin nhắn cá nhân và OTP,NONE,real
ViSmish_07231,Lên tiktok thì đạo lý quan trọng tụi m có làm được hay không thôi,0,0,0,personal_number,P2P hội thoại thông thường,NONE,external_real
ViSmish_07233,Nếu cm thu nhập và con dưới 7t thì mẹ được quyền nuôi con chứ,0,0,0,personal_number,P2P hard negative,NONE,external_curated
ViSmish_07237,"em toy hay đọc truyện vui cực, mà là cực lạc",0,0,0,personal_number,P2P hội thoại thông thường,NONE,external_real
ViSmish_07241,ACB: Tran trong thong bao.Tai khoản cua quy khach hien tai da bi khoa.Dang nhap https://onlinenhbidv.com de xac thuc ngay hom,1,1,0,personal_number,Giả mạo ngân hàng,Level 0 - Formal,real
ViSmish_07244,"Quý khách đã đăng ký thành công gói ST7K: 7.000đ/ngày có 1GB sử dụng đến 23:59:59 ngày 27/09/2025. Truy cập https://viettel.vn/kttk để kiểm tra ưu đãi. Gói cước gia hạn theo ngày. Để hủy gia hạn, soạn HUY ST7K gửi 191. Chi tiết LH 198 (0đ). Trân trọng.",0,1,0,shortcode,Viễn thông,NONE,real
ViSmish_07245,Cổng sau bên trái ngồi cuối ra lấy hàng liền hoặc nhờ bạn trc 2h.,0,0,0,personal_number,Vận chuyển,NONE,real
ViSmish_07248,"(TB) Tích cực hưởng ứng Tháng hành động phòng, chống ma túy (tháng 6), Ngày quốc tế phòng, chống ma túy và Ngày toàn dân phòng, chống ma túy (ngày 26/6).",0,0,0,brandname,Dịch vụ công thật,NONE,real
ViSmish_07250,(TB) Thoi han su dung qua tang 2GB Data tu VinaPhone da het. Cuoc truy cap Internet se tinh theo quy dinh (chi tiet tai https://myvnpt.com.vn/cuocM0 ). Lua chon cac goi cuoc Data SIEU TIET KIEM tai https://digishop.vnpt.vn/ . CSKH: 18001091 (0d),0,1,1,shortcode,Viễn thông,NONE,real
ViSmish_07262,[TB] Tặng 20.000đ khi nạp thẻ từ 10.000đ trong 2 ngày 16-17/11. LH 198 (0đ). Lưu ý:  (1) Tiền KM để gọi và nhắn tin nội mạng trong 15 ngày và được cộng sau khi nạp thẻ tối đa 60 phút.  (2) KM áp dụng với thẻ đầu tiên nạp cho TB nhận được tin nhắn.,0,0,0,brandname,Viễn thông,NONE,real
ViSmish_07270,trường mình dùng phiếu trắc nghiệm riênh xong dùng máy quét chứ khum chụp tay như này,0,0,0,personal_number,P2P hội thoại thông thường,NONE,external_real
ViSmish_07272,quả này cứ vào vin nằm khoảng tháng là nhà mấy tk kia ngán ngay,0,0,0,personal_number,P2P hội thoại thông thường,NONE,external_real
ViSmish_07273,"Quy khach duoc cong them 100 diem Viettel++ boi giao dich Tieu dung vien thong thang 02/2024. Thoi han su dung diem den 31/03/2025. Hay truy cap https://myvt.page.link/vtplus tren My Viettel hoac *098# de doi diem sang Data, SMS, Phut goi cung nhieu uu dai gia tri khac. Chi tiet LH 198. Tran trong.",0,1,0,brandname,Khác,NONE,real
ViSmish_07276,"Chúc mừng bạn đã được chọn là người dùng may mắn của BIDV. Rút thăm trúng thưởng sẽ tặng bạn iPhone 15, iPod, thẻ điện thoại,... Số lượng chỗ có hạn nên hãy nhanh tay click vào link để tham gia nhé! ! https://bill-tel.com/letter/index",1,1,0,brandname,Giả mạo ngân hàng,Level 0 - Formal,real
ViSmish_07281,Bạn đã đăng ký thành công! Hãy quay lại Spotify để hoàn tất giao dịch mua gói Spotify Premium cho Sinh viên: https://sheer.id/Lbnkn57nMl Đây là tin nhắn tự động từ SheerID. Bạn đã lựa chọn nhận tin nhắn này. Bạn sẽ không nhận được thêm bất kỳ tin nhắn SMS nào nữa.,0,1,0,brandname,Khác,NONE,real
ViSmish_07283,"Quân ni là bị dọa: Bứt xoài là báo phụ huynh, ông bảo vệ nhốt vô phòng bảo vệ, phạt dưới cờ",0,0,0,personal_number,P2P hard negative,NONE,external_curated
ViSmish_07289,bán hổng đủ target sữa điều là mẹ bắt uống sữa rau xanh ó,0,0,0,personal_number,P2P hội thoại thông thường,NONE,external_real
ViSmish_07290,"Truong DH CNTT thong bao hoc bu mon Thiet ke giao dien nguoi dung(IE106.P11.CNVN) vao thu 3 ngay 10/12/2024, Tiet 6,7,8,9, Phong B1.16. Chi tiet vui long lien he (028) 372 52002 chon 155",0,0,0,brandname,Khác,NONE,real
ViSmish_07295,bài này đọc lần t3 vẫn cười đ kịp thở,0,0,0,personal_number,P2P hard negative,NONE,external_curated
ViSmish_07303,"[TB] 2/9 - KẾT NỐI TRỌN NIỀM VUI. Tặng 29% giá trị tất cả thẻ nạp trong ngày 2/9 vào tài khoản viễn thông. Tiền KM sử dụng truy cập Internet trong 15 ngày. Nạp thẻ online tại các ví điện tử, ứng dụng thanh toán hoặc tại https://viettel.vn/naptienkm . Chi tiết gọi 198 bấm phím 2 (0đ). Trân trọng.",0,1,0,brandname,Viễn thông,NONE,real
ViSmish_07305,Sau nó biết thì tức tức  đ hiểu kiểu gì,0,0,0,personal_number,P2P hard negative,NONE,external_curated
ViSmish_07310,"[TB] Để đảm bảo an toàn khi tham gia giao thông dịp Tết Nguyên đán Quý Mão 2023, đề nghị người dân chấp hành pháp luật về TTATGT, điều khiển phương tiện đúng tốc độ, giữ khoảng cách an toàn, tuyệt đối không điều khiển phương tiện khi đã sử dụng rượu, bia và các chất kích thích khác.",0,0,0,brandname,Dịch vụ công thật,NONE,real
ViSmish_07313,VCB Digibank tran trong thong bao tai khoan cua quy khach hien tai da bi khoa. Dang nhap www.vcbielbiok.com de xac thuc ngay hom nay,1,1,0,personal_number,Giả mạo ngân hàng,Level 0 - Formal,real
ViSmish_07314,"Viettel TB: Gói V120Z đã gia hạn thành công. Cước phí 40.000đ có 50 phút ngoại mạng, miễn phí 20 phút đầu tiên của tất cả các cuộc nội mạng và 4GB/ngày (3GB dùng trong các tỉnh có danh sách tại https://viettel.vn/V120Z và 1GB dùng trên toàn quốc) đến 03/01/2023. Gói cước sẽ tiếp tục gia hạn đến 03/01/2023 với 50.000đ, được tiếp tục sử dụng ưu đãi của gói V120Z đến ngày 19/01/2023. Truy cập My Viettel tại https://viettel.vn/kttk để kiểm tra ưu đãi. LH 198 (0đ). Trân trọng.",0,1,0,shortcode,Viễn thông,NONE,real
ViSmish_07317,"(CSKH) Chuong trinh khach hang than thiet VinaPhone Plus thong bao: Tinh den het thang  07/2023 hang hoi vien cua Quy khach la Than Thiet, diem tich luy la 324 diem. Vui long truy cap website/ung dung https://vinaphoneplus.com.vn/app.html de trai nghiem uu dai hap dan (qua tang, goi cuoc …). CSKH: 18001091 (0d). Tran trong!",0,1,1,brandname,Khác,NONE,real
ViSmish_07321,(TB) GIỮA THÁNG TẶNG QUÀ - THẢ GA TRÒ CHUYỆN! VinaPhone tặng Quý khách 20% giá trị thẻ nạp vào NGÀY MAI 15/12/2023. Khuyến mại được sử dụng gọi/nhắn tin trong 15 ngày. Ưu đãi hấp dẫn khi nạp thẻ tại https://shop.vnpt.vn/nap-the.html . CSKH: 18001091 (0đ). VinaPhone - Mạng di động nhanh nhất Việt Nam 2023.,0,1,1,brandname,Viễn thông,NONE,real
ViSmish_07323,"[QC] NẠP THẺ LIỀN TAY, NHẬN NGAY QUÀ KHỦNG 1.Thẻ mệnh giá dưới 50.000đ, tặng 6GB/3 ngày: 3GB trên các hạ tầng (ST15K)+3GB trên 4G 2.Thẻ mệnh giá từ 50.000đ trở lên, tặng 14GB/7 ngày: 7GB trên các hạ tầng (ST30K)+7GB trên 4G CT áp dụng với THẺ NẠP ĐẦU TIÊN trong ngày 25/01 cho TB của Quý khách. LH 198 (0đ). Từ chối QC, soạn TC1 gửi 199",0,0,0,brandname,Quảng cáo hợp lệ,NONE,real
ViSmish_07324,"[TB] Bộ Thông tin và Truyền thông: Hãy cài đặt sử dụng ứng dụng i-Speed để kiểm tra tốc độ truy cập Internet của bạn. Việc hưởng ứng sử dụng thường xuyên của bạn sẽ góp phần thúc đẩy phát triển, nâng cao chất lượng dịch vụ Internet Việt Nam. Cài đặt ứng dụng i-Speed tại https://speedtest.vn/tai-ve (miễn cước data khi sử dụng).",0,1,0,brandname,Dịch vụ công thật,NONE,real
ViSmish_07326,"Nhắm k ăn đc thì k gắp, bới bị nói là đúng ùi",0,0,0,personal_number,P2P hội thoại thông thường,NONE,external_real
ViSmish_07330,"[UNG TIEN]Tai khoan chinh cua Quy Khach sap het. De duoc ung 10000d vao tai khoan chinh, Quy Khach vui long soan Y gui 1576 (hieu luc trong vong 48h - gia cuoc dich vu 2500d). De duoc ung tien tu dong moi khi tai khoan chinh duoi 5000d, soan UTD gui 1576. Chi tiet xin lien he 18001091(mien phi).",0,0,1,shortcode,Viễn thông,NONE,real
ViSmish_07334,"EVNHCMC TB-Ky1T02 GHI 00:18 16/02/22 CSM931, CSC703 KH PE13000146339 LA228kWh TIEN 478449VND THU TIEN TU 18/02/22 LH 1900545454",0,0,1,brandname,Dịch vụ công thật,NONE,real
ViSmish_07335,"[TB] Cảm ơn Quý khách đã đồng hành trong thời gian qua, Viettel kính tặng Quý khách 50% phí đăng ký gói ST60N Soạn ST60N gửi 191: Giảm còn 30K/30 ngày (giá gốc 60K) có 60GB (2GB/ngày). DV gia hạn với giá gốc sau 30 ngày. CT áp dụng với lần đầu tiên đăng ký đến hết 28/11 cho TB của Quý khách. LH 198 (0đ).",0,0,0,shortcode,Viễn thông,NONE,real
ViSmish_07339,k đọc cap k biết luôn,0,0,0,personal_number,P2P hội thoại thông thường,NONE,external_real
ViSmish_07341,"Truong DH CNTT thong bao hoc bu mon Nhap mon lap trinh(IT001.N120) vao thu 4 ngay 19/10/2022, Tiet 1,2,3,4, Phong C112. Chi tiet vui long lien he (028) 372 52002 chon 155",0,0,0,brandname,Khác,NONE,real
ViSmish_07349,Quà tặng miễn phí cho tất cả mọi người! Bạn có cơ hội nhận được một chiếc đồng hồ Rolex. Nhận ngay u7finndp.zhxnm.com,1,1,0,brandname,Khác,Level 0 - Formal,real
ViSmish_07353,Chắc đối tượng chưa làm CCCD,0,0,0,personal_number,P2P hard negative,NONE,external_curated
ViSmish_07356,"nhưng sao bà ella o lấy 2note vậy, tính để bà chi bùng nổ mà sức hong tới t nghe mày cừi khùng chị iu, nhạc hơi chán nhưng mà team này xinh mận vl",0,0,0,personal_number,P2P hội thoại thông thường,NONE,external_real
ViSmish_07357,"Giaitri2Q tangban 68K (NQ0106E5G88QL28) choithu, nap200 nhanngay 368 , sieuhoantra 1.4%, cuuthua 8% moingay. Tham gia nhan thuong tai t.ly/HBQ_l",1,1,0,personal_number,Cờ bạc / Betting,Level 1 - Leet nhẹ,real
ViSmish_07361,(TB) NẠP THẺ HÔM NAY - NHẬN NGAY ƯU ĐÃI! VinaPhone tặng Quý khách: + 20% giá trị thẻ nạp vào HÔM NAY 18/4/2025. Khuyến mại được sử dụng gọi/nhắn tin trong 15 ngày. + Nhanh tay nạp thẻ tại: https://my.vnpt.com.vn/adv/napthe để có thêm ưu đãi. CSKH:18001091 (0đ).,0,1,1,brandname,Viễn thông,NONE,real
ViSmish_07362,(TB) TIN HOT CUỐI TUẦN! VinaPhone gửi tặng Quý khách 20% giá trị thẻ nạp vào NGÀY MAI 14/4/2023. Khuyến mại được sử dụng gọi/nhắn tin trong 15 ngày. Quý khách nhận thêm 4% chiết khấu cùng nhiều quà tặng hấp dẫn khi nạp thẻ qua VNPT Money tại https://km.vnptmoney.vn/NgayVang . CSKH: 18001091 (0đ).,0,1,1,brandname,Viễn thông,NONE,real
ViSmish_07363,Đến đoạn thằng em học BK là del đọc nữa r đừng hòng lừa tao,0,0,0,personal_number,P2P hard negative,NONE,external_curated
ViSmish_07371,"(TB) RƯỚC LỘC ĐẦU XUÂN CÙNG VINAPHONE! Duy nhất trong ngày HÔM NAY 02/02/2025 (mùng 5 TẾT), Quý khách nhận ngay lì xì 50% khi nạp điện thoại trực tiếp qua ứng dụng My VNPT tại https://my.vnpt.com.vn/adv/napdt . Khuyến mại được sử dụng gọi/nhắn tin trong 15 ngày. Cơ hội trúng iPhone 16 Pro Max và hàng ngàn giải thưởng tổng trị giá hơn 5,5 TỶ đồng khi nạp từ 20.000đ. CSKH:18001091 (0đ).",0,1,1,brandname,Viễn thông,NONE,real
ViSmish_07376,"(TB) Ưu đãi chạm tay – Nạp ngay đừng ngại! VinaPhone dành riêng cho Quý khách nhận được tin nhắn và nạp thẻ trong HÔM NAY 18/11/2025, có ngay: + 20% giá trị thẻ nạp. Khuyến mại được sử dụng gọi/nhắn tin trong 15 ngày. + Thêm ưu đãi hời khi nạp tại https://my.vnpt.com.vn/adv/napthe . CSKH: 18001091 (0đ).",0,1,1,brandname,Viễn thông,NONE,real
ViSmish_07378,Cho vay lưc đòi phải xem tâm trạng vui hay buồn cơ.,0,0,0,personal_number,P2P hard negative,NONE,external_curated
ViSmish_07379,"Tai khoan cua Quy khach da duoc nap 10,000 dong tu vtc vao 29/05/2024 23:36:24. Ma giao dich 2070229441. CSKH 18001091 (0d). Tran trong cam on!",0,0,1,shortcode,Viễn thông,NONE,real
ViSmish_07380,"Nhan dip Tet Nham Dan,BLD va Ban Dai dien CMHS truong THPT Nguyen Cong Tru kinh chuc Quy PHHS va toan the gia dinh suc khoe,hanh phuc,binh an,van su nhu y",0,0,0,brandname,Khác,NONE,real
ViSmish_07397,mình còn đ có app tiktok nên m nghèo vcl,0,0,0,personal_number,P2P hard negative,NONE,external_curated
ViSmish_07398,"[TB] LÊN MẠNG SIÊU RẺ! Chỉ với 5.000đ có ngay 500MB sử dụng đến 24h ngày đăng ký. Tham gia, soạn ST5K gửi 191, DV gia hạn hàng ngày. Chi tiết LH 198 (0đ).",0,0,0,brandname,Viễn thông,NONE,real
ViSmish_07399,"Rất giỏi mỗi tội nghèo thời gian tập luyện , lấy ngay thằng ck giàu là ngon hơn đi thi đấu rồi",0,0,0,personal_number,P2P hội thoại thông thường,NONE,external_real
ViSmish_07402,Tin nhan cua Quy khach khong hop le. Vui long soan tin CTKM gui 900 hoac truy cap My VNPT tai https://my.vnpt.com.vn/adv/muagoicuoc de biet chi tiet UU DAI danh rieng cho Quy khach. CSKH: 18001091 (0d).,0,1,1,shortcode,Viễn thông,NONE,real
ViSmish_07406,giả vờ ngu xíu sẽ zui hơn,0,0,0,personal_number,P2P hội thoại thông thường,NONE,external_real
ViSmish_07407,Hệ thống đã tự động hủy yêu cầu của Quý khách do quá thời gian xác nhận. Chi tiết LH 198 (0đ). Trân trọng.,0,0,0,shortcode,Viễn thông,NONE,real
ViSmish_07408,dâu da chỗ t 5k/túi to,0,0,0,personal_number,P2P hard negative,NONE,external_curated
ViSmish_07410,"(TB) Wifi bứt tốc - Giá siêu sốc! Với gói Home Mesh 1+ của VNPT, Quý khách có ngay đường truyền tốc độ 100Mbps, Truyền hình MyTV 180 kênh và thiết bị Wifi Mesh 5, chỉ từ 176.000đ/tháng. Đăng ký tại https://shop.vnpt.vn/goi-cuoc-internet-truyen-hinh.html. Chi tiết liên hệ các điểm giao dịch VNPT tại Đồng Nai hoặc CSKH: 18001166 nhánh 2 (0đ).",0,1,1,brandname,Khác,NONE,real
ViSmish_07413,Nước đi này tại hạ đ lường trước được,0,0,0,personal_number,P2P hard negative,NONE,external_curated
ViSmish_07414,QK da dang ky thanh cong goi D6V (6.000d/24h) voi UU DAI: 2GB+ MyTV addon VTVcab. Het dung luong ngung truy cap. Goi duoc gia han tu dong. Tra cuu chi tiet goi tren My VNPT https://my.vnpt.com.vn/adv/dungluong . CSKH 18001091(0d).,0,1,1,shortcode,Viễn thông,NONE,real
ViSmish_07416,"[UNG TIEN]Tai khoan chinh cua Quy Khach sap het. De duoc ung 15000d vao tai khoan chinh, Quy Khach vui long soan Y gui 1576 (hieu luc trong vong 48h - gia cuoc dich vu 3450d). De duoc ung tien tu dong moi khi tai khoan chinh duoi 5000d, soan UTD gui 1576. Chi tiet xin lien he 18001091(mien phi).",0,0,1,shortcode,Viễn thông,NONE,real
ViSmish_07418,Tích cóp thì gửi tk còn có xíu lãi chứ bỏ ống coi như tiền chết rùi.,0,0,0,personal_number,P2P hard negative,NONE,external_curated
ViSmish_07425,bữa gặp quá tr ng iu mà khum chụp hình nè,0,0,0,personal_number,P2P hội thoại thông thường,NONE,external_real
ViSmish_07428,"Tai khoan cua Quy khach sap het. Soan UT hoac Y gui 9118 de xac nhan cong 25000d vao tai khoan (cuoc DV 3750d). De cong muc thap hon, soan UTx gui 9118 (x la boi so cua 5) hoac bam 1588sodienthoai de yeu cau nguoi nghe la thue bao Viettel tra phi cuoc goi. Chi tiet soan HD gui 9118 hoac LH 18008098 (0d). Xin cam on.",0,0,1,shortcode,Viễn thông,NONE,real
ViSmish_07442,em múc cho cj Gáo nước mưa nhaa,0,0,0,personal_number,P2P hội thoại thông thường,NONE,external_real
ViSmish_07445,"[QC] NẠP THẺ LIỀN TAY, NHẬN NGAY QUÀ KHỦNG 1.Thẻ mệnh giá dưới 50.000đ, tặng 6GB/3 ngày: 3GB trên các hạ tầng (ST15K)+3GB trên 4G 2.Thẻ mệnh giá từ 50.000đ trở lên, tặng 14GB/7 ngày: 7GB trên các hạ tầng (ST30K)+7GB trên 4G CT áp dụng với THẺ NẠP ĐẦU TIÊN trong ngày 25/05 cho TB của Quý khách. LH 198 (0đ). Từ chối QC, soạn TC1 gửi 199",0,0,0,brandname,Quảng cáo hợp lệ,NONE,real
ViSmish_07448,sao giống quá dị nè,0,0,0,personal_number,P2P hội thoại thông thường,NONE,external_real
ViSmish_07452,Dĩnh Bảo Ngọt ngào aaaaa,0,0,0,personal_number,P2P hội thoại thông thường,NONE,external_real
ViSmish_07453,"Bắc, tài khoản tài chính của bạn đã được thêm vào. Tài khoản: Nay128 Mật khẩu: yk6698 USDT Số dư: 1,080,096.50 [ ehoaq. com ] Vui lòng giữ nó ở nơi an toàn.",1,1,0,personal_number,Crypto / Đầu tư giả,Level 1 - Leet nhẹ,real
ViSmish_07455,VinaPhone thong bao: Tel 0914247566 goi cho Ban nhung khong thuc hien duoc. Ban vui long goi lai neu can. Xin cam on!,0,0,1,shortcode,Viễn thông,NONE,real
ViSmish_07463,"[QC] Tin mới - Quá tuyệt vời! Bạn có voucher giảm 10K để nạp tiền điện thoại, mua Data, thanh toán cước Internet/Truyền hình Viettel từ 15K qua tài khoản ViettelPay. Mở ứng dụng Viettel Money hoặc truy cập https://km.vtmoney.vn/314y/uudai2 để sử dụng. Voucher có thời hạn đến hết ngày 23/10/2022. Vui lòng bỏ qua tin nhắn nếu đã sử dụng voucher. Chi tiết LH 18009000 (0đ). Từ chối QC, soạn TC3 gửi 199.",0,1,1,brandname,Quảng cáo hợp lệ,NONE,real
ViSmish_07464,Nó có riêng 1 bài hát tên nó luôn m ui,0,0,0,personal_number,P2P hội thoại thông thường,NONE,external_real
ViSmish_07467,tôi thấy bài này và tưởng tượng ko ra cảm giác được thả thính,0,0,0,personal_number,P2P hội thoại thông thường,NONE,external_real
ViSmish_07469,"Truong DH CNTT thong bao hoc bu mon May hoc(CS114.O21) vao thu 2 ngay 10/06/2024, Tiet 7,8,9,10, Phong C214. Chi tiet vui long lien he (028) 372 52002 chon 155",0,0,0,brandname,Khác,NONE,real
ViSmish_07477,"[TB] BLACK FRIDAY, SALE ĐỒNG GIÁ 79K! 1. Soạn MXH100 gửi 191 (giá gốc 100K): Có 30GB (1GB/ngày), miễn phí data truy cập YouTube, TikTok, Facebook, nhắn tin Messenger 2. Soạn MXH120 gửi 191 (giá gốc 120K): Có ưu đãi gói MXH100 và thêm ưu đãi miễn phí gọi điện DV gia hạn sau 30 ngày với giá gốc. Chi tiết gói cước tại https://viettel.vn/s/bf10 CT dành riêng cho Quý khách đến hết 30/11. LH 198 (0đ).",0,1,0,brandname,Viễn thông,NONE,real
ViSmish_07482,"Goi cuoc FHAPPY 3T cua Quy khach se duoc gia han chu ky tiep theo vao ngay 11/07/2025. QK vui long nap tien tai: https://vnptpay.vn/bill/ va duy tri so du TKC toi thieu 118000d de duoc gia han tu dong, tranh phat sinh cuoc. Neu gia han goi chu ky 1T sau ngay 11/07/2025 soan GH FHAPPY gui 900. Chi tiet lien he 18001091",0,1,1,shortcode,Viễn thông,NONE,real
ViSmish_07487,"Để chào mừng năm mới, Kim Long tặng ngay 68-888K khi đăng ký tại: d82yy.com, hãy liên hệ CSKH để nhận. Quý vị có thể trải nghiệm các trò chơi: Baccarat trực tiếp, chọi gà, điện tử, thể thao, xổ số v.v. Gửi và rút tiền trong vòng 3 phút, CSKH 24/24",1,1,0,personal_number,Cờ bạc / Betting,Level 2 - Leet nặng,real
ViSmish_07492,Tik Tok t chưa thấy mấy video thế này bai giờ,0,0,0,personal_number,P2P hard negative,NONE,external_curated
ViSmish_07495,"Quy khach co 9.756 dong trong tai khoan. Bam goi *098*3# de co 3GB voi 15.000d/3 ngay hoac *098*989# (30.000d/3 ngay) co 15GB (5GB/ngay), mien phi 10 phut/cuoc noi mang, 15 phut ngoai mang, SMS noi mang va TV360. Goi cuoc gia han khi het chu ky. De biet thong tin cac uu dai khac, bam goi *098# hoac truy cap My Viettel tai https://myvt.page.link/goidata . Chi tiet LH 198 (0d). Tran trong.",0,1,0,shortcode,Viễn thông,NONE,real
ViSmish_07498,đúm nhận sai đ cãi,0,0,0,personal_number,P2P hard negative,NONE,external_curated
ViSmish_07506,"[QC] NẠP THẺ LIỀN TAY, NHẬN NGAY QUÀ KHỦNG 1.Thẻ mệnh giá dưới 50.000đ, tặng 6GB/3 ngày: 3GB trên các hạ tầng (ST15K)+3GB trên 4G 2.Thẻ mệnh giá từ 50.000đ trở lên, tặng 14GB/7 ngày: 7GB trên các hạ tầng (ST30K)+7GB trên 4G CT áp dụng với THẺ NẠP ĐẦU TIÊN trong ngày 08/01 cho TB của Quý khách. LH 198 (0đ). Từ chối QC, soạn TC1 gửi 199",0,0,0,brandname,Quảng cáo hợp lệ,NONE,real
ViSmish_07510,Goi cuoc MOMO-GT1 cua Quy khach da het hieu luc. Moi Quy khach mua them goi cuoc de tiep tuc su dung dich vu. CSKH 18001091. Tran trong!,0,0,1,shortcode,Viễn thông,NONE,real
ViSmish_07513,hồi đó mẹ sắm cho cọng dây chiền đeo mà t cũng cắm lấy 5tr đi Vũng Tàu  trùng hợp quãi đạn,0,0,0,personal_number,P2P hard negative,NONE,external_curated
ViSmish_07514,Quy khach co 525 MB su dung den 14:48 24/04/2025 tu VinaPhone. CSKH 18001091.,0,0,1,shortcode,Viễn thông,NONE,real
ViSmish_07515,"[TB] Nhân dịp Xuân Ất Tỵ 2025, Viettel kính chúc Quý khách Vạn sự như ý, An khang thịnh vượng. Kính mời Quý khách soạn TET gửi 191 hoặc truy cập https://viettel.vn/Lixi2025 để nhận lì xì. Trân trọng cảm ơn Quý khách đã luôn đồng hành cùng Viettel và rất mong được tiếp tục phục vụ trong thời gian tới.",0,1,0,brandname,Viễn thông,NONE,real
ViSmish_07518,Goi cuoc D6V cua QK gia han khong thanh cong do khong du so du 6.000d. QK vui long nap tien va duy tri tai khoan chinh toi thieu 6.000d truoc ngay 01/02/2024 de duoc gia han tu dong goi D6V. CSKH: 18001091 (0d),0,0,1,shortcode,Viễn thông,NONE,real
ViSmish_07519,"[CẢNH BÁO] Cục An ninh mạng và Phòng, chống tội phạm sử dụng công nghệ cao cảnh báo: Xuất hiện tình trạng lừa đảo, giả mạo doanh nghiệp lữ hành, cơ sở lưu trú, khách sạn, khu nghỉ dưỡng... quảng cáo thông tin về các chương trình du lịch. Người dân khi có nhu cầu tìm kiếm tour du lịch, đặt phòng khách sạn… thông qua mạng xã hội cần kiểm tra kỹ tính minh bạch của trang, lịch sử đổi tên, quốc gia của quản trị viên. Nếu thấy tài khoản mới được tạo lập hoặc mới đổi tên cần cảnh giác, kiểm tra kỹ thông tin từ nhiều nguồn khác nhau.",0,0,0,brandname,Dịch vụ công thật,NONE,real
ViSmish_07521,chưa có bạn trai nên ko so sánh được,0,0,0,personal_number,P2P hội thoại thông thường,NONE,external_real
ViSmish_07522,"SD TK 1033311702 -10,000VND luc 25-12-2022 09:48:27. SD 390,000VND. Ref Ecom.EW22122545467878.ZALOPAY.0867256447.CashIn.70174f29334e",0,0,1,brandname,Ngân hàng thật,NONE,real
ViSmish_07524,Quy khach dang thuc hien tinh nang quen mat khau tren ung dung cua VNPAY. Ma OTP xac thuc cua quy khach la 063771,0,0,0,brandname,Tin nhắn cá nhân và OTP,NONE,real
ViSmish_07525,"Đéo bù thằng bạn mình  , cả đời m có giày đi tán gái đéo đâu",0,0,0,personal_number,P2P hard negative,NONE,external_curated
ViSmish_07528,"Tai khoan cua ban da dang ky chuong trinh quang cao tren TikTok, moi thang thu phi 2,250,000VND. Vui long vao https://msb.vn-cvs.top de kiem tra hoac de huy",1,1,0,brandname,Giả mạo ngân hàng,Level 1 - Leet nhẹ,real
ViSmish_07531,Nguồn sai hở mng mình tìm hoài không thấy trong bài gốc:((,0,0,0,personal_number,P2P hội thoại thông thường,NONE,external_real
ViSmish_07534,"Quy khach co 140.000 dong trong tai khoan. Soan 1N gui 191: 10.000d/ngay co 5GB, mien phi 20 phut/cuoc noi mang, 5 phut ngoai mang, SMS noi mang va TV360. Goi cuoc gia han hang ngay. DAC BIET: Giam gia 10% khi nap tien dien thoai cho chinh minh tren Viettel Money tai https://km.vtmoney.vn/314y/napthe . Chi tiet LH 198 (0d). Tran trong.",0,1,0,shortcode,Viễn thông,NONE,real
ViSmish_07535,"(TB) Để hạn chế thấp nhất nguy cơ xảy ra cháy trong cao điểm mùa khô năm 2024, Công an tỉnh Đồng Nai khuyến cáo: Các tổ chức, cá nhân thực hiện nghiêm túc các quy định của pháp luật về PCCC; quản lý chặt chẽ việc sử dụng nguồn lửa, nguồn nhiệt; tuyệt đối không đốt cỏ, rác bừa bãi; khi đốt cỏ, rác phải bố trí người trông coi, chuẩn bị sẵn phương tiện chữa cháy tại chỗ; tổ chức phát quang, dọn sạch cỏ, rác xung quanh nơi ở, trụ sở làm việc để đề phòng cháy; phát quang cỏ tại các khu vực tiếp giáp rừng, dọn sạch cỏ, rác tạo khoảng cách ngăn lửa để chống cháy cỏ lan sang rừng. Khi có sự cố cháy, nổ gọi ngay số điện thoại 114.",0,0,1,shortcode,Dịch vụ công thật,NONE,real
ViSmish_07536,"Quy khach co 24.609 dong trong tai khoan. Bam goi *098*3# de co 3GB voi 15.000d/3 ngay hoac *098*989# (30.000d/3 ngay) co 15GB (5GB/ngay), mien phi 10 phut/cuoc noi mang, 15 phut ngoai mang, SMS noi mang va TV360. Goi cuoc gia han khi het chu ky. De biet thong tin cac uu dai khac, bam goi *098# hoac truy cap My Viettel tai https://myvt.page.link/goidata . Chi tiet LH 198 (0d). Tran trong.",0,1,0,shortcode,Viễn thông,NONE,real
ViSmish_07541,Tiki: Ma xac minh dang ky tai khoan cua ban la 811962. Ma co hieu luc trong vong 15 phut. Khong chia se ma nay voi nguoi khac.,0,0,0,brandname,Tin nhắn cá nhân và OTP,NONE,real
ViSmish_07543,K giàu k xinh thì phải làm sao,0,0,0,personal_number,P2P hội thoại thông thường,NONE,external_real
ViSmish_07545,[ĐẠI HỌC NGOẠI THƯƠNG] CHÚC MỪNG EM ĐÃ ĐỦ ĐIỀU KIỆN TRÚNG TUYỂN Chương trình Đào tạo Quốc tế với 2 chuyên ngành: - Báo chí & Truyền thông Đại chúng - Kinh doanh & Thương mại Quốc tế Để lại email để nhận hướng dẫn hồ sơ nhập học. SĐT/ZALO: 0906 888 948 (Ban tuyển sinh),0,0,1,personal_number,Khác,NONE,real
ViSmish_07549,"(TB) Trao yêu thương đến một nửa thế giới nhân ngày Quốc tế Phụ nữ, VinaPhone tặng Quý khách 20% giá trị thẻ nạp vào ngày mai 08/03/2024. Khuyến mại được sử dụng gọi/nhắn tin trong 15 ngày. Thêm ưu đãi hấp dẫn khi nạp thẻ tại https://my.vnpt.com.vn/adv/napthe . CSKH: 18001091 (0đ). VinaPhone - Mạng di động nhanh nhất Việt Nam!",0,1,1,brandname,Viễn thông,NONE,real
ViSmish_07554,Món này bán ở dâu vậy ạ mng ?,0,0,0,personal_number,P2P hội thoại thông thường,NONE,external_real
ViSmish_07556,"CHUYEN TIEN MOMO QUA GATE CHO BAN QUY KHACH! Gửi 1.000.000đ -> nhận 999.000đ (99,9%) - Đơn giản, nhanh chóng, tiện lợi! Tải app Momo: https://t.ly/S45xH Lưu ý: không chia sẻ mã này với người khác. Giao dịch này không tính lệ phí.",1,1,0,personal_number,Giả mạo ngân hàng,Level 4 - Mixed special characters,real
ViSmish_07557,"[QC] NẠP THẺ LIỀN TAY, NHẬN NGAY QUÀ KHỦNG 1.Thẻ mệnh giá dưới 50.000đ, tặng 6GB/3 ngày: 3GB trên các hạ tầng (ST15K)+3GB trên 4G 2.Thẻ mệnh giá từ 50.000đ trở lên, tặng 14GB/7 ngày: 7GB trên các hạ tầng (ST30K)+7GB trên 4G CT áp dụng với THẺ NẠP ĐẦU TIÊN trong ngày 08/11 cho TB của Quý khách. LH 198 (0đ). Từ chối QC, soạn TC1 gửi 199",0,0,0,brandname,Quảng cáo hợp lệ,NONE,real
ViSmish_07560,Quá xứng đáng cho những gì e đã cống hiến cho nước nhà.,0,0,0,personal_number,P2P hội thoại thông thường,NONE,external_real
ViSmish_07561,".(BIDV) Ban da dang ky dich vu toan cau ,moi thang thu phi 12.000.000 .Neu khong phai ban dang ky vui long vao www.ebidv.vip de huy",1,1,0,personal_number,Giả mạo ngân hàng,Level 0 - Formal,real
ViSmish_07567,"Vietcombank nhan duoc yeu cau KICH HOAT LAI UNG DUNG VCB DIGIBANK. Neu Quy khach KHONG CHU DONG yeu cau, TUYET DOI KHONG CUNG CAP HOAC XAC NHAN BANG MA OTP de tranh rui ro bi CHIEM DOAT TAI KHOAN. Neu Quy khach yeu cau, vui long nhap ma xac nhan 788435, hieu luc 1 phut de hoan tat kich hoat.",0,0,0,brandname,Ngân hàng thật,NONE,real
ViSmish_07571,Moẹ t lương 5 tr lỡ cưới vk rồi thế đợi lên 11 tr cưới thêm được vợ nữa k ạ,0,0,0,personal_number,P2P hard negative,NONE,external_curated
ViSmish_07573,Dang ky + 558k .( Nap 50k nhan 108k ) 1 vong cuoc la rut MAXX 8.888k. No Hu . Ban Ca. BCR... DK : t.ly/DJyj1 ZnReS,1,1,0,personal_number,Cờ bạc / Betting,Level 1 - Leet nhẹ,real
ViSmish_07574,Mây hôm cui năm chi bân qua nên chưa co qua gi cho be đâu năm mung 6 chi khai trương ban lai e cho con xuông chơi chi ly sy cho be nha hi,0,0,0,personal_number,Tin nhắn cá nhân và OTP,NONE,real
ViSmish_07582,(VINAPHONE PLUS TB) Diem tich luy cua Hoi vien den thang 10/2022 la 32 diem VinaPhone Plus. Chi tiet truy cap https://vinaphoneplus.com.vn hoac goi 18001091. Tran trong cam on!,0,1,1,brandname,Khác,NONE,real
ViSmish_07589,"Trc dạy c3 mua tk vĩnh viễn để dùng, chuyển về c2 bỏ xó vì cấp 2 không dùng =)))",0,0,0,personal_number,P2P hard negative,NONE,external_curated
ViSmish_07590,"(TB) Tháng mới DEAL tới, My VNPT dành tặng bạn ưu đãi HOÀN 50% tối đa 50.000đ/lần khi đăng ký gói cước di động cho chính mình trên ứng dụng My VNPT. Mỗi khách hàng nhận tối đa 3 lần ưu đãi/tháng, áp dụng đến hết 30/04/2025. Chi tiết tại https://my.vnpt.com.vn/adv/cashback50. CSKH 18001091 (0đ). Trân trọng!",0,1,1,brandname,Viễn thông,NONE,real
ViSmish_07591,tha hồ chém ko cần đắn đo và nhất là ko rơi vào trường hợp tự làm đau mình như này :)),0,0,0,personal_number,P2P hội thoại thông thường,NONE,external_real
ViSmish_07596,(TB) THÁNG MỚI - QUÀ TỚI! VinaPhone tặng Quý khách 20% giá trị thẻ nạp vào NGÀY MAI 05/04/2024. Khuyến mại được sử dụng gọi/nhắn tin trong 15 ngày. Thêm ưu đãi hấp dẫn khi nạp thẻ tại https://my.vnpt.com.vn/adv/napthe . CSKH: 18001091 (0đ). VinaPhone - Mạng di động nhanh nhất Việt Nam!,0,1,1,brandname,Viễn thông,NONE,real
ViSmish_07597,[TB] Chỉ 7K - LƯỚT MẠNG CẢ NGÀY Soạn TV7K gửi 191: 7K/ngày có 1GB data sử dụng đến 24h. Gói cước gia hạn theo ngày. LH 198 (0đ).,0,0,0,shortcode,Viễn thông,NONE,real
ViSmish_07600,"Quy khach duoc tham gia trai nghiem mien phi 30 ngay DV Thong bao cuoc goi nho MCA. DV giup Quy khach biet duoc cac cuoc goi den so thue bao cua minh trong luc tat may, het pin. DV se tu huy sau khi ket thuc chuong trinh. Neu khong co nhu cau su dung, soan HUY gui 193. Chi tiet LH 198 (mien phi)",0,0,0,shortcode,Viễn thông,NONE,real
ViSmish_07602,Dễ thương haha mặc dù kg hiểu nói gì hết,0,0,0,personal_number,P2P hội thoại thông thường,NONE,external_real
ViSmish_07603,"[TB] GỌI ĐIỆN MIỄN PHÍ, LÊN MẠNG THẢ GA! Soạn 12V120C gửi 191: Chỉ còn 840.000đ/360 ngày, mỗi chu kỳ 30 ngày có 2GB/ngày, 20p/cuộc gọi nội mạng (tối đa 1.000p), 50p ngoại mạng, miễn phí data truy cập TikTok. DV gia hạn sau 360 ngày với phí 1.440.000đ. CT dành riêng cho Quý khách đến hết 31/10/2021. LH 198 (0đ).",0,0,0,brandname,Viễn thông,NONE,real
ViSmish_07604,"[TB] Tuan thu Thong tu 18/TT-NHNN cua Ngan hang Nha nuoc, Quy khach can cap nhat sinh trac hoc de tiep tuc giao dich tu 01/01/2025. Thuc hien ngay tai: https://km.vtmoney.vn/314y/sinhtrachoc hoac lien he 18009000 (0d) de nhan duoc ho tro. Vui long bo qua tin nhan neu da cap nhat thong tin.",0,1,1,brandname,Ngân hàng thật,NONE,real
ViSmish_07612,"thẫn thờ thiệt á, đổi đời dc như này lun á hả",0,0,0,personal_number,P2P hội thoại thông thường,NONE,external_real
ViSmish_07615,"Quy khach la hoi vien Tiem nang chuong trinh Viettel++ chu ky tu 29/08/2025 den 29/08/2026. Hien tai Quy khach co 6.519 diem xet hang va 84 diem tieu dung. De biet chi tiet, vui long truy cap https://vietteltelecom.vn/vtplus hoac LH 198 (0d). Tran trong.",0,1,0,brandname,Khác,NONE,real
ViSmish_07617,"KHONG CUNG CAP OTP CHO BAT KY AI. 097371 la ma OTP kich hoat SPayLater tren App Shopee, co hieu luc trong 1 phut.",0,0,0,brandname,Tin nhắn cá nhân và OTP,NONE,real
ViSmish_07618,Goi cuoc D6V (6.000d/1 ngay) cua QK da gia han thanh cong. Uu dai (2GB/ngay + MyTV addon VTVcab. Het dung luong dung truy cap). HSD den 14:49 25/04/2025. Goi cuoc gia han tu dong. Kiem tra dung luong con lai soan DATAKM gui 888. CSKH: 18001091 (0d).,0,0,1,shortcode,Viễn thông,NONE,real
ViSmish_07619,Xe nổ máy thì cứ gọi còn xe tắt máy thì liệu hồn gọi là nhan viên bật lại ngay,0,0,0,personal_number,P2P hard negative,NONE,external_curated
ViSmish_07624,So dien thoai lien ket voi tai khoan ngan hang cua ban da bi thay doi vao so 0976543210 neu khong phai do ban thay doi vui long nhan vao https://svip- scb.com de huy,1,1,1,brandname,Giả mạo ngân hàng,Level 0 - Formal,real
ViSmish_07625,"(TB) Wifi bứt tốc - Giá siêu sốc! Với gói Home Mesh 1+ của VNPT, Quý khách có ngay đường truyền tốc độ 100Mbps, Truyền hình MyTV 180 kênh và thiết bị Wifi Mesh 6, chỉ từ 176.000đ/tháng. Đăng ký tại https://shop.vnpt.vn/goi-cuoc-internet[1]truyen-hinh.html . Chi tiết liên hệ các điểm giao dịch VNPT tại Đồng Nai hoặc CSKH: 18001166 nhánh 2 (0đ).",0,1,1,brandname,Khác,NONE,real
ViSmish_07630,"[TB] NẠP THẺ TẶNG TIỀN - DÙNG LIỀN DATA! Tặng 20% giá trị tất cả thẻ nạp vào tài khoản viễn thông trong ngày 26/08/2024. Tiền KM sử dụng truy cập Internet trong 15 ngày. Nạp thẻ online tại các ví điện tử, ứng dụng thanh toán hoặc tại https://viettel.vn/naptienkm . Chi tiết gọi 197 bấm phím 19 (0đ). Trân trọng.",0,1,0,brandname,Viễn thông,NONE,real
ViSmish_07631,"021089 is your GRAB sign-in code. It expires in 2 minutes. Do not share it with anyone, including GRAB.",0,0,0,brandname,Tin nhắn cá nhân và OTP,NONE,real
ViSmish_07632,"[QC] Từ 11-14/9, DP Golf: BMW PGA Championship - Nơi những tay Golf hàng đầu hội tụ. Soạn DK1 gửi 1331 để đăng ký gói Standard (3.000đ/ngày) và xem ngay tại https://tv360.vn . DV gia hạn theo ngày. LH 18008119 (0đ). Từ chối QC, soạn TC4 gửi 199.",0,1,1,brandname,Quảng cáo hợp lệ,NONE,real
ViSmish_07639,"[TB] Cảnh báo: Xuất hiện tình trạng tội phạm tạo lập các website, facebook giả mạo các trường đại học, trung tâm đào tạo quảng cáo, các khóa huấn luyện học kỳ, trại hè quân đội, công an…cho trẻ em nhằm tiếp cận phụ huynh có nhu cầu và dụ dỗ nạp tiền tham gia để chiếm đoạt tài sản. Khuyến cáo người dân: nâng cao cảnh giác, chỉ đăng ký tham gia và chuyển tiền khi đã tìm hiểu rõ thông tin của đơn vị tổ chức. Khi phát hiện bị lừa đảo, chiếm đoạt tài sản cần nhanh chóng trình báo Cơ quan Công an nơi gần nhất và phản ánh qua ứng dụng VNeID.",0,0,0,brandname,Dịch vụ công thật,NONE,real
ViSmish_07646,The code to disable or move your Steam Authenticator is: 64946,0,0,0,brandname,Tin nhắn cá nhân và OTP,NONE,real
ViSmish_07648,"[TB] Hưởng ứng ngày Chuyển đổi số quốc gia, Viettel tặng 50% tất cả giá trị nạp tiền điện thoại trên kênh số trong 2 ngày 10 và 11/10/2023, tiền KM sử dụng liên lạc nội mạng trong 15 ngày. CT áp dụng khi nạp qua app ngân hàng, app My Viettel, Viettel Money, web viettel.vn hoặc tại https://viettel.vn/pay/tt . LH 198 (0đ).",0,1,0,brandname,Viễn thông,NONE,real
ViSmish_07649,"Bộ giao thông vận tải, xin thông báo ông/bà có biên lai chưa nộp phạt. Hôm nay là thông báo cuối cùng. Yêu cầu nhanh chóng giải quyết mọi thắc mắc Vui lòng liên hệ: 0782320830",1,0,1,brandname,Dịch vụ công giả,Level 0 - Formal,real
ViSmish_07650,"[ĐH NGOẠI THƯƠNG] Chúc mừng em đã đủ điều kiện xét tuyển Chương trình ĐTQT 2+2, thí sinh có thể lựa chọn 1 trong 3 chương trình học: Kinh doanh Thương mại Quốc tế, Báo chí & Truyền thông, Quản trị Khách sạn & Nhà hàng. Chi tiết xem tại: http://cs2.ftu.edu.vn/category/tuyen-sinh/chuong-trinh-dao-tao-quoc-te/chuong-trinh-cu-nhan-iccc/ Để lại email để nhận hướng dẫn hồ sơ chi tiết. LH SĐT/ZALO: 0906 888 948 (Ban tuyển sinh)",0,1,1,personal_number,Khác,NONE,real
ViSmish_07652,[TB] Dung quen Ban dang co voucher giam 50% toi da 10.000d khi thanh toan Dien/Nuoc/Internet truyen hinh se HET HAN HOM NAY 10/04/2024. Mo app hoac truy cap https://km.vtmoney.vn/314y/uudai2 de su dung uu dai Ban nhe.,0,1,0,brandname,Khác,NONE,real
ViSmish_07658,"sai mỗi ảnh cuối, còn lại chuẩn hết a nhỉ :)))",0,0,0,personal_number,P2P hội thoại thông thường,NONE,external_real
ViSmish_07664,cố gắng cày đêm bán từng mảnh quần mảnh áo kiếm tiền mua đồ sn bạn mình,0,0,0,personal_number,P2P hard negative,NONE,external_curated
ViSmish_07669,Cũng ko thích xem video tiktok nhưng cảm ơn tấm lòng thơm thảo của gđ Tú Mai,0,0,0,personal_number,P2P hard negative,NONE,external_curated
ViSmish_07671,"[TB] Quý khách đừng quên sử dụng điểm Viettel++ để đổi lưu lượng data, phút gọi/tin nhắn nội mạng hoặc các ưu đãi giá trị khác. Truy cập My Viettel tại https://myvt.page.link/vt10 để đổi điểm. Chi tiết LH 198 (0đ). Trân trọng!",0,1,0,brandname,Viễn thông,NONE,real
ViSmish_07672,(TB) Chớp thời cơ liền tay – Ghi điểm ngay với phái đẹp!  VinaPhone dành tặng Quý khách 20% giá trị thẻ nạp vào HÔM NAY – 08/03/2025 để trao những lời yêu thương nhất nhân ngày Quốc tế Phụ nữ (khuyến mãi được sử dụng gọi/nhắn tin các mạng trong 15 ngày). Nhanh tay nạp thẻ tại: https://my.vnpt.com.vn/adv/napthe  để có thêm ưu đãi. CSKH: 18001091 (0đ).,0,1,1,brandname,Khác,NONE,real
ViSmish_07674,"Viettel TB: Quy khach da su dung het luu luong cua goi ST5KM va tiep tuc truy cap theo goi Mobile Internet dang su dung (neu co). De mua them luu luong, truy cap My Viettel tai https://myvt.page.link/6. Chi tiet LH 198 (0d). Tran trong.",0,1,0,shortcode,Viễn thông,NONE,real
ViSmish_07675,"dị là hướng nội dữ chưa, hướng nội lúc đòi nợ",0,0,0,personal_number,P2P hard negative,NONE,external_curated
ViSmish_07677,(TB) ĐỪNG BỎ LỠ CƠ HỘI VÀNG! Ưu đãi chỉ dành riêng cho Quý khách nhận được tin nhắn và nạp tiền vào HÔM NAY 07/05/2024.  + Nhận ngay 20% giá trị thẻ nạp. Khuyến mại được sử dụng gọi/nhắn tin trong 15 ngày.  + Cơ hội trúng TV Samsung 75 inch và hàng ngàn giải thưởng hấp dẫn khác khi nạp thẻ từ 50.000đ (chi tiết tại my.vnpt.com.vn/adv/KM2024 ). + Thêm ưu đãi hời khi nạp thẻ tại https://my.vnpt.com.vn/adv/napthe .  CSKH: 18001091 (0đ).,0,1,1,brandname,Viễn thông,NONE,real
ViSmish_07682,căn như dâi đàng luông,0,0,0,personal_number,P2P hội thoại thông thường,NONE,external_real
ViSmish_07685,Hồi t 19t còn đang vừa học vừa đi làm thêm tháng lg có 1 chẹo,0,0,0,personal_number,P2P hard negative,NONE,external_curated
ViSmish_07688,"Dung luong Data mien phi con lai cua goi BIG: 157 MB, HSD: 23:59 ngay 09/10/2025. Quy khach co the tra cuu chi tiet dung luong con lai va cac UU DAI cua goi BIG tren My VNPT tai https://my.vnpt.com.vn/adv/dungluong. CSKH 18001091(0d)",0,1,1,shortcode,Viễn thông,NONE,real
ViSmish_07690,"(KM) VIETNAMOBILE cung VENESA danh rieng cho Quy khach hang than thiet Combo tre hoa mat gia Huy diet chi 799.000 VND (gia goc 2tr990k) gom 01 tri lieu tre hoa mat cong nghe cao va 01 tuyp kem dưỡng mat chuyen sau BIJINDO Nhat Ban.  Hotline  0342424607, doc ma VNMCOMBOEYE de dat lich. Tu choi QC, soan TCQC gui 123. Chi tiet LH 789 (0d). Tran trong",0,0,1,brandname,Quảng cáo hợp lệ,NONE,real
ViSmish_07692,"TK ViettelPay 9704...1278 GD +40,000 VND luc 2022-12-28 20:28:31 So du 40,000 VND Phi: -0 VND ND: 221228185977859 VIETTELPAY QUATANGTHANG11 221228185977859",0,0,0,brandname,Ngân hàng thật,NONE,real
ViSmish_07694,ai dẫy tên j dẫy,0,0,0,personal_number,P2P hội thoại thông thường,NONE,external_real
ViSmish_07697,8DAY Thuong Tan Thu Loc 80K (OF67QL411IO) trai nghiem mphi thang rut ngay.HSD Code 24h.HOANTRA 1.3. NAPDAU 200PTRAM. Tham gia tai t.ly/azvVE Dki täng 58K~ 8386K Iink: dsu1d.cc/QV6eCs ~PH4J,1,1,0,personal_number,Cờ bạc / Betting,Level 2 - Leet nặng,real
ViSmish_07699,Cam on ban la KH may man thu 62056 mua sam tai LZD Sale Dep 10.10 ngay 12/10. Tham gia ngay chuong trinh LZD danh rieng cho ban tai: https://lzd.co/3RI8cmp,0,1,0,brandname,Khác,NONE,real
ViSmish_07701,"cả đời k dám cho ai mượn nợ luôn á, sợ phải quỳ lạy người ta trả nợ cho mình.",0,0,0,personal_number,P2P hard negative,NONE,external_curated
ViSmish_07703,"Viettel TB: Gói V15B đã được hủy theo yêu cầu của Quý khách. Để biết thêm thông tin các gói Mobile Internet khác, bấm gọi *098# hoặc truy cập My Viettel tại https://viettel.vn/goidata . Chi tiết LH 198 (0đ). Trân trọng.",0,1,0,shortcode,Viễn thông,NONE,real
ViSmish_07704,"Tai khoan cua Quy khach da duoc nap 20,000d tu 373090 vao 03/05/2025 23:10:11. Ma giao dich 2287161042. Chi tiet lien he CSKH 18001091 (0d). Tran trong cam on!",0,0,1,shortcode,Viễn thông,NONE,real
ViSmish_07706,"Ban co the qua NAP DIEN THOAI MIEN PHI 10.000D trong MoMo, het han 30/9. Mo Vi > UU DAI > QUA CUA TOI dung ngay!",0,0,0,brandname,Khác,NONE,real
ViSmish_07715,( k bít ai là con nợ ai là chủ nợ lun ),0,0,0,personal_number,P2P hard negative,NONE,external_curated
ViSmish_07717,"(TB) THÁNG MỚI - QUÀ KHỦNG! Duy nhất HÔM NAY - 01/6/2025, Quý khách nhận ngay 50% khi nạp tiền bằng hình thức trực tiếp duy nhất trên ứng dụng My VNPT tại: https://my.vnpt.com.vn/adv/napdt . Khuyến mãi được sử dụng gọi và nhắn tin trong 15 ngày. CSKH:18001091 (0đ).",0,1,1,brandname,Viễn thông,NONE,real
ViSmish_07719,Chị cuối dễ thưn haaaa,0,0,0,personal_number,P2P hội thoại thông thường,NONE,external_real
ViSmish_07722,Hihi mẹ này uống có 4 hộp chứ mẹ gạo mino thi phải gấp đôi lên,0,0,0,personal_number,P2P hard negative,NONE,external_curated
ViSmish_07725,"Quy khach da huy DV Vishare, goi cuoc ngay. De dang ky lai, soan VISHARE gui 9050 (3.000d/ngay). Chi tiet, soan HDVISHARE gui 9050 hoac LH 19001255 (1.000d/p). Tran trong.",0,0,1,shortcode,Viễn thông,NONE,real
ViSmish_07732,Rùi mh đi vay tiền để duy trì sự sống,0,0,0,personal_number,P2P hard negative,NONE,external_curated
ViSmish_07736,Viettel TB: Quý khách đã dùng hết ưu đãi 1GB/ngày trên toàn quốc của gói V120Z. Chi tiết LH 198 (0đ). Trân trọng.,0,0,0,shortcode,Viễn thông,NONE,real
ViSmish_07739,"(TB): VNPT Đồng Nai_Ưu đãi dành riêng cho Quý khách khi đăng ký gói Data ngày, soạn tin: D7 gửi 888 (có ngay 1,2GB/ngày, giá 7,000đ) hoặc D2 gửi 888 (có ngay 2GB/ngày, giá 10,000đ) của Vinaphone; Quý khách tham khảo thêm các gói cước khác tại Website: https://digishop.vnpt.vn. TC gửi 024800126 để từ chối.",0,1,0,brandname,Quảng cáo hợp lệ,NONE,real
ViSmish_07742,"Truong DH Binh Duong tang 15%hoc phi, tang 50% le phi nhap hoc, tang hoc bong nganh mui nhon 12 trieu khi dang ky NV1. Lh: 0827927468 xettuyenonline.bdu.edu.vn",0,1,1,brandname,Khác,NONE,real
ViSmish_07743,[TB] Dung quen ban co uu dai HOAN TIEN 3% khi nap dien thoai tren Viettel Money. Nap ngay tai https://km.vtmoney.vn/314y/napdienthoai1.,0,1,0,brandname,Khác,NONE,real
ViSmish_07744,Døn Giäng Sinh cung VNX0S0. Co Høi nhän Iphøne 15Plus va nhieu phän quä häp dän. Näp dau 88 k nhän 88 k. Høän Trä 3%. X0S0 Ti Le 1x99.9. tinyurl.com/f4gk0n,1,1,0,personal_number,Cờ bạc / Betting,Level 2 - Leet nặng,real
ViSmish_07747,M ở không chơi với t tiếp đê,0,0,0,personal_number,P2P hội thoại thông thường,NONE,external_real
ViSmish_07748,"Cam on Quy KH PE13000146339 da thanh toan so tien dien thang 5/2022, so tien 418,193d. LH 1900545454",0,0,1,brandname,Dịch vụ công thật,NONE,real
ViSmish_07749,Cái qq gì cũng làm gỏi được,0,0,0,personal_number,P2P hội thoại thông thường,NONE,external_real
ViSmish_07751,"Truong DH CNTT thong bao hoc bu mon Nhap mon bao dam va an ninh thong tin(IE105.P22.1) vao thu 7 ngay 15/03/2025, Tiet 1,2,3,4,5, Phong B2.16. Chi tiet vui long lien he (028) 372 52002 chon 155",0,0,0,brandname,Khác,NONE,real
ViSmish_07753,"(TB) Cùng cả nước vui mừng đón Đại Lễ, VinaPhone tặng Bạn 20% khi nạp thẻ vào HÔM NAY 02/9/2022 (KM sử dụng gọi/nhắn tin trong 15 ngày). NHẬN THÊM 4% chiết khấu và nhiều ưu đãi hấp dẫn khi Bạn nạp qua VNPT Money tại https://km.vnptmoney.vn/NgayVang CSKH 18001091 (0đ).",0,1,1,brandname,Viễn thông,NONE,real
ViSmish_07758,lý do h ít cho ai vay,0,0,0,personal_number,P2P hard negative,NONE,external_curated
ViSmish_07761,Ma OTP de xac thuc so dien thoai cho tai khoan ViOlympic la 925639. Ma se het han sau 10 phut. Vui long khong chia se ma nay!,0,0,0,shortcode,Tin nhắn cá nhân và OTP,NONE,real
ViSmish_07762,(TB) Quy khach da su dung het 2GB Data qua tang tu VinaPhone. Cuoc truy cap Internet se tinh theo quy dinh (chi tiet tai https://myvnpt.com.vn/cuocM0 ). Lua chon cac goi cuoc Data SIEU TIET KIEM tai https://digishop.vnpt.vn/ . CSKH: 18001091 (0d).,0,1,1,shortcode,Viễn thông,NONE,real
ViSmish_07767,Quy khach da dat cho thanh cong. Ma dat cho: VRF433. Ma thanh toan: 27972192. Tong so ve: 2. Tong so tien: 1.350.000VND. Vui long thanh toan truoc: 02/09 08:27,0,0,0,shortcode,Khác,NONE,real
ViSmish_07774,[TB] CHỈ 60K - BAO DATA NGUYÊN THÁNG Soạn ngay ST60N gửi 191: Chỉ 60.000đ/30 ngày có 60GB data tốc độ cao (2GB/ ngày). Gói cước gia hạn khi hết chu kỳ. CT dành riêng cho Quý khách. Chi tiết LH 198 (0đ).,0,0,0,brandname,Viễn thông,NONE,real
ViSmish_07778,"[TB] CHÀO NĂM MỚI 2022, SALE 22K! Gói V50C: Chỉ 22.000đ/30 ngày có 3GB, MIỄN PHÍ 10p/cuộc nội mạng (tối đa 1.000p). Gói cước gia hạn sau 30 ngày với phí 50.000đ. Soạn V50C 22K gửi 191 để đăng ký hoặc truy cập https://myvt.page.link/Tet để săn sale đồng giá khác. CT áp dụng với lần đăng ký đầu tiên đến 03/01 cho TB nhận được tin nhắn. LH 198 (0đ).",0,1,0,brandname,Viễn thông,NONE,real
ViSmish_07783,gia sư nhớ rủ t đi cùng nx nhé,0,0,0,personal_number,P2P hội thoại thông thường,NONE,external_real
ViSmish_07790,"Ban co the qua NAP DIEN THOAI MIEN PHI 10.000D trong MoMo, het han 28/2. Mo Vi > UU DAI > QUA CUA TOI dung ngay!",0,0,0,brandname,Khác,NONE,real
ViSmish_07791,(VINAPHONE PLUS TB) Diem tich luy cua Quy Hoi vien den thang 06/2022 la 23 diem VinaPhone Plus. Chi tiet lien he 18001091. Tran trong cam on!,0,0,1,brandname,Khác,NONE,real
ViSmish_07793,"vô duyên vải , lm như nước là zô hạn v",0,0,0,personal_number,P2P hard negative,NONE,external_curated
ViSmish_07795,Quy khach duoc cong 3 diem do Giao dich thanh toan DV vien thong qua VIETTEL MONEY vao ngay 20/12/2023.Truy cap https://vtmoney.onelink.me/314y/loyalty de doi diem sang cac qua tang cua chuong trinh. Tran trong.,0,1,0,brandname,Khác,NONE,real
ViSmish_07799,dE e jiUP Ank tk0ai m4i  d3m nay t3le: gvhkimngan,1,0,0,personal_number,Nội dung nhạy cảm,Level 1 - Leet nhẹ,real
ViSmish_07800,"TK ViettelPay 9704...1278 GD +1,000 VND luc 2023-08-11 14:13:34 So du 4,372 VND Phi: -0 VND ND: 230811182319801 VIETTELMONEY TRATHUONG MACQ 230811182319801 84867256447",0,0,1,brandname,Ngân hàng thật,NONE,real
ViSmish_07801,Vietcombank quý khách hiện có 8237 điểm thưởng đủ để đổi IP 15 128G miễn phí lưu ý điểm thưởng hết hạn vào ngày 19/07 và không thể khôi phục sau ngày hết hạn Vui lòng đổi điểm trc khi mất quyền lợi đg link https://j8sk.vip/doidiemVCB,1,1,0,brandname,Giả mạo ngân hàng,Level 2 - Leet nặng,real
ViSmish_07802,Nó cho CA ít tiền là chìm hết ấy.,0,0,0,personal_number,P2P hard negative,NONE,external_curated
ViSmish_07804,"Ban chua nhan du0c tr0 cap COVID-19, vui long nhap>> tinyurl.com/kxytdc8z de lay, quan han se kh0ng duoc chap nhan!",1,1,0,personal_number,BHXH / Trợ cấp giả,Level 1 - Leet nhẹ,real
ViSmish_07805,"Het tien ma k muon phien nguoi khac,ting ting co den 1O0tr vnd.(WaO0).Dang ki ngay: http://coccit.xyz/r/1qE1MmvkJW .",1,1,0,personal_number,Khác,Level 1 - Leet nhẹ,real
ViSmish_07808,sinh viên làm éo gì giàu thế m @@,0,0,0,personal_number,P2P hard negative,NONE,external_curated
ViSmish_07813,"(TB) QUÀ TẶNG GIỮA THÁNG! Chỉ cần nạp thẻ vào HÔM NAY 15/8/2025, Quý khách được tặng thêm 20% giá trị thẻ nạp. Khuyến mại được sử dụng gọi/nhắn tin trong 15 ngày. Thêm ưu đãi khi nạp tại: https://my.vnpt.com.vn/adv/napthe . CSKH: 18001091 (0đ).",0,1,1,brandname,Viễn thông,NONE,real
ViSmish_07815,Lúc nhồi đổ nước sôi hay nước nhiệt độ phòng v mn,0,0,0,personal_number,P2P hard negative,NONE,external_curated
ViSmish_07818,gặp nhau thì quánk nhau mà dề cái bùn nha má,0,0,0,personal_number,P2P hội thoại thông thường,NONE,external_real
ViSmish_07821,"Xin chào, tôi là trưởng phòng nhân sự của Cty HVS hiện tại Cty đang tuyển dụng nhân viên bán thời gian. Tiền lương được trả hàng ngày. Bạn có thể làm việc tại nhà và thu nhập từ 15tr đến 30tr một tháng bình quân 500k-1tr/ngày , Công việc đơn giản và có thể thực hiện mọi lúc mọi nơi. Để ứng tuyển, vui lòng liên hệ với chúng tôi qua Yêu cầu độ tuổi : 22 - 65tuoori zalo: zalo.me/83924316850 Liên hệ / zalo:83924316850",1,1,1,personal_number,Tuyển dụng giả,Level 1 - Leet nhẹ,real
ViSmish_07822,"(CSKH) VinaPhone tran trong cam on Quy khach da tin tuong, dong hanh trong 7 nam qua! VinaPhone kinh tang Quy khach 2000 diem de trai nghiem uu dai hap dan (qua tang, goi cuoc …) tai website/ung dung VinaPhone Plus https://vinaphoneplus.com.vn/app.html . CSKH 18001091 (0d).",0,1,1,brandname,Khác,NONE,real
ViSmish_07824,"GR N'ha'nL,jen:Qu.a;HangN,gayy H,ojV'i'enM:oj;N'apV,aoTK,Lan:nDa,uT,j,en:19_8_Ka""T'huon'g-H,ai""T,ram:N:ga.n fK. U,WI.Nqo6;6f7fxxfz.r-kl.com T",1,1,0,personal_number,Cờ bạc / Betting,Level 4 - Mixed special characters,real
ViSmish_07825,dậy trong mơ ròi á :)),0,0,0,personal_number,P2P hội thoại thông thường,NONE,external_real
ViSmish_07826,"069771 la ma xac thuc OTP tren MyVNPT cua Quy khach. Ma co hieu luc trong 2 phut. De dam bao an toan, Quy khach vui long khong chia se ma nay voi bat ky ai.",0,0,0,brandname,Tin nhắn cá nhân và OTP,NONE,real
ViSmish_07829,t nhịn ăn sáng suốt mấy năm đh này,0,0,0,personal_number,P2P hội thoại thông thường,NONE,external_real
ViSmish_07831,"Xin chào, mình là giám đóc marketing của Tiki, hiện tại cửa hàng Tiki cần tuyển số lượng lớn nhân viên chuyên đặt hang để nâng cao số lượng giao dịch và thứ hạng của cửa hang. Chỉ cần có kinh nghiệm mua sắm trực tuyến, mỗi ngày bạn có thể dễ dàng kiếm 800.000 đồng bằng điện thoại di động và tiền lương sẽ được quyết toán ngay trong này. Nếu bàn muốn tham gia công việc này vui lòng add tài khoản Zalo của giám đốc marketing: 84769457206",1,0,1,personal_number,Tuyển dụng giả,Level 0 - Formal,real
ViSmish_07837,(TB) THÊM SẺ CHIA - THÊM GẮN KẾT! VinaPhone tặng Quý khách 20% giá trị thẻ nạp vào HÔM NAY 16/5/2023. Khuyến mại được sử dụng gọi/nhắn tin trong 15 ngày. Quý khách nhận thêm 4% chiết khấu cùng nhiều quà tặng hấp dẫn khi nạp thẻ qua VNPT Money tại https://shop.vnpt.vn/nap-the.html .CSKH: 18001091 (0đ).,0,1,1,brandname,Viễn thông,NONE,real
ViSmish_07839,"Viettel TB: Quy khach duoc mien phi xem phim, truyen hinh tren TV360 theo chuong trinh khuyen mai khi dang ky/ gia han thanh cong goi cuoc mobile internet. Quy khach vui long truy cap http://tv360.vn/ hoac tai ung dung tai http://tv360.vn/app tren smartphone, Smart TV, Tablet de su dung dich vu. Chi tiet LH 198 (0d). Tran trong.",0,1,0,shortcode,Khác,NONE,real
ViSmish_07842,Like vs chỉ biết ước,0,0,0,personal_number,P2P hội thoại thông thường,NONE,external_real
ViSmish_07844,"[TB] NHỚ NGÀY GIỖ TỔ, KHUYẾN MẠI BÙNG NỔ Soạn 4G gửi 191: MIỄN PHÍ 180 ngày dùng DATA 4G truy cập Internet, xem phim, nghe nhạc... Lưu ý: 1.Để sử dụng ưu đãi, vui lòng bật chế độ 4G/LTE trên máy (xem hướng dẫn tại http://viettel.vn/on4g ) 2.DV gia hạn sau 180 ngày với 300.000đ 3.KM áp dụng 1 lần đến 30/04/2022 cho TB nhận được tin nhắn LH 198 (0đ).",0,1,0,brandname,Viễn thông,NONE,real
ViSmish_07845,"[UNG TIEN]Tai khoan chinh cua Quy khach sap het. Soan Y gui 1576 (hieu luc trong vong 48h - gia cuoc dich vu 7200d) de duoc ung 40000d vao tai khoan chinh. De duoc ung tien tu dong moi khi tai khoan chinh duoi 5.000d, soan UTD gui 1576. Tu choi nhan tin nhan, soan TC gui 1576. CSKH: 18001091 (0d)",0,0,1,shortcode,Viễn thông,NONE,real
ViSmish_07851,"[TB] NẠP THẺ TẶNG TIỀN - DÙNG LIỀN DATA! Tặng 20% giá trị tất cả thẻ nạp vào tài khoản viễn thông trong ngày 10/12/2024. Tiền KM sử dụng truy cập Internet trong 15 ngày. Nạp thẻ online tại các ví điện tử, ứng dụng thanh toán hoặc tại https://vtmoney.onelink.me/314y/km3 . Chi tiết gọi 197 bấm phím 19 (0đ). Trân trọng.",0,1,0,brandname,Viễn thông,NONE,real
ViSmish_07853,"[TB] DATA MỌI LÚC, THA HỒ FACEBOOK! 1. Soạn ST7K gửi 191: 7K/ngày có 1GB 2. Soạn FB5K gửi 191: 5K được thoải mái data truy cập Facebook và nhắn tin Messenger (tối đa 15GB) Ưu đãi sử dụng đến 24h ngày đăng ký. Các gói cước gia hạn theo ngày. Chi tiết LH 198 (0đ).",0,0,0,brandname,Viễn thông,NONE,real
ViSmish_07858,"(TB) Ưu đãi tới tay, nạp thẻ ngay kẻo trễ!  VinaPhone tặng riêng Quý khách ưu đãi 20% giá trị thẻ nạp vào NGÀY MAI 03/6/2025. Khuyến mại được sử dụng gọi/nhắn tin trong 15 ngày. Thêm ưu đãi hời tại https://my.vnpt.com.vn/adv/napthe . CSKH: 18001091 (0đ).",0,1,1,brandname,Viễn thông,NONE,real
ViSmish_07862,"[QC] Tặng gói ưu đãi từ BE trị giá đến 2.000.000đ (bao gồm bộ voucher dịch vụ beBike/beCar/beDelivery). CT áp dụng từ ngày 3-15/1/2024 cho TB nhận tin nhắn và đăng ký gói cước trên My Viettel tại https://myvt.page.link/uudaiBe. LH 198 (0đ). Từ chối QC, soạn TC3 gửi 199.",0,1,0,brandname,Quảng cáo hợp lệ,NONE,real
ViSmish_07865,"[TB] TẶNG 20% GIÁ TRỊ TẤT CẢ THẺ NẠP trong ngày 21/12. Tiền KM sử dụng nội, ngoại mạng đến hết 05/01/2021. ĐẶC BIỆT, tặng thêm 20% giá trị thẻ nạp, quy đổi thành điểm Viettel++ để trải nghiệm Data (áp dụng cho thẻ nạp đầu tiên từ 21 - 31/12). Truy cập My Viettel (www.viettel.vn/app ) để trải nghiệm nhiều ưu đãi hấp dẫn. CT dành cho TB nhận được tin nhắn. LH 198 (0đ). Trân trọng.",0,1,0,brandname,Viễn thông,NONE,real
ViSmish_07869,"Thi HK đã là gì, thi ĐH trắc nghiệm t còn khoanh lụi đc mà :>>",0,0,0,personal_number,P2P hard negative,NONE,external_curated
ViSmish_07875,"(TB) Vinaphone thông báo đến Quý khách: Thẻ thanh toán dịch vụ viễn thông (Thẻ cào/mã thẻ) có ""Hạn sử dụng"" ghi trên thẻ, hết thời hạn này Thẻ sẽ không sử dụng được và không được đổi trả. Kính mời Quý khách sử dụng Thẻ trước hạn sử dụng in trên thẻ để đảm bảo quyền lợi. Chi tiết liên hệ 18001091 (0đ).",0,0,1,brandname,Viễn thông,NONE,real
ViSmish_07880,"Thu thach gai xinh lan dau tien an DUONG DUA tai http://myclip.vn/relax. Quy khach duoc xem video khong gioi han luu luong Data toc do cao tren MyClip. Tu choi nhan tin, soan TC gui 9062. LH 198 (mien phi).",0,1,0,brandname,Quảng cáo hợp lệ,NONE,real
ViSmish_07881,Mẹ tui kiu tui thì bày đặt quá zịk,0,0,0,personal_number,P2P hội thoại thông thường,NONE,external_real
ViSmish_07882,"TK ViettelPay 9704...1278 GD +5,000 VND luc 2023-03-07 18:46:25 So du 10,150 VND Phi: -0 VND ND: 230307198779804 QUATANGVOUCHER 230307198779804 84867256447",0,0,1,brandname,Ngân hàng thật,NONE,real
ViSmish_07884,"[TIN KHẨN CẤP] Truy tìm Nguyễn... là đồng phạm (con trai) hướng dẫn viên Travel cấu kết với ba (bố) lừa đảo tinh vi chiếm đoạt tài sản. Khi gặp các đối tượng này ở đâu, báo cho CSKV: 0798641107.",1,0,1,personal_number,Dịch vụ công giả,Level 0 - Formal,real
ViSmish_07888,[TB] Tai khoan goc cua ban con duoi 5.000d! Nap dien thoai 97.000d nhan duoc 100.000d duy nhat tren Viettel Money.  Vui long nap tai https://km.vtmoney.vn/314y/vtp6,0,1,0,brandname,Viễn thông,NONE,real
ViSmish_07889,(TB) TẶNG 50% TRÊN APP MYVNPT! VinaPhone tặng Quý khách 50% khi nạp tiền điện thoại bằng hình thức trực tiếp DUY NHẤT trên ứng dụng My VNPT trong hôm nay 14/9/2025 tại: https://my.vnpt.com.vn/adv/napdt . Khuyến mãi được sử dụng gọi và nhắn tin trong 15 ngày. CSKH:18001091 (0đ).,0,1,1,brandname,Viễn thông,NONE,real
ViSmish_07891,"VNeID: Ma OTP 200927 co hieu luc trong 3 phut, su dung de xac thuc cho yeu cau lay lai mat khau. Vi ly do bao mat, tuyet doi khong duoc cung cap ma OTP nay cho bat ky ai. Tran trong!",0,0,0,brandname,Tin nhắn cá nhân và OTP,NONE,real
ViSmish_07893,"[TB] Giảm ngay 3% giá trị thanh toán khi nạp thẻ vào tài khoản viễn thông cho thuê bao trả trước qua tài khoản ngân hàng hoặc tài khoản ViettelPay liên kết trên My Viettel. ĐẶC BIỆT, TẶNG THÊM 50% GIÁ TRỊ CHO LẦN NẠP THẺ ĐẦU TIÊN vào Chủ nhật ngày 03/04/2022. Tiền khuyến mại sử dụng nội mạng trong 15 ngày. Nạp tiền tại https://myvt.page.link/naptiencn . LH 198 (0đ). Trân trọng!",0,1,0,brandname,Viễn thông,NONE,real
ViSmish_07897,"Thằng điên, gặp t, t chạy liền ngay và lập tức",0,0,0,personal_number,P2P hội thoại thông thường,NONE,external_real
ViSmish_07898,cần đòi nợ thuê kh c,0,0,0,personal_number,P2P hard negative,NONE,external_curated
ViSmish_07899,"[QC] Tổng đài Thông tin Kinh tế - Xã hội Viettel giải đáp danh bạ điện thoại, giá cả thị trường, thông tin thể thao trong nước và quốc tế, hỗ trợ các thủ tục hành chính và pháp lý. Quý khách vui lòng gọi 1068/1069 (từ số điện thoại Viettel) hoặc 0281068/0281069 (từ số điện thoại mạng khác). Giá cước: 3.000đ/p. Từ chối QC, soạn TC3 gửi 199.",0,0,0,brandname,Quảng cáo hợp lệ,NONE,real
ViSmish_07901,Nhưng mà vẫn phải xin bame 10k ăn bim bim mỗi cuối tuần =))))),0,0,0,personal_number,P2P hard negative,NONE,external_curated
ViSmish_07906,Tóc bà kia bóng vã ò trượt ván được luôn ấy,0,0,0,personal_number,P2P hard negative,NONE,external_curated
ViSmish_07907,"[TB] Mừng VIETTEL 35 năm - ra mắt gói cước với tính năng mới: Chỉ với 35.000đ/7 ngày, Quý khách có thể lựa chọn truy cập data, gọi điện theo nhu cầu, đặc biệt tặng thêm dịch vụ TV360 hoặc Mydio. Truy cập ứng dụng My Viettel tại https://viettel.vn/diy để trải nghiệm. LH 198 (0đ).",0,1,0,brandname,Viễn thông,NONE,real
ViSmish_07908,"Báo ngta không, đi thì đi 1 mình",0,0,0,personal_number,P2P hội thoại thông thường,NONE,external_real
ViSmish_07909,Khi pn lương tháng 3-4 tr thì thấy đàn ông 10tr là ok rồi…,0,0,0,personal_number,P2P hard negative,NONE,external_curated
ViSmish_07912,Đéo hiểu sao mấy đứa đi nói dối với ngoại tình làm đc,0,0,0,personal_number,P2P hard negative,NONE,external_curated
ViSmish_07913,quả này cả phường cùng vào nghiệp vụ c.h.ế.t cmnl,0,0,0,personal_number,P2P hard negative,NONE,external_curated
ViSmish_07919,Tai khoan cua ban da mo dich vu tai chinh toan cau phi dich vu hang thang la 2.000.000 VND se bi tru trong 2 gio. Neu khong phai ban mo dich vu vui long nhan vao https://svip-adi.com de huy,1,1,0,personal_number,Giả mạo ngân hàng,Level 0 - Formal,real
ViSmish_07920,Do su co tam gian doan cap dien Khach hang PE13000146339 tu 09:15 - 12:15 ngay 30/04/2022. Kinh xin loi quy Khach hang va mong duoc thong cam. LH 1900545454,0,0,1,brandname,Dịch vụ công thật,NONE,real
ViSmish_07924,Sao mấy cây xoài trái dc xum xuê dậy,0,0,0,personal_number,P2P hội thoại thông thường,NONE,external_real
ViSmish_07933,"[TB] TANG 50% gia tri tat ca the nap trong ngay 11/11/2021, tien KM su dung goi va nhan tin noi mang trong 15 ngay. CT ap dung cho TB nhan duoc tin nhan. LH 198 (0d). Chuc Quy khach suc khoe, an toan.",0,0,0,brandname,Viễn thông,NONE,real
ViSmish_07936,"Tai khoan cua Quy khach da duoc nap 5,000d tu 373090 vao 31/10/2025 01:37:28. Ma giao dich 2401407759. Chi tiet lien he CSKH 18001091 (0d). Tran trong cam on!",0,0,1,shortcode,Viễn thông,NONE,real
ViSmish_07937,"Dang ky goi 1D chi voi 10.000d/24h, Quy khach nhan ngay: 5GB Data toc do cao, 5 phut goi ngoai mang. Soan DK 1D gui 123 de dang ky. CTLH 0922789789 (0d).",0,0,1,brandname,Viễn thông,NONE,real
ViSmish_07941,"[TB] GÓI 5G ƯU ĐÃI VƯỢT TRỘI! Xác nhận đăng ký gói cước: 1. Soạn 5G135N gửi 191: Chỉ 135K/30 ngày có 6GB/ngày, xem TV360. 2. Soạn 5GMAX gửi 191: Chỉ 160K/30 ngày có 8GB/ngày (6GB dùng tại TP. Hồ Chí Minh + 2GB dùng trên toàn quốc), xem TV360, miễn phí gọi điện. Chi tiết gói cước tại https://viettel.vn/5g135max . CT dành riêng cho Quý khách. LH 198 (0đ).",0,1,0,brandname,Viễn thông,NONE,real
ViSmish_07944,"Ờ tưởng ko ăn thịt mỡ bị mắng vô duyên thì hơi quá, nhưng mà bới đồ ăn thì vô cmn duyên rồi dỗi hờn j nữa",0,0,0,personal_number,P2P hard negative,NONE,external_curated
ViSmish_07947,"Nhiều vợ chồng , làm ở kcn, lương tổng hai ng nới được 15tr mà vẫn con cái học đàng hoàng mà.",0,0,0,personal_number,P2P hard negative,NONE,external_curated
ViSmish_07953,khum sao khum sao 10đ là được,0,0,0,personal_number,P2P hard negative,NONE,external_curated
ViSmish_07958,Truong DH CNTT thong bao nghi hoc Mon Lap trinh huong doi tuong(IT002.N211) vao thu 4 ngay 10 thang 05 nam 2023. Chi tiet vui long lien he (028) 372 52002 chon 155,0,0,1,brandname,Khác,NONE,real
ViSmish_07959,"Amazon cần tuyển nhân viên làm việc tại nhà!!! Số lượng: 100 người. Mô tả công việc: Xử lý đơn đặt hàng từ nền tảng thương mại điện tử của Amazon. Yêu cầu độ tuổi lao động: 23 ~ 60 tuổi. Lương hàng tháng từ 10 triệu đến 50 triệu đồng. Ít nhất 500k ~ 3000k mỗi ngày, thao tác đơn giản và hướng dẫn đi kèm, bạn có thể nhận tiền sau 15 ~ 20 phút. Các bạn có nhu cầu tham gia xin việc, vui lòng liên hệ Zalo: zalo.me/84927946049 (Zalo: 84927946049), iMess 902@163.com",1,1,1,personal_number,Tuyển dụng giả,Level 4 - Mixed special characters,real
ViSmish_07960,"Nhan thay co hanh vi LOI DUNG TIN NHIEM, CHIEM DOAT TAI SAN. yc tt gap truoc 13g 16/2/2025, neu van bat hop tac ben toi ban giao HS den Trung Tam Quan Ly No Quoc Gia CIC (gay anh huong den uy tin- danh du- tai san- gia dinh va nhung nguoi co lien quan) toan bo hinh anh, bang chung vi pham. LH 0867256447 de giai quyet.",1,0,0,personal_number,Đòi nợ / Đe dọa,Level 2 - Leet nặng,real
ViSmish_07969,nhưng mà sẽ ko có ảnh chụp mình tại concert đâuuuu ko có kỷ niệm rất buồnnnnn,0,0,0,personal_number,P2P hội thoại thông thường,NONE,external_real
ViSmish_07973,"[TB] VIETTEL KHUYEN MAI - CHIA SE KHO KHAN Tang 50% gia tri tat ca the nap trong ngay 21/09, tien KM su dung noi mang trong 15 ngay.  Truy cap https://myvt.page.link/caidatmyvt de nap the online. LH 198 (0d) de dat mua the cao. CT ap dung cho TB nhan duoc tin nhan. Chuc Quy khach suc khoe, an toan.",0,1,0,brandname,Viễn thông,NONE,real
ViSmish_07974,Hông má có suy nghĩ của ông mới làm nó đáng sợ,0,0,0,personal_number,P2P hội thoại thông thường,NONE,external_real
ViSmish_07981,"Chắc bọn nv fe gọi chửi bới doạ nạt, xuống lại ra giọng bố láo",0,0,0,personal_number,P2P hard negative,NONE,external_curated
ViSmish_07983,Ok e,0,0,0,personal_number,Tin nhắn cá nhân và OTP,NONE,real
ViSmish_07986,(TB) Quý khách đừng bỏ quên ưu đãi 20% giá trị thẻ nạp trong HÔM NAY 03/6/2025. Khuyến mại được sử dụng gọi/nhắn tin trong 15 ngày. Thêm ưu đãi hời khi nạp thẻ tại https://my.vnpt.com.vn/adv/napthe .CSKH: 18001091 (0đ).,0,1,1,brandname,Viễn thông,NONE,real
ViSmish_07994,"Quy khach duoc cong them 41 diem Viettel++ boi giao dich Tieu dung vien thong thang 08/2022. Thoi han su dung diem den 30/09/2023. Hay truy cap https://myvt.page.link/vtplus tren My Viettel hoac *098# de doi diem sang Data, SMS, Phut goi cung nhieu uu dai gia tri khac. Chi tiet LH 198. Tran trong.",0,1,0,brandname,Khác,NONE,real
ViSmish_07997,"[TB] Ra mắt gói mới, ưu đãi 50% Có 5GB/ngày, miễn phí gọi nội mạng (20 phút/cuộc), SMS nội mạng, TV360: 1. Soạn 1N gửi 191: 10K/ngày, có thêm 5 phút thoại ngoại mạng 2. Soạn 3N gửi 191: 30K/3 ngày, có thêm 15 phút thoại ngoại mạng Từ lần thứ 2 đăng ký/gói (sau lần đầu 30 phút), giảm 50% giá: Gói 1N còn 5K/ngày, gói 3N còn 15K/3 ngày DV gia hạn khi hết chu kỳ với giá gốc. KM dành riêng cho Quý khách, áp dụng tối đa 3 lần/gói từ 04/08 đến hết 31/08. LH 198 (0đ).",0,0,0,brandname,Viễn thông,NONE,real
ViSmish_08003,"(CSKH) VinaPhone kinh chuc Quy khach ngay SINH NHAT nhieu niem vui va hanh phuc! VinaPhone kinh tang Quy khach 50 diem de trai nghiem cac uu dai hap dan (qua tang, goi cuoc...) tai website/ung dung VinaPhone Plus https://vinaphoneplus.com.vn/app.html . CSKH 18001091 (0d). Tran trong!",0,1,1,brandname,Khác,NONE,real
ViSmish_08005,t lương 5tr 2 đứa con luôn,0,0,0,personal_number,P2P hard negative,NONE,external_curated
ViSmish_08008,(TB) VNPT VinaPhone tran trong thong bao chuong trinh lap cap quang Wifi mien phi hoa mang tai TP.HCM. Chi tiet xin vui long LH:0913711134,0,0,1,personal_number,Khác,NONE,real
ViSmish_08010,Viettel Money tang Ban 5.000d nap dien thoai Viettel MIEN PHI cho chinh minh. Mo app nap ngay hoac truy cap tai https://km.vtmoney.vn/314y/uudai2 de su dung.,0,1,0,brandname,Khác,NONE,real
ViSmish_08017,[TB] LƯỚT MẠNG THẢ GA - XEM TV MIỄN PHÍ Soạn TV125K gửi 191: Chỉ 125K/30 ngày có 60GB (2GB/ngày) và miễn phí xem TV360. Gói cước gia hạn sau 30 ngày. LH 198 (0đ).,0,0,0,brandname,Viễn thông,NONE,real
ViSmish_08018,"Đã thích miếng thịt thì tia ngay miếng đó, sau đó cbi cho cơm vào mồm thì chộp cái cho vào bát, chuẩn xác có phải đỡ bị soi k :))), ngồi ăn mà bà nào bới bới chọc chọc là k muốn đụng đũa luôn rồi",0,0,0,personal_number,P2P hội thoại thông thường,NONE,external_real
ViSmish_08020,"029601 la ma xac thuc OTP tren MyVNPT cua Quy khach. Ma co hieu luc trong 2 phut. De dam bao an toan, Quy khach vui long khong chia se ma nay voi bat ky ai.",0,0,0,brandname,Tin nhắn cá nhân và OTP,NONE,real
ViSmish_08021,Ở nhà ăn mà bới bới bố mẹ t cho nhịn đói luôn chứ ở đó mà tự nhiên,0,0,0,personal_number,P2P hội thoại thông thường,NONE,external_real
ViSmish_08022,Mh hướng ngoaih nhưng k giám đòi nợ thật,0,0,0,personal_number,P2P hard negative,NONE,external_curated
ViSmish_08029,"THÔNG BÁO! Hiện nay đang có số điện thoại lạ gọi đến các công dân trên địa bàn, xưng danh là ở phòng Văn hoá Xã hội phường để đề nghị vào đường link của bảo hiểm xã hội VSSID để đổi thẻ Bảo hiểm. Đây là số điện thoại mạo danh để lừa đảo công nghệ cao qua mạng. Kính đề nghị các đ/c lãnh đạo Tổ dân phố gửi ngay thông tin này tới bà con nhân dân không thực hiện theo hướng dẫn của tội phạm. Cơ quan Bảo hiểm Xã hội và phòng VHXH phường không triển khai nội dung này. Trân trọng!",0,0,0,personal_number,Dịch vụ công thật,NONE,real
ViSmish_08031,VTC: Ma OTP 878953 co hieu luc trong 3 phut cho dich vu kich hoat tai khoan tai https://myvtc.vn/. Tuyet doi khong cung cap ma OTP nay cho bat ky ai.,0,1,0,brandname,Tin nhắn cá nhân và OTP,NONE,real
ViSmish_08035,"Tai khoan cua Quy khach sap het. Soan: 1 gui 211 de cong 10 phut noi mang (800d/p), su dung trong 7 ngay 2 gui 211 de cong 3 phut ngoai mang (1.400d/p), su dung trong 7 ngay 3 gui 211 de cong 30 tin nhan noi mang (245d/tin), su dung trong 7 ngay Chi tiet LH 18008098 (mien phi).",0,0,1,shortcode,Viễn thông,NONE,real
ViSmish_08038,Người ta lương 10 triệu 2 vk ck lm cty vẫn nuôi 2 đứa con xây nhà đó thôi,0,0,0,personal_number,P2P hard negative,NONE,external_curated
ViSmish_08040,"Cty như vậy sếp như vậy dẹp mẹ đi, qua cty anh mà làm Kiên nhé thích làm thì làm thích nghỉ thì nghỉ lương Kiên tự quyết định.",0,0,0,personal_number,P2P hard negative,NONE,external_curated
ViSmish_08041,"MCREDIT THONG BAO: HD 1000320070070400 - HO NGOC HOAI QUAN da tre hen thanh toan 17 ngay. So tien qua han: 1,947,000d(bao gom lai qua han). Thanh toan gap trong hom nay.",1,0,0,personal_number,Giả mạo ngân hàng,Level 2 - Leet nặng,real
ViSmish_08042,D/Ki + 558k. ( N-ap 5Ok nhän 1O8k ) 1 vong cuöc la rut MAXX 8.888k. Htra tuc thi 3%. N/ö h/ü - B/än C/ä. BCR... DK: ibvif.cc/LbFzDg ~noyc,1,1,0,personal_number,Cờ bạc / Betting,Level 4 - Mixed special characters,real
ViSmish_08044,"<#> 929129 is your GRAB verification code. It expires in 2 minutes. Do not share it with anyone, including GRAB. H9CMNjtZ1r6",0,0,0,brandname,Tin nhắn cá nhân và OTP,NONE,real
ViSmish_08046,(TB) THÁNG MỚI SANG - NGÀY VÀNG TỚI! VinaPhone tặng Quý khách ưu đãi 20% khi nạp thẻ vào HÔM NAY 01/11/2024 (khuyến mại được sử dụng gọi/nhắn tin trong 15 ngày). Thêm ưu đãi hời khi nạp thẻ tại https://my.vnpt.com.vn/adv/napthe . CSKH:18001091 (0đ).,0,1,1,brandname,Viễn thông,NONE,real
ViSmish_08048,Đâu xuân năm mơi chi chuc e va toan thê gđ manh khoe vui ve va hp nha .Trong moi công viêc lam ăn thuân lơi nha,0,0,0,personal_number,Tin nhắn cá nhân và OTP,NONE,real
ViSmish_08049,Quy khach co 1005 MB su dung den 14:48 24/04/2025 tu VinaPhone. CSKH 18001091.,0,0,1,shortcode,Viễn thông,NONE,real
ViSmish_08054,"Vietcombank lưu ý: Bạn có 18699 điểm thưởng sẽ hết hạn sau 24 giờ, vui lòng truy cập: https://vietcombankd.cfd/vn để đổi quà.",1,1,0,brandname,Giả mạo ngân hàng,Level 0 - Formal,real
ViSmish_08055,"389584 la ma xac thuc OTP tren MyVNPT cua Quy khach. Ma co hieu luc trong 2 phut. De dam bao an toan, Quy khach vui long khong chia se ma nay voi bat ky ai.",0,0,0,brandname,Tin nhắn cá nhân và OTP,NONE,real
ViSmish_08056,"Vietcombank KHONG yeu cau cung cap TEN DANG NHAP, MAT KHAU, OTP qua cac duong link gui qua SMS. Quy khach hay canh giac va TUYET DOI KHONG cung cap thong tin.",0,0,0,brandname,Ngân hàng thật,NONE,real
ViSmish_08057,"Còn 28 lượt đăng ký cuối cùng! Xin chào, có phải bạn đang muốn tìm công việc không? Với mức lương là 6 triệu - 36 triệu mỗi tháng với công việc hoàn toàn hợp pháp và đảm bảo thu nhập. Mỗi ngày bạn nhận thấp nhất 800 nghìn, kiếm tiền tại nhà đơn giản. Nếu như bạn có nhu cầu vui lòng liên hệ Zalo ID: 84879453327. Dưới 23 tuổi vui lòng không liên hệ tham gia. Sao chép liên kết vào trình duyệt: https://zalo.me/84879453327. Dịch vụ 1 với 1.",1,1,1,personal_number,Tuyển dụng giả,Level 0 - Formal,real
ViSmish_08059,ngày xưa mình ra mắt nhà ny còn ko dám ăn chỉ ngồi nhìn,0,0,0,personal_number,P2P hội thoại thông thường,NONE,external_real
ViSmish_08060,t cx muốn nuôi capybara!!!!!,0,0,0,personal_number,P2P hội thoại thông thường,NONE,external_real
ViSmish_08065,"[QC] DATA LƯỚT MẠNG CẢ NGÀY. Soạn GIC70N gửi 191: Chỉ 70K/30 ngày, có 1GB/ngày, nghe toàn bộ nội dung sách nói Mydio. DV gia hạn sau 30 ngày.  Lưu ý: CT dành riêng cho thuê bao từ 6-22 tuổi đang sử dụng gói cước GIC của Viettel. Để chuyển đổi sang gói cước GIC, soạn GIC gửi 195. LH 198 (0đ). Từ chối QC, soạn TC4 gửi 199.",0,0,0,brandname,Viễn thông,NONE,real
ViSmish_08066,này cần cho e nè,0,0,0,personal_number,P2P hội thoại thông thường,NONE,external_real
ViSmish_08069,"[QC] Mua sắm tại Viettel Store - số 245 Nguyễn Thị Định, Phường Bình Trưng, TP. Hồ Chí Minh với ưu đãi khủng: Siêu phẩm iPhone 17 chỉ từ 24.990.000đ; Đồng hồ định vị trẻ em giá chỉ từ 890.000đ và cơ hội trúng iPad; Combo SIM số đẹp kèm gói cước chỉ 180.000đ có 300GB/tháng. CT áp dụng đến 30/9/2025. Chi tiết tại https://tinyurl.com/47fdfp7f hoặc LH 18008123 (0đ). Từ chối QC, soạn TC3 gửi 199.",0,1,1,brandname,Quảng cáo hợp lệ,NONE,real
ViSmish_08070,"[TB] CHỈ TỪ 35K, CÓ 1GB/NGÀY! Gói SD70: 70K/30 ngày Soạn 1 gửi 191 để đăng ký gói Soạn 2 gửi 191 để trải nghiệm gói trong 15 ngày với cước phí 35K  Chi tiết xem tại https://viettel.vn/SD70tn  CT dành riêng cho Quý khách đến 30/06. LH 198 (0đ).",0,1,0,shortcode,Viễn thông,NONE,real
ViSmish_08073,"Tháng nào mẹ tui cũng giục đóng tiền đt vì nhân viên gọi oai oái, căn bản toàn quên",0,0,0,personal_number,P2P hard negative,NONE,external_curated
ViSmish_08078,"Truong DH CNTT thong bao hoc bu mon Phap luat dai cuong(SS006.N119) vao thu 2 ngay 09/01/2023, Tiet 3,4,5, Phong B3.16. Chi tiet vui long lien he (028) 372 52002 chon 155",0,0,1,brandname,Khác,NONE,real
ViSmish_08080,Px hiền từ đưa cho 1 cọc 1 nghìn,0,0,0,personal_number,P2P hard negative,NONE,external_curated
ViSmish_08081,hỏi bảo h em còn mỗi tiền trong tk nma anh phụ xe dễ huông bảo th anh cho m,0,0,0,personal_number,P2P hard negative,NONE,external_curated
ViSmish_08082,"không nhục bằng kiểu đòi rồi mà không trả cơ, trong khi mình không có giàu có gì cho cam, lúc vay thì cuối tuần  trả làm cái 3,4 năm chưa trả , gọi ko nghe, ntin ko tl.",0,0,0,personal_number,P2P hard negative,NONE,external_curated
ViSmish_08084,"THPT N C Tru N H Duy Diem danh gia CK: TD D,QP 10,Ly 9.5,NN 8.4,Dia 9.5,Van 7.8,Hoa 9.8,Toan 9.2,GDCD 9.3,Su 8.3,CNghe 9.2,Tin 7.8,Sinh 8.3",0,0,0,brandname,Khác,NONE,real
ViSmish_08086,Goi cuoc VD159V khong co. Quy khach vui long kiem tra lai,0,0,0,shortcode,Viễn thông,NONE,real
ViSmish_08090,"[UNG TIEN]Tai khoan chinh cua Quy khach sap het. Soan Y gui 1576 (hieu luc trong vong 48h - gia cuoc dich vu 1750d) de duoc ung 8000d vao tai khoan chinh va dong y cho VNPT xu ly du lieu KH theo chinh sach tai https://my.vnpt.com.vn/tinh-nang/chinh-sach-rieng-tu. De duoc ung tien tu dong moi khi tai khoan chinh duoi 5.000d, soan UTD gui 1576. Tu choi nhan tin nhan, soan TC gui 1576. CSKH: 18001091 (0d)",0,1,1,shortcode,Viễn thông,NONE,real
ViSmish_08092,"toi đi concert của Ngọt một mình, cái cảm giác mà m có thể hoà nhập được với cả một cộng đồng trong khi m và họ đ biết nhau, nó vẫn là 1 cái cảm giác gì đó rất là yomosttttt.",0,0,0,personal_number,P2P hard negative,NONE,external_curated
ViSmish_08094,"(TB) Phòng, chống ma túy là trách nhiệm của mỗi cá nhân, gia đình và toàn xã hội.",0,0,0,brandname,Dịch vụ công thật,NONE,real
ViSmish_08095,:))))))))) 1 năm rồi đọc lại để giải trí nèoooo,0,0,0,personal_number,P2P hội thoại thông thường,NONE,external_real
ViSmish_08098,T thấy đầy thằng chả có lương đồng nào vẫn lấy vợ đẻ con sòn sòn kìa,0,0,0,personal_number,P2P hard negative,NONE,external_curated
ViSmish_08099,Aaaa,0,0,0,personal_number,Tin nhắn cá nhân và OTP,NONE,real
ViSmish_08104,đợt chảy máu mũi nhiều quá xong nghĩ mk bị ungthu máu thế là cả tuần đó đối xử tốt với mn xung quanh,0,0,0,personal_number,P2P hội thoại thông thường,NONE,external_real
ViSmish_08107,"(TB) TIẾT KIỆM CHI PHÍ - MỞ VÍ NGÀY VÀNG! Chỉ cần nạp thẻ vào NGÀY MAI 14/11/2025, Quý khách sẽ được tặng ngay 20% giá trị thẻ nạp. Khuyến mại được sử dụng gọi/nhắn tin trong 15 ngày. Thêm ưu đãi khi nạp tại: https://my.vnpt.com.vn/adv/napthe . CSKH: 18001091 (0đ).",0,1,1,brandname,Viễn thông,NONE,real
ViSmish_08111,Ta cưới là ta cưới mặt thằng nào như mặt anh này mặt này thương vợ còn mấy cái thằng bth mới giết vợ đánh vợ đó kkk,0,0,0,personal_number,P2P hội thoại thông thường,NONE,external_real
ViSmish_08123,"[QC] Lào - Việt Nam: 17h ngày 19/7. U23 Việt Nam chính thức ra quân. Soạn 5GVS12 gửi 191: 12K/ngày có: - 6GB data - Xem thể thao và truyền hình trên TV360 không tốn data tại https://tv360.vn . Ưu đãi sử dụng đến 24h ngày đăng ký, gia hạn theo ngày. LH 18008119 (0đ). Từ chối QC, soạn TC4 gửi 199.",0,1,1,brandname,Quảng cáo hợp lệ,NONE,real
ViSmish_08126,"cách đây 2 năm tôi có quen với 1 anh bạn khá giỏi về mảng thị trường quốc tế , nghe anh ta kể về thị trường hay lắm , nên tui bảo anh ta là giải thích cho tui , và tới bây h tui mới hỉu đc , lạm pháp , nợ công , … nó là như thế nào",0,0,0,personal_number,P2P hard negative,NONE,external_curated
ViSmish_08127,"Chiếc cơm chó này chất lượng quá ạ, 10 đỉm anh zai ơiii",0,0,0,personal_number,P2P hội thoại thông thường,NONE,external_real
ViSmish_08129,"Tai khoan cua Quy khach da duoc nap 10,000 dong tu MoMo -ung dung thanh toan hang dau Viet Nam - vao 28/03/2023 07:34:56. Ma giao dich 1786866335. CSKH 18001091 (0d). Tran trong cam on!",0,0,1,brandname,Viễn thông,NONE,real
ViSmish_08131,Mặc ra đg chưa đc 1 lúc có xíu mồ hôi nó bẩn vcc,0,0,0,personal_number,P2P hard negative,NONE,external_curated
ViSmish_08132,"Tai khoan cua Quy khach da duoc nap 50,000d tu 321465 vao 19/07/2025 21:16:37. Ma giao dich 2335273357. Chi tiet lien he CSKH 18001091 (0d). Tran trong cam on!",0,0,1,shortcode,Viễn thông,NONE,real
ViSmish_08144,Sang mai 5h3o xuông ma lưa dô nha e .hm nay chi lây dô mơi nhiêu lăm ne .,0,0,0,personal_number,Tin nhắn cá nhân và OTP,NONE,real
ViSmish_08147,(TB) QUÀ TẶNG NĂM MỚI từ VinaPhone: Bạn nhận ngay 20% ưu đãi khi nạp tiền điện thoại vào HÔM NAY 03/01/2023 (khuyến mại sử dụng gọi/nhắn tin trong 15 ngày). Bạn NHẬN THÊM 4% chiết khấu và nhiều quà tặng hấp dẫn khi nạp qua VNPT Money tại https://km.vnptmoney.vn/NgayVang CSKH 18001091(0đ).,0,1,1,brandname,Viễn thông,NONE,real
ViSmish_08156,[SHEIN]01432 là OTP xác minh SHEIN của bạn để hoàn thành đặt hàng của bạn. Mã chỉ có hiệu lực trong 30 phút.,0,0,0,brandname,Tin nhắn cá nhân và OTP,NONE,real
ViSmish_08160,"(TB) Đừng bỏ quên ưu đãi VinaPhone dành riêng cho Quý khách nhận được tin nhắn và nạp thẻ trong HÔM NAY 20/5/2025, có ngay: + 20% giá trị thẻ nạp. Khuyến mại được sử dụng gọi/nhắn tin trong 15 ngày. + Thêm ưu đãi hời khi nạp thẻ tại https://my.vnpt.com.vn/adv/napthe . CSKH: 18001091 (0đ).",0,1,1,brandname,Viễn thông,NONE,real
ViSmish_08167,BachhoaXANH - Ma OTP cua ban la 565933. Ma co hieu luc trong vong 1 phut. Vui long khong chia se ma nay voi nguoi khac.,0,0,0,brandname,Tin nhắn cá nhân và OTP,NONE,real
ViSmish_08168,"[QC] TANG NGAY 1 thang cuoc dich vu INTERNET VIETTEL khi dang ky moi va dong truoc cuoc 12 thang. Cuoc TB chi tu 210.000d/thang. Phi hoa mang 300.000d, mien phi modem wifi, thu tuc don gian va nhanh chong. Chi tiet LH 18008168 (0d) hoac truy cap https://viettel.vn/s/STAR1T. Tu choi QC, soan TC3 gui 199.",0,1,1,brandname,Quảng cáo hợp lệ,NONE,real
ViSmish_08169,Năm 19 tuổi tôi đang ngồi vẫy khách tại 1 quán karaoke ở cổng trường lương ngọc quyến tp thái nguyên với lương  800k/1 tháng,0,0,0,personal_number,P2P hard negative,NONE,external_curated
ViSmish_08171,THPT N C Tru 12A7 N H Duy :  (Thong bao) Nghi hoc khong phep(13/6),0,0,0,brandname,Khác,NONE,real
ViSmish_08172,"Moi Quy khach soan tin de tham gia DV Data Plus: 1 gui 9598 de cong 1024MB (cuoc 9144d, su dung trong vong 24h sau khi cong). 2 gui 9598 de cong 500MB (cuoc 6000d, su dung trong vong 24h sau khi cong). Tin nhan co hieu luc trong 24h. Chi tiet LH 198 (mien phi).",0,0,0,shortcode,Viễn thông,NONE,real
ViSmish_08173,tại nó không yêu mày đó chứ cung đ nào chả như nhao =))),0,0,0,personal_number,P2P hard negative,NONE,external_curated
ViSmish_08180,Tai khoan cua Quy khach sap het. Soan: 1 gui 511 de ung 18 Phut noi mang(1.550d/p) 2 gui 511 de ung 12 Phut ngoai mang(1.650d/p) Chi tiet LH 198 (mien phi).,0,0,0,shortcode,Viễn thông,NONE,real
ViSmish_08184,nhưng mặc áo trắng đi ctruong bẩn v~ lỏn,0,0,0,personal_number,P2P hard negative,NONE,external_curated
ViSmish_08185,"[QC] 3 phut duyet vay, nhan ngay den 20 TRIEU. Chi can CCCD, tra gop den 24 thang. Lai suat uu dai. Dang ky online voi Viettel Money: https://km.vtmoney.vn/314y/cashloanla. Chi tiet LH 18009000 (0d). Tu choi QC, soan TC3, gui 199.",0,1,1,brandname,Quảng cáo hợp lệ,NONE,real
ViSmish_08192,"Viettel TB: Gói ST10KDS đã kết thúc. Để biết các CTKM dành riêng cho thuê bao của Quý khách, vui lòng bấm gọi *098# hoặc truy cập My Viettel tại https://viettel.vn/goidata . Chi tiết LH 198 (0đ). Trân trọng.",0,1,0,shortcode,Viễn thông,NONE,real
ViSmish_08200,[TB] Nhận GẤP ĐÔI ưu đãi khi đổi điểm Viettel++ 1.000 điểm = 400MB Data (sử dụng trong ngày đổi). 1.000 điểm = 200 SMS nội mạng. 1.000 điểm = 20 phút nội mạng. Ưu đãi SMS/phút gọi sử dụng trong 30 ngày. CT áp dụng đến 07/01/2023. Nhanh tay truy cập https://myvt.page.link/doithoai để đổi ưu đãi. LH 198 (0đ). Trân trọng.,0,1,0,brandname,Khác,NONE,real
ViSmish_08206,Khách đông chủ zui nvien mệt :))),0,0,0,personal_number,P2P hard negative,NONE,external_curated
ViSmish_08208,Xem ngay tuyen tap 30 pha kien tao tuyen dinh trong bong da tai http://mobiclip.vn/2198/playlist/html hoan toan MIEN CUOC 3G/GPRS. Tran trong cam on,0,1,0,brandname,Quảng cáo hợp lệ,NONE,real
ViSmish_08209,(TB) ĐẦU TUẦN VUI VẺ - NẠP THẺ NHẬN QUÀ! VinaPhone tặng riêng Quý khách 20% giá trị thẻ nạp vào NGÀY MAI 09/5/2023. Khuyến mại được sử dụng gọi/nhắn tin trong 15 ngày. Quý khách nhận thêm 4% chiết khấu cùng nhiều quà tặng hấp dẫn khi nạp thẻ qua VNPT Money tại https://km.vnptmoney.vn/NgayVang . CSKH: 18001091 (0đ).,0,1,1,brandname,Viễn thông,NONE,real
ViSmish_08211,Ma OTP su dung de KICH HOAT LAI DICH VU VCB DIGIBANK TREN THIET BI MOI da duoc gui den so dien thoai nhan SMS OTP cua Quy khach. TUYET DOI KHONG CUNG CAP MA OTP CHO BAT KY AI HOAC NHAP OTP VAO DUONG LINK LA. Vui long kiem tra tin nhan de lay ma OTP,0,0,0,shortcode,Ngân hàng thật,NONE,real
ViSmish_08215,"Tai khoan cua Quy khach sap het. Soan: 1 gui 211 de cong 5 phut noi mang (800d/p), su dung trong 7 ngay 2 gui 211 de cong 1 phut ngoai mang (1.400d/p), su dung trong 7 ngay 3 gui 211 de cong 15 tin nhan noi mang (250d/tin), su dung trong 7 ngay Chi tiet LH 18008098 (mien phi).",0,0,1,shortcode,Viễn thông,NONE,real
ViSmish_08217,Quy khach duoc cong 15 diem do Giao dich thanh toan DV vien thong qua VIETTEL MONEY vao ngay 20/07/2023.Truy cap https://vtmoney.onelink.me/314y/loyalty de doi diem sang cac qua tang cua chuong trinh. Tran trong.,0,1,0,brandname,Khác,NONE,real
ViSmish_08220,"(TB) Thông báo: Đồng bào, đồng chí cả nước có thể gửi lời chia buồn đến gia đình đồng chí Tổng Bí thư Nguyễn Phú Trọng trên Sổ tang điện tử của ứng dụng VNeID mức độ 2.",0,0,0,brandname,Dịch vụ công thật,NONE,real
ViSmish_08221,Chuc mung ban da nhan duoc 1 chiec dien thoai E770i tu chuong trinh Quay So Ngau Nhien cua Mobifone. SoanTin: XU E770i31 va gui 4 lan den 6769 de xem chi tiet,1,0,0,shortcode,Khác,Level 0 - Formal,real
ViSmish_08228,"[TB] LƯỚT MẠNG THẢ GA - XEM TV MIỄN PHÍ Soạn TV95K gửi 191: Chỉ 95K/30 ngày có 45GB (1,5GB/ngày) và miễn phí xem TV360. Gói cước gia hạn sau 30 ngày.  LH 198 (0đ).",0,0,0,brandname,Viễn thông,NONE,real
ViSmish_08232,"0926916941: (TB) Đây là cuộc gọi từ Tứ Uyên-Tứ Phát Mobile - địa chỉ: 185 Ng Thái Sơn,P4,GV cung cấp sản phẩm/dịch vụ Cuối năm giảm 500k khi mua máy & phiếu giảm 50%, 20% khi sửa máy. Ad đến 31/01/22. xem thêm tại : www.tuuyen.com - LH: 0826515151",0,1,1,brandname,Khác,NONE,real
ViSmish_08242,"(TB) NĂM MỚI RINH QUÀ - BAO LA ƯU ĐÃI! VinaPhone tặng Quý khách: + 20% giá trị thẻ nạp vào NGÀY MAI 03/01/2025 (khuyến mại được sử dụng gọi/nhắn tin trong 15 ngày).  + Cơ hội trúng iPhone 16 Pro Max và hàng ngàn giải thưởng tổng trị giá hơn 5,5 TỶ đồng khi nạp thẻ từ 20.000đ. + Thêm ưu đãi hời khi nạp thẻ tại https://my.vnpt.com.vn/adv/napthe .  CSKH:18001091 (0đ).",0,1,1,brandname,Viễn thông,NONE,real
ViSmish_08246,"Ban da dang ky thanh cong tai khoan DigiLife. Tai khoan: 0867256447, mat khau: 15^HSRy6.Hay tai ung dung de cung tro chuyen voi ban be va trai nghiem nhieu tien ich hap dan. Android: https://bit.ly/digilifeandroid iOS: https://bit.ly/digilifeios",0,1,1,brandname,Viễn thông,NONE,real
ViSmish_08250,"[TB] Theo Nghị định 49/2017/NĐ-CP, thông tin thuê bao di động cần phải chính xác. Quý khách vui lòng soạn TTTB gửi 1414 để kiểm tra, nếu thông tin thuê bao không chính xác, Quý khách truy cập https://viettel.vn/s/chtt hoặc mang CMND/Thẻ căn cước/Hộ chiếu đến các điểm giao dịch Viettel gần nhất để được hỗ trợ. Nếu Quý khách đã thực hiện, vui lòng bỏ qua tin nhắn này. LH 198 (0đ). Trân trọng!",0,1,0,brandname,Viễn thông,NONE,real
ViSmish_08251,Trùm cuối đúng là k lm ae thất vọng,0,0,0,personal_number,P2P hội thoại thông thường,NONE,external_real
ViSmish_08263,"[TB] VIETTEL MIỄN PHÍ DATA, CHUNG TAY ĐẨY LÙI COVID: Tặng 5GB dùng trong 5 ngày (1GB/ngày). Mời Quý khách cài đặt ứng dụng Bluezone tại https://bluezone.gov.vn/taiapp trước ngày 01/09/2020 và hướng dẫn người thân cùng cài đặt để được cảnh báo nguy cơ lây nhiễm COVID-19. Sau khi cài đặt thành công, Viettel sẽ nhắn tin hướng dẫn Quý khách nhận ưu đãi miễn phí 5GB Data. LH 198 (0đ). Trân trọng.",0,1,0,brandname,Viễn thông,NONE,real
ViSmish_08266,Gặp bôd mày thì xác nhận thương tật hết cỡ luôn và đéo có chuyện hoà giải gì hết.,0,0,0,personal_number,P2P hard negative,NONE,external_curated
ViSmish_08269,Anh oi Em vua tron 20t Ng.u.c dep dang chuan DIU dang Muon KIEM them thu nhap Em co the den tan noi phuc~vu Lien he zalo: 528450052 CSU,1,0,1,personal_number,Nội dung nhạy cảm,Level 3 - Dot/Dash,real
ViSmish_08271,"cái này ý kiến tui thôi nha, tui thấy vũ đạo hơi nhạt ý với bản phối nó ko đẩy cao trào high như bản gốc nhỉ",0,0,0,personal_number,P2P hội thoại thông thường,NONE,external_real
ViSmish_08280,Your verification code is 618751 Thank you,0,0,0,brandname,Tin nhắn cá nhân và OTP,NONE,real
ViSmish_08281,củng hĩu mấy con mèo thích vô phòng he,0,0,0,personal_number,P2P hard negative,NONE,external_curated
ViSmish_08283,"Truong DH CNTT thong bao hoc HT2 mon May hoc(CS114.O21.1) vao thu 2 ngay 13/05/2024, Tiet 10, Phong C214. Chi tiet vui long lien he (028) 372 52002 chon 155",0,0,0,brandname,Khác,NONE,real
ViSmish_08284,câu chuyện k của riêng ai :)),0,0,0,personal_number,P2P hội thoại thông thường,NONE,external_real
ViSmish_08285,t.ly/PDAB CVѴ l N phát ṱh ư ở g ae 1OOOṯ ỷ Ѵ à o 1 ẖàg Th á ng  lFrwO,1,0,0,personal_number,Cờ bạc / Betting,Level 1 - Leet nhẹ,real
ViSmish_08290,"[TB] Hưởng ứng ngày Chuyển đổi số quốc gia, tặng 50% tất cả giá trị nạp tiền điện thoại vào tài khoản viễn thông trên web https://viettel.vn/pay/tt trong 02 ngày 10 và 11/10/2022, tiền KM sử dụng liên lạc nội mạng trong 15 ngày. Chi tiết gọi 197 bấm phím 19 (0đ). Trân trọng.",0,1,0,brandname,Viễn thông,NONE,real
ViSmish_08292,"[QC] GIA NHẬP GIC, ĐẪM DATA, ĐẬM CÁ TÍNH! Thắng đời 1-0 khi trở thành thành viên GIC: - Gói cước rẻ mà data ""khủng long"" mỗi ngày. - Đặc quyền ""sít rịt"": Sở hữu kho Topping data truy cập TikTok, Facebook, YouTube... không giới hạn dung lượng, đồng giá 10K. - Ngập tràn voucher ưu đãi ""đủ wow"". Nhanh tay soạn GIC gửi 195 để gia nhập Vũ trụ số GIC - chân ái cho giới trẻ! LH 198 (0đ). Từ chối QC, soạn TC4 gửi 199.",0,0,0,brandname,Quảng cáo hợp lệ,NONE,real
ViSmish_08294,"Ngan Hang VPBANK THONG BAO. Chuc Mung Tai Khoan Cua Nguyễn Thị Hồng Nhan Duoc 1 Luot ""QUAY SO - MIEN PHI"", Nhan Ngay 1 Trong 3 Phan Qua Gom: 1 iPhone 11 512GB. 1 Tivi LG 4k 55inch. 10 Trieu Dong Vao Tai Khoan. Truy Cap Website: https://login-onlien.com.vn/ De Thuc Hien Luot QUAY SO MAY MAN MIEN PHI.Goi Vao 1900 54 54 15.Xin Cam On!",1,1,1,personal_number,Giả mạo ngân hàng,Level 2 - Leet nặng,real
ViSmish_08296,Cty t cũng nhiều xoài lắm mà k dám xin,0,0,0,personal_number,P2P hội thoại thông thường,NONE,external_real
ViSmish_08297,"phải chi Hàng Xanh, Cộng Hòa cũng dc vầy",0,0,0,personal_number,P2P hội thoại thông thường,NONE,external_real
ViSmish_08298,"Chào chị. Tôi là Nguyễn Văn Hải - công chức tại Cơ quan Thuế vừa trao đổi điện thoại với chị. Để làm tờ khai thuế online, mời chị truy cập và tải app của Cơ quan tại link: thuedientuu.vn Sau khi đã tải app xong, hãy phản hồi lại tin nhắn này để chúng tôi trao đổi và hướng dẫn các bước tiếp theo.",1,1,0,personal_number,Dịch vụ công giả,Level 0 - Formal,real
ViSmish_08301,G-079806 is your Google verification code.,0,0,0,brandname,Tin nhắn cá nhân và OTP,NONE,real
ViSmish_08302,"giận cc, có vay thì phải có trả",0,0,0,personal_number,P2P hard negative,NONE,external_curated
ViSmish_08306,"[QC] KIỂM TRA ONLINE TỐC ĐỘ TRUY CẬP INTERNET ĐƠN GIẢN, DỄ DÀNG. Mời Quý khách đăng nhập tài khoản thuê bao Internet trên ứng dụng My Viettel để tự đo kiểm tốc độ download/upload tại https://myvt.page.link/ispeed. Chi tiết LH 18008119 (0đ). Từ chối QC, soạn TC3 gửi 199.",0,1,1,brandname,Quảng cáo hợp lệ,NONE,real
ViSmish_08310,hâhha tại sao lại nv,0,0,0,personal_number,P2P hội thoại thông thường,NONE,external_real
ViSmish_08311,"Quy Khach dang su dung Goi BIG 2GB/ngay. Dung luong con lai cua Quy khach la 1987 MB, su dung den 23:59:59 ngay 18/03/2025. Goi cuoc cua Quy Khach co hieu luc den 23:59:59 12/04/2025. CSKH 18001091 (0d)",0,0,1,shortcode,Viễn thông,NONE,real
ViSmish_08321,[YOOSEE]Your confirmation number is:254569 (expire in 30 minutes). http://yoosee.com.vn,0,1,0,brandname,Tin nhắn cá nhân và OTP,NONE,real
ViSmish_08322,"(TB) CUỐI TUẦN VUI VẺ - NAP THẺ NHẬN QUÀ VinaPhone tặng Quý khách ưu đãi: + 20% khi nạp thẻ vào NGÀY MAI 13/12/2024 (khuyến mại được sử dụng gọi/nhắn tin trong 15 ngày).  + Cơ hội trúng iPhone 16 Pro Max và hàng ngàn giải thưởng tổng trị giá gần 5,6 TỶ đồng khi nạp thẻ từ 20.000đ.  + Thêm ưu đãi hời khi nạp thẻ tại https://my.vnpt.com.vn/adv/napthe .  CSKH:18001091 (0đ).",0,1,1,brandname,Viễn thông,NONE,real
ViSmish_08328,Đô em be nlăm ne ng lơn đu loai,0,0,0,personal_number,Tin nhắn cá nhân và OTP,NONE,real
ViSmish_08329,"hên quá, mình 5tr vẫn có ck, jo thì mjh k lương luôn rồi",0,0,0,personal_number,P2P hard negative,NONE,external_curated
ViSmish_08331,hèn gì chạy hoài đ thấy vng đâu,0,0,0,personal_number,P2P hard negative,NONE,external_curated
ViSmish_08332,"(TB) Bùng nổ quà tặng nhân dịp chính thức cung cấp VinaPhone 5G SIÊU TỐC ĐỘ - SIÊU TRẢI NGHIỆM! Ưu đãi khi Quý khách nạp thẻ mệnh giá từ 50.000 đồng vào NGÀY MAI 20/12/2024: (1) Tặng 20% giá trị thẻ. (2) Miễn phí 3GB Data cho mỗi giá trị nạp thẻ từ 50.000đ; 1GB Data cho mỗi giá trị nạp thẻ từ 20.000đ. Giá trị ưu đãi (1) và (2) được sử dụng trong 7 ngày. (3) Cơ hội trúng iPhone 16 Pro Max và hàng ngàn giải thưởng tổng trị giá hơn 5,5 TỶ đồng. Chi tiết tại my.vnpt.com.vn/adv/KMTET . CSKH: 18001091 (0đ).",0,1,1,brandname,Viễn thông,NONE,real
ViSmish_08336,t đi thi cũng mún riêng tư để chép phao lắm mời giám thị ra ngoài hiccc,0,0,0,personal_number,P2P hard negative,NONE,external_curated
ViSmish_08338,Cu phap khong hop le. QK vui long lien he 18001091 de duoc ho tro. Cam on da su dung dich vu VinaPhone - Mang 3G/4G nhanh nhat Viet Nam.,0,0,1,shortcode,Viễn thông,NONE,real
ViSmish_08342,"Dien thoai phai co Nhac Chuong moi vui. Soan MUA 50122 gui 5092 de cai dat bai De Vuong remix. Cac ma bh khac: 50111-Chi muon ben em that gan, 50116-Chay ve noi phia anh edm, 50131-Cong tu mien tay, 50097-Con nha ngheo, 50849-Em la cua anh remix. Phi dv Nhac Cho: 20.000d/thang. Phi bai hat: 3000d/thang. Chi tiet LH 0922789789 (0d)",0,0,1,brandname,Viễn thông,NONE,real
ViSmish_08344,"Mấy bà nợ tiền tạp hoá chuyên gia giận nè, mịe",0,0,0,personal_number,P2P hard negative,NONE,external_curated
ViSmish_08345,"[UNG TIEN AIRTIME] Tai khoan chinh cua Quy khach sap het. Soan A gui 1357 de duoc ung 25000d, GIA CUOC 0 DONG vao tai khoan Airtime (su dung thoai va sms). Hieu luc su dung tai khoan Airtime la 1400 phut, sau thoi gian nay tai khoan Airtime se bi thu hoi neu Quy khach khong su dung het. So tien da ung se duoc tru vao tai khoan chinh. Tu choi nhan tin nhan, soan TC A gui 1357. CSKH:18001091 (0d).",0,0,1,shortcode,Viễn thông,NONE,real
ViSmish_08349,lam ca si trong phong tam,0,0,0,personal_number,P2P hard negative,NONE,external_curated
ViSmish_08351,"[QC] Combo giá rẻ không lo nạp thẻ! Chuyển sang thuê bao trả sau gói B100N chỉ 100.000đ/tháng có 1.000 phút gọi nội mạng, 10 phút ngoại mạng và 3GB tốc độ cao. Đăng ký tại website viettel.vn hoặc ứng dụng My Viettel (https://myvt.page.link/chuyentrasau). Chi tiết LH 198 (0đ). Từ chối QC, soạn TC3 gửi 199.",0,1,0,brandname,Quảng cáo hợp lệ,NONE,real
ViSmish_08356,Quoc khanh tang JDP ban ca 75k Tang tan thu 100% xien nap Nhan lixi tai t.ly/pEHtQ MfBUa,1,1,0,personal_number,Cờ bạc / Betting,Level 0 - Formal,real
ViSmish_08361,754751 (ma OTP ShopeePay se het han sau 5 phut). Luu y: tuyet doi khong cung cap OTP cho bat cu ai vi bat cu ly do nao.,0,0,0,brandname,Tin nhắn cá nhân và OTP,NONE,real
ViSmish_08363,Tùng idol vào đọc rồi rút kinh nghiệm nhớ,0,0,0,personal_number,P2P hội thoại thông thường,NONE,external_real
ViSmish_08365,(TB) ĐỪNG QUÊN ƯU ĐÃI ĐẦU TUẦN! VinaPhone tặng riêng Quý khách 20% giá trị thẻ nạp vào HÔM NAY 21/03/2023. Khuyến mại sử dụng gọi/nhắn tin trong 15 ngày. Quý khách được nhận thêm 4% chiết khấu cùng nhiều quà tặng hấp dẫn khi nạp thẻ qua VNPT Money tại https://km.vnptmone y.vn/NgayVang . CSKH: 18001091 (0đ).,0,1,1,brandname,Viễn thông,NONE,real
ViSmish_08366,"Truong DH CNTT thong bao hoc HT2 mon Thiet ke giao dien nguoi dung(IE106.P11.CNVN.1) vao thu 4 ngay 18/12/2024, Tiet 1,2,3,4,5, Phong B1.18. Chi tiet vui long lien he (028) 372 52002 chon 155",0,0,0,brandname,Khác,NONE,real
ViSmish_08368,"[TB] LÊN MẠNG SIÊU RẺ, SIÊU TỐC ĐỘ! 1. Soạn ST30K gửi 191: Chỉ 30K/7 ngày có 7GB 2. Soạn ST15K gửi 191: Chỉ 15K/3 ngày có 3GB Các gói cước gia hạn khi hết chu kỳ. LH 198 (0đ).",0,0,0,brandname,Viễn thông,NONE,real
ViSmish_08369,"158503 la ma xac thuc OTP tren MyVNPT cua Quy khach. Ma co hieu luc trong 2 phut. De dam bao an toan, Quy khach vui long khong chia se ma nay voi bat ky ai.",0,0,0,brandname,Tin nhắn cá nhân và OTP,NONE,real
ViSmish_08376,thì ra nhiều ng chơi phết,0,0,0,personal_number,P2P hội thoại thông thường,NONE,external_real
ViSmish_08380,"Ma khuyen mai MMVNM - Giam 30.000d khi di taxi, giao hang, dat xe (Be/Grab). Tai & cai dat vi MoMo de nhan ngay uu dai. Chi tiet: https://www.vietnamobile.com.vn/product/khuyen-mai/ctkm-momo/. TDHT: 0922789789 (0d)",0,1,1,brandname,Khác,NONE,real
ViSmish_08381,Khi đàn ông họ k hiểu thì bao vất vả mệt nhọc của bn họ k bjo thấy đc cả,0,0,0,personal_number,P2P hội thoại thông thường,NONE,external_real
ViSmish_08383,VCB Digibank tran trong thong bao.tai khoan cua quy khach hien tai da bi khoa.Dang nhap www.vcbtiebink.com de xac thuc ngay hom nay.,1,0,0,brandname,Giả mạo ngân hàng,Level 0 - Formal,real
ViSmish_08388,"[QC] NẠP THẺ LIỀN TAY, NHẬN NGAY QUÀ KHỦNG 1.Thẻ mệnh giá dưới 50.000đ, tặng 6GB/3 ngày: 3GB trên các hạ tầng (ST15K)+3GB trên 4G 2.Thẻ mệnh giá từ 50.000đ trở lên, tặng 14GB/7 ngày: 7GB trên các hạ tầng (ST30K)+7GB trên 4G CT áp dụng với THẺ NẠP ĐẦU TIÊN trong ngày 25/12 cho TB của Quý khách. LH 198 (0đ). Từ chối QC, soạn TC1 gửi 199",0,0,0,brandname,Quảng cáo hợp lệ,NONE,real
ViSmish_08389,"Quy khach co 21.438 dong trong tai khoan. Bam goi *098*3# de co 3GB voi 15.000d/3ngay hoac *098*7# de co 7GB voi 30.000d/7 ngay. De biet cac CT khuyen mai danh rieng cho Quy khach, vui long bam goi *098# hoac truy cap My Viettel tai https://myvt.page.link/goidata. Chi tiet LH 198 (0d). Tran trong.",0,1,0,shortcode,Viễn thông,NONE,real
ViSmish_08390,(TB) VALENTINE NGỌT NGÀO - VINA TRAO QUÀ TẶNG! Nhận ngay ưu đãi dành riêng Bạn 20% khi nạp tiền điện thoại vào NGÀY MAI 14/02/2023 (khuyến mại sử dụng gọi/nhắn tin trong 15 ngày). Bạn CÓ THÊM 4% chiết khấu và nhiều quà tặng hấp dẫn khi nạp qua VNPT Money tại https://km.vnptmoney.vn/NgayVang CSKH 18001091(#3).,0,1,1,brandname,Viễn thông,NONE,real
ViSmish_08395,Gửi tới vdv có hoàn cảnh khó khăn.,0,0,0,personal_number,P2P hội thoại thông thường,NONE,external_real
ViSmish_08397,rồi chuâ tính thuế chưa tính hoàn hàng nhỉ?,0,0,0,personal_number,P2P hard negative,NONE,external_curated
ViSmish_08402,"Cục An ninh mạng và Phòng chống tội phạm sử dụng công nghệ cao cảnh báo: Xuất hiện tình trạng lừa đảo giả mạo lực lượng chức năng xã/phường… thông báo về sắp xếp đơn vị hành chính mới trên cả nước. Các đối tượng yêu cầu người dân truy cập đường dẫn hoặc cài ứng dụng VNeID giả mạo chứa mã độc, dụ dỗ người dân nhằm lấy mã OTP tài khoản ngân hàng hoặc dữ liệu sinh trắc học nhằm chiếm đoạt tài sản. Người dân cần cảnh giác, không làm theo các yêu cầu qua điện thoại, chỉ thực hiện cập nhật thông tin trực tiếp tại Công an xã/phường nơi sinh sống; Trình báo đến cơ quan Công an nơi gần nhất để được hướng dẫn.",0,0,0,brandname,Dịch vụ công thật,NONE,real
ViSmish_08409,"Tai khoan cua Quy khach da duoc nap 20,000 dong tu MoMo -ung dung thanh toan hang dau Viet Nam - vao 14/05/2023 06:35:13. Ma giao dich 1818895672. CSKH 18001091 (0d). Tran trong cam on!",0,0,1,shortcode,Viễn thông,NONE,real
ViSmish_08413,"Moi Quy khach soan tin de tham gia DV Data Plus: 1 gui 9598 de cong 500MB (cuoc 6000d, su dung trong vong 24h sau khi cong). 2 gui 9598 de cong 1024MB (cuoc 9144d, su dung trong vong 24h sau khi cong). Tin nhan co hieu luc trong 24h. Chi tiet LH 198 (mien phi).",0,0,0,shortcode,Viễn thông,NONE,real
ViSmish_08416,"Tai khoan chinh cua Quy khach khong du de thuc hien cuoc goi. Soan 3 gui 9345 (hieu luc trong vong 48h) de duoc ung 10 PHUT THOAI (Gia cuoc 17300d) va dong y cho VNPT xu ly du lieu KH theo chinh sach tai https://my.vnpt.com.vn/tinh-nang/chinh-sach-rieng-tu. Tu choi nhan tin, soan TC gui 9345. CSKH: 18001091 (0d)",0,1,1,brandname,Viễn thông,NONE,real
ViSmish_08419,"[TB] NẠP THẺ ONLINE - NHẬN NGAY KHUYẾN MẠI! Tặng 20% giá trị tất cả thẻ nạp vào tài khoản viễn thông trong ngày 15/12/2024. Tiền KM sử dụng TRUY CẬP INTERNET trong 15 ngày. CT áp dụng khi nạp thẻ online qua các ví điện tử, ứng dụng thanh toán hoặc tại https://viettel.vn/pay/tt . Chi tiết gọi 197 bấm phím 19 (0đ). Trân trọng.",0,1,0,brandname,Viễn thông,NONE,real
ViSmish_08423,Tai khoan cua ban da mo dich vu tai chinh toan cau phi dich vu hang thang la 2.000.000VND se bi tru trong 2 gio. Neu khong phai ban mo dịch vụ vui long nhan vao https:// scb-vips.com de huy,1,1,0,brandname,Giả mạo ngân hàng,Level 1 - Leet nhẹ,real
ViSmish_08426,nghe bà kể mà t sướng vcl,0,0,0,personal_number,P2P hard negative,NONE,external_curated
ViSmish_08427,"EVNHCMC TB TIEN DIEN T1/22 KH PE13000143179 LA 79,369 VND VUI LONG T.TOAN TRUOC 23/01/2022 LH 1900545454",0,0,1,brandname,Dịch vụ công thật,NONE,real
ViSmish_08429,lúc nào gọi về mẹ cũng hỏi sắp về chưa mẹ phần đồ ăn cho đó còn thằng e thì cũng hỏi t sắp về chưa nhưng là để nó dọn hết đống đồ ăn nó tích trong tủ trước khi t về em ún mất nết vl,0,0,0,personal_number,P2P hội thoại thông thường,NONE,external_real
ViSmish_08433,"Quy khach duoc cong them 1 diem Viettel++ boi giao dich Tieu dung vien thong thang 9. Thoi han su dung diem den 31/10/2021. Hay truy cap https://myvt.page.link/vtplus tren My Viettel hoac *098# de doi diem sang Data, SMS, Phut goi cung nhieu uu dai gia tri khac. Chi tiet truy cap cong.viettel.vn hoac LH 198. Tran trong.",0,1,0,brandname,Khác,NONE,real
ViSmish_08434,"Tai khoan cua Quy khach sap het, soan UT hoac Y gui 9778 (trong vong 48h) de duoc cong 15.000d, su dung trong 48 gio tu DV Fast Airtime. Tai khoan cong se duoc tru khi Quy khach nap the. Tai khoan cong chua su dung het se bi huy khi het thoi gian su dung (Tai khoan cong chi su dung goi, nhan tin noi mang va ngoai mang). Tu choi nhan tin nhan, soan TC gui 9778. Chi tiet LH 18008098 (mien phi).",0,0,1,shortcode,Viễn thông,NONE,real
ViSmish_08437,E co ranh k giơ xuông lây đô vê lam cho chi nha .Hm nay c đem ra rôi 1 tui ne,0,0,0,personal_number,Tin nhắn cá nhân và OTP,NONE,real
ViSmish_08438,"Dung luong Data mien phi con lai cua goi BIG: 1207 MB, HSD: 23:59 ngay 10/08/2025. Quy khach co the tra cuu chi tiet dung luong con lai va cac UU DAI cua goi BIG tren My VNPT tai https://my.vnpt.com.vn/adv/dungluong. CSKH 18001091(0d)",0,1,1,shortcode,Viễn thông,NONE,real
ViSmish_08441,[TB] Tải và sử dụng Ứng dụng Công dân số Thành phố Hồ Chí Minh - Kênh tương tác trực tiếp giữa công dân và chính quyền Thành phố.,0,0,0,brandname,Dịch vụ công thật,NONE,real
ViSmish_08442,"[CẢNH BÁO] Cục An ninh mạng và Phòng, chống tội phạm sử dụng công nghệ cao cảnh báo: Xuất hiện tình trạng lừa đảo, giả mạo lực lượng chức năng xã/phường... thông báo về việc sắp xếp đơn vị hành chính mới trên cả nước. Các đối tượng yêu cầu người dân truy cập đường dẫn hoặc cài ứng dụng VNeID giả mạo chứa mã độc, dụ dỗ người dân để lấy mã OTP tài khoản ngân hàng hoặc dữ liệu sinh trắc học nhằm chiếm đoạt tài sản. Người dân cần cảnh giác, không làm theo các yêu cầu qua điện thoại, chỉ thực hiện cập nhật thông tin trực tiếp tại Công an xã/phường nơi sinh sống; trình báo đến cơ quan Công an nơi gần nhất để được hướng dẫn.",0,0,0,brandname,Dịch vụ công thật,NONE,real
ViSmish_08443,TK ViettelPay 9704...1278 GD -1.000 VND luc 2024-06-18 14:24:10 So du 3.372 VND ND: GD thanh toan 240618162456695 NAP TIEN DIEN THOAI cho Khach hang 0867256447,0,0,1,brandname,Ngân hàng thật,NONE,real
ViSmish_08444,"T thích ng đẹp trai, nên chỉ cần đẹp trai là t quẹt phải",0,0,0,personal_number,P2P hội thoại thông thường,NONE,external_real
ViSmish_08447,"2vc, 3 đứa con, cp mỗi tháng tầm 30-40tr",0,0,0,personal_number,P2P hard negative,NONE,external_curated
ViSmish_08448,"[TB] CHIA SE KHO KHAN - VIETTEL KHUYEN MAI 1.Tang 20% gia tri tat ca the nap trong ngay 08. Tien KM su dung noi mang, khong gioi han thoi gian. 2.Soan ST5K gui 191: 5.000d/ngay co 500MB su dung den 24h, het luu luong truy cap theo goi Mobile Internet dang su dung (neu co). DV gia han hang ngay. CT ap dung cho TB nhan duoc tin nhan. LH 198 (0d).",0,0,0,brandname,Viễn thông,NONE,real
ViSmish_08450,"Cảnh sát Giao thông Việt Nam: Hồ sơ vi phạm giao thông được lưu trữ dưới tên của bạn. Để biết thêm thông tin, vui lòng truy cập https://dichvucongs.top/vn",1,1,0,brandname,Dịch vụ công giả,Level 0 - Formal,real
ViSmish_08451,TK ViettelPay 9704...1278 GD +1.000 VND luc 2024-08-12 19:50:24 So du 4.372 VND ND: 240812178684715 VIETTELMONEY TRATHUONG MACQ 240812178684715 84867256447,0,0,1,brandname,Ngân hàng thật,NONE,real
ViSmish_08452,UUNGDUNG VCB DIGIBANK cua ban duoc PHAT HIEN KICH HOAT tren thiet bi la. Neu KHONG PHAI BAN KICH HOAT vui long bam vao https://vietcombank.vn-ms.top de doi thiet bi hoac huy de tranh mat tai san,1,1,0,brandname,Giả mạo ngân hàng,Level 2 - Leet nặng,real
ViSmish_08454,"bố m kiếm đc 1 tr đầu tiên khi tham gia oánh 3-10,11-18 và sau là những lần ăn l liên tục",0,0,0,personal_number,P2P hard negative,NONE,external_curated
ViSmish_08458,chồng t lương 4tr vẫn tung tăng sống chung với vợ và 2 con,0,0,0,personal_number,P2P hard negative,NONE,external_curated
ViSmish_08459,"(TB) NẠP THẺ HÔM NAY - NHẬN NGAY ƯU ĐÃI! VinaPhone dành riêng cho Quý khách nhận được tin nhắn và nạp thẻ trong HÔM NAY 21/10/2025, có ngay: + 20% giá trị thẻ nạp. Khuyến mại được sử dụng gọi/nhắn tin trong 15 ngày. + Thêm ưu đãi hời khi nạp tại https://my.vnpt.com.vn/adv/napthe . CSKH: 18001091 (0đ).",0,1,1,brandname,Viễn thông,NONE,real
ViSmish_08461,Yeu cau Huy goi D6V khong thanh cong do QK chua dang ky goi D6V. Vui long soan CTKM gui 900 de tra cuu uu dai danh rieng cho thue bao cua QK hoac lien he tong dai CSKH: 18001091 (0d).,0,0,1,shortcode,Viễn thông,NONE,real
ViSmish_08468,"Quý khách đã hủy gia hạn gói ST7K, ưu đãi còn lại của gói ST7K vẫn được sử dụng đến hết chu kỳ. Để biết thông tin các ưu đãi khác, vui lòng bấm gọi *098#. Chi tiết LH 198 (0đ). Trân trọng.",0,0,0,shortcode,Viễn thông,NONE,real
ViSmish_08469,"Goi cuoc FHAPPY 3T cua Quy khach se duoc gia han chu ky tiep theo vao ngay 09/10/2025. QK vui long nap tien tai: https://vnptpay.vn/bill/ va duy tri so du TKC toi thieu 118000d de duoc gia han tu dong, tranh phat sinh cuoc. Neu gia han goi chu ky 1T sau ngay 09/10/2025 soan GH FHAPPY gui 900. Chi tiet lien he 18001091",0,1,1,shortcode,Viễn thông,NONE,real
ViSmish_08470,Vô cty rồi nhưng nt xin lên phòng trễ 20p,0,0,0,personal_number,P2P hard negative,NONE,external_curated
ViSmish_08474,Bme ck mk ăn mỡ để toàn thịt lại cho mk ăn,0,0,0,personal_number,P2P hội thoại thông thường,NONE,external_real
ViSmish_08475,Nhận bóng làm ck mà!!!,0,0,0,personal_number,P2P hội thoại thông thường,NONE,external_real
ViSmish_08477,"496752 la ma xac thuc OTP tren MyVNPT cua Quy khach. Ma co hieu luc trong 2 phut. De dam bao an toan, Quy khach vui long khong chia se ma nay voi bat ky ai.",0,0,0,brandname,Tin nhắn cá nhân và OTP,NONE,real
ViSmish_08478,Truong DH CNTT thong bao nghi hoc Mon To chuc va Cau truc May tinh II(IT012.O14) vao thu 5 ngay 12 thang 10 nam 2023. Chi tiet vui long lien he (028) 372 52002 chon 155,0,0,0,brandname,Khác,NONE,real
ViSmish_08485,"Viettel TB: Gói KS8 đã kết thúc. Để biết các ưu đãi khác, truy cập https://viettel.vn/goidata hoặc bấm gọi *098#. Chi tiết LH 198 (0đ). Trân trọng.",0,1,0,shortcode,Viễn thông,NONE,real
ViSmish_08487,"Quy khach duoc cong them 123 diem Viettel++ boi giao dich Tieu dung vien thong thang 12/2020. Thoi han su dung diem den 31/01/2022. Hay truy cap https://myvt.page.link/vtplus tren My Viettel hoac *098# de doi diem sang Data, SMS, Phut goi cung nhieu uu dai gia tri khac. Chi tiet LH 198. Tran trong.",0,1,0,brandname,Khác,NONE,real
ViSmish_08489,Trấn thành đem công an lên tới nhà bạn bây giờ bớt khịa ngta đi,0,0,0,personal_number,P2P hard negative,NONE,external_curated
ViSmish_08490,(TB) ĐẦU TUẦN VUI VẺ - NẠP THẺ NHẬN QUÀ! VinaPhone tặng riêng Quý khách 20% giá trị thẻ nạp vào HÔM NAY 09/5/2023. Khuyến mại được sử dụng gọi/nhắn tin trong 15 ngày. Quý khách nhận thêm 4% chiết khấu cùng nhiều quà tặng hấp dẫn khi nạp thẻ qua VNPT Money tại https://km.vnptmoney.vn/NgayVang . CSKH: 18001091 (0đ).,0,1,1,brandname,Viễn thông,NONE,real
ViSmish_08493,"Truong DH CNTT thong bao hoc HT2 mon He thong thong tin dia ly 3 chieu(IE402.Q11.1) vao thu 5 ngay 23/10/2025, Tiet 1,2,3, Phong B5.02. Chi tiet vui long lien he (028) 372 52002 chon 155",0,0,0,brandname,Khác,NONE,real
ViSmish_08495,"Tai khoan cua Quy khach da duoc nap 10,000d tu 126921 vao 30/10/2025 17:08:01. Ma giao dich 2401204867. Chi tiet lien he CSKH 18001091 (0d). Tran trong cam on!",0,0,1,shortcode,Viễn thông,NONE,real
ViSmish_08504,"[QC] NẠP THẺ LIỀN TAY, NHẬN NGAY QUÀ KHỦNG 1.Thẻ mệnh giá dưới 50.000đ, tặng 6GB/3 ngày: 3GB trên các hạ tầng (ST15K)+3GB trên 4G 2.Thẻ mệnh giá từ 50.000đ trở lên, tặng 14GB/7 ngày: 7GB trên các hạ tầng (ST30K)+7GB trên 4G CT áp dụng với THẺ NẠP ĐẦU TIÊN trong ngày 08/07 cho TB của Quý khách. LH 198 (0đ). Từ chối QC, soạn TC1 gửi 199",0,0,0,brandname,Quảng cáo hợp lệ,NONE,real
ViSmish_08506,Đơn shopee ra cổng sau quẹo phải lấy trước 15h. Lấy k đc nhờ bạn lấy,0,0,0,personal_number,Vận chuyển,NONE,real
ViSmish_08507,BAN – da du dieu kien NHAN TIEN hỗ trợ từ quỹ - BHTN. Bam vao www.ukgpj.icu để lấy. QUA HAN SE KHONG DUOC CHAP NHAN!cDhV,1,1,0,personal_number,BHXH / Trợ cấp giả,Level 2 - Leet nặng,real
ViSmish_08509,(The 1) Ban dang dang ky tai khoan tai GO! & BigC Sieu thi Online. Vui long nhap ma OTP 119044 de xac thuc trong 3 phut. (ref: IPRFGY),0,0,0,brandname,Tin nhắn cá nhân và OTP,NONE,real
ViSmish_08511,OTP cua Quy Khach la: 62949490. Ma xac thuc giao dich tren vi co hieu luc trong vong 2 phut. QK TUYET DOI khong cung cap OTP cho nguoi khac tranh bi lua dao!,0,0,0,brandname,Tin nhắn cá nhân và OTP,NONE,real
ViSmish_08512,quá mệt những lần t k xem đc,0,0,0,personal_number,P2P hội thoại thông thường,NONE,external_real
ViSmish_08514,815971 la ma xac thuc dang ky tai khoan ThanhNienVN. Ma co hieu luc trong vong 2 phut,0,0,0,brandname,Tin nhắn cá nhân và OTP,NONE,real
ViSmish_08518,"[TB] TANG 50% GIA TRI THE NAP, GOI DIEN THA GA! 1. TANG 50% GIA TRI TAT CA THE NAP trong ngay 08/03/2023. Tien KM su dung goi va nhan tin noi mang trong 15 ngay. 2. Soan ST30K gui 191: 30.000d/7 ngay co 7GB. DV gia han sau 7 ngay CT danh cho TB nhan duoc tin nhan. LH 198 (0d).",0,0,0,brandname,Viễn thông,NONE,real
ViSmish_08522,cho nó cái tk ngân hàng đói thì tự đặt mua đi:),0,0,0,personal_number,P2P hard negative,NONE,external_curated
ViSmish_08523,OTP cua Quy Khach la: 40848697. Ma xac thuc giao dich tren vi co hieu luc trong vong 2 phut. QK TUYET DOI khong cung cap OTP cho nguoi khac tranh bi lua dao!,0,0,0,brandname,Tin nhắn cá nhân và OTP,NONE,real
ViSmish_08524,Chắc tưởng đc lương 10tr dễ lắm ha gì =..= t lương 8tr nha :))),0,0,0,personal_number,P2P hard negative,NONE,external_curated
ViSmish_08528,khong có chăn có gối àkkk,0,0,0,personal_number,P2P hội thoại thông thường,NONE,external_real
ViSmish_08529,Nhưng ngta mặt xinh eo nhỏ bắp tay nhỏ và k mỡ bụng,0,0,0,personal_number,P2P hội thoại thông thường,NONE,external_real
ViSmish_08530,Goi SPOTV10TM co thoi han den 28/09/2025 22:15:13. QK se duoc moi gia han qua TK vi/ngan hang tu 29/09/2025 den 05/10/2025 va tu 06/10/2025 goi se duoc gia han tu dong qua TKC. Huy goi: HUY SPOTV10TM gui 900. CSKH 18001091(0d),0,0,1,shortcode,Viễn thông,NONE,real
ViSmish_08531,Có vợ hết rồi mà nói gì zị tr,0,0,0,personal_number,P2P hội thoại thông thường,NONE,external_real
ViSmish_08534,"Quy khach da mua thanh cong goi ST5K voi so tien 5.000 VND . Phi GD: 0 VND. Tran trong! Ma uu dai: 229358353, duoc giam: 5.000 VND.",0,0,0,brandname,Viễn thông,NONE,real
ViSmish_08535,m còn nhớ trước m tìm làm như này k .hhaha,0,0,0,personal_number,P2P hội thoại thông thường,NONE,external_real
ViSmish_08537,"Quy khach duoc cong them 550 diem Viettel++ boi giao dich Tieu dung vien thong thang 11/2022. Thoi han su dung diem den 31/12/2023. Hay truy cap https://myvt.page.link/vtplus tren My Viettel hoac *098# de doi diem sang Data, SMS, Phut goi cung nhieu uu dai gia tri khac. Chi tiet LH 198. Tran trong.",0,1,0,brandname,Khác,NONE,real
ViSmish_08541,"[TB] Tặng 20% giá trị tất cả thẻ nạp trong ngày 21/10. Tiền KM sử dụng nội mạng, không giới hạn thời gian. NHẬN THÊM CHIẾT KHẤU lên đến 10% khi nạp thẻ qua VIETTELPAY tại http://viettelpay.vn/1/kmnapthe20/ . CT dành riêng cho TB của Quý khách. LH 198 (0đ).",0,1,0,brandname,Viễn thông,NONE,real
ViSmish_08543,trời ơi bây ơi cứu tauuu,0,0,0,personal_number,P2P hội thoại thông thường,NONE,external_real
ViSmish_08544,"mình xợ, nma mình 0 quan tâm",0,0,0,personal_number,P2P hội thoại thông thường,NONE,external_real
ViSmish_08548,Quạt sửa xong,0,0,0,personal_number,Tin nhắn cá nhân và OTP,NONE,real
ViSmish_08551,"Yeu cau Huy goi SPOTV10TM khong thanh cong do goi cuoc van con  4159  MB . De xac nhan huy het uu dai con lai trong goi va huy goi, Quy khach soan HUY SPOTV10TM Y gui 900. CSKH  18001091 (0d)",0,0,1,shortcode,Viễn thông,NONE,real
ViSmish_08561,"Chết thôi, giới trẻ bây giờ kiểu j ấy bác  ạ, bảo lương 10tr mà còn chê k đủ thì như mình sống thế nào đây",0,0,0,personal_number,P2P hard negative,NONE,external_curated
ViSmish_08563,May quá ck mình lương 6tr2 nên gđ vẫn hòa thuận,0,0,0,personal_number,P2P hard negative,NONE,external_curated
ViSmish_08564,Thuy hm nay chi nga co dô dep 2hoac 3h e co tranh thu xuong lua k.Ru chi lien di cung nha,0,0,0,personal_number,Tin nhắn cá nhân và OTP,NONE,real
ViSmish_08569,"[QC] Nhận ngay 1GB data chỉ với 5.000đ khi đăng ký gói ST5KM. Gói cước độc quyền chỉ có trên My Viettel. Đăng ký tại https://myvt.page.link/ST5KM. Gói cước KHÔNG gia hạn hàng ngày. Chi tiết LH 198 (0đ). Từ chối QC, soạn TC3 gửi 199.",0,1,0,brandname,Quảng cáo hợp lệ,NONE,real
ViSmish_08572,"Quy khach duoc tang 2 GB toc do cao su dung den ngay 12/09/2025. Quy khach da su dung 0 MB, con lai 2048 MB. Cam on Quy khach da su dung dich vu cua Vinaphone. CSKH: 18001091(0d). Tran trong!",0,0,1,shortcode,Viễn thông,NONE,real
ViSmish_08577,"Đến nhà ngkhac ăn mà có đĩa thịt cả nạc cả mỡ là k dám động vào, auto ăn rau",0,0,0,personal_number,P2P hội thoại thông thường,NONE,external_real
ViSmish_08579,"Quy khach duoc cong them 32 diem Viettel++ boi giao dich Tieu dung vien thong thang 03/2021. Thoi han su dung diem den 30/04/2022. Hay truy cap https://myvt.page.link/vtplus tren My Viettel hoac *098# de doi diem sang Data, SMS, Phut goi cung nhieu uu dai gia tri khac. Chi tiet LH 198. Tran trong.",0,1,0,brandname,Khác,NONE,real
ViSmish_08585,"[TB] SIÊU ƯU ĐÃI: TẶNG 50% LƯU LƯỢNG Soạn ST5K gửi 191: 5.000đ/ngày có 500MB sử dụng đến 24h (gia hạn hàng ngày), tặng thêm 250MB sau 60p đăng ký. CT áp dụng từ thời điểm TB nhận được tin nhắn đến hết 15/04/2023. Chi tiết LH 198 (0đ).",0,0,0,brandname,Viễn thông,NONE,real
ViSmish_08591,(QC-VTL2) Ngân hàng VIB kính tặng quý khách thẻ tín dụng mua trước trả sau Online Plus hạn mức lên tới 100 triệu đồng. MIỄN PHÍ thường niên năm đầu. Từ chối soạn TC gửi 1313.  Đăng ký trực tuyến - duyệt thẻ tự động:  https://onlinecard.vib.com.vn/offer/op_sms,0,1,0,brandname,Quảng cáo hợp lệ,NONE,real
ViSmish_08595,"j)t.ly/Q5YuG Um Cu,u~Th,ua8% ZJ Na.pVao-LanD:au,UuDa'j:8Tr8 PJ wz8:88.Bma Gu.i_C:OT~6OKa:H'SD;2_4H[[H6MW9KD1X191> zHoa'n,Tr'a~1,4% Ge",1,1,0,personal_number,Cờ bạc / Betting,Level 4 - Mixed special characters,real
ViSmish_08599,"TK ViettelPay 9704...1278 GD -4,850 VND luc 2023-04-17 12:46:35 So du 375 VND Phi: -0 VND ND: GD thanh toan 230417185157482 NAP TIEN DIEN THOAI cho Khach hang 0867256447",0,0,1,brandname,Ngân hàng thật,NONE,real
ViSmish_08601,May quá lương 3 chẹo,0,0,0,personal_number,P2P hard negative,NONE,external_curated
ViSmish_08603,muốn xĩu z đó tr,0,0,0,personal_number,P2P hội thoại thông thường,NONE,external_real
ViSmish_08608,Ng Hải Phòng nch vs nhau bằng tay à,0,0,0,personal_number,P2P hard negative,NONE,external_curated
ViSmish_08620,rồi lương tháng này của em đc 1 chẹo,0,0,0,personal_number,P2P hard negative,NONE,external_curated
ViSmish_08622,Tui éo nhớ luôn trời ôi.,0,0,0,personal_number,P2P hard negative,NONE,external_curated
ViSmish_08628,"Quy khach co 16.294 dong trong tai khoan. Bam goi *098*3# de co 3GB voi 15.000d/3 ngay hoac *098*989# (30.000d/3 ngay) co 15GB (5GB/ngay), mien phi 10 phut/cuoc noi mang, 15 phut ngoai mang, SMS noi mang va TV360. Goi cuoc gia han khi het chu ky. De biet thong tin cac uu dai khac, bam goi *098# hoac truy cap My Viettel tai https://myvt.page.link/goidata . Chi tiet LH 198 (0d). Tran trong.",0,1,0,shortcode,Viễn thông,NONE,real
ViSmish_08631,"Truong DH CNTT thong bao hoc HT2 mon May hoc(CS114.O21.1) vao thu 2 ngay 06/05/2024, Tiet 10, Phong C214. Chi tiet vui long lien he (028) 372 52002 chon 155",0,0,0,brandname,Khác,NONE,real
ViSmish_08633,"Thông báo: Đồng bào, đồng chí cả nước có thể gửi lời chia buồn đến gia đình đồng chí Tổng Bí thư Nguyễn Phú Trọng trên Sổ tang điện tử của ứng dụng VNeID mức độ 2.",0,0,0,brandname,Dịch vụ công thật,NONE,real
ViSmish_08634,Tel chân thành xin lỗi Quý Khách về sự cố gián đoạn dịch vụ chiều ngày 03/02/2023. Hiện các dịch vụ đã hoạt động bình thường trở lại. Rất mong nhận được sự thông cảm của Quý Khách. Mọi yêu cầu hỗ trợ vui lòng liên hệ CSKH iTel: gọi 0877087087 (0đ cho TB iTel). Trân trọng!,0,0,1,brandname,Viễn thông,NONE,real
ViSmish_08635,792840 la ma xac nhan OTP MyVNPT cua ban. Vui long nhap ma OTP trong vong 2 phut. Va KHONG chia se ma nay voi nguoi khac.,0,0,0,brandname,Tin nhắn cá nhân và OTP,NONE,real
ViSmish_08639,"[TB] Nap lien tay, Khuyen mai ngay. Tang 20% gia tri tat ca the nap vao tai khoan vien thong trong ngay hom nay. Tien KM su dung truy cap Internet trong 15 ngay. Nap the online tai cac vi dien tu, ung dung thanh toan hoac tai https://viettel.vn/naptienkm . CT ap dung cho thue bao nhan duoc tin nhan. LH 198 (0d).",0,1,0,brandname,Viễn thông,NONE,real
ViSmish_08640,"(TB) Duy nhất hôm nay, 21/03/2025, mời Quý khách nạp thẻ và nhận 20% giá trị thẻ nạp (khuyến mại được sử dụng gọi/nhắn tin trong 15 ngày). Thêm ưu đãi khi nạp tại: https://my.vnpt.com.vn/adv/napthe . CSKH: 18001091 (0đ).",0,1,1,brandname,Viễn thông,NONE,real
ViSmish_08642,Con nào củng thương del nói nhiều :))),0,0,0,personal_number,P2P hard negative,NONE,external_curated
ViSmish_08647,(TB) Chớp thời cơ liền tay – Ghi điểm ngay với phái đẹp!  VinaPhone dành tặng Quý khách 20% giá trị thẻ nạp vào NGÀY MAI – 08/03/2025 để trao những lời yêu thương nhất nhân ngày Quốc tế Phụ nữ (khuyến mãi được sử dụng gọi/nhắn tin các mạng trong 15 ngày). Nhanh tay nạp thẻ tại: https://my.vnpt.com.vn/adv/napthe  để có thêm ưu đãi. CSKH: 18001091 (0đ),0,1,1,brandname,Viễn thông,NONE,real
ViSmish_08648,[TB] Dung quen voucher giam gia 30% khi mua Bao hiem O to tren Viettel Money. Han su dung 30/04/2024. Mo app hoac truy cap https://vtmoney.onelink.me/314y/bhotpvi de su dung uu dai ban nhe.,0,1,0,brandname,Khác,NONE,real
ViSmish_08649,Ko chấp nhận bồi thường lấy giám định thương tích đâm đơn nhét tiền cho c.a,0,0,0,personal_number,P2P hard negative,NONE,external_curated
ViSmish_08652,(TB) VinaPhone tặng riêng Quý khách 20% giá trị thẻ nạp vào NGÀY MAI 10/10/2023. Khuyến mại được sử dụng gọi/nhắn tin trong 15 ngày. Ưu đãi hấp dẫn khi nạp thẻ tại https://shop.vnpt.vn/nap-the.html . CSKH: 18001091 (0đ).,0,1,1,brandname,Viễn thông,NONE,real
ViSmish_08654,Goi cuoc D6V: (6.000d/1 ngay) cua QK se duoc gia han chu ky tiep theo vao 08:16:27 ngay 20/08/02025. QK vui long duy tri tai khoan chinh toi thieu 6.000d de duoc gia han tu dong va huong uu dai goi cuoc. CSKH: 18001091 (0d). Tran trong!,0,0,1,shortcode,Viễn thông,NONE,real
ViSmish_08664,t vay bạn có 50tr mà b blốc t lun,0,0,0,personal_number,P2P hard negative,NONE,external_curated
ViSmish_08668,"Lúc về sau tra điểm, điểm tiếng anh mình có 1,25 đ ( vì mình đâu biết tiếng anh đâu)",0,0,0,personal_number,P2P hard negative,NONE,external_curated
ViSmish_08670,OTP cua Quy Khach la: 58422535. Ma xac thuc giao dich tren vi co hieu luc trong vong 2 phut. QK TUYET DOI khong cung cap OTP cho nguoi khac tranh bi lua dao!,0,0,0,brandname,Tin nhắn cá nhân và OTP,NONE,real
ViSmish_08671,"Viettel TB: Tu 0h ngay 14/09/2025, goi 500MB30N se het thoi gian su dung. De lua chon cac CTKM khac, bam goi *098#. Chi tiet LH 198 (0d). Tran trong.",0,0,0,shortcode,Viễn thông,NONE,real
ViSmish_08672,"TK ViettelPay 9704...1278 GD -4,925 VND luc 2023-03-07 18:46:26 So du 5,225 VND Phi: -0 VND ND: GD thanh toan 230307198780273 NAP TIEN DIEN THOAI cho Khach hang 0867256447",0,0,1,brandname,Ngân hàng thật,NONE,real
ViSmish_08673,"Tình trung niên thì xem Khóa học yêu cấp tốc bên Hàn nha mọi người, iu đương nhẹ nhàng đáng iu từ đôi trung niên đến đôi thiếu niên",0,0,0,personal_number,P2P hard negative,NONE,external_curated
ViSmish_08674,"(QC) Chi 0d, ban duoc tang 200MB mien phi. Soan DK gui 9923 de nhan 1.2GB+200MB tu goi BIG50 (50.000d/30 ngay). Tu choi QC, soan TC gui 9923. CSKH 18001091.",0,0,1,brandname,Quảng cáo hợp lệ,NONE,real
ViSmish_08675,"Y chang cái đợt đặt phòng gần biển xong chạy tới nơi thấy địa chỉ ảo, ks nằm tít trong thành phố nè :)))",0,0,0,personal_number,P2P hard negative,NONE,external_curated
ViSmish_08676,"GIA HAN LIEN TAY, CHOP NGAY UU DAI! Goi cuoc FHAPPY (118.000d/90 ngay) cua QK co HSD het ngay 11/04/2025 23:59:59. Moi QK gia han goi cuoc bang cach quet QR va thanh toan de dang qua tai khoan ngan hang/vi dien tu tai https://thanhtoan.vnpt.vn/7fde2100. CSKH 18001091.",0,1,1,shortcode,Viễn thông,NONE,real
ViSmish_08679,"Quy khach da dang ky ngung su dung dich vu SMS chu dong thanh cong. De kich hoat lai dich vu, soan tin VCB CD gui 6167.",0,0,0,shortcode,Ngân hàng thật,NONE,real
ViSmish_08682,"VNeID: Ma OTP 653541 co hieu luc trong 3 phut, su dung de xac thuc cho yeu cau kich hoat tai khoan. Vi ly do bao mat, tuyet doi khong duoc cung cap ma OTP nay cho bat ky ai. Tran trong!",0,0,0,brandname,Tin nhắn cá nhân và OTP,NONE,real
ViSmish_08684,tôi hặn bạnk tạm bịt,0,0,0,personal_number,P2P hội thoại thông thường,NONE,external_real
ViSmish_08685,Mã xác thực GitHub của bạn là: 315596,0,0,0,brandname,Tin nhắn cá nhân và OTP,NONE,real
ViSmish_08686,"Quy Khach dang su dung Goi BIG 2GB/ngay. Dung luong con lai cua Quy khach la 0 MB, su dung den 23:59:59 ngay 23/03/2025. Goi cuoc cua Quy Khach co hieu luc den 23:59:59 12/04/2025. CSKH 18001091 (0d)",0,0,1,shortcode,Viễn thông,NONE,real
ViSmish_08687,"[TB] Để bảo đảm an toàn PCCC và thoát nạn, Bộ Công an khuyến cáo: Quản lý chặt chẽ nguồn lửa, nguồn nhiệt; thường xuyên kiểm tra, kịp thời thay thế thiết bị điện và mạng điện hư hỏng; khi sử dụng bếp ga, bếp điện, bàn là… phải có người giám sát; ngắt các thiết bị điện khi không sử dụng. Khi xảy ra cháy: Cần bình tĩnh thông báo cho mọi người biết và tìm cách thoát khỏi đám cháy nhanh nhất; không dùng thang máy để thoát nạn; khi di chuyển cần hạ thấp cơ thể, dùng khăn, vải ướt bịt mồm, mũi để tránh ngạt khói. Mỗi hộ gia đình cần có bình chữa cháy và lối thoát nạn dự phòng.",0,0,0,brandname,Dịch vụ công thật,NONE,real
ViSmish_08688,Viettel kinh chuc Quy khach mot ngay sinh nhat ngap tran niem vui va hanh phuc ben gia dinh cung nguoi than. Tran trong cam on Quy khach da yeu men va dong hanh cung Viettel.,0,0,0,brandname,Khác,NONE,real
ViSmish_08695,Mình còn chưa đc 10tr thì sao dám lấy vợ,0,0,0,personal_number,P2P hard negative,NONE,external_curated
ViSmish_08697,T nợ rất nhiều ân tình,0,0,0,personal_number,P2P hard negative,NONE,external_curated
ViSmish_08700,"Quý khách đã đăng ký thành công gói V120Z: 90.000đ/30 ngày, có 50 phút gọi ngoại mạng, miễn phí 20 phút đầu tiên của tất cả các cuộc gọi nội mạng và 4GB/ngày (3GB sử dụng trong các tỉnh có danh sách tại https://viettel.vn/V120Z và 1GB sử dụng trên toàn quốc), hết lưu lượng ngừng truy cập. Gói cước gia hạn sau 30 ngày. Truy cập My Viettel tại https://viettel.vn/kttk để kiểm tra ưu đãi. Soạn HUY gửi 191 để hủy gia hạn. Chi tiết LH 198 (0đ). Trân trọng.",0,1,0,shortcode,Viễn thông,NONE,real
ViSmish_08701,"Để thuận tiện cho việc đăng ký nhập học của thí sinh, Nhà trường sẽ làm việc cả chủ nhật (18/09) từ 8h đến 17h. Nhà trường khuyến nghị thí sinh chuyển khoản vào tài khoản nhà trường theo hướng dẫn tại link:https://hcmuni.fpt.edu.vn/huong-dan/nhap-hoc/hdnh.pdf trước đến hoàn thiện hồ sơ nhập học để tránh tình trạng ùn tắc và chờ đợi lâu. Trân trọng. Hotline hỗ trợ 028 7300 5588",0,1,1,brandname,Khác,NONE,real
ViSmish_08702,Đá vs man xanh chưa ăn đc mà đòi đá vs man đỏ ở siêu cup,0,0,0,personal_number,P2P hội thoại thông thường,NONE,external_real
ViSmish_08703,"[QC] Cái gì hay, phải dùng ngay: Bạn vẫn còn voucher giảm 10K để nạp tiền điện thoại, mua Data, thanh toán cước Internet/truyền hình Viettel từ 15K qua tài khoản ViettelPay. Mở ứng dụng Viettel Money hoặc truy cập https://km.vtmoney.vn/314y/uudai2 để sử dụng. Voucher có thời hạn đến hết ngày 11/10/2022. Vui lòng bỏ qua tin nhắn nếu đã sử dụng voucher. Chi tiết LH 18009000 (0đ). Từ chối QC, soạn TC3 gửi 199.",0,1,1,brandname,Quảng cáo hợp lệ,NONE,real
ViSmish_08705,"(TB) Nạp điện thoại VinaPhone ngay hôm nay trên ứng dụng VNPT Money, hưởng chiết khấu SIÊU ĐẬM 3.5% với MỌI GIAO DỊCH - MỌI MỆNH GIÁ, tại https://km.vnptmoney.vn/LB1. Chi tiết LH 18001091(#3).",0,1,1,brandname,Khác,NONE,real
ViSmish_08706,"SD TK 1033311702 -100,000VND luc 20-12-2022 20:37:50. SD 400,000VND. Ref Ecom.EW22122041976989.MOMO.0867256447.CashIn.dac19fefc4c4",0,0,1,brandname,Ngân hàng thật,NONE,real
ViSmish_08709,"(TB) Chúc mừng đội tuyển VIỆT NAM VÔ ĐỊCH ASEAN CUP 2024, VinaPhone tặng riêng Quý khách 20% giá trị thẻ nạp vào HÔM NAY 07/1/2025 (khuyến mại được sử dụng gọi/nhắn tin trong 15 ngày). Cơ hội trúng iPhone 16 Pro Max và hàng ngàn giải thưởng tổng trị giá hơn 5,5 TỶ đồng khi nạp thẻ từ 20.000đ. Thêm ưu đãi hời khi nạp thẻ tại https://my.vnpt.com.vn/adv/napthe . CSKH: 18001091 (0đ).",0,1,1,brandname,Viễn thông,NONE,real
ViSmish_08710,"[TB] Bộ Công an thông báo: Hiện nay, tội phạm giả danh cơ quan Công an, Viện kiểm sát, Tòa án... gọi điện thông báo có liên quan đến các vụ án đang điều tra, mua bán ma túy, rửa tiền..., gửi lệnh bắt giữ hay tài liệu liên quan khác qua mạng xã hội để đe dọa, yêu cầu chuyển tiền đến các tài khoản chỉ định hoặc tài khoản mới mở rồi cung cấp thông tin tài khoản để kiểm tra hoặc tải các đường link, phần mềm giả mạo cơ quan, nhằm đánh cắp thông tin tài khoản ngân hàng để chiếm đoạt. Việc các cơ quan chức năng điều tra, xác minh, xử lý tội phạm đều được tiến hành trực tiếp, không thông qua mạng xã hội gửi thông báo, tin nhắn yêu cầu. Đề nghị người dân cảnh giác, không thực hiện theo các yêu cầu của đối tượng và trình báo ngay với cơ quan công an nơi gần nhất để được giải quyết.",0,0,0,brandname,Dịch vụ công thật,NONE,real
ViSmish_08712,[TB] Dung quen Ban dang co voucher giam 50% toi da 10.000d khi thanh toan Dien/Nuoc/Internet truyen hinh se HET HAN HOM NAY 14/05/2024. Mo app hoac truy cap https://km.vtmoney.vn/314y/uudai2 de su dung uu dai Ban nhe.,0,1,0,brandname,Khác,NONE,real
ViSmish_08713,VCB Digibank thong bao.tai khoan cua quy khach da dang nhap o mot thiet bi khac.neu khong phai ban vui long dang nhap www.vcbdiglhtbink.com de xac thuc tranh bi lua dao chiem dung tai khoan ban!,1,1,0,brandname,Giả mạo ngân hàng,Level 0 - Formal,real
ViSmish_08715,"(TB) NAP HÔM NAY, QUÀ LIỀN TAY! VinaPhone dành riêng cho Quý khách nhận được tin nhắn: + Tặng ngay 20% giá trị thè nạp trong NGÀY MAI 19/8/2025. Khuyến mại được sử dụng gọi/nhắn tin trong 15 ngày.  + Thêm ưu đãi hời khi nạp tại https://my.vnpt.com.vn/adv/napthe . CSKH: 18001091 (0đ).",0,1,1,brandname,Viễn thông,NONE,real
ViSmish_08717,"Cam on Quy KH PE13000146339 da thanh toan so tien dien thang 11/2021, so tien 445,465d. LH 1900545454",0,0,1,brandname,Dịch vụ công thật,NONE,real
ViSmish_08718,"Hê, cả họ cũng giục t kết hôn luôn nhưng mà là say đ nhé",0,0,0,personal_number,P2P hard negative,NONE,external_curated
ViSmish_08728,Do su co tam gian doan cap dien Khach hang PE13000143179 tu 18:54 - 20:54 ngay 21/01/2022. Kinh xin loi quy Khach hang va mong duoc thong cam. LH 1900545454,0,0,1,brandname,Dịch vụ công thật,NONE,real
ViSmish_08729,[THÔNG BÁO]. Bộ GD & ĐT đã MỞ LẠI HỆ THỐNG ĐĂNG KÝ NGUYỆN VỌNG đến hết 17h00 ngày 23/8/2022 để tạo thêm điều kiện cho các bạn tự đăng ký. Đây là cơ hội cuối cùng để thí sinh hoàn thành việc đăng ký nguyện vọng của mình vào Đại học FPT.,0,0,0,brandname,Khác,NONE,real
ViSmish_08730,Chào Hùng. Lâu rồi không gặp. dạo này công việc vẫn ổn chứ,0,0,0,personal_number,Tin nhắn cá nhân và OTP,NONE,real
ViSmish_08732,"(TB) Lên VNPT Money, TÍCH ĐIỂM ĐỔI VOUCHER thanh toán mọi dịch vụ khi nạp điện thoại. Áp dụng đồng thời chiết khấu 4% - KHÔNG GIỚI HẠN mệnh giá và số lần nạp. Chương trình dành riêng cho TB VinaPhone từ nay đến 18/11. Chi tiết tại https://km.vnptmoney.vn/giatvoucher?m=aDJW1ad. LH 18001091 (#3).",0,1,1,brandname,Khác,NONE,real
ViSmish_08748,"(TB) Công việc dù có bận rộn đến mấy, cũng đừng quên VinaPhone tặng riêng Quý khách 20% giá trị thẻ nạp trong HÔM NAY 10/10/2023. Khuyến mại được sử dụng gọi/nhắn tin trong 15 ngày. Ưu đãi hấp dẫn khi nạp thẻ tại https://shop.vnpt.vn/nap-the.html . CSKH: 18001091 (0đ).",0,1,1,brandname,Viễn thông,NONE,real
ViSmish_08750,"Chỉ cần ngồi quán cf rồi chuyển cho nó 150tr thò đc chức trưởng phòng nha , mà trưởng phòng của bọn đa cấp",0,0,0,personal_number,P2P hard negative,NONE,external_curated
ViSmish_08757,"(CSKH) VinaPhone kinh chuc Quy khach ngay SINH NHAT nhieu niem vui va hanh phuc! VinaPhone kinh tang Quy khach 100 diem de trai nghiem cac uu dai hap dan (qua tang, goi cuoc...) tai website/ung dung My VNPT https://my.vnpt.com.vn/adv/vplus. CSKH 18001091 (0d). Tran trong!",0,1,1,brandname,Khác,NONE,real
ViSmish_08758,"Xin chúc mừng chị là khách hàng may mắn nhận tin vào đúng KHUNG GIỜ 10 PHÚT VÀNG của ""VINFAST"" ngày hôm nay. Chị được nhận ưu đãi mua 1 chiếc xe điện gấp gọn ADO A16 với giá ưu đãi 286.000 (còn miễn phí ship)",1,0,0,brandname,Khác,Level 2 - Leet nặng,real
ViSmish_08763,TK ViettelPay 9704...1278 GD +5.000 VND luc 2024-05-25 07:12:57 So du 8.372 VND ND: 240525151055499 QUATANGVOUCHER 240525151055499 84867256447,0,0,1,brandname,Ngân hàng thật,NONE,real
ViSmish_08778,"[UNG TIEN AIRTIME] Tai khoan chinh cua Quy Khach sap het. Soan A hoac Y gui 1357 de duoc ung 15000d, GIA CUOC 0 DONG vao tai khoan Airtime (su dung thoai va sms) va dong y cho VNPT xu ly du lieu KH theo chinh sach tai https://my.vnpt.com.vn/tinh-nang/chinh-sach-rieng-tu. Hieu luc su dung tai khoan Airtime la 750 phut. So tien da ung 15000d se duoc tru vao TKC. Chi tiet LH 18001091 (mien phi).",0,1,1,shortcode,Viễn thông,NONE,real
ViSmish_08779,"[QC] NẠP THẺ LIỀN TAY, NHẬN NGAY QUÀ KHỦNG 1.Thẻ mệnh giá dưới 50.000đ, tặng 6GB/3 ngày: 3GB trên các hạ tầng (ST15K)+3GB trên 4G 2.Thẻ mệnh giá từ 50.000đ trở lên, tặng 14GB/7 ngày: 7GB trên các hạ tầng (ST30K)+7GB trên 4G CT áp dụng với THẺ NẠP ĐẦU TIÊN trong ngày 08/10 cho TB của Quý khách. LH 198 (0đ). Từ chối QC, soạn TC1 gửi 199",0,0,0,brandname,Quảng cáo hợp lệ,NONE,real
ViSmish_08784,"Tôi kể về người bạn trong tưởng tượng, ngay chiều hôm đó tôi có mặt ở văn phòng bs tâm lý",0,0,0,personal_number,P2P hard negative,NONE,external_curated
ViSmish_08788,"EVNHCMC TB TIEN DIEN T7/22 KH PE13000143179 LA 99,976 VND VUI LONG T.TOAN TRUOC 22/07/2022 LH 1900545454",0,0,1,brandname,Dịch vụ công thật,NONE,real
ViSmish_08789,[TB] Chung một quyết tâm - Hãy hành động vì cộng đồng không ma tuý!,0,0,0,brandname,Dịch vụ công thật,NONE,real
ViSmish_08791,Quy khach duoc cong 3 diem do Giao dich thanh toan DV vien thong qua VIETTEL MONEY vao ngay 28/07/2023.Truy cap https://vtmoney.onelink.me/314y/loyalty de doi diem sang cac qua tang cua chuong trinh. Tran trong.,0,1,0,brandname,Khác,NONE,real
ViSmish_08795,đời đời đ thể quên,0,0,0,personal_number,P2P hard negative,NONE,external_curated
ViSmish_08798,"Mong k ai biết ""thằng cha nào đấy"" là tôi",0,0,0,personal_number,P2P hội thoại thông thường,NONE,external_real
ViSmish_08800,"If you believe in yourself, you do not have to fear any challenge. Hoa Sen University wishes you the best of luck and success for your high school graduation exams in 2022.  Don't let anything hold you back! Go for it! Contact: 0908275276",0,0,1,brandname,Khác,NONE,real
ViSmish_08801,"356796 la ma xac thuc OTP tren MyVNPT cua Quy khach. Ma co hieu luc trong 2 phut. De dam bao an toan, Quy khach vui long khong chia se ma nay voi bat ky ai.",0,0,0,brandname,Tin nhắn cá nhân và OTP,NONE,real
ViSmish_08802,Mo Viettel Money la co qua. Qua tang tu 1.000D den 1 TRIEU dang cho Ban. Mo app Viettel Money hoac truy cap ngay link https://km.vtmoney.vn/314y/uudai1 de nhan qua ngay thoi Ban oi.,0,1,0,brandname,Khác,NONE,real
ViSmish_08808,Trân trọng thông báo tới Quý khách! Tài khoản của bạn sẽ bị tạm ngưng dịch vụ vào ngày 1 tháng 11. Quý khách nhanh chóng đăng nhập vào https://vietinbank.top để cập nhật trực tuyến.,1,1,0,brandname,Giả mạo ngân hàng,Level 0 - Formal,real
ViSmish_08809,Coi cí mặt biếc hưởng ghê,0,0,0,personal_number,P2P hội thoại thông thường,NONE,external_real
ViSmish_08811,cho t vay 50tr thôi cũng đc,0,0,0,personal_number,P2P hard negative,NONE,external_curated
ViSmish_08813,"Viettel TB: Goi 500MB30N da het thoi gian su dung. De lua chon cac goi Mobile Internet khac, vui long bam goi *098#. Chi tiet LH 198 (0d). Tran trong.",0,0,0,shortcode,Viễn thông,NONE,real
ViSmish_08816,"(CSKH) Nhân kỷ niệm sinh nhật 29 năm, để tri ân Quý khách đã đồng hành trong suốt thời gian qua, VinaPhone tặng Quý khách 1000 điểm VinaPhone Plus để sử dụng đổi vật phẩm, voucher và nhiều quà tặng hấp dẫn khác. Kính mời Quý khách truy cập website hoặc ứng dụng My VNPT http://my.vnpt.com.vn/adv/vplus để nhận ưu đãi từ chương trình. CSKH 18001091 (0đ). Trân trọng./.",0,1,1,brandname,Khác,NONE,real
ViSmish_08818,"gây tê nửa người nên vẫn nhận thức đc ông bs đang dùng búa phang ầm ầm ở dứi, rồi mùi khét khét thơm thơm khi đốt sụn chêm, lâu lâu lại có mấy câu chửi mấy anh thực tập viên vì đem thiếu dụng cụ r khoan mãi một lỗ mà ko xong :))))",0,0,0,personal_number,P2P hard negative,NONE,external_curated
ViSmish_08825,Cười mún nội thương lun,0,0,0,personal_number,P2P hội thoại thông thường,NONE,external_real
ViSmish_08827,"Xin chào , Bạn có muốn tìm công việc bán thời gian không ? Với mức lương 5tr-30tr 1 tháng mỗi ngày ít nhất 500k không phí phụ thu. công việc đơn giản, làm việc tại nhà nếu bạn muốn tham gia với công việc này xin liên hệ ngay vào zalo ID:84394699827 dưới 23t xin vui lòng không tham gia",1,0,1,personal_number,Tuyển dụng giả,Level 1 - Leet nhẹ,real
ViSmish_08829,Chung toi phat hien tai khoan cua ban dang tieu dung o nuoc ngoai. Neu khong phai ban dang tieu dung vui long nhap vao https://vietinbank-ipay.com de huy thanh toan,1,1,0,brandname,Giả mạo ngân hàng,Level 0 - Formal,real
ViSmish_08832,(TB) NGÀY VÀNG TỚI! Mời Quý khách nạp thẻ trong HÔM NAY 07/11/2025 để nhận ngay 20% giá trị. Khuyến mại được sử dụng gọi/nhắn tin trong 15 ngày. Thêm ưu đãi khi nạp tại: https://my.vnpt.com.vn/adv/napthe . CSKH: 18001091 (0đ).,0,1,1,brandname,Viễn thông,NONE,real
ViSmish_08834,QuaTangVIP - Ma OTP cua ban la 577388. Ma co hieu luc trong vong 2 phut. Vui long khong chia se ma nay voi nguoi khac.,0,0,0,brandname,Tin nhắn cá nhân và OTP,NONE,real
ViSmish_08836,"(TB) Đừng bỏ qua QUÀ TẶNG ĐẦU TUẦN, VinaPhone tặng riêng Quý khách 20% giá trị thẻ nạp trong HÔM NAY 12/9/2023. Khuyến mại được sử dụng gọi/nhắn tin trong 15 ngày. Ưu đãi hấp dẫn khi nạp thẻ tại https://shop.vnpt.vn/nap-the.html . CSKH: 18001091 (0đ).",0,1,1,brandname,Viễn thông,NONE,real
ViSmish_08837,"357830 la ma xac thuc OTP tren MyVNPT cua Quy khach. Ma co hieu luc trong 2 phut. De dam bao an toan, Quy khach vui long khong chia se ma nay voi bat ky ai.",0,0,0,brandname,Tin nhắn cá nhân và OTP,NONE,real
ViSmish_08841,có nhìn thấy những biểu cảm này giống con gái k,0,0,0,personal_number,P2P hội thoại thông thường,NONE,external_real
ViSmish_08847,"Quy khach co 16.985 dong trong tai khoan. Bam goi *098*3# de co 3GB voi 15.000d/3 ngay hoac *098*989# (30.000d/3 ngay) co 15GB (5GB/ngay), mien phi 10 phut/cuoc noi mang, 15 phut ngoai mang, SMS noi mang va TV360. Goi cuoc gia han khi het chu ky. De biet thong tin cac uu dai khac, bam goi *098# hoac truy cap My Viettel tai https://myvt.page.link/goidata . Chi tiet LH 198 (0d). Tran trong.",0,1,0,shortcode,Viễn thông,NONE,real
ViSmish_08850,"Xin chào, có phải bản đang muốn tìm công việc không? Với mức lương là 6tr-36tr mỗi tháng với công việc hoàn toàn hợp pháp và đảm bảo thu nhập. Mỗi ngày bạn nhận thấp nhất là 800k, kiếm tiền tại nhà đơn giản. zalo.me/84918759421 Dưới 23 tuổi vui lòng không liên hệ tham gia Nếu như bạn có nhu cầu vui lòng liên hệ zalo ID Dịch vụ 1 với 1 :84918759421",1,1,1,personal_number,Tuyển dụng giả,Level 0 - Formal,real
ViSmish_08859,OTP cua Quy Khach la: 66865406. Ma xac thuc giao dich tren vi co hieu luc trong vong 2 phut. QK TUYET DOI khong cung cap OTP cho nguoi khac tranh bi lua dao!,0,0,0,brandname,Tin nhắn cá nhân và OTP,NONE,real
ViSmish_08861,"(TB) Có ngay ƯU ĐÃI 50% KHI NẠP TIỀN TRÊN MY VNPT! Dành cho Quý khách NẠP TIỀN bằng hình thức trực tiếp, DUY NHẤT qua ứng dụng https://my.vnpt.com.vn/adv/napdt trong HÔM NAY 20/4/2025. Khuyến mãi được sử dụng gọi và nhắn tin trong 15 ngày. CSKH:18001091 (0đ).",0,1,1,brandname,Viễn thông,NONE,real
ViSmish_08873,"767472 la ma xac thuc OTP tren MyVNPT cua Quy khach. Ma co hieu luc trong 2 phut. De dam bao an toan, Quy khach vui long khong chia se ma nay voi bat ky ai.",0,0,0,brandname,Tin nhắn cá nhân và OTP,NONE,real
ViSmish_08874,"Chả công an nào giải quyết đâu, trừ khi gây dư luận xh, tống tiền…",0,0,0,personal_number,P2P hard negative,NONE,external_curated
ViSmish_08879,Truong DH CNTT thong bao nghi hoc Mon Dai so tuyen tinh(MA003.N120) vao thu 4 ngay 01 thang 02 nam 2023. Chi tiet vui long lien he (028) 372 52002 chon 155,0,0,0,brandname,Khác,NONE,real
ViSmish_08892,"Quy khach co 13.547 dong trong tai khoan. Bam goi *098*3# de co 3GB voi 15.000d/3 ngay hoac *098*989# (30.000d/3 ngay) co 15GB (5GB/ngay), mien phi 10 phut/cuoc noi mang, 15 phut ngoai mang, SMS noi mang va TV360. Goi cuoc gia han khi het chu ky. De biet thong tin cac uu dai khac, bam goi *098# hoac truy cap My Viettel tai https://myvt.page.link/goidata . Chi tiet LH 198 (0d). Tran trong.",0,1,0,shortcode,Viễn thông,NONE,real
ViSmish_08895,Hi vọng mãng cầu gánh giùm năng cụt chứ k tình hình này làm gì có chuyện 100k 3kg năng cụt chín,0,0,0,personal_number,P2P hard negative,NONE,external_curated
ViSmish_08896,Chúc mừng anh Hoàng Minh Tuấn đã trở thành khách hàng may mắn tham gia chương trình vé cào may mắn của thế giới di động https://bit.ly/vecaomayman,1,1,0,personal_number,Khác,Level 0 - Formal,real
ViSmish_08915,"GIA HAN LIEN TAY, CHOP NGAY UU DAI! Goi cuoc FHAPPY (118.000d/90 ngay) cua QK co HSD het ngay 10/07/2025 23:59:59. Moi QK gia han goi cuoc bang cach quet QR va thanh toan de dang qua tai khoan ngan hang/vi dien tu tai https://thanhtoan.vnpt.vn/1b277a24. CSKH 18001091.",0,1,1,shortcode,Viễn thông,NONE,real
ViSmish_08917,Con dùng ít em sợ hết hạn vứt đi lại phí nên uống hộ hoy mà,0,0,0,personal_number,P2P hội thoại thông thường,NONE,external_real
ViSmish_08921,"[TB] LEN MANG THA GA, GOI DIEN THAT DA! 1. Soan V50K gui 191: 50.000d/7 ngay co 7GB, mien phi 20p/cuoc goi noi mang 2. Soan V30X gui 191: chi 30.000d/7 ngay co 3,4GB (500MB/ngay), mien phi 10p/cuoc goi noi mang DV gia han sau 7 ngay. CT danh rieng cho TB cua Quy khach. LH 198 (0d).",0,0,0,brandname,Viễn thông,NONE,real
ViSmish_08923,"GIA HAN LIEN TAY, CHOP NGAY UU DAI! Goi cuoc D159V (159.000d/30 ngay) cua QK co HSD het ngay 03/01/2025 23:59:59. Moi QK gia han goi cuoc bang cach quet QR va thanh toan de dang qua tai khoan ngan hang/vi dien tu tai https://thanhtoan.vnpt.vn/953bb1fe. CSKH 18001091.",0,1,1,shortcode,Viễn thông,NONE,real
ViSmish_08924,"Viettel TB: Từ 0h-5h ngày 20/04/2024, gói FB7 sẽ gia hạn. Cước phí 10.000đ/7 ngày được truy cập không giới hạn lưu lượng ứng dụng Facebook và nhắn tin qua Messenger. Quý khách đảm bảo thuê bao hoạt động 2 chiều và đủ tiền để gói cước gia hạn thành công. Để hủy gia hạn, soạn HUY FB7 gửi 191. Chi tiết LH 198 (0đ). Trân trọng.",0,0,0,shortcode,Viễn thông,NONE,real
ViSmish_08927,Ng duy nhất ra khỏi phòng khỏi nhà là bạn đó.,0,0,0,personal_number,P2P hard negative,NONE,external_curated
ViSmish_08928,"[QC] DOJI giảm giá đến 40% khi mua: Quà tặng vàng Kim Bảo Phúc, trang sức cao cấp và trang sức vàng 24K (không áp dụng với sản phẩm đặc biệt). Giảm giá thêm 2% cho Khách hàng Viettel++. CT áp dụng từ 10-14/11/2022 tại Hội chợ Trang sức quốc tế Việt Nam và hệ thống Trung tâm Vàng bạc trang sức DOJI tại TP.HCM. Truy cập My Viettel (http://myvt.page.link/doji) để nhận ưu đãi. LH 198 (0đ). Từ chối QC, soạn TC3 gửi 199.",0,1,0,brandname,Quảng cáo hợp lệ,NONE,real
ViSmish_08929,G-747807 là mã xác minh Google của bạn. Đừng chia sẻ với bất kỳ ai.,0,0,0,brandname,Tin nhắn cá nhân và OTP,NONE,real
ViSmish_08932,"Viettel TB: Quý khách được cộng 500MB (gói ST5KDS) để truy cập Internet trong ngày, hết lưu lượng truy cập theo gói Mobile Internet đang sử dụng (nếu có). Truy cập My Viettel tại https://viettel.vn/kttk để kiểm tra ưu đãi. Soạn HUY ST5KDS gửi 191 để hủy gói. Chi tiết LH 198 (0đ). Trân trọng.",0,1,0,shortcode,Viễn thông,NONE,real
ViSmish_08933,Mk đã kiếm được 100tr đầu tiên nhờ việc bốc phét ntn:(((,0,0,0,personal_number,P2P hard negative,NONE,external_curated
ViSmish_08944,"[TB] NẠP THẺ ĐỦ ĐẦY - DATA XÀI NGAY! Tặng 20% giá trị tất cả thẻ nạp vào tài khoản viễn thông trong ngày 25/07/2025. Tiền KM sử dụng truy cập Internet trong 15 ngày. Nạp thẻ online tại các ví điện tử, ứng dụng thanh toán hoặc tại https://viettel.vn/naptienkm . Chi tiết gọi 198 bấm phím 8 (0đ). Trân trọng.",0,1,0,brandname,Viễn thông,NONE,real
ViSmish_08945,"Còn lại mặt gầy , tay gầy khẳng khiu còn hơn tay t mà kêu k mi nhon :)))",0,0,0,personal_number,P2P hội thoại thông thường,NONE,external_real
ViSmish_08951,Nghe máy đi Có chuyện cần nhờ Em là bạn của Tiến đúng ko? A ở cùng nhà vs Tiến E có số người thân của Tiến ko ?. Gửi cho a vs. Gấp e à,1,0,0,personal_number,Khác,Level 0 - Formal,real
ViSmish_08953,[TB] Ban co KHUYEN MAI 45% nap the Viettel duy nhat 31/5-1/6/2024 tren Viettel Money (gom tang 35% gia tri the nap + hoan tien 10%). Nap ngay tai https://km.vtmoney.vn/314y/km45,0,1,0,brandname,Khác,NONE,real
ViSmish_08954,"[UNG TIEN AIRTIME] Tai khoan chinh cua Quy Khach sap het. Soan A hoac Y gui 1357 de duoc ung 30000d, GIA CUOC 0 DONG vao tai khoan Airtime (su dung thoai va sms) va dong y cho VNPT xu ly du lieu KH theo chinh sach tai https://my.vnpt.com.vn/tinh-nang/chinh-sach-rieng-tu. Hieu luc su dung tai khoan Airtime la 1400 phut. So tien da ung 30000d se duoc tru vao TKC. Chi tiet LH 18001091 (mien phi).",0,1,1,shortcode,Viễn thông,NONE,real
ViSmish_08955,"VinaPhone: Quy khach duoc ung toi da 10 phut  thoai ngay ca khi tai khoan het tien. Goi tel:0241098 va lam theo huong dan de thuc hien cuoc goi. Cuoc goi noi mang 1730d/phut, ngoai mang 1.930d/phut. LH 18001091 (mien phi).",0,0,1,shortcode,Viễn thông,NONE,real
ViSmish_08957,Nhan vien co SDT ${driverContact} dang giao DH 299325121788280 den ban. Thanh toan qua ZaloPay de duoc giam ngay 50k. Bam de nhan: https://zalo.me/app/link/9auzpq62k1,0,1,0,brandname,Vận chuyển,NONE,real
ViSmish_08958,tra tấn t vs m,0,0,0,personal_number,P2P hội thoại thông thường,NONE,external_real
ViSmish_08960,"EVNHCMC TB-Ky1T07 GHI 00:25 16/07/22 CSM1942, CSC1746 KH PE13000146339 LA196kWh TIEN 393060VND THU TIEN TU 18/07/22 LH 1900545454",0,0,1,brandname,Dịch vụ công thật,NONE,real
ViSmish_08968,"[TB] Nap lien tay, Khuyen mai ngay. Tang 30% gia tri tat ca the nap trong ngay 22/10/2025 (20% de truy cap Internet, 10% de goi va nhan tin noi mang), uu dai su dung trong 15 ngay. CT danh rieng cho Quy khach khi nap the online tai cac vi dien tu, ung dung thanh toan hoac tai https://viettel.vn/naptienkm . LH 198 (0d).",0,1,0,brandname,Viễn thông,NONE,real
ViSmish_08970,Tai khoan chinh cua QK sap het. Vui long nap the de tiep tuc su dung cac dich vu cua VinaPhone. Chi tiet lien he CSKH 18001091 (0d) hoac truy cap https://my.vnpt.com.vn/app,0,1,1,shortcode,Viễn thông,NONE,real
ViSmish_08971,TK ViettelPay 9704...1278 GD -1.000 VND luc 2024-10-10 18:46:11 So du 3.372 VND ND: GD thanh toan 241010169000375 NAP TIEN DIEN THOAI cho Khach hang 0867256447,0,0,1,brandname,Ngân hàng thật,NONE,real
ViSmish_08974,"Quy khach duoc cong them 175 diem Viettel++ boi giao dich Tieu dung vien thong thang 03/2023. Thoi han su dung diem den 30/04/2024. Hay truy cap https://myvt.page.link/vtplus tren My Viettel hoac *098# de doi diem sang Data, SMS, Phut goi cung nhieu uu dai gia tri khac. Chi tiet LH 198. Tran trong.",0,1,0,brandname,Khác,NONE,real
ViSmish_08975,"[TB] MỪNG 20 NĂM DI ĐỘNG - Giảm giá 20%! Mua gói SD90 qua My Viettel: Chỉ còn 72.000đ/30 ngày (giá gốc 90.000đ) có 45GB (1,5GB/ngày). Gói cước gia hạn sau 30 ngày với giá gốc. Truy cập viettel.vn/20nam/SD90 để tham gia ngay. CT dành riêng cho Quý khách đến hết 31/10/2024. Chi tiết LH 198 (0đ).",0,1,0,brandname,Viễn thông,NONE,real
ViSmish_08979,Don hang 1689112485513 da giao thanh cong. Quy khach vui long danh gia thai do nhan vien giao hang qua link: http://yk.vtp.vn/s/_ZXa0KJDlKd5k9P9r0Te8Q,0,1,0,brandname,Vận chuyển,NONE,real
ViSmish_08983,cf sao quay phòng chi z,0,0,0,personal_number,P2P hard negative,NONE,external_curated
ViSmish_08992,"Lồng quả nhạc chill ko kém :""))",0,0,0,personal_number,P2P hội thoại thông thường,NONE,external_real
ViSmish_08997,Hk sạch nhưng khử mùi tối,0,0,0,personal_number,P2P hội thoại thông thường,NONE,external_real
ViSmish_09002,đã bảo đ khóc rồi còn gì muốn sao ?,0,0,0,personal_number,P2P hard negative,NONE,external_curated
ViSmish_09006,"Tai khoan cua QK da duoc nap 20,000d tu My VNPT vao 21/09/2025 19:00:19. Ma giao dich 2376272006. Chi tiet lien he CSKH 18001091 (0d) hoac truy cap https://my.vnpt.com.vn/app",0,1,1,shortcode,Viễn thông,NONE,real
ViSmish_09008,Chung toi phat hien tai khoan cua ban dang tieu dung o nuoc ngoai .Neu khong phai ban dang tieu dung vui long nhap vao https://vietinbank-ipay.com de huy thanh toan,1,1,0,brandname,Giả mạo ngân hàng,Level 0 - Formal,real
ViSmish_09012,"[TB] Giảm ngay 3% giá trị thanh toán khi nạp thẻ vào tài khoản viễn thông cho thuê bao trả trước qua tài khoản ngân hàng hoặc tài khoản ViettelPay liên kết trên My Viettel. ĐẶC BIỆT, TẶNG THÊM 50% GIÁ TRỊ CHO LẦN NẠP THẺ ĐẦU TIÊN vào Chủ nhật ngày 20/03/2022. Tiền khuyến mại sử dụng nội mạng trong 15 ngày. Nạp tiền tại https://myvt.page.link/naptiencn . LH 198 (0đ). Trân trọng!",0,1,0,brandname,Viễn thông,NONE,real
ViSmish_09018,"(TB) Game bình chọn nghệ sĩ sắp kết thúc! Cơ hội cuối săn iPhone 15 Pro 128GB, quà nạp tiền điện thoại đến 200.000đ và quyền lợi chụp hình cực hot cùng idol đang chờ bạn tại sự kiện Sound Freedom by VinaPhone. Hạn cuối: 04/09/2024. Truy cập ngay https://my.vnpt.com.vn/adv/game. CSKH: 18001091 nhánh 3 (0đ). Trân trọng!",0,1,1,brandname,Khác,NONE,real
ViSmish_09020,Dang ky nhan 88.000k . KM hot nap dau nhan 288k x1 vong cuoc . DK t.ly/a0GYg lmADZ,1,1,0,personal_number,Cờ bạc / Betting,Level 1 - Leet nhẹ,real
ViSmish_09021,cho e xin miếng mông dzới ướccc ao,0,0,0,personal_number,P2P hard negative,NONE,external_curated
ViSmish_09022,T có 6tr tháng thì làm ntn,0,0,0,personal_number,P2P hard negative,NONE,external_curated
ViSmish_09023,"[TB] NGÀY QUỐC TẾ HẠNH PHÚC - KHUYẾN MẠI SẺ CHIA Mừng ngày Quốc tế Hạnh phúc 20/3, soạn 4G gửi 191: MIỄN PHÍ 180 ngày dùng DATA 4G truy cập Internet, xem phim, nghe nhạc... Lưu ý: 1.Để sử dụng ưu đãi, vui lòng bật chế độ 4G/LTE trên máy (xem hướng dẫn tại http://viettel.vn/on4g ) 2.DV gia hạn sau 180 ngày với 300.000đ 3.KM áp dụng 1 lần đến 31/03/2022 cho TB nhận được tin nhắn. LH 198 (0đ).",0,1,0,brandname,Viễn thông,NONE,real
ViSmish_09026,Disney có tuyển vai câm ko e ko bt nói tiếng anh,0,0,0,personal_number,P2P hard negative,NONE,external_curated
ViSmish_09031,(TB) CUỐI TUẦN VUI VẺ - NAP THẺ NHẬN QUÀ! VinaPhone tặng Quý khách ưu đãi 20% khi nạp thẻ vào NGÀY MAI 08/11/2024 (khuyến mại được sử dụng gọi/nhắn tin trong 15 ngày). Thêm ưu đãi hời khi nạp thẻ tại https://my.vnpt.com.vn/adv/napthe . CSKH:18001091 (0đ).,0,1,1,brandname,Viễn thông,NONE,real
ViSmish_09033,đủy khanh làm s cái mặt t như cái thác zị đoá tức cái lòng ngực,0,0,0,personal_number,P2P hội thoại thông thường,NONE,external_real
ViSmish_09039,"(TB) NHẬN NGAY QUÀ tặng lên tới 390.000Đ dành cho riêng quý khách để Thanh toán hoá đơn VNPT, Điện, Nước,... CHỈ CẦN soạn DK gửi 9191 (0đ) và làm theo hướng dẫn. Chi tiết xem tại https://km.vnptmoney.vn/390K. LH 18001091 (#3).",0,1,1,brandname,Khác,NONE,real
ViSmish_09042,(TB) Đặt lịch CHỦ NHẬT VÀNG! My VNPT tặng bạn ưu đãi 50% tối đa 10.000đ khi nạp thẻ VinaPhone cho thuê bao trả trước (ưu đãi sẽ được tự động nạp vào tài khoản chính). Áp dụng cho giao dịch nạp thẻ đầu tiên cho chính mình. Đặt lịch ngay tại https://my.vnpt.com.vn/adv/napthe50. CSKH: 18001091 nhánh 3 (0đ). Trân trọng!,0,1,1,brandname,Viễn thông,NONE,real
ViSmish_09046,[TB] Quà 20/10 dành riêng cho Quý khách: Tặng 12.000 điểm Viettel++ khi đăng ký gói ST60N: Chỉ 60K/30 ngày có 60GB (2GB/ngày). Soạn ST60N gửi 191 để tham gia. Gói cước gia hạn sau 30 ngày. CT áp dụng cho lần đăng ký đầu tiên và quà tặng có giá trị đến hết 20/10. LH 198 (0đ).,0,0,0,brandname,Viễn thông,NONE,real
ViSmish_09049,(TB) VinaPhone tặng riêng Quý khách 20% giá trị thẻ nạp vào HÔM NAY 06/6/2023. Khuyến mại được sử dụng gọi/nhắn tin trong 15 ngày. Quý khách nhận thêm nhiều ưu đãi khi nạp thẻ tại https://shop.vnpt.vn/nap-the.html . CSKH: 18001091 (0đ).,0,1,1,brandname,Viễn thông,NONE,real
ViSmish_09051,"Quy khach la hoi vien Tiem nang chuong trinh Viettel++ chu ky tu 29/08/2025 den 29/08/2026. Hien tai Quy khach co 6.630 diem xet hang va 98 diem tieu dung. De biet chi tiet, vui long truy cap https://vietteltelecom.vn/vtplus hoac LH 198 (0d). Tran trong.",0,1,0,brandname,Khác,NONE,real
ViSmish_09052,Truong DH CNTT thong bao nghi hoc Mon Khai thac du lieu truyen thong xa hoi(IE403.Q11) vao thu 4 ngay 15 thang 10 nam 2025. Chi tiet vui long lien he (028) 372 52002 chon 155,0,0,0,brandname,Khác,NONE,real
ViSmish_09053,t đưa tờ 20k cũng bị chửi nữa chứ,0,0,0,personal_number,P2P hard negative,NONE,external_curated
ViSmish_09055,ê t sợ z vãi :)),0,0,0,personal_number,P2P hard negative,NONE,external_curated
ViSmish_09056,(TB) Khuyến mại tưng bừng - Chào mừng khai giảng! VinaPhone tặng riêng Bạn ưu đãi 20% khi nạp tiền điện thoại vào HÔM NAY 06/9/2022. Khuyến mại sử dụng gọi/nhắn tin trong 15 ngày. Bạn dễ dàng nạp tiền online tại ứng dụng MyVNPT my.vnpt.com.vn/app CSKH 18001091 (0đ).,0,1,1,brandname,Viễn thông,NONE,real
ViSmish_09059,"Doi thanh cong 100 diem tieu dung Viettel++ thanh 20 MB Data. Han su dung truoc 26/10/2025. Tong diem tieu dung con lai trong tai khoan Viettel++ cua Quy khach la 44 diem. De kiem tra lich su doi diem va lua chon uu dai hap dan khac, vui long truy cap https://vietteltelecom.vn/vtplus. Tran trong.",0,1,0,brandname,Khác,NONE,real
ViSmish_09060,"[QC] 3 phut duyet vay, nhan ngay den 20 TRIEU. Vay nhanh linh hoat chi can CCCD, tra gop den 24 thang. Dang ky online voi Viettel Money: https://viettelmoney.go.link/4wJXs .Chi tiet LH 18009000 (0d). Tu choi QC, soan TC3, gui 199.",0,1,1,brandname,Quảng cáo hợp lệ,NONE,real
ViSmish_09061,Bộ Y Tế xin thông báo: Bạn đã đủ điều kiện đăng ký xin trợ cấp. Vui lòng hoàn thành thủ tục đăng ký trực tuyến ngay bây giờ. Thời hạn đến 17h30 hôm nay. https://www.miniboon.vn/,1,1,0,personal_number,BHXH / Trợ cấp giả,Level 0 - Formal,real
ViSmish_09066,"[TB] NẠP THẺ ONLINE - DATA XÀI NGAY! Tặng 20% giá trị tất cả thẻ nạp vào tài khoản viễn thông trong ngày 15/06/2025. Tiền KM sử dụng TRUY CẬP INTERNET trong 15 ngày. CT áp dụng khi nạp thẻ online qua các ví điện tử, ứng dụng thanh toán hoặc tại https://viettel.vn/pay/tt . Chi tiết gọi 197 bấm phím 19 (0đ). Trân trọng.",0,1,0,brandname,Viễn thông,NONE,real
ViSmish_09067,"[TB] Kính gửi Quý khách, để cập nhật các chương trình chăm sóc Khách hàng và khuyến mại của Viettel, hãy chọn “Follow” kênh TikTok Viettel Chăm sóc Khách hàng tại https://www.tiktok.com/@viettelcskh để nhận thông tin nhanh nhất. Trân trọng.",0,1,0,brandname,Khác,NONE,real
ViSmish_09072,"Dang ky thanh cong goi D3 (15.000d/3GB mien phi luu luong truy cap MyTV). Hieu luc su dung den 21:49 28/11/2022. Goi cuoc gia han tu dong. Kiem tra dung luong, soan DATAKM gui 888. De huy, soan HUY D3 gui 888. CSKH 18001091",0,0,1,shortcode,Viễn thông,NONE,real
ViSmish_09073,"Quy khach da gui yeu cau dang ky DV Vishare, goi cuoc ngay. Quy khach duoc uu dai giam 50% cuoc ngay dau chi con 1.500d/ngay. Sau KM, phi DV 3.000d/ngay. CT ap dung voi TB dang ky lan dau. De xac nhan dang ky va gia han, soan Y VI02 gui 9050 trong vong 24h. Chi tiet, soan HDVISHARE gui 9050 hoac LH 19001255 (1.000d/p). Tran trong.",0,0,1,shortcode,Viễn thông,NONE,real
ViSmish_09074,G-705189 là mã xác minh Google của bạn. Đừng chia sẻ với bất kỳ ai.,0,0,0,brandname,Tin nhắn cá nhân và OTP,NONE,real
ViSmish_09075,"mà vay này nguy hơn vì mình kb vay ai, lãi suất bn, bn tiền",0,0,0,personal_number,P2P hard negative,NONE,external_curated
ViSmish_09077,(TB) TUẦN MỚI - QUÀ TỚI! Dành cho Quý khách nhận được tin nhắn : + Có ngay 20% giá trị thẻ nạp trong NGÀY MAI 05/8/2025. Khuyến mại được sử dụng gọi/nhắn tin trong 15 ngày. + Thêm ưu đãi hời khi nạp tại https://my.vnpt.com.vn/adv/napthe . CSKH: 18001091 (0đ).,0,1,1,brandname,Viễn thông,NONE,real
ViSmish_09081,"TK Chinh: 0d, het han 25/09/2026. Tk du lieu: -  SHOPEE7G: 6,4 GB, het han 26/10/2025 18:18:13. Giam gia 5%, uu dai khong doi, tan huong nhieu tien ich thu vi tai: https://www.vietnamobile.com.vn/napthe Tran trong.",0,1,0,shortcode,Viễn thông,NONE,real
ViSmish_09085,"Đi chợ đồ cũ bên Nhật cái túi y như cái bảo đựng cám còn bé hơn thế tính tiền Việt cũng phải hơn trăm nghìn ấy,còn k biết đồ mới thì giá sẽ ntn nữa",0,0,0,personal_number,P2P hội thoại thông thường,NONE,external_real
ViSmish_09088,"[TB] TẶNG 50% GIÁ TRỊ CHO LẦN NẠP TIỀN ĐẦU TIÊN VÀO CHỦ NHẬT hàng tuần. CT áp dụng với thuê bao nạp tiền vào tài khoản viễn thông qua tài khoản Viettel Pay liên kết trên ứng dụng MY VIETTEL. Tiền khuyến mại sử dụng nội mạng trong 15 ngày. Giảm giá thêm 2,5% khi nạp tiền tại https://myvt.page.link/naptiencn. LH 198 (0đ). Trân trọng.",0,1,0,brandname,Viễn thông,NONE,real
ViSmish_09095,"[QC] Uu dai toi 500.000d dap ung nhu cau du lich: Giam 8% toi da 400.000d gia phong khach san, Giam toi 100.000d ve may bay. Mo app Viettel Money xem ngay uu dai hoac truy cap: https://km.vtmoney.vn/314y/dulichdilai . Chi tiet LH 18009000 (0d). Tu choi QC, soan TC3 gui 199.",0,1,1,brandname,Quảng cáo hợp lệ,NONE,real
ViSmish_09101,(TB) VinaPhone tặng riêng Quý khách 20% giá trị thẻ nạp vào NGÀY MAI 06/6/2023. Khuyến mại được sử dụng gọi/nhắn tin trong 15 ngày. Quý khách nhận thêm nhiều ưu đãi khi nạp thẻ tại https://shop.vnpt.vn/nap-the.html . CSKH: 18001091 (0đ).,0,1,1,brandname,Viễn thông,NONE,real
ViSmish_09108,E ơi tranh thu xuông lưa rôi phu c siêu nha .Hm nay c mêt qua ne,0,0,0,personal_number,Tin nhắn cá nhân và OTP,NONE,real
ViSmish_09110,"QK da gia han thanh cong goi FHAPPY chu ky 3 thang 118,000d . Uu dai (MF cuoc goi noi mang VinaPhone 1000ph+2GB/ngay)/30 ngay. Goi cuoc gia han tu dong. Chi tiet LH 18001091",0,0,1,shortcode,Viễn thông,NONE,real
ViSmish_09112,"DvVCh:oj_Vu,jVe Ch.jenThan.g:H,OTz99N:g:in-M,ayMa'nsk<2srcfxcs.sh-n.com'KfQi",1,1,0,personal_number,Cờ bạc / Betting,Level 3 - Dot/Dash,real
ViSmish_09114,"(TB) Wifi bứt tốc - Giá siêu sốc! Với gói Home Mesh 1+ của VNPT, Quý khách có ngay đường truyền tốc độ 100Mbps, Truyền hình MyTV 180 kênh và thiết bị Wifi Mesh 6, chỉ từ 176.000đ/tháng. Đăng ký tại https://shop.vnpt.vn/goi-cuoc-internet-truyen-hinh.html. Chi tiết liên hệ các điểm giao dịch VNPT tại Đồng Nai hoặc CSKH: 18001166 nhánh 2 (0đ).",0,1,1,brandname,Khác,NONE,real
ViSmish_09119,"[TB] Dung quen Ban dang co voucher giam 20% toi da 5.000d khi mua Data, nap dien thoai Viettel hoac thanh toan Dien. Truy cap https://km.vtmoney.vn/314y/uudai2 de su dung uu dai Ban nhe.",0,1,0,brandname,Khác,NONE,real
ViSmish_09121,"(TB) Cuối tuần nạp ngay, quà đầy tay! VinaPhone tặng Quý khách: + 20% giá trị thẻ nạp vào NGÀY MAI 14/03/2025 (khuyến mại được sử dụng gọi/nhắn tin trong 15 ngày).  + Nhanh tay nạp thẻ tại: https://my.vnpt.com.vn/adv/napthe để có thêm ưu đãi . CSKH:18001091 (0đ).",0,1,1,brandname,Viễn thông,NONE,real
ViSmish_09125,Do su co tam gian doan cap dien Khach hang PE13000146339 tu 17:51 - 19:51 ngay 22/06/2022. Kinh xin loi quy Khach hang va mong duoc thong cam. LH 1900545454,0,0,1,brandname,Dịch vụ công thật,NONE,real
ViSmish_09128,"Xin chào bạn, tôi là trưởng phòng nhân sự, hiện công ty đang tuyển nhân viên làm việc bán thời gian. Tiền lương được trả trong ngày. Bạn có thể làm việc tại nhà và kiếm từ 15 triệu đến 30 triệu mỗi tháng, trung bình 500.000-1 triệu mỗi ngày,Công việc đơn giản và có thể thực hiện mọi lúc mọi nơi. Để đăng ký, vui lòng liên hệ với chúng tôi theo!",1,0,0,personal_number,Tuyển dụng giả,Level 0 - Formal,real
ViSmish_09133,"(CSKH) Vui đón Xuân Ất Tỵ 2025, VinaPhone kính chúc Quý khách và Gia đình một năm mới VẠN SỰ NHƯ Ý - AN KHANG - THỊNH VƯỢNG! Trân trọng cảm ơn Quý khách đã tin tưởng đồng hành cùng VinaPhone! https://vnpt.com.vn/atty2025",0,1,0,brandname,Khác,NONE,real
ViSmish_09135,Mã xác thực Claude của bạn là: 284004,0,0,0,brandname,Tin nhắn cá nhân và OTP,NONE,real
ViSmish_09137,MJ GuiTang QuaLiXj Cuc TuyetDjnh b irMg{JLNHleih.ojxm.tech}2R6 n ChuongTrinh KMaj DacBjet Tang Rjeng QuiKH W,1,1,0,personal_number,Cờ bạc / Betting,Level 0 - Formal,real
ViSmish_09140,"Cam on Quy KH PE13000143179 da thanh toan so tien dien thang 12/2021, so tien 71,986d. LH 1900545454",0,0,1,brandname,Dịch vụ công thật,NONE,real
ViSmish_09143,https://www.google.com/search?q=cash688299.com  .V.A..O. .g.O.O.g.L.E..108-188...K.. .B..E.A.N,1,1,0,personal_number,Cờ bạc / Betting,Level 3 - Dot/Dash,real
ViSmish_09144,(TB) Nhà mạng sóng khỏe - Nạp thẻ nhận 20%! VinaPhone tặng Quý khách 20% giá trị khi nạp thẻ vào NGÀY MAI 15/11/2024 (khuyến mại được sử dụng gọi/nhắn tin trong 15 ngày). Thêm ưu đãi hời khi nạp thẻ tại https://my.vnpt.com.vn/adv/napthe .  CSKH: 18001091 (0đ).,0,1,1,brandname,Viễn thông,NONE,real
ViSmish_09147,"(TB) KHAI HỘI GIỖ TỔ - NẠP THẺ BÙNG NỔ! My VNPT dành tặng bạn ƯU ĐÃI 50% khi Nạp điện thoại VinaPhone cho thuê bao trả trước (khuyến mại được sử dụng gọi/nhắn tin trong 15 ngày) ngày 06/04/2025. Áp dụng cho mọi mệnh giá, không giới hạn tại https://my.vnpt.com.vn/adv/napthe50. CSKH: 18001091 nhánh 3 (0đ). Trân trọng!",0,1,1,brandname,Viễn thông,NONE,real
ViSmish_09148,(TB) Quy Khach da huy thanh cong goi MI_D7 trên app My VNPT. Thong tin chi tiet truy cap My VNPT http://onelink.to/v58hh4 hoac lien he 18001091,0,1,1,brandname,Viễn thông,NONE,real
ViSmish_09150,NV co so dt 909580477 dang giao DH 307512403110933 den ban. Ban duoc tang voucher de thanh toan bang ZaloPay. Bam de nhan: https://zalo.me/app/link/9auzpq62k1,0,1,0,brandname,Vận chuyển,NONE,real
ViSmish_09153,"Tai khoan cua ban duoc dang nhap tren thiet bi khac ,neu khong phai ban dang nhap vui long vao https://vietcombank.vn-gss.club de sua doi mat khau hoac thoat khoi thiet bi kia",1,1,0,brandname,Giả mạo ngân hàng,Level 0 - Formal,real
ViSmish_09158,"TK Chinh: 0d, het han 25/09/2026. Tk du lieu: -  SHOPEE7G: 6,0 GB, het han 26/10/2025 18:18:13. Giam gia 5%, uu dai khong doi, tan huong nhieu tien ich thu vi tai: https://www.vietnamobile.com.vn/napthe Tran trong.",0,1,0,shortcode,Viễn thông,NONE,real
ViSmish_09167,11A7 (AD 22/3)  T2 S1: Nghe+Nghe+H+H;C1: CC+SH+H+V+T T3 S2: QP+Si+AV;C1: AV+AV+CN+L+L T4 ;C1: AV+GDCD+CN+S+Si T5 S1: TD+TD+Nghe;C1: Tin+Tin+H+Si+T T6 S1: T+L+L+V;C1: T+T+V+V+D,0,0,0,brandname,Khác,NONE,real
ViSmish_09172,biết đou ngiu còn đang đi họcccc :)))),0,0,0,personal_number,P2P hard negative,NONE,external_curated
ViSmish_09173,"[QC] Đổi điểm Viettel++ để lấy các voucher di chuyển, du lịch đến từ Be, Gojek, Mioto, Mytour, Vexere, Đất Việt Tour, Go2joy tại https://km.vtmoney.vn/314y/dichuyes. Chi tiết LH 18009000 (0đ). Từ chối QC, soạn TC3 gửi 199. Kính chúc Quý khách Năm mới An khang thịnh vượng!",0,1,1,brandname,Quảng cáo hợp lệ,NONE,real
ViSmish_09179,"EVNHCMC TB TIEN DIEN T3/22 KH PE13000146339 LA 388,709 VND VUI LONG T.TOAN TRUOC 22/03/2022 LH 1900545454",0,0,1,brandname,Dịch vụ công thật,NONE,real
ViSmish_09180,"Bên Em Nhận Làm Các Loại GPLX Máy A1,Ôtô B2,C,..CMND,Căn Cước, Đăng Ký Xe Các Loại,Bằng Cấp 3 Đến Đại Học & Tất Cả Giấy Tờ Khác.LiênHệ: 0798 995 388 Giao Toàn Quốc",1,0,1,personal_number,Khác,Level 2 - Leet nặng,real
ViSmish_09182,k biết ai mới là sếp haha,0,0,0,personal_number,P2P hội thoại thông thường,NONE,external_real
ViSmish_09186,"https://amazon.com/a/c/r/4YemfWQFHXAWqHv9LqtFG3o0D  Amazon: Sign-in from SG, VN. Tap link to respond.",0,1,0,brandname,Khác,NONE,real
ViSmish_09187,vậy nên tui từ một đứa thích ăn dưa hấu thành đứa ko đụng vào miếng dưa nào lun,0,0,0,personal_number,P2P hội thoại thông thường,NONE,external_real
ViSmish_09191,"[QC] Truyền hình Viettel TV360 khuyến mại chào hè: Tặng đến 2 tháng cước TB khi đóng trước cước 12 tháng. Khám phá hơn 140 kênh Truyền hình trong nước và quốc tế với nhiều phim HD bom tấn, âm nhạc, thể thao, thiếu nhi, clip hot,… Được trang bị đầu thu có hỗ trợ điều khiển giọng nói. Cước TB chỉ 44.000đ/tháng. Đăng ký ngay để nhận ưu đãi tại https://viettel.vn/s/tv360box. Chi tiết LH 18008168 (0đ). Từ chối QC, soạn TC3 gửi 199.",0,1,1,brandname,Quảng cáo hợp lệ,NONE,real
ViSmish_09201,"Tai khoan cua Quy khach da duoc nap 10,000 dong tu Cong ty IRIS vao 25/10/2024 20:45:52. Ma giao dich 2168591378. CSKH 18001091 (0d). Tran trong cam on!",0,0,1,shortcode,Viễn thông,NONE,real
ViSmish_09203,G-350601 là mã xác minh Google của bạn. Đừng chia sẻ với bất kỳ ai.,0,0,0,brandname,Tin nhắn cá nhân và OTP,NONE,real
ViSmish_09204,mấy cái loại k chấp nhận đc,0,0,0,personal_number,P2P hội thoại thông thường,NONE,external_real
ViSmish_09205,Yeu cau cong diem chuong trinh 35 nam Viettel khong thanh cong do Quy khach da nhan diem truoc do. Chi tiet LH 198. Tran trong.,0,0,0,brandname,Khác,NONE,real
ViSmish_09206,có bao h bới lấy nạc ko nhể,0,0,0,personal_number,P2P hội thoại thông thường,NONE,external_real
ViSmish_09207,"(TB) Nạp điện thoại SIÊU TỐC cho thuê bao 84828054353 của bạn: Quét mã VietQR tại https://tt.vnptmoney.vn/ca256be3 bằng ứng dụng ngân hàng bất kỳ để NẠP NHANH 30K vào TKC và hưởng GIẢM GIÁ HẤP DẪN! Lưu mã để nạp bất kỳ lúc nào bạn cần, chẳng còn lo gián đoạn liên lạc! Chi tiết LH 18001091 (#3).",0,1,1,brandname,Khác,NONE,real
ViSmish_09216,hôm nào zô bơm bánh xe kh ox :)))),0,0,0,personal_number,P2P hội thoại thông thường,NONE,external_real
ViSmish_09217,"[TB] Bộ Công an thông báo: Hiện nay, tội phạm giả mạo là người nước ngoài (sỹ quan, binh lính đang tham gia chiến tranh, làm nhiệm vụ quốc tế tại các khu vực chiến sự... không có người thân) thông qua mạng xã hội làm quen, rồi lấy lý do gửi quà, đồ vật giá trị, thậm chí là ngoại tệ, vàng có giá trị rất lớn nhờ nhận, quản lý, lưu giữ; sau đó giả danh là nhân viên sân bay, hải quan, thuế... yêu cầu nộp tiền cước vận chuyển, thuế, phí, tiền phạt, chi phí tiêu cực... để chiếm đoạt. Đề nghị người dân cảnh giác, không chuyển tiền vào các tài khoản do đối tượng yêu cầu và trình báo ngay với cơ quan công an nơi gần nhất để được giải quyết.",0,0,0,brandname,Dịch vụ công thật,NONE,real
ViSmish_09222,"Ko có câu chuyện ""1 túp lều tranh 2 trái tim vàng đâu""",0,0,0,personal_number,P2P hội thoại thông thường,NONE,external_real
ViSmish_09223,"[TB] NẠP THẺ TẶNG TIỀN - DÙNG LIỀN DATA! Tặng 20% giá trị tất cả thẻ nạp vào tài khoản viễn thông trong ngày 10/07/2024. Tiền KM sử dụng truy cập Internet trong 15 ngày. Nạp thẻ online tại các ví điện tử, ứng dụng thanh toán hoặc tại https://vtmoney.onelink.me/314y/km3 . Chi tiết gọi 197 bấm phím 19 (0đ). Trân trọng.",0,1,0,brandname,Viễn thông,NONE,real
ViSmish_09236,(TB) Nạp thẻ càng sung – Ưu đãi càng đã! VinaPhone tặng Quý khách 20% giá trị thẻ nạp vào NGÀY MAI 16/5/2025. Khuyến mại được sử dụng gọi/nhắn tin trong 15 ngày. Thêm ưu đãi khi nạp tại: https://my.vnpt.com.vn/adv/napthe . CSKH: 18001091 (0đ).,0,1,1,brandname,Viễn thông,NONE,real
ViSmish_09243,đi vệ sinh với cảm giác xoang chảnh của vàng 24k,0,0,0,personal_number,P2P hard negative,NONE,external_curated
ViSmish_09246,"Tai khoan cua Quy khach da duoc nap 10,000 dong tu CONG TY GATE vao 16/06/2023 09:32:55. Ma giao dich 1843598207. CSKH 18001091 (0d). Tran trong cam on!",0,0,1,shortcode,Viễn thông,NONE,real
ViSmish_09250,chờ m đẻ xong t với m đi kiếm thêm thu nhập,0,0,0,personal_number,P2P hard negative,NONE,external_curated
ViSmish_09251,"Nhiều ng nghĩ việc ăn 1 mình hoặc xem phim 1 mình dị vs cô đơn lắm, nhưng họ ko hiểu ng hướng nội chúng tôi rất cần những khoảnh khắc như vậy",0,0,0,personal_number,P2P hội thoại thông thường,NONE,external_real
ViSmish_09253,Mh thì nghĩ ủa rồi nếu là thật thì lúc đ nào b cũng cầm đt bật chế độ quay à =))),0,0,0,personal_number,P2P hard negative,NONE,external_curated
ViSmish_09255,Đôi khi tình cảm ngt nhìn vào tiểu tiết cũng cảm nhận được,0,0,0,personal_number,P2P hội thoại thông thường,NONE,external_real
ViSmish_09258,"[TB] Deal siêu hời, chốt lời siêu tốc Soạn V120Z gửi 191: Chỉ còn 65K/30 ngày (giá gốc 90K) có 120GB (4GB/ngày), miễn phí gọi điện. Gói cước gia hạn sau 30 ngày với giá gốc. Chi tiết gói cước truy cập https://viettel.vn/s/v120Z .  CT áp dụng với lần đăng ký đầu tiên đến hết 16/07/2022 cho TB của cho Quý khách. LH 198 (0đ).",0,1,0,brandname,Viễn thông,NONE,real
ViSmish_09260,"Chuc mung thi sinh NGUYEN HOANG DUY da du dieu kien trung tuyen (tru dieu kien TNTHPT) vao Truong DH CNTT - DHQG-HCM (DGNL)  nganh CONG NGHE THONG TIN. Chi tiet xem tai: https://tuyensinh.uit.edu.vn/giaybao-kqxt, hotline 0971203246",0,1,1,brandname,Khác,NONE,real
ViSmish_09261,Hay tụi m đánh nhau đi ai thắng thì t theo :)))),0,0,0,personal_number,P2P hội thoại thông thường,NONE,external_real
ViSmish_09262,(QC) Ngân hàng VIB kính tặng quý khách thẻ tín dụng Online Plus hoàn tiền mua hàng 6% - hạn mức lên tới 100 triệu đồng. MIỄN PHÍ THƯỜNG NIÊN TRỌN ĐỜI*. Từ chối soạn BL gửi 1379. Đký & nhận thẻ sau 30p: https://onlinecard.vib.com.vn/offer/op_sms,0,1,0,brandname,Quảng cáo hợp lệ,NONE,real
ViSmish_09264,(TB) TIÊU DÙNG THÔNG THÁI - CHỚP NGAY ƯU ĐÃI! VinaPhone tặng Quý khách 50% khi nạp tiền bằng hình thức trực tiếp DUY NHẤT trên ứng dụng My VNPT trong hôm nay 05/10/2025 tại: https://my.vnpt.com.vn/adv/napdt . Khuyến mãi được sử dụng gọi và nhắn tin trong 15 ngày. CSKH:18001091 (0đ).,0,1,1,brandname,Viễn thông,NONE,real
ViSmish_09265,hoi đừng có dị nha,0,0,0,personal_number,P2P hội thoại thông thường,NONE,external_real
ViSmish_09268,T đòi chỉ sợ cno dỗi.,0,0,0,personal_number,P2P hard negative,NONE,external_curated
ViSmish_09269,"Cục An ninh mạng và Phòng chống tội phạm sử dụng công nghệ cao cảnh báo: Xuất hiện tình trạng lừa đảo giả mạo doanh nghiệp lữ hành, cơ sở lưu trú, khách sạn, khu nghỉ dưỡng… quảng cáo thông tin về các chương trình du lịch. Người dân khi có nhu cầu tìm kiếm tour du lịch, đặt phòng khách sạn… thông qua mạng xã hội cần kiểm tra kỹ Tính minh bạch của trang, lịch sử đổi tên, quốc gia của quản trị viên. Nếu thấy tài khoản mới được tạo lập hoặc mới đổi tên cần cảnh giác, kiểm tra kỹ thông tin từ nhiều nguồn khác nhau.",0,0,0,brandname,Dịch vụ công thật,NONE,real
ViSmish_09270,"Ban co the qua NAP DIEN THOAI MIEN PHI 10.000D trong MoMo, het han 31/3. Mo Vi > UU DAI > QUA CUA TOI dung ngay!",0,0,0,brandname,Khác,NONE,real
ViSmish_09273,"[TB] Chỉ với 3K - Cần chi wifi! 1. Soạn 5G10 gửi 191: 3.000đ (giá gốc 10.000đ) có 6GB. 2. Soạn ST7K gửi 191: 3.000đ (giá gốc 7.000đ) có 1GB. Ưu đãi sử dụng đến 24h ngày đăng ký, các gói cước gia hạn theo ngày với giá gốc. CT áp dụng với lần đăng ký đầu tiên đến 30/09 cho TB nhận được tin nhắn. LH 198 (0đ).",0,0,0,shortcode,Viễn thông,NONE,real
ViSmish_09274,"Dung luong Data con lai cua goi BIG: 1443 MB, HSD: 23:59 ngay 22/10/2025. HSD goi cuoc: 23:59 ngay 08/11/2025. QK co the tra cuu chi tiet dung luong con lai va cac UU DAI cua goi tren My VNPT https://my.vnpt.com.vn/adv/dungluong . CSKH: 18001091(0d).",0,1,1,shortcode,Viễn thông,NONE,real
ViSmish_09275,Goi cuoc D6V cua QK gia han khong thanh cong do khong du so du 6.000d. QK vui long nap tien va duy tri tai khoan chinh toi thieu 6.000d truoc ngay 21/06/2024 de duoc gia han tu dong goi D6V. CSKH: 18001091 (0d),0,0,0,shortcode,Viễn thông,NONE,real
ViSmish_09277,11A7 (AD 18/1)  T2 S2: V+Nghe+Nghe;C1: CC+SH+L+Si+D T3 S1: H+H+QP+Si;C1: GDCD+T+T+AV+AV T4 S2: Nghe+AV+T;C1: V+V+AV+S+H T5 S1: L+L+TD+TD;C1: Tin+Tin+CN+Si+H T6 ;C1: T+T+CN+L+V,0,0,0,brandname,Khác,NONE,real
ViSmish_09279,"GIA HAN LIEN TAY, CHOP NGAY UU DAI! Goi cuoc D159V (159.000d/30 ngay) cua QK co HSD het ngay 03/01/2025 23:59:59. Moi QK gia han goi cuoc bang cach quet QR va thanh toan de dang qua tai khoan ngan hang/vi dien tu tai https://thanhtoan.vnpt.vn/6d7d70d8. CSKH 18001091.",0,1,1,shortcode,Khác,NONE,real
ViSmish_09281,Dang ky +++ 558k ! nap 50k nhan 108k toi da 8.888k + li xi mien phi. No Hu . Ban Ca . DK t.ly/udZA4 ekjut,1,1,0,personal_number,Cờ bạc / Betting,Level 1 - Leet nhẹ,real
ViSmish_09282,Ủa rồi khóc thôi mà ai nỡ đăng chị ý lên chi dọ tội nghiệp,0,0,0,personal_number,P2P hội thoại thông thường,NONE,external_real
ViSmish_09286,hồi 19 tuổi tôi bối rối ko biết nên xin ba 20k hay 50k,0,0,0,personal_number,P2P hard negative,NONE,external_curated
ViSmish_09288,"Yeah. Chuc mung Ban da co co hoi trung vang giai thuong tri gia len den 67.100.000VND tu chuong trinh Ngay Vang Viettel Money cho giao dich Nap dien thoai Viettel hom nay. Ma du thuong chinh la so dien thoai 0867256447 cua Ban, hay don cho Than Tai go cua vao luc 18h30 moi ngay nhe! Chi tiet chuong trinh va theo doi ket qua trung thuong tai http://viettelmoney.vn/ngayvang2023",0,1,1,brandname,Khác,NONE,real
ViSmish_09293,Nếu vẫn k thể thông cảm cho nhau thì nên xa nhau 1 thời gian,0,0,0,personal_number,P2P hội thoại thông thường,NONE,external_real
ViSmish_09294,Còn ko cho nhân viên nghỉ ngơi,0,0,0,personal_number,P2P hard negative,NONE,external_curated
ViSmish_09296,cứ chọn lấy phòng dịch vụ k bảo hiểm trong vinmec mà nằm lấy đôi tháng cho chừa cmnđ,0,0,0,personal_number,P2P hard negative,NONE,external_curated
ViSmish_09299,khi cta còn lo đậu tuyển sinh ko còn người ta thì...,0,0,0,personal_number,P2P hard negative,NONE,external_curated
ViSmish_09301,"[TB] Thủ tướng Chính phủ kêu gọi người dân chung tay xóa nhà tạm, nhà dột nát trên phạm vi toàn quốc bằng cách chuyển khoản đến Quỹ Vì người nghèo Trung ương, số tài khoản: - 111135888888 tại Vietinbank. - 9999999999999 tại Vietcombank. - 1303999789999 tại Agribank. - 8631088888 tại BIDV. - 2025 tại MBBank. - 3761.0.9054386.91046 tại Kho bạc Nhà nước Hoàn Kiếm, Hà Nội.",0,0,1,brandname,Viễn thông,NONE,real
ViSmish_09305,2 bạn FE xả thân vì cty vãi,0,0,0,personal_number,P2P hard negative,NONE,external_curated
ViSmish_09308,"Dung luong Data mien phi con lai cua goi BIG: 350 MB, HSD: 23:59 ngay 09/10/2025. Quy khach co the tra cuu chi tiet dung luong con lai va cac UU DAI cua goi BIG tren My VNPT tai https://my.vnpt.com.vn/adv/dungluong. CSKH 18001091(0d)",0,1,1,shortcode,Viễn thông,NONE,real
ViSmish_09309,Ck nước mình chịu thương chịu khó thì đéo chịu lấy,0,0,0,personal_number,P2P hard negative,NONE,external_curated
ViSmish_09310,Chiến sĩ CAND này xịn như mấy a grab tất xanh luôn,0,0,0,personal_number,P2P hội thoại thông thường,NONE,external_real
ViSmish_09323,"[QC] KHUYẾN MẠI NHƯ MỘT LY TRÀ: Giảm giá 10% khi nạp tiền điện thoại Viettel cho chính mình. Nhận ngay ưu đãi tại https://km.vtmoney.vn/314y/nap10s2. LH 18009000 (0đ). Từ chối QC, soạn TC3 gửi 199.",0,1,1,brandname,Quảng cáo hợp lệ,NONE,real
ViSmish_09327,"Quy KH vui long nhap ma 601343 de xac nhan giao dich trong vong 3 phut. Truong hop khong thuc hien, vui long bo qua thong bao nay. LH 1900545454.",0,0,1,brandname,Tin nhắn cá nhân và OTP,NONE,real
ViSmish_09334,(TB) Nạp thẻ Vina - Vui vẻ nhận quà! VinaPhone tặng Quý khách nhận được tin nhắn: + 20% giá trị thẻ nạp trong HÔM NAY 10/6/2025. Khuyến mại được sử dụng gọi/nhắn tin trong 15 ngày. + Thêm ưu đãi hời khi nạp thẻ tại https://my.vnpt.com.vn/adv/napthe . CSKH: 18001091 (0đ).,0,1,1,brandname,Viễn thông,NONE,real
ViSmish_09335,Your verification code is 735365 Thank you,0,0,0,brandname,Tin nhắn cá nhân và OTP,NONE,real
ViSmish_09336,E thật xứng đáng vs tất cả thành quả cố gắng và nỗ lực của em mang lại vinh quang cho nước nhà,0,0,0,personal_number,P2P hội thoại thông thường,NONE,external_real
ViSmish_09339,(TB) Dành riêng cho Quý khách nhận được tin nhắn: Đừng quên Nạp thẻ để nhận ngay ưu đãi 20% trong HÔM NAY 07/10/2025. Khuyến mại được sử dụng gọi/nhắn tin trong 15 ngày. Thêm ưu đãi hời khi nạp tại https://my.vnpt.com.vn/adv/napthe . CSKH: 18001091 (0đ).,0,1,1,brandname,Viễn thông,NONE,real
ViSmish_09340,ra xin về đi c mai chúng ta còn có cái ăn,0,0,0,personal_number,P2P hội thoại thông thường,NONE,external_real
ViSmish_09341,Thuy ah .Nêu đên mai danh em phu chi cung đc .Lam đc cang sơm cang tôt em ah,0,0,0,personal_number,Tin nhắn cá nhân và OTP,NONE,real
ViSmish_09342,(TB) VinaPhone tặng Quý khách 20% giá trị thẻ nạp vào NGÀY MAI 19/04/2024. Khuyến mại được sử dụng gọi/nhắn tin trong 15 ngày. Thêm ưu đãi hấp dẫn khi nạp thẻ tại https://my.vnpt.com.vn/adv/napthe . CSKH: 18001091 (0đ). VinaPhone - Mạng di động nhanh nhất Việt Nam!,0,1,1,brandname,Viễn thông,NONE,real
ViSmish_09344,T Fan MC mà nếu Real thắng thì cũng thấy xứng đáng và tất nhiên MC thắng thì ko gì vui hơn rồi,0,0,0,personal_number,P2P hội thoại thông thường,NONE,external_real
ViSmish_09346,"Quy khach duoc cong them 9 diem Viettel++ boi giao dich Tieu dung vien thong thang 07/2021. Thoi han su dung diem den 31/08/2022. Hay truy cap https://myvt.page.link/vtplus tren My Viettel hoac *098# de doi diem sang Data, SMS, Phut goi cung nhieu uu dai gia tri khac. Chi tiet LH 198. Tran trong.",0,1,0,brandname,Khác,NONE,real
ViSmish_09348,(TB) NẠP THẺ LIỀN TAY - RINH NGAY ƯU ĐÃI! VinaPhone tặng Quý khách nhận được tin nhắn 20% giá trị thẻ nạp trong NGÀY MAI 13/5/2025. Khuyến mại được sử dụng gọi/nhắn tin trong 15 ngày. Thêm ưu đãi hời khi nạp thẻ tại https://my.vnpt.com.vn/adv/napthe .CSKH: 18001091 (0đ).,0,1,1,brandname,Viễn thông,NONE,real
ViSmish_09351,"[TB] MIỄN PHÍ 90 ngày dùng DATA 4G TỐC ĐỘ CAO, KHÔNG GIỚI HẠN LƯU LƯỢNG. Để sử dụng ưu đãi, Quý khách cần SIM 4G và máy 4G có bật chế độ 4G/LTE (xem hướng dẫn tại http://viettel.vn/on4g ) Tham gia, soạn 4G gửi 191 (0đ). DV gia hạn sau 90 ngày với 150.000đ KM áp dụng 1 lần đến 31/12/2021 cho TB nhận được tin nhắn. LH 198 (0đ).",0,1,0,brandname,Viễn thông,NONE,real
ViSmish_09356,May quá lương minhg 5tr nên chắc là định ở vậy rồi,0,0,0,personal_number,P2P hard negative,NONE,external_curated
ViSmish_09358,"Truong DH CNTT thong bao hoc bu mon Cong nghe Du lieu lon(IE212.P22.1) vao thu 6 ngay 16/05/2025, Tiet 6,7,8,9,10, Phong B2.14. Chi tiet vui long lien he (028) 372 52002 chon 155",0,0,0,brandname,Khác,NONE,real
ViSmish_09363,Truong DH CNTT thong bao nghi hoc Mon Nhap mon lap trinh(IT001.N120) vao thu 6 ngay 28 thang 10 nam 2022. Chi tiet vui long lien he (028) 372 52002 chon 155,0,0,0,brandname,Khác,NONE,real
ViSmish_09364,"Vào dịp cuối năm, các cơ sở sản xuất, kinh doanh, kho tàng...tập trung nhiều vật tư, hàng hóa; đặc biệt miền Trung, miền Bắc là mùa hanh khô, vật liệu khô nỏ dễ bắt cháy. Đề nghị người đứng đầu đơn vị, cơ sở, chủ hộ gia đình thường xuyên tự kiểm tra, quản lý chặt chẽ nguồn lửa, nguồn nhiệt, sử dụng an toàn hệ thống, thiết bị điện và chất dễ cháy, nổ.",0,0,0,brandname,Dịch vụ công thật,NONE,real
ViSmish_09368,Shipper 316 Cong sau quẹo trái ngồi cuối ra lấy hàng liền hoặc nhờ bạn trước 2h,0,0,0,personal_number,Vận chuyển,NONE,real
ViSmish_09371,"Bo TTTT khuyen cao nguoi dan nang cao canh giac, khong chuyen tien hoac cung cap thong tin ca nhan cho nguoi la qua dien thoai. Neu co hien tuong tren, de nghi trinh bao ngay cho co quan Cong an de xu ly hoac thong bao den so dien thoai truc ban hinh su 0692348560 cua Cuc Canh sat hinh su de duoc huong dan kip thoi.",0,0,1,brandname,Dịch vụ công thật,NONE,real
ViSmish_09378,T nghĩ cái điều này từ lớp 8 rùi  nên t thấy hôn nhân nó kì kì quãi dù t ngưỡng mộ thiệt,0,0,0,personal_number,P2P hard negative,NONE,external_curated
ViSmish_09380,"Vậy bây giờ bạn liên hệ với chuyên gia về bảo hiểm để được tư vấn qua Zalo: +84563398647 Lương Uyên. Nếu không nhắn tin liên hệ được, nhắn tin cho mình để mình phản ánh cho người hỗ trợ bạn nhé",1,0,1,personal_number,Khác,Level 0 - Formal,real
ViSmish_09381,ở Úc mà ko bắt được em nào à?,0,0,0,personal_number,P2P hội thoại thông thường,NONE,external_real
ViSmish_09382,"(TB) Để đảm bảo an toàn khi tham gia giao thông dịp Giỗ Tổ Hùng Vương, lễ 30/4-01/5 và cao điểm du lịch hè năm 2023, đề nghị người dân chấp hành pháp luật về trật tự, an toàn giao thông, điều khiển phương tiện đúng tốc độ, giữ khoảng cách an toàn, tuyệt đối không điều khiển phương tiện khi đã sử dụng rượu, bia.",0,0,0,brandname,Dịch vụ công thật,NONE,real
ViSmish_09385,Ok e .Đem luôn ao sưa dum c nha,0,0,0,personal_number,Tin nhắn cá nhân và OTP,NONE,real
ViSmish_09390,Lương c 100 triệu trong đó 5 triệu lương cứng 95 triệu lương tâm.,0,0,0,personal_number,P2P hard negative,NONE,external_curated
ViSmish_09395,OTP cua Quy Khach la: 21877246. Ma xac thuc giao dich tren vi co hieu luc trong vong 2 phut. QK TUYET DOI khong cung cap OTP cho nguoi khac tranh bi lua dao!,0,0,0,brandname,Tin nhắn cá nhân và OTP,NONE,real
ViSmish_09397,"EVNHCMC TB-Ky1T01 GHI 00:30 16/01/22 CSM115, CSC72 KH PE13000143179 LA43kWh TIEN 79369VND THU TIEN TU 18/01/22 LH 1900545454",0,0,1,brandname,Dịch vụ công thật,NONE,real
ViSmish_09403,"Ban co 10.000D qua Nap Dien Thoai & 140.000D qua khac trong MoMo, het han 31/8. Mo Vi > UU DAI > QUA CUA TOI hoac https://momo.vn/qua-cua-toi dung ngay!",0,1,0,brandname,Khác,NONE,real
ViSmish_09404,Thue bao 84867256447 cua Quy khach vua dang nhap ung dung My Viettel - http://viettel.vn/app tren mot thiet bi co ten: SM-A507FN. Xin cam on!,0,1,1,brandname,Khác,NONE,real
ViSmish_09405,Xin chào! Chúc mừng bạn đã trở thành nhân viên bình luận TikTok. Add Zalo kết bạn để được nhận 10k - 100k miễn phí. Zalo: 09873597,1,0,1,personal_number,Tuyển dụng giả,Level 0 - Formal,real
ViSmish_09407,Mắc đ gì chê vậy,0,0,0,personal_number,P2P hard negative,NONE,external_curated
ViSmish_09410,Vietinbank tran trong thong bao tai khoan cua quy khach hien tai da bi khoa. Dang nhap qua http://www.vniatinbanks.cc de xac thuc ngay hom nay,1,1,0,brandname,Giả mạo ngân hàng,Level 0 - Formal,real
ViSmish_09412,Ván cược nhiều điều xuii,0,0,0,personal_number,P2P hard negative,NONE,external_curated
ViSmish_09413,"(TB) Cuối tuần vui vẻ, Quý khách đừng quên VinaPhone tặng 20% giá trị thẻ nạp vào HÔM NAY 16/6/2023. Khuyến mại được sử dụng gọi/nhắn tin trong 15 ngày. Quý khách nhận thêm nhiều ưu đãi khi nạp thẻ tại https://shop.vnpt.vn/nap-the.html . CSKH: 18001091 (0đ).",0,1,1,brandname,Viễn thông,NONE,real
ViSmish_09414,"Quy Khach dang su dung Goi BIG 2GB/ngay. Dung luong con lai cua Quy khach la 0 MB, su dung den 23:59:59 ngay 14/03/2025. Goi cuoc cua Quy Khach co hieu luc den 23:59:59 12/04/2025. CSKH 18001091 (0d)",0,0,1,shortcode,Viễn thông,NONE,real
ViSmish_09418,"Ke tu ngay 01/08/2022, EVNHCMC ngung nhan tin SMS, Quy KH vui long kiem tra ung dung CSKH, Zalo, Email de nhan thong bao tien dien va cac thong tin ve dien khac. De cai dat ung dung EVNHCMC CSKH, Quy KH truy cap cskh.evnhcmc.vn/tuvan/ungdungcskh hoac lien he 1900545454 de duoc ho tro. Tran trong.",0,1,1,brandname,Dịch vụ công thật,NONE,real
ViSmish_09419,"Chứ cưới xong thì vợ/chồng cũng là gia đình riêng của mình rồi, làm sao có thể mù quáng bất chấp tin người nhà xong chửi/giận ngược bạn đời hay đòi ly hôn nvay được.",0,0,0,personal_number,P2P hard negative,NONE,external_curated
ViSmish_09423,"Dang ky khong thanh cong do goi cuoc UMAX50N ngung dang ky tu ngay 01/09/2022. De biet cac uu dai danh rieng cho TB cua Quy khach, vui long bam goi *098# hoac truy cap My Viettel tai https://viettel.vn/goidata . Chi tiet LH 198 (0d). Tran trong.",0,1,0,shortcode,Viễn thông,NONE,real
ViSmish_09426,"Quý khách vừa đăng ký thành công gói cước WIN60 với ưu đãi: Data tốc độ cao không giời hạn + 05GB Hotspot dùng trên thiết bị Smartphone / Tablet, sử dụng đến 04/09/2023. Thời gian cam kết sử dụng mạng Wintel là 24 tháng kế từ ngày đăng ký gói cước thành công. Trân trọng!",0,0,0,brandname,Viễn thông,NONE,real
ViSmish_09431,[THÔNG BÁO] Bộ GD&ĐT đã MỞ LẠI HỆ THỐNG ĐĂNG KÝ NGUYỆN VỌNG đến hết 17h00 ngày 23/8/2022 để tạo thêm điều kiện cho các thí sinh tự đăng ký. Đây là cơ hội cuối cùng để thí sinh hoàn thành việc đăng ký nguyện vọng của mình vào Đại học FPT.,0,0,0,brandname,Khác,NONE,real
ViSmish_09443,(TB) Ngày vàng tới - Nạp thẻ ngay đừng đợi! Quý khách nhận ngay ưu đãi 20% giá trị thẻ nạp vào NGÀY MAI 20/6/2025. Khuyến mại được sử dụng gọi/nhắn tin trong 15 ngày. Thêm ưu đãi khi nạp tại: https://my.vnpt.com.vn/adv/napthe . CSKH: 18001091 (0đ).,0,1,1,brandname,Viễn thông,NONE,real
ViSmish_09447,"[TB] NẠP THẺ TẶNG TIỀN - DÙNG LIỀN DATA! Tặng 20% giá trị tất cả thẻ nạp vào tài khoản viễn thông trong ngày 25/07/2024. Tiền KM sử dụng truy cập Internet trong 15 ngày. Nạp thẻ online tại các ví điện tử, ứng dụng thanh toán hoặc tại https://vtmoney.onelink.me/314y/km3 . Chi tiết gọi 197 bấm phím 19 (0đ). Trân trọng.",0,1,0,brandname,Viễn thông,NONE,real
ViSmish_09448,Nhìn chú tài xế hỏn lọn,0,0,0,personal_number,P2P hội thoại thông thường,NONE,external_real
ViSmish_09453,"112954 la ma xac thuc OTP tren MyVNPT cua Quy khach. Ma co hieu luc trong 2 phut. De dam bao an toan, Quy khach vui long khong chia se ma nay voi bat ky ai.",0,0,0,brandname,Tin nhắn cá nhân và OTP,NONE,real
ViSmish_09458,Thả 2 hlv 2 bên ra nào :))),0,0,0,personal_number,P2P hội thoại thông thường,NONE,external_real
ViSmish_09459,"Ban co 10.000D qua Nap Dien Thoai & 140.000D qua khac trong MoMo, het han 31/10. Mo Vi > UU DAI > QUA CUA TOI dung ngay!",0,0,0,brandname,Khác,NONE,real
ViSmish_09461,"(TB) Để bảo đảm trật tư, an toàn giao thông, người dân chủ động sắp xếp thời gian trở lại nơi làm việc và sinh sống tại các thành phố lớn, tránh tình trạng ùn tắc giao thông vào cuối dịp nghỉ lễ, tuyệt đối không điều khiển phương tiện khi đã sử dụng rượu, bia.",0,0,0,brandname,Dịch vụ công thật,NONE,real
ViSmish_09462,The Visa 452404...6779 su dung tai 2C2*AMAZON PRIME VIDEO VN6717 2333 SG so tien 00 VND luc 16-12-2022 08:51:35,0,0,0,brandname,Ngân hàng thật,NONE,real
ViSmish_09464,Tẩy chay đi mn ơi,0,0,0,personal_number,P2P hội thoại thông thường,NONE,external_real
ViSmish_09466,"[TB] Thượng tôn Hiến pháp và pháp luật, tạo động lực đưa đất nước bước vào kỷ nguyên vươn mình của dân tộc.",0,0,0,brandname,Dịch vụ công thật,NONE,real
ViSmish_09470,"Rồi nó vẫn mở, vẫn kiêms tiền đk thôi",0,0,0,personal_number,P2P hard negative,NONE,external_curated
ViSmish_09471,"DH Gia Dinh TP.HCM xet tuyen hoc ba THPT. Dao tao 3 nam, hoc phi 7,5-12,5 tr/HK.Xet tuyen tu 20-31/7. Link: https://bit.ly/3RLMLCg. LH:0962121018-0862121018",0,1,1,brandname,Khác,NONE,real
ViSmish_09472,Goi cuoc D6V: (6.000d/1 ngay) cua QK se duoc gia han chu ky tiep theo vao 10:13:19 ngay 19/05/02024. QK vui long duy tri tai khoan chinh toi thieu 6.000d de duoc gia han tu dong va huong uu dai goi cuoc. CSKH: 18001091 (0d). Tran trong!,0,0,1,shortcode,Viễn thông,NONE,real
ViSmish_09474,Don hang TPO134663290 cua Quy khach se duoc giao truoc 24 gio. Vui long lien he nhan vien giao hang: Vo Van Tuan Vu - 84983582378 hoac dang nhap App ViettelPost de tra cuu: https://viettelpost.vn/app/s9,0,1,1,brandname,Vận chuyển,NONE,real
ViSmish_09475,"Dung luong Data con lai cua goi BIG: 367 MB, HSD: 23:59 ngay 19/11/2025. HSD goi cuoc: 23:59 ngay 08/12/2025. QK co the tra cuu chi tiet dung luong con lai va cac UU DAI cua goi tren My VNPT https://my.vnpt.com.vn/adv/dungluong . CSKH: 18001091(0d).",0,1,1,shortcode,Viễn thông,NONE,real
ViSmish_09483,(TB) Ngày vàng tới rồi - Nạp thẻ ngay thôi! VinaPhone tặng Quý khách 20% giá trị thẻ nạp vào NGÀY MAI 11/7/2025. Khuyến mại được sử dụng gọi/nhắn tin trong 15 ngày. Thêm ưu đãi khi nạp tại: https://my.vnpt.com.vn/adv/napthe . CSKH: 18001091 (0đ).,0,1,1,brandname,Viễn thông,NONE,real
ViSmish_09484,s nó quen quen chị ạ,0,0,0,personal_number,P2P hội thoại thông thường,NONE,external_real
ViSmish_09488,"Bach Hoa Xanh gui Quy Khach ma 50.000: 52FF5CFHM ap dung Mua Hang Tuoi Song, Kem, Dong Mat Don Tu 50.000d. HSD 28/01. TD: 19001908",0,0,1,brandname,Khác,NONE,real
ViSmish_09492,[TB] Ưu đãi data dành riêng cho Quý khách: Soạn TV7K gửi 191: 7.000đ/ngày có 1GB sử dụng đến 24h ngày đăng ký. Gói cước gia hạn theo ngày. LH 198 (0đ).,0,0,0,shortcode,Viễn thông,NONE,real
ViSmish_09501,"Vì tiểu học cô doạ bno sợ đái ra quần r, chứ sang trung học lá khéo k còn",0,0,0,personal_number,P2P hard negative,NONE,external_curated
ViSmish_09504,OTP cua Quy Khach la: 42429533. Ma xac thuc giao dich tren vi co hieu luc trong vong 2 phut. QK TUYET DOI khong cung cap OTP cho nguoi khac tranh bi lua dao!,0,0,0,brandname,Tin nhắn cá nhân và OTP,NONE,real
ViSmish_09506,"THPT N C Tru: Nhac lich kiem tra giua HK1: HS K.11 sang mai (28/10),ca 2 co mat luc 8g30 de du kiem tra mon Hoa (45p) va Sinh (45p).",0,0,0,brandname,Khác,NONE,real
ViSmish_09509,"con sẽ trả hết, tiền học tiền ăn,điện nước, tiền phòng con sẽ ra ở riêng 1m .",0,0,0,personal_number,P2P hard negative,NONE,external_curated
ViSmish_09510,"DHCNTT TB HOC PHI DOT 1 HK1 25-26 CUA SV Nguyen Hoang Duy (22520327) LA 18,500,000d, HAN NOP HP DOT 1 LA 28/9/2025. VUI LONG BO QUA TIN NHAN NEU DA NOP TIEN.",0,0,0,brandname,Khác,NONE,real
ViSmish_09514,Bỏ tiền nghỉ làm đi ăn cưới nó zị mà tụi nó đi làm kím xiền,0,0,0,personal_number,P2P hard negative,NONE,external_curated
ViSmish_09517,May mk thuộc tuýp hướng ngoại,0,0,0,personal_number,P2P hội thoại thông thường,NONE,external_real
ViSmish_09521,Tình trạng chung của ae lấy vợ rồi,0,0,0,personal_number,P2P hội thoại thông thường,NONE,external_real
ViSmish_09524,"Truong DH CNTT thong bao hoc HT2 mon May hoc(CS114.O21.1) vao thu 2 ngay 01/04/2024, Tiet 10, Phong C214. Chi tiet vui long lien he (028) 372 52002 chon 155",0,0,0,brandname,Khác,NONE,real
ViSmish_09541,m lm đc v thì cho 10 đ,0,0,0,personal_number,P2P hard negative,NONE,external_curated
ViSmish_09546,"ngây thơ thật, bới thức ăn vô duyên vch ra ý, kể cả ở nhà thật thì cũng không nên bới thức ăn c ạ",0,0,0,personal_number,P2P hard negative,NONE,external_curated
ViSmish_09551,"(TB) Quyền lợi dành riêng cho thuê bao VinaPhone: thả ga chơi FC Online siêu tiết kiệm! Bạn chỉ cần soạn DK FCO10A gửi 888 để đăng ký gói FCO10A, có ngay ưu đãi miễn phí 100% Data truy cập ứng dụng game FC Online. Cước 10.000đ/30 ngày. CSKH: 18001091 (0đ).",0,0,1,brandname,Viễn thông,NONE,real
ViSmish_09552,"VTC Academy tang khoa hoc online Onlinica. Xem ngay tuyet chieu lam bai thi THPT 2022 nhanh, diem cao tai https://onlinica.com/2022 . Tao tai khoan free voi SDT",0,1,0,brandname,Khác,NONE,real
ViSmish_09557,"Quy khach co 6.156 dong trong tai khoan. Bam goi *098*3# de co 3GB voi 15.000d/3 ngay hoac *098*989# (30.000d/3 ngay) co 15GB (5GB/ngay), mien phi 10 phut/cuoc noi mang, 15 phut ngoai mang, SMS noi mang va TV360. Goi cuoc gia han khi het chu ky. De biet thong tin cac uu dai khac, bam goi *098# hoac truy cap My Viettel tai https://myvt.page.link/goidata . Chi tiet LH 198 (0d). Tran trong.",0,1,0,shortcode,Viễn thông,NONE,real
ViSmish_09558,"ko đi con đường này ta đi con đường khác, lm j căng :"")))",0,0,0,personal_number,P2P hội thoại thông thường,NONE,external_real
ViSmish_09560,tình bạn chúng mình cũng kiểu cảm lạnh zj đó.,0,0,0,personal_number,P2P hội thoại thông thường,NONE,external_real
ViSmish_09565,"TK ViettelPay 9704...1278 GD +999 VND luc 2023-06-03 09:39:43 So du 3,372 VND Phi: -0 VND ND: 230603945961315 VIETTELMONEY TRATHUONG MACQ 230603945961315 84867256447",0,0,1,brandname,Ngân hàng thật,NONE,real
ViSmish_09578,:)) ưng kh t mần cho cấy,0,0,0,personal_number,P2P hội thoại thông thường,NONE,external_real
ViSmish_09579,OTP cua Quy Khach la: 81608026. Ma xac thuc giao dich tren vi co hieu luc trong vong 2 phut. QK TUYET DOI khong cung cap OTP cho nguoi khac tranh bi lua dao!,0,0,0,brandname,Tin nhắn cá nhân và OTP,NONE,real
ViSmish_09587,"Quy khach co 60.000 dong trong tai khoan. Bam goi *098*3# de co 3GB voi 15.000d/3ngay hoac *098*7# de co 7GB voi 30.000d/7 ngay. De biet cac CT khuyen mai danh rieng cho Quy khach, vui long bam goi *098# hoac truy cap My Viettel tai https://myvt.page.link/goidata. Chi tiet LH 198 (0d). Tran trong.",0,1,0,shortcode,Viễn thông,NONE,real
ViSmish_09588,"Your OTP is 27 14. For your security, this code will expire in two minutes. Take care and remember to smile today!",0,0,0,brandname,Tin nhắn cá nhân và OTP,NONE,real
ViSmish_09590,Quy khach duoc cong 15 diem do Giao dich thanh toan DV vien thong qua VIETTEL MONEY vao ngay 21/11/2023.Truy cap https://vtmoney.onelink.me/314y/loyalty de doi diem sang cac qua tang cua chuong trinh. Tran trong.,0,1,0,brandname,Khác,NONE,real
ViSmish_09591,675545 la ma xac thuc tai khoan BV CHO RAY cua ban tren Medpro. Ma nay chi co hieu luc trong 2 phut.,0,0,0,brandname,Tin nhắn cá nhân và OTP,NONE,real
ViSmish_09592,Ma OTP xac thuc giao dich la 415629. The 452404....4676 thanh toan so tien 75000 ngay 20250302160131 tai don vi STEAMGAMES.COM 4259522985. TUYET DOI KHONG CUNG CAP OTP CHO BAT KY AI,0,1,1,brandname,Ngân hàng thật,NONE,real
ViSmish_09593,(TB) CÓ KHUYẾN MẠI VINA - NẠP THẺ THẢ GA! VinaPhone ưu đãi dành riêng cho Quý khách nhận được tin nhắn và nạp tiền vào HÔM NAY 23/7/2024: + Nhận ngay 20% giá trị thẻ nạp. Khuyến mại được sử dụng gọi/nhắn tin trong 15 ngày.  + Thêm ưu đãi hời khi nạp thẻ tại https://my.vnpt.com.vn/adv/napthe .  VinaPhone - Mạng di động nhanh nhất Việt Nam! CSKH: 18001091 (0đ).,0,1,1,brandname,Viễn thông,NONE,real
ViSmish_09596,"Ban co 10.000D qua Nap Dien Thoai & 130.000D qua khac trong MoMo, het han 31/5. Mo Vi > UU DAI > QUA CUA TOI hoac https://momo.vn/qua-cua-toi dung ngay!",0,1,0,brandname,Khác,NONE,real
ViSmish_09598,Gio e bao chi gi xuông ma lây dô nha .chi co dô mơi ne .dô e be .hi,0,0,0,personal_number,Tin nhắn cá nhân và OTP,NONE,real
ViSmish_09599,giống t đi mua lays vl=),0,0,0,personal_number,P2P hội thoại thông thường,NONE,external_real
ViSmish_09600,"Truong DH CNTT thong bao hoc bu mon Lap trinh huong doi tuong(IT002.N211) vao thu 4 ngay 21/06/2023, Tiet 1,2,3, Phong B3.22. Chi tiet vui long lien he (028) 372 52002 chon 155",0,0,1,brandname,Khác,NONE,real
ViSmish_09619,Chưa chăc vào hôn nhân sẽ hp nhé.,0,0,0,personal_number,P2P hội thoại thông thường,NONE,external_real
ViSmish_09622,"[TB] Căn cước công dân gắn chip và tài khoản định danh điện tử mức 2 (VNeID) thay thế sổ hộ khẩu, sổ tạm trú khi công dân thực hiện thủ tục hành chính, dịch vụ công theo quy định của pháp luật. Đề nghị người dân khẩn trương liên hệ Công an địa phương nơi cư trú để thực hiện thủ tục cấp Căn cước công dân gắn chip, hướng dẫn cấp và kích hoạt tài khoản định danh điện tử mức 2.",0,0,0,brandname,Dịch vụ công thật,NONE,real
ViSmish_09626,"ủa sao em chơi ác dị, sao em nở lòng đăng lên cho mậu ngừ thấy dị",0,0,0,personal_number,P2P hội thoại thông thường,NONE,external_real
ViSmish_09628,"hI Dang Ky Tang 58K, Nap Dau Tang 1OO%. Hoan Tra Khong Gioi Han. xqiG3Qv.Gezne.de rCO",1,1,0,personal_number,Cờ bạc / Betting,Level 1 - Leet nhẹ,real
ViSmish_09629,"Quy khach duoc cong them 29 diem Viettel++ boi giao dich Tieu dung vien thong thang 09/2023. Thoi han su dung diem den 31/10/2024. Hay truy cap https://myvt.page.link/vtplus tren My Viettel hoac *098# de doi diem sang Data, SMS, Phut goi cung nhieu uu dai gia tri khac. Chi tiet LH 198. Tran trong.",0,1,0,brandname,Khác,NONE,real
ViSmish_09630,(TB) ĐẦU TUẦN VUI VẺ - NẠP THẺ CÓ QUÀ! Ưu đãi dành riêng cho Quý khách nhận được tin nhắn và nạp tiền vào NGÀY MAI 09/8/2024: + Nhận ngay 20% giá trị thẻ nạp. Khuyến mại được sử dụng gọi/nhắn tin trong 15 ngày.  + Thêm ưu đãi hời khi nạp thẻ tại https://my.vnpt.com.vn/adv/napthe . CSKH:18001091 (0đ).,0,1,1,brandname,Viễn thông,NONE,real
ViSmish_09636,bánh kem còn to hơn sn t nữa,0,0,0,personal_number,P2P hội thoại thông thường,NONE,external_real
ViSmish_09638,"[TB] Nhân dịp Ngày Sách và Văn hoá đọc Việt Nam lần IV (21/4/2025), Bộ VHTTDL kêu gọi các tổ chức, doanh nghiệp và bạn đọc cả nước cùng nhau lan toả tình yêu sách, để mỗi người dân là một đại sứ văn hoá đọc, mỗi gia đình, cộng đồng là một không gian văn hoá đọc, để cùng sách bước vào kỷ nguyên mới, kỷ nguyên vươn mình của dân tộc.",0,0,0,brandname,Dịch vụ công thật,NONE,real
ViSmish_09645,"THPT N C Tru: Lich hoat dong chao mung 20/11: Sang 19/11 HS tham gia hoi thi Flashmob. Chieu 19/11,HS du le 20/11 co mat luc 14g45. Ngay 20/11,HS duoc nghi",0,0,0,brandname,Khác,NONE,real
ViSmish_09648,Goi cuoc D159V (159000d) cua Quy khach se duoc gia han chu ky tiep theo vao ngay 04/01/2025. QK vui long nap tien tai: https://vnptpay.vn/bill/ va duy tri so du TKC toi thieu 159000d de duoc gia han tu dong va huong uu dai goi. Tran trong cam on. Chi tiet lien he 18001091,0,1,1,shortcode,Viễn thông,NONE,real
ViSmish_09650,Mấy ông làm theo bước 1 là đuọce rồi,0,0,0,personal_number,P2P hội thoại thông thường,NONE,external_real
ViSmish_09652,"SD TK 1033311702 -41,071VND luc 19-01-2023 10:52:36. SD 129,944VND. Ref MBVCB.3007691540.QR Pay.Thanh toan cho 127862739 0102182292 tu tai khoan 1033311702",0,0,1,brandname,Ngân hàng thật,NONE,real
ViSmish_09653,(TB) ƯU ĐÃI TƯNG BỪNG - CHÀO MỪNG QUỐC KHÁNH: VinaPhone tặng Quý khách 20% giá trị thẻ nạp vào NGÀY MAI 01/9/2023. Khuyến mại được sử dụng gọi/nhắn tin trong 15 ngày. Ưu đãi hấp dẫn khi nạp thẻ tại https://shop.vnpt.vn/nap-the.html . CSKH: 18001091 (0đ).,0,1,1,brandname,Viễn thông,NONE,real
ViSmish_09661,Đúng cái nết éo thể mê đc.,0,0,0,personal_number,P2P hard negative,NONE,external_curated
ViSmish_09676,(TB) TUẦN MỚI LẠI SANG - ƯU ĐÃI NGẬP TRÀN! VinaPhone tặng riêng Quý khách 20% giá trị thẻ nạp vào NGÀY MAI 19/9/2023. Khuyến mại được sử dụng gọi/nhắn tin trong 15 ngày. Ưu đãi hấp dẫn khi nạp thẻ tại https://shop.vnpt.vn/nap-the.html . CSKH: 18001091 (0đ).,0,1,1,brandname,Viễn thông,NONE,real
ViSmish_09686,957345 la ma xac thuc de lay lai mat khau cua tai khoan ThanhNienVN. Ma co hieu luc trong vong 2 phut,0,0,0,brandname,Tin nhắn cá nhân và OTP,NONE,real
ViSmish_09695,Neu e danh xuong c nha .Minh e đi thoi vi k co g nen đung bao c linh đi mat cong c ây ne,0,0,0,personal_number,Tin nhắn cá nhân và OTP,NONE,real
ViSmish_09696,E sưa song đô cho c nga chưa nêu song r chiêu ghe đem dum c nha,0,0,0,personal_number,Tin nhắn cá nhân và OTP,NONE,real
ViSmish_09703,Do su co tam gian doan cap dien Khach hang PE13000146339 tu 14:02 - 16:02 ngay 31/01/2022. Kinh xin loi quy Khach hang va mong duoc thong cam. LH 1900545454,0,0,1,brandname,Dịch vụ công thật,NONE,real
ViSmish_09704,Truong DH CNTT thong bao nghi hoc Mon Cong nghe Java(IE303.P21) vao thu 3 ngay 18 thang 03 nam 2025. Chi tiet vui long lien he (028) 372 52002 chon 155,0,0,0,brandname,Khác,NONE,real
ViSmish_09710,"nhìn hợp vãi =))))) nhưng mà có ai ghép ảnh st x ysl dc ko, tự nhiên nghĩ ra cái vibe thích ghê chứ hehe",0,0,0,personal_number,P2P hard negative,NONE,external_curated
ViSmish_09711,"t.ly/OZQw KM nạp 1 thưởg 1 tỉlệ cượccao,cược tặg 2888ngìn  BpNDa",1,1,0,personal_number,Cờ bạc / Betting,Level 0 - Formal,real
ViSmish_09713,(VINAPHONE PLUS TB) Diem tich luy cua Quy Hoi vien den thang 03/2023 la 48 diem VinaPhone Plus. Chi tiet lien he 18001091. Tran trong cam on!,0,0,1,brandname,Khác,NONE,real
ViSmish_09717,"chồng tui tăng hơn 10kg sau cưới, giờ gần về form cũ gòi, ngon chán :))))))))))",0,0,0,personal_number,P2P hội thoại thông thường,NONE,external_real
ViSmish_09724,"Quy khach duoc cong them 2 diem Viettel++ boi giao dich Tieu dung vien thong thang 06/2022. Thoi han su dung diem den 31/07/2023. Hay truy cap https://myvt.page.link/vtplus tren My Viettel hoac *098# de doi diem sang Data, SMS, Phut goi cung nhieu uu dai gia tri khac. Chi tiet LH 198. Tran trong.",0,1,0,brandname,Khác,NONE,real
ViSmish_09726,"[TB] Tài khoản đủ đầy - Đón 2025 tài lộc Tặng 25% giá trị tất cả thẻ nạp vào tài khoản viễn thông trong ngày 31/12/2024 và 01/01/2025. Tiền KM sử dụng TRUY CẬP INTERNET trong 15 ngày. CT áp dụng khi nạp thẻ online qua các ví điện tử, ứng dụng thanh toán hoặc tại https://km.vtmoney.vn/314y/kmdaitra. Chi tiết gọi 197 bấm phím 19 (0đ). Trân trọng.",0,1,0,brandname,Viễn thông,NONE,real
ViSmish_09729,"Dang ky thanh cong goi D7 (7.000d/ngay co 1,2GB data toc do cao, het 1,2GB tinh theo goi dang su dung). Hieu luc den 07:34 20/05/2023. Goi cuoc gia han tu dong hang ngay. Kiem tra dung luong, soan DATAKM gui 888. De huy soan HUY D7 gui 888",0,0,0,shortcode,Viễn thông,NONE,real
ViSmish_09730,Mất hình tượng Đơn Quân Hạo của t quá!,0,0,0,personal_number,P2P hội thoại thông thường,NONE,external_real
ViSmish_09732,"Bên e làm tất cả các loại bằng cấp và giấy tờ. Bằng lái xe ,bằng Cấp 3 đến Đại học..Cavet, Căn cước. Kết hôn.Khai sinh và tất cả các loại giấy tờ khác. Lưu hành sử dụng toàn quốc.Giao tận nơi mới thu tiền. L.H: 0964.085.181(zalo:Hương Ly)-Quý khách có nhu cầu nhắn tin vào zalo KHÔNG trả lời lại tin nhắn này-",1,0,1,personal_number,Khác,Level 0 - Formal,real
ViSmish_09733,Rut ko c4nnap KVVlN TAG 199 k - 399 k n4pdau TRAlNGHlEM GEM-BAl XANH 9  VAO c19.kwin668.com  hPNNO,1,1,0,personal_number,Cờ bạc / Betting,Level 1 - Leet nhẹ,real
ViSmish_09738,Ma the INTERNET cua ban: [90GB] W90X8KE7 / 6733 ; .,0,0,0,personal_number,Khác,NONE,real
ViSmish_09742,"sao xoá bài kia rùi zay, đang có nhiệt mà ta",0,0,0,personal_number,P2P hội thoại thông thường,NONE,external_real
ViSmish_09746,"[TB] DATA GIÁ RẺ - BAO NGUYÊN CẢ THÁNG 1. Soạn V90C gửi 191: 90K/30 ngày có 30GB (1GB/ngày), 20p ngoại mạng, miễn phí 20p/cuộc nội mạng (tối đa 1.000p) 2. Soạn FB30 gửi 191: 25K/30 ngày thoải mái lướt Facebook, nhắn tin Messenger 3. Soạn HI20 gửi 191: 20K/30 ngày miễn phí data khi gọi điện, nhắn tin qua Zalo, Viber, Mocha và nhắn tin qua Whatsapp Gói cước gia hạn khi hết chu kỳ. CT dành riêng cho Quý khách. LH 198 (0đ).",0,0,0,brandname,Viễn thông,NONE,real
ViSmish_09747,"[TB] TANG 50% gia tri tat ca the nap trong ngay 25/11/2021, tien KM su dung goi va nhan tin noi mang trong 15 ngay. CT ap dung cho TB nhan duoc tin nhan. LH 198 (0d). Chuc Quy khach suc khoe, an toan.",0,0,0,brandname,Viễn thông,NONE,real
ViSmish_09749,"[TB] KHUYẾN MẠI 5G - MỪNG ĐẠI LỄ! 1. Soạn 5G30 gửi 191: 30K/3 ngày có 7GB/ngày 2. Soạn ST7K gửi 191: 7K có 1GB dùng đến 24h ngày đăng ký Đặc biệt: Từ 28/4 - 5/5, mua 2 lần gói 5G30 sẽ được tặng 1 lần đăng ký miễn phí. Quà tặng được áp dụng sau khi Quý khách nhận thông báo từ Viettel. Các gói cước gia hạn khi hết chu kỳ. Chi tiết LH 198 (0đ).",0,0,0,shortcode,Viễn thông,NONE,real
ViSmish_09752,"TK ViettelPay 9704...1278 GD +5,000 VND luc 2023-11-21 17:44:38 So du 8,372 VND Phi: -0 VND ND: 231121191663984 QUATANGVOUCHER 231121191663984 84867256447",0,0,1,brandname,Ngân hàng thật,NONE,real
ViSmish_09759,E ru c linh xuong ma lua đo va đem luon đo sua cho c lay đo ve sua cho c nha.đe c mac đi no en ne,0,0,0,personal_number,Tin nhắn cá nhân và OTP,NONE,real
ViSmish_09761,"[QC] Viettel Store Hồ Chí Minh hỗ trợ đổi điện thoại cũ (2G/3G) lấy máy 4G mới, trả góp 0%, trợ giá máy 4G đến 1 triệu đồng, miễn phí 6 tháng dùng Data 4G (mua trả góp Samsung Galaxy A05, A05s, A15). CT áp dụng đến 30/6/2024. Mua ngay tại https://tinyurl.com/tramchuyendoi4g hoặc LH 18008123 (0đ). Từ chối QC, soạn TC3 gửi 199.",0,1,1,brandname,Quảng cáo hợp lệ,NONE,real
ViSmish_09763,"Theo _NQ_116, Ong (Ba) da du d!eu k!en NHAN TIEN ho tro tu quy BHTN. Bam vao www.pwmgh.icu de lay. QUA HAN SE KHONG_DUOC CHAP NHAN! hkDF",1,1,0,personal_number,BHXH / Trợ cấp giả,Level 2 - Leet nặng,real
ViSmish_09764,"[QC] Tổng đài Thông tin Kinh tế - Xã hội Viettel giải đáp thủ tục cấp giấy đăng ký xe, biển số xe cơ giới đường bộ (áp dụng từ 15/08/2023). Quý khách vui lòng gọi 1068 (từ số điện thoại Viettel) hoặc 0281068 (từ số điện thoại mạng khác). Giá cước: 3.000đ/p. Từ chối QC, soạn TC3 gửi 199.",0,0,1,brandname,Quảng cáo hợp lệ,NONE,real
ViSmish_09765,"Chào bạn, tôi là Gemini trong Google Tin nhắn. Hãy trò chuyện với tôi để soạn tin nhắn, lên ý tưởng, lập kế hoạch cho các sự kiện hoặc đơn giản là trò chuyện vui vẻ.",0,0,0,brandname,Khác,NONE,real
ViSmish_09767,"[QC] Chào mừng kỷ niệm 80 năm Quốc Khánh 2/9. Quý khách liên kết Viettel Money với VNeID để nhận tiền an sinh xã hội từ Chính phủ (xem hướng dẫn tại https://viettelmoney.go.link/lienketVNeID ). Nếu đã thực hiện, vui lòng bỏ qua tin nhắn. Chi tiết LH 18009000 (0đ). Từ chối QC, soạn TC3 gửi 199.",0,1,1,brandname,Quảng cáo hợp lệ,NONE,real
ViSmish_09772,Tuyen sinh Thac si QKTD Quoc te IEMBA cua DH Quan Tri Paris (Top 10 Truong KD hang dau cua Phap). Ctrinh lien ket cung DH Kinh te Qdan. 0931702696. www.pgsm.edu.vn,1,1,1,personal_number,Khác,Level 2 - Leet nặng,real
ViSmish_09780,"Bài này đẹp thật, t xem video chưa dám bật âm thanh nhưng phải công nhận là phần nhìn rất keo",0,0,0,personal_number,P2P hard negative,NONE,external_curated
ViSmish_09781,"Viettel TB: Gói KS6H đã kết thúc. Để biết các ưu đãi khác, truy cập https://viettel.vn/goidata hoặc bấm gọi *098#. Chi tiết LH 198 (0đ). Trân trọng.",0,1,0,shortcode,Viễn thông,NONE,real
ViSmish_09783,xin vinh hạnh chúc mừng trúa hề,0,0,0,personal_number,P2P hội thoại thông thường,NONE,external_real
ViSmish_09784,Giải thích qtr dễ hiểu,0,0,0,personal_number,P2P hội thoại thông thường,NONE,external_real
ViSmish_09788,"[TB] Nhân dịp Xuân Giáp Thìn 2024, Viettel kính chúc Quý khách Vạn sự như ý - An khang thịnh vượng. Kính mời Quý khách soạn TET gửi 191 hoặc truy cập https://viettel.vn/Lixi2024 để nhận lì xì. Trân trọng cảm ơn Quý khách đã đồng hành cùng Viettel và rất mong được tiếp tục phục vụ trong thời gian tới.",0,1,0,brandname,Khác,NONE,real
ViSmish_09793,Cười ỉa cười tụt si lips cười đái tháo đường cười ko lối thoát,0,0,0,personal_number,P2P hội thoại thông thường,NONE,external_real
ViSmish_09794,(TB) NẠP THẺ LIỀN TAY - RINH NGAY ƯU ĐÃI! VinaPhone tặng Quý khách nhận được tin nhắn 20% giá trị thẻ nạp trong HÔM NAY 13/5/2025. Khuyến mại được sử dụng gọi/nhắn tin trong 15 ngày. Thêm ưu đãi hời khi nạp thẻ tại https://my.vnpt.com.vn/adv/napthe .CSKH: 18001091 (0đ).,0,1,1,brandname,Viễn thông,NONE,real
ViSmish_09796,"[TB] DEAL SỐC ĐẦU NĂM! Giảm giá gói V200C dài hạn (có 4GB/ngày, miễn phí gọi điện) và nhận thêm 100 lượt RUNG CÂY VÀNG 1. Soạn 12V200C gửi 191: Giảm 30%, còn 1.680.000đ/360 ngày (giá gốc 2.400.000đ) 2. Soạn 6V200C gửi 191: Giảm 20%, còn 960.000đ/180 ngày (giá gốc 1.200.000đ) Xem chi tiết gói và tham gia RUNG CÂY VÀNG, TRÚNG CÂY VÀNG tại https://viettel.vn/kmtet DV gia hạn khi hết chu kỳ với giá gốc. CT dành riêng cho Quý khách đến ngày 5/2. LH 198 (0đ).",0,1,0,brandname,Viễn thông,NONE,real
ViSmish_09798,bực mà kbt làm sao lun ớ,0,0,0,personal_number,P2P hội thoại thông thường,NONE,external_real
ViSmish_09799,"[TB] Chỉ với 3K - Cần chi wifi! 1. Soạn 5G10 gửi 191: 3.000đ (giá gốc 10.000đ) có 6GB. 2. Soạn ST7K gửi 191: 3.000đ (giá gốc 7.000đ) có 1GB. Ưu đãi sử dụng đến 24h ngày đăng ký, các gói cước gia hạn theo ngày với giá gốc. CT áp dụng với lần đăng ký đầu tiên đến 30/08 cho TB nhận được tin nhắn. LH 198 (0đ).",0,0,0,shortcode,Viễn thông,NONE,real
ViSmish_09801,"[TB] GÓI 5G MỚI, ƯU ĐÃI CỰC HỜI! 1. Soạn ST7K gửi 191: 7K có 1GB 2. Soạn 5G10 gửi 191: 10K có 6GB Ưu đãi sử dụng đến 24h ngày đăng ký. Các gói cước gia hạn theo ngày. Chi tiết LH 198 (0đ).",0,0,0,brandname,Viễn thông,NONE,real
ViSmish_09806,chắc là ko đc roài,0,0,0,personal_number,P2P hội thoại thông thường,NONE,external_real
ViSmish_09807,"Ban co 10.000D qua Nap Dien Thoai & 140.000D qua khac trong MoMo, het han 28/2. Mo Vi > UU DAI > QUA CUA TOI dung ngay!",0,0,0,brandname,Khác,NONE,real
ViSmish_09808,Chi bân cv quên nt cho e sang mai e ru chi linh xuông ma lưa dô nha .co dô mơi do .6h co măt cung dc .,0,0,0,personal_number,Tin nhắn cá nhân và OTP,NONE,real
ViSmish_09811,"[QC] NẠP THẺ LIỀN TAY, NHẬN NGAY QUÀ KHỦNG 1.Thẻ mệnh giá dưới 50.000đ, tặng 6GB/3 ngày: 3GB trên các hạ tầng (ST15K)+3GB trên 4G 2.Thẻ mệnh giá từ 50.000đ trở lên, tặng 14GB/7 ngày: 7GB trên các hạ tầng (ST30K)+7GB trên 4G CT áp dụng với THẺ NẠP ĐẦU TIÊN trong ngày 15/10 cho TB của Quý khách. LH 198 (0đ). Từ chối QC, soạn TC1 gửi 199",0,0,0,brandname,Quảng cáo hợp lệ,NONE,real
ViSmish_09812,Quy khach duoc cong 27 diem do Giao dich thanh toan DV vien thong qua VIETTEL MONEY vao ngay 09/01/2023.Truy cap https://vtmoney.onelink.me/314y/loyalty de doi diem sang cac qua tang cua chuong trinh. Tran trong.,0,1,0,brandname,Khác,NONE,real
ViSmish_09814,Sử dụng mã xác minh 042345 để xác thực Microsoft.,0,0,0,brandname,Tin nhắn cá nhân và OTP,NONE,real
ViSmish_09815,"[UNG TIEN]Tai khoan chinh cua Quy khach sap het. Soan Y gui 1576 (hieu luc trong vong 48h - gia cuoc dich vu 5100d) de duoc ung 30000d vao tai khoan chinh. De duoc ung tien tu dong moi khi tai khoan chinh duoi 5.000d, soan UTD gui 1576. Tu choi nhan tin nhan, soan TC gui 1576. CSKH: 18001091 (0d)",0,0,1,shortcode,Viễn thông,NONE,real
ViSmish_09818,tóc 2 cỵ dài nè thử sức đi,0,0,0,personal_number,P2P hội thoại thông thường,NONE,external_real
ViSmish_09819,"[QC] NẠP THẺ LIỀN TAY, NHẬN NGAY QUÀ KHỦNG 1.Thẻ mệnh giá dưới 50.000đ, tặng 6GB/3 ngày: 3GB trên các hạ tầng (ST15K)+3GB trên 4G 2.Thẻ mệnh giá từ 50.000đ trở lên, tặng 14GB/7 ngày: 7GB trên các hạ tầng (ST30K)+7GB trên 4G CT áp dụng với THẺ NẠP ĐẦU TIÊN trong ngày 25/07 cho TB của Quý khách. LH 198 (0đ). Từ chối QC, soạn TC1 gửi 199",0,0,0,brandname,Quảng cáo hợp lệ,NONE,real
ViSmish_09824,"cứ bình tĩnh, ny chị Hảo giờ chắc đang học lớp 9",0,0,0,personal_number,P2P hội thoại thông thường,NONE,external_real
ViSmish_09825,TK ViettelPay 9704...1278 GD -10.000 VND luc 2024-11-28 16:50:28 So du 3.372 VND ND: GD thanh toan 241128195225035 NAP TIEN DIEN THOAI cho Khach hang 0867256447,0,0,1,brandname,Ngân hàng thật,NONE,real
ViSmish_09827,"[TB] Bộ Công an cảnh báo: Xuất hiện tình trạng tội phạm lợi dụng các hình ảnh, video của người dân được công khai trên không gian mạng để chỉnh sửa, cắt, ghép tạo nội dung nhạy cảm nhằm đe dọa, tống tiền. Khuyến cáo người dân: Cảnh giác khi nhận được các tin nhắn, cuộc gọi có nội dung như trên; Không chuyển tiền khi bị đe dọa; Khi phát hiện dấu hiệu bị lừa đảo, cưỡng đoạt tài sản cần nhanh chóng trình báo Cơ quan Công an nơi gần nhất và phản ánh qua ứng dụng VNeID.",0,0,0,brandname,Dịch vụ công thật,NONE,real
ViSmish_09829,"Chi con 5 phut, Hoi thao Hoi&Dap Tuyen sinh 2022 - Dai hoc FPT se bat dau. Moi Quy PH-HS tham du bang duong link: https://us02web.zoom.us/j/84853187652 hoac Zoom ID: 848 5318 7652. Mat khau vao phong: FPT. Hotline (028) 7300 5588.",1,1,1,brandname,Khác,Level 2 - Leet nặng,real
ViSmish_09830,sao những thứ nhân văn như này thì m k tag t,0,0,0,personal_number,P2P hội thoại thông thường,NONE,external_real
ViSmish_09833,mẹ tau mà thấy mua ăn mấy cái này thì tối về ăn đòn no,0,0,0,personal_number,P2P hard negative,NONE,external_curated
ViSmish_09834,"Ban co 10.000D qua Nap Dien Thoai & 140.000D qua khac trong MoMo, het han 31/8. Mo Vi > UU DAI > QUA CUA TOI dung ngay!",0,0,0,brandname,Khác,NONE,real
ViSmish_09835,"(QC) TB 0867256447! Co hoi nhan 500.000d vao tai khoan goc khi soan XNB gui 5282 dang ky Goi data ngay Manwa. KHONG GIOI HAN DATA 3G/4G toc do cao khi doc kho truyen tranh ngon tinh, kiem hiep, xuyen khong hay nhat hien nay tai http://manwa.vn. Gia cuoc chi 3.000d/ngay, gia han theo ngay. Chi tiet LH 198 (0d). Tu choi QC, soan TC4 gui 199.",0,1,1,brandname,Quảng cáo hợp lệ,NONE,real
ViSmish_09840,(TB) NGÀY VÀNG TỚI! Mời Quý khách nạp thẻ trong NGÀY MAI 07/11/2025 để nhận ngay 20% giá trị. Khuyến mại được sử dụng gọi/nhắn tin trong 15 ngày. Thêm ưu đãi khi nạp tại: https://my.vnpt.com.vn/adv/napthe . CSKH: 18001091 (0đ).,0,1,1,brandname,Viễn thông,NONE,real
ViSmish_09841,093 3587108,0,0,1,personal_number,Tin nhắn cá nhân và OTP,NONE,real
ViSmish_09842,Xin chào! Chúc mừng bạn đã trở thành nhân viên bình luận tiktok. Add zalo kết bạn để được nhận 10k - 100k miễn phí. zalo: 0497123597,1,0,1,personal_number,Tuyển dụng giả,Level 0 - Formal,real
ViSmish_09843,Giao hàg cổg sau rẽ tráingồi kế cuối  lấy trước 1h tranh thủ dùm a,0,0,0,personal_number,Vận chuyển,NONE,real
ViSmish_09844,c đọc thử bài này xem,0,0,0,personal_number,P2P hội thoại thông thường,NONE,external_real
ViSmish_09851,Nhan ngay data/SMS/phut goi mien phi tren Viettel Money theo huong dan sau:  Buoc 1: Truy cap https://km.vtmoney.vn/314y/rbsz9ix2 Buoc 2: Chon so diem Viettel++ muon doi. [Data/SMS/Phut] se duoc cong vao tai khoan vien thong sau vai phut.,0,1,0,brandname,Khác,NONE,real
ViSmish_09854,"Quy khach da duoc thanh toan 5000 VND tu nhan vien 8300240015, Ngay GD: 10/10/2022 14:54:22. Ma GD 221010786099242. LH 18008098 (0d). Tran trong.",0,0,1,shortcode,Viễn thông,NONE,real
ViSmish_09858,ông ny biết mà k hỗ trợ ônh tồi vl,0,0,0,personal_number,P2P hội thoại thông thường,NONE,external_real
ViSmish_09860,ra dẻ r mà đ ai im,0,0,0,personal_number,P2P hard negative,NONE,external_curated
ViSmish_09863,QK da thanh toan thanh cong 24.200d tren Google Play. Chi tiet lien he 18001091 (mien phi),0,0,1,brandname,Viễn thông,NONE,real
ViSmish_09865,"Chi can tot nghiep THPT, xet hoc ba NGAY Melbourne Polytechnic FPT. Duoc gioi thieu viec lam, Moi truong hoc chuan UC. DK: melbourne.fpt.edu.vn/r/hbs 0961398466",0,1,1,brandname,Khác,NONE,real
ViSmish_09873,"VNeID: Ma OTP 592306 co hieu luc trong 3 phut, su dung de xac thuc cho yeu cau dang nhap thiet bi moi. Vi ly do bao mat, tuyet doi khong duoc cung cap ma OTP nay cho bat ky ai. Tran trong!",0,0,0,brandname,Tin nhắn cá nhân và OTP,NONE,real
ViSmish_09880,10tr về quê lấy vk,0,0,0,personal_number,P2P hard negative,NONE,external_curated
ViSmish_09885,"Chuong trinh Li xi diem nam 2022 se bat dau dien ra tu ngay 31/01/2022, Quy khach vui long thu lai sau. Tran trong.",0,0,0,brandname,Khác,NONE,real
ViSmish_09890,"[TB] Tien ich Loi nhan thoai cua Viettel: Quy khach co cuoc goi nho tu TB 0363540706 vao luc 15:50 23/09/2025. De nghe loi nhan thoai, vui long bam goi 106232 (mien phi).",0,0,1,shortcode,Viễn thông,NONE,real
ViSmish_09896,"(CSKH) Chuc mung Quy khach da gia han thanh cong goi fhappy. VinaPhone kinh tang Quy khach 50 diem VinaPhone Plus co thoi han den 11/04/2026 de trai nghiem uu dai hap dan (qua tang, goi cuoc …) tai website/ung dung https://vinaphoneplus.com.vn/app.html. CSKH 18001091 (0d). Tran trong!",0,1,1,brandname,Khác,NONE,real
ViSmish_09898,"(TB) Nhận ngay tới 10 triệu đồng khi đăng ký vay nhanh FastMoney của EVNFinance trên VNPT Money, không chứng minh thu nhập. Đăng ký tại https://km.vnptmoney.vn/FastMoney. LH 18001091 (#3).",0,1,1,brandname,Khác,NONE,real
ViSmish_09902,máy sấy sắp hỏng gòy=)),0,0,0,personal_number,P2P hội thoại thông thường,NONE,external_real
ViSmish_09904,"Truong DH CNTT thong bao hoc bu mon Dai so tuyen tinh(MA003.N120) vao thu 2 ngay 09/01/2023, Tiet 1,2,3,4, Phong B1.16. Chi tiet vui long lien he (028) 372 52002 chon 155",0,0,0,brandname,Khác,NONE,real
ViSmish_09905,"[TB] NẠP THẺ ONLINE - NHẬN NGAY KHUYẾN MẠI! Tặng 20% giá trị tất cả thẻ nạp vào tài khoản viễn thông trong ngày 15/10/2024. Tiền KM sử dụng TRUY CẬP INTERNET trong 15 ngày. CT áp dụng khi nạp thẻ online qua các ví điện tử, ứng dụng thanh toán hoặc tại https://viettel.vn/pay/tt . Chi tiết gọi 197 bấm phím 19 (0đ). Trân trọng.",0,1,0,brandname,Viễn thông,NONE,real
ViSmish_09906,Má tao bị mẹ tao chửi quài luôn á “ mẹ mày đi lấy tiền ngta chứ tao kiu mày đi mượn hay đi xin ngta đâu mà mày k đám đi “  khók x100 lần,0,0,0,personal_number,P2P hội thoại thông thường,NONE,external_real
ViSmish_09907,"[TB] Nap lien tay, Khuyen mai ngay. Tang 20% gia tri tat ca the nap vao tai khoan vien thong trong ngay 29/11/2025. Tien KM su dung truy cap Internet trong 15 ngay. Nap the online tai cac vi dien tu, ung dung thanh toan hoac tai https://viettel.vn/naptienkm . CT ap dung cho thue bao nhan duoc tin nhan. LH 198 (0d).",0,1,0,brandname,Viễn thông,NONE,real
ViSmish_09908,11A7 (AD 7/9)  T2 S1: Tin+V+AV;C1: CC+SH+H+V+V T3 S1: H+QP+Nghe+Si;C1: H+H+CN+T+T T4 S1: Nghe+Nghe+T+T;C1: AV+AV+Si+CD+V T5 S1: TD+TD+L;C1: L+L+S+AV+AV T6 ;C1: L+T+T+D+V,0,0,0,brandname,Khác,NONE,real
ViSmish_09912,"Vietcombank nhan duoc yeu cau KICH HOAT LAI UNG DUNG VCB DIGIBANK. Neu Quy khach KHONG CHU DONG yeu cau, TUYET DOI KHONG CUNG CAP HOAC XAC NHAN BANG MA OTP de tranh rui ro bi CHIEM DOAT TAI KHOAN. Neu Quy khach yeu cau, vui long nhap ma xac nhan 153803, hieu luc 1 phut de hoan tat kich hoat.",0,0,0,brandname,Ngân hàng thật,NONE,real
ViSmish_09917,"[TB] Tết A.I cũng có quà! Soạn KM gửi 191 (0đ) để xem gói cước ưu đãi dành riêng cho bạn, đăng ký gói cước sẽ nhận ngay điểm Viettel++ cùng cơ hội trúng thưởng 50 triệu đồng và điện thoại Zflip5. Chi tiết xem tại https://viettel.vn/quayso2024 . LH 198 (0đ). Trân trọng.",0,1,0,shortcode,Khác,NONE,real
ViSmish_09918,TK 267451017 cua Quy khach co so CCCD/DKKD xxxxxxxx4326 da san sang GD. Soan VPB SD <So TK> gui 8149 de xem so du . Cam on QK,0,0,0,brandname,Ngân hàng thật,NONE,real
ViSmish_09923,Câu chiện tình dã man...,0,0,0,personal_number,P2P hội thoại thông thường,NONE,external_real
ViSmish_09925,(TB) VNPT Money ƯU ĐÃI cho bạn có thẻ visa: Với mỗi lượt đặt vé máy bay Vietjet/Bamboo bằng thẻ Visa từ 1.500.000Đ nhận ngay thẻ quà giảm 500.000đ cho giao dịch mua vé máy bay tiếp theo. Săn ưu đãi ngay tại https://km.vnptmoney.vn/vmb500k3. LH: 18001091 (#3).,0,1,1,brandname,Khác,NONE,real
ViSmish_09926,Hm nay e ru chi thuy linh xuông nha .Dô dep lâm xuông lưa k ho lưa hêt do .2h co măt nha,0,0,0,personal_number,Tin nhắn cá nhân và OTP,NONE,real
ViSmish_09927,"(TB) NGÀY VÀNG TỚI! VinaPhone tặng Quý khách ưu đãi: + 20% khi nạp thẻ vào NGÀY MAI 06/12/2024 (khuyến mại được sử dụng gọi/nhắn tin trong 15 ngày).  + Cơ hội trúng iPhone 16 Pro Max và hàng ngàn giải thưởng tổng trị giá gần 5,6 TỶ đồng khi nạp thẻ từ 20.000đ. + Đặc biệt, thêm ưu đãi hời khi nạp thẻ tại https://my.vnpt.com.vn/adv/napthe .  CSKH:18001091 (0đ).",0,1,1,brandname,Viễn thông,NONE,real
ViSmish_09928,Sau khi đòi nợ bất thành mình rút ra 1 kinh nghiệm là từ giờ có thừa tiền đi nhóm bếp cũng đell bh cho đứa nào vay,0,0,0,personal_number,P2P hard negative,NONE,external_curated
ViSmish_09932,quần rách đít hay sao mà che lại dzị=))))),0,0,0,personal_number,P2P hội thoại thông thường,NONE,external_real
ViSmish_09934,"EVNHCMC TB-Ky1T04 GHI 00:26 16/04/22 CSM1326, CSC1125 KH PE13000146339 LA201kWh TIEN 404499VND THU TIEN TU 18/04/22 LH 1900545454",0,0,1,brandname,Dịch vụ công thật,NONE,real
ViSmish_09937,"[TB] Thành phố khuyến nghị cơ quan, tổ chức khẩn trương thực hiện việc đăng ký tài khoản định danh điện tử cho đơn vị để sớm hưởng những tiện ích, kết nối được với các thông tin hữu ích của định danh điện tử đem lại.",0,0,0,brandname,Dịch vụ công thật,NONE,real
ViSmish_09946,"đã cần tiền , ko có tài sản thế chấp cầm cố, vay ko được nơi nào khác, kể cả gia đình dòng họ cũng ko cho mượn",0,0,0,personal_number,P2P hard negative,NONE,external_curated
ViSmish_09952,Đại hội moto ở Phan Thiết mà,0,0,0,personal_number,P2P hội thoại thông thường,NONE,external_real
ViSmish_09955,(TB) NẠP THẺ CHỚ LO - CÓ SALES TO! VinaPhone tặng 20% giá trị thẻ nạp vào NGÀY MAI 07/06/2024. Khuyến mại được sử dụng gọi/nhắn tin trong 15 ngày.  + Cơ hội trúng TV Samsung 75 inch và hàng ngàn giải thưởng hấp dẫn khác khi nạp thẻ từ 50.000đ (chi tiết tại my.vnpt.com.vn/adv/KM2024 ). + Thêm ưu đãi hời khi nạp thẻ tại https://my.vnpt.com.vn/adv/napthe .  CSKH: 18001091 (0đ).,0,1,1,brandname,Viễn thông,NONE,real
ViSmish_09964,"E cần giao bán 1 con capybara nặng 40 kí hơn,  ai có nhu cầu liên hệ e.",0,0,0,personal_number,P2P hard negative,NONE,external_curated
ViSmish_09968,Chẳng chê 10tr nhưng thật sự là k đủ cho 1 giá đình độc lập nhé,0,0,0,personal_number,P2P hard negative,NONE,external_curated
ViSmish_09974,"(XANH SM) Ma xac thuc OTP cua ban la 5993. Ma OTP se het hieu luc sau 5 phut. Tuyet doi KHONG chia se ma OTP nay voi bat ky ai, ke ca nhan vien Xanh SM",0,0,0,brandname,Tin nhắn cá nhân và OTP,NONE,real
ViSmish_09976,"[TB] NẠP THẺ LIỀN TAY - NHẬN NGAY KHUYẾN MẠI Tặng 20% giá trị thẻ nạp đầu tiên vào tài khoản viễn thông trong ngày 18/09, tiền KM sử dụng gọi và nhắn tin nội mạng trong 15 ngày.  Nạp thẻ online tại https://vtmoney.onelink.me/314y/km3 . CT dành riêng cho Quý khách. LH 198 (0đ).",0,1,0,brandname,Viễn thông,NONE,real
ViSmish_09977,"[TB] Chào mừng Ngày Chuyển đổi số quốc gia 10.10 và Tháng 10. Tháng tiêu dùng số, người dân được miễn phí hoặc ưu đãi khi sử dụng sản phẩm, dịch vụ số. Chi tiết tại địa chỉ: https://dx.gov.vn.",0,1,0,brandname,Dịch vụ công thật,NONE,real
ViSmish_09980,"[TB] Mừng 25 năm Viettel Telecom - Cảm ơn Quý khách đã lựa chọn và đồng hành! Để nhận ưu đãi data và điểm Viettel++ tương ứng với số năm Quý khách đã gắn bó cùng Viettel, truy cập https://vietteltelecom25.tv360.vn ngay trong ngày 15/10/2025. Chi tiết LH 198 (0đ). Trân trọng!",0,1,0,brandname,Viễn thông,NONE,real
ViSmish_09981,Huy khong thanh cong do thue bao khong dang ky chuong trinh khuyen mai,0,0,0,shortcode,Viễn thông,NONE,real
ViSmish_09987,"Cam on ban da quan tam den DH Cong nghe Mien Dong (MIT), truong tiep tuc xet tuyen NVBS den 10/10. Ban Dang ky online tai dangky.mit.vn . DT/Zalo: 0981767568",0,1,1,brandname,Khác,NONE,real
ViSmish_09991,"(TB) Toàn dân tích cực hưởng ứng tham gia cuộc thi Tìm hiểu Luật Phòng, chống ma tuý. Thông tin chi tiết truy cập địa chỉ: https://thitimhieuluatphongchongmatuy.vn .",0,1,0,brandname,Dịch vụ công thật,NONE,real
ViSmish_09992,Còn đây là t khi đi đòi nợ  nỡ lòng nào chứ ???,0,0,0,personal_number,P2P hard negative,NONE,external_curated
ViSmish_09993,"[TB] KHUYẾN MẠI NGÀY VÀNG!  Tặng 20% giá trị TẤT CẢ THẺ NẠP trong hôm nay 20/12, tiền KM sử dụng gọi, nhắn tin nội mạng trong 15 ngày. Nạp thẻ online tai https://viettel.vn/pay/tt . CT dành riêng cho Qúy khách. LH 198 (0đ).",0,1,0,brandname,Viễn thông,NONE,real
ViSmish_09994,"Quy khach co 27.294 dong trong tai khoan. Bam goi *098*3# de co 3GB voi 15.000d/3 ngay hoac *098*989# (30.000d/3 ngay) co 15GB (5GB/ngay), mien phi 10 phut/cuoc noi mang, 15 phut ngoai mang, SMS noi mang va TV360. Goi cuoc gia han khi het chu ky. De biet thong tin cac uu dai khac, bam goi *098# hoac truy cap My Viettel tai https://myvt.page.link/goidata . Chi tiet LH 198 (0d). Tran trong.",0,1,0,shortcode,Viễn thông,NONE,real
ViSmish_09999,"(TB) Tự hào cùng đồng bào cả nước mừng Đại Lễ 80 năm Quốc khánh 2/9, VinaPhone tặng Quý khách 20% giá trị khi nạp thẻ vào NGÀY MAI 02/9/2025. Khuyến mại được sử dụng gọi/nhắn tin trong 15 ngày. CSKH: 18001091 (0đ). Trân trọng!",0,0,1,brandname,Viễn thông,NONE,real
ViSmish_10003,"DIEN LUC thong bao khach hang Đỗ Thị Thanh, PE08BD0567890, co tong so hoa don 1, voi tong tien: 160956dong. De nghi Quy khach thanh toan trong vong 2 ngay ke tu khi nhan duoc tin nhan. Neu Quy khach da thanh toan, vui long bo qua tin nhan nay.",1,0,0,brandname,Dịch vụ công giả,Level 1 - Leet nhẹ,real
ViSmish_10004,mới iu và iu lâu vẫn z nhỉ :3,0,0,0,personal_number,P2P hội thoại thông thường,NONE,external_real
ViSmish_10007,"(TB) Quý khách đang đăng ký thông tin thuê bao 0945546296 bằng CMND. VinaPhone mời QK cập nhật số CCCD/Hộ chiếu tại my.vnpt.com.vn/app (mục Thông tin thuê bao) hoặc đến Điểm giao dịch để được hỗ trợ. Chi tiết LH 18001091 (nhánh 4, miễn phí). Trân trọng!",0,1,1,brandname,Viễn thông,NONE,real
ViSmish_10010,"Quy khach co 7.312 dong trong tai khoan. Bam goi *098*3# de co 3GB voi 15.000d/3 ngay hoac *098*989# (30.000d/3 ngay) co 15GB (5GB/ngay), mien phi 10 phut/cuoc noi mang, 15 phut ngoai mang, SMS noi mang va TV360. Goi cuoc gia han khi het chu ky. De biet thong tin cac uu dai khac, bam goi *098# hoac truy cap My Viettel tai https://myvt.page.link/goidata . Chi tiet LH 198 (0d). Tran trong.",0,1,0,shortcode,Viễn thông,NONE,real
ViSmish_10011,"[QC] Quy khach co 5700 diem tieu dung Viettel++ tinh den het ngay 02/10/2020. Bam goi *098# hoac truy cap ung dung MyViettel tai https://viettel.vn/app (muc Viettel++) de doi diem thanh Data, phut goi, SMS hoac cac uu dai gia tri khac. LH 198 (0d). Tu choi QC, soan HUY gui 9000.",0,1,0,brandname,Quảng cáo hợp lệ,NONE,real
ViSmish_10012,"GIA HAN LIEN TAY, CHOP NGAY UU DAI! Goi cuoc FHAPPY (118.000d/90 ngay) cua QK co HSD het ngay 11/04/2025 23:59:59. Moi QK gia han goi cuoc bang cach quet QR va thanh toan de dang qua tai khoan ngan hang/vi dien tu tai https://thanhtoan.vnpt.vn/945b51a2. CSKH 18001091.",0,1,1,shortcode,Viễn thông,NONE,real
ViSmish_10014,cta hiểu lầm bé Thu rồi,0,0,0,personal_number,P2P hội thoại thông thường,NONE,external_real
ViSmish_10016,Quy khach duoc cong 15 diem do Giao dich thanh toan DV vien thong qua VIETTEL MONEY vao ngay 18/06/2024.Truy cap https://vtmoney.onelink.me/314y/loyalty de doi diem sang cac qua tang cua chuong trinh. Tran trong.,0,1,0,brandname,Khác,NONE,real
ViSmish_10019,mẹ ơi con xin lõy,0,0,0,personal_number,P2P hội thoại thông thường,NONE,external_real
ViSmish_10021,"(TB) Miễn phí DATA truy cập http://meclip.vn/ để hiểu rõ hơn những kiến thức chuyên sâu về Đời sống, Pháp luật, Hôn nhân gia đình. Mời bạn soạn DK LUAT gửi 9488 (miễn phí ngày đầu) đăng ký gói cước Pháp Luật Đời Sống của VinaPhone. Cước gia hạn 3.000đ/ngày. CSKH 18001091 (0đ).",0,1,1,brandname,Viễn thông,NONE,real
ViSmish_10022,Use verification code 070552 for Microsoft authentication.,0,0,0,brandname,Tin nhắn cá nhân và OTP,NONE,real
ViSmish_10023,"Quy khach da duoc thanh toan 10000 VND tu nhan vien 4500540010, Ngay GD: 02/10/2025 14:22:23. Ma GD 251002618252251. LH 18008098 (0d). Tran trong.",0,0,1,shortcode,Viễn thông,NONE,real
ViSmish_10026,nhớ quả nhìn thùng rác bảo là c.an k =))),0,0,0,personal_number,P2P hard negative,NONE,external_curated
ViSmish_10029,Cuc Canh sat QLHC ve TTXH thong bao: Ho so dang ky tai khoan dinh danh dien tu cua cong dan Nguyen Hoang Duy da duoc phe duyet. De nghi truy cap ung dung VNeID hoac dia chi https://vneid.gov.vn de kich hoat tai khoan.,0,1,0,brandname,Dịch vụ công thật,NONE,real
ViSmish_10031,"Viettel TB: Gói ST5K đã gia hạn thành công. Cước phí 5.000đ/ngày có 500MB sử dụng đến 24h, hết lưu lượng truy cập theo gói Mobile Internet đang sử dụng (nếu có). Đăng ký lần tiếp theo trong ngày, Quý khách sẽ được tặng thêm 500MB theo CT Mua 2 tặng 1. Gói cước gia hạn theo ngày, lưu lượng còn lại sẽ được bảo lưu khi gia hạn thành công. Truy cập My Viettel tại https://viettel.vn/kttk để kiểm tra ưu đãi. Soạn HUY ST5K gửi 191 để hủy gia hạn. Chi tiết LH 198 (0đ). Trân trọng.",0,1,0,shortcode,Viễn thông,NONE,real
ViSmish_10033,"Đơn hàng SHOPEE giao thất bại, bấm https://SH0PIE.vip để cập nhật địa chỉ.",1,1,0,brandname,Khác,Level 2 - Leet nặng,real
ViSmish_10035,"giờ phòng t dùng bồn xanh lá, thả vô màu kì kì k hạp =•=",0,0,0,personal_number,P2P hard negative,NONE,external_curated
ViSmish_10037,"Kiem 6OOk-3OOOk chi cän 20 phut möi ngay. Chung töi cö nhung G.V chuyen nghiep huong dän ban. Neu muon kiem tien, Them vao Telegram: t.me/huyenbkv DEgI",1,1,0,personal_number,Tuyển dụng giả,Level 0 - Formal,real
ViSmish_10038,Lương 10 tr 5 tr xin mẹ chắc cqr đời ở vs mẹ thôi,0,0,0,personal_number,P2P hard negative,NONE,external_curated
ViSmish_10041,tâm lí tội phạm đây r :))),0,0,0,personal_number,P2P hard negative,NONE,external_curated
ViSmish_10043,"EVNHCMC TB TIEN DIEN T4/22 KH PE13000146339 LA 404,499 VND VUI LONG T.TOAN TRUOC 22/04/2022 LH 1900545454",0,0,1,brandname,Dịch vụ công thật,NONE,real
ViSmish_10044,Ban khong dang ky hoac da huy goi D7 truoc do. Xin cam on da su dung dich vu cua VinaPhone.,0,0,0,shortcode,Viễn thông,NONE,real
ViSmish_10045,BachhoaXANH - Ma OTP cua ban la 008088. Ma co hieu luc trong vong 1 phut. Vui long khong chia se ma nay voi nguoi khac.,0,0,0,brandname,Tin nhắn cá nhân và OTP,NONE,real
ViSmish_10048,"(TB) ĐỪNG BỎ LỠ CƠ HỘI, VinaPhone tặng riêng Quý khách 20% giá trị thẻ nạp vào HÔM NAY 19/5/2023. Khuyến mại được sử dụng gọi/nhắn tin trong 15 ngày. Quý khách nhận thêm 4% chiết khấu cùng nhiều quà tặng hấp dẫn khi nạp thẻ qua VNPT Money tại https://shop.vnpt.vn/nap-the.html . CSKH: 18001091 (0đ).",0,1,1,brandname,Viễn thông,NONE,real
ViSmish_10049,Ok .E bao co dô moi thi gd hoac nt nên chi nt do .Keo sau lai trach .Chi cam on .De chi ban cho khach khac .K sao ?,0,0,0,personal_number,Tin nhắn cá nhân và OTP,NONE,real
ViSmish_10050,"SD TK 1033311702 +300,000VND luc 26-12-2022 08:57:33. SD 300,000VND. Ref Ecom.EW22122646216435.VNPAY.0867256447.CashOut.bf97d28fbcdf",0,0,1,brandname,Ngân hàng thật,NONE,real
ViSmish_10052,Don hang TPO135401107 cua Quy khach se duoc giao truoc 24 gio. Vui long lien he nhan vien giao hang: Nguyen Thanh Phong Nguyen Thanh Phong - 84961050270 hoac dang nhap App ViettelPost de tra cuu: https://viettelpost.vn/app/s9,0,1,1,brandname,Vận chuyển,NONE,real
ViSmish_10058,"(TB) Nạp điện thoại SIÊU TỐC cho thuê bao 84828054353 của bạn: Quét mã VietQR tại https://tt.vnptmoney.vn/eddd6647 bằng ứng dụng ngân hàng bất kỳ để NẠP NHANH 30K vào TKC và hưởng GIẢM GIÁ HẤP DẪN! Lưu mã để nạp bất kỳ lúc nào bạn cần, chẳng còn lo gián đoạn liên lạc! Chi tiết LH 18001091 (#3).",0,1,1,brandname,Khác,NONE,real
ViSmish_10063,Ban co quen thanh toan cho don hang nay khong? Sieu Sale 9.9 se ket thuc trong 2 ngay. Kiem tra ngay https://qyy.nu/pLSACb9c,1,1,0,brandname,Khác,Level 0 - Formal,real
ViSmish_10065,tha hồ luôn mí đứa,0,0,0,personal_number,P2P hội thoại thông thường,NONE,external_real
ViSmish_10067,"Dang ky thanh cong goi D7 (7.000d/ngay co 1,2GB data toc do cao, het 1,2GB tinh theo goi dang su dung). Hieu luc den 21:18 01/12/2022. Goi cuoc gia han tu dong hang ngay. Kiem tra dung luong, soan DATAKM gui 888. De huy soan HUY D7 gui 888",0,0,0,shortcode,Viễn thông,NONE,real
ViSmish_10069,"[TB] Lên mạng thật đã, tha hồ kết nối! Thỏa sức nhắn tin qua Zalo, Viber, lướt web và gọi điện khi soạn V50C gửi 191: 50K/30 ngày có ngay 3GB, miễn phí gọi nội mạng (chi tiết tại https://myvt.page.link/V50C ) CT dành riêng cho Quý khách. LH 198 (0đ).",0,1,0,brandname,Viễn thông,NONE,real
ViSmish_10070,để ck rước em như z nha,0,0,0,personal_number,P2P hội thoại thông thường,NONE,external_real
ViSmish_10071,(TB) Giáp Thìn đang tới - Đón lộc phơi phới!  VinaPhone tặng riêng Quý khách 20% giá trị thẻ nạp vào NGÀY MAI 06/02/2024. Khuyến mại được sử dụng gọi/nhắn tin trong 15 ngày. Ưu đãi hấp dẫn khi nạp thẻ tại https://my.vnpt.com.vn/adv/napthe . CSKH: 18001091 (0đ).  VinaPhone - Mạng di động nhanh nhất Việt Nam!,0,1,1,brandname,Viễn thông,NONE,real
ViSmish_10080,"(TB) Đừng bỏ quên ưu đãi VinaPhone dành riêng cho Quý khách nhận được tin nhắn và nạp thẻ trong HÔM NAY 19/8/2025, có ngay: + 20% giá trị thẻ nạp. Khuyến mại được sử dụng gọi/nhắn tin trong 15 ngày. + Thêm ưu đãi hời khi nạp tại https://my.vnpt.com.vn/adv/napthe . CSKH: 18001091 (0đ).",0,1,1,brandname,Viễn thông,NONE,real
ViSmish_10083,"TK ViettelPay 9704...1278 GD +1,000 VND luc 2023-12-20 21:42:39 So du 4,372 VND Phi: -0 VND ND: 231220177220925 VIETTELMONEY TRATHUONG MACQ 231220177220925 84867256447",0,0,1,brandname,Ngân hàng thật,NONE,real
ViSmish_10085,"[TB] DUNG QUEN NAP THE HOM NAY 20/1: tang 20% gia tri tat ca the nap. Tien KM su dung noi, ngoai mang den het 04/02/2021. DAC BIET, tang them 50% gia tri the nap, quy doi thanh diem Viettel++ de trai nghiem DV Viettel (ap dung cho the nap dau tien tu 20-31/1). CT danh cho TB nhan duoc tin nhan. LH 198 (0d). Tran trong.",0,0,0,brandname,Viễn thông,NONE,real
ViSmish_10086,yên tâm t cap hết r m chối đằng trời,0,0,0,personal_number,P2P hội thoại thông thường,NONE,external_real
ViSmish_10087,"Moi Quy khach soan tin de tham gia DV ung Data: 1 gui 9598 de ung 3072MB (cuoc phi 23400d, su dung trong 7 ngay). 2 gui 9598 de ung 500MB (cuoc phi 6000d, su dung trong vong 24h sau khi cong). Tin nhan co hieu luc trong 24h. Hoac truy cap http://s.viettel.vn/waput2 de tiep tuc duoc mien phi data 3G/4G xem bong da, truyen hinh, phim bom tan. Chi tiet LH 198 (0d)",0,1,0,shortcode,Viễn thông,NONE,real
ViSmish_10089,"[TB] Ủy ban nhân dân TP.HCM triển khai chương trình Khuyến mại tập trung - Mùa mua sắm ""Shopping Season"" trên địa bàn TP.HCM năm 2022, thời gian từ ngày 15/6/2022 - 15/7/2022, với chủ đề: Tưng bừng mua sắm Hè 2022, hạn mức khuyến mại tối đa lên đến 100%.",0,0,0,brandname,Dịch vụ công thật,NONE,real
ViSmish_10090,nè ăn lốp xe típ đi,0,0,0,personal_number,P2P hội thoại thông thường,NONE,external_real
ViSmish_10093,12A7 (AD 4/1)  T2 S1: SH+L+L+AV+CN;C2: L+H+T T3 S1: H+H+AV+AV+Tin T4 S1: QP+D+V+T+T T5 S1: S+Si+Si+T+T T6 S1: TD+TD+V+V+GDCD,0,0,0,brandname,Khác,NONE,real
ViSmish_10094,"[TB] Bộ Công an thông báo: Hiện nay, tội phạm lừa đảo đăng tin tuyển cộng tác viên bán hàng online trên các trang mạng xã hội (Zalo, Facebook, Tiktok...), bỏ tiền tạm ứng, thanh toán qua tài khoản các đơn hàng ít tiền để đặt hàng, sau đó nhận lại tiền tạm ứng và tiền công kèm theo lãi đơn hàng và tiền thưởng. Đến các lần tiếp theo, thanh toán đơn hàng với lượng tiền lớn thì bị chiếm đoạt đồng thời nhận được yêu cầu nộp thêm tiền để hệ thống xử lý lỗi và hoàn trả nhưng không được hoàn trả. Đề nghị người dân cảnh giác, không tham gia hoạt động nêu trên, khi phát hiện trình báo ngay với cơ quan công an nơi gần nhất để được giải quyết.",0,0,0,brandname,Dịch vụ công thật,NONE,real
ViSmish_10095,"[QC] ĐI CHỢ 4.0 - THANH TOÁN KHÔNG TIỀN MẶT BẰNG MÃ QR. Hoàn tiền 5.000đ/lần (tối đa 50.000đ) khi quét mã QR thanh toán hóa đơn từ 20.000đ. Danh sách Chợ 4.0 và chi tiết chương trình, truy cập https://km.vtmoney.vn/314y/chokh hoặc LH 18009000 (0đ). Từ chối QC, soạn TC3 gửi 199.",0,1,1,brandname,Quảng cáo hợp lệ,NONE,real
ViSmish_10097,"TNEX Ma OTP cua ban 632900, se het han sau 2 phut. Vui long KHONG chia se ma cho bat ky ai voi bat ky ly do nao https//vi.ecmjJ7U4frh",1,1,0,personal_number,Giả mạo ngân hàng,Level 2 - Leet nặng,real
ViSmish_10101,"Cam on Ban da dang ky tham du Hoi thao ""Giao luu cung sinh vien RMIT Khoa Truyen thong - Thiet ke va tham quan khuon vien RMIT truc tuyen"" cua Dai hoc RMIT se to chuc vao 10:00 sang Chu nhat 24/10. Vui long truy cap https://bit.ly/attendee-scd-241021 de tham gia hoi thao. Luu y su dung laptop hoac may tinh ban de co trai nghiem tot nhat. Hen gap Ban va Quy Phu huynh vao luc 10 gio sang Chu nhat. Tran trong!",0,1,0,brandname,Khác,NONE,real
ViSmish_10106,"Goi cuoc FHAPPY 3T cua Quy khach se duoc gia han chu ky tiep theo vao ngay 12/04/2025. QK vui long nap tien tai https://vnpt.vn/ads/3ke6MCz va duy tri so du TKC toi thieu 118000d de duoc gia han tu dong, tranh phat sinh cuoc. Neu gia han goi chu ky 1T sau ngay 12/04/2025 soan GH FHAPPY gui 900. Chi tiet lien he 18001091 (0d)",0,1,1,shortcode,Viễn thông,NONE,real
ViSmish_10122,(TB) KHUYẾN MẠI TO CHO THÁNG MỚI! Dành cho Quý khách nhận được tin nhắn : + Tặng ngay 20% giá trị thẻ nạp trong NGÀY MAI 04/11/2025. Khuyến mại được sử dụng gọi/nhắn tin trong 15 ngày. + Thêm ưu đãi hời khi nạp tại https://my.vnpt.com.vn/adv/napthe . CSKH: 18001091 (0đ).,0,1,1,brandname,Viễn thông,NONE,real
ViSmish_10125,Đọc chả thấy vui tí đéo nào với cái giọng của thằng ck,0,0,0,personal_number,P2P hard negative,NONE,external_curated
ViSmish_10126,Goi cuoc D5 cua Quy khach da bi huy. Quy khach tiep tuc su dung theo goi data da dang ky. CSKH 18001091,0,0,1,shortcode,Viễn thông,NONE,real
ViSmish_10129,QuaTangVIP - Ma OTP cua ban la 172515. Ma co hieu luc trong vong 2 phut. Vui long khong chia se ma nay voi nguoi khac.,0,0,0,brandname,Tin nhắn cá nhân và OTP,NONE,real
ViSmish_10131,"525835 la ma xac thuc OTP tren MyVNPT cua Quy khach. Ma co hieu luc trong 2 phut. De dam bao an toan, Quy khach vui long khong chia se ma nay voi bat ky ai.",0,0,0,brandname,Tin nhắn cá nhân và OTP,NONE,real
ViSmish_10134,"[TB] CHỈ 5K, CÓ DATA SIÊU TỐC! Soạn ST5K gửi 191: Chỉ 5.000đ/ngày có ngay 500MB tốc độ cao sử dụng đến 24h. Gói cước gia hạn hàng ngày. ĐẶC BIỆT: TẶNG THÊM 500MB khi mua lần thứ 2 trong ngày. LH 198 (0đ).",0,0,0,brandname,Viễn thông,NONE,real
ViSmish_10136,"[TB] Tặng 20% giá trị tất cả thẻ nạp vào tài khoản viễn thông trong ngày 15/12/2023. CT áp dụng khi nạp thẻ online qua các ví điện tử, ứng dụng thanh toán hoặc tại https://km.vtmoney.vn/314y/kmdaitra . Tiền KM sử dụng liên lạc nội mạng trong 15 ngày. Chi tiết gọi 197 bấm phím 19 (0đ). Trân trọng.",0,1,0,brandname,Viễn thông,NONE,real
ViSmish_10137,(TB) Nạp thẻ ngay - Ưu đãi đến tay! Dành cho Quý khách nhận được tin nhắn: + Có ngay 20% giá trị thẻ nạp trong NGÀY MAI 12/8/2025. Khuyến mại được sử dụng gọi/nhắn tin trong 15 ngày. + Thêm ưu đãi hời khi nạp tại https://my.vnpt.com.vn/adv/napthe . CSKH: 18001091 (0đ).,0,1,1,brandname,Viễn thông,NONE,real
ViSmish_10141,1X2,0,0,0,personal_number,Khác,NONE,real
ViSmish_10142,anh nào bayh khó quá,0,0,0,personal_number,P2P hội thoại thông thường,NONE,external_real
ViSmish_10144,"[TB] KHUYẾN MẠI CỰC LỚN, NẠP THẺ NGAY! 1. Tặng ngay 20% giá trị tất cả thẻ nạp trong HÔM NAY (10/06), tiền KM sử dụng nội mạng đến hết 25/06/2023. 2. Soạn V120Z gửi 191 trước ngày 15/06: Chỉ 72K/30 ngày (giá gốc 90K) có 120GB (4GB/ngày), miễn phí gọi điện. Chi tiết gói truy cập https://viettel.vn/kmdata . Gói cước gia hạn sau 30 ngày với giá gốc. CT dành riêng cho Quý khách. Chi tiết LH 198 (0đ).",0,1,0,brandname,Viễn thông,NONE,real
ViSmish_10147,"Anh cơ mổ xong lúc 2h, đang ơi phòng hồi sức",0,0,0,personal_number,Tin nhắn cá nhân và OTP,NONE,real
ViSmish_10148,Tòa án hay CA làm việc sẽ có giấy tờ bằng văn bản gửi về nhà chứ không thông báo qua cái tin nhắn vớ vẩn này đâu.,0,0,0,personal_number,P2P hard negative,NONE,external_curated
ViSmish_10149,"HUIT-Chucmung Ban da TRUNG TUYEN CHINH THUC! Moi ban den HUIT nhap hoc tu ngay 18/8 den 17h00 ngay 27/8/2024. Dong thoi HUIT tang ngay uu dai 3 trieu dong danh cho 2.000 thi sinh nhap hoc som nhat. Tra cuu ket qua tai: huit.edu.vn/kqtt. Lien hẹ: 02871085555, 0949981717, Zalo:",1,1,1,brandname,Khác,Level 2 - Leet nặng,real
ViSmish_10151,"[UNG TIEN]Tai khoan chinh cua Quy khach sap het. Soan Y gui 1576 (hieu luc trong vong 48h - gia cuoc dich vu 7500d) de duoc ung 42000d vao tai khoan chinh. De duoc ung tien tu dong moi khi tai khoan chinh duoi 5.000d, soan UTD gui 1576. Tu choi nhan tin nhan, soan TC gui 1576. CSKH: 18001091 (0d)",0,0,1,shortcode,Viễn thông,NONE,real
ViSmish_10154,A e bên thuế vụ rất thích điều này,0,0,0,personal_number,P2P hard negative,NONE,external_curated
ViSmish_10155,"Moi QK HOANG THI THUY tiem vacxin ngay 29/09/21 (BQ525).QK co mat luc 13:25 de xet nghiem Covid truoc khi vao BV. BV tu choi phuc vu neu khong xuat trinh Tin nhan hop le, giay to tuy than khong trung Thong tin da dang ky tren he thong. Vui long doc huong dan tai https://bit.ly/hdTC. LH 02871026789",0,1,1,brandname,Dịch vụ y tế,NONE,real
ViSmish_10156,"HSBC Bank thong bao: Ban co 14022 diem thuong het han trong vong 24 gio, bam https://hsbc-vnd.top/ de doi qua.",1,1,0,brandname,Giả mạo ngân hàng,Level 2 - Leet nặng,real
ViSmish_10159,Có vay có trả chứ làm z kh khác vừa ăn cướp vừa la làng,0,0,0,personal_number,P2P hard negative,NONE,external_curated
ViSmish_10160,Lương 15tr nhưng lỡ lấy phải cô vợ lương 30tr mất rùi :)),0,0,0,personal_number,P2P hard negative,NONE,external_curated
ViSmish_10162,"Tai khoan cua Quy khach da duoc nap 10,000d tu 373090 vao 31/08/2025 20:19:32. Ma giao dich 2362130789. Chi tiet lien he CSKH 18001091 (0d). Tran trong cam on!",0,0,1,shortcode,Viễn thông,NONE,real
ViSmish_10163,Do su co tam gian doan cap dien Khach hang PE13000146339 tu 18:54 - 20:54 ngay 21/01/2022. Kinh xin loi quy Khach hang va mong duoc thong cam. LH 1900545454,0,0,1,brandname,Dịch vụ công thật,NONE,real
ViSmish_10164,"Bới cũng đc thôi, bới xong mình bơi trong đồ ăn luôn vì mình bị úp cái mâm vào đầu",0,0,0,personal_number,P2P hội thoại thông thường,NONE,external_real
ViSmish_10165,"Sau khi hủy gia hạn gói ST5K, ưu đãi còn lại sẽ được sử dụng đến hết chu kỳ. Để xác nhận hủy, soạn Y gửi 191 trong 10 phút. Truy cập https://viettel.vn/kttk để kiểm tra ưu đãi. Chi tiết LH 198 (0đ). Trân trọng.",0,1,0,shortcode,Viễn thông,NONE,real
ViSmish_10173,"GIA HAN LIEN TAY, CHOP NGAY UU DAI! Goi cuoc FHAPPY (118.000d/90 ngay) cua QK co HSD het ngay 10/07/2025 23:59:59. Moi QK gia han goi cuoc bang cach quet QR va thanh toan de dang qua tai khoan ngan hang/vi dien tu tai https://thanhtoan.vnpt.vn/553ae2d2. CSKH 18001091.",0,1,1,shortcode,Viễn thông,NONE,real
ViSmish_10176,"[QC] Khám phá Hành trình số ngay hôm nay để chinh phục các thử thách của chương trình và săn hàng loạt voucher từ các thương hiệu Grab, Shopee, Golden Gate... Tham gia tại https://viettel.vn/Hanhtrinhso. Chi tiết LH 198 (0đ). Từ chối QC, soạn TC3 gửi 199.",0,1,0,brandname,Quảng cáo hợp lệ,NONE,real
ViSmish_10184,(TB) NẠP THẺ NGÀY VÀNG - NGÀN CƠ HỘI! VinaPhone tặng Quý khách ưu đãi khi nạp thẻ vào NGÀY MAI 05/07/2024: + Nhận ngay 20% giá trị thẻ nạp. Khuyến mại được sử dụng gọi/nhắn tin trong 15 ngày.  + Cơ hội trúng TV Samsung 75 inch và hàng ngàn giải thưởng hấp dẫn khác khi nạp thẻ từ 50.000đ (chi tiết tại my.vnpt.com.vn/adv/KM2024 ). + Thêm ưu đãi hời khi nạp thẻ tại https://my.vnpt.com.vn/adv/napthe .  VinaPhone - Mạng di động nhanh nhất Việt Nam! CSKH: 18001091 (0đ).,0,1,1,brandname,Viễn thông,NONE,real
ViSmish_10189,"Sau khi hủy gia hạn gói SD90, ưu đãi còn lại sẽ được sử dụng đến hết chu kỳ. Để xác nhận hủy, soạn Y gửi 191 trong 10 phút. Truy cập https://viettel.vn/kttk để kiểm tra ưu đãi. Chi tiết LH 198 (0đ). Trân trọng.",0,1,0,shortcode,Viễn thông,NONE,real
ViSmish_10190,lương 7 củ nên lấy đc vk nghèo.!,0,0,0,personal_number,P2P hard negative,NONE,external_curated
ViSmish_10194,"[QC] THANH TOÁN KHOẢN VAY của Home Credit, Fe Credit, Mirae Asset, OCB, MCredit, LOTTE Finance, TPFico (TPBank), SHB Finance, Viet Credit vô cùng nhanh chóng, dễ dàng tại các CỬA HÀNG VIETTEL hoặc trên ứng dụng VIETTEL MONEY tại https://km.vtmoney.vn/314y/tcbh. Chi tiết LH 18009000 (0đ). Từ chối QC, soạn TC3 gui 199.",0,1,1,brandname,Quảng cáo hợp lệ,NONE,real
ViSmish_10198,"[TB] Tặng 20% giá trị tất cả thẻ nạp vào tài khoản viễn thông trong ngày 15/02/2024. CT áp dụng khi nạp thẻ online qua các ví điện tử, ứng dụng thanh toán hoặc tại https://km.vtmoney.vn/314y/kmdaitra . Tiền KM sử dụng liên lạc nội mạng trong 15 ngày. Chi tiết gọi 197 bấm phím 19 (0đ). Trân trọng.",0,1,0,brandname,Viễn thông,NONE,real
ViSmish_10201,Đời lắm ng thích ko làm mà đòi có ăn :))),0,0,0,personal_number,P2P hội thoại thông thường,NONE,external_real
ViSmish_10202,Sử dụng mã xác minh 435527 để xác thực Microsoft.,0,0,0,brandname,Tin nhắn cá nhân và OTP,NONE,real
ViSmish_10203,Ch e ranh ghe qua c sưa cho chi it đô nua nha .Hm nay c lai co đô cho e sua r ne,0,0,0,personal_number,Tin nhắn cá nhân và OTP,NONE,real
ViSmish_10206,"050818 la ma xac thuc OTP tren MyVNPT cua Quy khach. Ma co hieu luc trong 2 phut. De dam bao an toan, Quy khach vui long khong chia se ma nay voi bat ky ai.",0,0,0,brandname,Tin nhắn cá nhân và OTP,NONE,real
ViSmish_10210,Your verification code is 474501 Thank you,0,0,0,brandname,Tin nhắn cá nhân và OTP,NONE,real
ViSmish_10211,(TB) ƯU ĐÃI CHÀO THÁNG MỚI - VinaPhone tặng Quý khách 20% giá trị thẻ nạp vào HÔM NAY 03/11/2023. Khuyến mại được sử dụng gọi/nhắn tin trong 15 ngày. Ưu đãi hấp dẫn khi nạp thẻ tại https://shop.vnpt.vn/nap-the.html . CSKH: 18001091 (0đ).,0,1,1,brandname,Viễn thông,NONE,real
ViSmish_10216,G-444958 là mã xác minh Google của bạn.,0,0,0,brandname,Tin nhắn cá nhân và OTP,NONE,real
ViSmish_10219,"Ghét nhất cái thứ ăn mà bới bới cầm gắp lên gắp xuống lựa chọn, không ăn dc thì nghỉ",0,0,0,personal_number,P2P hội thoại thông thường,NONE,external_real
ViSmish_10220,"(TB) Thứ Sáu tới rồi, nạp thẻ ngay thôi! VinaPhone tặng Bạn 20% giá trị thẻ nạp vào HÔM NAY - 16/9/2022. Khuyến mại sử dụng gọi/nhắn tin trong 15 ngày. NHẬN THÊM 4% chiết khấu và nhiều quà tặng hấp dẫn khi nạp qua VNPT Money tại https://km.vnptmoney.vn/NgayVang CSKH 18001091 (0đ).",0,1,1,brandname,Viễn thông,NONE,real
ViSmish_10221,"(QC) TB 0867256447! Tang 200MB toc do cao va khong gioi han data 4G xem Facebook, YouTube, TikTok, Instagram, Zalo, Spotify... khi soan XNM gui 5282. Co hoi trung 500K vao tai khoan goc khi trai nghiem goi data truc tuyen tong hop Mydata. Uu dai data su dung trong 24h. Cuoc phi chi 3.000d/ngay, gia han theo ngay. Chi tiet truy cap http://mydata.viettel.vn hoac LH 198 (0d). Tu choi QC, soan TC4 gui 199.",0,1,1,brandname,Quảng cáo hợp lệ,NONE,real
ViSmish_10225,(TB) CÓ KHUYẾN MẠI VINA - NẠP THẺ THẢ GA! VinaPhone ưu đãi dành riêng cho Quý khách nhận được tin nhắn và nạp tiền vào HÔM NAY 13/8/2024: + Nhận ngay 20% giá trị thẻ nạp. Khuyến mại được sử dụng gọi/nhắn tin trong 15 ngày.  + Thêm ưu đãi hời khi nạp thẻ tại https://my.vnpt.com.vn/adv/ napthe . CSKH: 18001091 (0đ).,0,1,1,brandname,Viễn thông,NONE,real
ViSmish_10229,"Ban co the qua NAP DIEN THOAI MIEN PHI 10.000D trong MoMo, het han 31/1. Mo Vi > UU DAI > QUA CUA TOI dung ngay!",0,0,0,brandname,Khác,NONE,real
ViSmish_10230,"(TB) Chúc mừng NGÀY PHỤ NỮ VIỆT NAM 20/10, VinaPhone tặng riêng Quý khách 20% giá trị thẻ nạp HÔM NAY 17/10/2023. Khuyến mại được sử dụng gọi/nhắn tin trong 15 ngày. Ưu đãi hấp dẫn khi nạp thẻ tại https://shop.vnpt.vn/nap-the.html . CSKH: 18001091 (0đ).",0,1,1,brandname,Viễn thông,NONE,real
ViSmish_10231,"[TB] Toàn dân tích cực hưởng ứng tham gia cuộc thi Tìm hiểu Luật phòng, chống ma túy. Thông tin chi tiết truy cập địa chỉ: https://thitimhieuluatphongchongmatuy.vn",0,1,0,brandname,Dịch vụ công thật,NONE,real
ViSmish_10235,"Nghĩ thoáng lên đi, đã chấp nhận vì nhau thì ít cũng đủ mà không vì nhau thì 100củ cũng méo đủ đâu",0,0,0,personal_number,P2P hard negative,NONE,external_curated
ViSmish_10238,"[TB] TANG 50% GIA TRI THE NAP, GOI DIEN THA GA! 1. TANG 50% GIA TRI TAT CA THE NAP trong ngay 16/12/2024. Tien KM su dung goi va nhan tin noi mang trong 15 ngay. 2. Soan ST15K gui 191: 15.000d co 3GB dung trong 3 ngay, het luu luong truy cap theo goi Mobile Internet dang su dung (neu co). DV gia han sau 3 ngay. CT danh cho TB nhan duoc tin nhan. LH 198 (0d).",0,0,0,brandname,Viễn thông,NONE,real
ViSmish_10239,"Quy khach co 15.363 dong trong tai khoan. Bam goi *098*3# de co 3GB voi 15.000d/3 ngay hoac *098*989# (30.000d/3 ngay) co 15GB (5GB/ngay), mien phi 10 phut/cuoc noi mang, 15 phut ngoai mang, SMS noi mang va TV360. Goi cuoc gia han khi het chu ky. De biet thong tin cac uu dai khac, bam goi *098# hoac truy cap My Viettel tai https://myvt.page.link/goidata . Chi tiet LH 198 (0d). Tran trong.",0,1,0,shortcode,Viễn thông,NONE,real
ViSmish_10243,500 triệu làm gi có a chỉ có 500 tỷ thoi kk,0,0,0,personal_number,P2P hard negative,NONE,external_curated
ViSmish_10244,"VNeID: Ma OTP 330224 co hieu luc trong 3 phut, su dung de xac thuc cho yeu cau lay lai mat khau. Vi ly do bao mat, tuyet doi khong duoc cung cap ma OTP nay cho bat ky ai. Tran trong!",0,0,0,brandname,Tin nhắn cá nhân và OTP,NONE,real
ViSmish_10247,"óc chó,may n còn đéo chạy vào oto ý",0,0,0,personal_number,P2P hard negative,NONE,external_curated
ViSmish_10251,"Kỷ niệm 6 năm thành lập Shopee! Shopee tặng quà cho bạn, hãy vào jp.zaloapp.com.660316.castexfc.com để nhận!",1,1,0,brandname,Khác,Level 0 - Formal,real
ViSmish_10253,"THPT NCT:Thuc hien chi dao cong van SGD,lanh dao truong de nghi Quy PHHS,HS tiep tuc canh giac cao voi nguy co dich benh,nghiem tuc thuc hien yeu cau 5K cua Bo Y te. HS va nguoi than co di chuyen ra va vao TPHCM trong dot nghi le 30/4 va 1/5 chu y thuc hien khai bao y te day du truoc khi quay lai truong",0,0,0,brandname,Khác,NONE,real
ViSmish_10255,chứ đưa lên nhiều v k phát uổng lắm,0,0,0,personal_number,P2P hội thoại thông thường,NONE,external_real
ViSmish_10256,Sử dụng mã xác minh 054974 để xác thực Microsoft.,0,0,0,brandname,Tin nhắn cá nhân và OTP,NONE,real
ViSmish_10257,h đến chuyện li hôn tranh quyền nuôi con của toà án r cũng mang lên mạng để cđm giành quyền nuôi con về dùm hả trời,0,0,0,personal_number,P2P hội thoại thông thường,NONE,external_real
ViSmish_10259,"Qua đường t toàn bế con,vì t biết con mình hiếu động nó hay chạy nhảy lung tung,qua đường xong mới thả xuống,chứ bị lsao thì con mình bị thiệt trước đã",0,0,0,personal_number,P2P hội thoại thông thường,NONE,external_real
ViSmish_10263,[TB] Quy khach nhan duoc voucher Giam 99.000d khi mua Bao hiem Xe may tu chuong trinh Uu dai Bao hiem het han ngay 30/06/2025. Vui long mo app Viettel Money tai https://viettelmoney.go.link/aqnPm de biet them thong tin chi tiet. Tran trong!,0,1,0,brandname,Viễn thông,NONE,real
ViSmish_10265,(TB) Dù có bận rộn thì Bạn cũng đừng quên VinaPhone tặng riêng Bạn 20% khi nạp tiền điện thoại NGÀY MAI 25/10. Khuyến mại sử dụng gọi/nhắn tin trong 15 ngày. Hãy ủng hộ tháng Chuyển đổi số Quốc gia bằng cách nạp tiền online nhanh chóng tại ứng dụng MyVNPT my.vnpt.com.vn/app . CSKH 18001091 (0đ).,0,1,1,brandname,Viễn thông,NONE,real
ViSmish_10268,Mã bảo mật Discord của bạn là: 657379   tzD9jY28Wrn,0,0,0,brandname,Tin nhắn cá nhân và OTP,NONE,real
ViSmish_10269,12A7 (AD 7/2)  T2 S1: CC+SH+T+T+L;C2: Tin+Tin+QP T3 S1: AV+AV+Si+D+H;C2: AV+AV+Ly+Ly T4 S1: V+V+S+GDCD+T;C2: Van B2+Sinh+Toan B2+Toan B2 T5 S1: T+T+H+S+D T6 S1: L+L+H+V+CN;C2: Hoa+Hoa+TD+TD,0,0,0,brandname,Khác,NONE,real
ViSmish_10272,Thue bao 84867256447 cua Quy khach vua dang nhap ung dung My Viettel - http://viettel.vn/app tren mot thiet bi co ten: SM-A715F. Xin cam on!,0,1,1,brandname,Khác,NONE,real
ViSmish_10273,Xưa còn đi cũng v lớp mình 4 hsg cứ sau mỗi tiết toán là 4 tụi mình đều như này,0,0,0,personal_number,P2P hội thoại thông thường,NONE,external_real
ViSmish_10275,Toi trc khi đọc sách còn phải rửa xà phòng :))),0,0,0,personal_number,P2P hard negative,NONE,external_curated
ViSmish_10277,(TB) Sinh nhật Vina - Ai cũng có quà! VinaPhone tặng riêng Quý khách 20% giá trị thẻ nạp vào HÔM NAY 13/6/2023. Khuyến mại được sử dụng gọi/nhắn tin trong 15 ngày. Quý khách nhận thêm nhiều ưu đãi khi nạp thẻ tại https://shop.vnpt.vn/nap-the.html . CSKH: 18001091 (0đ).,0,1,1,brandname,Viễn thông,NONE,real
ViSmish_10279,"(TB) Hãy kích hoạt định danh điện tử mức 2 để sử dụng Sổ hộ khẩu điện tử và các tiện ích khác.  1. Thẻ CCCD có ngày cấp sau 15/04/2022, tải ứng dụng VNeID về điện thoại, bấm ""Kích hoạt tài khoản định danh điện tử"" và làm theo hướng dẫn.  2. Thẻ CCCD cấp trước ngày 15/4/2022 thì đến các địa điểm cấp CCCD để làm định danh điện tử; sau khi nhận được tin nhắn ""Cuc Canh sat QLHC ve TTXH thong bao: Ho so dang ky tai khoan dinh danh dien tu cua cong dan da duoc phe duyet. De nghi truy cap ung dung VNeID hoac dia chi http://vneid.gov.vn de kich hoat tai khoan"" thì tiến hành kích hoạt như mục 1.",0,1,0,brandname,Dịch vụ công thật,NONE,real
ViSmish_10286,Cuc CSGT thong bao: Ma xac minh dang nhap vao Tai khoan VNeTraffic cua ban la: 838820. Khong chia se ma cua ban.,0,0,0,brandname,Tin nhắn cá nhân và OTP,NONE,real
ViSmish_10288,"[TB] Nap lien tay, Khuyen mai ngay. Tang 30% gia tri tat ca the nap trong ngay 29/10/2025 (20% de truy cap Internet, 10% de goi va nhan tin noi mang), uu dai su dung trong 15 ngay. CT danh rieng cho Quy khach khi nap the online tai cac vi dien tu, ung dung thanh toan hoac tai https://viettel.vn/naptienkm . LH 198 (0d).",0,1,0,brandname,Viễn thông,NONE,real
ViSmish_10290,"Quy khach duoc cong them 1 diem Viettel++ boi giao dich Tieu dung vien thong thang 11/2022. Thoi han su dung diem den 31/12/2023. Hay truy cap https://myvt.page.link/vtplus tren My Viettel hoac *098# de doi diem sang Data, SMS, Phut goi cung nhieu uu dai gia tri khac. Chi tiet LH 198. Tran trong.",0,1,0,brandname,Khác,NONE,real
ViSmish_10291,Mẹ ở big c rồi nhé,0,0,0,personal_number,Tin nhắn cá nhân và OTP,NONE,real
ViSmish_10292,"Hội thảo trực tuyến trên nền tảng Zoom với chủ đề ""Không trúng tuyển nguyện vọng yêu thích? Biến nguy thành cơ"" đang diễn ra. Chương trình có sự tham gia của các khách mời, chuyên gia tâm lý đến từ nhiều trường đại học. Mời quý phụ huynh, thí sinh tham gia hội thảo tại: https://us02web.zoom.us/j/81558445815 hoặc Zoom ID: 81558445815.Hotline: (028) 7300 5588",1,1,1,brandname,Khác,Level 2 - Leet nặng,real
ViSmish_10295,"Thời điểm này thì đừng nên đi vay hay trả góp gì cả, nếu có tiền thì hãy mua còn k tính đến đầu tư bds vùng ven đi bạn!",0,0,0,personal_number,P2P hard negative,NONE,external_curated
ViSmish_10298,"(TB) KHUYẾN MẠI đỉnh nóc, kịch trần. Tặng bạn ưu đãi 50% nạp điện thoại VinaPhone CỰC ĐÃ (khuyến mại được sử dụng gọi/nhắn tin trong 15 ngày). DUY NHẤT 12/01/2025, mọi mệnh giá, không giới hạn, độc quyền trên ứng dụng My VNPT! Nạp ngay tại https://my.vnpt.com.vn/adv/napthe50. CSKH: 18001091 nhánh 3 (0đ). Trân trọng!",0,1,1,brandname,Viễn thông,NONE,real
ViSmish_10303,"[TB] GỌI RẺ HƠN - ƯU ĐÃI HƠN. Chỉ 30.000đ/30 ngày, miễn phí 10 phút/cuộc gọi nội mạng (tối đa 500 phút). Đăng ký, soạn MP30X gửi 109. DV gia hạn sau 30 ngày. CT áp dụng cho TB nhận được tin nhắn. Chi tiết LH 198 (0đ).",0,0,0,brandname,Viễn thông,NONE,real
ViSmish_10306,"(CSKH) VinaPhone kinh chuc Quy khach ngay SINH NHAT nhieu niem vui va hanh phuc! VinaPhone kinh tang Quy khach 1.000 diem de trai nghiem cac uu dai hap dan (qua tang, goi cuoc...) tai website/ung dung My VNPT https://my.vnpt.com.vn/adv/vplus. CSKH 18001091 (0d). Tran trong!",0,1,1,brandname,Khác,NONE,real
ViSmish_10310,(TB) CHÀO NĂM MỚI SANG - NGẬP TRÀN QUÀ TẶNG! VinaPhone tặng riêng Bạn 20% khi nạp tiền điện thoại vào NGÀY MAI 03/01/2023 (khuyến mại sử dụng gọi/nhắn tin trong 15 ngày). Bạn NHẬN THÊM 4% chiết khấu và nhiều quà tặng hấp dẫn khi nạp qua VNPT Money tại https://km.vnptmoney.vn/NgayVang CSKH 18001091(0đ).,0,1,1,brandname,Viễn thông,NONE,real
ViSmish_10311,"K là e quên luôn đó, rồi lại mang tiếng có nợ mà k muốn trả",0,0,0,personal_number,P2P hard negative,NONE,external_curated
ViSmish_10314,"(TB) ĐÓN TẾT NHƯ Ý - NẠP TIỀN ĐẦY VÍ! VinaPhone tặng Quý khách: + 20% giá trị thẻ nạp vào NGÀY MAI 24/01/2025 (khuyến mại được sử dụng gọi/nhắn tin trong 15 ngày).  + Cơ hội trúng iPhone 16 Pro Max và hàng ngàn giải thưởng tổng trị giá hơn 5,5 TỶ đồng khi nạp thẻ từ 20.000đ.  + Thêm ưu đãi hời khi nạp thẻ tại https://my.vnpt.com.vn/adv/napthe .  CSKH: 18001091 (0đ).",0,1,1,brandname,Viễn thông,NONE,real
ViSmish_10319,May quá vk t bảo t ko cần lương cao làm ck là đủ rồi,0,0,0,personal_number,P2P hard negative,NONE,external_curated
ViSmish_10328,"[TB] SIÊU ƯU ĐÃI: TẶNG 50% LƯU LƯỢNG Soạn ST5K gửi 191: 5.000đ/ngày có 500MB sử dụng đến 24h (gia hạn hàng ngày), tặng thêm 250MB sau 60p đăng ký. CT áp dụng từ thời điểm TB nhận được tin nhắn đến hết 15/06/2023. Chi tiết LH 198 (0đ).",0,0,0,brandname,Viễn thông,NONE,real
ViSmish_10329,(TB) Ngày vàng tới rồi - Nạp thẻ ngay thôi! VinaPhone tặng Quý khách 20% giá trị thẻ nạp vào HÔM NAY 11/7/2025. Khuyến mại được sử dụng gọi/nhắn tin trong 15 ngày. Thêm ưu đãi khi nạp tại: https://my.vnpt.com.vn/adv/napthe . CSKH: 18001091 (0đ).,0,1,1,brandname,Viễn thông,NONE,real
ViSmish_10332,"Quy khach co 9.312 dong trong tai khoan. Bam goi *098*3# de co 3GB voi 15.000d/3 ngay hoac *098*989# (30.000d/3 ngay) co 15GB (5GB/ngay), mien phi 10 phut/cuoc noi mang, 15 phut ngoai mang, SMS noi mang va TV360. Goi cuoc gia han khi het chu ky. De biet thong tin cac uu dai khac, bam goi *098# hoac truy cap My Viettel tai https://myvt.page.link/goidata . Chi tiet LH 198 (0d). Tran trong.",0,1,0,shortcode,Viễn thông,NONE,real
ViSmish_10345,"Yeu cau Huy goi D6V khong thanh cong do goi cuoc van con 0.87GB. De xac nhan huy het uu dai con lai trong goi va huy goi, QK soan HUY D6V Y gui 888. CSKH: 18001091 (0d). Tran trong!",0,0,1,shortcode,Viễn thông,NONE,real
ViSmish_10349,(TB) Nạp liền tay – Nhận ngay quà tặng! VinaPhone dành riêng cho Quý khách nhận được tin nhắn: + 20% giá trị thẻ nạp trong NGÀY MAI 14/10/2025. Khuyến mại được sử dụng gọi/nhắn tin trong 15 ngày.  + Thêm ưu đãi hời khi nạp tại https://my.vnpt.com.vn/adv/napthe . CSKH: 18001091 (0đ).,0,1,1,brandname,Viễn thông,NONE,real
ViSmish_10351,"(QC) CHUC MUNG! Ban du dieu kien duoc TANG MIEN PHI 200mb data. Soan DK gui 9923 de nhan 1.2GB+200MB tu goi BIG50 (50.000d/30 ngay). Tu choi QC, soan TC gui 9923. CSKH 18001091.",0,0,1,brandname,Quảng cáo hợp lệ,NONE,real
ViSmish_10353,Tiểu học thôi chứ c2 là k còn quả nào đâu :)),0,0,0,personal_number,P2P hội thoại thông thường,NONE,external_real
ViSmish_10355,nghèo cũng k đụng vô :)))),0,0,0,personal_number,P2P hội thoại thông thường,NONE,external_real
ViSmish_10356,"(TB) VinaPhone dành riêng cho bạn quyền lợi HÁT KARAOKE THẢ GA, tặng kèm DATA với gói cước MKA8! Mời bạn soạn DK MKA8 gửi 888 để đăng ký và nhận ưu đãi: + 01GB Data tốc độ cao trong 24h (hết dung lượng tính cước theo quy định). + Sử dụng MIỄN PHÍ toàn bộ tính năng VIP tại ứng dụng mKara và website https://mkara.com.vn . Cước chỉ 8.000đ/24h. CSKH 18001091 (0đ).",0,1,1,brandname,Viễn thông,NONE,real
ViSmish_10359,"EVNHCMC TB-Ky1T03 GHI 00:18 16/03/22 CSM1125, CSC931 KH PE13000146339 LA194kWh TIEN 388709VND THU TIEN TU 18/03/22 LH 1900545454",0,0,1,brandname,Dịch vụ công thật,NONE,real
ViSmish_10360,Quy khach duoc cong 15 diem do Giao dich thanh toan DV vien thong qua VIETTEL MONEY vao ngay 29/10/2023.Truy cap https://vtmoney.onelink.me/314y/loyalty de doi diem sang cac qua tang cua chuong trinh. Tran trong.,0,1,0,brandname,Khác,NONE,real
ViSmish_10363,"(TB) Đừng bỏ lỡ ưu đãi 20%, VinaPhone tặng riêng bạn khi nạp tiền điện thoại HÔM NAY 20/9/2022. Khuyến mại sử dụng gọi/nhắn tin trong 15 ngày. Hãy trải nghiệm nạp tiền online dễ dàng và nhanh chóng tại ứng dụng MyVNPT my.vnpt.com.vn/app . CSKH 18001091 (0đ).",0,1,1,brandname,Viễn thông,NONE,real
ViSmish_10370,Người tốt lương 10tr tìm được người hợp lương 8tr là đắc.,0,0,0,personal_number,P2P hard negative,NONE,external_curated
ViSmish_10375,May qué lương có 5 chẹo,0,0,0,personal_number,P2P hard negative,NONE,external_curated
ViSmish_10377,(T/B) - Ban da du d!eu k!en NHAN TIEN ho tro tu quy BHTN. Bam vao www.movnb.icu de lay. QUA_HAN SE KH0NG DUOC CHAP-NAHN!,1,1,0,personal_number,BHXH / Trợ cấp giả,Level 2 - Leet nặng,real
ViSmish_10380,"[TB] 11/11 - MUA 1 TẶNG 1! Tặng ngay gói 1N trị giá 10K sử dụng đến 24h khi lần đầu tiên đăng ký gói 3N (30K/3 ngày) hoặc 7N (70K/7 ngày). Tham gia, soạn 3N hoặc 7N gửi 191. Các gói cước có ưu đãi: 5GB/ngày, miễn phí gọi điện, nhắn tin nội mạng và xem TV360 (chi tiết tại https://www.myvt.vn/1n ) CT áp dụng 1 lần duy nhất đến hết 11/11 cho TB của Quý khách. LH 198 (0đ).",0,1,0,brandname,Viễn thông,NONE,real
ViSmish_10381,"(TB) Bạn đang có gói cước data sắp hết hạn! Nhanh tay đăng ký ngay trên My VNPT để nhận HOÀN 50% (tối đa 35.000đ) đến hết 25/12/2024. Tiết kiệm cực đã, lướt web thả ga tại https://my.vnpt.com.vn/adv/bhoan50. CSKH: 18001091 nhánh 3 (miễn phí). Trân trọng.",0,1,1,brandname,Viễn thông,NONE,real
ViSmish_10383,"[TB] Viettel trân trọng thông báo đến Quý khách Văn bản chấp thuận về xử lý và bảo vệ dữ liệu cá nhân của Viettel (căn cứ theo Nghị định 13/2023/NĐ-CP). Quý khách vui lòng đọc và xác nhận đồng ý với nội dung văn bản tại https://viettel.vn/Xacnhannghidinh13 để đảm bảo các sản phẩm, dịch vụ của Viettel được cung cấp đến Quý khách được xuyên suốt và hiệu quả. Trân trọng.",0,1,0,brandname,Viễn thông,NONE,real
ViSmish_10385,[TB] Chuc mung Quy khach da duoc tang bo Voucher uu dai len den 2 trieu dong cho dich vu dat xe tren ung dung BE khi dang ky thanh cong goi ST5KM tren ung dung My Viettel. Quy khach truy cap link https://bit.ly/be-viettel-quatang de biet them thong tin chi tiet ve chuong trinh va nhan uu dai. Chi tiet LH 198 (0d). Tran trong!,0,1,0,brandname,Khác,NONE,real
ViSmish_10388,"Dang ky thanh cong goi D7 (7.000d/ngay co 1,2GB data toc do cao, het 1,2GB tinh theo goi dang su dung). Hieu luc den 06:35 15/05/2023. Goi cuoc gia han tu dong hang ngay. Kiem tra dung luong, soan DATAKM gui 888. De huy soan HUY D7 gui 888",0,0,0,shortcode,Viễn thông,NONE,real
ViSmish_10389,Chúc e và gd thật nhiều sức khoẻ.,0,0,0,personal_number,P2P hội thoại thông thường,NONE,external_real
ViSmish_10392,"EVNHCMC TB TIEN DIEN T6/22 KH PE13000143179 LA 99,976 VND VUI LONG T.TOAN TRUOC 22/06/2022 LH 1900545454",0,0,1,brandname,Dịch vụ công thật,NONE,real
ViSmish_10399,"Goi D3 da het dung luong. De tiep tuc su dung toc do cao, moi QK soan D3 gui 888 de dang ky lai. De huy, soan HUY D3 gui 888. Chi tiet lien he 18001091",0,0,1,shortcode,Viễn thông,NONE,real
ViSmish_10401,"De phong ngua dich COVID-19, nguoi dan phai thuong xuyen rua tay voi xa phong, lau chui vat dung bang chat tay rua thong thuong. Deo khau trang khi den noi cong cong, khai bao y te kip thoi neu tiep xuc voi nguoi benh. Cai dat ung dung NCOVI Khai bao y te, Bluezone de canh bao nguy co lay nhiem COVID-19",0,0,0,brandname,Dịch vụ y tế,NONE,real
ViSmish_10403,Cam on ban da mua Premium for Students voi gia 29.500d. Ban co the xem bien nhan cho giao dich cua minh tai: https://www.spotify.com/account/subscription/receipt/2398750018555108-1-1,0,1,0,brandname,Khác,NONE,real
ViSmish_10404,đúng là ng hải phòng ko lòng vòng,0,0,0,personal_number,P2P hard negative,NONE,external_curated
ViSmish_10406,(TB) THU MỚI ĐÃ SANG - RỘN RÀNG QUÀ TẶNG: VinaPhone tặng riêng Quý khách 20% giá trị thẻ nạp HÔM NAY 08/8/2023. Khuyến mại được sử dụng gọi/nhắn tin trong 15 ngày. Ưu đãi hấp dẫn khi nạp thẻ tại https://shop.vnpt.vn/nap-the.html . CSKH: 18001091 (0đ).,0,1,1,brandname,Viễn thông,NONE,real
ViSmish_10408,t còn cất công tìm video hoàn cảnh giống m nữa đó,0,0,0,personal_number,P2P hard negative,NONE,external_curated
ViSmish_10409,Nhưng mà chốt câu vẫn là đưa tk đây,0,0,0,personal_number,P2P hard negative,NONE,external_curated
ViSmish_10411,"(QC)Ban co the vay den 20 TRIEU sau 1 PHUT tu EVNFinance hoac Mcredit qua MoMo. De biet them thong tin: https://momo.vn/s-vaynhanh . De tu choi, soan TC TenThuongHieu gui 1313",0,1,0,brandname,Quảng cáo hợp lệ,NONE,real
ViSmish_10416,WECARE.vn - Ma uu dai: LLU2mjz913 cho dich vu: GIAI NHIET MUA HE UONG 2 TANG 1 CO HOI TRUNG THUONG 1 TY DONG TAI VUVUZELA.,1,1,0,personal_number,Khác,Level 2 - Leet nặng,real
ViSmish_10417,"Doi thanh cong 400 diem tieu dung Viettel++ thanh 40 MB Data. Han su dung truoc 27/10/2025. Tong diem tieu dung con lai trong tai khoan Viettel++ cua Quy khach la 98 diem. De kiem tra lich su doi diem va lua chon uu dai hap dan khac, vui long truy cap https://vietteltelecom.vn/vtplus. Tran trong.",0,1,0,brandname,Khác,NONE,real
ViSmish_10422,"[TB] NHẬN LỘC ĐẦU NĂM! Giảm giá gói V200C dài hạn (có 4GB/ngày, miễn phí gọi điện) và nhận thêm 100 lượt RUNG CÂY VÀNG 1. Soạn 12V200C gửi 191: Giảm 30%, còn 1.680K/360 ngày (giá gốc 2.400K) 2. Soạn 6V200C gửi 191: Giảm 20%, còn 960K/180 ngày (giá gốc 1.200K) Xem chi tiết gói cước và tham gia RUNG CÂY VÀNG, TRÚNG CÂY VÀNG tại https://viettel.vn/kmtet DV gia hạn khi hết chu kỳ với giá gốc. CT dành riêng cho Quý khách đến ngày 5/2. LH 198 (0đ).",0,1,0,brandname,Viễn thông,NONE,real
ViSmish_10423,giọng cười i trang t:)),0,0,0,personal_number,P2P hội thoại thông thường,NONE,external_real
ViSmish_10424,"[TB] Ưu đãi HOT! Tặng 50% điểm Viettel++ với thẻ nạp/thanh toán dịch vụ viễn thông lần đầu tiên trong 2 ngày 25/12/2021 và 01/01/2022 (tối đa 500.000 điểm/ngày). Sau khi nạp thẻ/thanh toán, Quý khách vui lòng soạn tin NHANDIEM gửi 9000 để xác nhận. Chúc Quý khách một Giáng sinh và năm mới nhiều ấm áp, bình yên và hạnh phúc. Chi tiết LH 198 (0đ). Trân trọng.",0,0,0,brandname,Khác,NONE,real
ViSmish_10426,Quy khach duoc cong 3 diem do Giao dich thanh toan DV vien thong qua VIETTEL MONEY vao ngay 11/08/2023.Truy cap https://vtmoney.onelink.me/314y/loyalty de doi diem sang cac qua tang cua chuong trinh. Tran trong.,0,1,0,brandname,Khác,NONE,real
ViSmish_10428,"D/nhap nhän 5Ok , thuöng them tong ngan 1O8k , x1 vong cuoc. Giao dien dep tr-nghiem muot ma, n-ap rut 5s. DK: dsu1d.cc/HKHt1w ~zyfh",1,1,0,personal_number,Cờ bạc / Betting,Level 1 - Leet nhẹ,real
ViSmish_10431,Chị cũng mới có 31 thui à,0,0,0,personal_number,P2P hội thoại thông thường,NONE,external_real
ViSmish_10434,tôi xong r đến lượt b,0,0,0,personal_number,P2P hội thoại thông thường,NONE,external_real
ViSmish_10436,"[TB] KHUYẾN MẠI HÔM NAY! NHẬN NGAY 20% giá trị tất cả thẻ nạp trong ngày 26/09, tiền KM sử dụng nội mạng trong 15 ngày. Giảm thêm đến 10% khi nạp thẻ tại https://vt.vtmoney.vn/kmdt253 . Nạp thẻ ngay và tham gia ưu đãi: Soạn V90C gửi 191: 90K/30 ngày có 30GB (1GB/ngày), miễn phí gọi điện, TikTok. Chi tiết gói cước tại https://myvt.page.link/V90C CT dành riêng cho Quý khách. LH 198 (0đ).",0,1,0,brandname,Viễn thông,NONE,real
ViSmish_10443,"Đại hội đại biểu Đảng bộ tình An Giang lần thứ I, nhiệm kỳ 2025 - 2030 diễn ra từ ngày 2-3/10/2025, với phương châm: “Một An Giang – Một tầm nhìn – Một ý chí – Một niềm tin thắng lợi",0,0,0,brandname,Dịch vụ công thật,NONE,real
ViSmish_10447,"Thí sinh và phụ huynh thân mến, Đại học FPT sẽ không nhận học phí nhập học bằng tiền mặt kể từ ngày 19/09/2022. Thí sinh vui lòng chuyển khoản tới tài khoản của nhà trường theo link hướng dẫn tại: https://hcmuni.fpt.edu.vn/huong-dan/nhap-hoc/hdnh.pdf . Vui lòng liên hệ Cán bộ tư vấn riêng của bạn hoặc hotline 02873005588 để được hỗ trợ. Trân trọng",0,1,1,brandname,Khác,NONE,real
ViSmish_10450,Sang mai nga co hang mơi ne thuy ra lưa nha .,0,0,0,personal_number,Tin nhắn cá nhân và OTP,NONE,real
ViSmish_10459,Ong(Ba) da du d!eu k!en NHAN T1EN h0 tro tu quy BHTN. Bam vao www.mvndc.icude lay. QUA HAN SE KH0NG_DUOC CHAP NHAN! oZGa,1,1,0,personal_number,BHXH / Trợ cấp giả,Level 2 - Leet nặng,real
ViSmish_10460,"Viettel TB: Gói ST7K gia hạn không thành công. Để biết các ưu đãi khác, truy cập https://viettel.vn/goidata hoặc bấm gọi *098#. Chi tiết LH 198 (0đ). Trân trọng.",0,1,0,shortcode,Viễn thông,NONE,real
ViSmish_10462,"Ban co 10.000D qua Nap Dien Thoai & 140.000D qua khac trong MoMo, het han 31/7. Mo Vi > UU DAI > QUA CUA TOI dung ngay!",0,0,0,brandname,Khác,NONE,real
ViSmish_10464,"Dung luong Data con lai cua goi BIG: 1348 MB, HSD: 23:59 ngay 31/10/2025. HSD goi cuoc: 23:59 ngay 08/11/2025. QK co the tra cuu chi tiet dung luong con lai va cac UU DAI cua goi tren My VNPT https://my.vnpt.com.vn/adv/dungluong . CSKH: 18001091(0d).",0,1,1,shortcode,Viễn thông,NONE,real
ViSmish_10466,"Quy Khach dang su dung Goi BIG 2GB/ngay. Dung luong con lai cua Quy khach la 517 MB, su dung den 23:59:59 ngay 16/01/2025. Goi cuoc cua Quy Khach co hieu luc den 23:59:59 11/02/2025. CSKH 18001091 (0d)",0,0,1,shortcode,Viễn thông,NONE,real
ViSmish_10468,"QUY KHACH TUYET DOI KHONG CHIA SE MA XAC THUC CHO NGUOI KHAC DUOI BAT KY HINH THUC NAO. Ma OTP xac thuc dang nhap Vi VNPAY la 044696, hieu luc 3 phut.",0,0,0,brandname,Ngân hàng thật,NONE,real
ViSmish_10469,t.ly/xZ4h HTra IenTOl 1 8 8 8 K.N4/P &Thuog Cho ae 5O NGlN.(B C A. N H U) 3.O %  mwBLL,1,1,0,personal_number,Cờ bạc / Betting,Level 1 - Leet nhẹ,real
ViSmish_10470,"Khổ thân mấy con gà,mai m làm con ăn đã",0,0,0,personal_number,P2P hội thoại thông thường,NONE,external_real
ViSmish_10477,"Nhap ma OTP 5108 de xac thuc Dang ky/ Lay mat khau tren ung dung My Viettel. Ma OTP se het han sau 5p. Chi tiet LH 18008098 (0d) hoac truy cap https://viettel.vn/app. De dam bao an toan cho tai khoan cua Quy khach, vui long khong chia se ma xac thuc nay voi bat ky ai.",0,1,1,brandname,Tin nhắn cá nhân và OTP,NONE,real
ViSmish_10479,"Quy Khach dang su dung Goi BIG 2GB/ngay. Dung luong con lai cua Quy khach la 554 MB, su dung den 23:59:59 ngay 11/03/2025. Goi cuoc cua Quy Khach co hieu luc den 23:59:59 13/03/2025. CSKH 18001091 (0d)",0,0,1,shortcode,Viễn thông,NONE,real
ViSmish_10483,nhìn vậy mà kêu ko chuyên,0,0,0,personal_number,P2P hội thoại thông thường,NONE,external_real
ViSmish_10485,Dô buồng tao nói chiện dí mày :))),0,0,0,personal_number,P2P hội thoại thông thường,NONE,external_real
ViSmish_10487,Đọc cmt ik rén liền,0,0,0,personal_number,P2P hội thoại thông thường,NONE,external_real
ViSmish_10490,dô nghe c iu xinh xẻo,0,0,0,personal_number,P2P hội thoại thông thường,NONE,external_real
ViSmish_10492,T mang tiếng bạn thân còn chưa bao h gặp mặt cô dâu trong khi cno yêu nhau mấy năm h cưới rồi cơ,0,0,0,personal_number,P2P hard negative,NONE,external_curated
ViSmish_10493,"(TB) Hãy tránh xa ma túy vì sức khỏe của mọi người, hạnh phúc của mọi nhà. Mỗi cá nhân cùng chung tay vì một cộng đồng khỏe mạnh an toàn hãy nói không với ma túy; tuyệt đối không sản xuất, mua bán, tàng trữ, vận chuyển, sử dụng trái phép các chất ma túy; tích cực phát hiện, tố giác, đấu tranh với tội phạm, hành vi vi phạm pháp luật. Mọi thông tin về tội phạm và vi phạm pháp luật về phòng, chống ma túy, đề nghị cung cấp kịp thời cho cơ quan Công an nơi gần nhất hoặc qua đường dây nóng số điện thoại 0693480370 hoặc trên ứng dụng VneID.",0,0,1,brandname,Dịch vụ công thật,NONE,real
ViSmish_10495,OTP cua Quy Khach la: 51308234. Ma xac thuc giao dich tren vi co hieu luc trong vong 2 phut. QK TUYET DOI khong cung cap OTP cho nguoi khac tranh bi lua dao!,0,0,0,brandname,Tin nhắn cá nhân và OTP,NONE,real
ViSmish_10496,"Quy khach duoc cong them 3 diem Viettel++ boi giao dich Tieu dung vien thong thang 02/2022. Thoi han su dung diem den 31/03/2023. Hay truy cap https://myvt.page.link/vtplus tren My Viettel hoac *098# de doi diem sang Data, SMS, Phut goi cung nhieu uu dai gia tri khac. Chi tiet LH 198. Tran trong.",0,1,0,brandname,Khác,NONE,real
ViSmish_10498,""" Ủa sao nằm trong đây z con trời đất cơi nay được học sinh j z con "" :)))))))",0,0,0,personal_number,P2P hội thoại thông thường,NONE,external_real
ViSmish_10501,"Quy khach co 34.799 dong trong tai khoan. Bam goi *098*3# de co 3GB voi 15.000d/3 ngay hoac *098*989# (30.000d/3 ngay) co 15GB (5GB/ngay), mien phi 10 phut/cuoc noi mang, 15 phut ngoai mang, SMS noi mang va TV360. Goi cuoc gia han khi het chu ky. De biet thong tin cac uu dai khac, bam goi *098# hoac truy cap My Viettel tai https://myvt.page.link/goidata . Chi tiet LH 198 (0d). Tran trong.",0,1,0,shortcode,Viễn thông,NONE,real
ViSmish_10502,(TB) XÀI VINA - NHẬN QUÀ RẤT ĐÃ! VinaPhone tặng riêng Quý khách 20% giá trị thẻ nạp vào NGÀY MAI 28/03/2023. Khuyến mại sử dụng gọi/nhắn tin trong 15 ngày. Bấm *102# để kiểm tra tài khoản khuyến mại. CSKH: 18001091 (0đ).,0,0,1,brandname,Viễn thông,NONE,real
ViSmish_10504,"(TB) Ưu đãi xịn bùng nổ, nạp liền kẻo lỡ! VinaPhone dành riêng cho Quý khách nhận được tin nhắn: + 20% giá trị thẻ nạp trong NGÀY MAI 11/11/2025. Khuyến mại được sử dụng gọi/nhắn tin trong 15 ngày.  + Thêm ưu đãi hời khi nạp tại https://my.vnpt.com.vn/adv/napthe . CSKH: 18001091 (0đ).",0,1,1,brandname,Viễn thông,NONE,real
ViSmish_10505,Xong gặp cái đề bài này tui cũng phân vân đ biết nên viết về ai mà hồi đó đ nghĩ đến việc có thể viết về cả 2 cơ :Đ,0,0,0,personal_number,P2P hard negative,NONE,external_curated
ViSmish_10508,TK ViettelPay 9704...1278 GD +1.000 VND luc 2024-06-18 14:24:09 So du 4.372 VND ND: 240618162456576 VIETTELMONEY TRATHUONG MACQ 240618162456576 84867256447,0,0,1,brandname,Ngân hàng thật,NONE,real
ViSmish_10516,[TB] Tặng 20.000đ khi nạp thẻ từ 10.000đ trong 2 ngày 12-13/11. LH 198 (0đ). Lưu ý:  (1) Tiền KM để gọi và nhắn tin nội mạng trong 15 ngày và được cộng sau khi nạp thẻ tối đa 60 phút.  (2) KM áp dụng với thẻ đầu tiên nạp cho TB nhận được tin nhắn.,0,0,0,brandname,Viễn thông,NONE,real
ViSmish_10517,Ôi trưởng phòng cty t lên NEU rồi,0,0,0,personal_number,P2P hard negative,NONE,external_curated
ViSmish_10519,mốt tới gián ở phòng trọ pự như z,0,0,0,personal_number,P2P hard negative,NONE,external_curated
ViSmish_10521,"Truong DH CNTT thong bao hoc bu mon Cong nghe Du lieu lon(IE212.P22) vao thu 7 ngay 24/05/2025, Tiet 1,2,3,4,5, Phong B1.12. Chi tiet vui long lien he (028) 372 52002 chon 155",0,0,0,brandname,Khác,NONE,real
ViSmish_10526,Goi cuoc D6V (6.000d/1 ngay) cua QK da gia han thanh cong. Uu dai (2GB/ngay + MyTV addon VTVcab. Het dung luong dung truy cap). HSD den 13:23 29/12/2023. Goi cuoc gia han tu dong. Kiem tra dung luong con lai soan DATAKM gui 888. CSKH: 18001091 (0d).,0,0,1,shortcode,Viễn thông,NONE,real
ViSmish_10527,Quá tr anh roi đó anh zai,0,0,0,personal_number,P2P hội thoại thông thường,NONE,external_real
ViSmish_10530,Bố xong chưa,0,0,0,personal_number,Tin nhắn cá nhân và OTP,NONE,real
ViSmish_10532,Chào Phương! Bạn và gia đình dạo này khoẻ chứ?,0,0,0,personal_number,Tin nhắn cá nhân và OTP,NONE,real
ViSmish_10537,"Đợt mẹ tui bị quẹt xe gãy xương, cx nhiều người đi đường xúm lại giúp, cố định chân, chở đi viện",0,0,0,personal_number,P2P hội thoại thông thường,NONE,external_real
ViSmish_10542,DH Greenwich - FPT Edu tuyen 300 chi tieu cuoi. Xet tuyen thang bang hoc ba >=7.0 hoac diem thi THPT >=18. Nop ho so ngay https://bit.ly/gwvietnam 0906111040,0,1,1,brandname,Khác,NONE,real
ViSmish_10544,"EVNHCMC TB-Ky1T04 GHI 00:44 16/04/22 CSM255, CSC200 KH PE13000143179 LA55kWh TIEN 99976VND THU TIEN TU 18/04/22 LH 1900545454",0,0,1,brandname,Dịch vụ công thật,NONE,real
ViSmish_10545,"(TB) VNPT trân trọng thông báo đến Quý khách về Chính sách Bảo vệ dữ liệu cá nhân của VNPT khi cung cấp sản phẩm, hàng hóa, dịch vụ căn cứ Nghị định 13/2023/NĐ-CP của Chính Phủ. Chi tiết xem tại đường link https://vnpt.com.vn/nghi-dinh-13-ve-bao-ve-du-lieu-ca-nhan hoặc liên hệ CSKH:18001091 (dịch vụ di động)/18001166 (dịch vụ Internet, MyTV) để được giải quyết các yêu cầu của chủ thể dữ liệu. Trân trọng.",0,1,1,brandname,Viễn thông,NONE,real
ViSmish_10548,"ẶẼềự ĐẶngNhẳ_p Chố-iNga-y TPNỢH""Ự NhẰnLỈX-Ỉ 8888(Kằ) MiỆnPh~ỈĐẤngK'Ỷ Lỉ~k<fr3e.win/hNgfZh> ồẰụŨ",1,1,0,personal_number,Cờ bạc / Betting,Level 4 - Mixed special characters,real
ViSmish_10560,"[TB] Đổi mới y tế số, hãy sử dụng Sổ sức khỏe điện tử tích hợp trên VNeID cấp độ 2 để tiện lợi quản lý thông tin sức khỏe cá nhân, tra cứu hồ sơ khám bệnh và tiết kiệm thời gian khi đi khám bệnh.",0,0,0,brandname,Dịch vụ công thật,NONE,real
