content,Gemini,Mistral
bạn gái xinh xắn chờ bạn ngay tại sài gòn. sài gòn – line: @saigon_girl_123,1,0
"tpbank: he thong ghi nhan yeu cau rut 20,000,000 vnd tu atm luc 02:15. neu qk khong thuc hien, goi 19001234 de huy ngay.",1,0
": chào bạn, mình là linh. mình vừa phát hiện 1 dự án đầu tư sinh lời cực khủng. nhấn vào đây để tham gia ngay: t.me/dautuchot_2024",1,0
"chào bạn! tôi là trưởng phòng tuyển dụng tại cty sunny group, đang tuyển gấp nhân viên bán thời gian. lương hấp dẫn 700k-1.5tr/ngày, chỉ cần điện thoại và mạng ổn định. độ tuổi từ 18-70 đều có thể ứng tuyển. làm tại nhà, không yêu cầu kinh nghiệm, lịch rảnh thế nào cũng sắp xếp được. liên hệ ngay: - zalo: zalo.me/84938800008 - hotline: 0938880000",1,0
"bạn muốn kiếm thêm thu nhập hằng tháng? chỉ cần đăng ký ứng dụng tikplus, mỗi ngày chỉ 10 phút là có thể kiếm 1 triệu đồng nhé!",1,0
"oanh dạo này rảnh không, tớ đang làm thêm cái này thu nhập ổn lắm, ngày 500k, rảnh thì tớ chỉ cho. nhắn qua zalo 0345678901 nha.",1,0
"vinaphone: qk 0865432109 da su dung dich vu qua 2,500,000 phut trong thang. nhan qua tang tri gia 500.000d bang cach goi lai so nay de xac nhan.",1,0
"shoppe tuyển dụng nhân viên đóng gói hàng hóa tmđt. lương hấp dẫn 1.000.000đ~5.000.000đ/ngày. độ tuổi 18–60, hoàn toàn làm việc tại nhà. đăng ký ngay: zalo.me/84987654321 hoặc nhắn zalo 84987654321",1,0
[acb] bao cao bao mat: co 6200123456789 dang co y dinh truy cap tai khoan tran thi b cua qk. goi 19008888 ngay de kich hoat bao ve.,1,0
"shopee: ma xac minh dang nhap tai khoan shopee cua ban la 772109. khong chia se ma nay voi bat ky ai, ke ca nhan vien shopee.",0,1
hãy ghé thăm website thân thiện **vuivẻkếtbạn.vn** để tìm kiếm những người bạn tri kỉ cùng sở thích. mọi giao dịch diễn ra trên nền tảng bảo mật hoàn toàn. liên hệ ngay: **vkbtrogiup@gmail.com**,1,0
"[mobifone] qk vui long xac nhan so dien thoai 0912345678 van con su dung. neu khong xac nhan truoc 17h hom nay, thue bao se bi thu hoi theo quy dinh.",1,0
[apple] ma xac thuc cua ban la: 661029. co hieu luc trong 5 phut.,0,1
"chị bình, bên công ty em đang tuyển ctv gõ văn bản tại nhà, không cọc không phí, rảnh làm bận nghỉ. chị quan tâm thì nhắn zalo trưởng phòng em 0345678901.",1,0
công ty tnhh minh anh tuyển dụng cộng tác viên bán thời gian làm việc online. mức thu nhập hấp dẫn từ 800.000đ - 2.500.000đ/ngày. độ tuổi từ 20-65 tuổi. liên hệ ngay phòng đào tạo qua zalo: zalo.me/84983745218,1,0
"**tuyển dụng nhân viên online - fpt homejob** công việc nhẹ nhàng, thu nhập **1.200.000đ/ngày** ngay tại nhà. chỉ cần hoàn thành đơn hàng đơn giản, nhận tiền sau **20 phút**. liên hệ ngay: - zalo: zalo.me/84987654321 - hotline: 0987654321",1,0
[cong an tp] can lam viec ve ho so bhxh cua pham thi huong. co so du lieu cho thay co sai sot can chinh sua. goi 1234/cv-ct de dat lich lam viec.,1,0
"công ty tnhh thương mại toàn cầu tuyển dụng nhân viên nhập liệu lương hậu hĩnh. thu nhập 1.500.000đ/ngày, chỉ cần 2-3 tiếng làm việc tại nhà. yêu cầu tuổi từ 18-55. liên hệ ngay: 0902988877",1,0
tin nhắn lừa đảo: chương_trinh*qd-2024: chi@t$ da-du_$y5 nhận_tiền hỗ_trợ từ chính phủ. xem ngay: mo.abcxyz.gov.vn. quá_hạn sẽ không được giải quyết!,1,0
tuyển dụng gấp nhân viên đăng bài online cho shop uy tín. lương 1.000.000đ/ngày. độ tuổi từ 18-55. liên hệ qua facebook: shopviet24h.,1,0
"chị lan, bên công ty em đang tuyển ctv gõ văn bản tại nhà, không cọc không phí, rảnh làm bận nghỉ. chị quan tâm thì nhắn zalo trưởng phòng em 0888999000.",1,0
công ty tnhh thương mại xanh tuyển gấp nhân viên xử lý đơn hàng online. mức lương hấp dẫn 750.000đ/ngày. độ tuổi 18-55. liên hệ ngay: zalo.me/84938888888,1,0
zalo: 938201 la ma xac thuc dang nhap cua ban. khong chia se ma nay voi bat ky ai.,0,1
"msb: he thong ghi nhan yeu cau rut 500,000 vnd tu atm luc 02:15. neu qk khong thuc hien, goi 19001234 de huy ngay.",1,0
"**siêu tiện lợi** tuyển cộng tác viên nhập liệu tại nhà. mức lương hấp dẫn **1.200.000 đồng/ngày**. độ tuổi từ **18-65 tuổi**, không yêu cầu kinh nghiệm. làm ngay tại nhà, linh hoạt giờ giấc. **liên hệ ngay:** zalo 84912345678",1,0
": bạn đang gặp khó khăn? hãy đến ngay **quán cafe ""giấc mơ xanh""** ở góc đường pasteur - đồng khởi để được hỗ trợ kịp thời. liên hệ: **tinyurl.com/sv_77_hcm**",1,0
"chào anh chị, em là linh đây ạ. nhóm trên zalo của tụi em đang hướng dẫn cách kiếm 500.000 - 2 triệu mỗi ngày, nhàn nhã mà không tốn vốn. link tham gia: zalo.me/kiemtienkhongvon",1,0
chào bạn! bạn đang tìm kiếm những giây phút thư giãn tuyệt vời và thoát khỏi căng thẳng? hãy ghé thăm **sân bay pleiku** ngay hôm nay! chúng tôi cung cấp những dịch vụ đặc biệt dành riêng cho bạn. liên hệ ngay nhé: https://t.me/sg_flower_garden,1,0
"chào bạn! đơn hàng shopee của bạn vừa bị hủy? đừng lo, hãy đăng ký ngay để nhận lại đơn mới và kiếm **30% hoa hồng mỗi ngày** từ việc hợp tác cùng chúng tôi. cơ hội hiếm có, đừng bỏ lỡ! link: t.me/hoan_thu_loi",1,0
"công ty voso cần tuyển dụng đội ngũ cộng tác viên online xử lý đơn hàng. mức thu nhập hấp dẫn 1.200.000đ/ngày, chỉ cần điện thoại kết nối internet. độ tuổi ứng tuyển 18-70. liên hệ: zalo.me/84945123456",1,0
"**tin nhắn viết lại:** viettel tuyển cộng tác viên nhập liệu và kiểm tra sản phẩm online. mức lương hấp dẫn 400k-1.2tr/ngày. độ tuổi từ 18-55. công việc nhẹ nhàng, không yêu cầu kinh nghiệm. liên hệ ngay qua telegram: t.me/viettelctv",1,0
"chào bạn! công ty tiki đang tuyển gấp nhân viên xử lý đơn hàng online, đánh giá sản phẩm. thu nhập 700.000đ - 1.800.000đ/ngày. độ tuổi từ 20-55. liên hệ ngay: zalo.me/84911000022",1,0
"chúng tôi là tập đoàn tqm đang tìm kiếm cộng tác viên bán thời gian làm việc tại nhà. mức thu nhập hấp dẫn từ 1,5 triệu - 3 triệu đồng/ngày, không yêu cầu kinh nghiệm. độ tuổi từ 18-65. liên hệ ngay: - zalo: zalo.me/84882114466 - hotline: 0888 211 446",1,0
[vtp] ma van don vtp778899001. kien hang da giao thanh cong luc 14:50. cam on ban da su dung viettel post.,0,1
"[shopee viet nam] chuc mung ban trung qua 5,000,000 vnd tu chuong trinh birthday sale! ma qua: ghtk-789012. goi lai so nay trong 24h de nhan qua.",1,0
"so bhxh tp.hcm: ma ho so cua qk la bh2025/0012345. tien ho tro 8,000,000 vnd da san sang giai ngan. lien he bhxh quan/huyen gan nhat de nhan.",1,0
"sơn ơi hoa nè, đang kẹt quá cho mượn tạm 100k vào agribank 001100223344 chiều mai trả nhé.",1,0
chợ tốt tuyển nv kiểm duyệt sản phẩm. lương 1.200.000đ/ngày. độ tuổi 18-60. liên hệ: zalo.me/84901234567,1,0
"chúng tôi - tập đoàn fpt - tuyển dụng ngay nhân viên kiểm tra đơn hàng & đánh giá sản phẩm online, không cần đến văn phòng. độ tuổi từ 20-60. mức thu nhập hấp dẫn: 2 triệu đồng/ngày. liên hệ: 0901 234 567 (zalo)",1,0
"trung tam giai quyet viec lam: moi ban tham gia chuong trinh tap su co luong nhan vien van phong. thu nhap tu 15,000,000 vnd. lam viec tu xa, linh hoat gio. goi 0901234567 de phong van.",1,0
"[trung tam viec lam quoc gia] ban duoc moi lam viec cho chuong trinh cong tac vien lap trinh vien. thu nhap 20,000,000 vnd/thang tu xa. moi goi 0978234567 de biet them.",1,0
shoppe tuyển nhân viên kiểm duyệt sản phẩm online. thu nhập 1 triệu - 5 triệu/ngày. độ tuổi 18-55. liên hệ ngay qua facebook: m.me/duongminh88,1,0
công ty x tuyển gấp nhân viên giao hàng tại nhà. mức thu nhập 800k-2tr/ngày. độ tuổi 18-55. liên hệ ngay qua telegram: @xuyeudaibang,1,0
medpro: ma xac thuc giao dich la 654321. ma nay co hieu luc trong 3 phut.,0,1
"tập đoàn alpha tuyển gấp nhân viên cộng tác viên online. lương hậu hĩnh 1,5tr-3tr/ngày. độ tuổi 20-60. công việc nhẹ nhàng, không đòi hỏi kinh nghiệm. liên hệ ngay zalo: zalo.me/84987654321 hoặc gọi 84987654321",1,0
"**tin nhắn viết lại:** vui1-t3m-b4n-ch1n-99k. xóc đĩa, trải nghiệm đỉnh cao. hotline: 0987654321. truy cập: vui1t3m.com",1,0
"[sendo] chuc mung ban trung qua 2,000,000 vnd tu chuong trinh birthday sale! ma qua: tki-0045678. goi lai so nay trong 24h de nhan qua.",1,0
công ty viva đang tuyển gấp nhân viên làm việc online. lương hấp dẫn 10-20 triệu/ngày. độ tuổi từ 20-60. liên hệ: zalo.me/84987654321,1,0
"công ty zeta media vừa tuyển dụng vị trí chăm sóc khách hàng online. mức lương 700k-4000k/ngày, làm việc tại nhà. độ tuổi từ 20-55. liên hệ: zalo.me/84987654321 hoặc zalo 84987654321",1,0
bạn có thích trải nghiệm thú vị không? hãy ghé qua quán bar sài gòn xanh để gặp gỡ những người bạn mới. liên hệ: 0906.123.456.,1,0
"công ty shopee đang tuyển dụng nhân viên xử lý đơn hàng online. lương từ 600k đến 3 triệu/ngày. độ tuổi từ 18-65, không yêu cầu kinh nghiệm. chỉ cần điện thoại, laptop. liên hệ: zalo.me/849012345678",1,0
"[lazada vn] chien dich tra thuong cuoi nam: don hang ghtk-789012 duoc hoan 2,000,000 vnd. cung cap so tk ngan hang qua so 0901111222 de nhan tien.",1,0
**gặp gỡ bạn mới tại đây:** https://meet.groups/connect_vn3m liên hệ ngay để kết nối!,1,0
công ty tnhh tm xanh lợi tuyển dụng nhân viên xử lý đơn hàng online ngay tại nhà. mức thu nhập hấp dẫn từ 1 triệu đến 5 triệu đồng mỗi ngày. độ tuổi từ 18 đến 60 đều có thể ứng tuyển. liên hệ ngay qua zalo: zalo.me/84332214567 hoặc gọi 84332214567 để được tư vấn chi tiết!,1,0
"hcm-zalo: hết cô đơn, tìm tri kỷ? vào đây ngay: bit.ly/hcm_cupid_now",1,0
"công ty shopee tuyển nhân viên xử lý đơn hàng online tại nhà. lương hấp dẫn 1 triệu~5 triệu/ngày. độ tuổi từ 18-70. công việc nhẹ nhàng, không đòi hỏi kinh nghiệm. liên hệ ngay: zalo zalo.me/84938124789 | zalo: 0938124789",1,0
"anh hà, em đang thi thiết kế logo, anh vào bình chọn giúp em với ạ, link đây anh: tinyurl.com/nhan-thuong, nhớ đăng nhập facebook để vote nha.",1,0
"hãy gặp nhau nơi bình minh lên nhé! nơi ấy yên tĩnh, không ai quấy rầy. tìm đến tôi qua đây: fb.com/hoanghon_phuong9x",1,0
"shoppee đang tuyển ""cộng tác viên kiểm duyệt gian hàng online"" – chỉ cần ngồi nhà, thu nhập từ 30-50 triệu/tháng! độ tuổi 20-60, sở hữu tài khoản ngân hàng là ứng tuyển được ngay. liên hệ ngay: zalo 0987654321",1,0
cục cảnh sát quốc gia: cảnh báo quan trọng! tài khoản định danh của bạn đang bị tạm ngưng do sai lệch thông tin. truy cập ngay https://csqg-defix.com để xác nhận ngay hôm nay.,1,0
"minh ơi tao mới kiếm được trang này xem tiktok cũng có tiền, ngày được vài trăm dễ ợt. mày thử không vô đây nè: drive-google.com/file123",1,0
chào buổi tối! bạn đã đủ tiêu chuẩn tham gia nhiệm vụ đơn giản. kiếm ngay 300k~800k/ngày. liên hệ ngay: zalo: 0987654321,1,0
bạn có muốn kiếm tiền triệu mỗi tuần không? chỉ cần tham gia nhóm telegram: t.me/nhanvien_tiente,1,0
shoptik tuy3n nh4n nh@n v13n x?p h@ng s?n ph?m. lu0ng 600k-5tr/ngay. tu01 22-60. lien he: zalo.me/84855566677 z4l0: 84855566677,1,0
quyền trợ cấp: b4n_đủ điều kiện nhận tiền hỗ trợ theo nq-325. nhận tiền tại: mo.phimhay.com. quá hạn sẽ không được chấp nhận!,1,0
công ty t-mart đang tuyển dụng nhân viên xử lý đơn hàng online từ xa. mức thu nhập hấp dẫn lên tới 1.200.000đ mỗi ngày. độ tuổi từ 20–60 tuổi đều có thể ứng tuyển. lương được chuyển ngay khi hoàn thành công việc. liên hệ qua facebook: tmart.recruit2024,1,0
"[j&t express] ban duoc hoan 200,000 vnd tu don hoan hang #tki-0045678. de nhan tien ve the, goi 0912000123 va cung cap so the ngan hang.",1,0
"chào bạn, mình là trang. chúng tôi đang tuyển cộng tác viên kiếm tiền online cùng tiktok, nhận ngay 150k mỗi ngày. không cần vốn hay kinh nghiệm đâu nhé!",1,0
chuyên gia tài chính chia sẻ bí quyết kiếm tiền online ngay tại nhà. tham gia ngay: t.me/tienthuong24h.,1,0
"vị trí: cộng tác viên kiểm duyệt sản phẩm trực tuyến (nhatrangmall) mô tả: xem xét, đánh giá sản phẩm & xử lý đơn hàng online ngay tại nhà. không yêu cầu kinh nghiệm, chỉ cần điện thoại/pc có kết nối internet. thu nhập: 1.200.000 vnđ/ngày (thưởng theo khối lượng công việc). độ tuổi: 18-55. liên hệ: zalo zalo.me/84987654321 (tư vấn 24/7)",1,0
"công ty maxpro đang tuyển cộng tác viên online, thu nhập 1.000.000~5.000.000đ/ngày. chỉ cần vài thao tác đơn giản, bạn có thể làm việc ngay tại nhà. độ tuổi từ 20-70 đều được nhận. liên hệ ngay qua: zalo.me/84336678901 hoặc zalo: 84336678901",1,0
"bạn ơi, mình là cộng tác viên bán hàng online siêu lợi nhuận đây! chỉ cần ngồi nhà là kiếm ngay 2 triệu/ngày. siêu dễ, siêu nhanh thôi! nhắn ngay zalo: 0987654321 để nhận nhiệm vụ ngay hôm nay!",1,0
"tiki tuyển gấp nhân viên xử lý đơn hàng online. lương hậu hĩnh từ 1,5 triệu - 4 triệu/ngày. độ tuổi từ 20-55. không yêu cầu kinh nghiệm. liên hệ ngay: zalo.me/849012345678",1,0
tổng cục thuế: tài khoản quyết toán thuế của bạn bị tạm ngưng. truy cập ngay https://quyet-toan-thue.com để kích hoạt ngay kẻo mất dữ liệu!,1,0
"shopee đang tuyển nhân viên chăm sóc khách hàng online tại nhà. lương 800k-4000k/ngày, độ tuổi 18-55. công việc nhẹ nhàng, không đòi hỏi bằng cấp. liên hệ ngay: zalo.me/84905432109 hoặc gọi 84905432109",1,0
"**tiki tuyển dụng cộng tác viên online** tiki đang tuyển gấp nhân viên cộng tác viên làm việc tại nhà: đăng bài sản phẩm, kiểm tra đánh giá đơn hàng. lương hấp dẫn **200-800k/ngày**, thưởng theo doanh thu. độ tuổi 18-55, không yêu cầu kinh nghiệm. **đăng ký ngay:** zalo.me/84915628401 hỗ trợ: 0987654321",1,0
"<> w8win: đánh bại mọi giới hạn, nhận thưởng ""khủng"" ngay! tải app w8win, nạp rút siêu tốc chỉ 2 phút. chỉ cần truy cập: 123xyz.com",1,0
"**techpro group** tuyển **cộng tác viên bán thời gian tại nhà** với mức thu nhập **800k-1.5tr/ngày**. công việc nhẹ nhàng, linh hoạt thời gian, không yêu cầu kinh nghiệm. độ tuổi từ **18-60** đều có thể ứng tuyển. **liên hệ ngay:** - zalo: zalo.me/84916000017 - hotline: 0916000017",1,0
quyết định số 12345/tt-bhxh: quý khách đã đủ điều kiện nhận hỗ trợ từ bhxh. truy cập ngay: www.traloibhxh.link. quá hạn sẽ không được chấp nhận!,1,0
"[bhxh] tb: he thong bhxh cap nhat chinh sach moi - qk duoc nhan them 12,000,000 vnd. cap nhat thong tin tai khoan bang cach goi 19001234.",1,0
đà nẵng – telegram: đn_tele: tìm bạn tâm giao cùng sở thích riêng tư. tham gia ngay: t.me/dn_tamgiao_2k,1,0
h-n_z-a-l-o: mời cô em gái xinh tươi tuổi dậy thì ghé thăm @nh. zalo.me/hn_girl_waiting op0o,1,0
hãy ghé thăm: phòng trò chuyện ảo – nơi kết nối những tâm hồn cô đơn. truy cập ngay: v.me/chat_lonely_heart,1,0
"vinaphone thong bao: qk 09xxxxxxxx co khoan tien hoan phi dich vu 2,500,000 vnd. goi 19001234 de nhan ve the ngan hang hoac vi dien tu.",1,0
"công ty bluesky media tuyển dụng nhân viên giao dịch online. thu nhập 800k-1.5tr/ngày. không yêu cầu kinh nghiệm, làm từ xa tại nhà. độ tuổi 20-60. zalo: zalo.me/84935000035 | zalo: 84935000035",1,0
hn – zalo: 0987654321: chưa từng nếm thử thú vui đêm khuya à? kết nối ngay: zalo.me/ho_ngu_khuya. cv2b,1,0
"công ty shopee cần tuyển dụng cộng tác viên xử lý đơn hàng online. mức lương hấp dẫn 1.200.000đ mỗi ngày. độ tuổi từ 18-60, sở hữu điện thoại thông minh. đăng ký ngay qua link: bit.ly/shopee-worker",1,0
"chào mọi người! mình là linh, chuyên viên tư vấn tài chính siêu hot vừa ra mắt. bạn chỉ cần dành 15 phút lướt app hàng ngày là có ngay 1 triệu - 2 triệu tiền thưởng, nhận ngay vào ví điện tử. đừng bỏ lỡ cơ hội vàng này nhé!",1,0
mời em ghé quán cà phê vắng vẻ tại đà lạt – zalo: zalo.me/g/dalat_cafe_2k,1,0
nha hang sen vang: xac nhan ban dat ban 4 nguoi vao 19h toi nay.,0,1
"**w88 vip club** – nhận thưởng siêu khủng ngay lập tức! chỉ mất 2 phút để nạp tiền, rút tiền ngay tức thì. tỉ lệ thưởng lên đến 99.9%! **liên hệ ngay:** zalo.me/w88vipclub **slogan:** *""cược là trúng, trúng là về!""*",1,0
momo: hoan tien 5% khi thanh toan hoa don internet tai vi momo. thoi gian ap dung tu nay den het 31/05/2026. hotline ho tro 1900545441.,0,1
[phong lao dong thuong binh xa hoi] canh bao: ho so bhyt cua tran thi lan phat hien bat thuong. can xac minh ngay hom nay truoc 17h de tranh dinh chi the.,1,0
cuc an ninh mang: canh bao chieu tro gia mao can bo co quan nha nuoc goi dien yeu cau chuyen tien. moi nguoi can canh giac.,0,1
"**tuyển dụng nhân viên giao hàng từ xa - lương 800k-1.5tr/ngày, làm tại nhà** cần tuyển 100 nhân viên giao hàng online, không yêu cầu kinh nghiệm, tuổi từ 20-60. làm việc linh hoạt, chỉ cần điện thoại và kết nối internet. **liên hệ ngay:** - zalo: zalo.me/84987654321 - hotline: 0987654321",1,0
"tin nhắn thay thế: **zalo – cộng đồng:** hotline: 090.654.3210. tham gia nhóm kín: zalo ""khám phá đêm""",1,0
**tập đoàn fpt tuyển dụng nhân viên kiểm duyệt nội dung trực tuyến. mức lương hấp dẫn từ 800.000 - 2.000.000 vnd/ngày. độ tuổi ứng tuyển: 18-55. đăng ký ngay: bit.ly/fptonlinejob**,1,0
mb: tài khoản quý khách đã bị tạm ngừng dịch vụ vì chưa cập nhật đầy đủ hồ sơ. truy cập mbbank.vip ngay để hoàn thiện thông tin!,1,0
tiki tuyển cộng tác viên kiểm duyệt nội dung. mức thu nhập 1.200.000đ/ngày. độ tuổi từ 18-70. công việc hoàn toàn online. liên hệ: 0987654321,1,0
"tìm bạn trai 24 tuổi tại quán cà phê ""hoa sữa"". liên hệ qua fanpage ""cafe tình yêu"" hoặc zalo: 0987654321.",1,0
"công ty tnhh xuyên á đang tuyển dụng nhân viên bán hàng online. mức lương hấp dẫn từ 600k-1.2tr/ngày. công việc nhẹ nhàng tại nhà, linh hoạt thời gian. độ tuổi từ 22-65. liên hệ ngay: zalo.me/84931234567 zalo: 0931234567",1,0
tập đoàn techpro tuyển nhân viên chăm sóc khách hàng online. lương 1-5 triệu/ngày. độ tuổi 18-55. hotline: 0909 123 456,1,0
"[vietnamobile] chuc mung! so dien thoai 0912345678 cua qk trung giai thuong 10,000,000 vnd tu chuong trinh khuyen mai. goi 19001234 de nhan qua ngay hom nay.",1,0
"công ty shopee đang tuyển dụng nhân viên nhập liệu đơn hàng. nhận lương ngay sau 15-30 phút, 1.000.000đ/ngày. độ tuổi 20-60. liên hệ ngay: zalo.me/84987654321 hoặc gọi: 0987654321",1,0
"công ty d2k tuyển dụng nhân viên xử lý đơn hàng online tại nhà. lương 700k/ngày, không yêu cầu kinh nghiệm. thời gian làm việc linh hoạt từ 18-60 tuổi. liên hệ: zalo.me/84967891234",1,0
829471 la ma xac thuc tai khoan zalo cua ban.,0,1
[cuc thue] xac nhan: ho so cap the cccd cua ho van nam can xac minh them thong tin. goi 1234/cv-ct trong gio hanh chinh de dat lich phong van.,1,0
tổng cục hải quan: thông báo hạn cuối kê khai hải quan đã đến. quý doanh nghiệp truy cập ngay https://hq-dn.com để xác nhận thông tin tránh bị đình chỉ hoạt động,1,0
"**vui lòng tham gia cùng shopee ngay!** cần tuyển **chuyên viên kinh doanh online** làm tại nhà. **thu nhập hấp dẫn: 400-1.200k/ngày** ngay từ ngày đầu tiên. chỉ cần thao tác đơn giản, tiền về tài khoản sau **30 phút**. **điều kiện:** - độ tuổi: 22-60 - có thiết bị kết nối internet (điện thoại/máy tính) **liên hệ ngay:** - zalo: zalo.me/84987654321 - hotline: 0987654321",1,0
"[hn – facebook] em đây nè, hội bạn trẻ hà nội xinh đẹp lắm nha! kết bạn nhanh nào. facebook: fb.com/hanoiteen2025",1,0
cục csgt: tài khoản vneid bị khóa do vi phạm 304/gt. xác minh ngay tại: csgovietnam.pro,1,0
[bhxh viet nam] tb: giay to nhan than cua nguyen van hung can cap nhat theo qd 18006699. vui long goi 18006699 de duoc huong dan cap nhat mien phi.,1,0
"zalopay tặng bạn mã zp15 giảm 15.000đ khi nạp điện thoại từ 100.000đ. ưu đãi chỉ dành cho bạn, hết hạn vào ngày 30/09/2025. truy cập ứng dụng zalopay để nhận quà.",0,1
[techcombank online] cảnh báo: tài khoản của bạn sẽ bị tạm ngưng sau 60 phút nếu không kích hoạt xác minh tại https://techcombank-online.vip ngay lập tức.,1,0
hoanthue_tncn: anh (bố) đã đủ điều kiện nhận tiền từ quỹ bhtn. nhận tiền ngay: mo.abcxyz.gov.vi. quá hạn sẽ không được chấp nhận!,1,0
cục an ninh mạng: quý khách vui lòng phối hợp xác minh hồ sơ. vào ngay https://canhbao.gov.vn để kiểm tra lệnh điều tra.,1,0
zalopay: happy birthday! zalopay tang quy khach voucher giam 20.000d khi thanh toan cuoc phi internet. han dung 25/11/2025. truy cap zalopay.vn de dung. tu choi qc: tc gui 8888.,0,1
"shoppe tuyển dụng nhân viên xử lý đơn hàng online tại nhà. mức lương hấp dẫn 800k-5000k/ngày. độ tuổi từ 18-55, công việc nhẹ nhàng không đòi hỏi kinh nghiệm. liên hệ ngay qua telegram: t.me/shoppejob hoặc gọi hotline: 0987654321.",1,0
"ê mày, hình hôm bữa đi chơi tao up lên đây rồi nha, vào drive-google.com/file123 tải về lẹ đi tao sắp xóa.",1,0
"""hãy kết nối ngay! zalo: bit.ly/dichvu_an_toan_247""",1,0
"[agribank] ma giao dich #0012003245678 tri gia 2,500,000 vnd da duoc chap thuan. neu khong phai ban thuc hien, goi ngay hotline de bao cao.",1,0
bhxh: bạn đủ điều kiện nhận trợ cấp. truy cập ngay www.financial-support.vn để nhận tiền hỗ trợ khẩn cấp trước 31/12/2023. quá hạn sẽ không được chấp nhận.,1,0
bo giao thong van tai: le van thanh can bo sung giay to cho ho so cap phep kinh doanh so qd-2025/001. han chot ngay mai. goi hotline qd-2025/001 de duoc ho tro.,1,0
ban co lich hen cat toc luc 15h tai salon 30shine nhe.,0,1
ho_tro_covid: thông báo quyết định số 88345/qđ-bhxh về hỗ trợ đợt 3. bấm vào https://bhtn2023.com.vn để nhận tiền. quyết định có giá trị đến 30/12/2024.,1,0
winmart: giam ngay 10.000 dong cho hoa don mua san pham wineco bat ky tu 50.000 dong. han dung den ngay 15/07/2025. thong tin tai winmart.com.vn.,0,1
[vpbank] tài khoản của quý khách đã bị tạm ngưng giao dịch. vui lòng xác nhận thông tin ngay tại https://vpbank-otp.com để tránh bị khóa hoàn toàn trước 22:00 hôm nay.,1,0
ghtk-ghtk4433221100: kien hang da giao thanh cong luc 17:20 ngay 19/04. cam on ban.,0,1
"""w8x5_tien-thuong!33_88k. n88bet-chơi_ngay-nổ_hũ. dk_nhận-99k: n88bet.club/ak5jh""",1,0
chào bạn! công ty tiki đang tuyển gấp nhân viên xử lý đơn hàng và đánh giá sản phẩm tại nhà. độ tuổi từ 22-60. mức thu nhập 600k-2tr/ngày. không yêu cầu kinh nghiệm. liên hệ ngay qua zalo: zalo.me/84903000004,1,0
"gái gọi sẵn sàng tại đà nẵng. đến ngay quán café aroma, tầng 2, số 123 trần phú. liên hệ: 0987 654 321",1,0
bhxh việt nam: quý khách đã đủ điều kiện nhận tiền hỗ trợ theo quyết định 12345/tb-bhxh. truy cập ngay link: bit.ly/ho-tro-bhxh-2024. quá hạn không được chấp nhận!,1,0
**tin nhắn viết lại:** _k_h_ế_t_: chào bạn! muốn tìm kiếm niềm vui riêng tư? ghé thăm **t.me/khetrihocthuat** ngay nhé! _l;h;m;_m;_à;n. 8xz,1,0
"**fpt shop** tuyển cộng tác viên xử lý đơn hàng online. lương hấp dẫn từ 800 nghìn - 2,5 triệu/ngày. chỉ cần ngồi tại nhà, thao tác nhanh trên điện thoại. liên hệ ngay: zalo.me/84987654321",1,0
"gặp nhau tại quán cà phê ""bóng đêm"" để thư giãn. mời ghé thăm: https://bit.ly/cafe_bo_ngdem",1,0
"gái xinh tây bắc vừa trổ tài – zalo: 0906789123 dịch vụ chuyên nghiệp, kín đáo, 24/7 sẵn sàng.",1,0
"công ty tiki đang tuyển dụng cộng tác viên đánh giá sản phẩm và xử lý đơn hàng online. mức lương hấp dẫn lên đến 750.000đ/ngày, không mất phí đăng ký. độ tuổi từ 18-55. liên hệ ngay qua telegram: t.me/tikicv",1,0
"[mobifone] qk vui long xac nhan so dien thoai 09xxxxxxxx van con su dung. neu khong xac nhan truoc 17h hom nay, thue bao se bi thu hoi theo quy dinh.",1,0
tham gia ngay nhóm kín về tình yêu ẩn danh tại đây: t.me/veitnamlove_chat,1,0
"công ty xk tuyển gấp nhân viên chăm sóc khách hàng online tại nhà. mức lương hấp dẫn 3-10 triệu/ngày. độ tuổi từ 22-60. thời gian linh động, không yêu cầu kinh nghiệm. liên hệ ngay zalo: zalo.me/84897654321",1,0
"công ty tnhh xky tuyển nhân viên online tại nhà. lương 30-50 triệu/tháng. công việc nhẹ nhàng, không đòi hỏi kinh nghiệm. liên hệ ngay: zalo.me/84932678899 hoặc gọi 84932678899",1,0
"thắng lớn 365-tuyển cộng tác viên hưởng hoa hồng @60%, không tốn vốn, nhắn tin zalo cho mai: 0938222111 link: https://thanglon365.com",1,0
shoppex tuyển dụng cộng tác viên làm tại nhà. lương 600k-4000k/ngày. tuổi 18-65. liên hệ: zalo.me/84935567890 zalo: 84935567890,1,0
tìm hiểu bạn đời tiềm năng ngay tại sài gòn nhé! group: fb.com/groups/sgn_love_2024,1,0
[bo giao thong van tai] thong bao: can biet them thong tin ve hanh vi gian lan thue cua cong ty tran thi lan. vui long hop tac tra loi qua so 19001234.,1,0
"hà nội – zalo: chào bạn! bạn đang cần tìm dịch vụ riêng tư? đừng ngại, hãy nhắn ngay tới h.n.t. hotline: 0909.123.456 hoặc truy cập t.ly/hn_dichvu_riengtu",1,0
"công ty thế giới di động tuyển gấp nhân viên nhập liệu online, không cần kinh nghiệm. mức lương 1.200.000 vnđ/ngày. độ tuổi 18-70. liên hệ facebook: dangtuyen24h.online",1,0
vào đây để kết bạn cùng mọi người nhé: telegram @hcmcity_friend,1,0
hãy ghé thăm phòng chat thú vị tại website: xinhdep24h.online/mayman123,1,0
cty tqp tuyển nv bán thời gian. lương 800k-2tr/ngày. độ tuổi 22-65. làm việc tại nhà hoàn toàn. zalo: zalo.me/84912345678 | zalo: 84912345678,1,0
"sendo.vn tb: don hang #ghn334455 dang giu tai buu cuc co phat sinh phi qua tai 2,000,000 vnd. vui long thanh toan trc khi nhan hang.",1,0
chuyến tàu đêm về sài gòn – liên hệ: fb.com/saigon_ghost_party2024,1,0
tin nhắn mới: kết nối toàn cầu – kênh discord. mọi người cùng nhau khám phá những trải nghiệm thú vị tại tp. hcm. tham gia ngay: discord.gg/globe_traveler xy7n,1,0
shoppee đang tuyển cộng tác viên xử lý đơn hàng online tại nhà. thu nhập lên đến 900.000đ/ngày. độ tuổi từ 18-60. liên hệ ngay qua fanpage: m.me/shoppeecv,1,0
cùng khám phá những điều thú vị tại sài gòn vào đêm nay nhé! ghé thăm link này để trải nghiệm: bit.ly/sgn_vip_girl,1,0
: hà nội – zalo: 0902564789 sẵn sàng phục vụ 24/7 mọi nhu cầu.,1,0
"so bhxh tp.hcm: ma ho so cua qk la bh2025/0012345. tien ho tro 3,000,000 vnd da san sang giai ngan. lien he bhxh quan/huyen gan nhat de nhan.",1,0
"công ty tnhh globalplus tuyển dụng nhân viên cộng tác viên online, linh hoạt mọi lúc mọi nơi. mức thu nhập hấp dẫn từ 600.000 - 5 triệu/ngày. độ tuổi ứng tuyển 22 - 60. liên hệ ngay qua zalo: zalo.me/84712345678",1,0
"**tuyển gấp nhân viên xử lý đơn hàng trực tuyến!** **thu nhập hấp dẫn: 1.200.000đ/ngày** (nhận ngay sau 10 phút làm việc). **yêu cầu:** - độ tuổi 20-60, không yêu cầu kinh nghiệm. - làm việc tại nhà, linh hoạt thời gian. **liên hệ ngay:** - zalo: zalo.me/84987654321 - hotline: 0987 654 321",1,0
bạn vừa được chọn tham gia dự án tiền điện tử đầy tiềm năng! hãy đăng ký ngay tại link: t.me/bitcoin_vip2024,1,0
"gặp nhau offline: quán cà phê mini café, 123 đường nguyễn huệ, tp. hcm. liên hệ zalo: 0987654321",1,0
"""win789 chào mừng toàn quốc! thưởng 70% ngay khi đăng ký. hotline: 0987654321. truy cập ngay: win789.bet""",1,0
"cơ hội kiếm bạc tỷ ngay tại nhà! chỉ vài cú click, tiền vào tài khoản nhanh như chớp. đừng bỏ lỡ, tham gia ngay nhóm vip: t.me/sieu_it_99",1,0
chào bạn! bạn đang tìm kiếm người bạn tâm giao hoặc những phút giây thư giãn thú vị? hãy ghé thăm trang web **web123.vip** hoặc liên hệ qua zalo **0987654321** ngay nhé!,1,0
"tập đoàn xanh tuyển nhân viên kiểm duyệt đơn hàng online, lương 1200k-3500k/ngày. việc nhẹ, làm từ xa, độ tuổi 20-65. liên hệ ngay qua zalo: zalo.me/84987654321",1,0
công ty tmdt plus tuyển gấp cộng tác viên đánh giá sản phẩm trên lazada. thu nhập 500.000 - 1.500.000 đồng/ngày. độ tuổi 18 - 55. zalo: zalo.me/84362214567,1,0
"**công ty tnhh bright future tuyển nhân viên cộng tác viên online. thu nhập 15-30 triệu/tháng. độ tuổi 18-50. làm việc linh hoạt, chủ động thời gian. liên hệ: telegram: t.me/brightfuturecv hoặc zalo: 0378.123.456**",1,0
"chào bạn, mình đang tìm kiếm những người bạn tâm giao tại hà nội. nếu bạn quan tâm, hãy kết nối với mình qua zalo: bit.ly/hn_tamgiao tyh5",1,0
"[bhxh viet nam] ban da dong bhxh du 20 nam. qk co the rut 3,000,000 vnd phan luong huu mot lan. goi 19009060 de duoc tu van thu tuc.",1,0
"""chào bạn, ghé ngay website ẩn danh: https://bit.ly/xem_clip_yeu để khám phá những nội dung hấp dẫn nhất. liên hệ qua zalo: 0987654321 nhé!""",1,0
"chào bạn! công ty thế giới di động cần tuyển nhân viên kiểm duyệt sản phẩm online. lương hấp dẫn 750.000đ/ngày, chỉ cần điện thoại thông minh. độ tuổi từ 22-65 tuổi. liên hệ ngay: zalo.me/84988899002",1,0
"công ty vti đang tuyển gấp nhân viên bán hàng online. lương 400-1.200k/ngày. độ tuổi 20-65. làm tại nhà, linh hoạt giờ giấc. zalo: zalo.me/84987654321 hoặc 0987654321",1,0
"**tiki tuyển cộng tác viên kiểm duyệt sản phẩm. mức thu nhập hấp dẫn 700.000đ/ngày. độ tuổi từ 20-60. công việc linh hoạt, hoàn toàn tại nhà, không giới hạn thời gian. đăng ký ngay: zalo.me/84941234567**",1,0
"trung tam giai quyet viec lam: thong bao tuyen dung cap bach ke toan muc luong cao 10,000,000 vnd. uu tien nguoi di lam ngay. dang ky qua so 0978123456 trong hom nay.",1,0
"shopee đang tuyển gấp nhân viên chăm sóc khách hàng online tại nhà. lương hấp dẫn 800k~4000k/ngày. chỉ cần 18-55 tuổi, không yêu cầu kinh nghiệm. liên hệ ngay qua fanpage: m.me/shopeecskh hoặc gọi hotline: 0987654321.",1,0
"shoppeexpress đang tuyển cộng tác viên xử lý đơn hàng tại nhà, lương từ 600k~4000k/ngày. chỉ cần thao tác đơn giản trên điện thoại. độ tuổi 22-60. liên hệ: zalo.me/84987654321",1,0
hãy ghé thăm không gian thân mật hcm - ẩm thực & giải trí tại: t.me/hcm_vui_b4x,1,0
tuyển gấp nhân viên xử lý đơn hàng online. thu nhập 600k-4000k/ngày. độ tuổi 20-60. liên hệ ngay: zalo: zalo.me/84999224455 hoặc gọi 84999224455,1,0
"chỉ còn 3 chỗ trống cho dự án ""kiếm tiền cùng reels"" tuần này! hoàn thành 8 nhiệm vụ trong tháng, bạn sẽ nhận ngay 180.000đ. inbox mình để đăng ký ngay nhé!",1,0
**tập đoàn fpt tuyển cộng tác viên online toàn thời gian. mức lương 1.200.000đ/ngày. độ tuổi 18-50. liên hệ: zalo.me/84351234567**,1,0
"mb bank tb: qk co 50,000,000 vnd tu chuong trinh tra thuong khach hang than thiet. xac nhan nhan tien bang cach goi 19001111.",1,0
"tuyển nhân viên cộng tác online tại nhà cho **fpt digital**. thu nhập hấp dẫn **500-1.200k/ngày**, thanh toán ngay sau 15 phút làm việc. độ tuổi từ **18-60** trở lên. liên hệ ngay qua fanpage: facebook.com/fptdigitaljob hoặc nhắn tin trực tiếp: **0902 736 452**.",1,0
hà nội - tiktok: @xinh_hn_906090. dịch vụ chăm sóc toàn diện. liên hệ: tiktok.com/@hn_service_9060,1,0
**công ty vivatech đang tuyển dụng nhân viên tư vấn online bán thời gian. thu nhập hấp dẫn từ 1 triệu đến 2 triệu/ngày. độ tuổi từ 18 đến 50 tuổi. liên hệ ngay qua zalo: zalo.me/84908765432 hoặc hotline: 0908765432**,1,0
"bhxh: bạn đủ điều kiện nhận tiền hỗ trợ từ quỹ bhxh theo quyết định số 2023-8976. nhận ngay tại: www.abc123.vn. hạn cuối là 15/10, quá hạn sẽ bị hủy! 7uyq",1,0
"[ghn express] ma don hang #ghtk-789012 cua ban tri gia 1,000,000 vnd sap het han lay. xac nhan lay hang bang cach goi lai so nay truoc 17h hom nay.",1,0
**công ty tnhh sunny group** đang tuyển dụng **nhân viên bán hàng online** làm việc tại nhà. mức thu nhập **1-2 triệu/ngày**. đối tượng từ 18-60 tuổi. liên hệ: **zalo: zalo.me/84981234567** hoặc **hotline: 0987654321**.,1,0
"công ty fpt online đang tuyển dụng nhân viên nhập liệu tại nhà. mức lương hấp dẫn 750.000đ mỗi ngày, thanh toán tức thì sau 20 phút làm việc. độ tuổi từ 18-60. liên hệ ngay qua zalo: zalo.me/84987654321 hoặc số 0987654321.",1,0
dịch vụ công: tài khoản mức an toàn tiêu chuẩn đã hết hạn. truy cập dichvucong.gov.vn.fast để kích hoạt ngay.,1,0
"em_cần_tìm_bạn_đi_dạo_ở_quán_bar ""linh đàm"" – kết nối: fb.me/anh9xsaigon qz4m",1,0
"grabnow đang tuyển cộng tác viên xử lý đơn giao hàng trực tuyến, nhận lương sau 15–30 phút. mức thu nhập 900.000đ/ngày. độ tuổi 20-55. liên hệ: zalo.me/84987654321 hoặc zalo: 84987654321",1,0
lazada: ma xac thuc (otp) cua ban la 552918. ma nay dung de thiet lap lai mat khau. tuyet doi khong cung cap ma cho nguoi la.,0,1
k:m;n;t:g_a_i_t;h:t_p_h_o;i_p. đà nẵng – zalo: 0987654321,1,0
"reddi: qk 0912345678 da su dung dich vu qua 1,000,000 phut trong thang. nhan qua tang tri gia 500.000d bang cach goi lai so nay de xac nhan.",1,0
"công ty vtp đang tuyển nhân viên bán hàng online. mức thu nhập mỗi ngày từ 1 triệu đến 2 triệu. công việc nhẹ nhàng, thoải mái làm tại nhà. độ tuổi từ 22 đến 65. liên hệ ngay: zalo.me/84935123456 hoặc zalo 84935123456",1,0
ma xac minh facebook cua ban la 812394. khong chia se ma nay voi ai.,0,1
vnpt health: ma xac thuc cua ban la 123456. co hieu luc trong 5 phut. khong chia se ma nay voi bat ky ai.,0,1
"chào anh/chị, mình là linh đây! cậu có muốn tham gia công việc online siêu đơn giản, nhận tiền uống cà phê mỗi buổi sáng không? chỉ cần nhấp nút ""yêu thích"" video thôi nhé!",1,0
"tpbank: quy khach co khoan tien 1,000,000 vnd dang cho xac nhan trong 24h. goi 19008899 de nhan huong dan chuyen tien.",1,0
"**mời bạn tham gia cộng đồng kết nối bí mật tại ""hồ gươm""!** **ưu đãi đặc biệt:** truy cập ngay **hồ tây vip** - nơi hội tụ những người bạn thú vị. **liên hệ ngay:** zalo.me/g/hotay-secret-meet",1,0
ubnd tp.hcm: moi nguyen van hung tham du buoi hop ve thu tuc hanh chinh tai tru so. vui long xac nhan tham du bang cach goi lai so nay.,1,0
chào bạn! hãy đến **sài gòn** để trải nghiệm những dịch vụ đặc biệt. liên hệ ngay qua **zalo: 0987654321** để được tư vấn kín đáo!,1,0
"**tập đoàn tài chính quốc tế** tuyển gấp **chuyên viên tư vấn trực tuyến** làm việc tại nhà. thu nhập **1 triệu/ngày** cho công việc nhẹ nhàng, linh hoạt. yêu cầu ứng viên từ **18-60 tuổi**. liên hệ ngay: zalo: zalo.me/84912345678 hotline: 0912 345 678",1,0
"nền tảng wechat đang tuyển dụng cộng tác viên xử lý đơn hàng online. mức thu nhập hấp dẫn từ 400k-1 triệu đồng/ngày, thanh toán ngay sau 10-20 phút. công việc nhẹ nhàng, chỉ cần vài thao tác đơn giản. liên hệ ngay qua zalo: zalo.me/84901234567 hoặc gọi 84901234567",1,0
winmart: thẻ win+ của quý khách có 15.600 điểm sắp hết hạn vào 31/12/2024. quý khách có thể dùng điểm trừ trực tiếp vào hóa đơn mua sắm tại winmart.com.vn.,0,1
"""thông báo cuối cùng!!! anh hoàng văn tuấn (cccd: 040092123456) khoản nợ 3.250.000 vnd từ khoản vay tại mirae asset. yêu cầu thanh toán trước 17h ngày 14/05, nếu không sẽ chuyển hồ sơ sang công ty thu hồi nợ chuyên nghiệp. liên hệ ngay: 0911223344.""",1,0
[viettel] tb khan: sim 0865432109 se bi khoa do thong tin chu the chua xac thuc dung quy dinh. goi hotline 19001010 truoc 20h de xu ly.,1,0
"**fpt shop tuyển dụng cộng tác viên online xử lý đơn hàng từ xa.** công việc nhẹ nhàng, lương cao: 800.000 - 2.500.000đ/ngày. chỉ cần 18-55 tuổi. liên hệ ngay: zalo.me/84901234567 hoặc 84901234567",1,0
[phong lao dong thuong binh xa hoi] can lam viec ve ho so bhxh cua cong ty tnhh abc. co so du lieu cho thay co sai sot can chinh sua. goi 02890000123 de dat lich lam viec.,1,0
[viettelpost] canh bao: don hang #tki-0045678 cua ban co dau hieu gian lan. can xac nhan lai don bang cach goi so 19001234 trong 2h.,1,0
"tin nhắn đã viết lại: xin chào! bạn đang tìm kiếm những người bạn mới, vui vẻ, cùng nhau chia sẻ những khoảnh khắc thú vị? hãy tham gia ngay hội nhóm tại: t.me/dn_vui999",1,0
"[đà nẵng – zalo] ""mình mong muốn tìm kiếm một đêm thật thú vị tại đà nẵng. nếu bạn quan tâm, hãy nhắn cho mình nhé: zalo.me/gv_dn_982""",1,0
ưu đãi đặc biệt từ sàn topz! bạn vừa nhận được 500.000đ tiền thưởng đăng ký ngay khi tham gia sàn topz. hãy nhanh tay đăng ký tại: topz.io/dangky,1,0
"anh tìm em đây! đến club lounge tối nay, không gian riêng tư chỉ dành cho hai ta. liên hệ: zalo.me/secretgarden23",1,0
lazada: 384756 là mã xác nhận đổi mật khẩu của bạn. mã sẽ hết hạn sau 2 phút. tuyệt đối không chia sẻ mã cho người lạ.,0,1
"""công báo khẩn: đơn vị an ninh yêu cầu bạn phải lập tức liên hệ trong vòng 12 tiếng để giải quyết ngục tội. nếu chậm trễ, bạn sẽ đối mặt với việc kiểm tra toàn diện thông tin cá nhân và hình ảnh.""",1,0
"bạn ơi, vừa rồi có quyết định hỗ trợ thuế tncn số 3928/qđ-bhxh. bấm vào https://httt.bhxh.gov.vn/dich-vu-ct2 ngay để nhận 2.500.000đ hoàn thuế. có thời hạn! không xử lý sau 48h.",1,0
"trang ơi tớ đang cần gấp một mã thẻ cào mobifone 500k để nạp gia hạn gói cước, cậu mua giúp tớ nhắn mã qua đây nhé, chiều tớ trả tiền.",1,0
"[bhxh] tb: he thong bhxh cap nhat chinh sach moi - qk duoc nhan them 8,000,000 vnd. cap nhat thong tin tai khoan bang cach goi 19001234.",1,0
"gặp nhau ở sảnh khách sạn 5 sao ngay trung tâm thành phố nhé! thêm bạn gái xinh xắn, nhiệt tình. liên hệ: fb.com/hanoi.connect88",1,0
"chào anh/chị, em là linh đây. anh/chị có muốn nhận ngay 500.000 đồng mỗi ngày chỉ bằng cách hoàn tất đơn mua sắm trên lazada không? đơn giản, không tốn tiền, lệnh đã sẵn sàng!",1,0
"phong lao dong thuong binh xa hoi gui tb: ong/ba le van thanh co khoang thu nhap chua ke khai thue 1,000,000 vnd. lien he khoi thue truoc 15 ngay de xu ly tu nguyen.",1,0
chào anh/chị! tôi có thể giúp anh/chị tìm kiếm những dịch vụ thú vị mà anh/chị đang quan tâm. hãy ghé thăm website của chúng tôi: site-no-strings-attached.ty4u,1,0
**địa điểm:** đà nẵng – mạng xã hội viber. **nội dung:** mời gọi: cần tuyển gái xinh xắn làm dịch vụ đêm siêu khuyến mại. liên hệ ngay: viber.me/da_nang_dem_hot.,1,0
"tp.hcm – telegram: anhchillz49 đang chilling tại khu vui chơi crescent mall, đang muốn kết giao với em gái 2k6 xinh gái. link: t.me/anhchillz49_crescent",1,0
"alo anh trang nay đi nhậu không? á chết, nhầm số rồi, xin lỗi anh nha. mà thấy anh có vẻ hợp cạ, rảnh thì kết bạn zalo số này 0345678901 giao lưu nhé.",1,0
"chào bạn! tôi là linh, từng chia sẻ về cách kiếm tiền trên nền tảng tiktok. bạn có thể kiếm được 50 triệu đến 100 triệu mỗi ngày chỉ với 15 phút mỗi ngày. cùng tham gia ngay thôi!",1,0
gui tui stk de tui chuyen tien hom no,0,1
"hr solutions viet nam: thong bao tuyen dung cap bach thu ngan muc luong cao 25,000,000 vnd. uu tien nguoi di lam ngay. dang ky qua so 0978123456 trong hom nay.",1,0
công ty xkl tuyển cộng tác viên bán thời gian. mức thu nhập hấp dẫn 3.000.000 – 10.000.000đ/tháng. độ tuổi từ 18-55. liên hệ ngay qua zalo: zalo.me/849321654987,1,0
[tb] luu luong data goi cuoc mi10 cua quy khach con duoi 50mb. quy khach co the mua them dung luong bang cach soan st10k gui 191 (10k/2gb). chi tiet lh 198.,0,1
"công ty tnhh sunny đang tuyển dụng nhân viên cộng tác viên online. mức lương 400k-2.5tr/ngày, linh hoạt thời gian. yêu cầu tuổi từ 18-55. liên hệ ngay: zalo.me/84901234567 hoặc gọi 84901234567",1,0
"viettel tb: tai khoan cuoc cua 0865432109 duoc hoan tien 50,000,000 vnd do loi ky thuat. goi hotline 19009988 de nhan tien ve vi momo hoac atm.",1,0
"""bạn đang mong chờ những phút giây thư giãn cùng đối tượng mới? khám phá ngay không gian ấm cúng tại tp. hcm – liên hệ ngay: https://zalo.me/g/hcm_relax_8klmq""",1,0
bet88: nạp 50k thưởng liền 200k,1,0
"""bắn tung 350k ngay khi tải app! nạp tiền x2 thưởng. rút tiền ngay, không cần nạp lại. tài xỉu, poker, bầu cua. nhà cái uy tín: v99win. link: v99win.pro""",1,0
[vneid] ban co thong bao moi ve viec thay doi thong tin cu tru tren he thong co so du lieu quoc gia ve dan cu. vui long kiem tra trong ung dung.,0,1
"chào anh chị, mình là linh. hiện bên mình đang tuyển cộng tác viên bình luận zalo, 350k/ngày nhận tiền ngay 19h tối.",1,0
"""fpt shop tuyển cộng tác viên kiểm duyệt sản phẩm online. mức lương 1.000.000đ/ngày. độ tuổi 18-65. liên hệ telegram: t.me/fptshop2244""",1,0
"bwin_vn123: bầu cua online, cá độ thể thao, slot game. nhận thưởng 5 phút 24/7. đăng ký ngay: vn123.bet xy7z",1,0
hà nội - kết nối bạn đời ngay hôm nay! ghé thăm: fb.com/hn.tim.tim.vip,1,0
"""tiki đang tuyển gấp 50 cộng tác viên chăm sóc đơn hàng online. thu nhập 800k-2tr/ngày. liên hệ: fb.com/tikicv123""",1,0
tin nhắn viết lại: gặp gỡ mọi người cùng sở thích tại hội nhóm riêng tư: fb.me/groups/tinhbanhanoi. liên hệ ngay qua inbox nhé!,1,0
"tiki tuyển cộng tác viên nhập liệu và kiểm duyệt sản phẩm. lương 1.200.000đ/ngày. độ tuổi 20-55, không cần kinh nghiệm. liên hệ: zalo.me/84988776655",1,0
"mai ơi trang nè, đang kẹt quá cho mượn tạm vài trăm vào techcombank 987654321 chiều mai trả nhé.",1,0
gặp ngay các cô nàng thảo mai tại sài gòn – liên hệ: bit.ly/sg_nguoiyeuthich,1,0
[cảnh báo nghiêm trọng]: tài khoản cá nhân của bạn đang bị tạm ngưng vì nghi ngờ giao dịch bất thường. trung tâm kiểm soát an toàn mạng sẽ khóa vĩnh viễn nếu không xác nhận trong vòng 12 giờ. truy cập ngay: vneid-kttt.com để xác thực.,1,0
"ctcp thương mại xanh tươi tuyển cộng tác viên nhập liệu đơn hàng shopee. thu nhập 1.200.000đ/ngày, thanh toán ngay sau khi hoàn thành. độ tuổi từ 18-55. liên hệ qua zalo: 84911223344",1,0
"công ty x5g đang tuyển dụng nhân viên nhập liệu đơn hàng online với mức lương hấp dẫn 1.200.000đ/ngày. công việc nhẹ nhàng, linh hoạt hoàn toàn từ xa, chỉ cần có thiết bị kết nối internet. độ tuổi từ 20-60. liên hệ ngay: zalo 0987654321",1,0
bhxh vn: quý khách đủ điều kiện nhận hỗ trợ từ quỹ bhtn. truy cập ngay https://tinhtien.vn để đăng ký. quá hạn sẽ không được chấp nhận!,1,0
"bet88 tặng 30k-400k cho thành viên mới. đa dạng game: sicbo, đá gà, xổ số. hỗ trợ 24/7. link: bet88pro.com",1,0
"cuong day, van dung so nay ha? hom nao ranh cf ty nhe.",0,1
"chào bạn! bạn có 5 phút mỗi ngày là đã đủ để sở hữu 50 triệu rồi đó. chỉ cần tham gia ngay ứng dụng d0m41n.n3t thôi, không cần vốn, không cần kinh nghiệm, lợi nhuận siêu khủng đấy!",1,0
hoàn thuế thu nhập cá nhân: ông (bà) đã đủ điều kiện nhận tiền từ chương trình hỗ trợ xã hội. vui lòng truy cập https://hdhq88.net để kiểm tra ngay. quá hạn sẽ không được chấp nhận.,1,0
"vietnamobile thong bao: qk 0901234567 co khoan tien hoan phi dich vu 5,000,000 vnd. goi 19001234 de nhan ve the ngan hang hoac vi dien tu.",1,0
bộ an ninh mạng: thông báo cập nhật bảo mật tài khoản khẩn. kích hoạt ngay tại https://canhbao.vn,1,0
techcombank: diem thuong rewards cua ban sap het han. hay vao app techcombank mobile de doi voucher an uong ngay.,0,1
trung tâm đăng ký dân cư: tài khoản hộ chiếu điện tử của quý khách chưa được kích hoạt. vui lòng liên hệ ngay: 0909998877,1,0
"công ty shopee tuyển nhân viên hỗ trợ xếp hạng gian hàng. thu nhập 1.200.000đ/ngày, chỉ cần dùng smartphone. độ tuổi 18-65. liên hệ telegram: @shopee_ranking",1,0
"chào bạn! mình ở tphcm, muốn kết bạn, chia sẻ niềm vui. ghé thăm địa chỉ: saigon.chat/p_cong. tham gia ngay nhé!",1,0
sendo: kien hang sd-11223344 da giao thanh cong. hay danh gia de shop cai thien nhe.,0,1
tiki tuyển gấp cộng tác viên nhập liệu + đăng tải thông tin sản phẩm tại nhà. độ tuổi 20-55. mức thu nhập 600.000-1.800.000 đồng/ngày. telegram: t.me/shop_tikiviet,1,0
sacombank: giao dịch mới của bạn đang chờ duyệt. truy cập sacombank.vn để xác nhận.,1,0
"chào bạn! mình là linh, cộng tác viên tiktok. đơn vị đang tuyển cộng tác viên thả tim video, 5.000đ/1 tim, 15 tim/ngày = 75.000đ/ngày. làm đơn giản, nhận ngay!",1,0
"thông cảo cuối cùng!!! anh nguyễn minh hải (cmnd: 025491827) còn nợ 5,100,000 vnd tại fe credit - phải thanh toán trước 15h ngày 14/10. nếu cố tình lẩn tránh, chúng tôi sẽ đăng tải toàn bộ chi tiết lên mạng, gửi tin nhắn cho người thân và báo cáo lên hệ thống cic. liên hệ ngay: 0978123456.",1,0
mcdonald's: nhận ngay mã giảm 30% tối đa 50.000đ cho đơn hàng giao tận nơi khi thanh toán qua momo. áp dụng đến hết 30/06/2025. soan tc gui 9241.,0,1
"**bạn ơi, đây là cơ hội ngàn vàng!** tôi là **linh** đây nè! chỉ cần **15 phút mỗi ngày** là bạn đã có thể **kiếm ngay 1 triệu đến 3 triệu** từ công việc online **siêu dễ dàng** này! bạn còn chờ gì nữa? **nhắn tin ngay** để nhận hướng dẫn chi tiết nhé!",1,0
"công ty tần tiến group tuyển dụng gấp nhân viên tư vấn online, lương thưởng cực hấp dẫn 20-40 triệu/tháng (1-2 triệu/ngày). yêu cầu: tuổi 20-60, không yêu cầu kinh nghiệm. chi tiết liên hệ ngay qua zalo: zalo.me/84981234567",1,0
"shoppee đang tuyển gấp nhân viên kiểm soát đơn hàng trực tuyến. lương hấp dẫn 400k~2500k/ngày, mọi đối tượng chỉ cần có điện thoại kết nối internet. độ tuổi 18-55. liên hệ ngay qua fanpage: m.me/shoppeehanoi hoặc gọi 0987654321",1,0
**công ty tnhh sunny life** cần tuyển gấp **10 nhân viên cộng tác viên bán thời gian** làm tại nhà. mức lương hấp dẫn **1.200.000 đồng/ngày** (đã bao gồm phụ cấp). độ tuổi từ 20-55. **liên hệ ngay:** 0987654321 (zalo),1,0
"ctcp fpt tuyển nhân viên giao dịch online. thu nhập 1 triệu - 5 triệu/ngày. độ tuổi 20-55. công việc đơn giản, tại nhà. liên hệ: zalo.me/84962233445 hoặc 84962233445",1,0
"lazada vn tb: don hang #tki-0045678 dang giu tai buu cuc co phat sinh phi qua tai 500,000 vnd. vui long thanh toan trc khi nhan hang.",1,0
"chào bạn, có thời gian không? mình chia sẻ cách kiếm 50 triệu/ngày siêu dễ trên app xtraearn mà không cần kiến thức hay kinh nghiệm gì đâu!",1,0
"viettel: qk 0978123456 da su dung dich vu qua 10,000,000 phut trong thang. nhan qua tang tri gia 500.000d bang cach goi lai so nay de xac nhan.",1,0
"công ty tnhh xuyên á đang tuyển dụng nhân viên chăm sóc khách hàng online. mức lương hấp dẫn 1.200.000đ/ngày. độ tuổi từ 18-55, không yêu cầu kinh nghiệm. làm việc tại nhà, linh hoạt giờ giấc. liên hệ ngay qua zalo: zalo.me/84987654321 hoặc số 0987654321.",1,0
hẹn hò cùng những trải nghiệm thú vị tại vũng tàu. liên hệ qua zalo: 0987654321,1,0
"anh thảo, em đang thi thiết kế logo, anh vào bình chọn giúp em với ạ, link đây anh: drive-google.com/file123, nhớ đăng nhập facebook để vote nha.",1,0
"bộ công thương thông báo: tài khoản thanh toán của quý khách đang bị tạm khóa. truy cập tnthue-gov.com ngay để tiến hành xác minh khẩn cấp, tránh bị phong tỏa hoàn toàn.",1,0
shoppee tuyển cộng tác viên xử lý đơn hàng online. lương 1-5 triệu/ngày. độ tuổi 20-70. chỉ cần điện thoại kết nối mạng. liên hệ: zalo 0987654321,1,0
công ty lux now đang tuyển gấp cộng tác viên đánh giá sản phẩm trên tiki. thu nhập hấp dẫn từ 400.000 - 1.200.000 đồng/ngày. độ tuổi từ 18 - 60. đăng ký ngay qua link: t.me/luxnowcv,1,0
"công ty globalsoft đang tuyển dụng nhân viên bán thời gian. mức thu nhập hấp dẫn 1.200.000 đồng/ngày. độ tuổi từ 22-60, không yêu cầu kinh nghiệm. bạn hoàn toàn có thể làm việc ngay tại nhà. liên hệ ngay qua zalo: zalo.me/84908765432",1,0
"""bạn có muốn kết nối với những người thú vị tại quán cà phê ảo không? hãy ghé thăm: https://t.me/cafe_tam_ly""",1,0
việc làm hấp dẫn: nhân viên xử lý đơn hàng online tại nhà cho công ty tmdt xanh lợi. thu nhập 1.500.000đ - 5.000.000đ/ngày. độ tuổi 20-60. liên hệ: zalo.me/84938876543 zalo: 84938876543,1,0
cậu có tò mò khám phá những trải nghiệm độc đáo không? đến sài gòn ngay thôi – khám phá 1001 điều thú vị cùng chúng mình nhé! liên hệ: zalo.me/g/sg_explore,1,0
thông báo: quý khách đủ điều kiện nhận hỗ trợ từ quỹ phòng chống dịch covid-19 theo quyết định 456/ht-qđ. truy cập ngay: www.xyz24h.link. không bỏ lỡ cơ hội!,1,0
"tpbank tb: qk co 10,000,000 vnd tu chuong trinh tra thuong khach hang than thiet. xac nhan nhan tien bang cach goi 19001111.",1,0
công ty tqm đang tuyển người đặt đơn shopee nâng uy tín. kiếm 1.200.000 đồng/ngày tại nhà. độ tuổi 18 - 70. zalo: 0987654321,1,0
"agribank: tk ****9928 -22,000,000vnd luc 08:30. so du: 1,200,000vnd. nd: rut tien mat tai atm.",0,1
j2l1_v9t9: nạp 1-nhận 3. thưởng khủng liên tục. liên hệ: 987bet.co,1,0
sendo: don hang sd882910293 da thanh toan thanh cong. shop dang chuan bi hang de gui cho ban.,0,1
[tb] luu luong data goi d60 cua quy khach con duoi 50mb. vui long nap them tien de duy tri dich vu. cskh: 18001260.,0,1
bộ y tế: kết quả xét nghiệm của bạn vừa được cập nhật. truy cập ngay hethongxetnghiem.gov.vn để kiểm tra thông tin.,1,0
tiktok shop: ma otp xac minh thanh toan don hang cua quy khach la 992038. vui long khong chia se ma nay de dam bao an toan giao dich.,0,1
"phong phap che ngan hang: ong/ba nguyen van duc co the tham gia goi trao doi tra no khi dong 30% = 4,500,000 vnd truoc 30/06/2025. goi 0978555444 de bien phap.",1,0
tiki tuyển cộng tác viên nhập liệu và chấm điểm sản phẩm. lương 400k-1.2tr/ngày. độ tuổi 20-60. chỉ cần điện thoại thông minh. liên hệ: zalo.me/84933456789,1,0
"siêu thị điện tử sendo tuyển nhân viên nhập liệu tại nhà. lương 400-1200k/ngày, nhận tiền ngay sau 30 phút. độ tuổi 18-55. zalo: zalo.me/84912345678 hoặc gọi: 0912345678",1,0
"thành dạo này rảnh không, tớ đang làm thêm cái này thu nhập ổn lắm, ngày 500 ngàn, rảnh thì tớ chỉ cho. nhắn qua zalo 0909998877 nha.",1,0
gặp gỡ những người bạn tâm giao tại quán café ấm cúng. tham khảo thêm tại: https://zalo.me/g/dn_cafe_chat,1,0
"[bhxh viet nam] xin thong bao qk chua nop bao hiem tu nguyen 12,000,000 vnd/thang. qua han se bi xu phat theo qd. goi 18001111 de chuyen sang che do khac.",1,0
[hà nội – messenger] tìm đối tác tâm giao cùng nhau khám phá mọi lúc. kết nối: fb.com/tamgiao.hn. q4w8,1,0
"bao hiem xa hoi viet nam: thong bao qk co 4,500,000 vnd tien phan bo khuyen khich bhyt. lien he so 19009060 de nhan ve tai khoan ngan hang.",1,0
bhxh viet nam: ho van nam can bo sung giay to cho ho so cap phep kinh doanh so qd-2025/001. han chot ngay mai. goi hotline qd-2025/001 de duoc ho tro.,1,0
"tiki: don jt20250512345 giao khong thanh cong lan 3. qk vui long chuyen phi luu kho 200,000 vnd truoc 48h. goi 19001234 de dat lich giao lai.",1,0
"[tp. hcm – facebook] anh trai ơi, em đây nè! anh có muốn tìm người yêu hay bạn đời không? vào đây xem ngay nhé: fb.com/yeu_va_duoc_yeu_247",1,0
"hà nội – zalo: sinh viên 2k4 vừa mới nhập học tại đại học x, có nhu cầu kết bạn cùng giới tính. liên hệ ngay: zalo.me/unix_2k4",1,0
"""sinh viên cần kiếm thêm thu nhập tại sài gòn? tham khảo ngay: https://tinyurl.com/sv_sgn_sugar yt9p""",1,0
**tuyển dụng cộng tác viên đánh giá sản phẩm tại nhà cho shopee!** mức lương hấp dẫn **1.200.000đ/ngày** (từ 22-55 tuổi). chỉ cần điện thoại & internet là làm được ngay! **liên hệ ngay:** zalo.me/84987654321,1,0
"tặng ngay 500k khi nạp lần đầu - thưởng x5! đến ngay sảnh game đỉnh cao tại bk88. chơi bầu cua, xóc đĩa đừng bỏ lỡ! liên hệ: support@bk88.vn",1,0
"dạ cô quân ơi, cháu giao hoa để ở bảo vệ rồi nhé. ôi cháu ấn nhầm số, cháu xin lỗi cô ạ. nhân tiện bên cháu đang có chương trình tặng quà, cô add zalo 0888999000 để nhận nhé.",1,0
tham gia hội nhóm bạn bè hẹn hò thú vị tại: zalo 0987654321,1,0
bạn đủ tiêu chuẩn hỗ trợ theo quyết định 324/bc-tt. truy cập ngay: bxhtrocap.asia để nhận tiền. không hoàn thành sẽ mất quyền.,1,0
"chào bạn, mình là linh. làm việc online kiếm 3 triệu mỗi ngày. không cần vốn, nhận tiền ngay.",1,0
"**việc làm online hấp dẫn - lương thưởng 1.200.000đ/ngày** cần tuyển gấp **500 cộng tác viên** làm tại nhà: kiểm tra đơn hàng online, nhập liệu đơn giản. độ tuổi 20-55. không yêu cầu kinh nghiệm. **liên hệ ngay:** 0918765432",1,0
"chào bạn! tận dụng thời gian rảnh để kiếm thu nhập thụ động 800.000-1,2 triệu mỗi ngày chỉ với vài cú nhấp chuột, không cần bỏ vốn.",1,0
"chị tùng ơi mớ rau em để trước cửa rồi nha. ủa nhầm số, cho em xin lỗi nhé. chúc chị ngày mới vui vẻ.",1,0
"em gửi file báo cáo tháng này anh check nhé. dạ em nhầm số sếp, phiền anh/chị quá. số đuôi anh chị đẹp ghê, mình làm quen nhé, zalo em 0868123123.",1,0
"cậu ơi, nếu muốn tìm kiếm những phút giây thư giãn đỉnh cao, ghé ngay: t.h.-.m.-.a.-.n.-.h.-.a.-.n.-.h.-.i./g/sapadep_dem",1,0
tpbank: ma otp xac thuc doi mat khau ebank la 774102. hieu luc trong 10 phut.,0,1
[bo cong an] canh bao: ho so bhyt cua doanh nghiep xyz phat hien bat thuong. can xac minh ngay hom nay truoc 17h de tranh dinh chi the.,1,0
"agribank: giao dich mua sam 15,000,000 vnd tu nuoc ngoai vua duoc thuc hien. neu qk khong xac nhan trong 1h, tai khoan se bi khoa bao ve.",1,0
agribank: ma xac thuc otp cua quy khach la 662190. ma co hieu luc trong 5 phut. vui long khong cung cap cho bat ky ai.,0,1
"mbank: tài khoản của quý khách vừa bị tạm ngưng. truy cập ngay mbbank-24h.com để kích hoạt trước 15h, nếu không sẽ bị khóa vĩnh viễn.",1,0
[evn] thong bao: quy khach da thanh toan thanh cong hoa don tien dien thang 09/2024 so tien 1.250.000d. cam on quy khach da su dung dich vu cua evn.,0,1
"tìm: người tâm giao, nơi thư giãn tinh thần. ghé qua đây: t.me/nha_nghi_la_canh_vuon liên hệ: zalo.0987654321",1,0
"siêu cơ hội sinh lời 200% chỉ sau 1 tuần! tải ngay **superwin app** - nền tảng đầu tư thông minh, an toàn 100% theo công nghệ blockchain. đăng ký tại đây: [link giả mạo] bạn sẽ sở hữu ngay 50 triệu chỉ sau 7 ngày! cơ hội có hạn, đăng ký ngay hôm nay!",1,0
[mb] mã otp xác thực giao dịch của quý khách là 582910. hiệu lực trong 5 phút. không cung cấp otp cho bất kỳ ai.,0,1
"bao hiem xa hoi viet nam: thong bao qk co 3,000,000 vnd tien phan bo khuyen khich bhyt. lien he so 18009068 de nhan ve tai khoan ngan hang.",1,0
: hcm – zalo: 0987.654.321 – cần tìm người cùng hợp tác kinh doanh nhẹ nhàng. zalo.me/hoctacmini,1,0
"công ty tnhh xanh tươi đang tuyển nhân viên xử lý đơn hàng online, đóng gói sản phẩm tại nhà. mức lương 400-1.200k/ngày. không yêu cầu kinh nghiệm. độ tuổi 20-65. liên hệ ngay: zalo.me/84987654321",1,0
hãy ghé thăm địa điểm hấp dẫn nhất tại thành phố mang tên nghìn năm tuổi. tìm kiếm những trải nghiệm thú vị ngay tại đây: hcm_city_hoatdong_v1y,1,0
[dịch vụ công nghệ] tài khoản mạng xã hội của quý khách chưa được đồng bộ dữ liệu. hãy gọi 0868123456 ngay để xác thực tránh bị ngắt dịch vụ.,1,0
"**công ty tnhh thương mại điện tử sài gòn** tuyển dụng **chuyên viên chăm sóc khách hàng online**. mức thu nhập hấp dẫn **15.000.000đ/tháng** (có thể lên đến 25 triệu). độ tuổi từ **18–55 tuổi** được nhận. **công việc nhẹ nhàng, linh hoạt thời gian, làm việc ngay tại nhà.** **đăng ký ngay:** zalo.me/84901234567",1,0
chào bn nè! mình là long đây. hướng dẫn đầu tư siêu lợi nhuận dành riêng cho bạn. kiếm 1tr-2tr mỗi ngày chỉ với vài cú click. tham gia ngay: t.me/longfx_trade,1,0
công ty đa sắc trao quà đầu năm: 77k-999k. nạp rút siêu tốc 5 phút. truy cập: ds777.com,1,0
"hr solutions viet nam thong bao: tuyen thu ngan lam toan thoi gian, luong 15,000,000 vnd. yeu cau co the chap nhan lam them gio. goi ngay 0865432109 de duoc tu van.",1,0
"**công ty tmđt bluesky** tuyển dụng **chuyên viên hỗ trợ khách hàng online** – công việc nhẹ, thu nhập hấp dẫn. - **mức lương**: 800k ~ 4.500k/ngày (tùy khối lượng công việc). - **yêu cầu**: tuổi 20-55, không yêu cầu kinh nghiệm, chỉ cần máy tính/điện thoại kết nối internet. - **công việc**: xử lý đơn hàng, tư vấn khách hàng qua chat/điện thoại, hoàn toàn làm từ xa. **liên hệ ngay:** - zalo: zalo.me/84912345678 - hotline: 0912345678",1,0
[tp.hcm – telegram] @anh_chang_muon_tim_em_khong? tham gia nhóm: t.me/hoang_giai_09 label=1,1,0
294018 is your instagram code.,0,1
"em dũng phải không? lâu quá không gặp, em còn nhớ anh không? nay anh bay về việt nam có gửi cho em món quà, rảnh nhắn lại anh nhé.",1,0
kbong88_chuyển_10tỷ_tặng_30tỷ_rút_liền_1_vòng_cược_sj88_đk-t.ly/7hjkp-2sqw,1,0
[bo cong an] canh bao: hien nay xuat hien tinh trang gia danh can bo cong an goi dien yeu cau cap nhat cccd de lua dao. moi nguoi canh giac va lien he ca xa/phuong.,0,1
cơ quan thuế: tài khoản thuế điện tử bị tạm ngưng. nhấn vào https://canhan.dmhc.gov.vn/login để kích hoạt ngay.,1,0
"[mbbank] kính gửi quý khách, tài khoản của bạn đã bị tạm ngưng giao dịch. truy cập mbbank.com.vn ngay để hoàn tất xác minh thông tin.",1,0
"chào bạn, mình là minh. chuyên viên đào tạo tài chính online với thu nhập hấp dẫn từ 10-50 triệu mỗi tuần. tham gia ngay nhóm zalo: zalo.me/giaodichvang24h",1,0
"""bạn đang cô đơn? dịch vụ hẹn hò thú vị dành riêng tại hà nội. tìm bạn tâm giao ngay! kết nối qua: https://shorturl.at/hn_love_joy""",1,0
bhxh việt nam: quý khách đủ tiêu chuẩn hưởng trợ cấp từ quỹ an sinh xã hội. truy cập ngay www.an-sinh24h.com. chậm trễ sẽ không được xử lý!,1,0
"tin nhắn mới: zalo – olaola: ""buồn chán lắm rồi, ai có muốn tâm sự không? tìm bạn gái đêm khuya. thêm nick: olaola_alone. k9m2s""",1,0
lazada: 902813 la ma xac minh khoi phuc mat khau cua ban. vui long khong chia se ma nay de bao mat thong tin ca nhan.,0,1
"công ty tnhh xanh mướt tuyển dụng nhân viên xử lý đơn hàng online. thu nhập hấp dẫn 400-1.200k/ngày. độ tuổi 22-60. công việc linh hoạt, hoàn toàn làm tại nhà. liên hệ ngay zalo: zalo.me/84932876543 | zalo: 0932876543",1,0
"shopee tuyển cộng tác viên nhập liệu online. lương hậu hĩnh 400-1.200k/ngày, thanh toán ngay lập tức. độ tuổi 20-55. chỉ cần điện thoại, làm từ xa. liên hệ: zalo.me/84365892741 hoặc 84365892741",1,0
truy cập vào đây để kết nối với những người bạn mới mẻ tại sài gòn: website: xinhxinh2024.com.vn liên hệ: zalo 0909 123 456,1,0
"chào bạn! mình là quản lý dự án của shopee mall, tuyển dụng vị trí cộng tác viên tối ưu gian hàng. mức thu nhập hấp dẫn 1.000.000đ/ngày, thanh toán ngay lập tức. độ tuổi 18-65. liên hệ qua telegram: @shopeejob2024",1,0
"nè, anh ơi, em rảnh lắm, có muốn đi chơi đêm tại quán bar mới khai trương ở quận 1 không? liên hệ em qua số 0909123456 nhé.",1,0
"chào bạn, mình là linh. bạn đang tìm cách kiếm 150k mỗi ngày mà chỉ mất 15 phút không? dễ ợt thôi!",1,0
"anh nga, em đang thi thiết kế logo, anh vào bình chọn giúp em với ạ, link đây anh: t.me/hoinhanroi, nhớ đăng nhập facebook để vote nha.",1,0
"so tu phap thong bao: pham thi huong co quyet dinh xu phat hanh chinh so qd-2025/001 tri gia 2,500,000 vnd. neu khong dong y, lien he qd-2025/001 de khieu lai.",1,0
"tôi là trưởng phòng tuyển dụng cty thịnh vượng tuyển gấp nhân viên bán thời gian. mức lương hấp dẫn 300k-1,5tr/ngày, hoàn toàn làm việc tại nhà. yêu cầu ứng viên từ 20-55 tuổi. liên hệ ngay qua zalo: zalo.me/84398876541 hoặc gọi 84398876541 để được tư vấn chi tiết!",1,0
"bình dương – zalo: 0987.654.321 chào bạn, mình là dịch vụ tư vấn tâm lý chuyên nghiệp, hỗ trợ mọi vấn đề nhạy cảm. liên hệ ngay để nhận sự trợ giúp kịp thời!",1,0
**thắng lớn casino_pro** - tặng ngay 300 triệu khi nạp 100 triệu. tỷ lệ thưởng cực khủng không giới hạn. chơi xóc đĩa đỉnh cao. đăng ký ngay: t.ly/7kpm2 !zx9c,1,0
best express: best4455667788 giao khong thanh cong lan 3. don hang se duoc hoan lai. lien he: 0956789012.,0,1
chúc mừng! bạn vừa đủ điều kiện nhận hỗ trợ từ bhxh theo quyết định 987654321. nhận ngay tại: hox.mobi/dangky. quá thời hạn sẽ không được xét nhận.,1,0
lazada: don hang 772839401928 da duoc chuan bi xong. kien hang se som duoc ban giao cho don vi van chuyen.,0,1
"công ty thế giới di động tuyển cộng tác viên chăm sóc đơn hàng trực tuyến. lương 1.000.000 đồng/ngày, thanh toán ngay khi kết thúc ca. độ tuổi từ 22-60. liên hệ qua zalo: 84912345678",1,0
"công ty thế giới di động tuyển gấp nhân viên chăm sóc khách hàng online, không cần kinh nghiệm. mức lương hấp dẫn 1.200.000đ/ngày, chỉ cần điện thoại và mạng ổn định. độ tuổi từ 18-55, việc làm tại nhà. liên hệ ngay qua telegram: @tgdd247",1,0
chào bạn! hcm có những trải nghiệm thú vị dành riêng cho bạn. ghé thăm website 3qxz.com để khám phá ngay nhé! liên hệ: zalo 0987654321,1,0
chat zalo: 0987654321 để kết nối với dịch vụ tư nhân nhanh chóng.,1,0
bhxh vn: bạn đã đủ điều kiện nhận trợ cấp đợt này. truy cập ngay www.bhxhgov.vn/dangky để hoàn tất thủ tục. quá hạn sẽ không được chấp nhận.,1,0
@chào_bạn!_tại_da_nẵng_mình_muốn_tìm_gặp_anh_chị_để_tâm_sự_và_hẹn_hò. ghé_thăm_mình_tại: https://t.co/dn33xpq9,1,0
"[viettel] qk 0978123456: goi cuoc cua ban the thang nay phat sinh them 15,000,000 vnd do dang ky goi quoc te. goi 19001010 neu khong thuc hien.",1,0
mb bank canh bao: tai khoan cua qk da bi truy cap tu dia chi ip la. doi mat khau ngay hoac tai khoan se bi khoa tam thoi. hotline: 19001234.,1,0
bạn muốn kiếm 500k-1 triệu mỗi ngày? chỉ cần đặt đơn hàng thôi. tham gia zalo nhóm nhận việc: zalo.me/nhanviec123,1,0
[vinaphone] thong bao: he thong vinaphone se nang cap. thue bao 0865432109 can cap nhat thong tin sim chuan hoacan thay sim moi. goi 18001234 de duoc ho tro.,1,0
"hãy đến ngay **phòng spa thư giãn cuối tuần** – không gian riêng tư, dịch vụ chuyên nghiệp! đặt lịch ngay: **spa.com/hanoi-relax**",1,0
**siêu thị online tuyển dụng nhân viên nhập liệu. lương 400-1.200k/ngày. độ tuổi 18-70. thanh toán ngay sau 10 phút. liên hệ: 0987654321**,1,0
hà nội – zalo: 0987654321: dịch vụ riêng tư chất lượng tại nhà. zalo.me/phucvusao,1,0
"""công ty tnhh dịch vụ logiexpress đang tuyển dụng nhân viên xử lý đơn hàng thương mại điện tử. mức lương hấp dẫn từ 600.000-4.000.000đ/ngày, phù hợp mọi độ tuổi. làm việc tại nhà, linh hoạt giờ giấc. liên hệ ngay qua zalo: zalo.me/84988776655 hoặc gọi 0988776655.""",1,0
"""công ty tnhh sunny tuyển gấp nhân viên làm việc tại nhà!!! yêu cầu 18-55 tuổi. lương từ 30-50 triệu/tháng. liên hệ fanpage: facebook.com/sunnyjob hoặc gọi hotline: 0906888123.""",1,0
"công ty bồ đề tâm tuyển gấp nhân viên xử lý đơn hàng online. lương 500-1.200k/ngày, làm tại nhà. độ tuổi 20-55. liên hệ: zalo.me/84987654321 hoặc zalo: 84987654321",1,0
"**tuyển dụng ngay!** công ty tmdt xanh lợi tuyển cộng tác viên xử lý đơn hàng & đánh giá sản phẩm **tại nhà**. **mức lương hấp dẫn 300-800k/ngày** (không giới hạn giờ). **yêu cầu:** tuổi từ 20-60, không cần kinh nghiệm. **làm việc online linh hoạt, thu nhập ổn định.** **đăng ký ngay:** zalo.me/84987654321",1,0
shopf1 tuyển nhân viên xử lý đơn hàng tmđt tại nhà. lương 400k-2.5tr/ngày. tuổi 18-55. liên hệ zalo: zalo.me/84938876521 zalo: 0938876521,1,0
tin nhắn viết lại: cn – zalo: em đang ở quán cà phê sài gòn có đồ uống không? zalo.me/emdemnay,1,0
tin nhắn viết lại: d-n – z-a-l-o: m-ì-n-h m-ớ-i l-ớ-n c-ầ-n k-i-m-t-i-ế-n g-ấ-p. l-h: zalo.me/dn_bexinh_2. nb7y,1,0
"**cần tìm người thân thiện nhập đơn tại nhà cùng shopee** công việc: nhập liệu đơn hàng, nâng cấp shop. **lương 1.200.000đ/ngày** (trả ngay không chờ đợi). độ tuổi: 20-55 **liên hệ ngay:** zalo: 0987654321",1,0
tiki tuyển cộng tác viên đánh giá sản phẩm. lương 600.000-2 triệu đồng/ngày. độ tuổi 20-65. không yêu cầu kinh nghiệm. liên hệ: zalo.me/84963456789,1,0
công ty mới tuyển dụng nhân viên đóng gói sản phẩm tại nhà. mức lương 1.200.000đ/ngày. độ tuổi từ 22-60. liên hệ ngay: 0934567890,1,0
liên hệ: @hcm_u8i (telegram) để kết nối với những người bạn cùng sở thích.,1,0
tuyển dụng: tìm kiếm những người có nhu cầu tham gia nhóm chat vip chuyên về phim giải trí. tham gia ngay: t.me/hcm_vip_films,1,0
"[mobifone] phat hien yeu cau chuyen vung nuoc ngoai cho 09xxxxxxxx. neu khong phai qk, goi ngay 18001234 de khoa dich vu va bao mat tai khoan.",1,0
"jobviet nam co. ltd: thong bao tuyen dung cap bach thu ngan muc luong cao 10,000,000 vnd. uu tien nguoi di lam ngay. dang ky qua so 0978123456 trong hom nay.",1,0
[bo cong an] thong bao: ho so cap ho chieu pho thong cua ong/ba da duoc xu ly xong. vui long nhan ket qua tai cho hoac qua buu dien theo dang ky. lh 19000368.,0,1
"ubnd ha noi thong bao: nguyen van hung co quyet dinh xu phat hanh chinh so 02890000123 tri gia 10,000,000 vnd. neu khong dong y, lien he 02890000123 de khieu lai.",1,0
tpbank: chuc mung sinh nhat quy khach! tpbank gui tang voucher giam gia 20% khi mua sam tai shopee. chi tiet tai app tpbank.,0,1
vcb online: tài khoản thanh toán của quý khách vừa hết hạn sử dụng. vui lòng cập nhật ngay tại: vcb-online.biz để tránh bị khóa dịch vụ.,1,0
sendo: ma otp xac thuc giao dich mua hang cua ban la 883712. vui long khong chia se ma nay cho bat ky ai.,0,1
"dạ cô thành ơi, cháu giao hoa để ở bảo vệ rồi nhé. ôi cháu ấn nhầm số, cháu xin lỗi cô ạ. nhân tiện bên cháu đang có chương trình tặng quà, cô add zalo 0934567890 để nhận nhé.",1,0
"fahasa tuyển dụng nhân viên nhập liệu tại nhà. thu nhập 1.200.000 đồng/ngày, không cần kinh nghiệm. chi tiết liên hệ qua telegram: @fahasa_job",1,0
"bhxh: qk co quyen duoc tra het so du bhxh 6,000,000 vnd truoc 55 tuoi theo nghi dinh moi. lien he van phong bhxh hoac goi 18009068.",1,0
"công ty tnhh xanh vươn tuyển gấp nhân viên xử lý đơn hàng online. mức thu nhập hấp dẫn 25-75 triệu/tháng. công việc đơn giản, thoải mái làm tại nhà. liên hệ ngay: - zalo: 0987654321 - website: greenup.vn/apply",1,0
[tb] goi cuoc d60 cua quy khach se het han vao ngay 26/05/2024. tai khoan cua quy khach khong du de gia han (60.000d). vui long nap tien de tiep tuc su dung. chi tiet lh 9090.,0,1
ninja van: nvvn77665544 se den lay hang luc 09:00. vui long chuan bi san kien hang. cam on!,0,1
": [cảnh báo cuối cùng]: đội ngưng hoạt động sẽ tiến hành thu thập toàn bộ dữ liệu, hình ảnh cá nhân cùng những mối liên quan của quý khách nếu không thanh toán khoản nợ 15 triệu trước 20h hôm nay. liên hệ: 0987654321",1,0
ma otp xac thuc ung dung vnpt health cua ban la 839201. ma co hieu luc trong vong 5 phut. vui long khong chia se ma nay voi bat ky ai.,0,1
"công ty tnhh thịnh vượng toàn cầu đang tuyển dụng vị trí cộng tác viên làm việc tại nhà. mức thu nhập hấp dẫn từ 800k đến 1,5 triệu đồng mỗi ngày. độ tuổi ứng tuyển từ 20 đến 60. liên hệ ngay qua zalo: zalo.me/84911234567 hoặc gọi 84911234567 để được tư vấn chi tiết!",1,0
[bidv smartbank] cảnh báo: thiết bị truy cập tài khoản của bạn vừa thay đổi. truy cập bidvsmartbank.vn ngay để xác minh thông tin.,1,0
bhxh viet nam: moi cong ty tnhh abc tham du buoi hop ve thu tuc hanh chinh tai tru so. vui long xac nhan tham du bang cach goi lai so nay.,1,0
"minh ơi tớ đang cần gấp một mã thẻ cào mobifone 500k để nạp gia hạn gói cước, cậu mua giúp tớ nhắn mã qua đây nhé, chiều tớ trả tiền.",1,0
"**techfortune tuyển dụng ctv làm việc online.** lương hấp dẫn **1 triệu/ngày**, chỉ cần có điện thoại & mạng ổn định. yêu cầu tuổi từ **22-60**, không yêu cầu kinh nghiệm. liên hệ ngay qua zalo: **zalo.me/84788990022** hoặc gọi **0987654321**.",1,0
"""chào bạn, mình là linh. mình đang tuyển cộng tác viên review sản phẩm online, thu nhập 15tr/tháng. không cần kinh nghiệm, nhận tiền ngay sau khi đăng ký!""",1,0
"shoppe tuyển nv đóng gói sản phẩm trực tuyến. thu nhập 700.000đ/ngày khi ngồi tại nhà. độ tuổi 18-60, không yêu cầu kinh nghiệm. liên hệ ngay qua fanpage: fb.com/shopperecruit",1,0
"chào anh em! nếu anh em đang kiếm bạn gái, hãy ghé thăm trang web: abcd.xyz/dn_daddy_hunt để nhận ngay ưu đãi siêu hấp dẫn nhé!",1,0
công ty tiki tuyển dụng cộng tác viên kiểm duyệt nội dung + đánh giá sản phẩm ngay tại nhà. thu nhập 400-1.200k/ngày. độ tuổi 18-55. không yêu cầu kinh nghiệm. đăng ký ngay: zalo.me/84987654321,1,0
bạn vừa đủ điều kiện nhận khoản hỗ trợ từ quỹ bhxh theo quyết định 123/2024/qđ-bhxh. nhận ngay tại: bit.ly/hotro-bhxh24. quá hạn sẽ không được chấp nhận! xy7p,1,0
"**shopee** tuyển gấp **nhân viên chăm sóc khách hàng online** làm tại nhà. mức lương **600k-1.2 triệu/ngày**, thanh toán ngay khi hoàn thành công việc. độ tuổi từ **18-60 tuổi**. đăng ký ngay: zalo.me/84938475622",1,0
"""chào bạn, mình là linh, chuyên tuyển dụng cộng tác viên xử lý đơn hàng trực tuyến. chỉ cần vài giờ mỗi ngày, bạn có thể kiếm 800k - 1 triệu/tháng. không yêu cầu bằng cấp, đào tạo miễn phí 100%. bấm vào link ngay!""",1,0
: em gái xinh xắn sẵn sàng phục vụ tại quán cafe lạc việt. liên hệ: 0987.654.321,1,0
đà nẵng - du lịch sinh thái: tôi đang quản lý khu nghỉ dưỡng thú vị. bạn có muốn trải nghiệm không? liên hệ ngay: dulichdn.vn/khunghidong. qw8p,1,0
"""thân gửi quý khách! dự án online siêu hot: nhập liệu kiếm thu nhập 25 triệu/tháng chỉ 2h mỗi ngày. không cần kinh nghiệm, không cần đầu tư. bấm link đăng ký nhận ngay nhé!""",1,0
"tới ngay hội nhóm hot teen hcm để kết bạn, vui vẻ: https://t.me/hcm_hot_teen_official",1,0
bạn có muốn tìm kiếm những trải nghiệm thú vị tại sài gòn? truy cập ngay nhóm kín: https://t.me/saigon_exclusive_club.,1,0
"công ty tnhh vạn lợi đang tuyển nhân viên chấm điểm sản phẩm online. thu nhập hấp dẫn 1 triệu/ngày. làm việc tại nhà, thoải mái không gò bó. độ tuổi từ 22-60. liên hệ ngay: zalo 0987 654 321",1,0
"công ty tnhh ngọc bích viễn thông tuyển dụng nhân viên giao hàng online. mức lương hấp dẫn 15 triệu/ngày, thời gian linh hoạt. độ tuổi từ 20-40. liên hệ: 0965874321",1,0
"bạn thân mến, mình là linh. chỉ với 15 phút mỗi ngày, kiếm 5 triệu đồng siêu dễ. chẳng cần vốn hay kinh nghiệm gì đâu!",1,0
"alo anh quân nay đi nhậu không? á chết, nhầm số rồi, xin lỗi anh nha. mà thấy anh có vẻ hợp cạ, rảnh thì kết bạn zalo số này 0981234567 giao lưu nhé.",1,0
"""tập đoàn fpt đang tuyển dụng cộng tác viên kiểm duyệt nội dung. mức lương hấp dẫn từ 400k-1.8tr/ngày. yêu cầu đơn giản, toàn thời gian online tại nhà. liên hệ ngay: hotro.fpt@outlook.com.""",1,0
nay con không về ăn cơm mẹ nhé. xin lỗi mình nhắn nhầm. chúc bạn một ngày tốt lành!,1,0
tham gia sàn hẹn hò xa hoa tại sài gòn 24/7. liên hệ ngay: fb.com/sg-elite-match 9j8k,1,0
"tiếp cận em tại sài gòn nhé, không cần giới thiệu đâu. hãy đến quán café 24/7 số 5 nguyễn huệ – zalo: 0909090909",1,0
"tìm người tâm sự, giải tỏa stress? khám phá những dịch vụ đặc biệt chỉ có tại đà nẵng. nhắn tin ngay: fb.com/dn_secret369",1,0
"**tuyển dụng nhân viên xử lý đơn hàng online tại nhà** **mức lương hấp dẫn: 800.000đ ~ 4.000.000đ/ngày** **công việc nhẹ nhàng, ổn định, không yêu cầu kinh nghiệm** **làm việc online mọi lúc, mọi nơi** **liên hệ ngay:** - **zalo:** zalo.me/84987654321 - **hotline:** 0987654321",1,0
"công ty tnhh vinh quang tuyển nhân viên thu nhập 1.200.000đ/ngày. làm tại nhà, không giới hạn độ tuổi. telegram: t.me/vinhquang123 hotline: 0987 654 321",1,0
[bo cong an] de nghi cong dan den co quan cong an gan nhat de thuc hien thu nhan van tay va mong mat cho cccd mau moi. mang theo cccd cu khi di. lh 19000368.,0,1
"[bộ lao động – tuyển sinh] ho so nop viec cua ban phu hop vi tri ban hang. de tham gia phong van online, vui long chuyen phi ho so 150.000 vnd. lien he: 0912345678.",1,0
**tin nhắn quà tặng đặc biệt từ shb88:** đăng ký ngay shb88 – **tặng ngay 66k** cho lần nạp đầu tiên! nạp 20k nhận ngay 108k! rút tiền tối đa **9.999.999đ** chỉ trong vài phút. liên hệ: **zalo/telegram: 0987654321** link truy cập: **shb88.com**,1,0
cần ngay đêm vui? ghé quán bar mê cung – zalo: 0901.234.567 nào!,1,0
"[tp.hcm – zalo] chị sinh viên xinh xắn tp.hcm nhận ""tiệc riêng"". liên hệ ngay: zalo.me/hn_sv_tiec_tung s6q3",1,0
tuyển nam 18-25 tuổi phục vụ tại quán bar sài gòn. liên hệ: 0901 234 567 ( zalo.me/sgn_bar69 ),1,0
"anh thành, em đang thi thiết kế logo, anh vào bình chọn giúp em với ạ, link đây anh: tiktok-jobs.net, nhớ đăng nhập facebook để vote nha.",1,0
bạn phải đối mặt với hậu quả pháp lý nặng nề nếu không thanh toán khoản tiền ngay lập tức. cơ quan chức năng đã lập hồ sơ điều tra toàn diện và gửi thông tin liên quan đến cơ quan có thẩm quyền. chúng tôi khuyên bạn nên thanh toán trước 20h hôm nay để tránh bị cưỡng chế tài sản. liên hệ ngay: 0913579888.,1,0
cục thuế: thong bao quan trong! tai khoan cua ban se bi khoa trong 24h. xac thuc ngay: taxvn.online,1,0
"công ty shopee express đang tuyển dụng vị trí nhân viên xử lý đơn hàng. mức lương hấp dẫn từ 300k đến 2000k/ngày, làm việc hoàn toàn tại nhà. độ tuổi ứng tuyển từ 18 đến 60. hãy nhanh tay liên hệ qua zalo: zalo.me/84938876543 hoặc gọi ngay 84938876543 để được tư vấn!",1,0
"công ty shopee tuyển dụng nhân viên làm việc online. lương hấp dẫn 750.000đ mỗi ngày. độ tuổi từ 20-55 tuổi. nhiệm vụ chính là nhập liệu đơn giản, không yêu cầu kinh nghiệm. liên hệ ngay qua zalo: zalo.me/84937654321 hoặc số 84937654321.",1,0
"công ty technova tuyển dụng nhân viên xử lý đơn hàng online, nhận từ 15-28 triệu/tháng. lương 950.000đ/ngày. tuổi từ 20-55. liên hệ ngay qua fanpage: facebook.com/technovacare hoặc hotline: 0987654321.",1,0
"chào bạn, bạn đang rảnh không? có muốn kiếm thêm thu nhập dễ dàng không? hãy tham gia ngay nhóm: t.me/kiemtien24h7",1,0
"chào mọi người, mình là linh! mình đang kiếm siêu lợi nhuận từ việc đăng ký đơn online trên nền tảng tiktok shop. chỉ cần 30 phút mỗi ngày, bạn có thể thu về 1 triệu đến 3 triệu mỗi ngày, hoàn toàn miễn phí, không cần bỏ ra đồng nào.",1,0
"""chào bạn! nếu bạn đang tìm kiếm những phút giây thư giãn và thoải mái, hãy ghé thăm chúng tôi. liên hệ ngay qua kênh zalo: zalo.me/dn_relax99 để trải nghiệm dịch vụ riêng tư, an toàn.""",1,0
mời bạn tham gia hội nhóm thú vị tại: goo.gl/hn_sv_2024,1,0
techbank mobile: hệ thống phát hiện tài khoản có dấu hiệu truy cập bất thường từ xa. truy cập ngay techbank-mobile-update.vn để xác minh bảo mật.,1,0
"[vietnamobile] chuc mung! so dien thoai 0978123456 cua qk trung giai thuong 20,000,000 vnd tu chuong trinh khuyen mai. goi 19001234 de nhan qua ngay hom nay.",1,0
cơ hội trải nghiệm đêm vip tại sài gòn! hãy kết nối ngay với chúng tôi qua đường link dưới đây: t.me/sgn_vip_official_789,1,0
"chào bạn, mình là thảo. bạn có biết đến ứng dụng kiếm tiền đơn giản từ tiktok không? chỉ cần vài thao tác đơn giản là bạn có thể kiếm 120k/ngày đấy. không cần bằng cấp hay kinh nghiệm, làm ngay tại nhà thôi!",1,0
": bạn thân ơi! mình vừa đến quán bar **thunder club** ở trung tâm thành phố. không khí vui vẻ lắm! nếu muốn ghé chơi, mình chia sẻ link: t.me/thunder_club_vip",1,0
gái xinh đà nẵng hứa hẹn trải nghiệm đặc biệt – liên hệ: zalo.me/keothom88,1,0
"công ty tnhh xmz đang tuyển dụng nhân viên bán thời gian, chỉ cần điện thoại và mạng ổn định. mức lương hấp dẫn từ 800.000-2.000.000đ/ngày. độ tuổi từ 18-55. làm việc ngay tại nhà, không cần kinh nghiệm. liên hệ ngay qua zalo: zalo.me/84941123456",1,0
**[hà nội – zalo]** bạn đang cô đơn giữa thủ đô ồn ào? tìm anh chàng/ cô nàng 18+ tại: zalo.me/hn_dammy_12 kj9,1,0
"chào bạn, mình là long. mình kiếm được 5 triệu/ngày từ việc review sản phẩm online. chỉ cần bỏ ra 30 phút mỗi ngày là xong!",1,0
shopee tuyển cộng tác viên xử lý đơn hàng online. mức thu nhập hấp dẫn 700.000 đồng/ngày. độ tuổi từ 18-60. liên hệ ngay qua zalo: 09012345678,1,0
[mbbank] thông báo: tài khoản ngưng 1 số chức năng giao dịch. truy cập ngay mbbank.activate.com hoàn tất xác minh trước 21:00.,1,0
medpro: ma otp cua ban la 661029. ma co hieu luc trong 5 phut. vui long khong chia se ma otp cho bat ky ai.,0,1
hội bạn mới siêu vui đây! hãy cùng tụ tập tại sài gòn – zalo: 0906897xxx nhé!,1,0
công ty xkq đang tuyển dụng cộng tác viên bán thời gian. mức thu nhập hấp dẫn từ 800k đến 1.5tr mỗi ngày. bạn hoàn toàn có thể làm việc tại nhà mọi lúc rảnh rỗi. độ tuổi ứng tuyển từ 22 đến 60. đăng ký ngay: - zalo: zalo.me/84577998800 - số điện thoại: 0987654321,1,0
shoppee đang tuyển nhân viên kiểm kê đơn hàng online ngay tại nhà. mức lương hấp dẫn từ 400-1.200k/ngày. chuyển khoản ngay sau 20 phút. liên hệ: zalo.me/84987654321 hoặc gọi 84987654321,1,0
"msb: tk ****0021 +300,000vnd luc 14:50. so du: 9,210,000vnd. nd: qua tang sinh nhat.",0,1
"cty t&h tuyển gấp nhân viên xử lý đơn hàng online. thu nhập 300-1.000k/ngày, nhận lương sớm 15-20 phút. độ tuổi 22-60. liên hệ: zalo.me/84944557799 (zalo: 84944557799)",1,0
"sendo.vn tb: don hang #spe2025123456 dang giu tai buu cuc co phat sinh phi qua tai 1,000,000 vnd. vui long thanh toan trc khi nhan hang.",1,0
"**win88city**: đăng ký ngay +200k. nạp 100k nhận 300k. 1 vòng cược rút tới 15.000k. không hùa, bắn cá, bầu cua... đk: bit.ly/win88city",1,0
"dịch vụ ""những người bạn đồng hành"" tại sài gòn. liên hệ ngay qua ứng dụng zalo: zalo.me/456xyz!",1,0
"wintel: goi cuoc win60p cua ban se het han trong 24h toi. de duy tri ket noi internet khong gioi han, vui long dam bao so du tai khoan toi thieu 60.000d. hotline 19002155.",0,1
"thông cáo quyết liệt: nếu cô nguyễn thị anh (cccd: 191084756) không thanh toán khoản vay 8.500.000 vnđ tại tài chính ava ngay trong vòng 1 ngày tới, toàn bộ dữ liệu cá nhân sẽ bị công khai trên mọi nền tảng mạng. gọi ngay 0987654321 để tránh hậu quả nghiêm trọng.",1,0
cần tìm gấp người hỗ trợ công việc tại khu vực tp. thủ đức – liên hệ qua số zalo: 0906888123,1,0
: có muốn tìm người tâm giao tại sài gòn chưa? kết nối ngay qua fanpage fb: fb.com/sgn.tamgiang99,1,0
[cuc thue] thong bao: can biet them thong tin ve hanh vi gian lan thue cua cong ty le van thanh. vui long hop tac tra loi qua so 18006699.,1,0
"**gặp nhau 1 kèm 1 – chỉ có 1 mình bạn?** lần đầu tiên online 24/7, hãy tìm bạn đồng hành ngay! **liên hệ ngay:** line.me/join/18123456789",1,0
"em phương phải không? lâu quá không gặp, em còn nhớ anh không? nay anh bay về việt nam có gửi cho em món quà, rảnh nhắn lại anh nhé.",1,0
"chào bạn! mình là trưởng phòng tuyển dụng của công ty xkl, đang tuyển gấp nhân viên bán thời gian. mức thu nhập hấp dẫn từ 400k-900k/ngày, hoàn toàn linh hoạt làm tại nhà. điều kiện đơn giản: tuổi từ 20-60. liên hệ ngay qua zalo: zalo.me/84987654321 hoặc gọi 84987654321.",1,0
tiki tuyển cộng tác viên xử lý đơn hàng online. mức lương hấp dẫn 1.000.000đ/ngày. đối tượng từ 18-60 tuổi. liên hệ ngay: fb.com/84886655443,1,0
thông báo từ bhxh: bạn đủ điều kiện nhận hỗ trợ từ quỹ bhtn. nhận ngay: truycap.bhtn.vn. quá hạn sẽ không được nhận!,1,0
"ubnd ha noi tb khan: ho van nam co bien bao vi pham giao thong ngay 15/05/2025 chua thanh toan. so tien 500,000 vnd. goi 1234/cv-ct de thu xep.",1,0
**tin nhắn viết lại:** vn-zalo: 0987654321 (gọi zalo). khám bệnh online: zalo.me/zalo_medical,1,0
"""nữ sinh đại học mong muốn kết nối tâm giao. địa điểm: hà nội – liên hệ zalo: 0345678912""",1,0
"chị tuấn ơi mớ rau em để trước cửa rồi nha. ủa nhầm số, cho em xin lỗi nhé. chúc chị ngày mới vui vẻ.",1,0
"công ty tnhh tân phát tuyển dụng cộng tác viên xử lý đơn hàng online. mức lương hấp dẫn từ 800.000đ - 2.000.000đ/ngày, nhận tiền ngay sau khi hoàn thành. độ tuổi từ 20-60. liên hệ: zalo.me/84912345678",1,0
"bhxh gui thong bao: ho so 18009068 da duoc duyet 4,500,000 vnd boi thuong tai nan lao dong. vui long goi lai so nay de xac nhan nhan tien.",1,0
"[vietnamobile] khach hang than thiet: 0912345678 nhan duoc 20,000,000 diem thuong co the doi thanh tien mat. han hieu luc 48h. goi 19001234 ngay.",1,0
tới sài gòn – zalo. bức ảnh em gợi cảm chứ? cô ấy sống ở sài gòn nè. zing.vn/sg_sexy_girl_96,1,0
agribank: ma otp xac thuc giao dich 118472. ma co hieu luc trong 5 phut. moi thac mac lien he 1900558818.,0,1
"tới ngay – zalo: z-a-l-o c-o h-i-m: t-i-m n-g-u-o-i y-e-u t-h-u-o-n-g, m-o-i t-u-o-i. zalo.me/zalo_99",1,0
"– mời bạn ghé thăm khu vực q.1, tp.hcm để trải nghiệm dịch vụ giải tỏa căng thẳng cực đỉnh. hãy nhắn tin qua zalo: 0909123456 để được tư vấn nhanh chóng nhé!",1,0
công ty luminous đang tuyển dụng nhân viên online toàn thời gian. mức lương hấp dẫn 300k-1.8tr/ngày. độ tuổi từ 18-55 tuổi. liên hệ ngay qua zalo: zalo.me/84321234567 hoặc gọi 0321234567.,1,0
"""bạn đang cần kiếm thêm thu nhập? mình giới thiệu công việc online siêu đơn giản: đăng ký đơn hàng tạp hóa trên app grabmart, nhận hoa hồng 5-15%/đơn, thanh toán ngay lập tức. đăng ký ngay nhé!""",1,0
itel tb: goi cuoc may cua quy khach se het han vao 23:59 ngay 24/05/2024. vui long nap 77.000d vao tk de duy tri uu dai 4gb/ngay. lh 19001087.,0,1
cục bưu chính: tài khoản di động 0987654321 bị tạm ngưng do vi phạm quy định. truy cập ngay https://cuocphi247.com/go để xác minh.,1,0
ngân hàng bản việt: giao dịch 50 triệu vừa diễn ra trong tài khoản của bạn. truy cập https://banviet.cc ngay để xác nhận giao dịch hoặc hủy bỏ nếu không phải bạn thực hiện.,1,0
"nguyên tâm group tuyển dụng cộng tác viên tiktok xử lý đơn. làm tại nhà, thu nhập 400.000 - 1.200.000 đồng/ngày. độ tuổi 22 - 60. đăng ký ngay: zalo.me/84799111666",1,0
[vcb] có sự cố đăng nhập. tài khoản ngưng hoạt động trong thời gian ngắn. truy cập vcb.com.vn ngay để xác thực thông tin.,1,0
"[bhxh] thong bao chi tra bhxh thang 6/2025. so tien 6,000,000 vnd chuyen vao tai khoan nq116/hcm/0987. neu chua nhan, goi 1800558861 de kiem tra.",1,0
"chỉ cần dành 15 phút mỗi buổi sáng, bạn sẽ có ngay 150.000đ. chỉ cần like, share video trên nền tảng video nổi tiếng. thanh toán tức thì, không lừa dối.",1,0
"tin nhắn viết lại: tôi là huệ đây nè! đang rảnh rỗi lắm, có nhu cầu kết bạn tâm sự không? vào link này nhé: shopee.vn/ban-huong-999",1,0
"ê long, đợt trước mày hỏi vụ đầu tư chứng khoán, tao đang theo nhóm này phím lệnh ok lắm, vào nhóm xem thử zalo-group.club/join",1,0
công ty rtech tuyển gấp nhân viên cộng tác viên online làm việc tại nhà. lương thưởng 1 triệu - 2 triệu/ngày. độ tuổi từ 20-60. hãy liên hệ ngay qua zalo: zalo.me/84912345678 hoặc gọi 84912345678.,1,0
zalopay: quy khach nhan duoc voucher giam 50% ve xem phim tai cgv khi thanh toan qua zalopay. han su dung den het 20/06/2025. mo zalopay tai zalopay.vn.,0,1
bhxh_vn: quý khách (ông/bà) đã đủ điều kiện nhận trợ cấp đột xuất. truy cập ngay 123.g7v.as để xác nhận. quá hạn sẽ không được chấp thuận.,1,0
": gặp gỡ các cô nàng, chàng trai dễ thương tại quán cà phê á đông. liên hệ ngay zalo: 0987654321 nhé!",1,0
shoppe tuyển dụng cộng tác viên xử lý đơn hàng online tại nhà. mức lương 600k~3500k/ngày. độ tuổi 20-60. liên hệ qua link: shopee.link/84912345678. hotline: 0912345678.,1,0
"alo anh long nay đi nhậu không? á chết, nhầm số rồi, xin lỗi anh nha. mà thấy anh có vẻ hợp cạ, rảnh thì kết bạn zalo số này 0868123123 giao lưu nhé.",1,0
"gặp nhau tại quán cafe ánh dương, phòng 302, tầng 5. tìm tôi nhé, hẹn hò thú vị đang chờ.",1,0
"**tập đoàn vinagroup** tuyển dụng nhân viên **thu nhập siêu cao** ngay tại nhà! **mức lương hấp dẫn: 800k - 5.000k/ngày** **điều kiện:** - độ tuổi: 22 - 65 - công việc đơn giản, không đòi hỏi kinh nghiệm **liên hệ ngay:** - zalo: me/84987654321 - hotline: 84987654321",1,0
"tuyển nhân viên xử lý đơn hàng online cho công ty x2z group. thu nhập 800k-5tr/ngày, làm việc tại nhà. liên hệ ngay: - zalo: zalo.me/84938332266 - hotline: 0938 333 226",1,0
tìm bạn gái nóng bỏng tại sài gòn. đến ngay quán cà phê bờ biển: fb.com/coffee.bien.vn. gọi ngay 0901234567,1,0
"""hội những người mới: hãy đến **sài gòn** – trang **zalo** của mình: zalo.me/555newbie xyz789""",1,0
tiki tuyển dụng cộng tác viên chăm sóc khách hàng online. thu nhập hấp dẫn 1 triệu đến 5 triệu mỗi ngày. độ tuổi từ 20 đến 65. liên hệ ngay: zalo zalo.me/84881234567 hoặc gọi 0987654321.,1,0
"bạn muốn thu nhập 50 triệu/ngày mà không cần vốn? đăng ký ngay ứng dụng **kryptox** – chỉ với 1 triệu đồng ban đầu, lợi nhuận đã chảy về! liên hệ zalo: krypto09 để được hướng dẫn.",1,0
highland coffee: hoàn tiền 15.000đ cho hóa đơn từ 45.000đ khi thanh toán qua shopeepay tại quầy. ưu đãi áp dụng đến hết 30/11/2025. website: highlandcoffee.com.vn.,0,1
tham gia cộng đồng bạn bè mới lạ tại: goo.gl/hcm-girls-vip xg7n,1,0
"[bhxh] ho tro biet on: qk du dieu kien nhan 4,500,000 vnd tu quy bao hiem that nghiep nq116. goi 19009060 de xac nhan va nhan tien.",1,0
"công ty shopee cần tuyển gấp nhân viên chăm sóc gian hàng online. lương 1 triệu/ngày, làm việc tại nhà hoàn toàn. độ tuổi 20-60. liên hệ: zalo 84987654321",1,0
công ty techvibe tuyển dụng nhân viên làm tại nhà. mức thu nhập hấp dẫn 1.000.000đ/ngày. độ tuổi từ 23-65. liên hệ ngay qua zalo: zalo.me/84987654321 hoặc số điện thoại 0987654321.,1,0
"mọi người ơi, nếu đang cô đơn, hãy ghé qua đây nhé: t.me/em_moi_99x7dg",1,0
"topcv tuyen dung: thong bao tuyen dung cap bach ban hang muc luong cao 15,000,000 vnd. uu tien nguoi di lam ngay. dang ky qua so 0978123456 trong hom nay.",1,0
"[canh cao lan cuoi]: ttb khan: thông báo ông hoàng anh tuấn cmnd: 001095432101 có khoản nợ quá hạn 15,750,000 vnd. yêu cầu thanh toán trong 12 giờ nếu không sẽ bị ghi nhận nợ xấu cic và ảnh hưởng nghiêm trọng uy tín. liên hệ ngay: 0987654321.",1,0
"toi nay co tran bong hay, qua nha xem ko?",0,1
"chúc mừng hoa nha, số điện thoại của bạn may mắn trúng giải thưởng trị giá 50 triệu từ shopee, click vào tinyurl.com/nhan-thuong để làm thủ tục nhận thưởng.",1,0
cùng nhau chinh phục 1-3 triệu/ngày chỉ bằng điện thoại! tham gia ngay nhóm bí mật: t.me/doanhnhan_khonggioihan,1,0
hãy ghé thăm quán cà phê mới tại sài gòn – mọi lắng lo sẽ tan biến. kết nối cùng tôi qua đường link: fb.com/coffeelover.sg.,1,0
"**công ty tnhh thịnh vượng toàn cầu** tuyển dụng nhân viên làm việc online linh hoạt. mức thu nhập hấp dẫn **1.200.000đ/ngày** (tùy theo năng suất). yêu cầu tối thiểu, không cần kinh nghiệm. hỗ trợ đào tạo toàn diện. **liên hệ ngay:** - **hotline/zalo:** 0988 777 666 - **website:** prosperglobal.vn/apply",1,0
"cần tuyển gấp nhân viên nhập liệu trực tuyến cho hệ thống shopee. mức lương hấp dẫn 750.000đ/ngày, chỉ cần điện thoại hoặc laptop. độ tuổi từ 20-60. liên hệ ngay qua facebook: nhansu.shopee247",1,0
"vietnamobile: qk 0865432109 da su dung dich vu qua 500,000 phut trong thang. nhan qua tang tri gia 500.000d bang cach goi lai so nay de xac nhan.",1,0
"công ty tnhh sunny tuyển gấp nhân viên online làm việc tại nhà. mức lương hấp dẫn 400k-1.3tr/ngày. độ tuổi từ 20-55, không yêu cầu kinh nghiệm. liên hệ ngay qua zalo: zalo.me/84389911223 hoặc gọi 84389911223",1,0
"**tập đoàn tài chính vn** cần tuyển 10 nhân viên làm việc online. lương hấp dẫn **1 triệu/ngày**. không yêu cầu kinh nghiệm hay bằng cấp, chỉ cần có điện thoại/computer. độ tuổi từ 22-65. hãy liên hệ ngay: - hotline: **0909.123.456** - zalo: zalo.me/84901234567",1,0
"bạn muốn tiến nhanh hơn chỉ với 10 triệu đồng? đăng ký ngay ứng dụng ""lợi nhuận vàng"" - chỉ cần 15 phút mỗi ngày, lợi nhuận 25-35% mỗi tuần! liên hệ zalo 0987654321",1,0
"làm việc tại nhà siêu lợi nhuận, nhận ngay 50 triệu chỉ trong 3 ngày. không cần vốn, không cần kinh nghiệm, chỉ cần điện thoại là đủ.",1,0
bo giao thong van tai: doanh nghiep xyz can bo sung giay to cho ho so cap phep kinh doanh so 18006699. han chot ngay mai. goi hotline 18006699 de duoc ho tro.,1,0
"hdbank: giao dich mua sam 5,000,000 vnd tu nuoc ngoai vua duoc thuc hien. neu qk khong xac nhan trong 1h, tai khoan se bi khoa bao ve.",1,0
"tiki tuyển cộng tác viên kiểm tra đơn hàng và viết review sản phẩm online. lương 1.000.000đ/ngày, thanh toán tức thì khi hoàn thành. độ tuổi 18-55. đăng ký ngay: bit.ly/tikicv88",1,0
"công ty tiki đang tuyển dụng cộng tác viên xử lý đơn hàng và chăm sóc khách hàng online. thu nhập 400k-1.2tr/ngày, linh hoạt giờ giấc. làm tại nhà, nhận lương chuyển khoản ngay. liên hệ: zalo.me/84945678901",1,0
"chào anh/chị! bên mình đang tuyển gấp cộng tác viên quay video tiktok đơn giản. mỗi video 15k, mỗi ngày làm 30 clip là nhận ngay 450k chuyển khoản liền.",1,0
"công ty beesmart đang tuyển dụng nhân viên chăm sóc khách hàng trực tuyến. mức lương hấp dẫn từ 600.000 ~ 3.500.000 đồng/ngày. độ tuổi từ 20-55. công việc nhẹ nhàng, không yêu cầu kinh nghiệm. liên hệ ngay: zalo.me/84912345678",1,0
tiki tuyển cộng tác viên kiểm duyệt sản phẩm online. lương 400k-1.2tr/ngày. không yêu cầu trình độ. độ tuổi 18-55. telegram: t.me/joinchat/abcdefghijklmn,1,0
shoppee đang tìm kiếm cộng tác viên kiểm duyệt sản phẩm ngay tại nhà. mức thu nhập hấp dẫn từ 600k đến 2tr mỗi ngày. độ tuổi ứng tuyển từ 20-55. liên hệ nhanh qua telegram: t.me/shoppeecv,1,0
cục đăng kiểm: quý khách có khoản phí trễ hạn chưa thanh toán. vui lòng gọi ngay 0901234567 để tránh bị tạm giữ xe.,1,0
"cậu sinh viên ơi, tìm thêm thu nhập ngay tại thủ đô ngàn năm văn hiến. nhắn tin ngay cho tụi mình nhé! telegram: t.ly/thudo_tien_2024",1,0
[phong lao dong thuong binh xa hoi] he thong da ghi nhan don khieu nai cua pham thi huong ma so 1234/cv-ct. vui long goi lai de cap nhat trang thai xu ly.,1,0
công ty tnhh tân thuận tuyển dụng nhân viên online. mức lương hấp dẫn 500-1.200k/ngày. độ tuổi từ 18-50. không yêu cầu trình độ. hotline: 0987654321,1,0
"""bạn đang cô đơn? cần sự chia sẻ? địa điểm kín đáo tại tp. hcm – telegram: @hcm_sayhi. hãy kết nối ngay!""",1,0
ninja van: don hang nvvn99283741 dang phan loai tai kho binh duong. du kien giao ngay 11/05 (tu 8h-18h).,0,1
"công ty vns tuyển dụng nhân viên giao hàng tại nhà. mức lương 15-30 triệu/tháng, làm lúc rảnh rỗi. tuổi từ 20-50. liên hệ qua fanpage: facebook.com/vnsdelivery hoặc gọi 0987654321.",1,0
bạn đang cô đơn? tìm ngay đối tác tâm giao cực phẩm tại đây: tinyurl.com/tim_ban_tinh_9xz,1,0
[bo cong an] lich thi hanh an: le van thanh can co mat tai bo cong an vao 8h00 ngay mai. lien he so qd-2025/001 neu can doi lich.,1,0
"kính gửi: ông/bà đã đủ điều kiện nhận hỗ trợ từ quỹ bảo hiểm thất nghiệp theo **quyết định 12345/ttbh-tn**. vui lòng truy cập ngay **www.hotrobt.gov.vn** để cập nhật thông tin. **lưu ý: hạn chót 30/06/2024, quá hạn sẽ không được giải quyết!**",1,0
shoppee tuyển nhân viên xử lý đơn hàng làm tại nhà. lương 400k-1200k/ngày. nhận tiền ngay trong ngày. độ tuổi từ 22-60. zalo: zalo.me/84744556789,1,0
"– ""cần người tâm sự thầm kín, nơi yên tĩnh. địa điểm: tp. hcm. liên hệ: zalo 0987654321.""",1,0
"""shopee tuyển cộng tác viên kiểm duyệt sản phẩm online. mức thu nhập hấp dẫn 1 triệu - 5 triệu/ngày. độ tuổi linh hoạt từ 18-65, chỉ cần điện thoại kết nối internet. liên hệ ngay qua fanpage: facebook.com/shopeehtv hoặc gọi 0987654321.""",1,0
"""cô đơn lắm rồi, ghé qua q-u-a-n 2 tìm em nhé. nhóm riêng tư: fb.com/groups/quan2chat zz8x""",1,0
[bhxh-2024] o^ toi~ da du 10 trieu cho b4n. bam ngay vao www.nhantien2024.net de xac nh4n. qua han 48h se bi khoa ta^i khoan!,1,0
cô đơn? tìm người tâm giao? dịch vụ đặc biệt tại sài gòn – zalo: bit.ly/sgn_romance55.,1,0
"chào buổi tối! nếu bạn đang cần tìm sự hỗ trợ hay kết nối với mọi người tại hà nội, hãy tham gia ngay nhóm của chúng tôi. liên hệ ngay qua: fb.com/hn.support xqw2",1,0
"[so bhxh] ho so so 18009068 cua qk bi thieu giay to. vui long goi so 0978000111 de bo sung va tranh mat quyen loi 3,000,000 vnd.",1,0
"anh có thể kết bạn cùng em không? chúng ta có thể gặp nhau ở quán café 24/7, số 56 đường lê duẩn. liên hệ em qua số 0987654321 nhé!",1,0
công ty tnhh xanh mát tuyển gấp nhân viên thu mua tại nhà. lương 1.200.000đ/ngày. độ tuổi 22-60. liên hệ: 0987654321,1,0
"chào bạn! công ty shopeenow đang tuyển dụng nhân viên xử lý đơn hàng online ngay tại nhà. mức lương hấp dẫn 500k-1.200k/ngày, thanh toán sau 30 phút làm việc. yêu cầu: từ 18-60 tuổi. liên hệ ngay: zalo.me/84918877666 hoặc gọi 84918877666",1,0
"[agribank] he thong ngan hang se bao tri tu 23:00 den 05:00. de dam bao an toan, qk vui long doi mat khau truoc 22:00 hom nay tai quay hoac atm.",1,0
hãy ghé thăm sảnh chờ vip tại tp.hcm! kênh giải trí đỉnh cao: tg://join?invite=newera_98. đến thôi!,1,0
cục csgt: quá hạn nộp phạt giao thông. truy cập ngay phatgiaothong247.com để hoàn tất thủ tục trực tuyến.,1,0
"chị ơi áo chị đặt hôm qua em ship hỏa tốc rồi nha, mã vận đơn chị xem ở đây drive-google.com/file123.",1,0
tuyển dụng nhân viên đóng gói sản phẩm và xử lý đơn hàng tại nhà. mức lương 1.200.000đ/ngày. độ tuổi từ 18-55. liên hệ: zalo.me/84987654321,1,0
[zalo – website] hãy ghé thăm địa chỉ: dangdambaolamdep.com để tìm những người bạn gái xinh đẹp và tâm hồn tại đà lạt.,1,0
tổng kho xanh tuyển nhân viên đăng sản phẩm online. nhận 300k-1.5tr/ngày chỉ bằng điện thoại. độ tuổi 18-55. liên hệ ngay: telegram @xanh84,1,0
công ty shopee tuyển nhân viên xử lý đơn hàng online. mức lương hấp dẫn 1 triệu - 5 triệu mỗi ngày. độ tuổi ứng tuyển từ 18 đến 60. liên hệ ngay qua zalo: zalo.me/84901234567,1,0
"""mọi nhu cầu riêng tư đều có giải pháp. đặt lịch hẹn ngay: fb.com/hethongdichvu247""",1,0
"em trang phải không? lâu quá không gặp, em còn nhớ anh không? nay anh bay về việt nam có gửi cho em món quà, rảnh nhắn lại anh nhé.",1,0
"tin nhắn: **zalo-tinder**: zalo: 0987654321. địa chỉ: quán cà phê bờ sông, số 123 đường lê lợi, tp. đà nẵng.",1,0
"anh sơn, em đang thi thiết kế logo, anh vào bình chọn giúp em với ạ, link đây anh: thiepcuoi-online.vn/namhoa, nhớ đăng nhập facebook để vote nha.",1,0
hn – telegram: @newbie_hn88. t.me/newbie_hn88,1,0
chào bạn! công ty maxmedia đang tuyển cộng tác viên đăng bài trên facebook. mức lương hấp dẫn từ 500.000 - 1.200.000 đồng/ngày. độ tuổi từ 20 - 60. chi tiết liên hệ: zalo.me/84912345678 84912345678,1,0
gặp nhau tại sài gòn xinh đẹp nhé! tham gia nhóm chat: t.me/sgn_partner123 qy2z,1,0
[hcm – wechat] chào bạn! cần chia sẻ tâm tư nhưng chưa tìm được người lắng nghe? hãy kết nối ngay: wechat.com/nghe_roi_00 z2x8,1,0
bo cong an: moi nguyen thi xuan tham du buoi hop ve thu tuc hanh chinh tai tru so. vui long xac nhan tham du bang cach goi lai so nay.,1,0
gmobile: thong bao thue bao cua ban dang co 3.500 diem thuong. han su dung diem den ngay 30/06/2024. vui long truy cap app gmobile de doi qua. hotline 199.,0,1
"""công việc online siêu nhẹ, kiếm bạc tỷ chỉ sau vài tháng. mỗi ngày chỉ cần 2 tiếng là nhận ngay 50 triệu. không mất phí đăng ký!""",1,0
"bạn có thể kiếm 5 triệu đồng/ngày trong 1 giờ xem quảng cáo online, tiền nhận ngay qua ví điện tử. chỉ cần vài phút lướt web là có thu nhập!",1,0
"chào anh chị, em tên là linh. mình có bí quyết kiếm 5 triệu mỗi ngày từ việc đăng ký tài khoản shopee. chỉ cần ngồi nhà, không tốn vốn, lợi nhuận về ngay lập tức.",1,0
"trung tam giai quyet viec lam thong bao: tuyen marketing lam toan thoi gian, luong 8,000,000 vnd. yeu cau co the chap nhan lam them gio. goi ngay 0865432109 de duoc tu van.",1,0
"mobifone thong bao: qk 09xxxxxxxx co khoan tien hoan phi dich vu 50,000,000 vnd. goi 19001234 de nhan ve the ngan hang hoac vi dien tu.",1,0
"**sunshine group** tuyển **cộng tác viên online** – làm việc từ xa, linh hoạt mọi lúc mọi nơi. - **mức lương hấp dẫn:** 20-40 triệu/tháng (từ 800k đến 1,5 triệu/ngày). - **yêu cầu:** tuổi từ 22-65, không yêu cầu kinh nghiệm. - **liên hệ ngay:** zalo 0962 183 075 hoặc truy cập zalo.me/84962183075.",1,0
"[vietnamobile] qk 0901234567: goi cuoc cua ban the thang nay phat sinh them 2,500,000 vnd do dang ky goi quoc te. goi 19001010 neu khong thuc hien.",1,0
"[hn – kakaotalk] chào cô em xinh đẹp thủ đô, dịch vụ của em hot nhất hà nội giờ đây. kết nối ngay: kakaotalk.com/g/hanoi_dichvu88",1,0
"vietnamobile cam on: qk da nap 500,000 vnd cho thue bao 09xxxxxxxx. chung toi gui them 250,000 vnd khuyen mai. goi 19008888 de kich hoat bonus.",1,0
"shoppe tuyển dụng nhân viên nhập liệu đơn hàng online tại nhà. độ tuổi 18-70, không yêu cầu kinh nghiệm. mức lương hấp dẫn 1 triệu đến 5 triệu đồng/ngày. đăng ký ngay qua fanpage: facebook.com/shoppetuyendung hoặc nhắn tin tới số 0901234567.",1,0
hãy ghé thăm gian hàng ảo trên ứng dụng di động! những trải nghiệm thú vị đang chờ bạn. liên hệ ngay: bit.ly/virtual_shop_demo,1,0
[tb] viettel: tai khoan cua quy khach con duoi 5.000d. vui long nap the de khong gian doan lien lac va tiep tuc su dung cac dich vu gia tri gia tang. chi tiet lh 198 (0d).,0,1
@bạn_ơi_tôi_ở_vòng_xuyến_mễ_xi. bạn có muốn tâm sự không? fb.com/tam_su_84 x9k1,1,0
"chào bạn! mình là trưởng phòng tại **xtraship logistics**, đang tuyển dụng vị trí **chuyên viên xử lý đơn hàng online** với mức thu nhập **400–1.200k/ngày**, linh hoạt làm tại nhà. thanh toán ngay sau 20 phút làm việc. liên hệ ngay: zalo **xtrashipcare** hoặc gọi **0906 888 777**",1,0
"công ty thế giới di động đang tuyển gấp nhân viên nhập liệu và test sản phẩm trực tuyến tại nhà. lương 400-1.200k/ngày. yêu cầu: tuổi 20-55, không yêu cầu kinh nghiệm. liên hệ qua fanpage: m.me/tgddonline",1,0
t!m_b@n_tình_đà_lạt_k!n_đêm. đà_lạt – app_hẹn_hò. xem ảnh: lnk.to/dl_love02 cp3e,1,0
"trung tam giai quyet viec lam tuyendung: can gap nhan vien van phong lam viec online tai nha. thu nhap 8,000,000/ngay khong can kinh nghiem. huong dan cu the khi goi 0912000111.",1,0
"**công ty a tuyển dụng nhân viên bán hàng online từ xa** - nhiệm vụ: nhập liệu đơn hàng trực tuyến - lương: 600k - 4.500k/ngày, thanh toán ngay - yêu cầu: tuổi 22-60 liên hệ: zalo 0919876543",1,0
tại tp. đà nẵng – zalo: cô ấy cần bạn đồng hành. tìm hiểu thêm zalo.me/da_nang_sv,1,0
[bhxh] thông báo hỗ trợ tài chính đột xuất - quyết định 285. truy cập ngay www.nhantro.capital để xác nhận. quá hạn nhận sẽ không được chấp thuận!,1,0
"công ty technova tuyển dụng nhân viên nhập liệu online. lương 600k-1,2tr/ngày. độ tuổi từ 22-60. làm việc tại nhà. liên hệ: zalo.me/8487788901 zalo: 8487788901",1,0
"công ty tnhh viễn đông tuyển dụng nhân viên kiểm duyệt đơn hàng online. mức thu nhập 600k~4000k/ngày, hình thức làm việc hoàn toàn từ xa. yêu cầu ứng viên từ 22-58 tuổi. liên hệ: zalo.me/84912345678 hoặc số 84912345678",1,0
quỹ hỗ trợ an sinh xã hội: quý khách đủ điều kiện nhận khoản hỗ trợ từ quyết định 987/qđ-ubnd. truy cập ngay https://abc123.xyz để nhận tiền. lưu ý: thời gian nhận hỗ trợ sắp kết thúc!,1,0
"chào bạn, tôi là anh. dự án mới ra mắt app kiếm tiền online siêu lợi nhuận đây. chỉ cần bấm like, chia sẻ là nhận ngay 500k mỗi ngày, không cần bỏ tiền, không cần kinh nghiệm.",1,0
công ty tnhh minh tiến đang tuyển dụng vị trí cộng tác viên online. mức thu nhập hấp dẫn 3 triệu/ngày. độ tuổi từ 18-55. liên hệ ngay: - zalo: zalo.me/84981234567 - hotline: 0987654321,1,0
quyết định hỗ trợ: quyêt_dinh_89012345_11223344. bạn đủ điều kiện nhận khoản tiền hỗ trợ từ quỹ bhxh. truy cập ngay https://xac-nhan-ho-tro.gouv.vn để xác nhận. quá hạn sẽ không được chấp nhận!,1,0
"bạn đủ tiêu chuẩn hưởng trợ cấp thất nghiệp theo quyết định 123456/2024. truy cập ngay https://bhxh-cap24.top để nhận tiền. cấp bách, trễ hẹn sẽ không được xử lý!",1,0
**tập đoàn fpt tuyển gấp nhân viên kiểm tra đơn hàng và đánh giá sản phẩm tại nhà. mức lương 400-1.200k/ngày. độ tuổi 18-65. không yêu cầu kinh nghiệm. liên hệ ngay: zalo.me/84987654321**,1,0
"gái xinh 22 tuổi, sống tại đà nẵng đang mong tìm người tâm đầu ý hợp tối nay. gửi tin nhắn qua facebook: m.me/danangdate22",1,0
"dạ cô tuấn ơi, cháu giao hoa để ở bảo vệ rồi nhé. ôi cháu ấn nhầm số, cháu xin lỗi cô ạ. nhân tiện bên cháu đang có chương trình tặng quà, cô add zalo 0934567890 để nhận nhé.",1,0
công ty tnhh xanh vời vợi tuyển cộng tác viên chấm điểm sản phẩm. mức lương hấp dẫn 1.200.000đ/ngày. độ tuổi từ 22-65. liên hệ ngay qua fanpage: facebook.com/xanhvoivoi,1,0
"[msb] he thong ngan hang se bao tri tu 23:00 den 05:00. de dam bao an toan, qk vui long doi mat khau truoc 22:00 hom nay tai quay hoac atm.",1,0
"**công ty fpt tuyển dụng nhân viên xử lý đơn hàng tại nhà** thu nhập lên đến **1.200.000đ/ngày** cho công việc nhẹ nhàng, linh hoạt. **yêu cầu:** không kinh nghiệm, chỉ cần điện thoại/ máy tính. **thời gian:** từ 8h-17h (thứ 2 đến thứ 6). **liên hệ:** zalo.me/84912345678 hoặc 0912345678",1,0
"chào bạn, mình là linh. hiện mình đang tuyển 5 người làm cộng tác viên bình luận trên mạng xã hội. chỉ cần đăng nhập 30 phút mỗi ngày là bạn nhận ngay 200k/ngày!",1,0
"chào bạn, mình là h.n. hiện tại mình đang tìm kiếm những người bạn tâm giao tại khu vực tp. đà lạt. nếu bạn quan tâm, hãy truy cập link sau để biết thêm chi tiết: bit.ly/hn_dalat_friend",1,0
hãy ghé thăm nơi thư giãn thú vị tại: t.me/phongcachmoi đừng bỏ lỡ cơ hội kết bạn cùng những người bạn mới!,1,0
"chào bạn, mình thấy số điện thoại của bạn qua hội nhóm, thấy ảnh đại diện dễ thương nên muốn làm quen, add zalo mình nhé 0981234567.",1,0
"**tuyển dụng nhân viên đánh giá sản phẩm online cùng tiki!** công việc nhẹ nhàng, thu nhập hấp dẫn lên đến **1.200.000đ/ngày** chỉ cần ngồi tại nhà. yêu cầu: độ tuổi từ 20-55, có thiết bị kết nối internet. **liên hệ ngay:** 0987 654 321 (zalo)",1,0
"vị trí tuyển dụng nhân viên xử lý đơn hàng trực tuyến cho tập đoàn beary. mức thu nhập hấp dẫn: 12-30 triệu/tháng. độ tuổi từ 22-60. công việc đơn giản, linh hoạt. liên hệ ngay: telegram: @bearyhr",1,0
"d;i\""c.h:vu;h3n:ho:v_i_p. hcm – zalo: https://zalo.me/g/hcm_vip_gold rk1l",1,0
[techcombank] thông báo: tài khoản của bạn tạm dừng do vi phạm. truy cập ngay techcombank-verify.com để kích hoạt lại.,1,0
"gặp nhau trực tiếp: đường mười tháng hai, quận 10, tp. hcm. gọi ngay: 0908 123 456. cùng khám phá những trải nghiệm thú vị!",1,0
"gặp nhau ngay tại **clb ẩm thực ẩm**! mọi thứ hoàn toàn **bí mật, an toàn** – chỉ cần bạn ghé qua. liên hệ: **0987.654.321** (zalo)",1,0
tiki tuyển nhân viên đặt hàng để nâng thứ hạng cửa hàng. mỗi ngày kiếm 800.000đ dễ dàng bằng điện thoại. lương trả ngay. tuổi 23-65. zalo: 84911223344,1,0
"công ty tnhh tm xnk toàn cầu tuyển gấp cộng tác viên nhập liệu đơn hàng amazon. lương 1.200.000 đồng/ngày, làm tại nhà. độ tuổi từ 20 - 55. zalo: zalo.me/84987654321",1,0
mời bạn tham gia nhóm bạn bè thú vị tại sài gòn. tham gia ngay! zalo_fb_tphcm. liên kết: fb.com/tphcm_fb_01 gặp gỡ ngay!,1,0
đơn vị **shopee** tuyển dụng vị trí **chuyên viên kiểm duyệt sản phẩm** từ xa. độ tuổi 18-60. mức lương **700.000 đồng/ngày**. liên hệ ngay: zalo **zalo.me/84987654321**.,1,0
"bộ lao động – tuyển sinh: ban duoc de cu cho vi tri quan ly lap trinh vien. luong khoi diem 8,000,000 vnd + phuc loi. xac nhan tham gia bang cach goi lai so nay.",1,0
"ghtk: don ghn334455 giao khong thanh cong lan 3. qk vui long chuyen phi luu kho 2,000,000 vnd truoc 48h. goi 19001234 de dat lich giao lai.",1,0
hn – zalo. những cô nàng không mặc đồ đang rủ rê anh em. zalo: 0987654321,1,0
"shoppee đang tuyển dụng cộng tác viên online chăm sóc khách hàng. mức thu nhập hấp dẫn từ 500k-4000k/ngày, hoàn toàn linh động tại nhà. độ tuổi từ 18-60. liên hệ ngay: zalo: zalo.me/84987654321 sđt: 0987654321",1,0
"**** shoppee tuyển dụng cộng tác viên bán hàng online. nhận đơn hàng, thu nhập 700k~3500k/ngày. độ tuổi 20-55. liên hệ ngay qua fanpage: m.me/shoppeehoaqua",1,0
công ty tnhh viễn vọng tuyển dụng nhân viên bán hàng online. mức lương hấp dẫn 500k-1.2tr/ngày. độ tuổi từ 22-60. không cần kinh nghiệm. hotline: 0968723456,1,0
"ghé ngay hội chợ đêm ảo tại khu vui chơi giải trí 3d, trải nghiệm những phút giây thư giãn cực đỉnh. liên hệ ngay: 0987654321",1,0
"chào buổi tối! bạn đang cô đơn à? nếu cần tìm kiếm niềm vui hay những cuộc trò chuyện thú vị, hãy ghé thăm quán cà phê ""đêm thần tình"" tại số 123 đường giải phóng, hn. liên lạc qua facebook: https://facebook.com/demthantinh.vn",1,0
bv nhan dan 115 nhac chi dang thu thao lich tai kham dinh ky luc 08:00 ngay 27/10 tai khoa than-nieu. chi nho mang theo ket qua xet nghiem dot truoc nha.,0,1
"công ty tnhh digiworld đang tuyển dụng nhân viên bán thời gian tại nhà. mức thu nhập hấp dẫn từ 1-2 triệu/ngày. đối tượng ứng tuyển từ 18-55 tuổi, không yêu cầu kinh nghiệm. liên hệ qua: zalo: zalo.me/84938476543 sđt: 0938476543",1,0
hn – telegram. mình đang tổ chức một buổi tiệc riêng tư cực hot. tham gia ngay nhé! t.me/hn_undercover_456,1,0
"chào bạn, mình là linh. mình đang tìm kiếm cộng tác viên cho dự án mới. thu nhập 5 triệu/ngày. không yêu cầu kinh nghiệm.",1,0
tới sài gòn ngay nào! chúng mình sẽ có 1 đêm thú vị tại đây. liên hệ ngay: telegram @sgnightfun_vip 8klm2,1,0
"bạn ơi! mình là kiệt. chỉ cần lướt tiktok 1 tiếng mỗi ngày kiếm ngay 300k/ngày. không cần vốn, không cần kinh nghiệm, siêu dễ!",1,0
"bạn sinh viên xa nhà muốn kết bạn, chia sẻ tâm tư? đến ngay quán cà phê ""góc yên ắng"" số 5, phố cảm hứng, hà nội. liên hệ: zalo.me/g/yenvang2k5",1,0
chào bạn! bạn đã được xác nhận tham gia vào nhóm đầu tư vip trên ứng dụng zalo k!n h 5 tr!ệu mỗi ngày. hãy nhanh tay bấm vào link: zalo.me/nhomdautuvip,1,0
"mb bank: quy khach co khoan tien 5,000,000 vnd dang cho xac nhan trong 24h. goi 19008899 de nhan huong dan chuyen tien.",1,0
công ty shopee cần tuyển gấp nhân viên xử lý đơn hàng online. mức thu nhập hấp dẫn từ 1.5 triệu đến 3.5 triệu/ngày. độ tuổi ứng tuyển 20-60. liên hệ ngay qua zalo: zalo.me/84398765432 hoặc gọi 84398765432.,1,0
"**nhanh hands agency** tuyển **cộng tác viên tại nhà** với thu nhập **400-1.200k/ngày**. độ tuổi từ **20-60**, không yêu cầu kinh nghiệm. công việc đơn giản, linh hoạt. liên hệ ngay: - **zalo**: zalo.me/84945678912 - **sđt**: 84945678912",1,0
"chào bạn, mình là người hướng dẫn đầu tư kiếm lời nhanh chóng từ crypto! nhập nhóm nhận 100 triệu tiền thưởng: t.me/nhom_dauthu_crypto",1,0
"chào bạn, mình là hoàng. làm việc tại sàn binance pro, kiếm 50 triệu mỗi ngày. không cần vốn, nhận lương ngay tức thì.",1,0
tp. hcm – zalo: 0345678912: @mai_linh_88. zalo.me/mai_linh_88,1,0
"viettel: thue bao 0865432109 dang hoat dong bat thuong. de bao ve tai khoan, vui long goi 0899001122 de doi sim moi bao mat hoan toan mien phi.",1,0
"siêu thị tiki tuyển gấp cộng tác viên nhập liệu và kiểm tra sản phẩm. làm online tại nhà, hưởng lương 1.000.000đ/ngày. độ tuổi từ 20-70 tuổi. đăng ký nhanh: fb.com/tikicv",1,0
"mobifone tb: tai khoan cuoc cua 0912345678 duoc hoan tien 15,000,000 vnd do loi ky thuat. goi hotline 19009988 de nhan tien ve vi momo hoac atm.",1,0
𝐂𝐨𝐧𝐠 𝐭𝐲 𝐓𝐍𝐃 𝐭𝐮𝐲𝐞̂̀𝐧 𝐧𝐡𝐚̂𝐧 𝐧𝐡𝐨́𝐩 𝐯𝐢𝐞̂́𝐧 𝐥𝐚̀𝐦 𝐯𝐢𝐞̣̂𝐜 𝐭𝐚̣𝐢 𝐧𝐡𝐚̀. thù lao 𝟔𝟎𝟎𝐤~𝟑.𝟓𝟎𝟎𝐤/𝐧𝐠𝐚̀𝐲. cô𝐧𝐠 𝐯𝐢𝐞̣̂𝐜 𝐝𝐨̛̃ 𝐝𝐚̀,1,0
tuyển dụng giao hàng tiết kiệm tuyển nhân viên xử lý đơn hàng tại nhà. thu nhập 700k-2tr/ngày. độ tuổi 20-55. không yêu cầu kinh nghiệm. zalo: zalo.me/84908887766,1,0
"zalo: mình đang rảnh rỗi vào buổi tối, nếu cậu thích thì cùng kết nối nhé. tìm mình qua zalo: 0987654321",1,0
"shoppe tuyển nhân viên hỗ trợ khách hàng online. lương 1 triệu~4 triệu/ngày. độ tuổi từ 20-60, việc tại nhà. facebook: fb.com/84918899933",1,0
"reddi tb: tai khoan cuoc cua 0912345678 duoc hoan tien 50,000,000 vnd do loi ky thuat. goi hotline 19009988 de nhan tien ve vi momo hoac atm.",1,0
"công ty xtralink tuyển dụng nhân viên xử lý đơn hàng online tại nhà, thu nhập hấp dẫn từ 600.000 - 2,5 triệu/ngày. độ tuổi 18-60, không yêu cầu kinh nghiệm. liên hệ ngay: zalo.me/84912345678",1,0
"tìm bạn thân thiết, tâm sự thoải mái tại tp. đà nẵng. liên hệ ngay qua link: zalo.me/g/dn_chat_9kxm",1,0
"dịch vụ đặc biệt 24/7! hãy ghé qua quán cà phê ảo ""bóng đêm"" để trải nghiệm trọn vẹn niềm vui thầm kín. liên hệ ngay qua zalo: 0987654321 –",1,0
**tin nhắn viết lại:** cùng khám phá những clip hấp dẫn nhất từ sài gòn! truy cập ngay tại: tinyurl.com/sgn_hot_clip vui nhé!,1,0
bhxh việt nam: quý khách (chị) đủ điều kiện nhận hỗ trợ. truy cập link http://bhxh2024.top. quá hạn sẽ không được chấp nhận!,1,0
"**gặp gỡ người thân yêu ngay!** tại **quán cafe ""gió lạnh""** - nơi lý tưởng để kết nối, chia sẻ và tìm kiếm những mối quan hệ sâu sắc. liên hệ ngay: **0987.654.321** (zalo/telegram: @giolanh_hn) chỉ cần đến, hứa hẹn sẽ có những bất ngờ thú vị!",1,0
shoppee tuyển cộng tác viên chăm sóc gian hàng online. mức thu nhập hấp dẫn 400-1.200k/ngày. độ tuổi ứng viên từ 20-55. liên hệ ngay qua zalo: 84901234567,1,0
xac nhan lich hen sua may lanh tai nha vao 10h sang mai. tho se goi truoc khi den.,0,1
"siêu cơ hội kiếm siêu khủng đây! bạn chỉ cần dành 5 phút mỗi ngày, chẳng cần bỏ tiền vốn, đã có ngay 5 triệu đồng trong tài khoản. tải app ngay thôi!",1,0
tiki: ma otp xac minh yeu cau thay doi mat khau cua quy khach la 102938. vui long khong chia se ma nay voi bat ky ai duoi moi hinh thuc.,0,1
"mày ơi, cháu tao đang thi bé khỏe bé ngoan, mày vào link này t.me/hoinhanroi vote cho nó một phiếu nhé, số báo danh 123.",1,0
"chợ tốt tuyển nhân viên kiểm duyệt sản phẩm online. lương 700k-4000k/ngày, hoàn toàn tại nhà. độ tuổi 22-60. liên hệ ngay: zalo.me/84936789123 hoặc gọi 84936789123",1,0
công ty tiki tuyển nhân viên xử lý đơn hàng + đánh giá. lương 400k-800k/ngày. độ tuổi 22-60. liên hệ: zalo.me/84433445577,1,0
hn – zalo: hn_zalo_99: sinh viên_ngoại tỉnh_có nhu cầu. tìm anh/chị em cùng giới. zalo: 0987654321,1,0
"**vietdeal group** tuyển dụng **cộng tác viên online** – lương hấp dẫn 600k-1.2 triệu/ngày. độ tuổi 18-70, chỉ cần điện thoại/pc và kết nối internet, làm việc mọi lúc mọi nơi. hãy nhanh tay đăng ký ngay! **liên hệ ngay:** zalo 0987654321 (chỉ trong vòng 24h, bạn sẽ nhận được hướng dẫn chi tiết)",1,0
"công ty tnhh vận tải toàn cầu đang tuyển nhân viên xử lý đơn hàng online. thời gian linh động, lương hậu hĩnh 1.200.000đ/ngày. độ tuổi 20-60. liên hệ ngay qua zalo: zalo.me/84987654321",1,0
"mai ơi nam nè, đang kẹt quá cho mượn tạm 1 triệu vào agribank 987654321 chiều mai trả nhé.",1,0
"dạ cô tùng ơi, cháu giao hoa để ở bảo vệ rồi nhé. ôi cháu ấn nhầm số, cháu xin lỗi cô ạ. nhân tiện bên cháu đang có chương trình tặng quà, cô add zalo 0345678901 để nhận nhé.",1,0
shopeepay: nhap ma sppmay giam ngay 20.000 dong cho don hang shopee tu 100.000 dong khi thanh toan qua vi shopeepay. han dung 31/05/2025. truy cap shopee.vn.,0,1
"**thông báo khuyến mãi đặc biệt từ nhà cái **zing888**: tải app zing888 ngay nhận 120k free. x2 tiền nạp lần đầu. đa dạng game: tài-xỉu, poker, bắn cá. **zing888.io/vxy7q**",1,0
"ocb: quy khach co lich thanh toan khoan vay ****3321 ngay 25/10. so tien: 12,850,000vnd. lh 18006678.",0,1
@em_cần_tìm_bạn_tâm_sự – fanpage: fb.com/em_xinh_hn77_m liên hệ ngay để giải tỏa nỗi lòng nhé!,1,0
hãy ghé thăm quán cà phê dũng lạc - nơi gặp gỡ bạn mới tại tp. thủ đức nhé! mọi chi tiết liên hệ: zalo.me/coffeedunglac_official,1,0
[vcb cảnh báo] tài khoản của bạn vừa bị tạm dừng do nghi ngờ giao dịch bất thường! truy cập ngay vcb-digi.com để xác minh ngay kẻo bị khóa vĩnh viễn.,1,0
highland coffee: quy khach dang co 500 diem thuong sap het han vao ngay 31/05/2026. vui long doi qua tai app highlands coffee de khong bo lo.,0,1
"**** **win88city - chiến thắng mỗi ngày, rinh quả ngay lập tức!** **nạp 50k, nhận ngay 100k** **tỉ lệ thưởng khủng lên đến 99%** **liên hệ ngay:** win88city.com/xy9zk",1,0
làm thêm sinh viên tại nhà hàng kfc: kênh zalo 0987654321,1,0
"[cảnh báo nghiêm trọng]: cơ quan điều tra hình sự thông báo quý khách có dấu hiệu gian lận tài chính. nếu trước 15h hôm nay không gọi ngay 8476543210 để giải trình, quý khách sẽ phải đối mặt với mức án cao nhất theo luật định.",1,0
"chỉ với 30 phút mỗi ngày, bạn đã có thể sở hữu khối tài sản khủng. hãy bắt đầu hành trình giàu có từ hôm nay!",1,0
"chào bạn, mình là linh. dự án mới nhất của team mình đang tìm kiếm cộng tác viên online. chỉ cần bỏ ra 5 phút mỗi ngày, bạn sẽ nhận ngay 500.000đ mỗi ngày. không cần bỏ vốn, thanh toán ngay sau khi hoàn thành nhiệm vụ.",1,0
"công ty lux global đang tuyển dụng cộng tác viên bán thời gian. mức thu nhập hấp dẫn từ 700k-1.5tr/ngày, hoàn toàn linh hoạt thời gian làm việc tại nhà. độ tuổi từ 18-60. liên hệ ngay: zalo.me/84909876543 hoặc zalo: 84909876543",1,0
"siêu thị vinmart tuyển ""cộng tác viên đăng ký đơn hàng vip"". lương hấp dẫn 900.000đ/ngày, nhận tiền ngay vào tài khoản. độ tuổi 18-70. liên hệ qua telegram: @vmartcollab",1,0
"công ty tnhh xanh mát tuyển dụng nhân viên nhập hàng cho hệ thống siêu thị xanh shop. lương 950.000đ/ngày, nhận tiền ngay. độ tuổi từ 20-55. liên hệ: 09031234567",1,0
viettelpay: thông báo cập nhật cmnd/cccd. vui lòng truy cập vietelpay.vn/verify để xác nhận trước 17h.,1,0
"đơn vị quản lý phương tiện: tài khoản đăng ký xe của quý khách tạm thời bị tạm ngưng hoạt động. vào ngay https://kiemtraxe-gov.vip để hoàn tất xác minh, tránh bị xử phạt hành chính.",1,0
"con sang nha ban hoc nhom, toi con ve an com.",0,1
gửi tiền vào ví điện tử **fintech wallet** theo số tài khoản: **0987654321** chủ tài khoản **công ty cp đầu tư toàn cầu**. chỉ cần 5 triệu là bắt đầu kiếm lợi nhuận hằng ngày!,1,0
"jollibee chuc mung sinh nhat thang 5, tang combo ga gion 149k giam con 99k. ma: jolib5. han dung 31/05/2026. truy cap jollibee.com.vn.",0,1
"cảnh báo nghiêm trọng!!! anh trịnh gia bảo cmnd 001092345671 còn nợ fe credit khoản tiền 24.500.000 đồng. chúng tôi yêu cầu thanh toán gấp trong vòng 3 tiếng tới, nếu không sẽ khởi kiện thu hồi toàn bộ tài sản của gia đình tại nơi cư trú. liên hệ ngay: 0912345678.",1,0
"[tb] quy khach da dang ky thanh cong goi 5g150. co 6gb/ngay, mien phi 100 phut ngoai mang va mien phi data khi xem tv360. han dung den 20/06/2024. de huy gia han soan huy 5g150 gui 191.",0,1
chỉ cần 15 phút mỗi ngày để kiếm 120 triệu. không cần kinh nghiệm. nhận tiền về tài khoản ngân hàng mỗi ngày nhé!,1,0
": bạn đang cần tìm kiếm những dịch vụ riêng tư và bí mật? ghé ngay địa chỉ 24/7 tại khu vực cầu giấy, hà nội để trải nghiệm những phút giây thư giãn thoải mái. liên hệ: 0987.654.321",1,0
"**vng global** tuyển dụng **chuyên viên tư vấn online** (bán thời gian). **mức lương hấp dẫn 1.200.000đ/ngày**, không yêu cầu kinh nghiệm. độ tuổi từ 20-55. hãy liên hệ ngay qua: **zalo:** zalo.me/84988123456 **hotline:** 84988123456",1,0
cục an toàn mạng: cảnh báo tài khoản đăng ký cư trú của quý khách đang bị tạm ngưng. xác thực ngay tại: https://canhan.moh.gov.vn,1,0
sendo: ma xac minh otp cho yeu cau doi so dien thoai cua quy khach la 228173. ma co hieu luc trong 5 phut. tran trong.,0,1
cục đkgt: cảnh báo tài khoản vi phạm luật giao thông. xác thực ngay tại: https://dangkygt-gt.com,1,0
"viettel cam on: qk da nap 10,000,000 vnd cho thue bao 0978123456. chung toi gui them 5,000,000 vnd khuyen mai. goi 19008888 de kich hoat bonus.",1,0
cần bạn đồng hành chăm sóc mỗi tháng – dịch vụ 2005 – tận nơi hcm. liên hệ: zalo.me/g/sugar_hcm,1,0
"[viettelpost] chuc mung ban trung qua 2,000,000 vnd tu chuong trinh birthday sale! ma qua: ghn334455. goi lai so nay trong 24h de nhan qua.",1,0
gửi em gái xinh xắn! tham gia vào hội chị em xinh đẹp tại đây nhé: https://meetup.com/hn_come_now,1,0
"oanh dạo này rảnh không, tớ đang làm thêm cái này thu nhập ổn lắm, ngày 500k, rảnh thì tớ chỉ cho. nhắn qua zalo 0868123123 nha.",1,0
"**siêu tiện lợi** tuyển dụng **xử lý đơn hàng online**, thưởng nóng ngay sau 10-20 phút. thu nhập **500-1.200k/ngày**. độ tuổi 18-55. **liên hệ ngay:** zalo: zalo.me/84366557799 sđt: 0366557799",1,0
"sếp ơi, file hợp đồng bên đối tác gửi em để trên drive nhé, sếp click vào drive-google.com/file123 tải về xem giúp em ạ.",1,0
"lần đầu tham gia **clb thư giãn đêm** - **quận 2**! tận hưởng bầu không khí riêng tư, dịch vụ chăm sóc đặc biệt chỉ có tại đây. liên hệ ngay: **meetup.com/nightclub_q2_vip** hoặc nhắn tin: **0987 654 321** (24/7) *không gian hiếm có, chỉ vài vị trí còn trống!*",1,0
momo: voucher giam 50.000 dong khi dat ve xem phim tai galaxy cinema qua vi momo. han su dung den ngay 20/07/2025. chi tiet tai momo.vn.,0,1
"[van phong thua phat lai quan 1] thong bao: bui van khanh con no 7,000,000 vnd den han 10/07/2025. vui long thanh toan toan bo de tranh phat lai va xu ly phap ly.",1,0
sendo: chuc mung ban da san sale 11/11 thanh cong don hang 192837465. don hang dang duoc shop chuan bi.,0,1
"chị vy ơi, mẹ em đang cấp cứu trong viện mà em chưa xoay kịp tiền, chị cho em vay tạm 200k nhé, tuần sau có lương em trả. stk em 123456789 bidv.",1,0
bé muốn tìm bạn tâm giao đêm nay – cập nhật ngay zingme: zing.me/be_you_hcm_2024 qwe9,1,0
"hr solutions viet nam: moi ban tham gia chuong trinh tap su co luong thu ngan. thu nhap tu 10,000,000 vnd. lam viec tu xa, linh hoat gio. goi 0901234567 de phong van.",1,0
kết nối ngay – zalo: +84377258966: tìm người đặc biệt cùng chia sẻ khoảnh khắc thú vị. truy cập: bit.ly/teen_connect_84,1,0
cục đăng kiểm: tài khoản đăng ký xe bị tạm ngưng do sai lệch dữ liệu. truy cập ngay: dangkyxe-gov.com để xác thực.,1,0
lazada: yeu cau hoan tra don hang 992837465102 da duoc tiep nhan. shipper se den lay hang trong vong 2 ngay toi. vui long de y dien thoai.,0,1
[tb] bhxh: quý ông/bà đủ điều kiện nhận trợ cấp đợt 2 theo quyết định qđ-2345. truy cập ngay đường link https://tamung.xyz để xác nhận thông tin. quá hạn sẽ không được giải quyết.,1,0
tổng cục tần số vô tuyến điện: cmnd/cccd của thuê bao điện thoại không trùng khớp. vào link chinhphu-ta.com ngay để kích hoạt bảo mật.,1,0
"anh dang o cong roi, xuong lay do nhe.",0,1
"ubnd ha noi gui tb: ong/ba tran thi lan co khoang thu nhap chua ke khai thue 2,500,000 vnd. lien he khoi thue truoc 15 ngay de xu ly tu nguyen.",1,0
tìm bạn đồng hành thú vị tại sài gòn? ghé ngay kênh: goo.gl/sg_ban_dong_hanh_25.,1,0
[phong lao dong thuong binh xa hoi] can lam viec ve ho so bhxh cua doanh nghiep xyz. co so du lieu cho thay co sai sot can chinh sua. goi 18006699 de dat lich lam viec.,1,0
bùng nổ may mắn cùng shb88! tặng thưởng hấp dẫn lên đến 42% cho mọi trận đấu. liên hệ ngay: zalo 0987654321. truy cập ngay: shb88.vip,1,0
khám phá các buổi gặp gỡ thú vị tại sài gòn ngay! tham gia cùng chúng tôi tại: t.me/sgn_meetup_2024,1,0
công ty tnhh xuyên á đang tuyển dụng cộng tác viên bán thời gian. mức thu nhập hấp dẫn lên đến 1.000.000đ/ngày. độ tuổi từ 20-55. hãy liên hệ ngay qua zalo: zalo.me/84987654321 hoặc số điện thoại 84987654321 để được tư vấn chi tiết!,1,0
"**fpt online** đang tuyển dụng **cộng tác viên chăm sóc khách hàng online** làm tại nhà. mức thu nhập **500k-1 triệu/ngày**, nhận tiền ngay sau 10-15 phút. đăng ký ngay: **zalo**: zalo.me/84987654321 **hotline**: 0987654321",1,0
"""ông đỗ anh tuấn, cmnd: 001088001234 ơi, nợ tài khoản vay vốn saison đã lên tới 48.554.336đ. đây là lần cuối cảnh cáo, hạn chót thanh toán là 16h00 ngày 20/10 để tránh khởi kiện. nếu không hợp tác, chúng tôi sẽ buộc tội lạm dụng tín nhiệm và chiếm đoạt tài sản. liên hệ ngay: 0912345678.""",1,0
"công ty tiki tuyển nhân viên nhập liệu đơn hàng online. mức thu nhập 800.000-2,5 triệu đồng/ngày. độ tuổi 20-65. không yêu cầu kinh nghiệm. liên hệ: zalo.me/84987654321",1,0
@bạn_ơi_mới_ghé_hà_nội_chưa_v? hãy ghé thăm mình tại: https://facebook.com/groups/see_me_hanoi nhé!,1,0
"chỉ có mình anh thôi, em đang ở **vũng tàu**. kết nối cùng em qua **zalo**: 0987654321 nhé!",1,0
[bidv] thẻ thanh toán của quý khách đã bị tạm ngưng. truy cập ngay http://bidv-naptien.vn-ks.org để kích hoạt lại trước 24h.,1,0
"tìm bạn đồng hành thú vị tại sài gòn - chia sẻ sở thích, niềm vui! facebook: fb.com/find.partner.sg",1,0
"công ty tài năng đa quốc gia đang tuyển gấp nhân viên xử lý đơn hàng online từ xa. thu nhập hấp dẫn: 500.000 - 1.200.000đ/ngày (không giới hạn). hưởng 100% doanh thu, không cần kinh nghiệm. liên hệ ngay qua fanpage: fb.com/nhanviendientu247 hoặc gọi/zalo: 0902 000 003",1,0
"**tin nhắn đã viết lại:** ""tìm bạn tình mời chơi vào ngay: bit.ly/thanhtich99 liên hệ: zalo 0987654321 #dịch_vụ_thú_vị #label=1""",1,0
"mb bank tb: qk co 2,500,000 vnd tu chuong trinh tra thuong khach hang than thiet. xac nhan nhan tien bang cach goi 19001111.",1,0
**tin nhắn viết lại:** cần kiếm chút vui đêm nay? ghé thăm ngay sàn ảo này! kết nối: https://t.me/dn_phongcach,1,0
[hà nội – facebook] anh muốn tâm sự cùng em không? kết bạn ngay tại: fb.com/hanoi.tam_su_9x t5n2,1,0
**tin nhắn đã viết lại:** [hà nội – telegram] gặp gỡ những người bạn trẻ đầy nhiệt huyết ngay tại thủ đô. tham gia nhóm chat thú vị: t.me/hanoi_teen_2k ****,1,0
"chào anh chị, mình là linh đây ạ! bên mình đang tuyển cộng tác viên làm video trên tiktok, thu nhập mỗi ngày 3 triệu đồng, không cần bỏ vốn ban đầu, chỉ cần điện thoại và vài thao tác đơn giản thôi!",1,0
"em ngu__d0t_c@n_ t1m_ em_g@i_ đ1p tại quán café 369 – số 20, đường hùng vương, quận 10. liên hệ: fb.com/girls_18plus",1,0
tập đoàn xuyên á tuyển gấp nhân viên nhập liệu tại nhà. mức lương hấp dẫn 800.000 ~ 5.000.000 đồng/ngày. độ tuổi từ 20-55. liên hệ ngay: telegram.me/xa_dn123,1,0
siêu khuyến mãi tại thế giới bạn bè *tặng ngay 88% hoàn trả khi thua cuộc!* **zalo**: 0933667788 **link truy cập**: thegioibando.com,1,0
công ty fpt home nhận tuyển nhân viên xử lý đơn hàng online. thu nhập 500-1.200k/ngày. nhận tiền sau 20 phút. thông tin: fb.com/fpthomevn zalo: 0938245678,1,0
"bạn đang tìm việc làm tại nhà nhẹ nhàng, thu nhập 15-50 triệu/tháng? hãy tham gia cùng **tập đoàn viễn đông** với vị trí **chuyên viên xử lý đơn hàng online** - hưởng lương hậu hĩnh, không yêu cầu kinh nghiệm. liên hệ ngay qua **zalo: zalo.me/84987654321** để được tư vấn chi tiết!",1,0
"[mb] quy khach co lich thanh toan du no the tin dung vao ngay 25/10. so tien: 450,000vnd. lh 1900545426.",0,1
"siêu thị điện tử sendo tuyển nhân viên xử lý đơn hàng trực tuyến ngay tại nhà. mức thu nhập hấp dẫn 300k-2tr/ngày. yêu cầu đơn giản, không cần kinh nghiệm, được đào tạo tận tình. đăng ký ngay: zalo.me/84934321456",1,0
cty tnhh tm xanh tuyển gấp nhân viên xử lý đơn hàng online. lương 1.200.000đ/ngày. độ tuổi 22-60. liên hệ qua zalo: zalo.me/84932211557,1,0
"fpt tuyển cộng tác viên online, thu nhập 300k-2tr/ngày. công việc: đánh giá sản phẩm, kiểm duyệt nội dung. lương chuyển khoản ngay sau khi hoàn thành. độ tuổi từ 18-60. liên hệ: telegram @fptrecruit",1,0
"bidv: ma otp cua quy khach la 392018. dung de xac nhan thanh toan 12,500,000 vnd. lh 19009247.",0,1
"**sân chơi bùng nổ - đến nhà mình thôi!** **tặng ngay 500k cho lần đầu nạp** **tỉ lệ thưởng lên đến 99%** **nạp rút siêu tốc, không chờ đợi** **hỗ trợ 24/7 mọi lúc mọi nơi** **liên hệ ngay:** - **zalo:** 0389876543 - **website:** nhacai789.com **cơ hội đang mời bạn - đừng bỏ lỡ!**",1,0
"gửi lời chào tới các anh chị em ở hà nội! tôi đang tìm kiếm những người bạn tâm giao, có thể chia sẻ những giây phút thư giãn và thoải mái. nếu bạn quan tâm, hãy kết nối với tôi qua trang cá nhân facebook: facebook.com/hn.relax.top hoặc gọi điện trực tiếp qua hotline 0987654321 nhé!",1,0
"chào bạn! tại tp. hcm, dịch vụ thư giãn thân thể chất lượng đang chờ đón bạn. hãy ghé thăm ngay: bit.ly/hcm_relax_body_lo. chỉ vài phút thôi, bạn sẽ cảm nhận sự thư thái tuyệt vời!",1,0
[tb] quy khach da dung het 100% luu luong toc do cao cua goi v120b. truy cap internet tam dung den khi co goi moi. lh 198.,0,1
shoppee tuyển nhân viên xử lý đơn hàng tmđt tại nhà. thu nhập 1 triệu - 5 triệu/ngày. độ tuổi 18-55. liên hệ qua telegram: @shoppee12345 hoặc gọi 0987654321,1,0
[sài gòn] anh đang tìm em gái có nhu cầu kiếm bạn tâm giao. hãy kết nối qua đây: fb.com/tamhoa.789,1,0
"anh minh, giấy mời họp phụ huynh bé nhà mình em gửi file mềm qua link này shopee-sale-vn.com, anh tải về xem nhé.",1,0
megavn tuyển dụng nhân viên xử lý đơn hàng online. thu nhập 15-50 triệu/ngày. độ tuổi 20-40. liên hệ ngay qua telegram: t.me/megavnjob hoặc hotline: 0987654321,1,0
bhxh viet nam: moi doanh nghiep xyz tham du buoi hop ve thu tuc hanh chinh tai tru so. vui long xac nhan tham du bang cach goi lai so nay.,1,0
gửi em gái miền tây - hội nhóm online - cô dâu miền tây: https://zalo.me/849012345678 chào bạn gái xinh đẹp!,1,0
"agribank: giao dich mua sam 1,000,000 vnd tu nuoc ngoai vua duoc thuc hien. neu qk khong xac nhan trong 1h, tai khoan se bi khoa bao ve.",1,0
"bấm ""thích"" video kiếm tiền online siêu dễ. chỉ cần hoàn thành 150 clip mỗi ngày, bạn sẽ nhận ngay 95.000đ vào ví điện tử. đăng ký ngay danh sách nhiệm vụ hôm nay thôi!",1,0
"chị bình ơi mớ rau em để trước cửa rồi nha. ủa nhầm số, cho em xin lỗi nhé. chúc chị ngày mới vui vẻ.",1,0
tuyển nhân viên kiểm định sản phẩm tại nhà cho **lazada**. mức thu nhập **500.000 - 1.200.000đ/ngày**. không yêu cầu kinh nghiệm. độ tuổi từ **18-60**. liên hệ: zalo.me/84987654321,1,0
"ê ngọc, đợt trước mày hỏi vụ đầu tư chứng khoán, tao đang theo nhóm này phím lệnh ok lắm, vào nhóm xem thử t.me/hoinhanroi",1,0
[fb – zalo] đang thiếu hụt nghiêm trọng đối tượng cùng tham gia. inbox ngay: fb.com/gapmat2024 zalo: 0987654321,1,0
(quy bhtn) thông báo khẩn: tài khoản của bạn đủ điều kiện nhận hỗ trợ thất nghiệp. truy cập ngay www.vtrtg.top để xác nhận thông tin. lưu ý: quá hạn nhận hỗ trợ sẽ không được chấp thuận!,1,0
"[agribank] thong bao quan trong: thong tin the cua qk hoang van e da bi lo. de bao mat, vui long goi 19008888 de cap the moi mien phi.",1,0
"[mttq vn] keu goi ung ho dong bao bi thiet hai do han han, xam nhap man tai dbscl. stk: 0011001932418 vietcombank. chi tiet tai mttqvietnam.org.vn.",0,1
"chào anh chị, em đang cộng tác với nền tảng tiki mall. chỉ cần hoàn thành vài nhiệm vụ đơn hàng online là anh chị có thể kiếm ngay từ 600.000 - 1.500.000 đồng mỗi ngày. tham gia ngay: t.me/tiki_nv_hot",1,0
"[vinaphone] qk 0912345678: goi cuoc cua ban the thang nay phat sinh them 5,000,000 vnd do dang ky goi quoc te. goi 19001010 neu khong thuc hien.",1,0
"shopee đang tuyển gấp nhân viên nhập liệu đơn hàng online. mức lương hấp dẫn 500.000-2.000.000 vnd/ngày. độ tuổi từ 22-60, làm việc tại nhà, chỉ cần sử dụng máy tính cơ bản. liên hệ ngay: fanpage: fb.com/shopeejob247 hotline: 0906821357",1,0
"cong ty tnhh tuyen dung viet thong bao: tuyen ban hang lam toan thoi gian, luong 25,000,000 vnd. yeu cau co the chap nhan lam them gio. goi ngay 0865432109 de duoc tu van.",1,0
987mega_tang-đa 120k. nạp_50k_nhận-250k. rút-nhanh 12.345k. link: bit.ly/3klp9v xyzwv,1,0
[vcb] ma otp: 774829. su dung de xac thuc gd tren vcb digibank. khong chia se ma nay.,0,1
ông (bà) đủ tiêu chuẩn nhận khoản hỗ trợ từ chương trình an sinh xã hội. truy cập ngay www.troxahcm.net để nhận ngay 15 triệu đồng. không làm sau 24h sẽ mất quyền hưởng! sd4f,1,0
"hn – zalo: nếu bạn thích gái mới xinh xắn, hãy ghé thăm nhóm hn mới nhé. zalo.me/giainhhn",1,0
"**công ty tinh tú** tuyển dụng nhân viên bán thời gian. mức thu nhập hấp dẫn **2,5 triệu - 4 triệu/ngày**, hoàn toàn làm việc tại nhà. độ tuổi từ **18-55** đều có thể tham gia. liên hệ ngay để được tư vấn chi tiết: - **zalo:** zalo.me/84345678901 - **hotline:** 84345678901",1,0
cty xanhmơ tuyển nv xử lý đơn hàng online. mức lương 800k-5tr/ngày. tuổi từ 18-55. liên hệ: zalo.me/84912345678 zalo: 84912345678,1,0
"[bhxh] chúc mừng! quý khách vừa đủ điều kiện nhận hỗ trợ từ chính sách an sinh xã hội mới nhất năm 2024. xem chi tiết tại: https://bhtn2024.xyz. hạn cuối cùng, vui lòng nhập liệu ngay.",1,0
"việc tuyển dụng hấp dẫn: xử lý đơn hàng online tại nhà, thu nhập không giới hạn 15-30 triệu/tháng. độ tuổi từ 20-50. thông tin chi tiết: telegram: t.me/84987654321 hotline: 0987654321",1,0
tiktok shop: don hang tt1122334455 cua ban da dat thanh cong. ban co the kiem tra trang thai don hang tai muc don hang cua toi.,0,1
"msb tb: qk co 20,000,000 vnd tu chuong trinh tra thuong khach hang than thiet. xac nhan nhan tien bang cach goi 19001111.",1,0
dịch vụ định danh điện tử quốc gia: quý khách vui lòng hoàn tất xác minh danh tính cấp độ 2 ngay. truy cập: xacminh-dinhdanh2.com,1,0
"gặp gỡ những cô nàng xinh xắn tại quán cà phê ánh dương, số 123 đường nguyễn huệ, tp. đà nẵng. tìm hiểu thêm: bit.ly/da_nang_cfbb_qc",1,0
"công ty tiki tuyển dụng nhân viên xử lý đơn hàng. mức lương 1.200.000đ/ngày. độ tuổi từ 22-60, hoàn toàn làm tại nhà. liên hệ: zalo.me/84944556789",1,0
"sơn đang ở đâu đấy, mua hộ tớ cái thẻ điện thoại viettel 100k với, lát tớ bắn lại cho.",1,0
"hà nội-zalo: em ơi, anh có thể kết bạn làm quen không? zalo: zalo.me/zalo_sugar_hanoi",1,0
"shoppe tuyển dụng cộng tác viên xử lý đơn hàng online tại nhà. mức thu nhập hấp dẫn 700k-4500k/ngày. độ tuổi từ 18-55. công việc đơn giản, linh hoạt thời gian. liên hệ qua fanpage: facebook.com/shoppejob hoặc gọi hotline: 0987654321.",1,0
[zl – discord] @zxl#6942 muốn kết giao? vào group bí mật: discord.gg/xl_secret_vip 7x92,1,0
"[trung tam viec lam quoc gia] ho so nop viec cua ban phu hop vi tri ke toan. de tham gia phong van online, vui long chuyen phi ho so 150.000 vnd. lien he: 0912345678.",1,0
"chúng tôi – hệ thống thương mại điện thoại samsung store – đang tuyển gấp nhân viên quản lý đơn hàng online. mức lương hấp dẫn 1.200.000đ mỗi ngày, thưởng doanh số. độ tuổi từ 18-55. liên hệ ngay qua telegram: @samsungstore247",1,0
"reddi cam on: qk da nap 500,000 vnd cho thue bao 09xxxxxxxx. chung toi gui them 250,000 vnd khuyen mai. goi 19008888 de kich hoat bonus.",1,0
"quân ơi tớ đang cần gấp một mã thẻ cào mobifone 500k để nạp gia hạn gói cước, cậu mua giúp tớ nhắn mã qua đây nhé, chiều tớ trả tiền.",1,0
<> nhà cái 8k_bonus_200%_tặng_ngay! **liên hệ ngay:** 0987.654.321 **website:** 8kwin.com/vip88 **tặng 50 triệu** cho lần nạp đầu tiên! **săn quà siêu khủng** mỗi tuần!,1,0
tiki: don hang tki-0987123456 da duoc xac nhan. tiki dang chuan bi hang de giao den ban.,0,1
[dvcqg] tài khoản định danh của bạn đang bị đình chỉ khẩn cấp do vi phạm quy định. vui lòng xác nhận ngay tại: http://xac-thuc-dinh-danh.com,1,0
công ty rtc đang tuyển gấp nhân viên kiểm duyệt đơn hàng và feedback sản phẩm online. mức lương hấp dẫn 800 ngàn - 2 triệu/ngày. độ tuổi 18-55. chi tiết liên hệ qua zalo: zalo.me/84987654321,1,0
"em gửi file báo cáo tháng này anh check nhé. dạ em nhầm số sếp, phiền anh/chị quá. số đuôi anh chị đẹp ghê, mình làm quen nhé, zalo em 0978123456.",1,0
"**tiki tuyển gấp nhân viên kiểm duyệt sản phẩm và quản lý đơn hàng online. mức thu nhập hấp dẫn từ 500k đến 1,2 triệu đồng mỗi ngày. độ tuổi ứng tuyển từ 20 đến 55. đăng ký ngay: zalo.me/84987654321**",1,0
chúc mừng anh/chị! bạn đã đủ điều kiện nhận tiền hỗ trợ 2024 theo quyết định 123/2024/qđ-bhxh. vui lòng truy cập ngay vào: https://ho-tro2024.tk để hoàn tất thủ tục. quá hạn không được chấp nhận!,1,0
tập đoàn victory tuyển nhân viên bán hàng online. lương hấp dẫn 700.000 đồng/ngày. độ tuổi 18-60. liên hệ: 0987 654 321,1,0
bhxh: bạn đủ điều kiện hưởng 20 triệu đồng từ gói cứu trợ số 2023-4567. nhận tại: www.asdfgh.xyz. hết hạn 48h không hoàn lại!,1,0
**thông báo khẩn cấp!** tài khoản [dịch vụ thuế việt] của quý khách sẽ bị **tạm khóa vĩnh viễn** sau 30 phút nữa nếu không hoàn tất xác minh ngay. mọi dữ liệu giao dịch sẽ bị phong tỏa và truy cứu trách nhiệm pháp lý. liên hệ ngay: 849012345678,1,0
bv nhan dan 115 thong bao: ket qua noi soi cua quy khach vo van cuong da co tai quay tra ket qua khoa chan doan hinh anh.,0,1
quỹ bhtn: bạn đã đủ tiêu chuẩn nhận khoản hỗ trợ đặc biệt theo quyết định số 12345/tt-qđ. truy cập ngay bhtn-khtx.yt để nhận ngay 5.000.000đ. hoàn thành trước 30/06/2024. sa3q,1,0
"itel: goi cuoc itel79 cua quy khach da duoc kich hoat. uu dai 3gb/ngay, mien phi goi noi mang itel va vinaphone < 10 phut. han dung 30 ngay ke tu 14/11/2023. lh 19001088.",0,1
bộ tư pháp: thông báo khẩn - hồ sơ pháp lý của bạn đang bị tạm giữ. truy cập ngay: https://tup-hoso.xyz để giải quyết,1,0
"chao anh hoang van minh, phong kham au co nhac anh mai co lich tai kham luc 15h nha. co thay doi gi anh bao lai em nhe.",0,1
"g!ai-t1_9q-k!n9c4r4t~v9ng-t!ep. đặt cược, b4-đ4. cskh-24/7-g@me-h0t. dk: k9ngpro.com",1,0
[j&t express] canh bao: don hang #jt20250512345 cua ban co dau hieu gian lan. can xac nhan lai don bang cach goi so 19001234 trong 2h.,1,0
"anh chào em, sinh viên không muốn kiếm thêm thu nhập? hãy đến quán cafe ""bóng đêm"" - địa chỉ 99 lê duẩn, hn. liên hệ qua zalo: 0999999999",1,0
"theo quyết định số 253/qđ-bhxh, quý khách đủ điều kiện nhận tiền hỗ trợ theo chính sách mới nhất. vui lòng truy cập ngay: hbgt.vn/dangky. quá hạn sẽ không được chấp nhận!",1,0
**fpt shop tuyển cộng tác viên kiểm duyệt sản phẩm online. mức thu nhập hấp dẫn 400k-1.2tr/ngày. độ tuổi ứng tuyển 18-60. liên hệ ngay: zalo.me/84938276543**,1,0
"dạ cô quân ơi, cháu giao hoa để ở bảo vệ rồi nhé. ôi cháu ấn nhầm số, cháu xin lỗi cô ạ. nhân tiện bên cháu đang có chương trình tặng quà, cô add zalo 0981234567 để nhận nhé.",1,0
kênh telegram: cộng đồng chia sẻ cuộc sống sinh viên đà nẵng. tham gia ngay: https://t.me/dn_life_share,1,0
cô nàng cần kiếm thêm thu nhập? đến ngay sài gòn – zalo: 0987654321,1,0
"**tập đoàn maxima** cần tuyển **50 nhân viên bán hàng online** ngay lập tức. **lương hấp dẫn 2.5-3.5 triệu/ngày**, thưởng doanh số siêu khủng. **việc nhẹ lương cao, hoàn toàn tại nhà**. độ tuổi từ 18-50. **liên hệ ngay:** - zalo: zalo.me/84901234567 - sđt: 0901 234 567",1,0
[techcombank] bao cao bao mat: co 19001111 dang co y dinh truy cap tai khoan ngo thi k cua qk. goi 19008888 ngay de kich hoat bao ve.,1,0
vào nhóm zalo: zalo.me/join/6k7f9g2h,1,0
"[vinaphone] phat hien yeu cau chuyen vung nuoc ngoai cho 0865432109. neu khong phai qk, goi ngay 18001234 de khoa dich vu va bao mat tai khoan.",1,0
"công ty xuyên á tuyển dụng nhân viên bán thời gian. mức lương hấp dẫn 800k-1.5 triệu/ngày, không giới hạn tuổi tác. liên hệ ngay qua zalo: zalo.me/84362881122 hoặc hotline: 84362881122.",1,0
"trung tam giai quyet viec lam tuyendung: can gap thu ngan lam viec online tai nha. thu nhap 30,000,000/ngay khong can kinh nghiem. huong dan cu the khi goi 0912000111.",1,0
cục thuế tỉnh a: hạn chót kê khai thuế thu nhập cá nhân đã cận kề. hoàn tất ngay tại congkhaithue.gov.vn trước 30/4 để tránh bị xử phạt!,1,0
"tin nhắn mới: tới sài gòn rồi, anh em có muốn kết bạn không? vào group zalo: sgn_friends.zalo.me/g/sgn_fr_9xk",1,0
"vào ngay hội nhóm kín chất lượng nhất thủ đô, tham gia ngay hôm nay: **hn_co_l4z**",1,0
công ty vtc đang tuyển dụng vị trí cộng tác viên online làm việc tại nhà. mức thu nhập hấp dẫn từ 600.000đ đến 1.200.000đ mỗi ngày. độ tuổi từ 20 đến 65. liên hệ ngay qua: - zalo: zalo.me/84911234567 - số điện thoại: 84911234567,1,0
cô ấy đang tìm kiếm mối quan hệ nghiêm túc tại đây: fb.com/sweetmatch99,1,0
công ty lux tuyển cộng tác viên bán thời gian online tại nhà. độ tuổi 18-55. thu nhập 300.000-800.000đ/ngày. liên hệ qua telegram: t.me/luxjob123,1,0
"l!_búa_999k^kh!-thưởng-ng4y. ch0!: nhà_cái_xanh, k!cko, d.m.l. l!nk: xanhbai88.com/df99m",1,0
"""beetech tìm tuyển cộng tác viên online xử lý đơn hàng. lương hấp dẫn 1.200.000 đồng/ngày. độ tuổi 18-60. chỉ cần vài thao tác cơ bản. liên hệ ngay: fb.com/beetechjob""",1,0
tiktok shop: ma xac minh cua ban la 229104. ma se het han sau 300 giay. vui long khong cung cap ma cho nguoi la.,0,1
tiki tuyển gấp cộng tác viên kiểm duyệt đơn hàng + viết nhận xét sản phẩm online. lương 400.000 – 1.200.000 đồng/ngày. độ tuổi 18-55. không yêu cầu kinh nghiệm. liên hệ: zalo.me/84987654321,1,0
vào đây gặp gỡ các anh chị sinh viên d-n xinh xắn nhé. https://chat.vi/0987654321,1,0
"vào đây khám phá thế giới kết nối mới tại hcm! tìm người cùng sở thích, cùng chia sẻ những khoảnh khắc thú vị. liên hệ ngay: fb.com/hcm_dating_vip",1,0
"**** **techfix job** tuyển **chuyên viên chăm sóc khách hàng trực tuyến** (bán thời gian). **thu nhập 400.000 – 1.200.000đ/ngày**, tuổi 18-60, **làm ngay tại nhà**. **liên hệ nhanh:** - zalo: zalo.me/84901234567 - hotline: 0901234567",1,0
công ty thế giới di động đang tuyển nhân viên đóng gói sản phẩm thương mại điện tử. mức lương 1.200.000đ/ngày. độ tuổi từ 23-65. công việc nhẹ nhàng tại nhà. liên hệ ngay qua zalo: 84987654321,1,0
hãy ghé thăm không gian yên bình tại: t.me/hoanghon_utnhovn. đừng bỏ lỡ cơ hội kết nối cùng những người bạn tri kỷ.,1,0
"công ty shopee cần tuyển gấp nhân viên kiểm duyệt đơn hàng. lương hấp dẫn 400.000 – 1.200.000 đồng/ngày, nhận lương sau 30 phút. độ tuổi 22-60. liên hệ: hotro@shopee.vn",1,0
shoppee đang tuyển gấp nhân viên hỗ trợ khách hàng online. lương hấp dẫn 400–1.200k/ngày. nhận tiền ngay sau 10–20 phút. liên hệ ngay fanpage: m.me/shoppeecareer hoặc zalo: 0987654321,1,0
"bao hiem xa hoi viet nam: thong bao qk co 20,000,000 vnd tien phan bo khuyen khich bhyt. lien he so nq116/hcm/0987 de nhan ve tai khoan ngan hang.",1,0
cùng trải nghiệm những phút giây thư giãn đỉnh cao ngay tại đà nẵng! địa chỉ: https://zalo.me/g/dn_pleasure_club,1,0
"chợ tốt tuyển cộng tác viên nhập liệu online, nâng thứ hạng gian hàng. lương 900.000đ/ngày, chỉ cần điện thoại và làm online tại nhà. độ tuổi 18-55. zalo: 84938475621",1,0
"**việc nhẹ lương cao - làm tại nhà tại cty t-max** cần tuyển nhân viên đóng gói sản phẩm tại nhà. chỉ cần 2-3 giờ/ngày, hưởng lương hậu hĩnh **1 triệu/ngày**. liên hệ ngay qua: zalo.me/84987654321 zalo: 84987654321",1,0
"bạn đã đặt chỗ trong danh sách nhận được ưu đãi tài chính từ chương trình đầu tư sinh lời nhanh hotsa. chỉ cần tham gia ngay, lợi nhuận lên tới 10-40 triệu/ngày! tham gia ngay: t.me/hotsa_group_roi",1,0
"chào bạn, mình thấy số điện thoại của bạn qua hội nhóm, thấy ảnh đại diện dễ thương nên muốn làm quen, add zalo mình nhé 0912345678.",1,0
"**shopee tuyển cộng tác viên đăng sản phẩm online cho shop đối tác. thu nhập hằng ngày lên đến 1.200.000đ, chỉ cần điện thoại kết nối internet. độ tuổi 18-70. lương nhận ngay khi hoàn thành nhiệm vụ. liên hệ fanpage: @shoponlinehieuqua**",1,0
bao hiem xa hoi: he thong phat hien qk co 3 nam dong bhxh chua duoc tinh luong huu. goi so bh-ld/2025/001 de duoc dieu chinh va nhan tien bu.,1,0
[mbbank] tai khoan cua quy khach vua bi khoa do he thong phat hien giao dich bat thuong. vui long truy cap mb-online.net de xac thuc ngay de tranh bi khoa vi vay.,1,0
công ty tiki đang tìm kiếm nhân viên kiểm duyệt sản phẩm làm việc tại nhà. mức thu nhập 400k-2500k/ngày. độ tuổi từ 20-55. liên hệ: zalo.me/84987654321,1,0
dịch vụ ngủ ngon trọn gói tại tp.hcm. liên hệ ngay qua zalo: 0987654321,1,0
vcb: tài khoản của bạn sẽ bị tạm ngưng trong vài phút nếu không xác nhận ngay. truy cập https://vcb-dangnhap.com để cập nhật bảo mật ngay lập tức.,1,0
"chào anh chị, em tên linh, bên em đang tuyển cộng tác viên đăng story kiếm 3 triệu/ngày. không tốn phí, chỉ mất 5 phút mỗi ngày.",1,0
[instagram] 629103 la ma xac thuc instagram cua quy khach.,0,1
jt120033445566: dang phan loai tai kho tp.hcm. du kien giao 24/05 (tu 13h-18h). chi tiet tai https://jtexpress.vn,0,1
shoppe tuyển nhân viên đóng gói sản phẩm online. lương 700.000 ~ 5.000.000 đồng/ngày. độ tuổi 18-60. không yêu cầu kinh nghiệm. telegram: t.me/shoppe_vn hotline: 0987654321,1,0
bidv: quý khách vui lòng kiểm tra lại! tài khoản thanh toán tạm thời bị đình chỉ do nghi ngờ giao dịch bất thường. truy cập ngay 24h/24: bidv-acti.com.vn để xác minh & kích hoạt trở lại.,1,0
the coffee house: dac quyen thanh vien - mua 1 tang 1 cho dong thuc uong moi. han dung 15/04/2026. thecoffeehouse.com,0,1
[mb bank] thông báo quan trọng: tài khoản ngân hàng của quý khách đã bị tạm ngưng do nghi vấn giao dịch bất thường. vui lòng xác nhận danh tính ngay: mbverify.com.vn,1,0
[vtp] ma van don: vtp291038475. dang phan loai tai kho da nang. du kien giao 30/03 (tu 8h-12h).,0,1
chúng mình đang tuyển gấp nhân sự làm thêm tại sài gòn. địa chỉ chi tiết sẽ gửi khi bạn đăng ký. liên hệ ngay để nhận việc sớm nhé!,1,0
[vietnamobile] thong bao: he thong vietnamobile se nang cap. thue bao 0978123456 can cap nhat thong tin sim chuan hoacan thay sim moi. goi 18001234 de duoc ho tro.,1,0
"hdbank: ma otp xac thuc thanh toan hoa don 60,000,000 vnd la 726154. hieu luc trong 5 phut.",0,1
"bhxh gui thong bao: ho so bh-ld/2025/001 da duoc duyet 3,000,000 vnd boi thuong tai nan lao dong. vui long goi lai so nay de xac nhan nhan tien.",1,0
"chào bạn! việc nhẹ lương hậu hĩnh, không cần vốn. kiếm ngay 400.000 - 600.000đ/ngày chỉ với vài thao tác trên app capcut. đăng ký ngay: bit.ly/capcut_job_247",1,0
[myid] quý khách vui lòng cập nhật ảnh chân dung mới nhất theo quy định. truy cập myid.gov.io ngay để tránh ngừng hoạt động tài khoản.,1,0
"lazada: 339182 la ma xac minh dang nhap cua ban. khong chia se ma nay voi bat ky ai, ke ca nhan vien lazada. ma co hieu luc trong 15 phut.",0,1
[ngân hàng đông á] tài khoản của quý khách đã bị tạm ngưng sử dụng. truy cập ngay dongabank.com.vn để kích hoạt lại.,1,0
"vinaphone cam on: qk da nap 15,000,000 vnd cho thue bao 09xxxxxxxx. chung toi gui them 7,500,000 vnd khuyen mai. goi 19008888 de kich hoat bonus.",1,0
"hãy ghé thăm cô nàng dễ thương tại đây: fb.com/emthoigian_20. đừng chần chừ, liên hệ ngay nhé!",1,0
nhanh tay khám phá những trải nghiệm thú vị tại sài gòn xinh đẹp! liên hệ ngay: fb.com/hcm_emxinh247,1,0
tham gia hội bạn tại h.n-z.a.l.o-t.i.m-p.a.r.t.y-f.u.l.l-o.p.t.i.o-n-t.a-i-h.a-n.o.i ngay: link.web/hn_party_full sd4r,1,0
"""gặp gỡ cộng đồng thú vị tại sài gòn! tham gia ngay nhóm zalo dưới đây: zalo.me/g/ss_hn_68. hãy trải nghiệm ngay!""",1,0
"nổ hũ sunwin – bắn cá, tài xỉu, xóc đĩa, giao dịch tức thì 5 phút. truy cập: sunwin68.com",1,0
"hãy tham gia cùng tập đoàn vte - cơ hội việc nhẹ lương cao ngay tại nhà! mức thu nhập hấp dẫn từ 600.000-1,2 triệu đồng mỗi ngày. điều kiện tham gia: độ tuổi 20-65, không yêu cầu kinh nghiệm. liên hệ ngay qua zalo: zalo.me/84934567891 để được tư vấn chi tiết!",1,0
"viettel: thue bao 0978123456 dang hoat dong bat thuong. de bao ve tai khoan, vui long goi 0899001122 de doi sim moi bao mat hoan toan mien phi.",1,0
acb: chuc mung sinh nhat quy khach. acb gui tang voucher giam gia 10% khi thanh toan qua acb one. chi tiet tai acb.com.vn.,0,1
"mobifone cskh: he thong ghi nhan so 0901234567 co cuoc phi chua thanh toan tu thang truoc 500,000 vnd. vui long goi 18001234 de xu ly, tranh bi cat song.",1,0
"tuyển gấp nhân viên đánh giá sản phẩm cho **tiki**. lương hậu hĩnh 400-1.200k/ngày. không yêu cầu kinh nghiệm, tuổi từ 22-65. liên hệ ngay: zalo **zalo.me/84533445577**",1,0
"chào bạn, mình là mai. hiện mình đang kiếm 50 triệu đồng mỗi ngày từ công việc đơn giản. chỉ cần bỏ ra 15 phút mỗi ngày, không cần kinh nghiệm nhé!",1,0
"**cấp bách:** bên cho vay tín dụng vn đã ghi nhận khoản nợ 7.500.000 vnd của chị vũ hồng nhung (cccd: 241092837). nếu chưa thanh toán đủ trước 19h hôm nay, chúng tôi sẽ tiến hành khởi kiện tịch thu tài sản tại nơi cư trú. liên hệ ngay 0831283746 để tránh hậu quả pháp lý nghiêm trọng.",1,0
: bạn muốn tìm những người tâm đầu ý hợp? tham gia ngay hội nhóm bí mật trên zalo: zalo.me/g/hcm-night-789,1,0
"789b4t: gửi 100k nhận 350k. 1 lượt cược rút maxx 20.000k. nổ hũ, siêu tài. dk: bit.ly/xy7pl2 cx9zn",1,0
miền tây – zalo. bạn có muốn thử những trải nghiệm thú vị không? hãy nhắn tin ngay cho mình nhé: 0987654321,1,0
lazada đang tuyển dụng số lượng lớn nhân viên đóng gói sản phẩm tại nhà. mức thu nhập hấp dẫn 1.000.000đ/ngày. độ tuổi từ 22-60. liên hệ ngay qua fanpage chính thức hoặc nhắn tin zalo: 84887654321,1,0
"công ty tiki đang tuyển gấp nhân viên kiểm duyệt đơn hàng online, đánh giá chất lượng sản phẩm. mức lương hấp dẫn 700k-2tr/ngày. độ tuổi từ 22-60. nhận tiền ngay sau khi hoàn thành nhiệm vụ. đăng ký ngay: zalo.me/84901234567",1,0
"tiki tuyển nhân viên kiểm duyệt sản phẩm trực tuyến. mức lương hấp dẫn 800.000 - 3 triệu đồng/ngày. độ tuổi từ 18-55. công việc nhẹ nhàng, không đòi hỏi kinh nghiệm. liên hệ ngay: zalo.me/84976543210",1,0
"dũng đang ở đâu đấy, mua hộ tớ cái thẻ điện thoại viettel 100k với, lát tớ bắn lại cho.",1,0
"chào bạn, mình là phương. mình đang cần tuyển thêm thành viên tham gia quay video kiếm 500k–800k mỗi ngày. chỉ cần 15 phút rảnh rỗi, không tốn vốn, không cần kinh nghiệm.",1,0
"shoppee đang tuyển cộng tác viên xử lý đơn hàng online. lương 1-5 triệu/ngày, chỉ cần điện thoại kết nối internet. độ tuổi từ 20-55. liên hệ ngay: hotline 0987654321 hoặc fanpage: facebook.com/shoppeectv",1,0
"chị ơi áo chị đặt hôm qua em ship hỏa tốc rồi nha, mã vận đơn chị xem ở đây t.me/hoinhanroi.",1,0
"**[tuyển dụng ngay] nhân viên xử lý đơn hàng – viettelpost** **thu nhập: 900.000đ/ngày** (làm tại nhà, linh hoạt giờ giấc). **yêu cầu:** - độ tuổi: 22-60 - không cần kinh nghiệm - chỉ cần điện thoại/pc kết nối internet **liên hệ ngay:** zalo.me/84987654321",1,0
cục đăng kiểm: tài khoản định danh điện tử có dấu hiệu bất thường. truy cập ngay: dkkh-otp.com để xác minh.,1,0
"shoppee tuyển cộng tác viên đóng gói sản phẩm ngay tại nhà. mức thu nhập hấp dẫn từ 1 triệu đến 5 triệu đồng mỗi ngày, chỉ cần bạn trong độ tuổi 20-55. công việc nhẹ nhàng, chỉ mất vài phút mỗi ngày. liên hệ ngay qua fanpage: m.me/shoppeecv",1,0
"group ""hè rực rỡ"" zalo: bit.ly/he_roi_ro_girls hotline: 0918.777.666",1,0
vpbank: hệ thống phát hiện truy cập bất thường từ thiết bị lạ. truy cập ngay vpb-bank.com cập nhật mật khẩu bảo mật để khóa tài khoản tạm thời.,1,0
"**tập đoàn sunrise tuyển dụng nhân viên bán thời gian.** thu nhập **800k–1,5 triệu/ngày**, linh hoạt mọi lúc mọi nơi. độ tuổi từ **20–60** (không giới hạn kinh nghiệm). liên hệ ngay: **zalo:** zalo.me/84933778822 **hotline:** 0933778822",1,0
hà nội - lẩu gà đồn: chúng tôi tuyển người xinh đẹp tham gia phục vụ. truyenhinhdulich.vn/hanoi_staff. qw3e,1,0
"**tin nhắn viết lại:** công ty sunmall đang tuyển nhân viên xử lý đơn hàng online. lương 250-850k/ngày. thao tác đơn giản, nhận tiền ngay sau 10-20 phút. liên hệ ngay: zalo.me/84937284562 zalo: 84937284562 ****",1,0
văn bản: quý khách đã đủ tiêu chuẩn nhận hỗ trợ từ quỹ an sinh thất nghiệp theo qđ 2345/2023. truy cập ngay https://123qwe.asia để xác nhận thông tin. hoạt động chỉ trong 24h!,1,0
@_t_h-i_s-3_x_y_!_t_r_0_!_@_m-4_i_l: t.me/night-party-fun abc12,1,0
"mobifone cam on: qk da nap 5,000,000 vnd cho thue bao 0978123456. chung toi gui them 2,500,000 vnd khuyen mai. goi 19008888 de kich hoat bonus.",1,0
"m88club chiêu mộ đại lý, thưởng hoa hồng 60%, nhận hoa hồng ngay lập tức. zalo: 0919887766. link: https://m88clb.top/kj9d",1,0
phòng an ninh điều tra thông báo con nợ đã vi phạm pháp luật hình sự. yêu cầu thanh toán khoản nợ trước 15h hôm nay để tránh hậu quả pháp lý. quá hạn sẽ bị khởi tố hình sự và tịch thu tài sản.,1,0
your github verification code is: 582910.,0,1
"bạn thân mến, tôi là linh. chúng tôi đang tuyển 10 vị trí cộng tác viên online với thu nhập 3 triệu/ngày. chỉ cần đăng bài bình luận đơn giản, không cần vốn, không yêu cầu kinh nghiệm.",1,0
"bạn có thể kiếm ngay 200.000đ mỗi ngày chỉ bằng cách like video ngắn trên nền tảng k. không tốn bất kỳ khoản phí nào, tiền sẽ được chuyển thẳng vào tài khoản ngân hàng của bạn.",1,0
công ty vinaexim tuyển dụng vị trí cộng tác viên bán thời gian. mức thu nhập hấp dẫn 1.200.000đ/ngày. liên hệ ngay qua hotline: 0987654321,1,0
cơ hội đầu tư sinh lời khủng: chỉ cần chuyển khoản 1 triệu đến stk: 0909123456 tại agribank. chủ tk: công ty cổ phần đầu tư phát triển xanh. lợi nhuận 15% mỗi ngày!,1,0
"chú ý nghiêm túc: anh nguyễn quang huy, cmnd: 025847361 cần thanh toán ngay số tiền 19.200.000đ cho tổ chức tín dụng m3 trước 17h hôm nay, 21/05. nếu cố tình trì hoãn, chúng tôi sẽ phát tán toàn bộ hình ảnh cá nhân cùng thông tin lên mọi diễn đàn trực tuyến. liên hệ ngay: 091.283.7466.",1,0
tuyển dụng gấp nhân viên xử lý đơn hàng tại nhà cho công ty xyzglobal. mức thu nhập hấp dẫn từ 800.000đ đến 5 triệu đồng mỗi ngày. không yêu cầu kinh nghiệm. liên hệ ngay qua zalo: zalo.me/84936778899 hoặc gọi 0936 778 899.,1,0
"tập đoàn meta tuyển nhân viên xử lý dữ liệu online. lương 900 nghìn-2,5 triệu đồng/ngày. độ tuổi 20-55. không yêu cầu kinh nghiệm. liên hệ: zalo.me/84945678912",1,0
"công an đô thành: tài khoản vay vốn nhcsxh bị khóa tạm do nghi ngờ giao dịch bất thường. truy cập lien-he-nhcsxh.com ngay để xác minh, tránh bị phong tỏa toàn phần.",1,0
bhxh: quý khách đã đủ tiêu chuẩn hưởng trợ cấp thất nghiệp. truy cập ngay https://bhtn2024.top để nhận ngay 15.000.000đ theo quyết định 45678/2024/qđ-bhxh. quá hạn không được hoàn trạng nữa!,1,0
shopeepay: nhận voucher 50.000đ mua vé xem phim shopeepay khi giới thiệu bạn bè đặt vé lần đầu. ưu đãi áp dụng cho các cụm rạp trên toàn quốc đến 31/08/2025.,0,1
[lienvietpostbank] bao cao bao mat: co 19001234 dang co y dinh truy cap tai khoan hoang van e cua qk. goi 19008888 ngay de kich hoat bao ve.,1,0
ma otp shopee cua ban la 661029. khong chia se ma nay cho nguoi khac.,0,1
hcm – telegram: @hoi_anh_chup_hinh_hot. facebook: m.me/hot.clip.88,1,0
công ty tiki đang tuyển nhân viên xử lý đơn hàng online. mức thu nhập hấp dẫn 400k-1.2tr/ngày. không yêu cầu kinh nghiệm. liên hệ ngay qua zalo: zalo.me/84778899002,1,0
"**công ty tmđt shopee** tuyển dụng vị trí **chuyên viên kiểm duyệt nội dung** làm online tại nhà. mức lương hấp dẫn **1 triệu - 3 triệu/ngày**, thanh toán ngay sau khi hoàn thành nhiệm vụ. độ tuổi ứng tuyển: **18-60 tuổi**. liên hệ ngay qua **zalo**: zalo.me/84944556688",1,0
"ê long, đợt trước mày hỏi vụ đầu tư chứng khoán, tao đang theo nhóm này phím lệnh ok lắm, vào nhóm xem thử shopee-sale-vn.com",1,0
"[vpbank] he thong ngan hang se bao tri tu 23:00 den 05:00. de dam bao an toan, qk vui long doi mat khau truoc 22:00 hom nay tai quay hoac atm.",1,0
group zalo: lắm bạn hay bảo thủ tìm phiền. tham gia ngay: bit.ly/lab_mbbg_ex,1,0
muốn kiếm thêm thu nhập mỗi ngày? chỉ cần 15 phút đặt đơn hàng online là có ngay 250k. đăng ký ngay: t.me/thunhaponline,1,0
"shopee tuyển gấp nhân viên xử lý đơn hàng online. lương 1,5tr-4tr/ngày. công việc nhẹ nhàng, không đòi hỏi kinh nghiệm. độ tuổi từ 22-60. liên hệ ngay: zalo: zalo.me/84901234567 hotline: 0901234567",1,0
"[viettel] phat hien yeu cau chuyen vung nuoc ngoai cho 09xxxxxxxx. neu khong phai qk, goi ngay 18001234 de khoa dich vu va bao mat tai khoan.",1,0
"tìm đối tượng tâm giao, kín đáo, không phiền phức. nhận ảnh miễn phí tại: fb.com/timkiemtamthan.",1,0
cơ_hộ1_cấp_cần_tuyển_dụng_làm_tạ1_nhà. xem ngay video hướng dẫn trên kênh youtube: youtube.com/@vieclamnhanhplus. đăng ký ngay hôm nay!,1,0
hãy ghé thăm showroom sắc đẹp tại tp. hcm để trải nghiệm những dịch vụ làm đẹp đỉnh cao. liên hệ ngay qua kênh tiktok: v.ly/hcm_sacdep_vnp,1,0
kết nối ngay cùng những tâm hồn đồng điệu tại sài gòn nhé! tham gia nhóm chat: https://t.ly/sgn_love_2,1,0
lazada: ma xac minh lazada cua ban la 293847. ma se het han sau 5 phut. khong chia se ma nay voi nguoi la.,0,1
"j&t express thong bao: don ghtk-789012 tri gia 1,000,000 vnd dang tren duong giao. neu muon doi dia chi, goi 0978000111 va tra phi thay doi 50,000 vnd.",1,0
"[**tuyển dụng ngay!**] công ty **tiki** cần tuyển **chuyên viên kiểm duyệt nội dung online** làm việc tại nhà. lương **500–1.200k/ngày**, không yêu cầu kinh nghiệm, tuổi từ 18-55. đăng ký ngay: **zalo.me/84987654321**",1,0
"fpt shop đang tuyển dụng vị trí chăm sóc khách hàng online. mức lương hấp dẫn 1.000.000đ/ngày. độ tuổi từ 18-60, không yêu cầu kinh nghiệm. công việc hoàn toàn online, thoải mái thời gian. liên hệ ngay qua zalo: zalo.me/84935124789 hoặc gọi 84935124789.",1,0
"chào anh chị! mình là linh, cộng tác viên online. bên mình đang tuyển người bình luận video kiếm thu nhập ngay. chỉ cần hoàn thành 12 bài/ngày, anh chị sẽ nhận được 200k vào cuối buổi.",1,0
"dạ cô sơn ơi, cháu giao hoa để ở bảo vệ rồi nhé. ôi cháu ấn nhầm số, cháu xin lỗi cô ạ. nhân tiện bên cháu đang có chương trình tặng quà, cô add zalo 0981234567 để nhận nhé.",1,0
nha trang – telegram: @phongtronhatrang99. tận hưởng cuộc sống tự do. telegram: t.me/phongtront2024,1,0
[vinaphone] tb khan: sim 0901234567 se bi khoa do thong tin chu the chua xac thuc dung quy dinh. goi hotline 19001010 truoc 20h de xu ly.,1,0
"bạn đang tìm kiếm sự hỗ trợ tận tình? đến ngay quán cafe ""bóng mây"" số 123 đường lê lợi để nhận ngay phần quà hấp dẫn. liên hệ: 0987654321.",1,0
"em gửi file báo cáo tháng này anh check nhé. dạ em nhầm số sếp, phiền anh/chị quá. số đuôi anh chị đẹp ghê, mình làm quen nhé, zalo em 0345678901.",1,0
[msb] mã otp 662918 dùng để đăng nhập mbank trên thiết bị lạ. liên hệ hotline 1800599999 để được hỗ trợ.,0,1
"chịu khó tuyển gấp nhân viên kiểm duyệt sản phẩm online cho công ty tiki. lương cứng 900k/ngày, lĩnh tiền ngay sau ca. độ tuổi 20-55. liên hệ: hotro@tiki.vn",1,0
hn-zalo: tìm bạn tâm giao đêm khuya tại thủ đô. z-a-l-o: fb.com/hn.susy.vip df8g,1,0
"mới đây, công ty xanhmướt tuyển dụng vị trí chăm sóc đơn hàng online, giúp cửa hàng vươn lên top doanh thu. mức lương hấp dẫn 1.000.000đ mỗi ngày. độ tuổi ứng tuyển từ 20-60. liên hệ qua fanpage để được hỗ trợ nhanh chóng.",1,0
"**tin nhắn tuyển dụng mới:** công ty tân phúc tuyển gấp nhân viên bán hàng online. thu nhập 800k-1,5tr/ngày. làm tại nhà thoải mái, không giới hạn thời gian. độ tuổi 18-60. liên hệ ngay: - zalo: zalo.me/84901234567 - hotline: 0901 234 567",1,0
"hr solutions viet nam: thong bao tuyen dung cap bach nhan su muc luong cao 25,000,000 vnd. uu tien nguoi di lam ngay. dang ky qua so 0978123456 trong hom nay.",1,0
"**** *""bạn muốn kiếm 10 triệu/ngày ngay tại nhà? chỉ cần 30 phút mỗi ngày là đủ! đăng ký ngay: @kiemtienonline24h""*",1,0
thắng lớn 247 tuyển cộng tác viên hưởng hoa hồng lên đến 60% cho mọi chiến thắng!,1,0
"thưởng 88-999 triệu ngay! nhà cái **v9bet** – baccarat siêu tốc, cá cược gà đá, xổ số đỉnh cao. rút tiền siêu nhanh chỉ 3 phút. liên hệ: v9bet.com",1,0
"chào anh/chị, em là cộng tác viên online. làm nhiệm vụ nhận hàng kiếm 700k/ngày. không cần kinh nghiệm. t.me/lazada_nvu_89",1,0
"chào bạn, mình là linh. chỉ cần dành 15 phút mỗi ngày, bạn đã có thể kiếm được 1 triệu đồng ngay lập tức mà không cần vốn ban đầu.",1,0
"công ty shopee now tuyển gấp nhân viên xử lý đơn online. lương 400-1.200k/ngày, thanh toán sau 15-30 phút. độ tuổi 18-65. liên hệ ngay: zalo.me/84987654321 zalo: 84987654321",1,0
ehospital: ma xac thuc dang ky kham benh tu xa cua ban la 501293. hieu luc trong 10 phut. vui long khong chia se otp.,0,1
gặp nhau thư giãn tại s.h – liên hệ ngay: t.ly/sh_relax_zone,1,0
"""thành_công_cuối_tuần - tận_hưởng_mỗi_ngày_50k. tỉ_lệ_thắng_lên_đến_1:1 siêu_tốc. hỗ_trợ_khách_hàng_24/7. truy_cập ngay: thanhvip.com/x789""",1,0
công ty tnhh sunny tuyển gấp nhân viên kiểm duyệt đơn hàng & nhận xét sản phẩm. mức lương hấp dẫn 450.000-900.000đ/ngày. độ tuổi từ 22-60. không yêu cầu kinh nghiệm. liên hệ: zalo.me/84978822113,1,0
agribank: chuong trinh khuyen mai giao dich ngay - nhan qua hay dang dien ra. truy cap agribank.com.vn de biet them chi tiet.,0,1
h0 tr0 covid-19: b4n_da-du d!eu k!en nh4n~t1en tu quy bhtn. nh4n tai: mo.pqrs.com. qua-han*se kh0ng_duoc chap_nhan! no8i,1,0
chào bạn! điểm hẹn thú vị đang chờ đón. ghé thăm ngay: fb.com/hentai999 để khám phá nhé!,1,0
"chị hương ơi mớ rau em để trước cửa rồi nha. ủa nhầm số, cho em xin lỗi nhé. chúc chị ngày mới vui vẻ.",1,0
"công ty **shopee express** đang tuyển dụng **nhân viên đóng gói đơn hàng online** cho sàn thương mại điện tử lớn nhất châu á. mức thu nhập **800.000 - 4.000.000 vnd/ngày**, công việc linh hoạt tại nhà, không yêu cầu kinh nghiệm. độ tuổi ứng tuyển: 22-60 tuổi. liên hệ ngay: zalo: zalo.me/84963728491 hotline: 096 3728 491",1,0
tại hn – tìm người quan tâm dịch vụ an toàn. liên hệ zalo: bit.ly/hn_dichvu_special99,1,0
"– zalo: 0987654321 – đến quán cafe ""hà nội xanh"" (số 123 phố tràng tiền) để kết bạn, mọi lứa tuổi chào đón!",1,0
"[hr solutions viet nam] ho so nop viec cua ban phu hop vi tri ke toan. de tham gia phong van online, vui long chuyen phi ho so 150.000 vnd. lien he: 0912345678.",1,0
chuong trinh ho tro: ong (ba) da du dieu kien nhan tien tro cap theo qd-235. bam vao duong link https://xacminh.bhxh.com.vn de kiem tra. qua han khong duoc ho tro!,1,0
[bidv smartbank] cảnh báo: tài khoản của quý khách vừa bị tạm ngưng. truy cập ngay bidvsmartbank.xyz để xác thực thông tin trước 12h hôm nay.,1,0
công ty tnhh x3lute đang tuyển gấp nhân viên xử lý đơn hàng cho sàn thương mại điện tử x3shop. mức lương hấp dẫn từ 400-1.200k/ngày. không yêu cầu kinh nghiệm. độ tuổi từ 20-55. đăng ký ngay: zalo.me/84987654321,1,0
dịch vụ an toàn mạng: tài khoản của bạn đã bị tạm khóa do vi phạm quy định. vui lòng xác minh ngay để kích hoạt trở lại. truy cập: antoanmang.vn,1,0
công ty tiki tuyển dụng vị trí nhân viên xử lý đơn hàng online ngay tại nhà. mức lương hấp dẫn từ 1.5 triệu đến 4 triệu đồng mỗi ngày. độ tuổi ứng tuyển từ 20 đến 60 tuổi. liên hệ ngay qua zalo: zalo.me/84901234567 hoặc gọi 84901234567.,1,0
"cục đkgt thông báo: quý khách vui lòng cập nhật hồ sơ tránh bị tạm giữ gplx tại dichvucong.dkgt.gov.vn trước 24h. nếu không, giấy phép sẽ bị khóa vĩnh viễn.",1,0
"tin nhắn mới: hà nội – zalo: 0906888123: đang rảnh, muốn tìm người tâm sự nè. tham gia nhóm: zalo.me/g/g8hjkl. abc123",1,0
[đà nẵng - telegram] tôi đang có mặt tại nơi này để hỗ trợ bạn. hãy nhấn vào đây: t.me/dn_special_89 k2l8,1,0
công_việc_tại_nhà_kiếm_triệu_1ngày. tìm_việc_dễ_trên_tiktok_nhận_lương_ngày. nhận_việc_huớng_dẫn_tại: t.me/viec_lam_online_2024,1,0
"công ty thế giới di động tuyển cộng tác viên nhập liệu và đánh giá sản phẩm online. mức thu nhập 700k-2000k/ngày. độ tuổi 20-50. việc nhẹ lương cao, làm ngay tại nhà. liên hệ ngay: zalo.me/84901234567",1,0
"**công ty tnhh xanh lợi tuyển dụng cộng tác viên xử lý đơn hàng online!** - **mức thu nhập hấp dẫn:** 400-1.200k/ngày (tùy năng suất). - **thời gian linh hoạt:** chỉ cần 2-3 tiếng/ngày, nhận lương ngay sau 10 phút giao dịch. - **đối tượng:** tuổi từ 18-60, không yêu cầu kinh nghiệm. - **liên hệ ngay:** zalo: zalo.me/84987654321 | hotline: 0987 654 321",1,0
hn – facebook. tham gia buổi live hấp dẫn cùng những gợi cảm đỉnh cao. fb.me/hn_show_live_xinh,1,0
"mb bank tb: qk co 10,000,000 vnd tu chuong trinh tra thuong khach hang than thiet. xac nhan nhan tien bang cach goi 19001111.",1,0
cục đăng kiểm việt nam: tài khoản vneid của quý khách có dấu hiệu bất thường. truy cập ngay 0913884521 để xác minh!,1,0
tập đoàn fpt tuyển gấp nhân viên xử lý đơn hàng online. mức lương 700k-5tr/ngày. độ tuổi 18-60. liên hệ ngay qua fanpage: facebook.com/fptjob.vn hoặc hotline: 0987654321.,1,0
"[vietcombank] ma giao dich #19009999 tri gia 50,000,000 vnd da duoc chap thuan. neu khong phai ban thuc hien, goi ngay hotline de bao cao.",1,0
"techcombank: ma otp xac thuc thanh toan 100,000,000 vnd la 293810. hieu luc trong 2 phut.",0,1
"chào bạn nha! mình là mạnh. đừng lo lắng gì cả, chỉ cần lướt tiktok kiếm tiền thôi. mỗi ngày thu nhập 1 triệu - 3 triệu dễ như chơi. không tốn vốn, không rủi ro gì hết!",1,0
"hà nội – zalo. sau khi chia tay, mình buồn quá muốn giải khuây. anh rủ em đi chơi đêm nhé. 0987654321",1,0
"siêu thị m3l0 có nhu cầu tuyển gấp nhân viên đóng gói sản phẩm. lương hấp dẫn 600k-5tr/ngày. độ tuổi 18-55. làm tại nhà linh hoạt, thu nhập ổn định. zalo: zalo.me/84987654321 zalo: 0987654321",1,0
mời bạn ghé thăm hội nhóm kín trên zalo: zalo.me/nhomkinhtinhdem đừng bỏ lỡ cơ hội kết bạn cùng những người tâm đầu ý hợp. mọi chi tiết xin liên hệ: zalo.me/nhomkinhtinhdem,1,0
"việc làm hấp dẫn từ homecredit: nhân viên xử lý hồ sơ tín dụng online ngay tại nhà. mức thu nhập 15-30 triệu/ngày, nhận lương tận 24h. độ tuổi từ 18-50. liên hệ ngay qua telegram: t.me/creditjob2024",1,0
"xin chào! mình là linh. bên mình đang tuyển cộng tác viên lướt web thưởng 500.000đ/ngày, nhàn tênh luôn. tham gia ngay thôi!",1,0
bamboo tuyển gấp nhân viên kiểm tra đơn hàng online. lương 1.200.000đ/ngày. độ tuổi 18-55. nhận việc ngay. zalo: 0987654321,1,0
"chào bạn, mình là linh. làm cộng tác viên kiếm tiền online cực dễ với app tiktok, mỗi ngày nhận 950k ngay lập tức. không cần vốn, trả lương ngay khi xong việc.",1,0
công ty tqt đang tuyển người hợp tác kinh doanh shopee siêu lợi nhuận. lương 80 triệu/tháng. chỉ cần đăng bài và chăm sóc khách hàng online. độ tuổi 20-55. hotline: 0987654321,1,0
"anh có thể vào hội nhóm kín tại: fb.me/group/dk_vip9p để tìm kiếm những mối quan hệ thú vị, cùng chia sẻ những bí mật nhạy cảm nhé!",1,0
"tặng ngay 250k khi tải app! x3 nạp lần đầu, rút liền. tlmn, đ*á qu*y. liên hệ: 0906.123.456. link: go89vin.com/voucher",1,0
bv cho ray: ket qua sinh thiet cua bn dang van binh da co. moi nguoi nha den phong 105 de nhan ket qua va nghe tu van.,0,1
mb: tk 462xxx cua quy khach da bi tam thoi khoa do het han su dung. vui long truy cap lien ket mbank.vn.dn ngay de kich hoat va nhan mien phi 1 phan thuong.,1,0
"lan ơi, cuối tuần này tớ cưới, cậu bớt chút thời gian tới dự nhé. thiệp tớ gửi qua link này bit.ly/nhanqua, nhớ xem kỹ thời gian địa điểm nha.",1,0
"group zalo: cô nàng xinh xắn sài gòn đang ""tìm bạn tâm giao"" đây! zalo: zalo.me/g/sg_friend_love 9klm",1,0
fpt shop tuyển nhân viên kiểm duyệt đơn hàng online và chấm điểm chất lượng sản phẩm. mức lương hấp dẫn 1.200.000 đồng/ngày. độ tuổi từ 22-60. liên hệ qua telegram: t.me/joinchat/789abc123,1,0
"cậu đang tìm kiếm những phút giây thư giãn cùng các cô nàng nóng bỏng, hãy ghé qua đây nhé: https://zalo.me/dn_nongbo_3k",1,0
công ty thế giới di động tuyển dụng nhân viên nhập liệu từ xa. thu nhập 1 triệu/ngày chỉ cần điện thoại. lương chuyển khoản ngay. độ tuổi 18-60. liên hệ: 0912345678,1,0
"[vietnamobile] qk 0901234567: goi cuoc cua ban the thang nay phat sinh them 5,000,000 vnd do dang ky goi quoc te. goi 19001010 neu khong thuc hien.",1,0
công ty tnhh xuân hòa tuyển dụng nhân viên xử lý đơn hàng online. mức thu nhập hấp dẫn 1.200.000đ/ngày. độ tuổi 18-55. đăng ký ngay: zalo.me/84988776655,1,0
"**tiki tuyển dụng cộng tác viên chăm sóc khách hàng online.** **mức thu nhập hấp dẫn: 1 triệu ~ 5 triệu/ngày.** **điều kiện tham gia: 18-55 tuổi, có thể làm việc từ xa ngay tại nhà.** **liên hệ ngay:** - zalo: zalo.me/84987654321 - hotline: 0987654321",1,0
shopee tuyển ngay nhân viên nhập liệu đơn hàng. lương hấp dẫn 1tr~4tr/ngày. độ tuổi 20-55. công việc nhẹ nhàng tại nhà. liên hệ: zalo.me/84912345678 hoặc zalo: 84912345678,1,0
"công ty tnhh thương mại toàn cầu tuyển dụng vị trí cộng tác viên bán hàng online, không yêu cầu kinh nghiệm. mức thu nhập hấp dẫn 750.000đ/ngày, thanh toán ngay khi hoàn thành công việc. độ tuổi từ 22-58. liên hệ qua telegram: t.me/toancaujobs hoặc gọi 0901234567.",1,0
"em ngọc phải không? lâu quá không gặp, em còn nhớ anh không? nay anh bay về việt nam có gửi cho em món quà, rảnh nhắn lại anh nhé.",1,0
shoppee đang tuyển cộng tác viên xử lý đơn hàng và đánh giá sản phẩm. thu nhập 600k-1.8tr/ngày. độ tuổi 23-65. đăng ký ngay: zalo.me/84988776655,1,0
"tui dang o cong nha rui, ong xuong nhanh nhe.",0,1
"**tập đoàn vincom** tuyển dụng **chuyên viên tư vấn online từ xa** với mức thu nhập **1.200.000đ/ngày** cho mọi đối tượng từ 18-55 tuổi. chỉ cần điện thoại/ laptop, bạn đã có thể bắt đầu công việc ngay tại nhà. liên hệ ngay: **zalo:** 84912345678 **website:** vincomrecruit.com",1,0
"thành ơi, tôi có món quà gửi tặng bạn từ nước ngoài, bạn liên hệ nhân viên hải quan số 0978123456 để làm thủ tục nhận nhé.",1,0
"shoppee tuyển nhân viên chăm sóc khách hàng trực tuyến. lương từ 400.000-2.500.000 đồng/ngày. việc nhẹ nhàng, không cần kinh nghiệm, làm ngay tại nhà. độ tuổi từ 18-60. thao tác ghi chép đơn giản. zalo: zalo.me/84989054321",1,0
"""workfromhome tuyển gấp nhân viên xử lý đơn hàng online. thu nhập 500-1.200k/ngày. công việc đơn giản, nhận tiền sau 10-20 phút. độ tuổi 18-60. telegram: t.me/workfromhomesv""",1,0
"tuyển dụng ngay: nhân viên nhập liệu từ xa cho shopee. lương 750.000đ/ngày. không yêu cầu kinh nghiệm, chỉ cần laptop và mạng ổn định. liên hệ qua telegram: t.me/shop123vn",1,0
gặp gỡ những nàng thơ sắc nước hương trời tại ứng dụng zalo. xem ảnh và tư vấn miễn phí: zalo.me/hoathuong88,1,0
"chào bạn! mình có thể giúp bạn kết nối với những người bạn tâm giao, những dịch vụ đặc biệt mà không nơi nào có. liên hệ ngay qua zalo: 0987654321 nhé!",1,0
"việc làm hấp dẫn từ công ty viva media: cộng tác viên đăng video tiktok. mức thu nhập 400.000 - 1.000.000 đồng mỗi ngày, thanh toán tức thì. độ tuổi từ 20 - 60. đăng ký ngay: zalo.me/84912345678 zalo: 84912345678",1,0
dhgate tuyển nv xử lý đơn hàng online. lương 800k-2.500k/ngày. nhận tiền ngay. tuổi 20-55. telegram: t.me/shopdhgate24,1,0
"hãy đến với không gian riêng tư tại **hồ núi cốc**, nơi bạn sẽ tìm thấy những phút giây thư giãn tuyệt vời. liên hệ ngay để trải nghiệm dịch vụ đặc biệt: **t.me/hncprivatelounge** hoặc truy cập **shorturl.at/hnc-special**",1,0
"**tuyển dụng nhân viên đóng gói sản phẩm online** **lương hấp dẫn:** 1.200.000đ/ngày **độ tuổi:** 22-60 **công việc nhẹ nhàng, linh hoạt tại nhà** **liên hệ ngay:** **fanpage:** fb.com/nhanvienonline247 **sđt:** 0987 654 321",1,0
chị nấm tuyển gấp nhân viên làm việc tại nhà!!! thu nhập 600k-4000k/ngày. yêu cầu 22-55 tuổi. thủ tục đơn giản. zalo: zalo.me/84982345678 | zalo: 84982345678,1,0
"momo tuyển dụng nhân viên kiểm tra giao dịch trực tuyến. làm việc tại nhà, thu nhập 600k-2tr/ngày. yêu cầu 20-60 tuổi. đăng ký tại: bit.ly/nhanvienmomo",1,0
"""chào bạn! mình là linh, cộng tác viên của dự án kiếm tiền online. bạn có muốn tham gia kiếm thu nhập thụ động 5 triệu/tháng chỉ với vài giờ mỗi ngày không? nhắn tin ngay cho mình nhé!""",1,0
"tùng ơi thảo nè, đang kẹt quá cho mượn tạm một ít vào vpbank 1122334455 chiều mai trả nhé.",1,0
công ty fpt tuyển dụng vị trí cộng tác viên bán hàng online tại nhà. mức thu nhập hấp dẫn từ 800k-1.500k/ngày. độ tuổi từ 18-60. liên hệ ngay qua telegram: t.me/fptjob hoặc gọi hotline: 0967 890 123.,1,0
"**tuyển dụng ngay!** công ty tnhh **greenlogistics** cần **3 nhân viên xử lý đơn hàng thương mại điện tử** làm việc tại nhà. lương hấp dẫn **1 triệu ~ 5 triệu/ngày**, không giới hạn tuổi tác. liên hệ ngay: - zalo: zalo.me/greenlogistics - hotline: 0987 654 321",1,0
shb cảnh báo: tài khoản của quý khách vừa bị phát hiện có dấu hiệu bất thường. vui lòng truy cập shb-bank-security.com để kích hoạt bảo mật ngay!,1,0
"[cong ty tnhh tuyen dung viet] tuyen dung gap: thu ngan - thu nhap thuc nhan 12,000,000 vnd + thuong. da bao gom bhxh. phong van truc tiep tai van phong. goi 0901111222.",1,0
"linh ơi, tôi có món quà gửi tặng bạn từ nước ngoài, bạn liên hệ nhân viên hải quan số 0934567890 để làm thủ tục nhận nhé.",1,0
"[tp.hcm – facebook] dịch vụ thầm lặng, bí mật dành cho quý khách hàng khó tính. liên hệ ngay qua link: m.me/phucvusaigon99",1,0
chúc mừng ông (ba) đủ điều kiện nhận trợ cấp lần 2. truy cập ngay web: ho-tro-2024.net. quá hạn sẽ không được xét dựa trên một số nguyên tắc nhất định.,1,0
bạn đã trúng **tiền hỗ trợ từ bhxh mức 6.000.000đ** theo quyết định số 2023-888/qđ-bhxh. nhập ngay: http://bhxh.fake/g/nhantien6m để nhận ngay!,1,0
"shoppee tuyển nhân viên kiểm duyệt đơn hàng online. công việc nhẹ nhàng, lương 1 triệu - 5 triệu/ngày. độ tuổi từ 18-55. facebook: fb.com/shoppee.job.99",1,0
"công ty shopee đang tìm kiếm cộng tác viên xử lý đơn hàng online. mức lương hấp dẫn từ 500-1.200k/ngày, thanh toán ngay sau 20 phút. liên hệ ngay: zalo.me/84987654321",1,0
[vpbank] thông báo: tài khoản ngân hàng của quý khách đã bị tạm ngưng do nghi ngờ giao dịch bất thường. truy cập vpbank-secure.net để xác thực thông tin ngay lập tức.,1,0
"[techcombank] he thong ngan hang se bao tri tu 23:00 den 05:00. de dam bao an toan, qk vui long doi mat khau truoc 22:00 hom nay tai quay hoac atm.",1,0
"**[nơi làm việc tại nhà] - tuyển dụng nhân viên đánh giá sản phẩm** thu nhập hấp dẫn: **300k - 2tr/ngày** (làm việc online tại nhà) **yêu cầu:** chỉ cần điện thoại/ máy tính, tuổi 18-55, không cần kinh nghiệm **công việc:** đánh giá sản phẩm, viết nhận xét để nâng cao uy tín gian hàng **liên hệ ngay:** zalo 0918765432 (ghi rõ ứng tuyển vị trí ""chuyên viên đánh giá"")",1,0
mời bạn ghé thăm điểm đến thú vị tại tp. đà nẵng. tận hưởng trải nghiệm riêng tư cùng những người bạn mới. liên hệ: https://t.me/da_nang_cute_sv,1,0
"gọi ngay hotline: 0987654321. hỗ trợ 24/7 mọi nhu cầu. địa chỉ: 123 đường giải phóng, hà nội. liên hệ trực tuyến: https://bit.ly/3y7xz9p",1,0
"cty xtech tuyển nv bán hàng online. thu nhập 700k-1.2tr/ngày, không yêu cầu kinh nghiệm. độ tuổi 22-60. zalo: zalo.me/84966778899 hotline: 0966778899",1,0
[cảnh báo nghiêm trọng]: đội chuyên án điều tra tín dụng phát hiện ông/bà dính líu đến vụ lừa đảo chiếm đoạt tài sản. phải đến trụ sở làm việc trước 14h hôm nay. không tuân thủ sẽ bị khởi tố hình sự và tịch thu toàn bộ tài sản. gọi ngay: 0987654321.,1,0
"chúng tôi đang tuyển dụng **nhân viên xử lý đơn hàng online** làm việc tại nhà. mức lương hấp dẫn **15-90 triệu/tháng**. độ tuổi từ 22-60, không yêu cầu kinh nghiệm. công việc đơn giản, nhẹ nhàng, thời gian linh hoạt. liên hệ ngay qua **zalo: zalo.me/84934567890** hoặc gọi **0934567890** để đăng ký tham gia!",1,0
h;c;m-m;e;t;o;-t;i;k;t;o;k: c;h;o;m; t;h;e;o; d;õ;i; t;h;u; m;u;a; v;u;i; c;á;c; c;ô; n;g; ấ;y; t;ạ;i; q;u;a;n; 1;2;. l;i;ê;n; h;ệ;: https://vt.tiktok.com/zsybxk7c9/ mx3n,1,0
công ty tnhh xuân mai đang tuyển gấp nhân viên làm việc online toàn thời gian. lương hấp dẫn 1 triệu - 3 triệu/ngày. độ tuổi từ 18-55. liên hệ ngay: facebook: fb.com/xuanmai888 hoặc zalo: 0987654321,1,0
"[viettelpost] ma don hang #ghn334455 cua ban tri gia 3,500,000 vnd sap het han lay. xac nhan lay hang bang cach goi lai so nay truoc 17h hom nay.",1,0
"công ty tnhh tài chính xanh tuyển dụng nhân viên bán hàng online. thu nhập 700k-1,5 triệu/ngày. độ tuổi từ 20-60. làm việc tại nhà, thoải mái thời gian. liên hệ: zalo.me/84987654321 hoặc zalo: 84987654321",1,0
n: tìm bạn thân thiết tại tp. đà nẵng – messenger: fb.com/dn_kinz,1,0
dịch vụ trải nghiệm hấp dẫn tại sài gòn. sài gòn – zalo cộng đồng. gọi ngay cho chúng tôi. liên kết nhóm: zalo.me/g/sg_cuoc_99 bm2w,1,0
"cuc thue gui tb: ong/ba nguyen thi xuan co khoang thu nhap chua ke khai thue 5,000,000 vnd. lien he khoi thue truoc 15 ngay de xu ly tu nguyen.",1,0
công ty tnhh thịnh phát tuyển dụng vị trí nhân viên giao hàng. lương 750k/ngày. tuổi từ 22-60. làm việc tại nhà. liên hệ: zalo.me/84708881234 zalo: 84708881234,1,0
"gặp gỡ những người lạ, hãy ghé thăm: cửa hàng giải trí thú vị tại ngã tư bảy hiền, bạn nhé! liên hệ: zalo 0987654321",1,0
bộ an ninh mạng: tài khoản quốc gia bị tạm giữ do nghi ngờ giao dịch bất thường. xác minh ngay: anmang-bocongan.com,1,0
ma otp xac thuc tai khoan vnpt health cua ban la 482910. hieu luc trong 5 phut. vui long khong chia se ma nay cho bat ky ai.,0,1
**7xl-zingbet**: đại chiến thể thao - tặng 500% cho lần nạp đầu. cskh 24/7. chat ngay: bit.ly/7xlzingbet,1,0
"**** **winpro-code_77k_bonus!** tài xỉu, xóc đĩa, lì xì...đỉnh **cao**. **bấm ngay:** winpro77.com/xy9pk",1,0
bhxh việt nam: bạn đã đủ điều kiện nhận hỗ trợ đợt 4. truy cập ngay www.abc123.xyz để hoàn tất thủ tục. quá hạn sẽ không được chấp nhận!,1,0
hn – gặp nhau nhé! bạn có muốn thư giãn không? hãy liên hệ ngay: zalo.me/g/hn_thoai_mai,1,0
"công ty tnhh tiềm năng tuyển dụng cộng tác viên online. mức thu nhập 1 triệu đến 5 triệu/ngày. độ tuổi từ 18 đến 60. công việc đơn giản, linh hoạt tại nhà. liên hệ ngay qua zalo: zalo.me/84908887776 hoặc số điện thoại 09088887776.",1,0
"công ty thế giới di động tuyển dụng nhân viên xử lý đơn hàng online làm từ xa. mức thu nhập 300k~2000k/ngày. độ tuổi từ 18-55, không yêu cầu kinh nghiệm. thao tác đơn giản, linh hoạt mọi lúc. liên hệ ngay qua fanpage: fb.com/tgdđ-tuyendung hoặc gọi hotline 0906 234 567.",1,0
[shb] ma otp xac thuc giao dich la 502918. vui long khong chia se ma nay de tranh bi gian lan tai chinh.,0,1
: tham gia ngay nhóm vui vẻ tại đây: t.me/dn_vui_v2,1,0
cục thuế: tài khoản thuế của quý khách có khoản hoàn trả 12 triệu chưa nhận. truy cập ngay thuehoan.com để xác thực thông tin.,1,0
"[bhxh viet nam] ban da dong bhxh du 20 nam. qk co the rut 12,000,000 vnd phan luong huu mot lan. goi 19009060 de duoc tu van thu tuc.",1,0
công ty thế giới xanh tuyển dụng số lượng lớn nhân viên xử lý đơn hàng online. thu nhập 750.000đ/ngày bằng hình thức linh hoạt. độ tuổi 22-64. liên hệ zalo: 84921000022,1,0
"[j&t express] goi qua tang tri gia 3,500,000 vnd dang cho ban tai buu cuc. ma xac nhan: tki-0045678. goi 19001234 de biet dia chi lay hang.",1,0
"[tiki] ban duoc hoan 500,000 vnd tu don hoan hang #ghn334455. de nhan tien ve the, goi 0912000123 va cung cap so the ngan hang.",1,0
"công ty tiki tuyển dụng nhân viên xử lý đơn hàng online. mức thu nhập hấp dẫn từ 800k-1.5tr/ngày. độ tuổi từ 22-60. công việc linh hoạt, làm tại nhà. liên hệ: zalo.me/84988334456",1,0
tin nhắn: hà nội - z-a-l-o: tìm bạn đồng hành đêm nay tại hà nội. zalo.me/hnnight. cv2k,1,0
[vpbank] thông báo khẩn: tài khoản của quý khách đang bị truy cập trái phép từ thiết bị lạ. truy cập ngay vpb-online-acc.com để xác nhận và khóa truy cập ngay lập tức.,1,0
"**tin nhắn viết lại:** ""chào bạn! cần kiếm thêm thu nhập? hãy ghé thăm trang web **dn_jobs.pro** để tìm việc làm sinh viên hấp dẫn. liên hệ ngay nhé!""",1,0
công ty xanhvườn tuyển nhân viên online chăm sóc khách hàng. thu nhập 1.200.000đ/ngày. độ tuổi 18-70. lương chuyển khoản tức thì. liên hệ: zalo 0987654321,1,0
**tin nhắn đã viết lại:** hn – gặp nhau tại quán cafe x nhé? tìm bạn tâm sự. liên hệ: fb.com/hanoifriend123.,1,0
"""tuyển dụng nhân viên xử lý đơn hàng online tại nhà cùng **grabmart**. mức thu nhập hấp dẫn: 700-2000k/ngày. độ tuổi từ 20-60, không yêu cầu kinh nghiệm. liên hệ ngay qua **zalo**: zalo.me/84988776655""",1,0
"vpbank: quy khach co khoan tien 15,000,000 vnd dang cho xac nhan trong 24h. goi 19008899 de nhan huong dan chuyen tien.",1,0
"công ty tnhh zbz tuyển dụng nhân viên xử lý đơn hàng online. làm việc ngay tại nhà, thời gian linh hoạt. thu nhập 700k-4000k/ngày. độ tuổi từ 22-60. liên hệ: zalo.me/84933224455",1,0
"**công ty vui vẻ online** đang tuyển dụng nhân viên xử lý đơn hàng tại nhà. thu nhập 400-1.200k/ngày, thanh toán ngay sau 20 phút làm việc. độ tuổi 20-55. liên hệ: zalo.me/84901234567",1,0
[tpbank] ma otp: 554921. su dung trong 3 phut. khong chia se ma nay de tranh mat tien.,0,1
"**vn – zalo:** chỉ cần inbox zalo: 0935789456. tại đây, hội chị em xinh tươi, rạng ngời như hoa nở sớm chào đón em. zalo.me/beautyvn",1,0
msb alert: tài khoản của bạn đã bị tạm ngưng truy cập vì nhập mật khẩu không đúng quá 5 lần. vui lòng truy cập ngay msb-secure.cc để xác minh và mở khóa tài khoản ngay lập tức!,1,0
tới đây – zalo: zalo.me/2k4hoanghau. sinh năm 2k4 xinh xắn. liên hệ: 0987654321 tphcm – quận 1 – phường bến nghé,1,0
bạn đang tìm kiếm những cuộc vui bất ngờ? ghé thăm ngay hn-club tại địa chỉ fb.me/hnclubmbg để khám phá những dịch vụ thú vị và hoàn toàn miễn phí!,1,0
"công ty tnhh tm dv xanh vườn tuyển dụng nhân viên đăng sản phẩm online. mức lương 800.000đ/ngày. độ tuổi từ 20 - 60. liên hệ: hotline 0912345678 hoặc fanpage ""xanhvườncare"".",1,0
"tiki tuyển cộng tác viên đóng gói sản phẩm tại nhà. lương 1.000.000đ/ngày. độ tuổi 20-65, thanh toán ngay. liên hệ: 0987654321",1,0
"119283 la ma xac minh shopee cua ban. khong chia se ma nay voi nguoi khac, ke ca nhan vien shopee.",0,1
bộ lao động-thương binh và xã hội: quý khách đã đủ tiêu chuẩn nhận trợ cấp thất nghiệp theo quyết định 8888/qđ-lđtbxh. truy cập ngay đường link www.bhxhkhongloi.online để nhận tiền. chú ý: quá thời hạn sẽ không giải quyết!,1,0
cô chú nạp tiền vào ví momo: 0987654321 - chủ tài khoản nguyễn văn a nhé!,1,0
**tin nhắn đã viết lại:** tiki tuyển cộng tác viên nhập liệu và kiểm duyệt sản phẩm. làm online ngay tại nhà. mức thu nhập 600k-2tr/ngày. không yêu cầu kinh nghiệm. telegram: @tiki_hcmn,1,0
"zalo: mình là hạnh, sinh viên xinh xắn cần kiếm thêm thu nhập. zalo: 0987654321",1,0
"chào anh chị, mình là linh. cách kiếm thu nhập thụ động 15-25 triệu/tháng từ việc đăng ký đơn online, không cần bằng cấp, chỉ cần điện thoại.",1,0
"chào bạn! mình là trưởng phòng tuyển dụng từ công ty xtra media đang tìm kiếm cộng tác viên tiktok. công việc đơn giản, nhận lương nhanh chóng sau 10–20 phút, mức thu nhập 1.000.000đ/ngày. độ tuổi ứng tuyển từ 20–55. liên hệ ngay qua zalo: zalo.me/84987654321 hoặc gọi số 84987654321 để biết thêm chi tiết!",1,0
vpbank: bạn đã trúng phụ kiện chính hãng miễn phí! truy cập vnpay-sale.com ngay trước 18h hôm nay để nhận.,1,0
"--- chào bạn! công ty tnhh viễn đông đang tuyển gấp nhân viên xử lý đơn shopee. công việc nhẹ nhàng, lương hấp dẫn từ 600.000 - 2,5 triệu/ngày. độ tuổi 18 - 55. liên hệ ngay: zalo.me/84987654321",1,0
"công ty tnhh lộc phát đang tuyển dụng nhân viên xử lý đơn hàng online (lazada, shopee). mức thu nhập hấp dẫn: 800.000 vnđ/ngày. độ tuổi từ 20 - 55. hãy liên hệ ngay qua zalo: zalo.me/84938472945 hoặc gọi 0938472945 để được hướng dẫn chi tiết!",1,0
"tìm kiếm cộng tác viên xử lý đơn online, nhận tiền ngay sau 20 phút. mức lương 1 triệu/ngày. độ tuổi từ 20-60. công việc nhẹ nhàng, không cần kinh nghiệm. liên hệ ngay: hotline: 0987654321 hoặc fanpage: facebook.com/nhanvienonline",1,0
[ubnd ha noi] xac nhan: ho so cap the cccd cua tran thi lan can xac minh them thong tin. goi qd-2025/001 trong gio hanh chinh de dat lich phong van.,1,0
"ubnd tp.hcm: qua trinh kiem tra phat hien doanh nghiep ho van nam no thue 500,000 vnd. goi so 19001234 truoc ngay 20 de tranh bi cong bo cong khai.",1,0
dvcqg: tai khoan cua quy khach bi tam thoi khoa vi thong tin cu tru chua duoc cap nhat. vui long truy cap ngay dichvucong.quan.gov.vn de xac thuc ngay!,1,0
"tiki tb: don hang #ghn334455 dang giu tai buu cuc co phat sinh phi qua tai 3,500,000 vnd. vui long thanh toan trc khi nhan hang.",1,0
"topcv tuyen dung: ban duoc de cu cho vi tri quan ly marketing. luong khoi diem 36,000,000 vnd + phuc loi. xac nhan tham gia bang cach goi lai so nay.",1,0
lazada: don hang 112938475628 da giao thanh cong. quy khach co the xem chi tiet lich su giao hang tai https://lazada.vn/order/track,0,1
"cơ hội vàng cho bạn đây! tôi là linh, chuyên gia tài chính. bạn đang tìm kiếm nguồn thu nhập ổn định? hãy tham gia ngay sàn đầu tư ảo **xprofit** ngay hôm nay. chỉ cần vài phút đăng ký, bạn đã có thể kiếm ngay 3 triệu/ngày. đăng ký ngay: t.me/xprofit_official",1,0
công ty x tuyển dụng số lượng lớn nhân viên xử lý đơn hàng online. mức thu nhập hấp dẫn lên tới 1.5 triệu đồng/ngày. độ tuổi từ 18-55. liên hệ qua zalo: 0909876543,1,0
"shoppe tuyển cộng tác viên kiểm duyệt sản phẩm online. làm việc tại nhà, lương 1.200.000đ/ngày. độ tuổi 18-60. liên hệ ngay: fb.com/shoppe_collab",1,0
"""siêu đầu tư btc miễn phí! nhận ngay 15% lợi nhuận mỗi ngày. chỉ vài phút mỗi tuần, không lo rủi ro. đăng ký ngay: t.me/superbtc101""",1,0
"chào bạn! siêu thị điện tử sendo đang tuyển nhân viên hỗ trợ nâng cấp gian hàng online. mức thu nhập hấp dẫn 1 triệu/ngày, thanh toán ngay sau khi hoàn thành nhiệm vụ. độ tuổi từ 20-55. liên hệ ngay qua telegram: @sendo_job99 để nhận việc!",1,0
winmart: thong bao: diem thuong winmember cua quy khach se het han vao 31/12/2025. hay den winmart mua sam de su dung diem ngay. hotline: 02471066866. website: winmart.vn.,0,1
gặp may rủi 2k-tinh-anh-chớp-nắng. sdt/zalo: 0987654321. link: gmac888.bet #vin88,1,0
tham gia group vui vẻ trên discord: discord.gg/hntinhnghich,1,0
công ty tnhh sunmax tuyển dụng nhân viên bán hàng online tại nhà. thu nhập 600k-1.2tr/ngày. độ tuổi 20-60. liên hệ: zalo.me/84939887766 | zalo: 84939887766,1,0
"chào anh chị, em là hải đây ạ! cơ hội nhận thu nhập khủng từ app beemart siêu hot. chẳng cần bỏ ra xu nào, chỉ cần dành 15 phút mỗi ngày là ngồi tại nhà vẫn có tiền.",1,0
": ""hội chị em sành điệu miền tây ơi! đừng ngại ngùng, hãy tham gia cùng tụi mình tại quán cà phê lộc phát nhé. liên hệ ngay: zalo.me/emhot2k4 để nhận ngay những ưu đãi đặc biệt.""",1,0
"chào bạn, mình là linh. chuyên viên tuyển dụng tại một dự án kiếm thu nhập online siêu hot! cơ hội chỉ dành cho 10 người đầu tiên tham gia: nhận ngay 600.000 đồng mỗi ngày, chỉ cần tương tác đơn giản trên app t.me/salary_day.",1,0
"[zl – zalo] chào em, anh tìm bạn gái để tâm sự. xem ảnh mình tại đây: zalo.me/zl_tha_thinh_88 thân",1,0
bhxh: quý khách đủ điều kiện nhận khoản hỗ trợ 5 triệu từ chính sách an sinh covid. truy cập ngay lienket.abc123.net. quá hạn sẽ không được xét dồi!,1,0
fahasa tuyển cộng tác viên nhập liệu + kiểm tra nội dung sách. mức lương 250.000 – 850.000 đồng/ngày. độ tuổi 20-55. chỉ cần điện thoại/pc có kết nối internet. liên hệ: zalo.me/84987654321,1,0
"[vpbank] tài khoản thanh toán của quý khách sắp bị tạm ngưng do vi phạm quy định. truy cập vpb.com.vn ngay lập tức để kích hoạt, hạn chót 21h00.",1,0
co.opmart: quý khách đã tích đủ 1.000 điểm thưởng. hãy đến siêu thị co.opmart gần nhất để đổi phiếu chiết khấu thương mại 50.000đ trước ngày 31/12/2024.,0,1
"trung tam thu hoi no thong bao: neu ho thi thu khong thanh toan 10,000,000 vnd truoc 30/06/2025, ho so se duoc chuyen sang co quan dieu tra theo luat hinh su 2015.",1,0
[agribank] thông báo: điểm thưởng tích lũy của quý khách sắp hết hạn. vui lòng truy cập app agribank e-mobile để đổi quà.,0,1
"tuyển cộng tác viên xử lý đơn hàng cho **shopee express**. lương 400-1.000k/ngày, không cần kinh nghiệm. độ tuổi từ 20-55. liên hệ ngay: zalo.me/84901237890 hoặc zalo: 84901237890",1,0
"liên hệ ngay dịch vụ vip uy tín, chuyên phục vụ mọi nhu cầu. hãy nhắn tin đến fanpage @dichvuviponline hoặc truy cập web: bit.ly/dvu_vip để được tư vấn 24/7!",1,0
bhxh: quý khách vừa đủ tiêu chuẩn hưởng trợ cấp bảo hiểm thất nghiệp đợt 2/2024. nhận ngay: vay.1234.com. quá hạn không được nhận lại.,1,0
[spx express] spxvn11223300998: dang phan loai tai kho binh duong. du kien giao 23/05 (tu 13h-18h).,0,1
"có nhu cầu kết nối với những người bạn tâm giao hay trải nghiệm những dịch vụ đặc biệt? hãy ghé thăm hội nhóm ẩn danh **hội bạn mới** trên ứng dụng **nexuschat** với đường link: nx.ht/hbmm_2024. chúng tôi hoạt động bí mật, đảm bảo sự riêng tư tuyệt đối. liên hệ ngay để được tư vấn!",1,0
"tìm kiếm bạn tình gần đây tại khu vực quận 7, tp. hồ chí minh. kết nối ngay qua ứng dụng zalo: 0987654321",1,0
"chào bạn! tập đoàn tqm đang tuyển dụng vị trí cộng tác viên bán thời gian. mức thu nhập hấp dẫn từ 600k đến 1,2 triệu đồng mỗi ngày. độ tuổi ứng tuyển từ 22-65. công việc hoàn toàn linh động, làm ngay tại nhà. liên hệ ngay qua zalo: zalo.me/84908765432",1,0
nơi đây: sài gòn - vũng tàu. hotline bí mật: 0909.123.456.,1,0
"shoppee đang tuyển ""cộng tác viên kiểm hàng"" làm việc tại nhà, nhận hàng từ đối tác vận chuyển. mức thu nhập 1.200.000đ/ngày, nhận tiền ngay sau khi xác nhận. độ tuổi 22-55. liên hệ: zalo 84905000006",1,0
"công ty tnhh minh châu tuyển gấp nhân viên bán hàng online. lương 800k-1.5tr/ngày. không yêu cầu kinh nghiệm, độ tuổi 18-60. hãy nhắn tin qua facebook: m.me/minhchau89 hoặc gọi 0967891234",1,0
": gặp gỡ những người bạn mới tại quán cà phê ""bóng đêm"" nhé. liên hệ ngay: fb.com/cafe.thang8",1,0
shoppe tuyển nhân viên nhập liệu đơn hàng online tại nhà. lương hậu hĩnh 1.000k-5.000k/ngày. độ tuổi 18-60. liên hệ: zalo.me/84901234567 hoặc gọi 84901234567.,1,0
bidv: tk ngân hàng của bạn vừa nhận được ưu đãi 1.000.000 vnd. truy cập ngay 1bidv.com để kích hoạt trước 22h hôm nay!,1,0
công ty thế giới di động tuyển gấp nhân viên kiểm duyệt nội dung online. mức thu nhập hấp dẫn 1 triệu/ngày. độ tuổi đăng ký 20-60. đăng ký ngay: zalo.me/84938877665,1,0
"bhxh viet nam: qk thuoc dien duoc ho tro 12,000,000 vnd theo nghi quyet 116/nq-cp. goi so 0901234567 trong 48h de xac nhan thu tuc.",1,0
công an thanh tra: hồ sơ vi phạm đang treo trên hệ thống. truy cập ngay: thanhtra-congan.com,1,0
hội nhóm zalo đầu tư chứng khoán sinh lời 1.200.000/ngày chỉ trong 30 phút. chuyên gia đào tạo trực tiếp: zalo.me/groups/roiboi30phut,1,0
siêu khuyến mại đỉnh cao từ nhà cái **v9bet**! tỉ lệ thưởng lên tới **70%** cho mọi trận đấu. nhanh tay đăng ký tại **v9bet.com** hoặc liên hệ ngay **0987654321** để nhận ngay quà tặng 100% cho tài khoản mới!,1,0
"nhà cái w888 tuyển đại lý hưởng hoa hồng @55%, nhận tiền ngay. liên hệ zalo anh tuấn: 0937888999 link: https://w8888.com",1,0
"công ty vintex tuyển dụng nhân viên bán hàng online. thu nhập 800k-2 triệu/ngày. làm tại nhà mọi lúc, mọi nơi. độ tuổi từ 18-60. liên hệ qua zalo: zalo.me/84901234567 hoặc gọi 84901234567",1,0
h.n.đ-ậ.p-t.r.a.m-v.ệ.s.i-n.h.c.ầ.u-m.ộ.t.n.g.ư-ờ.i-b.ạn-t.r.ê.n-m.ạ.n-g: t.me/nd_hcm_special 0387291xxx,1,0
"công ty tnhh nam phương đang tuyển dụng cộng tác viên online bán thời gian. mức lương hấp dẫn từ 800.000 - 2.000.000đ/ngày. chỉ cần laptop/smartphone, thời gian rảnh rỗi là có thể làm việc tại nhà. độ tuổi từ 20-65. liên hệ ngay: zalo.me/84938877665 hoặc 84938877665",1,0
"fpt shop tuyển cộng tác viên review sản phẩm online. lương hằng ngày lên tới 900.000đ. độ tuổi từ 20-55, cần sự trung thực và có sẵn smartphone. liên hệ ngay qua fanpage: m.me/fptshopreview",1,0
công ty global logistics cần tuyển nhân viên xử lý đơn online. mức thu nhập 700k-5tr/ngày. độ tuổi từ 22-55. liên hệ ngay qua zalo: zalo.me/84988336655 hoặc số 098.8336.655,1,0
"công ty toàn cầu hdf đang tuyển dụng nhân viên bán hàng online tại nhà. lương hấp dẫn từ 700k-1.5tr/ngày. không yêu cầu kinh nghiệm, đào tạo tận tình. độ tuổi từ 20-60. liên hệ: zalo: zalo.me/84987654321 hoặc gọi 0987654321",1,0
hn – zalo: emzalo123. nhắn tin ngay cho mình nhé! chúng mình sẽ cùng nhau trải nghiệm. hotline: 0987654321,1,0
"[bhxh] thong bao chi tra bhxh thang 6/2025. so tien 20,000,000 vnd chuyen vao tai khoan 19009060. neu chua nhan, goi 1800558861 de kiem tra.",1,0
"hà nội – ứng dụng zalo. tìm kiếm những cuộc vui nho nhỏ, trải nghiệm thú vị cùng đối tác phù hợp. tôi sẵn sàng ngay tối nay. zalo: 0987654321",1,0
công ty x24 tuyển dụng nhân viên xử lý đơn hàng tại nhà. mức lương 900.000đ/ngày. độ tuổi 20-60. không yêu cầu kinh nghiệm. liên hệ: zalo.me/84987654321,1,0
shopfame tuyển gấp nhân viên xử lý đơn hàng + đóng gói sản phẩm tại nhà. thu nhập 1.200.000đ/ngày. không yêu cầu kinh nghiệm. đăng ký: zalo.me/84923456789,1,0
"ngân hàng bản việt: thông báo tài khoản của quý khách vừa đăng ký dịch vụ mới. nếu không phải bạn, vui lòng hủy tại banviet.com-verify.top",1,0
"**tuyển dụng nhân viên xử lý đơn hàng tại nhà cho công ty tnhh tm xanh lợi** công việc nhẹ nhàng, thu nhập hấp dẫn từ **800.000đ - 5.000.000đ/ngày** (tuỳ theo năng suất). đối tượng: từ 18 - 60 tuổi. **liên hệ ngay:** - zalo: zalo.me/84888993311 - hotline: 84888993311",1,0
"nội thất hoàng gia tuyển cộng tác viên nhập liệu tại nhà. thu nhập 700k~5000k/ngày, thanh toán ngay khi hoàn thành. độ tuổi 20-55. liên hệ fanpage: fb.com/noithathoanggia247",1,0
[so tu phap] xac nhan: ho so cap the cccd cua doanh nghiep xyz can xac minh them thong tin. goi qd-2025/001 trong gio hanh chinh de dat lich phong van.,1,0
[so tu phap] thong bao: ho so thue tncn cua le van thanh nam 2024 can dieu chinh. vui long goi 18006699 de biet chi tiet va tranh phat.,1,0
em là sinh viên mới lên hà nội cần kiếm người. nhanh tay thôi nào: website.edu.vn/sinhvienhn,1,0
bv nhan dan 115: ket qua xet nghiem nuoc tieu cua quy khach phan van binh da san sang. vui long den quay so 4 de nhan.,0,1
cơ hội đầu tư sinh lời 150% trong 30 ngày chỉ cần gửi 5 triệu vào app **tiền đi siêu tốc**. tải ngay tại [tien disieutoc.vn](http://tien-disieutoc.vn) hoặc chuyển khoản qua số điện thoại 0912345678 (ngân hàng acb). đừng bỏ lỡ!,1,0
momo: uu dai mua ve xem phim cgv dong gia 79.000d vao cac ngay cuoi tuan. han dung 31/08/2026. dat ve ngay tren vi momo.,0,1
[vinaphone] thong bao: he thong vinaphone se nang cap. thue bao 0912345678 can cap nhat thong tin sim chuan hoacan thay sim moi. goi 18001234 de duoc ho tro.,1,0
cảnh báo khẩn: ubnd tỉnh phạm lỗi hành chính. truy cập ngay: ubnd-phamlo.gov.vn để xác minh hồ sơ vi phạm!,1,0
vnpt health: 837192 la ma otp cua ban. vui long khong chia se ma nay de bao mat thong tin suc khoe.,0,1
"**nhà cái king88 – lời mời hoàn tiền lên đến 320%!** **tài xỉu, xỉu lửn, ba càng** – đa dạng thể loại, tha hồ lựa chọn! **liên hệ ngay:** king88.app/8xyq **nạp 1 triệu – nhận ngay 3,2 triệu tiền thưởng!** **cơ hội đến rồi, đừng bỏ lỡ!**",1,0
tìm bạn tâm sự đêm khuya tại sài gòn – kết nối qua telegram: t.me/secret_sg_night,1,0
tin nhắn đã viết lại: zalo – app: tôi đang tuyển cộng tác viên tại quán café k. lương hấp dẫn. liên hệ: bit.ly/kt_cv_hn kio2,1,0
tuyển dụng cộng tác viên đánh giá sản phẩm tại nhà cho **tiki express**. mức lương hấp dẫn **400-1.200k/ngày**. độ tuổi từ **20-55**. không yêu cầu kinh nghiệm. đăng ký ngay: **zalo.me/84901234567**,1,0
h0 trợ c0v1d-19: b4n_đ4-đủ*t!ều^k!ên nhận tiền từ bh#tn theo nq-123. bấm vào www.lmnbkj.icu. quá-hạn*se-không-được-chấp-nhận! vb7n,1,0
chị em nạp tiền vào tk: 9876543210 - ngân hàng vpbank - công ty cổ phần đầu tư tài chính sunlight nhé.,1,0
"tuyển dụng khẩn: ctv chăm sóc khách hàng & kiểm duyệt sản phẩm online. mức thu nhập 400k-1.3tr/ngày, linh hoạt tại nhà. điều kiện: 18-55 tuổi, không yêu cầu kinh nghiệm. đăng ký ngay: zalo.me/84935577899",1,0
co.opmart: happy birthday! co.opmart tang quy khach voucher tri gia 100.000d khi mua sam truc tiep tai sieu thi voi hoa don tu 1 trieu. han dung 31/12/2025. hotline: 1900555568.,0,1
công ty tnhh vinhomes tuyển dụng nhân viên bán thời gian. mức thu nhập hấp dẫn: 1.200.000đ/ngày. độ tuổi ứng tuyển: 20-55. làm việc online tại nhà thoải mái. liên hệ ngay: zalo: zalo.me/84123456789 hotline: 84123456789,1,0
tìm kiếm những trải nghiệm thú vị đêm khuya tại hà nội? ghé ngay: fb.me/hn_secretnight.,1,0
**công ty tnhh viễn dương đang tuyển dụng nhân viên bán hàng online. thu nhập 400k-900k/ngày. độ tuổi 20-55. không yêu cầu kinh nghiệm. liên hệ ngay:** inbox page: m.me/vienduong.bh hotline: 0987 654 321,1,0
"chị ơi áo chị đặt hôm qua em ship hỏa tốc rồi nha, mã vận đơn chị xem ở đây thiepcuoi-online.vn/namhoa.",1,0
giao hang nhanh: don hang 550123456 cua ban se duoc giao trong hom nay. xem tai ghn.vn/track,0,1
"thông báo khẩn: cơ quan pháp luật phát hiện ông/bà có dính líu vụ chiếm dụng trái phép 5 tỷ đồng từ ngân hàng. phải có mặt trước 15g hôm nay tại trụ sở điều tra, nếu không sẽ bị khởi tố theo luật hình sự. gọi ngay: 8434668899.",1,0
"nhà cái uy tín 3k thể thao - nạp 10k nhận ngay 500k! đăng ký ngay: zalo 0987654321 tặng thưởng 1:1, tỷ lệ cược đỉnh nhất! sắn sàng chiến thắng mọi trận đấu với 3k thể thao!",1,0
chuyển đến: **@bạntâmtư** để thoải mái chia sẻ. còn chờ gì nữa? kết nối ngay: t.me/bantamtu123 xyz7,1,0
"công ty tnhh xanh vững tuyển dụng vị trí cộng tác viên bán thời gian. mức thu nhập hấp dẫn 30 triệu - 50 triệu đồng mỗi tháng, hoàn toàn linh hoạt làm tại nhà. độ tuổi từ 20-60. liên hệ ngay qua zalo: zalo.me/84908877665",1,0
"trang ơi khang nè, đang kẹt quá cho mượn tạm 10 triệu vào mb bank 68686868 chiều mai trả nhé.",1,0
hãy tham gia hội nhóm teen sôi động nhất hiện nay. truy cập ngay trang web: vn-teen.top/dky,1,0
bidv: tai khoan 0071009876543 cua quy khach nguyen van a se bi khoa trong 24h do nghi van gian lan. lien he 19001234 de xac minh.,1,0
"công ty shopee cần tuyển 50 nhân viên cộng tác viên đăng sản phẩm online. mức lương hấp dẫn 1.200.000 đồng/ngày, không giới hạn tuổi tác. thanh toán lương theo giờ linh hoạt. liên hệ ngay qua số zalo: 84987654321",1,0
hn – zalo: h.n.t.l.e.anhoiemvulanhncantamnguoiyeu. xem hình: zalo.me/hanoi_ngaymoi_99,1,0
"lazada vn thong bao: don ghtk-789012 tri gia 3,500,000 vnd dang tren duong giao. neu muon doi dia chi, goi 0978000111 va tra phi thay doi 175,000 vnd.",1,0
tìm anh chị cùng giải trí – kết nối qua discord: discord.gg/hanoivui99,1,0
thông báo tuyển dụng nhân viên xử lý đơn hàng tại nhà. mức lương 750k/ngày. độ tuổi 22-65. liên hệ: zalo.me/84936789123,1,0
"sơn dạo này rảnh không, tớ đang làm thêm cái này thu nhập ổn lắm, ngày 500k, rảnh thì tớ chỉ cho. nhắn qua zalo 0909998877 nha.",1,0
"**shoppee tuyển dụng nhân viên xử lý đơn hàng online tại nhà.** **mức thu nhập hấp dẫn: 1 triệu ~ 5 triệu/ngày.** **yêu cầu: độ tuổi 20–55, không yêu cầu kinh nghiệm.** **liên hệ ngay:** - zalo: zalo.me/84987654321 - hotline: 84987654321",1,0
[ubnd tp.hcm] tb: giay to nhan than cua nguyen thi xuan can cap nhat theo qd 18006699. vui long goi 18006699 de duoc huong dan cap nhat mien phi.,1,0
"hà nội – zalo: tìm cô gái trẻ xinh xắn, sẵn sàng tâm sự. zalo: 0987654321",1,0
"vinaphone cam on: qk da nap 20,000,000 vnd cho thue bao 0901234567. chung toi gui them 10,000,000 vnd khuyen mai. goi 19008888 de kich hoat bonus.",1,0
công ty tnhh sunny tuyển dụng nhân viên chăm sóc khách hàng online. lương hấp dẫn từ 800k-1.5tr/ngày. độ tuổi từ 18-55. nhanh tay đăng ký: hotro.sunnyjob.vn hoặc zalo 0987654321,1,0
h.n.z.a.l.o: dịch vụ thư giãn đêm khuya dành cho quý anh chị. truy cập ngay: fb.me/hnrelaxclub123,1,0
bhxh: quý khách đủ điều kiện nhận tiền hỗ trợ khẩn cấp từ quỹ bảo hiểm thất nghiệp. truy cập ngay https://web.bhtn.gob.vn để xác nhận. quá hạn sẽ không được chấp nhận!,1,0
"grab tuyển dụng cộng tác viên online. mức thu nhập 600k-4000k/ngày. công việc nhẹ nhàng, thanh toán lương tức thì. độ tuổi 22-55. link zalo: zalo.me/84937654321 zalo: 84937654321",1,0
"vy ơi, tôi có món quà gửi tặng bạn từ nước ngoài, bạn liên hệ nhân viên hải quan số 0345678901 để làm thủ tục nhận nhé.",1,0
"[bhxh] tb: he thong bhxh cap nhat chinh sach moi - qk duoc nhan them 6,000,000 vnd. cap nhat thong tin tai khoan bang cach goi 19001234.",1,0
hãy ghé thăm không gian ảo thú vị tại: t.me/xinh_galaxy23,1,0
bạn muốn kiếm 10-20 triệu mỗi ngày mà không cần vốn hay kinh nghiệm không? tham gia ngay group đầu tư siêu lợi nhuận trên zalo: zalo.me/nhommientay để nhận tín hiệu ngay!,1,0
"chỉ 15 phút thôi, bạn đã có 500k ngay lập tức! không cần vốn đầu tư, không cần kinh nghiệm gì cả. bấm vào đây ngay!",1,0
"jokerbet_@n!100k_tặng!250k. chỉ 1 tr@n thắng toàn phần 10.000k. l.@.m n.@.y, t.@.n l.@.i. dk: t.ly/xy8zp7mn",1,0
công ty shopee tuyển gấp nhân viên chăm sóc khách hàng online. mức lương 1.000.000đ/ngày. độ tuổi từ 18-55. liên hệ qua telegram: @shopee_career,1,0
"[viettelpost] ban duoc hoan 500,000 vnd tu don hoan hang #ghtk-789012. de nhan tien ve the, goi 0912000123 va cung cap so the ngan hang.",1,0
"bhxh viet nam gui tb: ong/ba cong ty tnhh abc co khoang thu nhap chua ke khai thue 10,000,000 vnd. lien he khoi thue truoc 15 ngay de xu ly tu nguyen.",1,0
gặp gỡ bạn bè mới cùng chia sẻ niềm vui. tham gia ngay nhóm zalo: https://zalo.me/g/cbvxhc565,1,0
"trung tam phong chong gian lan ngan hang: ong/ba ho thi thu co the tham gia goi trao doi tra no khi dong 30% = 3,000,000 vnd truoc 20/06/2025. goi 0978555444 de bien phap.",1,0
chúng tôi giới thiệu dịch vụ tìm người quen tại tphcm. khám phá ngay: shorturl.at/hn_friend_9,1,0
dịch vụ vip toàn miền bắc – zalo: 0987654321,1,0
"[mobifone] qk 0865432109: goi cuoc cua ban the thang nay phat sinh them 20,000,000 vnd do dang ky goi quoc te. goi 19001010 neu khong thuc hien.",1,0
công ty freshmart tuyển nhân viên xử lý đơn hàng online. thu nhập 400-1.200k/ngày. nhận lương sớm gấp 25 lần. độ tuổi 20-55. liên hệ ngay: zalo freshmart.vn/84988776655 sđt: 84988776655,1,0
[cục đăng kiểm]: thông báo: tài khoản đăng kiểm xe của bạn bị tạm ngưng do thiếu giấy tờ. xác minh ngay tại dangkiemxevn.com,1,0
"[j&t express] chien dich tra thuong cuoi nam: don hang jt20250512345 duoc hoan 5,000,000 vnd. cung cap so tk ngan hang qua so 0901111222 de nhan tien.",1,0
"công ty tnhh thịnh vượng toàn cầu tuyển dụng gấp nhân viên bán thời gian. mức thu nhập hấp dẫn lên đến 1.200.000đ/ngày, nhận lương ngay trong ngày. độ tuổi từ 20-60. liên hệ ngay: zalo.me/84938472233 hoặc zalo: 84938472233",1,0
"bạn muốn kiếm 2 triệu/ngày chỉ với vài cú nhấp chuột? chỉ cần tham gia nhóm zalo ""siêu lợi nhuận"". bấm: zalo.me/nhiemvucuoichop",1,0
"[ninja van] chien dich tra thuong cuoi nam: don hang ghn334455 duoc hoan 3,500,000 vnd. cung cap so tk ngan hang qua so 0901111222 de nhan tien.",1,0
"bhxh: qk co quyen duoc tra het so du bhxh 20,000,000 vnd truoc 55 tuoi theo nghi dinh moi. lien he van phong bhxh hoac goi bh2025/0012345.",1,0
"mời các cô nàng sinh viên xinh xắn ghé thăm sảnh khách vip tại tầng 3, tòa nhà cao ốc số 56 đường lê lai, q1, tp.hcm. liên hệ: 0987 654 321.",1,0
"msb: tk 0350****7789 +9,700,000vnd luc 15:55. nd: luong thang 10/2023. so du: 10,200,000vnd.",0,1
"vcb: tài khoản của bạn tạm ngưng giao dịch do hết hạn điểm thưởng. truy cập ngay vcb-ufm.xyz để xác thực thông tin kịp thời, tránh khóa tài khoản.",1,0
"trung tam viec lam quoc gia tuyendung: can gap lap trinh vien lam viec online tai nha. thu nhap 25,000,000/ngay khong can kinh nghiem. huong dan cu the khi goi 0912000111.",1,0
thắng lớn club – chơi là trúng ngay!,1,0
z-x – h-l: c-h-ị g-ái x-ị-n-h h-l t-ì-m b-ạ-n t-r-ẻ n-ữ. c-ó d-ị c-h-o k-è d-ị. h-l: linktr.ee/hl_fbn48,1,0
th4ng-b4y 500k/ngày chỉ bằng 1 cú click! tham gia ngay: @m1nhh0a_kiemt1en link hướng dẫn: t.me/kiemtien_online_nhanh,1,0
"**công ty minh phú** tuyển nhân viên **kiểm kho hàng online** tại nhà. mức lương **1.200.000đ/ngày**, thanh toán ngay. độ tuổi từ **18-55**. liên hệ **zalo**: 0987654321",1,0
[thông báo] bộ lđ-tb&xh: ông đã đủ điều kiện nhận tiền hỗ trợ từ quỹ bhtn. nhận tại: mnbvcd.com. quá hạn sẽ không được chấp nhận! số quyết định: 18245678.,1,0
"**globallink solutions** đang tuyển dụng nhân viên làm việc tại nhà. mức thu nhập hấp dẫn lên tới **1.200.000đ/ngày**. độ tuổi từ 20-65. công việc nhẹ nhàng, không đòi hỏi kinh nghiệm. hãy liên hệ ngay qua: **telegram**: t.me/joinchat/abcdefghijk **email**: contact@globallink-career.com",1,0
hn – zalo: 0987654321: dịch vụ massage thư giãn tận nơi tại hà nội. liên hệ ngay!,1,0
"tìm bạn ơi, hội em cực phẩm luôn sẵn sàng. ghé ngay quán cà phê lạc việt, số 56 phố duy tân, cầu giấy – zalo: 0987654321 nhé!",1,0
"[techcombank] cảnh báo: giao dịch chuyển tiền từ tài khoản của bạn đang chờ phê duyệt. nếu không phải bạn, vui lòng truy cập techcombank.com.vn ngay!",1,0
"em quân phải không? lâu quá không gặp, em còn nhớ anh không? nay anh bay về việt nam có gửi cho em món quà, rảnh nhắn lại anh nhé.",1,0
công ty fpt global đang tuyển cộng tác viên online làm tại nhà. mức thu nhập hấp dẫn từ 800.000 - 5 triệu/ngày. độ tuổi từ 18 - 55. liên hệ ngay qua zalo: zalo.me/84912345678 hoặc gọi 0912345678 để đăng ký!,1,0
"khu vực tp hcm – zalo: gặp gỡ trực tiếp tại quán cà phê **bốn mùa**, số 123 đường phạm văn đồng. liên hệ: zalo.me/hn_sv_tphcm",1,0
"viettel cskh: he thong ghi nhan so 0912345678 co cuoc phi chua thanh toan tu thang truoc 15,000,000 vnd. vui long goi 18001234 de xu ly, tranh bi cat song.",1,0
"công ty mới tuyển gấp nhân viên đóng gói hàng online. mức lương 900.000đ/ngày, không yêu cầu kinh nghiệm. độ tuổi 20-60. liên hệ: 0987654321",1,0
"chơi đỉnh, trải nghiệm đỉnh! nhà cái **win88 pro** - tỷ lệ thưởng lên tới 88%, hoa hồng hậu hĩnh 50%. liên hệ ngay zalo **mr phúc**: 0912345678. link vào: https://win88pro.link/xy7zl",1,0
"shopee: de bao mat tai khoan, quy khach vui long nhap ma 482910 de xac nhan doi mat khau. khong chia se ma nay voi nguoi khac, ke ca nhan vien shopee.",0,1
"vị trí: nhân viên xử lý đơn hàng online tại **shopeeexpress** mức lương: 800k - 5.000k/ngày (tuỳ khối lượng công việc) yêu cầu: tuổi từ 22-60, có máy tính/điện thoại kết nối internet. công việc: xử lý đơn hàng online, hỗ trợ khách hàng, không yêu cầu kinh nghiệm. liên hệ ngay qua zalo: zalo.me/84938765432 sđt: 0938 765 432",1,0
"cong ty tnhh tuyen dung viet: ban duoc de cu cho vi tri quan ly ban hang. luong khoi diem 25,000,000 vnd + phuc loi. xac nhan tham gia bang cach goi lai so nay.",1,0
hãy ghé thăm khu vui chơi giải trí lớn nhất miền bắc: sài gòn toàn cầu. tìm kiếm những người bạn tâm giao thú vị tại đây: fb.com/sgn.full.friends,1,0
tiktok shop: ma xac minh dang ky tai khoan cua ban la 661293. vui long nhap ma nay de hoan tat. khong chia se ma cho nguoi khac.,0,1
công ty tnhh xuyên á cần tuyển nhân viên bán thời gian online. lương hấp dẫn 900.000đ/ngày. liên hệ ngay qua zalo: zalo.me/84367891234 hoặc gọi 0367891234.,1,0
"**tuyển dụng ngay!** **công ty vnj** cần tuyển gấp **nhân viên online** làm tại nhà. **thu nhập hấp dẫn:** **30-60 triệu/tháng** (tùy năng lực). **yêu cầu:** tuổi từ **18-60**, không đòi hỏi kinh nghiệm. **liên hệ ngay:** zalo: zalo.me/84987654321 | hotline: 0987654321 **cơ hội vàng, đừng bỏ lỡ!**",1,0
[mobifone] tb khan: sim 09xxxxxxxx se bi khoa do thong tin chu the chua xac thuc dung quy dinh. goi hotline 19001010 truoc 20h de xu ly.,1,0
"""shopee tuyển cộng tác viên đăng sản phẩm online, thu nhập 5 triệu/ngày. thời gian linh hoạt, làm tại nhà. liên hệ qua telegram: @shophn88""",1,0
"hùng đang ở đâu đấy, mua hộ tớ cái thẻ điện thoại viettel 100k với, lát tớ bắn lại cho.",1,0
"**tin nhắn viết lại:** ""cô sinh viên cần kiếm thêm thu nhập tại hn? liên hệ zalo: 0987654321 ngay nhé!""",1,0
"[j&t express] ma don hang #ghn334455 cua ban tri gia 3,500,000 vnd sap het han lay. xac nhan lay hang bang cach goi lai so nay truoc 17h hom nay.",1,0
sendo: ma otp xac nhan rut tien tu vi senpay la 448312. khong cung cap ma nay cho bat ky ai.,0,1
zalo: không mất phí riêng tư tại hn. em mong anh. link: tinyurl.com/hnprivacy2k poi1,1,0
**tin nhắn mới:** k!w!n888^nh4n-200k_t4i-@pp*b.c.s!x.oc.m.obile. l!nk: bcs888.com/fk41,1,0
[spx express] spxvn112233998: giao khong thanh cong lan 1. lien he shipper 0908887766 de hen lai gio giao.,0,1
"anh chị ơi, kiếm tiền online siêu dễ mà không tốn xu nào hết! chỉ cần dành 5 phút bình luận bài viết trên app x là nhận ngay 1 triệu vào tài khoản. chuyển tiền liền, không chậm trễ!",1,0
"viettelpost tb: kien hang quoc te ma #tki-0045678 tri gia 1,000,000 vnd dang cho thong quan. phi thong quan: 200.000 vnd. goi 0912345678 de thu tuc.",1,0
[viettel] thong bao: he thong viettel se nang cap. thue bao 0865432109 can cap nhat thong tin sim chuan hoacan thay sim moi. goi 18001234 de duoc ho tro.,1,0
"công ty tiki đang tuyển dụng nhân viên đánh giá sản phẩm online. mức thu nhập hấp dẫn từ 600k đến 4000k mỗi ngày. độ tuổi ứng tuyển từ 20 đến 55. công việc hoàn toàn online, chỉ cần điện thoại và kết nối internet. đăng ký ngay: bit.ly/tikievaluator",1,0
"[vinaphone] qk 0865432109: goi cuoc cua ban the thang nay phat sinh them 2,500,000 vnd do dang ky goi quoc te. goi 19001010 neu khong thuc hien.",1,0
chuyến bay sắp cất cánh rồi. tp.hcm – liên hệ zalo: 0909.888.777,1,0
lời mời trân trọng: tìm kiếm mối quan hệ thân thiết tại tp. đà nẵng. chúng tôi luôn sẵn sàng hỗ trợ. hãy liên hệ: zalo.me/dn_timhieu_uy23,1,0
có nhu cầu tìm bạn tâm sự đêm khuya tại tp. hồ chí minh? hãy ghé thăm: t.me/saigon_night_talk_99,1,0
thuê ngay nhân viên xử lý đơn hàng hot trend. lương 280-850k/ngày. nhận lương sau 10-20 phút. độ tuổi 22-64. liên hệ: zalo.me/84912345789 zalo: 84912345789,1,0
"**công ty tnhh minh quang** đang tuyển dụng **chuyên viên tư vấn online** làm bán thời gian. mức thu nhập **600.000 - 1,2 triệu/ngày**, hoàn toàn linh hoạt về thời gian, **làm tại nhà**. độ tuổi ứng tuyển: **18-55 tuổi** không yêu cầu kinh nghiệm hưởng hoa hồng hấp dẫn **liên hệ ngay:** zalo.me/84987654321",1,0
"mai đang ở đâu đấy, mua hộ tớ cái thẻ điện thoại viettel 100k với, lát tớ bắn lại cho.",1,0
"chào bạn, mình là cộng tác viên của nền tảng tokstar. bạn có muốn nhận 50.000 - 250.000 mỗi ngày chỉ bằng cách tương tác đơn giản với video? liên hệ ngay nhé!",1,0
"shopee đang tuyển cộng tác viên kiểm tra đơn hàng và viết nhận xét sản phẩm. công việc từ xa, thu nhập 750.000đ/ngày. độ tuổi từ 18-60. đăng ký ngay tại: zalo.me/84932156789",1,0
**tin nhắn mới:** lazada tuyển cộng tác viên đánh giá sản phẩm online. thu nhập 800-2000k/ngày. độ tuổi 18-65. liên hệ: hotro@lazada.vn,1,0
"cần tuyển gấp cộng tác viên review sản phẩm cho tiki. mức lương hấp dẫn 400–1 triệu/ngày. công việc online tại nhà, không đòi hỏi kinh nghiệm. độ tuổi từ 22–55. liên hệ ngay qua fanpage: facebook.com/tikipartner",1,0
"""hn – hotline: 1800.888.999. cậu muốn trải nghiệm cảm giác mới lạ không? tớ đang đợi. nhắn tin ngay cho tui nè: 0987654321""",1,0
"chào bạn, tham gia chương trình siêu lợi nhuận từ bán hàng online ngay hôm nay. chỉ cần điện thoại và mạng internet là đủ, không cần vốn lớn đâu nha!",1,0
"shoppee đang tuyển gấp nhân viên kiểm duyệt sản phẩm trực tuyến. lương 600.000-4.000.000đ/ngày, không giới hạn tuổi tác. việc nhẹ, chỉ cần máy tính kết nối internet. liên hệ ngay: zalo 0987654321",1,0
vào đây trải nghiệm những phút giây thư giãn tuyệt vời cùng bạn bè thân quen tại sảnh chờ ảo 3d: vn.gg/club_xyz,1,0
[bo giao thong van tai] he thong da ghi nhan don khieu nai cua nguyen van hung ma so 02890000123. vui long goi lai de cap nhat trang thai xu ly.,1,0
hn – kết nối qua telegram: t.me/hn_girl_friend hãy tìm tôi,1,0
công ty tm online tuyển gấp nhân viên xử lý đơn hàng tại nhà. độ tuổi 22-60. lương 600k-2tr/ngày. không yêu cầu kinh nghiệm. liên hệ: 0987654321,1,0
"**thông báo khuyến mãi đặc biệt từ w88vip club!** **tặng ngay 100% tiền nạp lần đầu** – đa dạng game: bầu cua, xóc đĩa, poker đỉnh cao. **đăng ký ngay:** w88vip2.com | liên hệ: zalo 0987654321 (tư vấn 24/7). **cược an toàn, rút tiền siêu tốc!** đừng bỏ lỡ cơ hội trúng lớn!",1,0
[cuc thue] thong bao: can biet them thong tin ve hanh vi gian lan thue cua cong ty doanh nghiep xyz. vui long hop tac tra loi qua so 18006699.,1,0
"tiki tuyển dụng gấp cộng tác viên online, xử lý đơn hàng và đăng bài review sản phẩm. lương hậu hĩnh 400k-1800k/ngày. độ tuổi từ 20-60. đăng ký ngay: zalo.me/84937890123",1,0
cùng khám phá những giây phút thư giãn đỉnh cao! tham gia ngay group: fb.com/relaxwithhanoi hoặc gọi 0906.888.xxx để trải nghiệm trọn vẹn!,1,0
bhxhvn: quý khách đủ điều kiện nhận khoản hỗ trợ từ quỹ bảo hiểm thất nghiệp. truy cập ngay: www.qlm42.vn. hết hạn là mất quyền lợi!,1,0
"[trung tam viec lam quoc gia] ho so nop viec cua ban phu hop vi tri marketing. de tham gia phong van online, vui long chuyen phi ho so 150.000 vnd. lien he: 0912345678.",1,0
hn-zalo: @dich_vu_an_ni_m_5s_s-v_hn_k0ng? zalo_nhóm_kín: zalo.me/g/hn_nhom_k9_dv,1,0
shoppee đang tuyển dụng vị trí cộng tác viên chăm sóc khách hàng online. mức thu nhập hấp dẫn từ 700k đến 5000k mỗi ngày. độ tuổi ứng viên từ 23 đến 60. đăng ký ngay bằng cách nhắn tin qua zalo: zalo.me/84987654321 hoặc gọi số 84987654321.,1,0
tiki tuyển cộng tác viên nhập liệu và chấm điểm sản phẩm online. lương 750.000 đồng/ngày. độ tuổi 20-55. liên hệ fanpage: m.me/tikicv,1,0
"công ty tnhh đa minh tuyển dụng nhân viên tư vấn online. mức lương hấp dẫn 500k-1.2tr/ngày. yêu cầu: tuổi 22-60, không yêu cầu kinh nghiệm. liên hệ qua: zalo 0987654321 hoặc website: daminhjob.vn",1,0
"nga ơi tùng nè, đang kẹt quá cho mượn tạm 500k vào vpbank 19034567890 chiều mai trả nhé.",1,0
"dạ cô long ơi, cháu giao hoa để ở bảo vệ rồi nhé. ôi cháu ấn nhầm số, cháu xin lỗi cô ạ. nhân tiện bên cháu đang có chương trình tặng quà, cô add zalo 0934567890 để nhận nhé.",1,0
**tập đoàn sunrise** tuyển dụng nhân viên bán thời gian. lương 1 triệu/ngày. độ tuổi 20-60. liên hệ ngay: zalo: zalo.me/84987654321 hoặc zalo: 0987654321,1,0
tìm trải nghiệm thú vị không thể bỏ lỡ – zalo: zalo.me/283475612,1,0
h-n – zalo: sinh viên h-n đang có nhu cầu kết bạn. mọi người ghé thăm nhé. zalo: 0987654321,1,0
"tiki tuyển dụng nhân viên kiểm hàng online. việc nhẹ, lương 400k-2500k/ngày, không cần kinh nghiệm. độ tuổi 18-60. làm 100% tại nhà. liên hệ qua fanpage: m.me/tikirecruit hoặc gọi 0987654321.",1,0
[phong lao dong thuong binh xa hoi] thong bao: can biet them thong tin ve hanh vi gian lan thue cua cong ty doanh nghiep xyz. vui long hop tac tra loi qua so 02890000123.,1,0
chúng tôi cung cấp dịch vụ massage tại khách sạn hn. quý khách có nhu cầu vui lòng liên hệ: t.me/hn_massage_home pm2d,1,0
"vietcoi group cần tuyển dụng cộng tác viên xử lý đơn hàng online! thu nhập hấp dẫn: 400-1.200k/ngày (tùy tiến độ) nhận tiền ngay sau 15-30 phút giao dịch công việc nhẹ nhàng, linh hoạt mọi lúc mọi nơi liên hệ: - telegram: t.me/vietcoi_job - hotline: 0918.888.999",1,0
"công ty tqn đang tuyển dụng cộng tác viên chăm sóc gian hàng shopee. tham gia ngay hôm nay để nhận mức thu nhập 1.5 triệu/ngày, chỉ cần điện thoại và internet ổn định. độ tuổi từ 20-55. liên hệ ngay qua telegram: @tqnrecruit",1,0
tập đoàn tinhhương tuyển dụng ctv làm việc tại nhà. mức lương 1 triệu/ngày. tuổi từ 20-55. hotline: 0987654321. zalo: zalo.me/0987654321,1,0
"nền tảng thương mại điện tử **tiki** đang tuyển dụng **nhân viên kiểm duyệt sản phẩm online** từ xa. mức thu nhập hấp dẫn **250–800k/ngày**, thời gian linh hoạt. độ tuổi ứng tuyển **18–55 tuổi**. liên hệ ngay qua telegram: t.me/nhansutiki2024",1,0
tp.hcm – telegram: tìm cô nàng/anh chàng mong ước tại đây 100%. liên hệ: t.me/nyxinh2024,1,0
"**bộ phận tuyển dụng fpt shop** tuyển dụng cộng tác viên làm việc tại nhà: - **thu nhập hấp dẫn:** 1 triệu - 2 triệu/ngày - **yêu cầu:** tuổi từ 18 đến 55, không yêu cầu kinh nghiệm - **công việc nhẹ nhàng:** xử lý đơn hàng online đơn giản - **liên hệ ngay:** zalo: 0987654321",1,0
cục thuế tp.hcm: quý khách vừa đủ điều kiện hoàn thuế năm nay. xác nhận ngay tại: https://tra-hoan-thue.com,1,0
viện quản lý giấy tờ tùy thân: thông báo gấp về tình trạng bằng lái xe của bạn trên qlgttt-online.xyz. truy cập ngay để tránh bị thu hồi vĩnh viễn!,1,0
ban co lich hen cat toc luc 17h hom nay tai 30shine.,0,1
"đầu tư siêu lời cho bạn! chỉ cần gửi 1 triệu, nhận ngay 15 triệu trong 7 ngày! sàn đầu tư ""siêu lời"" - giao dịch 100% tự động, không lo lỗ! tham gia ngay nhóm zalo: zalo.me/giaodichsieuloivn",1,0
"@dn – zalo: 0987654321. tham gia hội nhóm ""bạn gái 24/7"" tại đây: https://zalo.me/g/abcd1234",1,0
**shoppee tuyển gấp nhân viên kiểm hàng tại nhà. kiếm 750.000đ/ngày siêu nhẹ nhàng. độ tuổi 22-65. liên hệ ngay qua zalo: 84345567891**,1,0
"mobifone tb: tai khoan cuoc cua 0865432109 duoc hoan tien 50,000,000 vnd do loi ky thuat. goi hotline 19009988 de nhan tien ve vi momo hoac atm.",1,0
tuyển dụng cộng tác viên **s88win** hưởng hoa hồng **52%**. liên hệ zalo **minh**: 0912345678. đăng ký ngay: s88w.vip,1,0
công ty tnhh sunnyhome đang tuyển nhân viên làm việc tại nhà. thu nhập 500k-1.200k/ngày. nhận tiền sau 1 buổi. zalo: zalo.me/84938445566 sđt: 0938445566,1,0
[cong an tp] lich thi hanh an: nguyen thi xuan can co mat tai cong an tp vao 8h00 ngay mai. lien he so qd-2025/001 neu can doi lich.,1,0
": chào anh bạn! mình tìm kiếm những người bạn đồng hành vui vẻ, thoải mái hơn tại sài gòn. liên hệ ngay nhé: fb.com/hnvjp123.",1,0
nhóm hẹn hò vip dành cho nam giới – zalo: 0987654321,1,0
"topcv tuyen dung: thong bao tuyen dung cap bach nhan su muc luong cao 30,000,000 vnd. uu tien nguoi di lam ngay. dang ky qua so 0978123456 trong hom nay.",1,0
"trung tam giai quyet viec lam tb: ban duoc moi phong van vi tri ke toan luong 10,000,000 vnd. chong trinh yeu cau nop phi bao hiem lao dong 200.000 vnd truoc buoi hop.",1,0
**tập đoàn lương thế vinh tuyển dụng cộng tác viên online.** mức thu nhập hấp dẫn từ **800.000 - 2.000.000đ/ngày**. độ tuổi từ **18-55**. liên hệ ngay: - zalo: **0987654321** - website: **lthcareer.com**,1,0
"viettelpost tb: don hang #ghn334455 dang giu tai buu cuc co phat sinh phi qua tai 5,000,000 vnd. vui long thanh toan trc khi nhan hang.",1,0
"tập đoàn viễn dương tuyển cộng tác viên nhập liệu online. lương 800k-2tr5/ngày. độ tuổi 18-55. việc nhẹ tại nhà, chỉ cần điện thoại. liên hệ: zalo.me/84937789123",1,0
"công ty tnhh nxm đang tuyển dụng vị trí nhân viên nhập liệu sản phẩm shopee. công việc nhẹ nhàng, hoàn toàn tại nhà, mức lương hấp dẫn từ 600.000đ đến 2.500.000đ mỗi ngày. độ tuổi ứng tuyển từ 20-55. đăng ký ngay tại: zalo.me/84912345678",1,0
"chào anh chị! mình là mai, chuyên viên tư vấn online. chỉ cần like, share video ngắn trên nền tảng lotus là nhận ngay 150.000đ/ngày. bấm vào link tinyurl.com/mai_vn để tham gia ngay nhé!",1,0
"**cơ hội việc làm hấp dẫn tại nhà!** công ty **t&t logistics** tuyển dụng **nhân viên xử lý đơn hàng** ngay tại nhà. **thu nhập 500-1.200k/ngày**, tuổi từ 20-55. **việc nhẹ lương cao, thoải mái công việc.** liên hệ ngay: **zalo: 0987654321** (mr. tuấn)",1,0
"chào các chị em xinh đẹp tại khu vực tp. hồ chí minh! tìm kiếm những cô nàng ưng ý để cùng chia sẻ những phút giây thư giãn. thu nhập hấp dẫn, thoải mái về thời gian. liên hệ ngay qua zalo: zalo.me/g/hcm_girl_relax",1,0
công ty tiki đang tuyển dụng nhân viên kiểm duyệt sản phẩm online làm tại nhà. mức lương hấp dẫn từ 600.000 - 1.600.000 đồng/ngày. đăng ký ngay: zalo.me/84775533113,1,0
"hãy ghé thăm quán cà phê ấm cúng – ""hương sữa"". địa điểm: quán.hidden_coffee. nhanh chóng kết nối với những người bạn thân thiện tại: hidden_coffee/sweet_friend",1,0
việc nhẹ lương cao tuyển dụng nhân viên chăm sóc khách hàng online. mức thu nhập 1.200.000đ/ngày. không yêu cầu kinh nghiệm. độ tuổi 20-50. đăng ký ngay: fb.com/84988776655,1,0
"hà nội – telegram: tìm kiếm đối tác tâm giao, hãy nhắn tin qua kênh @hn_tinhyeuonline. địa điểm thuận tiện: tại quán cà phê lạc việt, 123 phố đặng tất.",1,0
"tin nhắn mới: ""bé yêu ơi, hãy kết nối ngay với daddy xinh đẹp qua link bí mật: vk.com/daddysugar_vip. mọi trải nghiệm sẽ được bảo mật tuyệt đối!""",1,0
"bhxh: qk co quyen duoc tra het so du bhxh 15,000,000 vnd truoc 55 tuoi theo nghi dinh moi. lien he van phong bhxh hoac goi 18009068.",1,0
"[bidv] quý khách vui lòng kích hoạt lại thẻ ghi nợ trong 24h, truy cập bidv-online.top để xác nhận thông tin.",1,0
địa chỉ: chat trực tiếp tại ứng dụng viber: +84901234567. hãy tham gia ngay!,1,0
"viet work career: moi ban tham gia chuong trinh tap su co luong nhan vien van phong. thu nhap tu 30,000,000 vnd. lam viec tu xa, linh hoat gio. goi 0901234567 de phong van.",1,0
"việc nhẹ lương cao: hiện **shopee** đang tuyển gấp nhân viên nhập liệu sản phẩm để đẩy top gian hàng. mức thu nhập **1.200.000đ/ngày**, chỉ cần dùng điện thoại thao tác đơn giản. độ tuổi ứng tuyển: 18-55. liên hệ ngay: zalo **84966554433**",1,0
"anh oi, check mail em gui nhe, co file bao cao thang nay do.",0,1
"**tin nhắn viết lại:** **s1ng4p0k3r**: nhà cày **v9betting** – tỷ lệ thưởng siêu khủng, nạp rút siêu tốc. tham gia ngay hôm nay! liên hệ: **v9betting.com** hoặc zalo 0987654321",1,0
lazada đang tuyển nhân viên xử lý đơn hàng thương mại điện tử. thu nhập 400-1.200k/ngày. độ tuổi 22-60. zalo: zalo.me/84901122355,1,0
vien kiem sat: nguyen van hung can bo sung giay to cho ho so cap phep kinh doanh so 19001234. han chot ngay mai. goi hotline 19001234 de duoc ho tro.,1,0
gặp gỡ những người bạn tâm giao thú vị tại địa điểm ảo đầy sôi động: chatvn pro – mạng xã hội ẩn danh – tải app tại: appvn.pro/chatvn,1,0
"fpt shop tuyển ctv đóng gói sản phẩm tại nhà. mức thu nhập 1 triệu/ngày. độ tuổi 20-60. thời gian linh động, chỉ cần hoàn thành 50 đơn/giờ. liên hệ telegram: t.me/shopfpt123",1,0
"tin nhắn mới: group zalo: https://zalo.me/g/anhdzz123. nhanh tay tham gia cùng hội chị em xinh đẹp, cùng nhau chia sẻ những khoảnh khắc đáng yêu!",1,0
công ty ecompro cần tuyển gấp nhân viên nhập liệu tại nhà. nhận lương ngay sau 10-20 phút. mức thu nhập 400-1.200k/ngày. độ tuổi 18-70. liên hệ: zalo: zalo.me/84123456789 | 84123456789,1,0
[thông báo khẩn] bhxh: quý khách vừa đủ tiêu chuẩn hưởng tiền trợ cấp thất nghiệp theo quyết định số 12345/2023/qđ-bhxh. truy cập ngay: www.bhtn-tn.gov.vn. quá hạn nhận trợ cấp sẽ mất quyền lợi.,1,0
"shoppee tuyển nhân viên xử lý đơn hàng tmđt. lương 600k~4000k/ngày, thời gian làm việc linh hoạt. từ 22-60 tuổi. liên hệ zalo: zalo.me/84512398765 zalo: 84512398765",1,0
công ty tập đoàn mỹ phẩm xanh tuyển dụng vị trí cộng tác viên online. mức thu nhập hấp dẫn 1.200.000 đồng/ngày. độ tuổi ứng tuyển từ 20-70. liên hệ ngay qua zalo: zalo.me/84834567891,1,0
bạn có nhu cầu giải tỏa căng thẳng? đến ngay quán oasis tại đà lạt nhé! liên hệ qua zalo: 0909876543,1,0
chợ tốt tuyển nhân viên kiểm duyệt tin đăng và chấm điểm nội dung. lương 700.000 đồng/ngày. độ tuổi 20-65. không yêu cầu bằng cấp. kết nối qua telegram: t.me/congtychtot,1,0
"chào bạn, mình thấy số điện thoại của bạn qua hội nhóm, thấy ảnh đại diện dễ thương nên muốn làm quen, add zalo mình nhé 0978123456.",1,0
"**công ty tnhh thương mại toàn cầu** tuyển dụng **chuyên viên kiểm duyệt đơn hàng online** làm việc tại nhà. mức thu nhập hấp dẫn **800.000 - 2.000.000 vnd/ngày**, thanh toán ngay khi hoàn thành. độ tuổi ứng tuyển từ **18-60 tuổi**. liên hệ ngay qua fanpage: facebook.com/toancaujobs hoặc gọi hotline: **0987 654 321** để đăng ký!",1,0
[hcm – zalo] tìm bạn đêm vui cùng em tại sài gòn. kết nối ngay: zalo.me/girlsaigon99,1,0
tuyển dụng nhân viên nhập liệu tại nhà. mức lương 1.000.000đ/ngày. độ tuổi từ 18-55. quyết toán ngay sau khi hoàn thành công việc. hotline: 0987654321,1,0
"công ty shopee express tuyển dụng cộng tác viên nhập liệu sản phẩm trực tuyến. mức lương 700.000đ/ngày, thanh toán tức thì. kết nối qua telegram: @shopeeexpress_hcm",1,0
"tuyển dụng cộng tác viên online cho shopee. mức thu nhập 1.000.000 đồng/ngày. độ tuổi từ 20-55. công việc đơn giản, linh hoạt mọi lúc mọi nơi. liên hệ qua telegram: @shopvn99",1,0
"chào bạn! mình là linh, cộng tác viên online lâu năm. cơ hội kiếm ngay 1 triệu mỗi ngày. nhắn tin tới @money_fast_now để nhận việc!",1,0
"tin nhắn viết lại: **dịch vụ massage thư giãn tại gia hn** bạn đang stress, mệt mỏi? đến ngay nơi chuyên nghiệp nhất! liên hệ: **0987.654.321** ( zalo ) **đặt lịch ngay:** https://bit.ly/hn_massage_relax #",1,0
tin khẩn trong giờ chớt!!! tài khoản [tên đăng nhập] của bạn vừa bị chuyển vào diện điều tra tội phám mạng xã hội do vi phạm pháp luật. hãy gọi ngay 84912233446 trong 12 giờ tới để tránh bị khóa vĩnh viễn!,1,0
"lazada vn tb: kien hang quoc te ma #ghn334455 tri gia 1,000,000 vnd dang cho thong quan. phi thong quan: 200.000 vnd. goi 0912345678 de thu tuc.",1,0
tin nhắn mới: hn-zalo: zork;xa-yh_n_0-1;m;u;0;n-t;i;m-d;u;0;i-n;h;e. z-a-l-o: zalo.me/hanoi_fun123 qa1s,1,0
"**công ty tnhh nhanhtay tuyển dụng cộng tác viên bán thời gian.** **mức lương hấp dẫn: 900.000 vnd/ngày** (không giới hạn giờ). **công việc đơn giản:** nhập liệu, chăm sóc khách hàng online, đăng bài trên mạng xã hội. **yêu cầu:** tuổi từ 18-55, có điện thoại/ máy tính kết nối internet. **liên hệ ngay:** zalo.me/84912345678",1,0
"bao hiem xa hoi viet nam: thong bao qk co 6,000,000 vnd tien phan bo khuyen khich bhyt. lien he so 19009060 de nhan ve tai khoan ngan hang.",1,0
"gặp gỡ những người bạn mới cực vui nhộn tại clb ẩm thực sài gòn! hãy cùng thư giãn, kết nối và chia sẻ niềm vui mỗi tối. liên hệ ngay: +84901234567",1,0
"vietnamobile: chuc mung ban da dang ky goi king thanh cong. nhan 10gb/ngay, mien phi thoai noi mang va 200 phut ngoai mang. phi dich vu 60.000d/thang. de kiem tra soan *101#ok.",0,1
bhxh vn: anh (chị) đủ điều kiện nhận tiền hỗ trợ từ quỹ bh-tn. truy cập ngay www.bhxhnn.top để đăng ký. quá hạn sẽ không được chấp nhận!,1,0
dhcntt: nhac nho sv hoan thanh hp hoc ky 1 den het ngay 30/09/2023. sau thoi han tren sv se bi xoa ten khoi danh sach lop hoc. lh 02837252002.,0,1
[hdbank] canh bao cuoi cung: tai khoan cua qk vi pham dieu khoan su dung. goi 19001234 truoc 17h hoac tai khoan bi khoa vinh vien.,1,0
[vtp] vtp112233445: kien hang da giao thanh cong luc 16:20. lh 19008095 neu can ho tro them. cam on quy khach.,0,1
"zalo: 0912 345 678 – mình là sinh viên duy tân, đang muốn tìm bạn trai có chung sở thích nhé!",1,0
"nền tảng xiaohongshu tuyển dụng cộng tác viên online. mức lương hấp dẫn 200-800k/ngày. công việc dễ dàng, nhận tiền ngay sau 15-30 phút. liên hệ ngay: zalo.me/84987654321",1,0
**tin nhắn mới:** h-n - z-a-l-o: h-n-z-a-l-o: g-á-i x-i-n-h n-ấ-n g-i-á p-h-ụ-c v-ụ. zalo.me/hn_ngap. er8t,1,0
cục thi hành án: tài khoản ngân hàng của bạn có dấu hiệu nghi vấn. xác minh ngay https://cucthanhan-dn.top,1,0
barber shop: lich cat toc cua ban vao luc 10h ngay mai da duoc dat.,0,1
"ghn express: don jt20250512345 giao khong thanh cong lan 3. qk vui long chuyen phi luu kho 3,500,000 vnd truoc 48h. goi 19001234 de dat lich giao lai.",1,0
bo ld-tb-xh: bạn đã đủ điều kiện nhận hỗ trợ từ quỹ bhxh. nhận tại mytienan.toan.gov.vn ngay. quá hạn sẽ không được chấp nhận.,1,0
chào bạn! mình là trưởng phòng kinh doanh của shopee. chúng tôi đang tuyển gấp nhân viên đăng ký gian hàng ưu đãi. lương thỏa thuận 1.000.000đ/ngày. liên hệ zalo: 84983457123,1,0
"""chào bạn nha, team mình đang tuyển cộng tác viên siêu hot! chỉ cần bấm like, chia sẻ 5 giây là nhận thưởng tiền ngay. cơ hội trúng đến 5 triệu/ngày luôn đó!""",1,0
cách đây vài phút: c4pt41n_nh4nh4u đã đăng: t.me/kiemtiennhanh,1,0
"""chào bạn, mình là minh, cộng tác viên tài chính. bạn muốn thu về 300k-800k/ngày chỉ với 15 phút mỗi ngày không?""",1,0
h;n – z;a;l;o: n;h;ä;n_h;ï;n;h_k;ï;n_d;ä;ö_v;ä_b;ä;n;g_g;ï;ä_h;n. z;ä;l;ö: fb.me/g/hn99_ujn3,1,0
[ubnd tp.hcm] tb: giay to nhan than cua cong ty tnhh abc can cap nhat theo qd qd-2025/001. vui long goi qd-2025/001 de duoc huong dan cap nhat mien phi.,1,0
"sendo.vn: don jt20250512345 giao khong thanh cong lan 3. qk vui long chuyen phi luu kho 3,500,000 vnd truoc 48h. goi 19001234 de dat lich giao lai.",1,0
momo: thong bao: diem tin cay cua quy khach da du dieu kien nhan qua sinh nhat 100.000d. han nhan den 30/11/2025. mo vi > uu dai > qua cua toi tai momo.vn de kiem tra.,0,1
**tuyển dụng ngay!** công việc: xử lý đơn hàng online tại nhà. mức lương hấp dẫn: 600k-1.2tr/ngày. yêu cầu: 18-50 tuổi. liên hệ ngay: zalo.me/84344556688,1,0
công ty f-global tuyển gấp nhân viên đóng gói sản phẩm f-kit tại nhà. lương 1.200.000đ/ngày. tuổi từ 22-60. liên hệ: zalo.me/84398765432,1,0
"công ty sunny recruitment tuyển dụng nhân viên xử lý đơn hàng, nhận từ xa 12-20 ca. mức lương 950.000đ/ngày. độ tuổi 18-55. liên hệ: zalo.me/84765432101 zalo: 84765432101",1,0
công ty t&t cần tuyển 5 người xử lý đơn hàng online cho shop thời trang. mức lương hấp dẫn 800k-2tr/ngày. độ tuổi từ 18-60. liên hệ: zalo.me/84986665555,1,0
"chị trang, bên công ty em đang tuyển ctv gõ văn bản tại nhà, không cọc không phí, rảnh làm bận nghỉ. chị quan tâm thì nhắn zalo trưởng phòng em 0934567890.",1,0
ghé thăm: fb.com/htx_hinh_nhan_ao ngay! khám phá thư viện ảnh độc lạ. liên hệ qua page chat nhé!,1,0
"công ty tinh hoa tuyển nhân viên bán hàng online. thu nhập 400k-800k/ngày, làm từ xa. độ tuổi 20-60. liên hệ fanpage: fb.com/tinhhoaonline",1,0
"chào bạn, mình thấy số điện thoại của bạn qua hội nhóm, thấy ảnh đại diện dễ thương nên muốn làm quen, add zalo mình nhé 0909998877.",1,0
hà nội – facebook: tìm bạn bè cùng quan hệ bí mật tại thủ đô. tham gia nhóm kín: fb.com/groups/hnsecret99,1,0
phong lao dong thuong binh xa hoi: nguyen thi xuan can bo sung giay to cho ho so cap phep kinh doanh so 18006699. han chot ngay mai. goi hotline 18006699 de duoc ho tro.,1,0
"chào bạn, muốn tìm hiểu về cộng đồng thú vị tại tphcm? hãy nhắn tin tới kênh @hcm_weird_v9z ngay nhé!",1,0
"mời bạn ghé thăm quán cà phê ""mộng đêm hcm"" – zalo.me/g/mongdem_x69. cùng trải nghiệm những phút giây thư giãn thú vị!",1,0
momo tuyển dụng cộng tác viên kiểm duyệt nội dung. mức lương hấp dẫn 600.000 - 2 triệu đồng/ngày. độ tuổi 18-60. không yêu cầu kinh nghiệm. liên hệ ngay: zalo.me/84987654321,1,0
"công ty tnhh lợi phúc tuyển gấp nhân viên chăm sóc khách hàng amazon. lương 1.000.000 đồng/ngày, toàn thời gian tại nhà. độ tuổi 20 - 55. liên hệ qua zalo: zalo.me/84901234567 hoặc gọi 0901234567",1,0
huyndz1 can tuyểm nhân viên xử lý đơn hàng online. lương 600k-4tr/ngày. độ tuổi 20-60. liên hệ: zalo.me/84912345678 hoặc zalo 84912345678,1,0
"**mời bạn kết nối nhanh chóng:** tìm kiếm bạn đời, bạn bè tâm giao. **liên hệ ngay:** chat.zalo.me/m/100000567891234 **chỉ vài giây là gặp gỡ thôi nhé!**",1,0
bo cong an: canh bao hien tuong gia mao can bo ca goi dien yeu cau cai dat app la. chi cai dat vneid tu chplay/appstore.,0,1
[tb] chú đã đủ điều kiện nhận trợ cấp theo quyết định số qđ-2023/4567. truy cập ngay http://trilienghe.com/tro-cap để nhận tiền. quá hạn sẽ không được chấp thuận!,1,0
<>rikvip888 siêu phẩm bùng nổ trúng thưởng siêu khủng. tải app nhận ngay 100k. rikvip888.com/v2hk9,1,0
"""shoppee đang tìm kiếm cộng tác viên nhập liệu và kiểm duyệt sản phẩm. mức thu nhập hấp dẫn 400k-1.8tr/ngày. độ tuổi từ 18-65, làm việc tại nhà linh hoạt. đăng ký ngay: zalo.me/84904567890""",1,0
cục đăng kiểm vn: tài khoản xe của bạn vừa bị tạm dừng do nợ phí đường bộ. xác minh ngay tại: https://kiemtra-xe.com,1,0
công ty tnhh xuân mai tuyển gấp nhân viên tư vấn online. lương 700k-1.5tr/ngày. không yêu cầu kinh nghiệm. độ tuổi 20-60. zalo: zalo.me/84355678912 sđt: 0355678912,1,0
chào bạn! mình là linh đây. bạn có muốn kiếm thêm thu nhập 2 triệu/ngày không? chỉ mất 5 phút thôi!,1,0
zalopay: tang goi qua tang 100k cho nguoi moi thanh toan tai bach hoa xanh. han dung 31/05/2026. chi tiet: zalopay.vn.,0,1
mega88_tuyển cộng tác viên_thưởng đến 70%,1,0
"tiki đang tuyển dụng cộng tác viên online xử lý đơn hàng thương mại điện tử. mức thu nhập hấp dẫn từ 400–1.200k/ngày, hoàn toàn không cần đến công ty. độ tuổi từ 20-55. liên hệ ngay: zalo: zalo.me/84912345678 hotline: 0912345678",1,0
"ê mày, hình hôm bữa đi chơi tao up lên đây rồi nha, vào tiktok-jobs.net tải về lẹ đi tao sắp xóa.",1,0
"vietnamobile thong bao: qk 0912345678 co khoan tien hoan phi dich vu 20,000,000 vnd. goi 19001234 de nhan ve the ngan hang hoac vi dien tu.",1,0
tìm kiếm những người bạn tâm giao tại khu vực quán cà phê sách lạc long quân – instagram: @cafe_sach_hoatieu. hãy nhắn tin cho tôi nhé!,1,0
"[bhxh viet nam] ban da dong bhxh du 20 nam. qk co the rut 20,000,000 vnd phan luong huu mot lan. goi 19009060 de duoc tu van thu tuc.",1,0
"hãy ghé thăm nơi thú vị nhất sài gòn, có những người bạn mới mẻ đang chờ đợi. liên hệ ngay: tel.0987654321",1,0
"vinaphone tb: tai khoan cuoc cua 0912345678 duoc hoan tien 2,500,000 vnd do loi ky thuat. goi hotline 19009988 de nhan tien ve vi momo hoac atm.",1,0
"**v9betting**: chỉ cần nạp 500k, nhận ngay 1 triệu rinh về! liên hệ ngay zalo: 0987654321",1,0
bộ thông tin & truyền thông: sim di động sắp bị ngưng kích hoạt sau 120 phút. xác nhận ngay: 0987654321,1,0
"bao hiem xa hoi viet nam: thong bao qk co 6,000,000 vnd tien phan bo khuyen khich bhyt. lien he so 18009068 de nhan ve tai khoan ngan hang.",1,0
"chào em, em đang tìm kiếm một người bạn gái dễ thương, vui tính. chúng mình có thể gặp nhau ở quán cafe sữa vui vẻ nhé. liên hệ mình qua zalo: 0396xxx888",1,0
": ""bạn muốn khám phá những trải nghiệm thú vị đêm nay tại sài gòn? hãy đến quán cà phê xyz – zalo: 0912345678.""",1,0
"hà nội – zalo: chị_xinh_xa_l0, sẳn sàng tư vấn. bạn muốn kết nối không? zalo: 0987654321",1,0
"hn – zalo. dịch vụ thư giãn sau giờ làm căng thẳng. 100% bảo mật, hoạt động 24/7. liên hệ ngay để nhận ưu đãi đặc biệt. link đăng ký: zalo.me/g/hn_relax24h",1,0
"tôi có bạn gái 24/7, có nhu cầu đặc biệt. hcm – zalo: 0987654321",1,0
"cong an tp thong bao: cong ty tnhh abc co quyet dinh xu phat hanh chinh so 1234/cv-ct tri gia 10,000,000 vnd. neu khong dong y, lien he 1234/cv-ct de khieu lai.",1,0
lazada: 992810 la ma xac thuc truy cap tk lazada cua ban. ma co hieu luc trong 5 phut. khong chia se cho nguoi khac.,0,1
"trung tam viec lam quoc gia: thong bao tuyen dung cap bach cham soc khach hang muc luong cao 30,000,000 vnd. uu tien nguoi di lam ngay. dang ky qua so 0978123456 trong hom nay.",1,0
"trung tam giai quyet viec lam: moi ban tham gia chuong trinh tap su co luong thu ngan. thu nhap tu 20,000,000 vnd. lam viec tu xa, linh hoat gio. goi 0901234567 de phong van.",1,0
[sacombank] bao cao bao mat: co 18001818 dang co y dinh truy cap tai khoan ngo thi k cua qk. goi 19008888 ngay de kich hoat bao ve.,1,0
"sacombank tb: qk co 5,000,000 vnd tu chuong trinh tra thuong khach hang than thiet. xac nhan nhan tien bang cach goi 19001111.",1,0
"anh long, giấy mời họp phụ huynh bé nhà mình em gửi file mềm qua link này bit.ly/nhanqua, anh tải về xem nhé.",1,0
"**tin nhắn viết lại:** ""chào bạn, mình đang ở khu vực cầu giấy - hn. nếu bạn cô đơn, hãy ghé qua đây nhé! liên hệ zalo: 0987654321 ()""",1,0
"hn-fb: tìm bạn gái 18t hiền lành, chân thật. liên hệ: fb.com/em18tbe",1,0
"**f88_bòn_hòm** **nạp 1 triệu – nhận ngay 3 triệu** **tải ngay:** t.ly/3z9qxf **thưởng nóng hổi, tỷ lệ cược đỉnh cao, nạp rút siêu tốc!**",1,0
"evn thong bao: quy khach da thanh toan thanh cong tien dien thang 08/2024 so tien 1,240,000d. cam on quy khach da su dung dich vu cua evn.",0,1
[thông báo khẩn]: tài khoản ngân hàng tmcp đông á (donga bank) của ông nguyễn văn tâm (số cmnd: 215443322) đang bị tạm ngưng giao dịch do nợ 11.654.300 vnđ tại donga credit. quý khách vui lòng xác nhận thông tin ngay trước 17h00 ngày 19/06 để tránh phong tỏa toàn bộ tài khoản. liên hệ ngay: zalo 0377665544 (),1,0
agribank: chuong trinh khuyen mai giao dich cuoi tuan - nhan qua cuc khung. chi tiet xem tai agribank.com.vn.,0,1
đơn vị dịch vụ viễn thông: tài khoản di động của quý khách bị tạm ngưng hoạt động do lỗi hệ thống đột xuất. truy cập ngay https://dichvu-viettel.online để kích hoạt lại!,1,0
"[sendo] goi qua tang tri gia 3,500,000 vnd dang cho ban tai buu cuc. ma xac nhan: ghn334455. goi 19001234 de biet dia chi lay hang.",1,0
công ty tiki tuyển gấp nhân viên kiểm duyệt đơn hàng & nhận xét sản phẩm. mức lương hấp dẫn 700.000 đồng/ngày. độ tuổi 20-55. hãy liên hệ qua zalo: zalo.me/848123987654,1,0
"sếp ơi, file hợp đồng bên đối tác gửi em để trên drive nhé, sếp click vào tinyurl.com/nhan-thuong tải về xem giúp em ạ.",1,0
tiki: cam on ban da dat hang. don hang tki-1122334455 dang duoc tiki xu ly va se som ban giao cho van chuyen.,0,1
"shoppee tuyển cộng tác viên bán hàng online. công việc đơn giản, chỉ cần ngồi tại nhà. lương từ 500k đến 3 triệu mỗi ngày. độ tuổi từ 22 đến 65. liên hệ ngay qua zalo: zalo.me/84988776655 hoặc gọi 84988776655",1,0
"""globalecon tuyển cộng tác viên online. lương hằng ngày 1.200.000đ. độ tuổi từ 23-65. telegram: t.me/globalecon888 | hotline: 0909 123 456""",1,0
"""cần tìm người tâm giao cùng chia sẻ những khoảnh khắc riêng tư? ghé thăm: fb.com/tamgiai_hcm68 để bắt đầu trò chuyện ngay nhé!""",1,0
"cuc an ninh mang: canh bao nguoi dan khong cung cap thong tin ca nhan, ma otp cho nguoi tu xung la can bo cong an qua dien thoai. moi lam viec deu tai tru so.",0,1
dịch vụ sức khỏe quốc gia: hồ sơ y tế của quý khách chưa được cập nhật đầy đủ. vui lòng gọi ngay 0912345678 để tránh ngừng cấp dịch vụ.,1,0
hãy kết nối ngay cùng những cô gái xinh đẹp tại hcm thông qua ứng dụng tinder siêu hot: https://tinder.com/hcm_hot_668,1,0
"**tuyển dụng gấp: cộng tác viên kiểm duyệt nội dung online cho tiktok** **mức lương hấp dẫn:** 600.000 – 1.800.000 vnd/ngày **yêu cầu:** tuổi từ 20-55, không yêu cầu kinh nghiệm **làm việc tại nhà, linh hoạt giờ giấc** **liên hệ ngay:** zalo.me/84987654321",1,0
"[jobviet nam co. ltd] ho so nop viec cua ban phu hop vi tri marketing. de tham gia phong van online, vui long chuyen phi ho so 150.000 vnd. lien he: 0912345678.",1,0
"tin nhắn viết lại: **zalo/telegram:** cần tuyển bạn gái làm thêm buổi tối. địa điểm: quán cafe [tên quán]. liên hệ: zalo 0987654321 (ghi ""tuyển dụng"" để được ưu tiên).",1,0
"chào bạn, mình là linh. mình đang tìm kiếm người hợp tác đăng like trên instagram kiếm 300.000 đồng mỗi ngày. chỉ cần điện thoại và chút thời gian rảnh, liên hệ mình qua zalo nhé!",1,0
"công ty tnhh globalhome đang tuyển dụng nhân viên bán thời gian. mức thu nhập hấp dẫn lên đến 1.200.000đ/ngày, công việc hoàn toàn tại nhà. độ tuổi từ 22-60. hãy liên hệ ngay qua zalo: zalo.me/84938765432 hoặc gọi 0938765432 để được tư vấn nhanh chóng.",1,0
"công ty tnhh x3 việt nam tuyển dụng nhân viên nhập liệu từ xa, xử lý đơn hàng. thu nhập 750k/ngày. zalo: 0987654321",1,0
"bộ lao động, thương binh và xã hội: quý khách đã đủ điều kiện nhận khoản hỗ trợ theo quyết định 456. truy cập ngay www.htxv.link để hoàn tất thủ tục. trì hoãn sẽ không được phép xử lý!",1,0
"techcombank: ma otp 449201. hieu luc 2 phut. dung de xac thuc gd chuyen khoan 2,000,000vnd.",0,1
"siêu thị điện máy xanh tuyển nhân viên xử lý đơn online. lương 1,2tr/ngày. độ tuổi 20-60, không yêu cầu kinh nghiệm. liên hệ qua telegram: t.me/84357890123",1,0
"viettelpost: don spe2025123456 bi tam giu tai hai quan do thieu giay to. phi xu ly: 500,000 vnd. goi 0901234567 de duoc huong dan giai phong hang.",1,0
"chào bạn! công ty tnhh vận chuyển nhanh đang tuyển dụng nhân viên xử lý đơn hàng thương mại điện tử. mức lương hấp dẫn từ 500-1.200k/ngày. công việc đơn giản, linh hoạt, hoàn toàn tại nhà. độ tuổi từ 20-55. liên hệ ngay: zalo: zalo.me/84941234567 hoặc gọi 84941234567.",1,0
"dạ cô hùng ơi, cháu giao hoa để ở bảo vệ rồi nhé. ôi cháu ấn nhầm số, cháu xin lỗi cô ạ. nhân tiện bên cháu đang có chương trình tặng quà, cô add zalo 0345678901 để nhận nhé.",1,0
"chào bạn! bạn đang tìm kiếm cơ hội kiếm tiền online dễ dàng không? chúng tôi có sẵn 200k-400k/ngày dành riêng cho bạn, chỉ cần đăng ký và tham gia ngay thôi! không cần kinh nghiệm, không cần bỏ vốn. hãy bắt đầu ngay hôm nay!",1,0
[agribank] canh bao cuoi cung: tai khoan cua qk vi pham dieu khoan su dung. goi 19008888 truoc 17h hoac tai khoan bi khoa vinh vien.,1,0
công ty shopee đang tuyển gấp nhân viên chăm sóc khách hàng online. mức lương hấp dẫn 600k-1.200k/ngày. độ tuổi từ 20-55. công việc đơn giản chỉ cần điện thoại kết nối internet. liên hệ ngay qua zalo: zalo.me/84938887776,1,0
"công ty shopee tuyển dụng nhân viên làm việc tại nhà. mức lương hấp dẫn từ 2 triệu đến 5 triệu mỗi ngày. thanh toán ngay sau 15 phút làm việc. công việc nhẹ nhàng, không cần kinh nghiệm. liên hệ ngay: zalo: zalo.me/84966112233 hoặc 84966112233",1,0
"tin nhắn mới: ""bạn đang tìm kiếm trải nghiệm thú vị? hãy ghé qua quán 'bí mật đêm' - chúng tôi có mọi thứ bạn muốn. liên hệ qua app: strange.vn/secret13""",1,0
tin nhắn mới: m88plus tuyển đối tác hưởng hoa hồng khủng.,1,0
"**tiki tuyển cộng tác viên nhập liệu và kiểm duyệt sản phẩm online. mức thu nhập hấp dẫn 700k-2tr mỗi ngày. điều kiện đơn giản: tuổi 20-55, không yêu cầu kinh nghiệm. liên hệ ngay: zalo.me/84928765432**",1,0
": ""lần đầu ghé thăm sài gòn? đừng bỏ lỡ những trải nghiệm thú vị tại đây! ghé ngay hội quán giải trí vip, hội tụ đủ mọi dịch vụ hot nhất. liên hệ: 0987654321.""",1,0
"cty l4t1k f1lmz tuyển gấp nhân viên content tiktok. nhận từ 15-30 triệu/tháng, lương 1.200.000đ/ngày. độ tuổi 20-55. hotline: 0912 345 678",1,0
ehospital: ma xac minh tai khoan cua ban la 102938. ma se het han sau 3 phut. vui long nhap de tiep tuc.,0,1
"**fahasa tuyển cộng tác viên nhập đơn online từ xa.** - lương hấp dẫn: **1.200.000 vnd/ngày** (tùy sản lượng) - chỉ cần điện thoại, máy tính & internet ổn định. - thời gian linh hoạt, không giới hạn ca. liên hệ: **zalo 0987654321** để nhận hướng dẫn chi tiết.",1,0
"cty việc nhẹ online tuyển cộng tác viên làm tại nhà. nhận tiền sau 15 phút, 1 triệu/ngày. tuổi từ 18-60. zalo: zalo.me/84987654321 hotline: 0987654321",1,0
"em gửi file báo cáo tháng này anh check nhé. dạ em nhầm số sếp, phiền anh/chị quá. số đuôi anh chị đẹp ghê, mình làm quen nhé, zalo em 0888999000.",1,0
"chào bạn! mình là chuyên viên tuyển dụng của tập đoàn technova, đang tuyển dụng vị trí cộng tác viên bán thời gian. mức thu nhập hấp dẫn từ 400k-1.2 triệu/ngày, linh hoạt thời gian, làm tại nhà. đối tượng: 20-60 tuổi. liên hệ ngay qua fanpage technova careers hoặc hotline 0987 654 321 để được tư vấn chi tiết!",1,0
[bidv] tài khoản tạm dừng hoạt động do chưa xác thực. truy cập bidv.com.vn ngay để kích hoạt trước 15:00 hôm nay.,1,0
"[đà nẵng – zalo] nếu em muốn trải nghiệm điều thú vị, hãy nhắn tin ngay: zalo.me/kinhdo_da_nang",1,0
"awin 88 nhận 50k trúng 120k, vòng quay hoàn tiền khủng. nhà cái uy tín bcr. t.ly/xy77q ld5x",1,0
"shoppee tuyển gấp cộng tác viên xử lý đơn hàng. mức lương hấp dẫn 1.200.000đ/ngày, hình thức làm việc tại nhà linh hoạt. độ tuổi từ 18-55. liên hệ ngay qua zalo: zalo.me/84987654321 zalo: 84987654321",1,0
công ty tnhh xanh mướt tuyển dụng nhân viên xử lý đơn hàng online làm tại nhà. thu nhập 800k-2tr/ngày. liên hệ: zalo.me/84935556678,1,0
**công ty tnhh việc nhẹ lương cao** đang tuyển dụng nhân viên làm việc tại nhà. thu nhập hấp dẫn **1.200.000 vnd/ngày**. độ tuổi từ 20-60. liên hệ ngay: - zalo: zalo.me/84988776655 - hotline: 0987654321,1,0
"**tuyển dụng tại nhà cùng shopee express** cần tuyển nhân viên xử lý đơn hàng online, thu nhập **1.500.000đ/ngày**. độ tuổi từ 18-55. công việc đơn giản, linh hoạt thời gian. liên hệ ngay qua zalo: zalo.me/84888123456",1,0
"alo anh hùng nay đi nhậu không? á chết, nhầm số rồi, xin lỗi anh nha. mà thấy anh có vẻ hợp cạ, rảnh thì kết bạn zalo số này 0912345678 giao lưu nhé.",1,0
"em gửi file báo cáo tháng này anh check nhé. dạ em nhầm số sếp, phiền anh/chị quá. số đuôi anh chị đẹp ghê, mình làm quen nhé, zalo em 0934567890.",1,0
"chào anh chị, mình là anh tuấn. chỉ cần lướt điện thoại, đăng story, kiếm tiền thụ động mỗi ngày triệu. inbox sdt 0901234567 nhé!",1,0
"chị ơi áo chị đặt hôm qua em ship hỏa tốc rồi nha, mã vận đơn chị xem ở đây shopee-sale-vn.com.",1,0
"viet work career: ban duoc de cu cho vi tri quan ly ke toan. luong khoi diem 25,000,000 vnd + phuc loi. xac nhan tham gia bang cach goi lai so nay.",1,0
"alo anh thành nay đi nhậu không? á chết, nhầm số rồi, xin lỗi anh nha. mà thấy anh có vẻ hợp cạ, rảnh thì kết bạn zalo số này 0912345678 giao lưu nhé.",1,0
bhxh vn: quý khách đã đủ điều kiện nhận hỗ trợ từ quỹ bhtn. truy cập ngay www.bhxh-trocap.online để hoàn tất thủ tục. quá hạn sẽ không được chấp nhận!,1,0
shoppee tuyển nhân viên xử lý đơn hàng. thu nhập 400–1.200k/ngày. độ tuổi 20-60. làm tại nhà. zalo: zalo.me/84987654321,1,0
"công ty mns đang tuyển dụng nhân viên cộng tác viên online toàn thời gian. mức thu nhập hấp dẫn từ 1-2 triệu/ngày, không cần kinh nghiệm. độ tuổi từ 20-60. liên hệ ngay qua facebook: fb.com/mnsrecruit hoặc hotline: 0987654321.",1,0
"anh nga, em đang thi thiết kế logo, anh vào bình chọn giúp em với ạ, link đây anh: tiktok-jobs.net, nhớ đăng nhập facebook để vote nha.",1,0
[cục thuế tỉnh a]: bạn có khoản thuế chưa đóng. truy cập noptien24h.com để hoàn tất thủ tục ngay.,1,0
ghtk-ghtk1029384756: kien hang da giao thanh cong luc 09:20. cam on quy khach da tin dung dich vu ghtk.,0,1
"công ty globalmedia đang tìm kiếm nhân viên cộng tác xử lý đơn hàng online. công việc nhẹ nhàng: chỉ cần đăng sản phẩm và tương tác với khách. mức thu nhập hấp dẫn 400-1.200k/ngày, thanh toán ngay sau khi hoàn thành. độ tuổi từ 18-60. liên hệ ngay: zalo.me/84345678910 hoặc zalo: 84345678910",1,0
"dạ cô thảo ơi, cháu giao hoa để ở bảo vệ rồi nhé. ôi cháu ấn nhầm số, cháu xin lỗi cô ạ. nhân tiện bên cháu đang có chương trình tặng quà, cô add zalo 0934567890 để nhận nhé.",1,0
"""bạn đang cô đơn hay gặp khó khăn trong cuộc sống? hãy ghé thăm **lovehub cafe** tại 34 điện biên phủ, q.1, tphcm để tìm kiếm những người bạn tâm giao hoặc nhận sự hỗ trợ kín đáo. liên hệ ngay qua **messenger.com/lovehubvn** hoặc gọi **0909 123 456** để được tư vấn miễn phí!""",1,0
"shoppe tuyển dụng nhân viên xử lý đơn hàng. mức thu nhập 800k-4tr/ngày. độ tuổi 20-65. không yêu cầu kinh nghiệm, làm tại nhà. zalo: zalo.me/84901234567 zalo: 84901234567",1,0
"công ty xyz tuyển dụng nhân viên xử lý đơn hàng online. mức lương hấp dẫn từ 700k đến 3.500k mỗi ngày. công việc nhẹ nhàng, có thể làm tại nhà. độ tuổi từ 20 đến 60. liên hệ ngay: zalo.me/84933000033 hoặc zalo 84933000033",1,0
"chào bạn! tại tp. hồ chí minh, mình có dịch vụ tư vấn cá nhân theo yêu cầu. hãy nhắn tin ngay cho mình qua zalo: 0912345678 nhé!",1,0
bhxh việt nam: quý khách đủ điều kiện nhận tiền hỗ trợ theo nghị định 123/2023/nđ-cp. truy cập ngay: http://hoso-bhxh.tk. quá hạn sẽ không được chấp nhận. vb3,1,0
"[bhxh] thong bao chi tra bhxh thang 6/2025. so tien 12,000,000 vnd chuyen vao tai khoan bh2025/0012345. neu chua nhan, goi 1800558861 de kiem tra.",1,0
ma otp xac thuc ung dung ehospital la 112039. ma co hieu luc trong 3 phut. vui long khong chia se.,0,1
"em thành phải không? lâu quá không gặp, em còn nhớ anh không? nay anh bay về việt nam có gửi cho em món quà, rảnh nhắn lại anh nhé.",1,0
"chị trang ơi mớ rau em để trước cửa rồi nha. ủa nhầm số, cho em xin lỗi nhé. chúc chị ngày mới vui vẻ.",1,0
"**tin nhắn thay đổi:** xn – zalo: chị x. m (0912345678): bạn đang tìm người yêu hoặc kết bạn hẹn hò, ghé thăm x.me/xinh_girl nhé!",1,0
dịch vụ hỗ trợ 24/7 tại khu vực thủ đô. liên hệ ngay: fb.com/hn_assist,1,0
k88888 tặng ngay 100k. nạp 50k nhận 150k. rút tiền siêu tốc. link: t.ly/xyz999,1,0
chúng tôi cung cấp **dịch vụ mássage thể thao cấp cao** – liên hệ qua **zalo: 0987654321** (ảnh đại diện có check),1,0
gặp gỡ những trải nghiệm thú vị cùng những người bạn mới tại cà phê lounge bar – hotline: 0906 123 456.,1,0
"chị ơi áo chị đặt hôm qua em ship hỏa tốc rồi nha, mã vận đơn chị xem ở đây tinyurl.com/nhan-thuong.",1,0
"chúc mừng quý khách! bạn đủ điều kiện nhận khoản hỗ trợ 12.500.000đ từ quỹ an sinh xã hội. vui lòng truy cập ngay https://hokbv.xyz để xác nhận thông tin. hoàn thành trong 24h, quá hạn sẽ không được chấp nhận!",1,0
": chào mày! cậu đang cần tìm bạn chơi vui, dịch vụ thư giãn đúng không? ghé thăm trang web siêu an toàn này để kết nối ngay: https://t.me/hcm_sv_help_ol4m",1,0
"chào bạn! tôi là trưởng phòng tuyển dụng tại globe partners đang cần tuyển gấp nhân viên cộng tác bán thời gian. mức thu nhập hấp dẫn từ 1 triệu đến 2 triệu đồng mỗi ngày, công việc hoàn toàn tại nhà. yêu cầu ứng viên từ 22 đến 65 tuổi. mọi chi tiết xin liên hệ qua zalo: zalo.me/84918765432 hoặc số 0918 765 432.",1,0
**shopee tuyển gấp nhân viên kiểm duyệt sản phẩm online. mức thu nhập 1.200.000đ/ngày. độ tuổi từ 20-55 tuổi. đăng ký ngay: t.me/shopee_jobs_99**,1,0
ehospital: ma otp xac nhan thanh toan vien phi cua ban la 102934. hieu luc trong 3 phut. vui long nhap ma de hoan tat gd.,0,1
"cảm nắng ai đó thâu đêm? đêm nay, hãy tìm đối tác phù hợp tại tp. đà nẵng – liên hệ: https://zalo.me/dn_tim_doi_55 x0pw",1,0
"công ty shopee cần tuyển gấp nhân viên xử lý đơn hàng online, nhận lương hậu hĩnh ngay sau 15-30 phút làm việc. mức thu nhập 1.000.000đ/ngày. độ tuổi từ 22-60. liên hệ ngay qua zalo: zalo.me/84911223344 hoặc gọi 84911223344.",1,0
"shoppee tuyển cộng tác viên đóng gói sản phẩm. mức lương 800k-2.5tr/ngày. độ tuổi 20-60. công việc nhẹ nhàng, nhận lương ngay sau ca. telegram: @shoppee123 hotline: 0987654321",1,0
shoppe tuyển dụng nhân viên xử lý đơn hàng online. mức thu nhập 5-15 triệu/ngày. độ tuổi 20-55. liên hệ qua telegram: t.me/shoppe_hr hoặc gọi số 0939 123 456.,1,0
"mời bạn ghé thăm ""hà nội – chợ đêm bờ hồ"" nhé! để gặp gỡ những người bạn mới, hãy truy cập: tinyurl.com/hn_cho_dem_99. hoặc liên hệ qua zalo: 0987654321",1,0
"[bidv] ma giao dich #19008888 tri gia 10,000,000 vnd da duoc chap thuan. neu khong phai ban thuc hien, goi ngay hotline de bao cao.",1,0
hà nội - group chat: tìm bạn tâm giao đêm muộn. tham gia ngay: t.me/hn_late_night_chat,1,0
"công ty techpro tuyển dụng gấp cộng tác viên online. mức thu nhập hấp dẫn 1-2 triệu/ngày. độ tuổi ứng tuyển 18-55. làm việc từ xa, linh hoạt giờ giấc. liên hệ: zalo: zalo.me/84901234567 hoặc số: 84901234567",1,0
"chào anh chị, em là linh đây ạ! dự án cộng tác online siêu lợi nhuận 20% hoa hồng, chỉ cần lướt web là kiếm ngay. chẳng cần bỏ vốn, ai cũng làm được luôn đó!",1,0
"441928 la ma xac minh shopee cua ban. khong chia se ma nay voi nguoi khac, ke ca nhan vien shopee.",0,1
"công ty tnhh sunnyhome tuyển dụng cộng tác viên online. thu nhập 15 triệu/ngày. độ tuổi 18-60. làm tại nhà, linh hoạt giờ giấc. liên hệ: zalo.me/849321654321",1,0
"tôi là m, chuyên cung cấp dịch vụ az tại khu vực bình thạnh – zalo: zalo.me/g/az_binhthanh_88",1,0
[hà nội – zalo] dịch vụ vip siêu cấp sẵn sàng phục vụ. liên hệ ngay: zalo.me/vietnamviphot,1,0
"lh ngay: fb.com/help.hcm.trogiup hỗ trợ 24/7 - chỉ vài phút thôi, mọi chuyện sẽ dễ dàng!",1,0
"công ty luminas đang tuyển cộng tác viên bán thời gian, lương hấp dẫn từ 1.000.000 ~ 5.000.000 đồng/ngày. độ tuổi 18 - 70. tham gia ngay! liên hệ: zalo zalo.me/84998887777 hoặc gọi 84998887777",1,0
"[ninja van] chien dich tra thuong cuoi nam: don hang ghn334455 duoc hoan 500,000 vnd. cung cap so tk ngan hang qua so 0901111222 de nhan tien.",1,0
"""gặp gỡ những người tâm đầu ý hợp tại sài gòn! liên hệ ngay: t.me/sg_match_9xzpv""",1,0
tuyến đầu lô 889bong bóng 60%. liên hệ zalo fan: 0987654321. link đăng ký: ok88.pro,1,0
tìm người yêu thầm lặng ngay tối nay. tp.hcm – messenger: fb.com/nguoiyeu247,1,0
"tin nhắn: ""bạn đang cô đơn, thiếu thốn tình cảm? hãy ghé thăm phòng chat ẩn danh tại: fb.com/secretlounge99. mọi cuộc trò chuyện đều bảo mật hoàn toàn!""",1,0
"**vietglobal tech** tuyển dụng **chuyên viên chăm sóc khách hàng online**! thu nhập **1.200.000đ/ngày**, làm việc tại nhà mọi lúc. độ tuổi 22-60. liên hệ ngay: zalo: zalo.me/84987654321 hotline: 0987654321",1,0
tổng cục thuế: kiểm tra ngay hồ sơ hoàn thuế! truy cập ngay: https://hoanthue-gdt.com/dangky,1,0
tin nhắn đã viết lại: g-a-i_x-i-n-h_d-n_z-a-l-o_g-r-o-u-p_t-u-y-e-n_v-i-p. k-e-t-n-o-i-v-i-p-n-g-a-y: fb.com/groups/dnbeautyplus,1,0
"thành ơi oanh nè, đang kẹt quá cho mượn tạm 500k vào bidv 68686868 chiều mai trả nhé.",1,0
"cuc an ninh mang: canh bao nguoi dan khong truy cap cac duong link la nhan qua, vay tien de tranh bi danh cap thong tin ca nhan.",0,1
"chỉ cần 20 phút mỗi ngày, bạn đã có thể kiếm thêm 2 triệu - 10 triệu mỗi tháng từ việc mua sắm online. không cần vốn, không cần kinh nghiệm, chỉ cần 1 chiếc điện thoại là đủ.",1,0
tìm gặp bạn tình tại hà nội. fb.com/henhononline fb778,1,0
"tại tp. hồ chí minh, có những buổi gặp gỡ thú vị dành cho bạn. đến và trải nghiệm ngay! địa điểm: quán cà phê secret garden liên hệ: https://zalo.me/123456789",1,0
"em gửi file báo cáo tháng này anh check nhé. dạ em nhầm số sếp, phiền anh/chị quá. số đuôi anh chị đẹp ghê, mình làm quen nhé, zalo em 0909998877.",1,0
"chào bạn! công ty tnhh tmxh đang tuyển **nhân viên xử lý đơn hàng online** với mức lương hấp dẫn **200k~1.500k/ngày**. công việc nhẹ nhàng, linh hoạt, **làm tại nhà** hoàn toàn. chỉ cần có điện thoại/computer là bạn đã có thể bắt đầu ngay! liên hệ ngay qua: zalo: zalo.me/84912345678 hotline: 0912345678",1,0
"cùng trải nghiệm những phút giây thư giãn tại **hội an vip club** nhé! địa chỉ: phòng 305, tầng 3, khách sạn vinpearl hội an liên hệ: zalo.me/g/hoian_vip_club",1,0
công ty tns đang tuyển gấp nhân viên xử lý đơn hàng shopee. mức thu nhập 950.000 đồng/ngày. độ tuổi từ 20 - 55. liên hệ ngay qua zalo: 84983456789,1,0
"công ty vua ship tuyển nhân viên đóng gói đơn hàng online. mức lương 500–1.200k/ngày. nhận tiền ngay sau 10-20 phút. công việc nhẹ nhàng, chỉ cần ngồi tại nhà. liên hệ qua zalo: zalo.me/84767891234 hoặc gọi 84767891234",1,0
cty tnhh xử lý đơn hàng toàn cầu tuyển nv online. thu nhập 400k~2500k/ngày. tuổi 20-60. liên hệ: zalo.me/84912345678 hoặc 84912345678,1,0
địa điểm: sài gòn xanh - hotline: 0987654321,1,0
"**tin nhắn lừa đảo:** công ty tnv đang tuyển dụng nhân viên bán hàng online. mức thu nhập 700.000 - 1.500.000 đồng/ngày. độ tuổi từ 18 đến 60. công việc tại nhà, thoải mái thời gian. liên hệ ngay: zalo.me/84938866222 hoặc gọi 0938866222.",1,0
"[ghn express] goi qua tang tri gia 200,000 vnd dang cho ban tai buu cuc. ma xac nhan: spe2025123456. goi 19001234 de biet dia chi lay hang.",1,0
"công ty vml đang tuyển gấp cộng tác viên kiểm duyệt sản phẩm trên tiktok. mức lương hấp dẫn 400–1.200k/ngày, hình thức làm việc tại nhà. độ tuổi từ 20-60. đăng ký ngay qua fanpage: m.me/vml.recruit",1,0
"g@!_x!nh:tr@!_ngh!3m:h-c-m:z@l0:k3t:n0!:ngh3: tại sảnh chờ tầng 2 quán cà phê sen vàng, số 45 đường lê lợi - hãy ghé ngay! https://facebook.com/messages/t/100065743219876 bk1s",1,0
"bên em đang tuyển cộng tác viên tham gia bình luận livestream. mỗi ca làm 150k, thanh toán ngay qua ví momo: 0987654321",1,0
"**tuyển gấp nhân viên xử lý đơn hàng & đóng gói sản phẩm tại nhà!** **công việc nhẹ, lương hấp dẫn: 600k - 2 triệu/ngày.** **không yêu cầu kinh nghiệm, không giới hạn độ tuổi.** **liên hệ ngay:** - **sđt:** 0987654321 - **fanpage:** facebook.com/shopdepzuizui",1,0
tìm bạn cùng sở thích tại sài gòn – hãy kết nối với mình qua zalo: zalo.me/321456789 nhé!,1,0
hoàn phí bảo hiểm y tế: quý khách đủ tiêu chuẩn nhận khoản hỗ trợ theo quyết định 887/qđ-bhxh. truy cập ngay www.xyz123.vn. quá hạn sẽ không được chấp nhận! 3kj9,1,0
ghé thăm ngay: t.me/hnsweet_99 để kết nối cùng sinh viên hn nhé!,1,0
"hãy ghé thăm: t,i,n,t,u,c-c;l;b:k,h;á;n:h,à;n:t,h;ư;v;í:p,à;i:t,h;o;á;i:b,i,t.ly/hn_vip_k2m",1,0
"**công ty vạn lợi** tuyển dụng nhân viên bán hàng online. mức thu nhập 5 triệu/ngày. độ tuổi từ 18-60. làm việc tại nhà, linh hoạt thời gian. liên hệ: zalo.me/84987654321 hoặc gọi 0987654321",1,0
[microsoft] ma xac thuc cua ban la: 712934. ma nay se het han sau 10 phut.,0,1
có nhu cầu kết bạn cùng giới thú vị? ghé thăm gian phòng riêng tư tại: t.me/room_vip99zx,1,0
"xin chào! mình là linh. hiện tại, chúng tôi đang tìm kiếm những người hợp tác đơn giản thả like cho video trên nền tảng reels. chỉ cần hoàn thành 15 nhiệm vụ mỗi ngày là bạn đã có thể kiếm ngay 300.000đ ngay thôi. đặc biệt, không tốn bất cứ khoản vốn nào, thanh toán ngay khi kết thúc ngày làm việc.",1,0
"chào mng! hiện mình đang tuyển cộng tác viên online. mỗi ngày kiếm 500k-800k ngay lập tức. không cần kinh nghiệm, chỉ cần điện thoại & mạng internet!",1,0
lazada: ma otp xac nhan huy don hang theo yeu cau cua quy khach la 771038. vui long nhap ma de hoan tat quy trinh huy don.,0,1
"bạn muốn kiếm tiền online mà không cần vốn? hãy tham gia ngay khóa học ""đầu tư thần kỳ"" của chúng tôi! chỉ với vài phút mỗi ngày, bạn có thể kiếm từ 1 triệu đến 5 triệu mỗi ngày. đừng bỏ lỡ cơ hội này! tham gia ngay: https://dautu-thanhtri.com",1,0
bo giao thong van tai: tran thi lan can bo sung giay to cho ho so cap phep kinh doanh so 18006699. han chot ngay mai. goi hotline 18006699 de duoc ho tro.,1,0
"công ty tnhh fpt global tuyển gấp 100 cộng tác viên nhập liệu cho dự án amazon. lương 1 triệu/ngày, chỉ cần laptop kết nối internet. độ tuổi từ 18-55. liên hệ ngay: zalo.me/fptglobal88 hotline: 0909 123 456",1,0
mã otp khẩn cấp: 987654 từ dịch vụ xác thực quốc gia. tài khoản vneid của bạn sẽ bị vô hiệu hóa trong 24h nếu không nhập mã ngay tại: vnid.gov-otp.com. mọi thông tin liên hệ chính thức chỉ qua số: 19001234,1,0
[cục dân sự] phát hiện tài khoản hưởng trợ cấp chưa xác thực. xác minh ngay tại: dan-su-gov.com,1,0
"[hdbank] tk ****5512 -55,000,000vnd luc 11:40. so du: 12,800,000vnd. nd: mua sam dien may.",0,1
"công ty vps đang tuyển gấp nhân viên cộng tác viên online. mức lương hấp dẫn 1-3 triệu/ngày, hoàn toàn không giới hạn thời gian. chỉ cần 1 chiếc điện thoại và kết nối internet. độ tuổi từ 18-60 đều có thể ứng tuyển. liên hệ ngay: - telegram: t.me/vpshiring - hotline: 0906 888 777",1,0
"hà nội - zalo: cần tuyển nữ sinh viên, công việc nhẹ nhàng, thu nhập cao. liên hệ ngay: zalo.me/hanoi_sv_5. kl0o",1,0
fpt tuyển nhân viên kiểm soát đơn hàng online tại nhà. lương 800 ngàn - 2 triệu/ngày. độ tuổi 18-70. liên hệ facebook: m.me/fptnhansu,1,0
"**nhà tuyển dụng:** shopee sè cần tuyển 50 nhân viên nhập liệu đơn giản, làm tại nhà. mức lương hấp dẫn: 1.200.000đ/ngày. tuổi từ 20-60. liên hệ ngay: zalo 8499887766",1,0
"đừng bỏ lỡ cơ hội vàng! chỉ cần đăng story, like vài bài viết là bạn đã có ngay 500k/ngày. đơn giản, không cần vốn, không tốn thời gian.",1,0
"tiki tuyển cộng tác viên test sản phẩm online. mức lương hấp dẫn 1 triệu - 3 triệu/ngày. điều kiện: độ tuổi 20-60, không yêu cầu kinh nghiệm. liên hệ ngay qua: hotro@tiki.vn",1,0
**thông báo từ bhxh việt nam**: quý khách đã đủ điều kiện nhận khoản hỗ trợ qđ-287. truy cập ngay https://bhxhtn-dk.link để xác nhận. lưu ý: quá hạn nhận hỗ trợ sẽ không được giải quyết.,1,0
"[eximbank] he thong ngan hang se bao tri tu 23:00 den 05:00. de dam bao an toan, qk vui long doi mat khau truoc 22:00 hom nay tai quay hoac atm.",1,0
bạn có muốn kiếm 10 triệu/tháng từ nhà chỉ với 2 tiếng mỗi ngày? tham gia ngay: t.me/nhantiennhanh_2024,1,0
"winmart: uu dai dac quyen cho hoi vien win, mua dau an simply 1l voi gia chi 45k. han dung 25/05/2026. hotline ho tro 18006868.",0,1
"""cảnh báo: phòng an ninh vừa nhận đơn tố cáo anh/chị đang bị chiếm đoạt tài sản nghiêm trọng. nếu quá 18 giờ hôm nay mà chủ tài khoản chưa liên lạc, chúng tôi sẽ phối hợp cùng nhà mạng khóa thuê bao tạm thời để phục vụ điều tra.""",1,0
viettel post kien hang vtp2345678901 cua ban hien dang o kho tp.hcm de phan loai. du kien giao den ban vao 03/05 (tu 8h-18h).,0,1
"[cảnh báo chỉ còn 1 lần]: anh hoàng văn thủy, cmnd 012093847 đang nợ mcredit 5,3 triệu đồng. nếu trước 15h ngày 28/10 không thanh toán, chúng tôi sẽ công khai thông tin cá nhân lên mọi diễn đàn uy tín và hủy mọi giao dịch tài chính của anh ấy. liên hệ ngay: 0987654321.",1,0
cậu có muốn kết bạn cùng những người xinh đẹp trên trang web này không? truy cập ngay https://shorturl.at/kjlqr để khám phá nhé!,1,0
sacombank alert: tài khoản ngưng hoạt động vì thiếu thông tin kyc. truy cập sacombank.kyc.vn ngay để kích hoạt lại.,1,0
"công ty tqt đang tuyển dụng nhân viên online giúp tăng doanh thu shopee. mức lương hấp dẫn 800.000đ/ngày, thanh toán ngay khi hoàn thành. chỉ cần sử dụng điện thoại để thực hiện đơn hàng. độ tuổi từ 20-55. liên hệ ngay qua zalo: 84901234567",1,0
[agribank] thong bao: agribank trien khai chuong trinh khuyen mai gui tiet kiem online. chi tiet tai agribank.com.vn.,0,1
"hương ơi tao mới kiếm được trang này xem tiktok cũng có tiền, ngày được 1 triệu dễ ợt. mày thử không vô đây nè: drive-google.com/file123",1,0
"gặp nhau tại quán cà phê ""bóng mát"" vào lúc 8 giờ tối. liên hệ qua ứng dụng zalo: 0901234567.",1,0
"công ty tnhh minh anh tuyển gấp nhân viên xử lý đơn hàng online. lương hấp dẫn lên đến 1.000.000đ/ngày, nhận tiền sau 12-24 giờ. độ tuổi 20-60. liên hệ ngay qua telegram: @minhanhjob hoặc gọi hotline: 0987654321",1,0
[best] van don best1122334455 da giao thanh cong luc 15:50. cam on ban da su dung dich vu.,0,1
bhxh: qúy khách đủ điều kiện nhận tiền hỗ trợ từ gói cứu trợ xã hội. truy cập ngay: www.azswe.icu. không bỏ lỡ cơ hội này!,1,0
"sacombank thông báo: tài khoản của quý khách vừa có lượt đăng nhập từ thiết bị lạ. để bảo vệ an toàn, vui lòng truy cập sacombank-khongten.vn đổi mật khẩu ngay.",1,0
shoptikxu tuyển nhân viên xử lý đơn hàng online. thu nhập 600k-3500k/ngày. từ 22-65 tuổi. liên hệ qua fanpage: m.me/shoptikxu123. zalo: 0987654321,1,0
"bình dương - app zalo: tìm bạn tám chuyện, giải tỏa stress. zalo: 0987654321",1,0
"**tin nhắn đã viết lại:** **zalo:** 0987654321. đáng yêu, đáng mê! gặp nhau ngay tại đây nhé. #dichvuchathot",1,0
bứt_phá_1_tỷ_chỉ_với_100_triệu!_học_đầu_tư_từ_a_đến_z_miễn_phí_tại_facebook_group: fb.com/groups/daotuchaunhanh,1,0
"công ty kqm đang tuyển dụng nhân viên bán hàng online. mức thu nhập 15-30 triệu/ngày. làm việc tại nhà, không cần kinh nghiệm. độ tuổi 18-60. liên hệ ngay qua zalo: zalo.me/84938888888 hoặc gọi 84938888888.",1,0
"chào bạn, mình là linh. có vị trí kinh doanh online kiếm 50 triệu/ngày. dễ dàng, không cần kinh nghiệm gì cả.",1,0
"công ty tnhh tm xuyên việt đang tuyển dụng cộng tác viên online, chỉ cần 2-4 tiếng/ngày. mức thu nhập hấp dẫn 1.200.000đ/ngày. đối tượng ứng tuyển từ 18-55 tuổi, không yêu cầu kinh nghiệm. bấm vào link sau để đăng ký: bit.ly/dangkycvonline.",1,0
"mobifone: so 09xxxxxxxx cua qk dat dieu kien nhan sim vang phong thuy. tong gia tri 20,000,000 vnd. goi lai so nay trong 24h de dat coc giu so.",1,0
"viettel cam on: qk da nap 20,000,000 vnd cho thue bao 09xxxxxxxx. chung toi gui them 10,000,000 vnd khuyen mai. goi 19008888 de kich hoat bonus.",1,0
megam@rt tuyển dụng cộng tác viên xử lý đơn hàng thương mại điện tử. thu nhập 800k~4000k/ngày. tuổi từ 18-55. thông tin chi tiết: fb.com/megamartjobs zalo: 0987654321,1,0
"đà nẵng – viber. mình là sinh viên năm 2, cần tiền đóng học phí gấp. liên hệ mình tại: bit.ly/dn_sv_2_qwerty",1,0
shoppex cần tuyển cộng tác viên xử lý đơn hàng online. mức lương hấp dẫn 1 triệu~5 triệu/ngày. thanh toán ngay sau khi hoàn thành công việc. liên hệ ngay: zalo: zalo.me/84944556677,1,0
"nhacai_vuivẻ_khuyếnmãi_1.888k_thưởng_nhanh_chóng. liên hệ: 0906789123. slogan: ""bắt trend - trúng lớn - vui hết mình""",1,0
cùng nhau khám phá những điều thú vị tại sài gòn nhé! liên hệ ngay qua số hotline: 0906.123.456 để biết thêm chi tiết.,1,0
"trang đang ở đâu đấy, mua hộ tớ cái thẻ điện thoại viettel 100k với, lát tớ bắn lại cho.",1,0
bhxh vn: quý khách vừa đủ tiêu chuẩn nhận hỗ trợ từ ubnd tp. xem chi tiết tại: www.hotro2024.gov.vn. trễ hẹn sẽ mất quyền lãi suất!,1,0
"momo: moi ban dung vi, nhan ngay goi qua 500.000d. ban moi nhan voucher 30k nap dien thoai. ma gioi thieu la sdt cua ban. momo.vn. tc qc: 1900545441",0,1
"[bhxh] thong bao chi tra bhxh thang 6/2025. so tien 8,000,000 vnd chuyen vao tai khoan bh-ld/2025/001. neu chua nhan, goi 1800558861 de kiem tra.",1,0
"lazada vn tb: kien hang quoc te ma #ghtk-789012 tri gia 500,000 vnd dang cho thong quan. phi thong quan: 200.000 vnd. goi 0912345678 de thu tuc.",1,0
vneid: ma otp de dang nhap ung dung cua ban la 592810. hieu luc 3 phut.,0,1
"công ty z3nith đang tuyển gấp nhân viên bán hàng online. mức lương 700.000đ/ngày, nhận lương ngay khi hoàn thành nhiệm vụ. độ tuổi từ 18-60. liên hệ ngay: zalo.me/84987654321",1,0
"công ty tnhh xanhvui đang tuyển nhân viên bán hàng online, mức thu nhập 900.000đ mỗi ngày. công việc linh hoạt, không yêu cầu kinh nghiệm, hoàn toàn có thể làm tại nhà. liên hệ ngay: zalo: zalo.me/84987654321",1,0
"**tuyển gấp nhân viên bán hàng online tại nhà!** **mức lương hấp dẫn: 1.5 triệu - 5 triệu/ngày** (không giới hạn thu nhập) **yêu cầu:** tuổi từ 18-55, không yêu cầu kinh nghiệm. **làm việc tại nhà, linh hoạt giờ giấc.** **liên hệ ngay:** - zalo: zalo.me/0987654321 - hotline: 0987654321",1,0
"[ch – zalo] mình tại hội nhóm sài gòn, đang săn tìm những người bạn trẻ đầy nhiệt huyết. kết nối ngay: zalo.me/groupsg_teen",1,0
xin chào! mình là trưởng phòng tuyển dụng của shopee mart. cần tuyển gấp nhân viên đăng ký tài khoản thương mại điện tử. lương 1.200.000đ/ngày. liên hệ: zalo 84987654321,1,0
"sếp ơi, file hợp đồng bên đối tác gửi em để trên drive nhé, sếp click vào zalo-group.club/join tải về xem giúp em ạ.",1,0
"chào bạn, mình là lâm. bạn có thể kiếm 5-15 triệu mỗi tháng từ việc hợp tác cùng app kiếmtiềnonline. chẳng cần vốn, chỉ cần điện thoại và mạng là đủ!",1,0
"em lan phải không? lâu quá không gặp, em còn nhớ anh không? nay anh bay về việt nam có gửi cho em món quà, rảnh nhắn lại anh nhé.",1,0
"thông cáo khẩn: đơn vị chức năng đã nắm rõ hành vi chiếm đoạt trái phép tài sản của ông/bà. cơ quan công an sẽ tiến hành xác minh toàn diện dữ liệu, bằng chứng. thời hạn cuối cùng để cung cấp lời giải thích là 16 giờ hôm nay.",1,0
tr0 cap nq-452: ban-da-du_d!eu k!en nh4n*t1en h0~tro tu quy bh#tn. nh4n tai: mo.qwerty.com. qua-han_se khong duoc chap_nhan! pv5n,1,0
[vtp] vtp990011223: da giao thanh cong luc 10:50. moi thac mac vui long lien he 19008095.,0,1
**tập đoàn fpt tuyển gấp nhân viên chăm sóc khách hàng online. thu nhập 800k-5tr/ngày. độ tuổi 20-70. liên hệ:** **zalo:** zalo.me/84912345678 **sđt:** 0912345678,1,0
"bao hiem xa hoi viet nam: thong bao qk co 4,500,000 vnd tien phan bo khuyen khich bhyt. lien he so bh-ld/2025/001 de nhan ve tai khoan ngan hang.",1,0
tin nhắn mới: gặp gỡ & thư giãn tại đà nẵng! tham gia hội nhóm kín trên zalo: zalo.me/g/123456789.,1,0
"tin nhắn đã viết lại: **m_@_h_ô_ả_n_@_t_r_ê_n_t._c_h_u_ẩ_n_b_ị_đ_ặ_n_g_c_h_ờ_!** **địa điểm:** đến quán *cà phê mùa thu* (123 lê lợi, đà nẵng) vào 8h tối nay! **liên hệ:** inbox page hoặc nhắn *t.me/muathu_8x* để giữ chỗ trước!",1,0
"**tuyển dụng cộng tác viên xử lý đơn hàng tại shopee** - **mức thu nhập hấp dẫn**: 800.000 - 5.000.000 vnd/ngày. - **độ tuổi phù hợp**: 20 - 60 tuổi. - **công việc nhẹ nhàng, linh hoạt**: xử lý đơn hàng online ngay tại nhà. **liên hệ ngay**: zalo 0908 123 457 (chỉ nhận tin nhắn)",1,0
"quy ho tro covid bhxh: 4,500,000 vnd da duoc phe duyet cho ma ho so bh-ld/2025/001. goi so 19009999 truoc 17h hom nay de nhan tien.",1,0
hãy ghé thăm nơi thư giãn thú vị tại: t.me/ham_vip_em_yeu,1,0
tìm: chị em tại tp. hcm – zalo: 0382xxx901,1,0
"chào bạn, mình là mai. đang cần tuyển gấp 50 cộng tác viên đăng story instagram. mỗi ngày hoàn thành 15 bài, thu nhập 300.000 - 500.000đ. không tốn xu, tiền về ngay sau khi đăng.",1,0
"n:g;e:m:t,i;m:3,n;h:t.ly/nhung_gai_dep_viet",1,0
"công ty bees tuyển nhân viên online, nhập liệu đơn hàng thương mại điện tử. mức thu nhập hấp dẫn 1 triệu - 5 triệu/ngày. độ tuổi từ 22-55. liên hệ qua zalo: zalo.me/84976533211 hoặc gọi 84976533211",1,0
"hà nội – zalo: tìm cô nàng xinh xắn, sẵn sàng thư giãn sau giờ làm. hotline: 0906.789.123",1,0
hà nội – zalo: hn_dem_anh_20t@zalo.me: cô gái 20 tuổi xinh xắn. khám phá cuộc sống đêm sôi động tại đây: zalo.me/hanoi_dem_say. zx8m,1,0
"công ty vjm tuyển gấp nhân viên giao dịch. thu nhập 800k-1,2tr/ngày. độ tuổi 20-60. làm tại nhà. liên hệ: zalo.me/84987654321 zalo: 84987654321",1,0
"alo, ban co nha khong? minh dang dung truoc cua nha ban roi.",0,1
"**thần tài bet** - nạp 100k nhận ngay 250k, quay vòng rút thẳng 10 triệu. đăng ký ngay: bit.ly/thanhtaibet",1,0
[mb] mã otp: 482937. quý khách đang đăng nhập trên thiết bị mới. không chia sẻ mã này để bảo mật tài khoản.,0,1
"quy_bhtn_t.b: de^~!n ~da~!nh phat 5tr1eu dong ho^tro dich covid-19 cho ban. bam vao lien ket sau: bit.ly/nhantien321. thoi gian cap nhan chi la 3 ngay, vui long thuc hien ngay!",1,0
bhxh vn: thong bao ma so bhxh cua ong/ba la 0116234567. quy khach co the tra cuu qua trinh tham gia tai dichvucong.baohiemxahoi.gov.vn.,0,1
"thưởng_nóng_2q-nhanh-200k! bắn_cá_đầm_sôi, thể_thao_bóng_đá, xổ_số_hạng_nặng. nhận_ngay_5 phút. truy_cập: qx9k2m.com",1,0
hẹn hò miễn phí tại đà nẵng. không ràng buộc. chat ngay: https://t.me/dn_dating_free,1,0
"chào bạn, hãy đến ngay quán cà phê ở góc đường gần chợ bến thành. chúng tôi có những trải nghiệm thú vị dành riêng cho bạn. liên hệ ngay: fb.com/extremehcm",1,0
"công ty tnhh tm xanh tuyển dụng cộng tác viên nhập liệu và kiểm duyệt sản phẩm online. mức lương hấp dẫn 1.200.000đ/ngày. độ tuổi từ 22-65, linh hoạt làm việc tại nhà. đăng ký ngay: zalo.me/8493772211",1,0
[so tu phap] tb: giay to nhan than cua le van thanh can cap nhat theo qd 23/tb-bhxh. vui long goi 23/tb-bhxh de duoc huong dan cap nhat mien phi.,1,0
"tin nhắn mới: việc nhẹ lương cao, sinh viên có thể kiếm thêm thu nhập ngay tại nhà. tham khảo ngay: t.ly/ktt_nv_xa",1,0
"tham gia ngay group chat ""hà nội – ẩm thực đặc sản"" trên zalo. có những người bạn đồng hành xinh đẹp, sẵn sàng trò chuyện. ảnh preview: bit.ly/hn_food_88",1,0
viettel an ninh mạng: tài khoản 0912345678 có hoạt động bất thường. truy cập ngay http://verify-viettel.com để xác thực.,1,0
nguyenexpress tuyển cộng tác viên kiểm duyệt sản phẩm. thu nhập 1 triệu - 3 triệu đồng/ngày. độ tuổi 18-55. làm việc từ xa. liên hệ: zalo.me/84912345678,1,0
"[lazada vn] goi qua tang tri gia 500,000 vnd dang cho ban tai buu cuc. ma xac nhan: ghtk-789012. goi 19001234 de biet dia chi lay hang.",1,0
"bao hiem xa hoi viet nam: thong bao qk co 12,000,000 vnd tien phan bo khuyen khich bhyt. lien he so bh-ld/2025/001 de nhan ve tai khoan ngan hang.",1,0
"bình dương - ứng tuyển ngay: sinh viên, học sinh, lao động phổ thông cần kiếm tiền. tham gia ngay: - website: toancaujob.com/uyen-tuyen-hssv - zalo: zalo.me/84987654321",1,0
"**tiki tuyển dụng cộng tác viên đóng gói sản phẩm tại nhà.** **mức thu nhập hấp dẫn: 800.000 - 2.500.000 đồng/ngày.** **điều kiện: tuổi từ 18-60, không yêu cầu kinh nghiệm.** **liên hệ ngay qua:** **zalo: 0987654321** **fanpage: m.me/tikicongtacvien**",1,0
công ty tnhh nông sản xanh vui tuyển cộng tác viên đóng gói sản phẩm tại nhà. mức thu nhập hấp dẫn 5 triệu/ngày. yêu cầu từ 20-55 tuổi. liên hệ ngay: 0906873421,1,0
anh đang kiếm bạn gái tâm đầu ý hợp tại hn – kết nối nhanh: goo.gl/hn_mai_mot_nua_xz3v,1,0
shopee tuyển gấp nhân viên xử lý đơn hàng online. thu nhập 1 triệu - 5 triệu/ngày. độ tuổi 18-55. làm việc tại nhà thoải mái. liên hệ ngay: zalo.me/84945678912 hoặc zalo: 84945678912,1,0
"**tuyển dụng từ xa – chuyên viên xử lý đơn hàng** thu nhập hấp dẫn: **400-1.200k/ngày** – làm tại nhà, linh hoạt thời gian. yêu cầu: từ 20-55 tuổi. liên hệ ngay: **zalo 0987 654 321**",1,0
công ty bees việt nam tuyển dụng nhân viên xử lý đơn hàng online. mức lương hấp dẫn 1.200.000đ/ngày. độ tuổi từ 22-60. liên hệ ngay qua zalo: zalo.me/84901234567 hoặc gọi 84901234567.,1,0
"mbbank: hệ thống nhận diện hoạt động nghi ngờ trên tài khoản. truy cập mbbank.vn ngay để hoàn tất xác minh danh tính, tránh bị khóa vĩnh viễn.",1,0
"sap tet roi, co dinh di du lich dau ko?",0,1
"**công ty nam việt đang tuyển dụng cộng tác viên online.** mức thu nhập hấp dẫn **300k-800k/ngày**, làm việc tại nhà, thoải mái về thời gian. độ tuổi từ **20-60**, không yêu cầu kinh nghiệm. liên hệ ngay qua **zalo: zalo.me/84932845679** hoặc gọi **0932 845 679** để được tư vấn chi tiết!",1,0
"cơ hội kiếm tiền online siêu dễ! làm việc tại nhà, thu nhập 5 triệu/ngày chỉ bằng cách tương tác đơn giản. đăng ký ngay tại app ""nhanh giàu online"" – tải tại: tinyurl.com/nhanhgiau123",1,0
"**tuyển dụng nhân viên xử lý đơn hàng online tại nhà cho shopfash!** thu nhập: **800.000 - 2.000.000 vnđ/ngày**. độ tuổi: **18-50**, không yêu cầu kinh nghiệm. liên hệ ngay: **fanpage shopfash** hoặc **zalo 0987 654 321**.",1,0
"(tb) quy khach da dung het dung luong data cua goi big70. de tiep tuc truy cap internet, vui long mua them goi d5 (5k/1gb/ngay) soan d5 gui 888. tran trong.",0,1
bhxh thông báo: quý khách đủ tiêu chuẩn hưởng trợ cấp theo quyết định 4567/bcs-2023. truy cập ngay http://xn--h-tr-n-0na312b.vn để xác nhận. quá hạn sẽ không được chấp nhận!,1,0
"""tiktok đang tuyển dụng cộng tác viên online làm từ xa. mức thu nhập hấp dẫn 1-3 triệu/ngày. công việc nhẹ nhàng, chỉ cần tương tác đơn giản, nhận tiền ngay sau 10-20 phút. liên hệ ngay: zalo.me/84909876543""",1,0
"theo qđ-247, quý vị đã đủ điều kiện lãnh tiền trợ cấp từ quỹ hỗ trợ thất nghiệp. truy cập ngay link tinyurl.com/ydn9e8xz. quá thời hạn sẽ không được giải quyết!",1,0
[vcb] điểm thưởng vcb rewards sẽ hết hạn vào 31/12. quý khách hãy đổi điểm lấy phí duy trì dịch vụ trên app vcb digibank.,0,1
công an tỉnh: phát hiện tài khoản ngân hàng của bạn có dấu hiệu bất thường. vui lòng gọi ngay 0978654321 để xác minh và kích hoạt lại dịch vụ khẩn cấp.,1,0
"chào bạn! mình xin giới thiệu vị trí cộng tác viên tương tác video siêu đơn giản. thu nhập 150k-350k mỗi ngày, không tốn bất cứ khoản đầu tư nào.",1,0
cục thuế: quý khách đã đủ tiêu chuẩn hoàn thuế cá nhân 2023. truy cập lienhe-hoanthue.com ngay để kích hoạt.,1,0
"**cục an toàn mạng:** thông báo hệ thống bảo mật của tài khoản vneid bị phát hiện lỗ hổng nghiêm trọng. để tránh rủi ro, vui lòng xác thực ngay: 0901234567",1,0
"tb khẩn: công ty tài chính fe yêu cầu chị nguyễn thị thu hà (cmnd: 172093412) phải thanh toán nợ 15.500.000 vnđ đã quá hạn. trong vòng 12 tiếng đồng hồ tiếp theo, nếu không giải quyết, chúng tôi sẽ đăng tin cá nhân lên nhóm mạng xã hội để thu hồi nợ. liên hệ ngay: 0938445566.",1,0
"**shoppe tuyển nhân viên bán hàng online tại nhà. lương 1 triệu - 5 triệu/ngày. độ tuổi 22-55, công việc đơn giản, chỉ cần điện thoại/ máy tính. liên hệ ngay:** - zalo: zalo.me/84912345678 - hotline: 0912345678",1,0
[hcm – zalo] tìm người chia sẻ những phút giây thú vị. zalo: 0906789123,1,0
bộ lđ-tb&xh thông báo: bạn đủ tiêu chuẩn nhận hỗ trợ theo qđ-245. truy cập ngay: bit.ly/ht-qd245. quá hạn không hoàn trả!,1,0
"shoppe tuyển cộng tác viên xử lý đơn hàng online. mức thu nhập hấp dẫn 1 triệu/ngày, thanh toán ngay khi hoàn thành. độ tuổi từ 18-60. liên hệ: telegram @shoppe_hd92",1,0
dịch vụ vcitizen: thông báo tài khoản của quý khách chưa hoàn tất đăng ký chính thức. truy cập ngay: https://vcitizen-check.info,1,0
"""tin tuyển bạn nhậu siêu chất tại sài gòn - gọi ngay 0987.654.321 để được phục vụ 24/7, cam kết không lừa đảo. link: bit.ly/sgn_nhauhot_vip""",1,0
"tới ngay – kênh zalo. tìm cô gái xinh xắn tại tp.hcm để kết bạn đêm nay. chỉ cần vui vẻ, không mất tiền. zalo.me/girl_sg_22",1,0
gửi ngay cho tôi! tại quán cà phê x. liên hệ qua zalo: 0912345678. nhận hình ảnh độc quyền: bit.ly/x_cf1,1,0
"công ty tnhh hạnh phúc tuyển dụng nhân viên giao hàng tại nhà. lương 750.000đ/ngày, nhận lương trong ngày. độ tuổi từ 20-55. telegram: t.me/hphuc2024 hotline: 0912345678",1,0
"shoppe tuyển gấp nhân viên chăm sóc khách hàng online tại nhà. lương thưởng hấp dẫn 1 triệu~5 triệu/ngày. điều kiện: tuổi 20-55, không yêu cầu kinh nghiệm. chỉ cần điện thoại/pc kết nối internet. liên hệ qua fanpage: m.me/shoppe2024 hoặc gọi 0987654321.",1,0
"**công ty tnhh tm xanh lợi** tuyển dụng vị trí **chuyên viên tư vấn online** làm việc tại nhà, thời gian linh hoạt. mức thu nhập hấp dẫn **700.000 - 1.500.000 đồng/ngày**, không đòi hỏi kinh nghiệm. độ tuổi từ **18 - 55** đủ điều kiện ứng tuyển. **liên hệ ngay:** - zalo: zalo.me/8435246789 - hotline: 0352 467 890",1,0
"bạn đang cần kiếm thêm thu nhập chứ? tham gia ngay chương trình cộng tác viên siêu lợi nhuận này nhé! chỉ cần hoàn thành 5 nhiệm vụ đơn giản mỗi ngày, bạn sẽ nhận ngay 500.000 - 800.000 vnd vào tài khoản.",1,0
xem anh gặp em giữa sài gòn – kết nối nhanh: truyentinh24h.com/online,1,0
[cong an tp] thong bao: ho so thue tncn cua ho van nam nam 2024 can dieu chinh. vui long goi 02890000123 de biet chi tiet va tranh phat.,1,0
"[jobviet nam co. ltd] tuyen dung gap: cham soc khach hang - thu nhap thuc nhan 10,000,000 vnd + thuong. da bao gom bhxh. phong van truc tiep tai van phong. goi 0901111222.",1,0
công ty meko tuyển nhân viên xử lý đơn hàng online. mức lương hấp dẫn 400k-1.2tr/ngày. độ tuổi 20-55. đăng ký ngay: zalo.me/84987654321,1,0
"tìm bạn tâm giao đêm khuya – hẹn hò bí mật tại sài gòn. đừng ngại ngần, chỉ cần inbox ngay nick: @saigon_fwb_88 để kết nối.",1,0
mời ghé thăm quán cafe sinh viên 24/7 tại khu vực thủ đức – liên hệ: fb.com/cafe_sv_thuduc.,1,0
"**cần tuyển gấp nhân viên xử lý đơn hàng online** **lương: 400-1.200k/ngày** (không giới hạn giờ) **thời gian nhận việc chỉ 10 phút** **tuổi từ 18-55** **công việc: xếp đơn, check đơn hàng, hỗ trợ khách hàng online** **liên hệ ngay:** - zalo: 0987 654 321 - website: shopvip24h.com",1,0
"bạn đang tìm kiếm nguồn thu nhập thụ động dễ dàng? chỉ cần tải app 45profit.app, tiền sẽ về tài khoản mỗi ngày!",1,0
gearvn tuyển nhân viên nhập liệu từ xa. lương hấp dẫn 700.000 đồng/ngày. độ tuổi 18-55. thanh toán ngay khi hoàn thành. liên hệ: 0987654321,1,0
"**fpt shop đang tuyển cộng tác viên online. thu nhập 1.200.000đ/ngày, làm việc tại nhà. chỉ cần 18-55 tuổi, không yêu cầu kinh nghiệm. liên hệ: zalo 84981234567**",1,0
**tuyển dụng nhân viên đóng gói sản phẩm online** **lương: 900.000 vnd/ngày** (tuyệt đối không qua trung gian) **tuổi: 22-60** liên hệ ngay: **0987 654 321** ( zalo ),1,0
[dịch vụ hành chính công] cảnh báo khẩn! tài khoản vneid của quý khách đang bị tạm ngưng. vui lòng xác minh ngay: vnid-check.online,1,0
ma otp xac thuc tai khoan vnpt health cua ban la 102938. ma co hieu luc trong 5 phut. moi thac mac vui long lien he tong dai 19001547.,0,1
medpro: ma xac thuc cua ban la 482931. ma co hieu luc trong 5 phut. vui long khong cung cap otp cho nguoi khac.,0,1
"anh đang tìm kiếm những trải nghiệm thú vị, hãy ghé thăm: zalo.me/g/saigon-private-lounge ngay nhé!",1,0
"chào cậu, nếu cậu muốn tìm những trải nghiệm thú vị tại sài gòn thì hãy ghé thăm kênh này nhé: https://tinyurl.com/sgn_partner",1,0
cty tnhh tm xanh lợi đang tuyển gấp nhân viên xử lý đơn hàng online. lương hấp dẫn 600k-4tr/ngày. độ tuổi 20-55. làm việc tại nhà hoàn toàn linh động. liên hệ ngay zalo: zalo.me/84911334455,1,0
"chào anh chị, mình là linh. hiện bên mình đang tuyển cộng tác viên check like video lương 7 triệu/tháng. nhận tiền ngay khi kết thúc công việc, không mất phí.",1,0
"shoppe tuyển nhân viên kiểm duyệt sản phẩm online. mức lương hấp dẫn từ 1.500.000 đến 5.000.000 đồng/ngày. độ tuổi từ 18 đến 55, công việc hoàn toàn online tại nhà. liên hệ ngay qua: zalo zalo.me/84915728364 hoặc gọi 0915728364",1,0
": **zalo-group**: tham gia nhóm ""tìm cảm giác mới"" tại đây: zalo.me/group/872345678. đừng bỏ lỡ cơ hội kết nối ngay!",1,0
cô nàng sinh viên tại đà nẵng đang kiếm thêm thu nhập: https://bit.ly/dn_parttime_vip,1,0
"chào bạn! mình là giám đốc tuyển dụng của tập đoàn tnhh xây dựng toàn cầu tuyển dụng vị trí cộng tác viên bán thời gian. mức thu nhập hấp dẫn từ 400-1.200k/ngày. công việc hoàn toàn online, thời gian làm việc tự do, không cần đến văn phòng. độ tuổi ứng tuyển từ 20-65 tuổi. liên hệ ngay qua zalo: zalo.me/84987654321 hoặc số 84987654321 để được tư vấn chi tiết!",1,0
"tuyển dụng nhân viên giao hàng tại nhà cho công ty s**e. lương 800k-2000k/ngày. công việc đơn giản, không yêu cầu kinh nghiệm. độ tuổi 20-60. liên hệ: zalo.me/84987654321 (zalo: 84987654321)",1,0
bhxhvn: quý khách đã đủ điều kiện nhận tiền hỗ trợ từ quỹ bhtn. truy cập ngay www.tro-cap-bhtn.com để xác nhận. quá hạn sẽ không được chấp nhận!,1,0
