sample_id,label,teacher_pred,teacher_confidence,teacher_agree_label,distill_weight,data_origin,category,effective_distill_weight,soft_target_p1,soft_target_p0,beta
ViSmish_00000,0,0,0.99933076,True,1.0,real,Viễn thông,1.0,0.005045052999999999,0.994954947,0.19999999999999996
ViSmish_00001,0,0,0.99947876,True,1.0,real,Khác,1.0,0.0044654425999999985,0.9955345574,0.19999999999999996
ViSmish_00003,1,1,0.99962234,True,1.0,paraphrased,Dịch vụ công giả,1.0,0.9961870079999999,0.0038129920000000705,0.19999999999999996
ViSmish_00004,1,1,0.99962246,True,1.0,paraphrased,Giả mạo ngân hàng,1.0,0.9961873,0.003812700000000002,0.19999999999999996
ViSmish_00005,0,0,0.99931204,True,1.0,real,Viễn thông,1.0,0.005113377799999998,0.9948866222,0.19999999999999996
ViSmish_00006,1,1,0.9996232,True,1.0,paraphrased,BHXH / Trợ cấp giả,1.0,0.99619081,0.003809190000000018,0.19999999999999996
ViSmish_00007,0,0,0.9994764,True,1.0,synthetic,Tin nhắn cá nhân và OTP,1.0,0.004475266799999999,0.9955247332,0.19999999999999996
ViSmish_00008,0,0,0.9994543,True,1.0,real,Viễn thông,1.0,0.0045663632,0.9954336368,0.19999999999999996
ViSmish_00009,1,1,0.99959344,True,1.0,paraphrased,Nội dung nhạy cảm,1.0,0.99604592,0.003954079999999971,0.19999999999999996
ViSmish_00010,1,1,0.9994766,True,1.0,synthetic_hard_positive,Giả mạo ngân hàng,1.0,0.99552566,0.004474340000000021,0.19999999999999996
ViSmish_00013,1,1,0.9995912,True,1.0,paraphrased,Crypto / Đầu tư giả,1.0,0.996035528,0.003964472000000052,0.19999999999999996
ViSmish_00014,0,0,0.9993444,True,1.0,real,Dịch vụ công thật,1.0,0.004994663599999999,0.9950053364,0.19999999999999996
ViSmish_00015,1,1,0.9995932,True,1.0,paraphrased,Cờ bạc / Betting,1.0,0.99604476,0.0039552400000000265,0.19999999999999996
ViSmish_00016,1,1,0.99962044,True,1.0,paraphrased,Tuyển dụng giả,1.0,0.996177232,0.003822768000000032,0.19999999999999996
ViSmish_00017,0,0,0.9994825,True,1.0,synthetic,Vận chuyển,1.0,0.004449311999999999,0.995550688,0.19999999999999996
ViSmish_00018,0,0,0.99933857,True,1.0,external_curated,P2P hard negative,1.0,0.0050163811999999995,0.9949836188,0.19999999999999996
ViSmish_00019,1,1,0.99962485,True,1.0,paraphrased,Tuyển dụng giả,1.0,0.99619919,0.003800809999999988,0.19999999999999996
ViSmish_00021,0,0,0.9993368,True,1.0,real,Viễn thông,1.0,0.005022622999999999,0.994977377,0.19999999999999996
ViSmish_00024,1,1,0.9996247,True,1.0,paraphrased,Nội dung nhạy cảm,1.0,0.9961985,0.003801500000000013,0.19999999999999996
ViSmish_00025,0,0,0.99945456,True,1.0,external_real,P2P hội thoại thông thường,1.0,0.004565590599999999,0.9954344094,0.19999999999999996
ViSmish_00028,1,1,0.9996213,True,1.0,paraphrased,Giả mạo ngân hàng,1.0,0.99618126,0.0038187400000000427,0.19999999999999996
ViSmish_00029,0,0,0.99946016,True,1.0,real,Ngân hàng thật,1.0,0.0045424025999999985,0.9954575974,0.19999999999999996
ViSmish_00030,1,1,0.9996158,True,1.0,paraphrased,Tuyển dụng giả,1.0,0.9961542720000001,0.003845727999999937,0.19999999999999996
ViSmish_00032,1,1,0.9995814,True,1.0,paraphrased,Nội dung nhạy cảm,1.0,0.99598944,0.004010559999999996,0.19999999999999996
ViSmish_00033,1,1,0.9996105,True,1.0,paraphrased,Crypto / Đầu tư giả,1.0,0.9961285719999999,0.0038714280000000656,0.19999999999999996
ViSmish_00034,0,0,0.9994497,True,1.0,synthetic,Tin nhắn cá nhân và OTP,1.0,0.0045853992,0.9954146008,0.19999999999999996
ViSmish_00035,0,0,0.9994326,True,1.0,external_curated,P2P hard negative,1.0,0.004654505399999999,0.9953454946,0.19999999999999996
ViSmish_00038,0,0,0.9993824,True,1.0,real,Viễn thông,1.0,0.004851104999999999,0.995148895,0.19999999999999996
ViSmish_00039,0,0,0.99946755,True,1.0,synthetic,Ngân hàng thật,1.0,0.004512290999999999,0.995487709,0.19999999999999996
ViSmish_00040,1,1,0.9996234,True,1.0,paraphrased,Tuyển dụng giả,1.0,0.9961921,0.003807899999999975,0.19999999999999996
ViSmish_00041,1,1,0.9995914,True,1.0,paraphrased,Dịch vụ công giả,1.0,0.99603646,0.003963539999999988,0.19999999999999996
ViSmish_00043,0,0,0.9970733,True,1.0,external_curated,P2P hard negative,1.0,0.010278810599999999,0.9897211894,0.19999999999999996
ViSmish_00047,1,1,0.9995683,True,1.0,paraphrased,Crypto / Đầu tư giả,1.0,0.995928108,0.004071892000000021,0.19999999999999996
ViSmish_00048,0,0,0.99929297,True,1.0,external_curated,P2P hard negative,1.0,0.005181927999999999,0.994818072,0.19999999999999996
ViSmish_00049,1,1,0.9994863,True,1.0,paraphrased,Nội dung nhạy cảm,1.0,0.995566452,0.004433547999999954,0.19999999999999996
ViSmish_00050,0,0,0.999432,True,1.0,synthetic,Tin nhắn cá nhân và OTP,1.0,0.004656790199999999,0.9953432098,0.19999999999999996
ViSmish_00051,1,1,0.9996056,True,1.0,real,Cờ bạc / Betting,1.0,0.9961047599999999,0.0038952400000000775,0.19999999999999996
ViSmish_00052,0,0,0.99947363,True,1.0,real,Khác,1.0,0.004486639399999999,0.9955133606,0.19999999999999996
ViSmish_00053,1,1,0.99950945,True,1.0,paraphrased,BHXH / Trợ cấp giả,1.0,0.9956651400000001,0.00433485999999994,0.19999999999999996
ViSmish_00054,0,0,0.99942386,True,1.0,real,Dịch vụ công thật,1.0,0.004689428599999999,0.9953105714,0.19999999999999996
ViSmish_00055,1,1,0.99940896,True,1.0,synthetic_hard_positive,Khác,1.0,0.9952516920000001,0.004748307999999923,0.19999999999999996
ViSmish_00058,1,1,0.9996282,True,1.0,paraphrased,Tuyển dụng giả,1.0,0.99621562,0.0037843800000000316,0.19999999999999996
ViSmish_00059,0,0,0.9992812,True,1.0,external_curated,P2P hard negative,1.0,0.0052237171999999985,0.9947762828,0.19999999999999996
ViSmish_00060,0,0,0.99948174,True,1.0,synthetic,Thương mại điện tử,1.0,0.004452918799999999,0.9955470812,0.19999999999999996
ViSmish_00061,0,0,0.9994796,True,1.0,synthetic,Vận chuyển,1.0,0.004461993999999999,0.995538006,0.19999999999999996
ViSmish_00064,0,0,0.99946696,True,1.0,synthetic,Thương mại điện tử,1.0,0.004514469599999999,0.9954855304,0.19999999999999996
ViSmish_00065,1,1,0.99961615,True,1.0,paraphrased,Nội dung nhạy cảm,1.0,0.99615608,0.0038439200000000007,0.19999999999999996
ViSmish_00066,1,1,0.9994783,True,1.0,paraphrased,Cờ bạc / Betting,1.0,0.99553243,0.004467569999999976,0.19999999999999996
ViSmish_00068,0,0,0.999185,True,1.0,real,Khác,1.0,0.005553145999999998,0.994446854,0.19999999999999996
ViSmish_00069,1,1,0.99950445,True,1.0,synthetic_hard_positive,Khác,1.0,0.995643974,0.004356025999999957,0.19999999999999996
ViSmish_00074,0,0,0.9994784,True,1.0,synthetic,Tin nhắn cá nhân và OTP,1.0,0.004467076399999999,0.9955329236,0.19999999999999996
ViSmish_00076,0,0,0.99946624,True,1.0,external_curated,P2P hard negative,1.0,0.004517479599999999,0.9954825204,0.19999999999999996
ViSmish_00077,1,1,0.99958926,True,1.0,synthetic_hard_positive,Tuyển dụng giả,1.0,0.9960261100000001,0.003973889999999924,0.19999999999999996
ViSmish_00079,0,0,0.9994325,True,1.0,real,Tin nhắn cá nhân và OTP,1.0,0.004654745799999999,0.9953452542,0.19999999999999996
ViSmish_00080,1,1,0.9996227,True,1.0,paraphrased,Tuyển dụng giả,1.0,0.99618838,0.0038116200000000156,0.19999999999999996
ViSmish_00081,1,1,0.99962354,True,1.0,paraphrased,Tuyển dụng giả,1.0,0.996192468,0.003807531999999947,0.19999999999999996
ViSmish_00082,0,0,0.9994816,True,1.0,synthetic,Vận chuyển,1.0,0.004453670599999999,0.9955463294,0.19999999999999996
ViSmish_00083,0,0,0.999474,True,1.0,synthetic,Thương mại điện tử,1.0,0.004485499999999999,0.9955145,0.19999999999999996
ViSmish_00084,0,0,0.9994931,True,1.0,real,Tin nhắn cá nhân và OTP,1.0,0.0044047639999999985,0.995595236,0.19999999999999996
ViSmish_00085,1,1,0.99948126,True,1.0,synthetic_hard_positive,Dịch vụ công giả,1.0,0.99554508,0.004454920000000029,0.19999999999999996
ViSmish_00087,1,1,0.99960977,True,1.0,paraphrased,Crypto / Đầu tư giả,1.0,0.99612468,0.0038753200000000154,0.19999999999999996
ViSmish_00088,1,1,0.9996315,True,1.0,paraphrased,Giả mạo ngân hàng,1.0,0.99623244,0.003767560000000003,0.19999999999999996
ViSmish_00089,1,1,0.99961925,True,1.0,paraphrased,BHXH / Trợ cấp giả,1.0,0.99617172,0.0038282800000000172,0.19999999999999996
ViSmish_00090,0,0,0.99948645,True,1.0,synthetic,Dịch vụ y tế,1.0,0.004433028399999999,0.9955669716,0.19999999999999996
ViSmish_00091,1,1,0.9995882,True,1.0,paraphrased,Tuyển dụng giả,1.0,0.99602151,0.003978489999999946,0.19999999999999996
ViSmish_00092,0,0,0.9994797,True,1.0,synthetic,Dịch vụ y tế,1.0,0.004461344799999999,0.9955386552,0.19999999999999996
ViSmish_00093,0,0,0.9994816,True,1.0,synthetic,Tin nhắn cá nhân và OTP,1.0,0.004453404599999999,0.9955465954,0.19999999999999996
ViSmish_00094,1,1,0.9994861,True,1.0,paraphrased,Crypto / Đầu tư giả,1.0,0.995565426,0.0044345740000000244,0.19999999999999996
ViSmish_00096,1,1,0.9995789,True,1.0,paraphrased,Đòi nợ / Đe dọa,1.0,0.99597727,0.004022729999999974,0.19999999999999996
ViSmish_00097,0,0,0.9991443,True,1.0,external_curated,P2P hard negative,1.0,0.005686523999999998,0.994313476,0.19999999999999996
ViSmish_00098,1,1,0.9996208,True,1.0,paraphrased,BHXH / Trợ cấp giả,1.0,0.99617939,0.003820610000000002,0.19999999999999996
ViSmish_00099,1,1,0.9995988,True,1.0,paraphrased,Cờ bạc / Betting,1.0,0.996071888,0.003928111999999984,0.19999999999999996
ViSmish_00100,1,1,0.99962676,True,1.0,paraphrased,BHXH / Trợ cấp giả,1.0,0.99620896,0.0037910399999999678,0.19999999999999996
ViSmish_00101,0,0,0.99944764,True,1.0,synthetic,Ngân hàng thật,1.0,0.004593881599999999,0.9954061184,0.19999999999999996
ViSmish_00102,0,0,0.9989231,True,1.0,external_real,P2P hội thoại thông thường,1.0,0.006357739999999999,0.99364226,0.19999999999999996
ViSmish_00103,1,1,0.99958855,True,1.0,paraphrased,Tuyển dụng giả,1.0,0.996023106,0.003976894000000009,0.19999999999999996
ViSmish_00105,1,1,0.99959034,True,1.0,synthetic_hard_positive,Tuyển dụng giả,1.0,0.996031332,0.003968667999999953,0.19999999999999996
ViSmish_00106,0,0,0.9994628,True,1.0,synthetic,Dịch vụ y tế,1.0,0.0045320249999999986,0.995467975,0.19999999999999996
ViSmish_00107,0,0,0.99935097,True,1.0,synthetic,Ngân hàng thật,1.0,0.004970348199999999,0.9950296518,0.19999999999999996
ViSmish_00108,0,0,0.99941814,True,1.0,external_real,P2P hội thoại thông thường,1.0,0.004711948799999999,0.9952880512,0.19999999999999996
ViSmish_00109,1,1,0.9996138,True,1.0,paraphrased,Cờ bạc / Betting,1.0,0.99614466,0.003855339999999985,0.19999999999999996
ViSmish_00111,1,1,0.9995578,True,1.0,paraphrased,Giả mạo ngân hàng,1.0,0.995880068,0.004119932000000048,0.19999999999999996
ViSmish_00112,0,0,0.99947923,True,1.0,real,Tin nhắn cá nhân và OTP,1.0,0.004463701599999999,0.9955362984,0.19999999999999996
ViSmish_00113,0,0,0.999345,True,1.0,real,Tin nhắn cá nhân và OTP,1.0,0.004992491399999999,0.9950075086,0.19999999999999996
ViSmish_00114,0,0,0.9994216,True,1.0,external_curated,P2P hard negative,1.0,0.004698388199999999,0.9953016118,0.19999999999999996
ViSmish_00115,0,0,0.9994742,True,1.0,real,Ngân hàng thật,1.0,0.004484395599999999,0.9955156044,0.19999999999999996
ViSmish_00117,1,1,0.9995919,True,1.0,paraphrased,Crypto / Đầu tư giả,1.0,0.996038592,0.003961408,0.19999999999999996
ViSmish_00120,0,0,0.9994166,True,1.0,synthetic,Ngân hàng thật,1.0,0.004718204599999999,0.9952817954,0.19999999999999996
ViSmish_00121,1,1,0.999629,True,1.0,paraphrased,Cờ bạc / Betting,1.0,0.99622028,0.003779720000000042,0.19999999999999996
ViSmish_00122,0,0,0.99892956,True,1.0,synthetic,Dịch vụ công thật,1.0,0.0063394559999999985,0.993660544,0.19999999999999996
ViSmish_00123,1,1,0.9996057,True,1.0,paraphrased,Crypto / Đầu tư giả,1.0,0.9961049319999999,0.003895068000000057,0.19999999999999996
ViSmish_00125,1,1,0.9995728,True,1.0,paraphrased,Cờ bạc / Betting,1.0,0.99594932,0.004050679999999973,0.19999999999999996
ViSmish_00126,1,1,0.9996289,True,1.0,paraphrased,Tuyển dụng giả,1.0,0.99621929,0.0037807100000000204,0.19999999999999996
ViSmish_00127,0,0,0.99947625,True,1.0,real,Viễn thông,1.0,0.004475986199999999,0.9955240138,0.19999999999999996
ViSmish_00129,0,0,0.99947864,True,1.0,synthetic,Tin nhắn cá nhân và OTP,1.0,0.004466108599999999,0.9955338914,0.19999999999999996
ViSmish_00130,0,0,0.9994941,True,1.0,real,Tin nhắn cá nhân và OTP,1.0,0.004400515599999998,0.9955994844,0.19999999999999996
ViSmish_00131,0,0,0.9994758,True,1.0,synthetic,Tin nhắn cá nhân và OTP,1.0,0.0044778831999999985,0.9955221168,0.19999999999999996
ViSmish_00132,1,1,0.9995932,True,1.0,paraphrased,Dịch vụ công giả,1.0,0.9960453,0.003954699999999978,0.19999999999999996
ViSmish_00133,0,0,0.99947006,True,1.0,synthetic,Quảng cáo hợp lệ,1.0,0.004501914599999999,0.9954980854,0.19999999999999996
ViSmish_00136,0,0,0.9994154,True,1.0,real,Viễn thông,1.0,0.004722947199999999,0.9952770528,0.19999999999999996
ViSmish_00138,0,0,0.99946445,True,1.0,synthetic,Thương mại điện tử,1.0,0.004524935999999999,0.995475064,0.19999999999999996
ViSmish_00140,1,1,0.9995888,True,1.0,paraphrased,Cờ bạc / Betting,1.0,0.9960239,0.003976100000000038,0.19999999999999996
ViSmish_00142,1,1,0.9994754,True,1.0,synthetic_hard_positive,Giả mạo ngân hàng,1.0,0.99552071,0.004479290000000025,0.19999999999999996
ViSmish_00143,0,0,0.9994247,True,1.0,real,Viễn thông,1.0,0.004685963999999999,0.995314036,0.19999999999999996
ViSmish_00144,1,1,0.9994772,True,1.0,paraphrased,Dịch vụ công giả,1.0,0.99552794,0.00447206,0.19999999999999996
ViSmish_00145,0,0,0.9993678,True,1.0,external_real,P2P hội thoại thông thường,1.0,0.004906958799999999,0.9950930412,0.19999999999999996
ViSmish_00146,0,0,0.99944144,True,1.0,synthetic,Ngân hàng thật,1.0,0.004618823599999999,0.9953811764,0.19999999999999996
ViSmish_00147,0,0,0.99930334,True,1.0,real,Khác,1.0,0.005144745199999998,0.9948552548,0.19999999999999996
ViSmish_00149,1,1,0.9995989,True,1.0,paraphrased,Cờ bạc / Betting,1.0,0.9960722399999999,0.003927760000000058,0.19999999999999996
ViSmish_00151,1,1,0.9478188,True,1.0,real,Khác,1.0,0.96199108,0.03800892,0.19999999999999996
ViSmish_00152,0,0,0.9993649,True,1.0,real,Viễn thông,1.0,0.0049176607999999985,0.9950823392,0.19999999999999996
ViSmish_00154,1,1,0.9995303,True,1.0,real,Nội dung nhạy cảm,1.0,0.9957562600000001,0.00424373999999994,0.19999999999999996
ViSmish_00155,0,0,0.999481,True,1.0,real,Viễn thông,1.0,0.004455810399999999,0.9955441896,0.19999999999999996
ViSmish_00156,0,0,0.9994338,True,1.0,real,Viễn thông,1.0,0.004649456999999999,0.995350543,0.19999999999999996
ViSmish_00157,0,0,0.99949527,True,1.0,real,Tin nhắn cá nhân và OTP,1.0,0.004395646999999999,0.995604353,0.19999999999999996
ViSmish_00159,0,0,0.99935776,True,1.0,synthetic,Ngân hàng thật,1.0,0.004944994599999999,0.9950550054,0.19999999999999996
ViSmish_00160,1,1,0.9989813,True,1.0,paraphrased,BHXH / Trợ cấp giả,1.0,0.99381113,0.006188870000000013,0.19999999999999996
ViSmish_00161,0,0,0.9994721,True,1.0,real,Khác,1.0,0.004493177999999999,0.995506822,0.19999999999999996
ViSmish_00164,1,1,0.99962974,True,1.0,paraphrased,Dịch vụ công giả,1.0,0.99622351,0.0037764900000000212,0.19999999999999996
ViSmish_00166,1,1,0.9996026,True,1.0,paraphrased,Tuyển dụng giả,1.0,0.99609042,0.003909579999999968,0.19999999999999996
ViSmish_00167,0,0,0.9993962,True,1.0,external_curated,P2P hard negative,1.0,0.004797931799999999,0.9952020682,0.19999999999999996
ViSmish_00168,0,0,0.9994407,True,1.0,synthetic,Tin nhắn cá nhân và OTP,1.0,0.0046215758,0.9953784242,0.19999999999999996
ViSmish_00169,1,1,0.99955314,True,1.0,synthetic_hard_positive,Khác,1.0,0.9958587999999999,0.004141200000000067,0.19999999999999996
ViSmish_00170,1,1,0.9996325,True,1.0,paraphrased,Cờ bạc / Betting,1.0,0.99623712,0.003762880000000024,0.19999999999999996
ViSmish_00171,1,1,0.9996153,True,1.0,paraphrased,Nội dung nhạy cảm,1.0,0.99615221,0.0038477900000000176,0.19999999999999996
ViSmish_00172,1,1,0.9995245,True,1.0,synthetic_hard_positive,Tuyển dụng giả,1.0,0.99573098,0.004269019999999957,0.19999999999999996
ViSmish_00173,0,0,0.999416,True,1.0,synthetic,Ngân hàng thật,1.0,0.004720603599999999,0.9952793964,0.19999999999999996
ViSmish_00175,0,0,0.9979721,True,1.0,real,Dịch vụ công thật,1.0,0.008626725999999998,0.991373274,0.19999999999999996
ViSmish_00176,0,0,0.99948835,True,1.0,synthetic,Ngân hàng thật,1.0,0.0044246445999999995,0.9955753554,0.19999999999999996
ViSmish_00178,1,1,0.9995764,True,1.0,paraphrased,Dịch vụ công giả,1.0,0.99596564,0.004034360000000015,0.19999999999999996
ViSmish_00181,1,1,0.99960274,True,1.0,paraphrased,Dịch vụ công giả,1.0,0.9960909,0.003909099999999999,0.19999999999999996
ViSmish_00183,0,0,0.9994722,True,1.0,real,Tin nhắn cá nhân và OTP,1.0,0.004492677999999999,0.995507322,0.19999999999999996
ViSmish_00184,1,1,0.99958235,True,1.0,paraphrased,Giả mạo ngân hàng,1.0,0.99599364,0.004006359999999987,0.19999999999999996
ViSmish_00186,1,1,0.99961686,True,1.0,paraphrased,Đòi nợ / Đe dọa,1.0,0.99615968,0.003840320000000008,0.19999999999999996
ViSmish_00187,1,1,0.9994142,True,1.0,paraphrased,Đòi nợ / Đe dọa,1.0,0.9952725,0.004727499999999996,0.19999999999999996
ViSmish_00188,0,0,0.9994709,True,1.0,real,Viễn thông,1.0,0.004498085399999999,0.9955019146,0.19999999999999996
ViSmish_00189,1,1,0.9996151,True,1.0,paraphrased,Crypto / Đầu tư giả,1.0,0.996150768,0.0038492319999999802,0.19999999999999996
ViSmish_00191,1,1,0.9996107,True,1.0,paraphrased,Nội dung nhạy cảm,1.0,0.996129394,0.0038706059999999987,0.19999999999999996
ViSmish_00192,0,0,0.99933904,True,1.0,real,Tin nhắn cá nhân và OTP,1.0,0.005014434399999999,0.9949855656,0.19999999999999996
ViSmish_00193,0,0,0.9993357,True,1.0,synthetic,Ngân hàng thật,1.0,0.005026979399999999,0.9949730206,0.19999999999999996
ViSmish_00194,1,1,0.99963117,True,1.0,paraphrased,BHXH / Trợ cấp giả,1.0,0.99623102,0.003768980000000033,0.19999999999999996
ViSmish_00198,1,1,0.99962485,True,1.0,paraphrased,Crypto / Đầu tư giả,1.0,0.9961990000000001,0.0038009999999999433,0.19999999999999996
ViSmish_00199,0,0,0.99707913,True,1.0,external_curated,P2P hard negative,1.0,0.010269063999999998,0.989730936,0.19999999999999996
ViSmish_00200,1,1,0.9996117,True,1.0,paraphrased,Đòi nợ / Đe dọa,1.0,0.996134234,0.0038657659999999927,0.19999999999999996
ViSmish_00201,1,1,0.9996233,True,1.0,paraphrased,Giả mạo ngân hàng,1.0,0.9961915800000001,0.0038084199999999235,0.19999999999999996
ViSmish_00202,1,1,0.99961793,True,1.0,paraphrased,Tuyển dụng giả,1.0,0.996164846,0.0038351540000000073,0.19999999999999996
ViSmish_00206,1,1,0.9995933,True,1.0,paraphrased,Đòi nợ / Đe dọa,1.0,0.9960455539999999,0.003954446000000056,0.19999999999999996
ViSmish_00208,1,1,0.9996234,True,1.0,paraphrased,Tuyển dụng giả,1.0,0.996192026,0.0038079739999999918,0.19999999999999996
ViSmish_00209,0,0,0.99948704,True,1.0,real,Viễn thông,1.0,0.004430621999999999,0.995569378,0.19999999999999996
ViSmish_00211,1,1,0.9996263,True,1.0,paraphrased,Tuyển dụng giả,1.0,0.99620634,0.003793660000000032,0.19999999999999996
ViSmish_00212,0,0,0.9994549,True,1.0,synthetic,Quảng cáo hợp lệ,1.0,0.004564024799999999,0.9954359752,0.19999999999999996
ViSmish_00214,1,1,0.9996137,True,1.0,paraphrased,BHXH / Trợ cấp giả,1.0,0.996143746,0.0038562540000000034,0.19999999999999996
ViSmish_00215,1,1,0.9996166,True,1.0,paraphrased,Dịch vụ công giả,1.0,0.99615886,0.0038411400000000206,0.19999999999999996
ViSmish_00216,0,0,0.9994947,True,1.0,synthetic,Vận chuyển,1.0,0.004397844799999999,0.9956021552,0.19999999999999996
ViSmish_00218,1,1,0.99957496,True,1.0,paraphrased,Tuyển dụng giả,1.0,0.99595904,0.004040959999999982,0.19999999999999996
ViSmish_00219,1,1,0.9996302,True,1.0,paraphrased,BHXH / Trợ cấp giả,1.0,0.996226108,0.003773892000000001,0.19999999999999996
ViSmish_00220,0,0,0.9994487,True,1.0,external_curated,P2P hard negative,1.0,0.004589466399999999,0.9954105336,0.19999999999999996
ViSmish_00221,1,1,0.999608,True,1.0,paraphrased,Tuyển dụng giả,1.0,0.996115912,0.0038840879999999522,0.19999999999999996
ViSmish_00225,1,1,0.9995234,True,1.0,synthetic_hard_positive,Khác,1.0,0.99572598,0.0042740199999999895,0.19999999999999996
ViSmish_00226,1,1,0.9995565,True,1.0,synthetic_hard_positive,BHXH / Trợ cấp giả,1.0,0.995873988,0.004126011999999957,0.19999999999999996
ViSmish_00227,0,0,0.9993986,True,1.0,synthetic,Viễn thông,1.0,0.004788605199999999,0.9952113948,0.19999999999999996
ViSmish_00230,1,1,0.99940217,True,1.0,synthetic_hard_positive,Khác,1.0,0.99522504,0.004774959999999995,0.19999999999999996
ViSmish_00231,1,1,0.9995223,True,1.0,paraphrased,Crypto / Đầu tư giả,1.0,0.99572121,0.004278789999999977,0.19999999999999996
ViSmish_00232,1,1,0.9995857,True,1.0,paraphrased,Cờ bạc / Betting,1.0,0.9960096199999999,0.003990380000000071,0.19999999999999996
ViSmish_00233,0,0,0.99948645,True,1.0,synthetic,Viễn thông,1.0,0.0044329061999999995,0.9955670938,0.19999999999999996
ViSmish_00234,1,1,0.9945904,True,1.0,paraphrased,Crypto / Đầu tư giả,1.0,0.98626318,0.013736819999999983,0.19999999999999996
ViSmish_00235,0,0,0.999388,True,1.0,external_curated,P2P hard negative,1.0,0.004829608199999998,0.9951703918,0.19999999999999996
ViSmish_00238,1,1,0.9995834,True,1.0,paraphrased,Tuyển dụng giả,1.0,0.995998692,0.004001307999999981,0.19999999999999996
ViSmish_00241,1,1,0.9995086,True,1.0,synthetic_hard_positive,Tuyển dụng giả,1.0,0.995661628,0.004338371999999979,0.19999999999999996
ViSmish_00242,1,1,0.99962306,True,1.0,paraphrased,Tuyển dụng giả,1.0,0.9961901200000001,0.003809879999999932,0.19999999999999996
ViSmish_00243,1,1,0.9996264,True,1.0,paraphrased,Giả mạo ngân hàng,1.0,0.996206892,0.0037931079999999895,0.19999999999999996
ViSmish_00245,0,0,0.9994822,True,1.0,external_real,P2P hội thoại thông thường,1.0,0.004450781199999999,0.9955492188,0.19999999999999996
ViSmish_00247,1,1,0.999616,True,1.0,paraphrased,Tuyển dụng giả,1.0,0.9961558939999999,0.0038441060000000693,0.19999999999999996
ViSmish_00250,1,1,0.9995888,True,1.0,paraphrased,Dịch vụ công giả,1.0,0.996024048,0.003975952000000005,0.19999999999999996
ViSmish_00251,1,1,0.9996158,True,1.0,paraphrased,BHXH / Trợ cấp giả,1.0,0.9961547,0.0038453000000000515,0.19999999999999996
ViSmish_00253,1,1,0.9996239,True,1.0,paraphrased,Tuyển dụng giả,1.0,0.996194326,0.003805673999999981,0.19999999999999996
ViSmish_00256,0,0,0.99936146,True,1.0,real,Viễn thông,1.0,0.0049310807999999985,0.9950689192,0.19999999999999996
ViSmish_00258,1,1,0.9996125,True,1.0,paraphrased,Cờ bạc / Betting,1.0,0.99613806,0.0038619399999999526,0.19999999999999996
ViSmish_00260,1,1,0.9996239,True,1.0,paraphrased,Tuyển dụng giả,1.0,0.99619458,0.0038054199999999483,0.19999999999999996
ViSmish_00262,0,0,0.99904364,True,1.0,real,Dịch vụ công thật,1.0,0.006002190999999999,0.993997809,0.19999999999999996
ViSmish_00263,1,1,0.9995689,True,1.0,paraphrased,Crypto / Đầu tư giả,1.0,0.9959309199999999,0.004069080000000058,0.19999999999999996
ViSmish_00264,0,0,0.9994578,True,1.0,real,Viễn thông,1.0,0.0045524089999999994,0.995447591,0.19999999999999996
ViSmish_00265,1,1,0.99961203,True,1.0,paraphrased,Tuyển dụng giả,1.0,0.996135808,0.0038641919999999885,0.19999999999999996
ViSmish_00266,0,0,0.9994791,True,1.0,synthetic,Tin nhắn cá nhân và OTP,1.0,0.0044642219999999995,0.995535778,0.19999999999999996
ViSmish_00267,1,1,0.99961555,True,1.0,paraphrased,Cờ bạc / Betting,1.0,0.9961536280000001,0.0038463719999999313,0.19999999999999996
ViSmish_00268,0,0,0.99949026,True,1.0,synthetic,Vận chuyển,1.0,0.004417014799999999,0.9955829852,0.19999999999999996
ViSmish_00269,0,0,0.99944776,True,1.0,real,Tin nhắn cá nhân và OTP,1.0,0.004593470399999999,0.9954065296,0.19999999999999996
ViSmish_00270,1,1,0.999542,True,1.0,paraphrased,Nội dung nhạy cảm,1.0,0.995808172,0.004191827999999953,0.19999999999999996
ViSmish_00271,0,0,0.9994636,True,1.0,synthetic,Dịch vụ công thật,1.0,0.0045283391999999985,0.9954716608,0.19999999999999996
ViSmish_00272,1,1,0.9995975,True,1.0,paraphrased,Cờ bạc / Betting,1.0,0.996065306,0.003934694000000016,0.19999999999999996
ViSmish_00273,1,1,0.9996112,True,1.0,paraphrased,Dịch vụ công giả,1.0,0.99613185,0.003868149999999959,0.19999999999999996
ViSmish_00274,0,0,0.9994235,True,1.0,synthetic,Tin nhắn cá nhân và OTP,1.0,0.004690899399999999,0.9953091006,0.19999999999999996
ViSmish_00275,0,0,0.99942386,True,1.0,external_curated,P2P hard negative,1.0,0.004689403199999999,0.9953105968,0.19999999999999996
ViSmish_00276,1,1,0.999613,True,1.0,paraphrased,Dịch vụ công giả,1.0,0.996140468,0.003859531999999999,0.19999999999999996
ViSmish_00281,1,1,0.9996118,True,1.0,paraphrased,Nội dung nhạy cảm,1.0,0.996134854,0.003865145999999986,0.19999999999999996
ViSmish_00282,0,0,0.9993412,True,1.0,synthetic,Dịch vụ công thật,1.0,0.005006668799999999,0.9949933312,0.19999999999999996
ViSmish_00283,0,0,0.9994862,True,1.0,real,Khác,1.0,0.004434079399999999,0.9955659206,0.19999999999999996
ViSmish_00284,1,1,0.9995548,True,1.0,synthetic_hard_positive,Khác,1.0,0.99586652,0.004133480000000023,0.19999999999999996
ViSmish_00286,1,1,0.99960965,True,1.0,paraphrased,Đòi nợ / Đe dọa,1.0,0.9961243,0.0038757000000000374,0.19999999999999996
ViSmish_00287,0,0,0.9994122,True,1.0,external_real,P2P hội thoại thông thường,1.0,0.004735746199999999,0.9952642538,0.19999999999999996
ViSmish_00288,1,1,0.9996138,True,1.0,paraphrased,Tuyển dụng giả,1.0,0.996144414,0.003855586000000022,0.19999999999999996
ViSmish_00290,1,1,0.9995141,True,1.0,synthetic_hard_positive,Đòi nợ / Đe dọa,1.0,0.99568559,0.004314409999999991,0.19999999999999996
ViSmish_00291,0,0,0.9994572,True,1.0,real,Quảng cáo hợp lệ,1.0,0.004554854399999999,0.9954451456,0.19999999999999996
ViSmish_00293,1,1,0.99961734,True,1.0,paraphrased,Dịch vụ công giả,1.0,0.99616214,0.0038378599999999707,0.19999999999999996
ViSmish_00294,1,1,0.9995771,True,1.0,paraphrased,Nội dung nhạy cảm,1.0,0.99596896,0.004031039999999986,0.19999999999999996
ViSmish_00295,0,0,0.99944943,True,1.0,synthetic,Dịch vụ y tế,1.0,0.004586345399999999,0.9954136546,0.19999999999999996
ViSmish_00296,1,1,0.9996209,True,1.0,paraphrased,Tuyển dụng giả,1.0,0.99617996,0.0038200400000000245,0.19999999999999996
ViSmish_00298,0,0,0.99916434,True,1.0,real,Dịch vụ công thật,1.0,0.0056216387999999985,0.9943783612,0.19999999999999996
ViSmish_00299,0,0,0.99946517,True,1.0,synthetic,Dịch vụ y tế,1.0,0.004521965999999999,0.995478034,0.19999999999999996
ViSmish_00300,0,0,0.9994636,True,1.0,synthetic,Vận chuyển,1.0,0.004528602,0.995471398,0.19999999999999996
ViSmish_00303,1,1,0.9996068,True,1.0,paraphrased,Nội dung nhạy cảm,1.0,0.99611032,0.0038896800000000065,0.19999999999999996
ViSmish_00304,1,1,0.9995449,True,1.0,paraphrased,Crypto / Đầu tư giả,1.0,0.9958218999999999,0.004178100000000073,0.19999999999999996
ViSmish_00305,0,0,0.9987571,True,1.0,synthetic,Quảng cáo hợp lệ,1.0,0.006814885999999999,0.993185114,0.19999999999999996
ViSmish_00306,0,0,0.99946266,True,1.0,real,Viễn thông,1.0,0.004532287999999999,0.995467712,0.19999999999999996
ViSmish_00307,1,1,0.99959725,True,1.0,paraphrased,Crypto / Đầu tư giả,1.0,0.996064294,0.003935706000000039,0.19999999999999996
ViSmish_00308,1,1,0.9996263,True,1.0,paraphrased,Tuyển dụng giả,1.0,0.99620612,0.0037938800000000272,0.19999999999999996
ViSmish_00310,0,0,0.9993362,True,1.0,external_curated,P2P hard negative,1.0,0.005024892399999999,0.9949751076,0.19999999999999996
ViSmish_00314,0,0,0.9992668,True,1.0,synthetic,Dịch vụ công thật,1.0,0.005274560999999999,0.994725439,0.19999999999999996
ViSmish_00315,0,0,0.9994855,True,1.0,synthetic,Vận chuyển,1.0,0.004437135199999999,0.9955628648,0.19999999999999996
ViSmish_00318,0,0,0.99947315,True,1.0,synthetic,Quảng cáo hợp lệ,1.0,0.004488793999999999,0.995511206,0.19999999999999996
ViSmish_00319,0,0,0.9994684,True,1.0,real,Tin nhắn cá nhân và OTP,1.0,0.004508744999999999,0.995491255,0.19999999999999996
ViSmish_00320,1,1,0.9996125,True,1.0,paraphrased,Nội dung nhạy cảm,1.0,0.99613838,0.00386162000000001,0.19999999999999996
ViSmish_00321,1,1,0.9990946,True,1.0,real,Khác,1.0,0.9941551200000001,0.005844879999999941,0.19999999999999996
ViSmish_00322,1,1,0.9996018,True,1.0,paraphrased,Đòi nợ / Đe dọa,1.0,0.99608606,0.003913940000000005,0.19999999999999996
ViSmish_00323,0,0,0.9993318,True,1.0,real,Viễn thông,1.0,0.005041326199999999,0.9949586738,0.19999999999999996
ViSmish_00324,0,0,0.9994234,True,1.0,real,Tin nhắn cá nhân và OTP,1.0,0.004691382399999999,0.9953086176,0.19999999999999996
ViSmish_00325,1,1,0.99961036,True,1.0,paraphrased,BHXH / Trợ cấp giả,1.0,0.9961279279999999,0.0038720720000000597,0.19999999999999996
ViSmish_00327,0,0,0.9994666,True,1.0,synthetic,Thương mại điện tử,1.0,0.004515940399999999,0.9954840596,0.19999999999999996
ViSmish_00329,0,0,0.9992173,True,1.0,external_real,P2P hội thoại thông thường,1.0,0.005445122799999999,0.9945548772,0.19999999999999996
ViSmish_00330,1,1,0.9996105,True,1.0,paraphrased,Tuyển dụng giả,1.0,0.9961282739999999,0.0038717260000000753,0.19999999999999996
ViSmish_00331,1,1,0.99961543,True,1.0,paraphrased,Cờ bạc / Betting,1.0,0.9961526199999999,0.003847380000000067,0.19999999999999996
ViSmish_00332,1,1,0.99961,True,1.0,paraphrased,Dịch vụ công giả,1.0,0.99612614,0.0038738600000000067,0.19999999999999996
ViSmish_00334,1,1,0.99961203,True,1.0,paraphrased,Crypto / Đầu tư giả,1.0,0.99613588,0.0038641200000000264,0.19999999999999996
ViSmish_00335,1,1,0.99959093,True,1.0,paraphrased,Crypto / Đầu tư giả,1.0,0.996034468,0.003965532000000049,0.19999999999999996
ViSmish_00336,1,1,0.9995846,True,1.0,paraphrased,Dịch vụ công giả,1.0,0.996004486,0.003995513999999978,0.19999999999999996
ViSmish_00338,1,1,0.9995409,True,1.0,paraphrased,Tuyển dụng giả,1.0,0.99580344,0.004196560000000016,0.19999999999999996
ViSmish_00342,1,1,0.9996082,True,1.0,paraphrased,Cờ bạc / Betting,1.0,0.9961173999999999,0.0038826000000000693,0.19999999999999996
ViSmish_00344,0,0,0.999461,True,1.0,synthetic,Dịch vụ y tế,1.0,0.004539267999999999,0.995460732,0.19999999999999996
ViSmish_00346,1,1,0.99955136,True,1.0,synthetic_hard_positive,Khác,1.0,0.99585078,0.0041492199999999535,0.19999999999999996
ViSmish_00347,1,1,0.9996123,True,1.0,paraphrased,Cờ bạc / Betting,1.0,0.996137214,0.003862786000000007,0.19999999999999996
ViSmish_00348,1,1,0.99962103,True,1.0,paraphrased,Cờ bạc / Betting,1.0,0.9961802399999999,0.003819760000000061,0.19999999999999996
ViSmish_00349,0,0,0.9994079,True,1.0,real,Viễn thông,1.0,0.004752332399999999,0.9952476676,0.19999999999999996
ViSmish_00350,0,0,0.9994616,True,1.0,real,Khác,1.0,0.004536831799999998,0.9954631682,0.19999999999999996
ViSmish_00352,0,0,0.99948895,True,1.0,synthetic,Quảng cáo hợp lệ,1.0,0.004422587999999999,0.995577412,0.19999999999999996
ViSmish_00353,0,0,0.99943465,True,1.0,external_real,P2P hội thoại thông thường,1.0,0.0046460061999999995,0.9953539938,0.19999999999999996
ViSmish_00355,0,0,0.9994624,True,1.0,synthetic,Tin nhắn cá nhân và OTP,1.0,0.004533274399999999,0.9954667256,0.19999999999999996
ViSmish_00356,0,0,0.99947804,True,1.0,synthetic,Thương mại điện tử,1.0,0.004468343799999999,0.9955316562,0.19999999999999996
ViSmish_00358,0,0,0.99936336,True,1.0,external_real,P2P hội thoại thông thường,1.0,0.004923668599999999,0.9950763314,0.19999999999999996
ViSmish_00359,1,1,0.9996111,True,1.0,paraphrased,Crypto / Đầu tư giả,1.0,0.99613106,0.003868940000000043,0.19999999999999996
ViSmish_00360,1,1,0.99961567,True,1.0,paraphrased,Giả mạo ngân hàng,1.0,0.99615402,0.0038459800000000266,0.19999999999999996
ViSmish_00361,0,0,0.99924445,True,1.0,external_real,P2P hội thoại thông thường,1.0,0.005352289999999998,0.99464771,0.19999999999999996
ViSmish_00362,0,0,0.99949515,True,1.0,synthetic,Ngân hàng thật,1.0,0.004395794399999999,0.9956042056,0.19999999999999996
ViSmish_00365,1,1,0.9996271,True,1.0,paraphrased,Tuyển dụng giả,1.0,0.99621061,0.0037893900000000036,0.19999999999999996
ViSmish_00366,0,0,0.99915946,True,1.0,external_real,P2P hội thoại thông thường,1.0,0.005637565999999999,0.994362434,0.19999999999999996
ViSmish_00367,1,1,0.9994031,True,1.0,real,Giả mạo ngân hàng,1.0,0.995228826,0.004771174000000045,0.19999999999999996
ViSmish_00369,0,0,0.99926895,True,1.0,synthetic,Dịch vụ công thật,1.0,0.005267241999999998,0.994732758,0.19999999999999996
ViSmish_00370,1,1,0.99958163,True,1.0,paraphrased,Tuyển dụng giả,1.0,0.99599058,0.004009420000000041,0.19999999999999996
ViSmish_00371,0,0,0.9994623,True,1.0,synthetic,Thương mại điện tử,1.0,0.004533773199999999,0.9954662268,0.19999999999999996
ViSmish_00373,0,0,0.99723166,True,1.0,external_curated,P2P hard negative,1.0,0.010010097199999998,0.9899899028,0.19999999999999996
ViSmish_00374,0,0,0.99946076,True,1.0,synthetic,Thương mại điện tử,1.0,0.004540027999999999,0.995459972,0.19999999999999996
ViSmish_00375,0,0,0.9994199,True,1.0,synthetic,Quảng cáo hợp lệ,1.0,0.004704899799999999,0.9952951002,0.19999999999999996
ViSmish_00377,0,0,0.9992995,True,1.0,synthetic,Dịch vụ y tế,1.0,0.005158385199999999,0.9948416148,0.19999999999999996
ViSmish_00378,1,1,0.99956936,True,1.0,paraphrased,Crypto / Đầu tư giả,1.0,0.99593296,0.004067040000000022,0.19999999999999996
ViSmish_00380,1,1,0.9996141,True,1.0,paraphrased,Crypto / Đầu tư giả,1.0,0.9961464,0.0038536000000000126,0.19999999999999996
ViSmish_00383,1,1,0.9995566,True,1.0,paraphrased,Tuyển dụng giả,1.0,0.99587464,0.004125359999999967,0.19999999999999996
ViSmish_00386,1,1,0.99961495,True,1.0,paraphrased,Cờ bạc / Betting,1.0,0.996150326,0.003849674000000025,0.19999999999999996
ViSmish_00387,1,1,0.9996208,True,1.0,paraphrased,Tuyển dụng giả,1.0,0.99617932,0.0038206800000000207,0.19999999999999996
ViSmish_00392,1,1,0.99962294,True,1.0,paraphrased,Tuyển dụng giả,1.0,0.996190072,0.003809928000000018,0.19999999999999996
ViSmish_00393,0,0,0.9993999,True,1.0,synthetic,Viễn thông,1.0,0.004783667999999999,0.995216332,0.19999999999999996
ViSmish_00395,0,0,0.99943906,True,1.0,synthetic,Ngân hàng thật,1.0,0.004628602399999999,0.9953713976,0.19999999999999996
ViSmish_00396,0,0,0.999482,True,1.0,synthetic,Vận chuyển,1.0,0.004451938799999999,0.9955480612000001,0.19999999999999996
ViSmish_00398,1,1,0.9996166,True,1.0,paraphrased,Crypto / Đầu tư giả,1.0,0.9961589,0.0038411000000000417,0.19999999999999996
ViSmish_00402,0,0,0.9993548,True,1.0,external_curated,P2P hard negative,1.0,0.004955841599999999,0.9950441584,0.19999999999999996
ViSmish_00403,1,1,0.79199004,True,0.7,real,Giả mạo ngân hàng,0.7,0.9525628242,0.04743717579999995,0.13999999999999996
ViSmish_00404,1,1,0.9983254,True,1.0,real,Cờ bạc / Betting,1.0,0.99213114,0.007868859999999978,0.19999999999999996
ViSmish_00405,0,0,0.9994522,True,1.0,real,Viễn thông,1.0,0.004575409399999999,0.9954245906,0.19999999999999996
ViSmish_00406,1,1,0.99961394,True,1.0,paraphrased,Đòi nợ / Đe dọa,1.0,0.99614514,0.0038548600000000155,0.19999999999999996
ViSmish_00408,0,0,0.9994579,True,1.0,external_real,P2P hội thoại thông thường,1.0,0.004552065199999999,0.9954479348,0.19999999999999996
ViSmish_00409,1,1,0.99959177,True,1.0,paraphrased,Cờ bạc / Betting,1.0,0.996038246,0.003961753999999984,0.19999999999999996
ViSmish_00410,1,1,0.9996092,True,1.0,paraphrased,Dịch vụ công giả,1.0,0.99612217,0.003877829999999971,0.19999999999999996
ViSmish_00412,0,0,0.9994312,True,1.0,synthetic,Dịch vụ y tế,1.0,0.004659839999999998,0.99534016,0.19999999999999996
ViSmish_00414,1,1,0.9996239,True,1.0,paraphrased,Tuyển dụng giả,1.0,0.99619434,0.003805660000000044,0.19999999999999996
ViSmish_00415,0,0,0.9993685,True,1.0,external_real,P2P hội thoại thông thường,1.0,0.004904314799999999,0.9950956852,0.19999999999999996
ViSmish_00416,1,1,0.9996165,True,1.0,paraphrased,Crypto / Đầu tư giả,1.0,0.9961578719999999,0.0038421280000000557,0.19999999999999996
ViSmish_00417,1,1,0.99962723,True,1.0,paraphrased,Tuyển dụng giả,1.0,0.99621086,0.0037891399999999686,0.19999999999999996
ViSmish_00418,1,1,0.9995115,True,1.0,synthetic_hard_positive,Đòi nợ / Đe dọa,1.0,0.99567428,0.004325719999999977,0.19999999999999996
ViSmish_00419,1,1,0.9995584,True,1.0,paraphrased,Crypto / Đầu tư giả,1.0,0.99588304,0.004116959999999947,0.19999999999999996
ViSmish_00420,1,1,0.99949884,True,1.0,paraphrased,Đòi nợ / Đe dọa,1.0,0.9956199,0.004380099999999998,0.19999999999999996
ViSmish_00421,0,0,0.99937564,True,1.0,real,Viễn thông,1.0,0.004877403799999999,0.9951225962,0.19999999999999996
ViSmish_00422,1,1,0.9996145,True,1.0,paraphrased,Dịch vụ công giả,1.0,0.99614794,0.003852060000000046,0.19999999999999996
ViSmish_00423,0,0,0.999491,True,1.0,real,Tin nhắn cá nhân và OTP,1.0,0.004413739199999999,0.9955862608,0.19999999999999996
ViSmish_00425,0,0,0.9994868,True,1.0,synthetic,Dịch vụ y tế,1.0,0.004431549999999999,0.99556845,0.19999999999999996
ViSmish_00427,0,0,0.9994917,True,1.0,synthetic,Ngân hàng thật,1.0,0.0044107799999999996,0.99558922,0.19999999999999996
ViSmish_00428,1,1,0.99963367,True,1.0,paraphrased,Dịch vụ công giả,1.0,0.996243454,0.0037565459999999717,0.19999999999999996
ViSmish_00429,1,1,0.9996191,True,1.0,paraphrased,Dịch vụ công giả,1.0,0.996170974,0.003829026000000013,0.19999999999999996
ViSmish_00431,1,1,0.99959165,True,1.0,paraphrased,Cờ bạc / Betting,1.0,0.99603752,0.0039624799999999905,0.19999999999999996
ViSmish_00433,1,1,0.99960583,True,1.0,paraphrased,BHXH / Trợ cấp giả,1.0,0.996105552,0.0038944480000000503,0.19999999999999996
ViSmish_00434,0,0,0.99945384,True,1.0,real,Khác,1.0,0.004568451599999999,0.9954315484,0.19999999999999996
ViSmish_00435,1,1,0.9994307,True,1.0,paraphrased,Cờ bạc / Betting,1.0,0.99533816,0.004661840000000028,0.19999999999999996
ViSmish_00436,1,1,0.9996191,True,1.0,paraphrased,Tuyển dụng giả,1.0,0.99617066,0.0038293400000000144,0.19999999999999996
ViSmish_00437,1,1,0.99961424,True,1.0,paraphrased,BHXH / Trợ cấp giả,1.0,0.9961471399999999,0.003852860000000069,0.19999999999999996
ViSmish_00438,1,1,0.9995079,True,1.0,paraphrased,Nội dung nhạy cảm,1.0,0.99565848,0.004341519999999988,0.19999999999999996
ViSmish_00440,1,1,0.9995338,True,1.0,paraphrased,Giả mạo ngân hàng,1.0,0.995772,0.0042280000000000095,0.19999999999999996
ViSmish_00441,1,1,0.99960345,True,1.0,paraphrased,Nội dung nhạy cảm,1.0,0.996094048,0.0039059519999999903,0.19999999999999996
ViSmish_00442,0,0,0.9992341,True,1.0,external_curated,P2P hard negative,1.0,0.0053880225999999995,0.9946119774,0.19999999999999996
ViSmish_00443,0,0,0.99940836,True,1.0,external_real,P2P hội thoại thông thường,1.0,0.0047503775999999985,0.9952496224,0.19999999999999996
ViSmish_00448,1,1,0.99961865,True,1.0,paraphrased,Dịch vụ công giả,1.0,0.99616847,0.0038315300000000274,0.19999999999999996
ViSmish_00453,0,0,0.99946326,True,1.0,synthetic,Quảng cáo hợp lệ,1.0,0.004529732399999999,0.9954702676,0.19999999999999996
ViSmish_00455,0,0,0.99946135,True,1.0,synthetic,Viễn thông,1.0,0.004537899399999999,0.9954621006,0.19999999999999996
ViSmish_00456,0,0,0.9993837,True,1.0,synthetic,Ngân hàng thật,1.0,0.004846329199999999,0.9951536708,0.19999999999999996
ViSmish_00460,1,1,0.99952686,True,1.0,synthetic_hard_positive,BHXH / Trợ cấp giả,1.0,0.99574126,0.004258740000000039,0.19999999999999996
ViSmish_00462,0,0,0.9994849,True,1.0,real,Tin nhắn cá nhân và OTP,1.0,0.004439533199999999,0.9955604668,0.19999999999999996
ViSmish_00464,1,1,0.99961686,True,1.0,paraphrased,Nội dung nhạy cảm,1.0,0.99615982,0.003840179999999971,0.19999999999999996
ViSmish_00465,1,1,0.9996118,True,1.0,paraphrased,Nội dung nhạy cảm,1.0,0.9961348,0.003865200000000013,0.19999999999999996
ViSmish_00467,0,0,0.99940705,True,1.0,synthetic,Tin nhắn cá nhân và OTP,1.0,0.004755830799999999,0.9952441692,0.19999999999999996
ViSmish_00469,1,1,0.9995196,True,1.0,synthetic_hard_positive,Khác,1.0,0.99570911,0.004290890000000047,0.19999999999999996
ViSmish_00470,0,0,0.99948883,True,1.0,synthetic,Vận chuyển,1.0,0.004422998399999999,0.9955770016,0.19999999999999996
ViSmish_00474,1,1,0.99956733,True,1.0,paraphrased,Đòi nợ / Đe dọa,1.0,0.99592378,0.004076219999999964,0.19999999999999996
ViSmish_00476,1,1,0.99961084,True,1.0,paraphrased,Đòi nợ / Đe dọa,1.0,0.9961298199999999,0.0038701800000000564,0.19999999999999996
ViSmish_00477,1,1,0.9996165,True,1.0,paraphrased,Nội dung nhạy cảm,1.0,0.99615782,0.0038421800000000284,0.19999999999999996
ViSmish_00478,1,1,0.9996259,True,1.0,paraphrased,Đòi nợ / Đe dọa,1.0,0.99620465,0.003795349999999975,0.19999999999999996
ViSmish_00479,1,1,0.999624,True,1.0,paraphrased,Tuyển dụng giả,1.0,0.996195352,0.0038046480000000216,0.19999999999999996
ViSmish_00480,0,0,0.9989863,True,1.0,synthetic,Quảng cáo hợp lệ,1.0,0.006174248799999999,0.9938257512,0.19999999999999996
ViSmish_00481,1,1,0.9996245,True,1.0,paraphrased,Dịch vụ công giả,1.0,0.996197188,0.0038028119999999888,0.19999999999999996
ViSmish_00484,0,0,0.9993687,True,1.0,real,Viễn thông,1.0,0.004903339999999999,0.99509666,0.19999999999999996
ViSmish_00485,0,0,0.9993819,True,1.0,external_real,P2P hội thoại thông thường,1.0,0.0048532084,0.9951467916,0.19999999999999996
ViSmish_00486,0,0,0.9994747,True,1.0,external_curated,P2P hard negative,1.0,0.004482505999999999,0.995517494,0.19999999999999996
ViSmish_00487,0,0,0.9993981,True,1.0,real,Viễn thông,1.0,0.004790738999999999,0.995209261,0.19999999999999996
ViSmish_00490,1,1,0.9996141,True,1.0,paraphrased,Dịch vụ công giả,1.0,0.9961460799999999,0.003853920000000066,0.19999999999999996
ViSmish_00491,1,1,0.9995975,True,1.0,paraphrased,Crypto / Đầu tư giả,1.0,0.9960654600000001,0.003934539999999931,0.19999999999999996
ViSmish_00492,0,0,0.9994605,True,1.0,synthetic,Vận chuyển,1.0,0.0045409959999999985,0.995459004,0.19999999999999996
ViSmish_00493,1,1,0.999624,True,1.0,paraphrased,BHXH / Trợ cấp giả,1.0,0.9961954,0.003804600000000047,0.19999999999999996
ViSmish_00494,1,1,0.99961877,True,1.0,paraphrased,BHXH / Trợ cấp giả,1.0,0.9961692,0.003830800000000023,0.19999999999999996
ViSmish_00497,0,0,0.9994832,True,1.0,real,Tin nhắn cá nhân và OTP,1.0,0.004446707599999999,0.9955532924,0.19999999999999996
ViSmish_00498,0,0,0.9993235,True,1.0,external_curated,P2P hard negative,1.0,0.005071799999999999,0.9949282,0.19999999999999996
ViSmish_00499,1,1,0.9996245,True,1.0,paraphrased,Cờ bạc / Betting,1.0,0.99619748,0.0038025200000000314,0.19999999999999996
ViSmish_00501,1,1,0.999617,True,1.0,paraphrased,Nội dung nhạy cảm,1.0,0.996160532,0.0038394680000000125,0.19999999999999996
ViSmish_00502,0,0,0.9994572,True,1.0,synthetic,Dịch vụ công thật,1.0,0.004554941199999999,0.9954450588,0.19999999999999996
ViSmish_00503,0,0,0.9993605,True,1.0,real,Viễn thông,1.0,0.004934653999999999,0.995065346,0.19999999999999996
ViSmish_00505,1,1,0.9995894,True,1.0,paraphrased,Crypto / Đầu tư giả,1.0,0.9960266600000001,0.003973339999999936,0.19999999999999996
ViSmish_00506,0,0,0.64971286,True,0.7,real,Khác,0.7,0.059274045599999985,0.9407259544000001,0.13999999999999996
ViSmish_00510,0,0,0.99941933,True,1.0,synthetic,Dịch vụ y tế,1.0,0.004707202599999999,0.9952927974,0.19999999999999996
ViSmish_00512,0,0,0.99942315,True,1.0,synthetic,Tin nhắn cá nhân và OTP,1.0,0.0046923652,0.9953076348,0.19999999999999996
ViSmish_00513,1,1,0.99960726,True,1.0,paraphrased,Cờ bạc / Betting,1.0,0.99611286,0.003887140000000011,0.19999999999999996
ViSmish_00516,0,0,0.9994555,True,1.0,synthetic,Tin nhắn cá nhân và OTP,1.0,0.004561879199999999,0.9954381208,0.19999999999999996
ViSmish_00520,1,1,0.99959534,True,1.0,paraphrased,Giả mạo ngân hàng,1.0,0.9960553400000001,0.003944659999999933,0.19999999999999996
ViSmish_00521,1,1,0.99962234,True,1.0,paraphrased,Tuyển dụng giả,1.0,0.99618704,0.0038129599999999764,0.19999999999999996
ViSmish_00522,0,0,0.9994368,True,1.0,synthetic,Dịch vụ công thật,1.0,0.004637656399999999,0.9953623436,0.19999999999999996
ViSmish_00523,0,0,0.9994886,True,1.0,real,Viễn thông,1.0,0.0044237565999999985,0.9955762434,0.19999999999999996
ViSmish_00524,0,0,0.9994937,True,1.0,synthetic,Vận chuyển,1.0,0.004401913599999999,0.9955980864,0.19999999999999996
ViSmish_00525,1,1,0.99879885,True,1.0,paraphrased,Dịch vụ công giả,1.0,0.99329694,0.006703059999999983,0.19999999999999996
ViSmish_00526,0,0,0.9959194,True,1.0,external_real,P2P hội thoại thông thường,1.0,0.012031878599999997,0.9879681214,0.19999999999999996
ViSmish_00527,0,0,0.9993793,True,1.0,real,Quảng cáo hợp lệ,1.0,0.004863167599999999,0.9951368324,0.19999999999999996
ViSmish_00530,1,1,0.99952877,True,1.0,paraphrased,Nội dung nhạy cảm,1.0,0.995749772,0.004250227999999967,0.19999999999999996
ViSmish_00531,1,1,0.9996213,True,1.0,paraphrased,Tuyển dụng giả,1.0,0.99618178,0.0038182199999999833,0.19999999999999996
ViSmish_00532,1,1,0.99962425,True,1.0,paraphrased,Giả mạo ngân hàng,1.0,0.996196,0.0038040000000000296,0.19999999999999996
ViSmish_00535,1,1,0.9995865,True,1.0,synthetic_hard_positive,Khác,1.0,0.99601363,0.003986370000000017,0.19999999999999996
ViSmish_00538,0,0,0.99923337,True,1.0,external_curated,P2P hard negative,1.0,0.005390669799999999,0.9946093302,0.19999999999999996
ViSmish_00542,0,0,0.9993088,True,1.0,external_curated,P2P hard negative,1.0,0.005124863599999999,0.9948751364,0.19999999999999996
ViSmish_00543,0,0,0.99930644,True,1.0,synthetic,Quảng cáo hợp lệ,1.0,0.005133549399999999,0.9948664506,0.19999999999999996
ViSmish_00545,1,1,0.9996039,True,1.0,paraphrased,Dịch vụ công giả,1.0,0.99609674,0.003903259999999964,0.19999999999999996
ViSmish_00546,1,1,0.99962366,True,1.0,paraphrased,Dịch vụ công giả,1.0,0.99619322,0.0038067800000000096,0.19999999999999996
ViSmish_00548,1,1,0.99959594,True,1.0,paraphrased,Crypto / Đầu tư giả,1.0,0.996058106,0.003941894000000001,0.19999999999999996
ViSmish_00550,1,1,0.99960905,True,1.0,paraphrased,Cờ bạc / Betting,1.0,0.99612148,0.0038785199999999964,0.19999999999999996
ViSmish_00551,0,0,0.99944204,True,1.0,external_curated,P2P hard negative,1.0,0.004616258999999999,0.995383741,0.19999999999999996
ViSmish_00554,0,0,0.9993191,True,1.0,external_curated,P2P hard negative,1.0,0.005087929599999998,0.9949120704,0.19999999999999996
ViSmish_00555,1,1,0.9994855,True,1.0,paraphrased,Crypto / Đầu tư giả,1.0,0.99556288,0.004437119999999961,0.19999999999999996
ViSmish_00556,1,1,0.9995121,True,1.0,synthetic_hard_positive,Khác,1.0,0.9956765000000001,0.004323499999999925,0.19999999999999996
ViSmish_00559,0,0,0.9994646,True,1.0,real,Viễn thông,1.0,0.004524416399999999,0.9954755836,0.19999999999999996
ViSmish_00560,0,0,0.9994331,True,1.0,synthetic,Quảng cáo hợp lệ,1.0,0.004652599599999999,0.9953474004,0.19999999999999996
ViSmish_00566,1,1,0.999613,True,1.0,paraphrased,Dịch vụ công giả,1.0,0.996140766,0.003859233999999989,0.19999999999999996
ViSmish_00567,0,0,0.99949145,True,1.0,real,Tin nhắn cá nhân và OTP,1.0,0.004411787999999999,0.995588212,0.19999999999999996
ViSmish_00568,0,0,0.999476,True,1.0,real,Ngân hàng thật,1.0,0.0044771607999999985,0.9955228392,0.19999999999999996
ViSmish_00569,1,1,0.9995654,True,1.0,paraphrased,Crypto / Đầu tư giả,1.0,0.99591484,0.004085160000000032,0.19999999999999996
ViSmish_00570,0,0,0.99947935,True,1.0,synthetic,Vận chuyển,1.0,0.004463136199999999,0.9955368638,0.19999999999999996
ViSmish_00571,1,1,0.99954635,True,1.0,paraphrased,Nội dung nhạy cảm,1.0,0.9958279800000001,0.004172019999999943,0.19999999999999996
ViSmish_00572,1,1,0.99952817,True,1.0,synthetic_hard_positive,Khác,1.0,0.99574703,0.0042529700000000226,0.19999999999999996
ViSmish_00573,1,1,0.9995252,True,1.0,synthetic_hard_positive,Khác,1.0,0.99573398,0.0042660199999999815,0.19999999999999996
ViSmish_00574,0,0,0.9992624,True,1.0,external_curated,P2P hard negative,1.0,0.005290170799999999,0.9947098292,0.19999999999999996
ViSmish_00575,0,0,0.9994435,True,1.0,synthetic,Ngân hàng thật,1.0,0.004610748999999999,0.995389251,0.19999999999999996
ViSmish_00576,1,1,0.99959713,True,1.0,paraphrased,Cờ bạc / Betting,1.0,0.9960640000000001,0.0039359999999999395,0.19999999999999996
ViSmish_00577,0,0,0.99938464,True,1.0,external_curated,P2P hard negative,1.0,0.004842589799999999,0.9951574102,0.19999999999999996
ViSmish_00578,1,1,0.99962044,True,1.0,paraphrased,Cờ bạc / Betting,1.0,0.99617756,0.0038224399999999825,0.19999999999999996
ViSmish_00579,1,1,0.9996137,True,1.0,paraphrased,Cờ bạc / Betting,1.0,0.99614382,0.003856179999999987,0.19999999999999996
ViSmish_00580,0,0,0.9994783,True,1.0,synthetic,Ngân hàng thật,1.0,0.004467601399999999,0.9955323986,0.19999999999999996
ViSmish_00581,1,1,0.9996258,True,1.0,paraphrased,Tuyển dụng giả,1.0,0.996204114,0.003795886000000026,0.19999999999999996
ViSmish_00582,1,1,0.999619,True,1.0,paraphrased,Tuyển dụng giả,1.0,0.99617016,0.0038298399999999733,0.19999999999999996
ViSmish_00583,0,0,0.99947864,True,1.0,real,Khác,1.0,0.004466174599999999,0.9955338254,0.19999999999999996
ViSmish_00587,0,0,0.99947494,True,1.0,synthetic,Tin nhắn cá nhân và OTP,1.0,0.0044813453999999996,0.9955186546,0.19999999999999996
ViSmish_00588,1,1,0.9996124,True,1.0,paraphrased,Cờ bạc / Betting,1.0,0.996137666,0.003862334000000023,0.19999999999999996
ViSmish_00590,0,0,0.9994172,True,1.0,external_real,P2P hội thoại thông thường,1.0,0.004715865399999999,0.9952841346,0.19999999999999996
ViSmish_00593,1,1,0.99962497,True,1.0,paraphrased,Giả mạo ngân hàng,1.0,0.99619994,0.003800059999999994,0.19999999999999996
ViSmish_00594,1,1,0.9995932,True,1.0,paraphrased,Đòi nợ / Đe dọa,1.0,0.996045232,0.003954768000000053,0.19999999999999996
ViSmish_00595,1,1,0.9994679,True,1.0,synthetic_hard_positive,Dịch vụ công giả,1.0,0.9954894599999999,0.004510540000000063,0.19999999999999996
ViSmish_00596,1,1,0.9996216,True,1.0,paraphrased,BHXH / Trợ cấp giả,1.0,0.99618352,0.003816480000000011,0.19999999999999996
ViSmish_00597,1,1,0.9996244,True,1.0,paraphrased,BHXH / Trợ cấp giả,1.0,0.99619682,0.003803180000000017,0.19999999999999996
ViSmish_00598,1,1,0.9996082,True,1.0,paraphrased,Crypto / Đầu tư giả,1.0,0.99611698,0.0038830199999999593,0.19999999999999996
ViSmish_00599,1,1,0.9995627,True,1.0,paraphrased,Dịch vụ công giả,1.0,0.99590232,0.0040976799999999924,0.19999999999999996
ViSmish_00601,1,1,0.9996191,True,1.0,paraphrased,Tuyển dụng giả,1.0,0.9961711520000001,0.0038288479999999403,0.19999999999999996
ViSmish_00602,1,1,0.9995981,True,1.0,paraphrased,Nội dung nhạy cảm,1.0,0.99606834,0.0039316600000000035,0.19999999999999996
ViSmish_00603,1,1,0.9995852,True,1.0,paraphrased,Cờ bạc / Betting,1.0,0.9960070999999999,0.003992900000000077,0.19999999999999996
ViSmish_00605,1,1,0.99962246,True,1.0,paraphrased,Giả mạo ngân hàng,1.0,0.996187532,0.0038124680000000133,0.19999999999999996
ViSmish_00606,1,1,0.9996137,True,1.0,paraphrased,Tuyển dụng giả,1.0,0.99614402,0.003855979999999981,0.19999999999999996
ViSmish_00607,1,1,0.9996007,True,1.0,paraphrased,Dịch vụ công giả,1.0,0.99608084,0.003919160000000033,0.19999999999999996
ViSmish_00608,0,0,0.9993363,True,1.0,real,Khác,1.0,0.005024747599999999,0.9949752524,0.19999999999999996
ViSmish_00610,0,0,0.99942917,True,1.0,synthetic,Tin nhắn cá nhân và OTP,1.0,0.004667906399999999,0.9953320936,0.19999999999999996
ViSmish_00611,0,0,0.99918693,True,1.0,synthetic,Quảng cáo hợp lệ,1.0,0.005546866799999999,0.9944531332,0.19999999999999996
ViSmish_00612,1,1,0.99963474,True,1.0,paraphrased,BHXH / Trợ cấp giả,1.0,0.9962487600000001,0.0037512399999999335,0.19999999999999996
ViSmish_00615,1,1,0.9996092,True,1.0,paraphrased,Crypto / Đầu tư giả,1.0,0.996121752,0.0038782480000000286,0.19999999999999996
ViSmish_00618,0,0,0.99895096,True,1.0,real,Khác,1.0,0.006277755999999998,0.993722244,0.19999999999999996
ViSmish_00619,0,0,0.99936265,True,1.0,external_real,P2P hội thoại thông thường,1.0,0.004926263199999999,0.9950737368,0.19999999999999996
ViSmish_00622,1,1,0.9996165,True,1.0,paraphrased,Nội dung nhạy cảm,1.0,0.996158146,0.0038418540000000334,0.19999999999999996
ViSmish_00623,1,1,0.9996197,True,1.0,paraphrased,BHXH / Trợ cấp giả,1.0,0.99617398,0.0038260199999999855,0.19999999999999996
ViSmish_00625,1,1,0.99961734,True,1.0,paraphrased,Tuyển dụng giả,1.0,0.99616192,0.003838079999999966,0.19999999999999996
ViSmish_00627,0,0,0.9991435,True,1.0,real,Khác,1.0,0.0056891343999999995,0.9943108656,0.19999999999999996
ViSmish_00629,0,0,0.999458,True,1.0,synthetic,Tin nhắn cá nhân và OTP,1.0,0.0045513685999999986,0.9954486314,0.19999999999999996
ViSmish_00631,1,1,0.9996055,True,1.0,paraphrased,Đòi nợ / Đe dọa,1.0,0.99610387,0.0038961299999999977,0.19999999999999996
ViSmish_00632,0,0,0.9994235,True,1.0,external_curated,P2P hard negative,1.0,0.004690725799999999,0.9953092742,0.19999999999999996
ViSmish_00634,0,0,0.9994838,True,1.0,real,Tin nhắn cá nhân và OTP,1.0,0.004444100399999999,0.9955558996,0.19999999999999996
ViSmish_00635,0,1,0.7072377,False,0.3,external_curated,P2P hard negative,0.3,0.03650987999999999,0.96349012,0.059999999999999984
ViSmish_00636,0,0,0.99947363,True,1.0,real,Viễn thông,1.0,0.0044867399999999995,0.99551326,0.19999999999999996
ViSmish_00637,1,1,0.9995906,True,1.0,paraphrased,Cờ bạc / Betting,1.0,0.9960327259999999,0.003967274000000076,0.19999999999999996
ViSmish_00638,1,1,0.99955374,True,1.0,synthetic_hard_positive,Khác,1.0,0.9958615,0.004138500000000045,0.19999999999999996
ViSmish_00639,0,0,0.99942845,True,1.0,real,Tin nhắn cá nhân và OTP,1.0,0.004670863999999999,0.995329136,0.19999999999999996
ViSmish_00641,1,1,0.9996314,True,1.0,paraphrased,Giả mạo ngân hàng,1.0,0.996231914,0.003768086000000004,0.19999999999999996
ViSmish_00643,0,0,0.9969405,True,1.0,real,Viễn thông,1.0,0.010498093999999998,0.989501906,0.19999999999999996
ViSmish_00645,0,0,0.9993728,True,1.0,real,Viễn thông,1.0,0.004888186599999999,0.9951118134,0.19999999999999996
ViSmish_00646,0,0,0.9982674,True,1.0,real,Dịch vụ công thật,1.0,0.007998734799999999,0.9920012652,0.19999999999999996
ViSmish_00648,1,1,0.9996131,True,1.0,paraphrased,BHXH / Trợ cấp giả,1.0,0.99614102,0.0038589799999999563,0.19999999999999996
ViSmish_00650,0,0,0.9994597,True,1.0,real,Khác,1.0,0.004544329599999999,0.9954556704,0.19999999999999996
ViSmish_00652,1,1,0.9995338,True,1.0,synthetic_hard_positive,Giả mạo ngân hàng,1.0,0.99577154,0.0042284599999999894,0.19999999999999996
ViSmish_00653,1,1,0.9996226,True,1.0,paraphrased,Nội dung nhạy cảm,1.0,0.996188128,0.003811871999999994,0.19999999999999996
ViSmish_00654,1,1,0.99961287,True,1.0,paraphrased,Nội dung nhạy cảm,1.0,0.996140146,0.003859853999999996,0.19999999999999996
ViSmish_00655,1,1,0.99928916,True,1.0,paraphrased,BHXH / Trợ cấp giả,1.0,0.9948043,0.005195700000000025,0.19999999999999996
ViSmish_00656,0,0,0.9993499,True,1.0,real,Viễn thông,1.0,0.004974255999999999,0.995025744,0.19999999999999996
ViSmish_00657,0,0,0.9994848,True,1.0,external_curated,P2P hard negative,1.0,0.0044400381999999995,0.9955599618,0.19999999999999996
ViSmish_00658,1,1,0.9995148,True,1.0,synthetic_hard_positive,Dịch vụ công giả,1.0,0.9956884500000001,0.004311549999999942,0.19999999999999996
ViSmish_00660,0,0,0.9994704,True,1.0,synthetic,Tin nhắn cá nhân và OTP,1.0,0.004500323999999999,0.995499676,0.19999999999999996
ViSmish_00661,1,1,0.9995197,True,1.0,paraphrased,Đòi nợ / Đe dọa,1.0,0.9957097,0.004290299999999969,0.19999999999999996
ViSmish_00664,0,0,0.9994844,True,1.0,synthetic,Vận chuyển,1.0,0.004441471399999999,0.9955585286,0.19999999999999996
ViSmish_00666,0,0,0.99947864,True,1.0,synthetic,Thương mại điện tử,1.0,0.004465922799999999,0.9955340772,0.19999999999999996
ViSmish_00668,1,1,0.99953604,True,1.0,paraphrased,Giả mạo ngân hàng,1.0,0.99578196,0.004218040000000034,0.19999999999999996
ViSmish_00669,0,0,0.9994968,True,1.0,synthetic,Vận chuyển,1.0,0.0043889813999999985,0.9956110186,0.19999999999999996
ViSmish_00670,0,0,0.99946076,True,1.0,real,Khác,1.0,0.004540373399999999,0.9954596266,0.19999999999999996
ViSmish_00671,0,0,0.9994746,True,1.0,real,Viễn thông,1.0,0.004482887999999999,0.995517112,0.19999999999999996
ViSmish_00672,1,1,0.99959964,True,1.0,paraphrased,Cờ bạc / Betting,1.0,0.996075868,0.003924131999999969,0.19999999999999996
ViSmish_00673,1,1,0.99954444,True,1.0,paraphrased,Nội dung nhạy cảm,1.0,0.9958198659999999,0.0041801340000000575,0.19999999999999996
ViSmish_00675,1,1,0.9995999,True,1.0,paraphrased,Đòi nợ / Đe dọa,1.0,0.99607696,0.003923039999999989,0.19999999999999996
ViSmish_00677,1,1,0.9996252,True,1.0,paraphrased,Dịch vụ công giả,1.0,0.996201086,0.0037989139999999866,0.19999999999999996
ViSmish_00678,0,0,0.9995009,True,1.0,synthetic,Quảng cáo hợp lệ,1.0,0.004371564799999999,0.9956284352,0.19999999999999996
ViSmish_00679,0,0,0.9990852,True,1.0,real,Dịch vụ công thật,1.0,0.005874163199999999,0.9941258368,0.19999999999999996
ViSmish_00680,0,0,0.99942017,True,1.0,synthetic,Tin nhắn cá nhân và OTP,1.0,0.004704198599999999,0.9952958014,0.19999999999999996
ViSmish_00681,1,1,0.99865687,True,1.0,paraphrased,Nội dung nhạy cảm,1.0,0.9929247,0.007075300000000007,0.19999999999999996
ViSmish_00682,0,0,0.9994462,True,1.0,synthetic,Dịch vụ y tế,1.0,0.004599475999999999,0.995400524,0.19999999999999996
ViSmish_00683,0,0,0.9993906,True,1.0,external_real,P2P hội thoại thông thường,1.0,0.004819692599999999,0.9951803074,0.19999999999999996
ViSmish_00684,0,0,0.9994097,True,1.0,external_curated,P2P hard negative,1.0,0.004745574199999999,0.9952544258,0.19999999999999996
ViSmish_00685,0,0,0.99943167,True,1.0,real,Ngân hàng thật,1.0,0.004658114599999999,0.9953418854,0.19999999999999996
ViSmish_00686,0,0,0.99941754,True,1.0,real,Khác,1.0,0.004714328799999999,0.9952856712,0.19999999999999996
ViSmish_00687,0,0,0.99937385,True,1.0,real,Viễn thông,1.0,0.004884117999999999,0.995115882,0.19999999999999996
ViSmish_00688,0,0,0.9993777,True,1.0,real,Viễn thông,1.0,0.004869036399999999,0.9951309636,0.19999999999999996
ViSmish_00689,0,0,0.99940574,True,1.0,external_curated,P2P hard negative,1.0,0.004760936999999999,0.995239063,0.19999999999999996
ViSmish_00690,1,1,0.99925023,True,1.0,paraphrased,Đòi nợ / Đe dọa,1.0,0.994667792,0.005332208000000005,0.19999999999999996
ViSmish_00691,0,0,0.998292,True,1.0,external_curated,P2P hard negative,1.0,0.007943983999999998,0.992056016,0.19999999999999996
ViSmish_00692,0,0,0.99908185,True,1.0,synthetic,Ngân hàng thật,1.0,0.005884634999999998,0.994115365,0.19999999999999996
ViSmish_00693,0,0,0.9993849,True,1.0,real,Viễn thông,1.0,0.004841568999999999,0.995158431,0.19999999999999996
ViSmish_00696,0,0,0.9994684,True,1.0,synthetic,Tin nhắn cá nhân và OTP,1.0,0.004508489999999999,0.99549151,0.19999999999999996
ViSmish_00697,1,1,0.9996227,True,1.0,paraphrased,Tuyển dụng giả,1.0,0.99618845,0.003811549999999997,0.19999999999999996
ViSmish_00700,0,0,0.99945015,True,1.0,synthetic,Dịch vụ công thật,1.0,0.004583606399999999,0.9954163936,0.19999999999999996
ViSmish_00701,0,0,0.9994186,True,1.0,external_curated,P2P hard negative,1.0,0.004710157999999999,0.995289842,0.19999999999999996
ViSmish_00704,1,1,0.9996075,True,1.0,paraphrased,BHXH / Trợ cấp giả,1.0,0.99611362,0.003886379999999967,0.19999999999999996
ViSmish_00705,0,0,0.99948823,True,1.0,synthetic,Ngân hàng thật,1.0,0.004425148999999999,0.995574851,0.19999999999999996
ViSmish_00706,0,0,0.9993161,True,1.0,real,Viễn thông,1.0,0.005098815599999999,0.9949011844,0.19999999999999996
ViSmish_00707,1,1,0.9996238,True,1.0,paraphrased,Đòi nợ / Đe dọa,1.0,0.9961941400000001,0.0038058599999999387,0.19999999999999996
ViSmish_00708,1,1,0.999603,True,1.0,paraphrased,Nội dung nhạy cảm,1.0,0.99609216,0.003907839999999996,0.19999999999999996
ViSmish_00709,0,0,0.99946016,True,1.0,synthetic,Dịch vụ công thật,1.0,0.004542640999999999,0.995457359,0.19999999999999996
ViSmish_00711,1,1,0.99937797,True,1.0,paraphrased,Crypto / Đầu tư giả,1.0,0.995132052,0.004867948000000011,0.19999999999999996
ViSmish_00712,1,1,0.9996111,True,1.0,paraphrased,Cờ bạc / Betting,1.0,0.99613104,0.0038689600000000324,0.19999999999999996
ViSmish_00713,1,1,0.9995772,True,1.0,paraphrased,BHXH / Trợ cấp giả,1.0,0.995969594,0.004030406000000042,0.19999999999999996
ViSmish_00715,1,1,0.9996195,True,1.0,paraphrased,Tuyển dụng giả,1.0,0.99617244,0.003827559999999952,0.19999999999999996
ViSmish_00716,1,1,0.9995759,True,1.0,paraphrased,Nội dung nhạy cảm,1.0,0.9959634660000001,0.004036533999999925,0.19999999999999996
ViSmish_00718,1,1,0.9995772,True,1.0,paraphrased,Giả mạo ngân hàng,1.0,0.995969688,0.004030312000000036,0.19999999999999996
ViSmish_00719,1,1,0.999624,True,1.0,paraphrased,Dịch vụ công giả,1.0,0.99619526,0.003804739999999973,0.19999999999999996
ViSmish_00720,0,0,0.9993424,True,1.0,real,Quảng cáo hợp lệ,1.0,0.005002303,0.994997697,0.19999999999999996
ViSmish_00721,0,0,0.99943334,True,1.0,real,Khác,1.0,0.004651278599999999,0.9953487214,0.19999999999999996
ViSmish_00723,1,1,0.99961084,True,1.0,paraphrased,Đòi nợ / Đe dọa,1.0,0.99612978,0.0038702200000000353,0.19999999999999996
ViSmish_00727,0,0,0.999368,True,1.0,synthetic,Dịch vụ công thật,1.0,0.004906239799999999,0.9950937602,0.19999999999999996
ViSmish_00728,0,0,0.9994943,True,1.0,real,Tin nhắn cá nhân và OTP,1.0,0.004399817999999999,0.995600182,0.19999999999999996
ViSmish_00729,1,1,0.99961567,True,1.0,paraphrased,Tuyển dụng giả,1.0,0.9961542,0.0038458000000000103,0.19999999999999996
ViSmish_00730,0,0,0.9993259,True,1.0,external_curated,P2P hard negative,1.0,0.005063189599999999,0.9949368104,0.19999999999999996
ViSmish_00731,1,1,0.9995883,True,1.0,paraphrased,BHXH / Trợ cấp giả,1.0,0.99602176,0.003978240000000022,0.19999999999999996
ViSmish_00733,0,0,0.99942696,True,1.0,external_curated,P2P hard negative,1.0,0.0046773497999999985,0.9953226502,0.19999999999999996
ViSmish_00734,0,0,0.99944276,True,1.0,external_curated,P2P hard negative,1.0,0.004613509399999999,0.9953864906,0.19999999999999996
ViSmish_00736,1,1,0.9996112,True,1.0,paraphrased,BHXH / Trợ cấp giả,1.0,0.9961318,0.0038681999999999883,0.19999999999999996
ViSmish_00737,0,0,0.99942553,True,1.0,real,Viễn thông,1.0,0.004683045599999999,0.9953169544,0.19999999999999996
ViSmish_00738,1,1,0.99953556,True,1.0,paraphrased,Nội dung nhạy cảm,1.0,0.995779634,0.004220365999999975,0.19999999999999996
ViSmish_00740,1,1,0.9996158,True,1.0,paraphrased,BHXH / Trợ cấp giả,1.0,0.99615434,0.003845659999999973,0.19999999999999996
ViSmish_00741,0,0,0.9994779,True,1.0,external_real,P2P hội thoại thông thường,1.0,0.004469070599999999,0.9955309294,0.19999999999999996
ViSmish_00745,1,1,0.9996357,True,1.0,paraphrased,BHXH / Trợ cấp giả,1.0,0.996253812,0.003746188000000039,0.19999999999999996
ViSmish_00747,0,0,0.9991391,True,1.0,synthetic,Ngân hàng thật,1.0,0.005703421999999999,0.994296578,0.19999999999999996
ViSmish_00749,1,1,0.9996245,True,1.0,paraphrased,BHXH / Trợ cấp giả,1.0,0.99619724,0.003802760000000016,0.19999999999999996
ViSmish_00750,0,0,0.9994261,True,1.0,external_curated,P2P hard negative,1.0,0.0046804327999999985,0.9953195672,0.19999999999999996
ViSmish_00751,0,0,0.99943274,True,1.0,real,Viễn thông,1.0,0.004654028999999999,0.995345971,0.19999999999999996
ViSmish_00752,0,0,0.9994947,True,1.0,synthetic,Vận chuyển,1.0,0.0043982325999999995,0.9956017674,0.19999999999999996
ViSmish_00753,1,1,0.99953175,True,1.0,synthetic_hard_positive,Khác,1.0,0.99576273,0.00423726999999996,0.19999999999999996
ViSmish_00754,1,1,0.99959904,True,1.0,paraphrased,Nội dung nhạy cảm,1.0,0.99607296,0.003927039999999993,0.19999999999999996
ViSmish_00755,0,0,0.9994641,True,1.0,real,Viễn thông,1.0,0.004526344399999999,0.9954736556,0.19999999999999996
ViSmish_00756,0,0,0.9994838,True,1.0,synthetic,Vận chuyển,1.0,0.004444092599999999,0.9955559074,0.19999999999999996
ViSmish_00757,1,1,0.9995815,True,1.0,synthetic_hard_positive,Đòi nợ / Đe dọa,1.0,0.99598986,0.004010139999999995,0.19999999999999996
ViSmish_00759,1,1,0.99962115,True,1.0,paraphrased,Tuyển dụng giả,1.0,0.99618076,0.0038192400000000015,0.19999999999999996
ViSmish_00760,0,0,0.9994443,True,1.0,real,Tin nhắn cá nhân và OTP,1.0,0.004607425199999999,0.9953925748,0.19999999999999996
ViSmish_00761,1,1,0.9995938,True,1.0,paraphrased,Đòi nợ / Đe dọa,1.0,0.99604778,0.003952219999999951,0.19999999999999996
ViSmish_00763,1,1,0.9996258,True,1.0,paraphrased,Giả mạo ngân hàng,1.0,0.996204234,0.003795765999999978,0.19999999999999996
ViSmish_00764,0,0,0.9994112,True,1.0,external_real,P2P hội thoại thông thường,1.0,0.004739515199999999,0.9952604848,0.19999999999999996
ViSmish_00765,0,0,0.9994136,True,1.0,external_curated,P2P hard negative,1.0,0.0047301459999999984,0.995269854,0.19999999999999996
ViSmish_00766,1,1,0.99952316,True,1.0,paraphrased,Crypto / Đầu tư giả,1.0,0.9957249,0.004275099999999976,0.19999999999999996
ViSmish_00767,0,0,0.9991278,True,1.0,real,Dịch vụ công thật,1.0,0.005739477199999998,0.9942605228,0.19999999999999996
ViSmish_00769,0,0,0.9994684,True,1.0,synthetic,Vận chuyển,1.0,0.004508899999999999,0.9954911,0.19999999999999996
ViSmish_00771,1,1,0.9996123,True,1.0,paraphrased,Dịch vụ công giả,1.0,0.99613714,0.0038628600000000235,0.19999999999999996
ViSmish_00772,0,0,0.9994685,True,1.0,real,Viễn thông,1.0,0.004507937199999999,0.9954920628,0.19999999999999996
ViSmish_00773,1,1,0.99962485,True,1.0,paraphrased,Dịch vụ công giả,1.0,0.9961990000000001,0.0038009999999999433,0.19999999999999996
ViSmish_00774,1,1,0.9996209,True,1.0,paraphrased,Tuyển dụng giả,1.0,0.996179712,0.003820288000000005,0.19999999999999996
ViSmish_00775,1,1,0.999585,True,1.0,paraphrased,Cờ bạc / Betting,1.0,0.996006072,0.00399392799999998,0.19999999999999996
ViSmish_00776,1,1,0.99959356,True,1.0,paraphrased,Cờ bạc / Betting,1.0,0.99604654,0.003953459999999964,0.19999999999999996
ViSmish_00777,0,0,0.9993594,True,1.0,synthetic,Viễn thông,1.0,0.004938423199999999,0.9950615768,0.19999999999999996
ViSmish_00778,1,1,0.9996215,True,1.0,paraphrased,Giả mạo ngân hàng,1.0,0.99618262,0.0038173799999999813,0.19999999999999996
ViSmish_00779,1,1,0.9996166,True,1.0,paraphrased,BHXH / Trợ cấp giả,1.0,0.99615874,0.0038412599999999575,0.19999999999999996
ViSmish_00781,0,0,0.99943346,True,1.0,real,Viễn thông,1.0,0.004650825199999999,0.9953491748,0.19999999999999996
ViSmish_00782,0,0,0.9992348,True,1.0,external_curated,P2P hard negative,1.0,0.005385523199999999,0.9946144768,0.19999999999999996
ViSmish_00783,1,1,0.9996247,True,1.0,paraphrased,Tuyển dụng giả,1.0,0.9961989,0.0038011000000000017,0.19999999999999996
ViSmish_00784,0,0,0.9992994,True,1.0,real,Viễn thông,1.0,0.005158977999999999,0.994841022,0.19999999999999996
ViSmish_00785,0,0,0.9994648,True,1.0,synthetic,Ngân hàng thật,1.0,0.004523530999999999,0.995476469,0.19999999999999996
ViSmish_00786,0,0,0.99940145,True,1.0,synthetic,Tin nhắn cá nhân và OTP,1.0,0.004777764999999999,0.995222235,0.19999999999999996
ViSmish_00787,0,0,0.9994754,True,1.0,real,Khác,1.0,0.004479461199999999,0.9955205388,0.19999999999999996
ViSmish_00789,0,0,0.999091,True,1.0,external_curated,P2P hard negative,1.0,0.005855829599999999,0.9941441704,0.19999999999999996
ViSmish_00790,0,0,0.99902797,True,1.0,real,Quảng cáo hợp lệ,1.0,0.006049722799999999,0.9939502772,0.19999999999999996
ViSmish_00793,1,1,0.99933356,True,1.0,synthetic_hard_positive,Khác,1.0,0.9949653860000001,0.005034613999999937,0.19999999999999996
ViSmish_00795,0,0,0.9994573,True,1.0,synthetic,Ngân hàng thật,1.0,0.004554221799999999,0.9954457782,0.19999999999999996
ViSmish_00797,0,0,0.9994388,True,1.0,external_real,P2P hội thoại thông thường,1.0,0.004629178999999999,0.995370821,0.19999999999999996
ViSmish_00800,1,1,0.99962604,True,1.0,paraphrased,Crypto / Đầu tư giả,1.0,0.99620492,0.0037950799999999507,0.19999999999999996
ViSmish_00802,1,1,0.99961346,True,1.0,paraphrased,Nội dung nhạy cảm,1.0,0.99614296,0.0038570399999999783,0.19999999999999996
ViSmish_00803,0,0,0.99938273,True,1.0,external_curated,P2P hard negative,1.0,0.004850053399999998,0.9951499466,0.19999999999999996
ViSmish_00804,1,1,0.9996201,True,1.0,paraphrased,Giả mạo ngân hàng,1.0,0.99617592,0.0038240800000000075,0.19999999999999996
ViSmish_00806,1,1,0.999587,True,1.0,paraphrased,Cờ bạc / Betting,1.0,0.99601582,0.003984180000000004,0.19999999999999996
ViSmish_00807,0,0,0.9994025,True,1.0,real,Viễn thông,1.0,0.004773229399999999,0.9952267706,0.19999999999999996
ViSmish_00808,1,1,0.9996213,True,1.0,paraphrased,Tuyển dụng giả,1.0,0.99618166,0.003818340000000031,0.19999999999999996
ViSmish_00809,1,1,0.99952936,True,1.0,synthetic_hard_positive,Khác,1.0,0.995752108,0.004247891999999975,0.19999999999999996
ViSmish_00810,1,1,0.9994966,True,1.0,paraphrased,Nội dung nhạy cảm,1.0,0.99561001,0.004389989999999955,0.19999999999999996
ViSmish_00812,1,1,0.99960667,True,1.0,paraphrased,Đòi nợ / Đe dọa,1.0,0.99611,0.003889999999999949,0.19999999999999996
ViSmish_00813,0,0,0.9993198,True,1.0,synthetic,Viễn thông,1.0,0.005085474999999998,0.994914525,0.19999999999999996
ViSmish_00815,1,1,0.99953556,True,1.0,paraphrased,Crypto / Đầu tư giả,1.0,0.99577976,0.004220239999999986,0.19999999999999996
ViSmish_00816,1,1,0.99961,True,1.0,paraphrased,Đòi nợ / Đe dọa,1.0,0.996125948,0.0038740520000000167,0.19999999999999996
ViSmish_00817,0,0,0.99864167,True,1.0,real,Tin nhắn cá nhân và OTP,1.0,0.007113892599999999,0.9928861074,0.19999999999999996
ViSmish_00818,1,1,0.9996044,True,1.0,paraphrased,BHXH / Trợ cấp giả,1.0,0.996098792,0.003901208000000045,0.19999999999999996
ViSmish_00821,0,0,0.99942505,True,1.0,real,Tin nhắn cá nhân và OTP,1.0,0.0046845607999999985,0.9953154392,0.19999999999999996
ViSmish_00823,0,0,0.9994423,True,1.0,synthetic,Ngân hàng thật,1.0,0.004615245999999999,0.995384754,0.19999999999999996
ViSmish_00825,0,0,0.9994746,True,1.0,synthetic,Vận chuyển,1.0,0.004482941999999999,0.995517058,0.19999999999999996
ViSmish_00826,0,0,0.99938667,True,1.0,synthetic,Ngân hàng thật,1.0,0.0048348151999999985,0.9951651848,0.19999999999999996
ViSmish_00828,0,0,0.9991278,True,1.0,external_real,P2P hội thoại thông thường,1.0,0.0057394455999999995,0.9942605544,0.19999999999999996
ViSmish_00830,0,0,0.9982443,True,1.0,real,Dịch vụ công thật,1.0,0.008050093999999999,0.991949906,0.19999999999999996
ViSmish_00831,0,0,0.9994593,True,1.0,real,Quảng cáo hợp lệ,1.0,0.004545818199999999,0.9954541818,0.19999999999999996
ViSmish_00833,1,1,0.99961615,True,1.0,paraphrased,Cờ bạc / Betting,1.0,0.99615646,0.0038435399999999786,0.19999999999999996
ViSmish_00834,1,1,0.9995931,True,1.0,paraphrased,BHXH / Trợ cấp giả,1.0,0.99604434,0.0039556600000000275,0.19999999999999996
ViSmish_00835,1,1,0.9995778,True,1.0,paraphrased,Cờ bạc / Betting,1.0,0.99597248,0.004027519999999951,0.19999999999999996
ViSmish_00836,0,0,0.99941874,True,1.0,external_curated,P2P hard negative,1.0,0.004709821599999999,0.9952901784,0.19999999999999996
ViSmish_00837,1,1,0.9995223,True,1.0,paraphrased,Crypto / Đầu tư giả,1.0,0.99572109,0.004278910000000025,0.19999999999999996
ViSmish_00840,1,1,0.9995567,True,1.0,synthetic_hard_positive,BHXH / Trợ cấp giả,1.0,0.99587499,0.0041250099999999845,0.19999999999999996
ViSmish_00841,1,1,0.99959666,True,1.0,paraphrased,Cờ bạc / Betting,1.0,0.99606164,0.00393836000000003,0.19999999999999996
ViSmish_00843,0,0,0.9990128,True,1.0,synthetic,Dịch vụ công thật,1.0,0.006095342999999999,0.993904657,0.19999999999999996
ViSmish_00844,1,1,0.99941635,True,1.0,synthetic_hard_positive,Khác,1.0,0.9952806000000001,0.004719399999999929,0.19999999999999996
ViSmish_00845,0,0,0.9994313,True,1.0,external_curated,P2P hard negative,1.0,0.004659549199999999,0.9953404508,0.19999999999999996
ViSmish_00846,1,1,0.9996251,True,1.0,paraphrased,BHXH / Trợ cấp giả,1.0,0.99620014,0.0037998599999999882,0.19999999999999996
ViSmish_00850,0,0,0.9992663,True,1.0,synthetic,Quảng cáo hợp lệ,1.0,0.0052761677999999985,0.9947238322,0.19999999999999996
ViSmish_00853,1,1,0.99962497,True,1.0,paraphrased,BHXH / Trợ cấp giả,1.0,0.996199786,0.0038002139999999685,0.19999999999999996
ViSmish_00854,0,0,0.9993703,True,1.0,synthetic,Ngân hàng thật,1.0,0.004897797399999999,0.9951022026,0.19999999999999996
ViSmish_00859,1,1,0.99957436,True,1.0,paraphrased,Nội dung nhạy cảm,1.0,0.9959564599999999,0.004043540000000068,0.19999999999999996
ViSmish_00860,0,0,0.9994252,True,1.0,real,Viễn thông,1.0,0.004684083599999999,0.9953159164000001,0.19999999999999996
ViSmish_00862,1,1,0.99961674,True,1.0,paraphrased,Nội dung nhạy cảm,1.0,0.99615914,0.003840859999999946,0.19999999999999996
ViSmish_00863,0,0,0.999493,True,1.0,synthetic,Thương mại điện tử,1.0,0.0044050413999999994,0.9955949586,0.19999999999999996
ViSmish_00867,0,0,0.9991836,True,1.0,external_real,P2P hội thoại thông thường,1.0,0.0055579381999999984,0.9944420618,0.19999999999999996
ViSmish_00868,0,0,0.9993887,True,1.0,external_real,P2P hội thoại thông thường,1.0,0.004827022599999999,0.9951729774,0.19999999999999996
ViSmish_00869,1,1,0.9996086,True,1.0,paraphrased,Cờ bạc / Betting,1.0,0.99611928,0.0038807199999999487,0.19999999999999996
ViSmish_00870,1,1,0.9996289,True,1.0,paraphrased,Cờ bạc / Betting,1.0,0.99621934,0.0037806599999999912,0.19999999999999996
ViSmish_00873,0,0,0.9994624,True,1.0,synthetic,Dịch vụ y tế,1.0,0.004533255999999999,0.995466744,0.19999999999999996
ViSmish_00874,0,0,0.9993736,True,1.0,external_curated,P2P hard negative,1.0,0.004884796999999999,0.995115203,0.19999999999999996
ViSmish_00876,0,0,0.9994,True,1.0,real,Viễn thông,1.0,0.004783088999999999,0.995216911,0.19999999999999996
ViSmish_00877,0,0,0.9994361,True,1.0,external_curated,P2P hard negative,1.0,0.004640666399999999,0.9953593336,0.19999999999999996
ViSmish_00881,0,0,0.9994351,True,1.0,real,Tin nhắn cá nhân và OTP,1.0,0.004644394999999999,0.995355605,0.19999999999999996
ViSmish_00883,0,0,0.99945503,True,1.0,synthetic,Ngân hàng thật,1.0,0.0045634529999999986,0.995436547,0.19999999999999996
ViSmish_00884,0,0,0.9994497,True,1.0,synthetic,Vận chuyển,1.0,0.004585277199999999,0.9954147228,0.19999999999999996
ViSmish_00885,0,0,0.99931276,True,1.0,real,Viễn thông,1.0,0.0051107715999999985,0.9948892284,0.19999999999999996
ViSmish_00886,0,0,0.9994917,True,1.0,synthetic,Ngân hàng thật,1.0,0.004410494399999999,0.9955895056,0.19999999999999996
ViSmish_00887,1,1,0.99961984,True,1.0,paraphrased,Giả mạo ngân hàng,1.0,0.9961745,0.003825500000000037,0.19999999999999996
ViSmish_00888,1,1,0.999619,True,1.0,paraphrased,Tuyển dụng giả,1.0,0.996170532,0.003829467999999947,0.19999999999999996
ViSmish_00889,0,0,0.9993875,True,1.0,real,Viễn thông,1.0,0.0048314555999999995,0.9951685444,0.19999999999999996
ViSmish_00891,0,0,0.99934834,True,1.0,external_curated,P2P hard negative,1.0,0.004979899199999999,0.9950201008,0.19999999999999996
ViSmish_00892,0,0,0.999418,True,1.0,synthetic,Tin nhắn cá nhân và OTP,1.0,0.004712540199999999,0.9952874598,0.19999999999999996
ViSmish_00893,0,0,0.9994184,True,1.0,synthetic,Ngân hàng thật,1.0,0.004711242399999999,0.9952887576,0.19999999999999996
ViSmish_00895,0,0,0.999421,True,1.0,external_real,P2P hội thoại thông thường,1.0,0.004701005599999999,0.9952989944,0.19999999999999996
ViSmish_00896,1,1,0.99951255,True,1.0,paraphrased,BHXH / Trợ cấp giả,1.0,0.9956788999999999,0.004321100000000078,0.19999999999999996
ViSmish_00897,0,0,0.99947196,True,1.0,synthetic,Thương mại điện tử,1.0,0.004493830999999999,0.995506169,0.19999999999999996
ViSmish_00898,1,1,0.9995764,True,1.0,paraphrased,Nội dung nhạy cảm,1.0,0.995965612,0.004034388,0.19999999999999996
ViSmish_00899,1,1,0.9988801,True,1.0,paraphrased,Dịch vụ công giả,1.0,0.993520152,0.00647984800000001,0.19999999999999996
ViSmish_00900,0,0,0.99948466,True,1.0,synthetic,Tin nhắn cá nhân và OTP,1.0,0.004440280399999999,0.9955597196,0.19999999999999996
ViSmish_00901,1,1,0.999461,True,1.0,paraphrased,Nội dung nhạy cảm,1.0,0.9954607799999999,0.004539220000000066,0.19999999999999996
ViSmish_00902,1,1,0.9995371,True,1.0,paraphrased,BHXH / Trợ cấp giả,1.0,0.99578669,0.004213310000000026,0.19999999999999996
ViSmish_00903,0,0,0.9994772,True,1.0,synthetic,Vận chuyển,1.0,0.004471713599999999,0.9955282864,0.19999999999999996
ViSmish_00904,0,0,0.9995117,True,1.0,synthetic,Tin nhắn cá nhân và OTP,1.0,0.004324696199999999,0.9956753038,0.19999999999999996
ViSmish_00906,1,1,0.999556,True,1.0,synthetic_hard_positive,BHXH / Trợ cấp giả,1.0,0.99587183,0.004128169999999987,0.19999999999999996
ViSmish_00907,1,1,0.9996123,True,1.0,paraphrased,Nội dung nhạy cảm,1.0,0.996136892,0.003863108000000004,0.19999999999999996
ViSmish_00910,0,0,0.99939334,True,1.0,synthetic,Ngân hàng thật,1.0,0.004809238399999999,0.9951907616,0.19999999999999996
ViSmish_00912,0,0,0.999495,True,1.0,real,Tin nhắn cá nhân và OTP,1.0,0.004396532399999999,0.9956034676,0.19999999999999996
ViSmish_00913,1,1,0.99962366,True,1.0,paraphrased,BHXH / Trợ cấp giả,1.0,0.996193314,0.0038066860000000036,0.19999999999999996
ViSmish_00914,1,1,0.99953556,True,1.0,paraphrased,Crypto / Đầu tư giả,1.0,0.99577984,0.004220160000000028,0.19999999999999996
ViSmish_00915,0,0,0.9993456,True,1.0,real,Viễn thông,1.0,0.004990296399999999,0.9950097036,0.19999999999999996
ViSmish_00916,1,1,0.9996056,True,1.0,paraphrased,Cờ bạc / Betting,1.0,0.99610452,0.003895479999999951,0.19999999999999996
ViSmish_00917,1,1,0.99962485,True,1.0,paraphrased,Tuyển dụng giả,1.0,0.9961991,0.003800899999999996,0.19999999999999996
ViSmish_00918,1,1,0.9995115,True,1.0,synthetic_hard_positive,Dịch vụ công giả,1.0,0.99567432,0.004325679999999998,0.19999999999999996
ViSmish_00919,1,1,0.9996257,True,1.0,paraphrased,Tuyển dụng giả,1.0,0.996203112,0.0037968879999999983,0.19999999999999996
ViSmish_00923,0,0,0.9994168,True,1.0,synthetic,Tin nhắn cá nhân và OTP,1.0,0.004717373999999999,0.995282626,0.19999999999999996
ViSmish_00924,1,1,0.9996088,True,1.0,paraphrased,Đòi nợ / Đe dọa,1.0,0.99612038,0.0038796199999999725,0.19999999999999996
ViSmish_00926,1,1,0.99960893,True,1.0,paraphrased,BHXH / Trợ cấp giả,1.0,0.99612066,0.003879340000000009,0.19999999999999996
ViSmish_00927,1,1,0.99960154,True,1.0,paraphrased,Crypto / Đầu tư giả,1.0,0.99608476,0.0039152399999999865,0.19999999999999996
ViSmish_00928,0,0,0.9989753,True,1.0,external_real,P2P hội thoại thông thường,1.0,0.006206703999999999,0.993793296,0.19999999999999996
ViSmish_00929,1,1,0.99960095,True,1.0,paraphrased,Đòi nợ / Đe dọa,1.0,0.99608208,0.003917920000000019,0.19999999999999996
ViSmish_00930,1,1,0.9995171,True,1.0,paraphrased,Nội dung nhạy cảm,1.0,0.99569828,0.004301719999999953,0.19999999999999996
ViSmish_00932,1,1,0.99959844,True,1.0,paraphrased,Cờ bạc / Betting,1.0,0.996069908,0.003930092000000052,0.19999999999999996
ViSmish_00935,1,1,0.99961436,True,1.0,paraphrased,Nội dung nhạy cảm,1.0,0.9961474539999999,0.0038525460000000677,0.19999999999999996
ViSmish_00937,0,0,0.9994742,True,1.0,real,Khác,1.0,0.004484520399999999,0.9955154796,0.19999999999999996
ViSmish_00938,0,0,0.99935836,True,1.0,real,Viễn thông,1.0,0.004942743399999999,0.9950572566,0.19999999999999996
ViSmish_00939,1,1,0.9996177,True,1.0,paraphrased,Cờ bạc / Betting,1.0,0.996164132,0.00383586800000002,0.19999999999999996
ViSmish_00940,1,1,0.9996013,True,1.0,paraphrased,Đòi nợ / Đe dọa,1.0,0.99608407,0.003915930000000012,0.19999999999999996
ViSmish_00942,0,0,0.9994709,True,1.0,synthetic,Quảng cáo hợp lệ,1.0,0.004498298799999999,0.9955017012,0.19999999999999996
ViSmish_00943,0,0,0.9993135,True,1.0,synthetic,Thương mại điện tử,1.0,0.005108396399999999,0.9948916036,0.19999999999999996
ViSmish_00944,0,0,0.9994904,True,1.0,synthetic,Dịch vụ y tế,1.0,0.004416269999999999,0.99558373,0.19999999999999996
ViSmish_00945,1,1,0.9996278,True,1.0,paraphrased,Giả mạo ngân hàng,1.0,0.99621428,0.0037857199999999924,0.19999999999999996
ViSmish_00946,0,0,0.9993794,True,1.0,real,Viễn thông,1.0,0.004862484999999999,0.995137515,0.19999999999999996
ViSmish_00947,0,0,0.9993668,True,1.0,real,Viễn thông,1.0,0.004910460799999999,0.9950895392,0.19999999999999996
ViSmish_00949,1,1,0.9996253,True,1.0,paraphrased,Tuyển dụng giả,1.0,0.99620134,0.0037986599999999537,0.19999999999999996
ViSmish_00950,1,1,0.9996253,True,1.0,paraphrased,BHXH / Trợ cấp giả,1.0,0.99620146,0.003798540000000017,0.19999999999999996
ViSmish_00952,1,1,0.99961275,True,1.0,paraphrased,BHXH / Trợ cấp giả,1.0,0.99613916,0.0038608399999999765,0.19999999999999996
ViSmish_00953,1,1,0.99962354,True,1.0,paraphrased,Tuyển dụng giả,1.0,0.99619267,0.0038073299999999977,0.19999999999999996
ViSmish_00957,0,0,0.99948174,True,1.0,real,Viễn thông,1.0,0.004453161999999999,0.995546838,0.19999999999999996
ViSmish_00958,1,1,0.99959797,True,1.0,paraphrased,Đòi nợ / Đe dọa,1.0,0.9960676900000001,0.003932309999999939,0.19999999999999996
ViSmish_00959,0,0,0.9994261,True,1.0,external_real,P2P hội thoại thông thường,1.0,0.004680254999999999,0.995319745,0.19999999999999996
ViSmish_00960,0,0,0.99948716,True,1.0,synthetic,Vận chuyển,1.0,0.004429727999999999,0.995570272,0.19999999999999996
ViSmish_00961,0,0,0.99947494,True,1.0,synthetic,Thương mại điện tử,1.0,0.004481234399999999,0.9955187656,0.19999999999999996
ViSmish_00963,1,1,0.9996159,True,1.0,paraphrased,Cờ bạc / Betting,1.0,0.9961551200000001,0.0038448799999999395,0.19999999999999996
ViSmish_00965,1,1,0.99962556,True,1.0,paraphrased,BHXH / Trợ cấp giả,1.0,0.99620274,0.0037972600000000245,0.19999999999999996
ViSmish_00966,0,0,0.9994679,True,1.0,synthetic,Tin nhắn cá nhân và OTP,1.0,0.004510566999999999,0.995489433,0.19999999999999996
ViSmish_00967,1,1,0.99962366,True,1.0,paraphrased,Đòi nợ / Đe dọa,1.0,0.99619317,0.003806830000000039,0.19999999999999996
ViSmish_00971,0,0,0.9994771,True,1.0,synthetic,Dịch vụ y tế,1.0,0.004472571199999999,0.9955274288,0.19999999999999996
ViSmish_00972,1,1,0.9996061,True,1.0,paraphrased,Tuyển dụng giả,1.0,0.996106852,0.0038931479999999574,0.19999999999999996
ViSmish_00973,0,0,0.9994185,True,1.0,real,Viễn thông,1.0,0.004710911599999999,0.9952890884,0.19999999999999996
ViSmish_00974,0,0,0.99942327,True,1.0,external_real,P2P hội thoại thông thường,1.0,0.004691729399999999,0.9953082706,0.19999999999999996
ViSmish_00975,1,1,0.9996063,True,1.0,paraphrased,Nội dung nhạy cảm,1.0,0.9961077700000001,0.003892229999999941,0.19999999999999996
ViSmish_00977,0,0,0.9994785,True,1.0,synthetic,Dịch vụ y tế,1.0,0.004466412199999999,0.9955335878,0.19999999999999996
ViSmish_00978,1,1,0.9996037,True,1.0,paraphrased,Giả mạo ngân hàng,1.0,0.9960954200000001,0.0039045799999999353,0.19999999999999996
ViSmish_00979,1,1,0.99961877,True,1.0,paraphrased,Cờ bạc / Betting,1.0,0.9961689,0.003831099999999976,0.19999999999999996
ViSmish_00980,1,1,0.9996172,True,1.0,paraphrased,BHXH / Trợ cấp giả,1.0,0.9961617,0.003838299999999961,0.19999999999999996
ViSmish_00981,1,1,0.99957925,True,1.0,paraphrased,Cờ bạc / Betting,1.0,0.9959791,0.004020899999999994,0.19999999999999996
ViSmish_00982,0,0,0.9993525,True,1.0,external_curated,P2P hard negative,1.0,0.0049643916,0.9950356084,0.19999999999999996
ViSmish_00984,0,0,0.99936956,True,1.0,real,Viễn thông,1.0,0.004900403599999999,0.9950995964,0.19999999999999996
ViSmish_00985,1,1,0.99960846,True,1.0,paraphrased,Giả mạo ngân hàng,1.0,0.99611822,0.003881779999999946,0.19999999999999996
ViSmish_00986,0,0,0.9994043,True,1.0,real,Viễn thông,1.0,0.0047665139999999995,0.9952334860000001,0.19999999999999996
ViSmish_00987,0,0,0.99939966,True,1.0,real,Quảng cáo hợp lệ,1.0,0.004784742399999999,0.9952152576,0.19999999999999996
ViSmish_00988,1,1,0.9996082,True,1.0,paraphrased,Crypto / Đầu tư giả,1.0,0.99611726,0.0038827399999999956,0.19999999999999996
ViSmish_00989,1,1,0.99960405,True,1.0,real,Giả mạo ngân hàng,1.0,0.99609684,0.0039031600000000166,0.19999999999999996
ViSmish_00991,1,1,0.9996207,True,1.0,paraphrased,Dịch vụ công giả,1.0,0.996178628,0.0038213719999999896,0.19999999999999996
ViSmish_00992,0,0,0.99900454,True,1.0,real,Dịch vụ công thật,1.0,0.006120233199999998,0.9938797668,0.19999999999999996
ViSmish_00993,0,0,0.99937147,True,1.0,synthetic,Dịch vụ công thật,1.0,0.004893144199999999,0.9951068558,0.19999999999999996
ViSmish_00994,0,0,0.9992015,True,1.0,real,Khác,1.0,0.005498700599999999,0.9945012994,0.19999999999999996
ViSmish_00995,1,1,0.9996201,True,1.0,paraphrased,Cờ bạc / Betting,1.0,0.9961759,0.003824099999999997,0.19999999999999996
ViSmish_00998,0,0,0.9993716,True,1.0,synthetic,Tin nhắn cá nhân và OTP,1.0,0.004892691199999999,0.9951073088,0.19999999999999996
ViSmish_00999,0,0,0.9992556,True,1.0,external_real,P2P hội thoại thông thường,1.0,0.005313846799999999,0.9946861532,0.19999999999999996
ViSmish_01000,0,0,0.9994367,True,1.0,real,Viễn thông,1.0,0.004638059999999999,0.99536194,0.19999999999999996
ViSmish_01001,1,1,0.9995994,True,1.0,paraphrased,Nội dung nhạy cảm,1.0,0.99607456,0.003925439999999947,0.19999999999999996
ViSmish_01002,1,1,0.9996226,True,1.0,paraphrased,BHXH / Trợ cấp giả,1.0,0.99618818,0.0038118200000000213,0.19999999999999996
ViSmish_01003,1,1,0.9996138,True,1.0,paraphrased,Giả mạo ngân hàng,1.0,0.9961443400000001,0.0038556599999999275,0.19999999999999996
ViSmish_01004,1,1,0.999602,True,1.0,paraphrased,Cờ bạc / Betting,1.0,0.996087552,0.003912448000000013,0.19999999999999996
ViSmish_01005,1,1,0.9995442,True,1.0,synthetic_hard_positive,BHXH / Trợ cấp giả,1.0,0.995818686,0.0041813139999999915,0.19999999999999996
ViSmish_01007,0,0,0.99948335,True,1.0,synthetic,Dịch vụ y tế,1.0,0.004445761999999999,0.995554238,0.19999999999999996
ViSmish_01010,0,0,0.99944097,True,1.0,synthetic,Ngân hàng thật,1.0,0.004620717399999998,0.9953792826,0.19999999999999996
ViSmish_01011,0,0,0.99947864,True,1.0,synthetic,Vận chuyển,1.0,0.004465991599999999,0.9955340084,0.19999999999999996
ViSmish_01013,1,1,0.999627,True,1.0,paraphrased,Dịch vụ công giả,1.0,0.99621002,0.0037899799999999706,0.19999999999999996
ViSmish_01014,0,0,0.99946076,True,1.0,synthetic,Vận chuyển,1.0,0.0045402333999999996,0.9954597666,0.19999999999999996
ViSmish_01015,1,1,0.99955696,True,1.0,paraphrased,Crypto / Đầu tư giả,1.0,0.9958760600000001,0.004123939999999937,0.19999999999999996
ViSmish_01017,0,0,0.999355,True,1.0,external_curated,P2P hard negative,1.0,0.0049549039999999996,0.995045096,0.19999999999999996
ViSmish_01018,0,0,0.9989084,True,1.0,external_real,P2P hội thoại thông thường,1.0,0.006399891999999999,0.993600108,0.19999999999999996
ViSmish_01019,1,1,0.9996263,True,1.0,paraphrased,Đòi nợ / Đe dọa,1.0,0.9962061600000001,0.0037938399999999373,0.19999999999999996
ViSmish_01021,1,1,0.99963105,True,1.0,paraphrased,Giả mạo ngân hàng,1.0,0.996229888,0.003770111999999992,0.19999999999999996
ViSmish_01022,1,1,0.9996197,True,1.0,paraphrased,Cờ bạc / Betting,1.0,0.9961740800000001,0.003825919999999927,0.19999999999999996
ViSmish_01023,1,1,0.99956304,True,1.0,paraphrased,Nội dung nhạy cảm,1.0,0.9959042,0.004095799999999983,0.19999999999999996
ViSmish_01024,1,1,0.99960893,True,1.0,paraphrased,Nội dung nhạy cảm,1.0,0.9961205399999999,0.0038794600000000568,0.19999999999999996
ViSmish_01025,0,0,0.9994411,True,1.0,synthetic,Tin nhắn cá nhân và OTP,1.0,0.004620236999999999,0.995379763,0.19999999999999996
ViSmish_01028,0,0,0.9993641,True,1.0,external_real,P2P hội thoại thông thường,1.0,0.004921065199999999,0.9950789348,0.19999999999999996
ViSmish_01029,1,1,0.99956614,True,1.0,synthetic_hard_positive,Giả mạo ngân hàng,1.0,0.9959182799999999,0.004081720000000066,0.19999999999999996
ViSmish_01030,0,0,0.9994474,True,1.0,external_real,P2P hội thoại thông thường,1.0,0.004594760799999999,0.9954052392,0.19999999999999996
ViSmish_01031,1,1,0.9996294,True,1.0,paraphrased,BHXH / Trợ cấp giả,1.0,0.99622162,0.00377837999999997,0.19999999999999996
ViSmish_01032,1,1,0.9996037,True,1.0,paraphrased,BHXH / Trợ cấp giả,1.0,0.996095526,0.0039044740000000466,0.19999999999999996
ViSmish_01033,0,0,0.9994018,True,1.0,synthetic,Viễn thông,1.0,0.004776032599999999,0.9952239674,0.19999999999999996
ViSmish_01035,0,0,0.9994752,True,1.0,synthetic,Tin nhắn cá nhân và OTP,1.0,0.004480445,0.995519555,0.19999999999999996
ViSmish_01038,0,0,0.9994784,True,1.0,synthetic,Viễn thông,1.0,0.004467090999999999,0.995532909,0.19999999999999996
ViSmish_01040,1,1,0.99963045,True,1.0,paraphrased,Đòi nợ / Đe dọa,1.0,0.99622716,0.0037728399999999995,0.19999999999999996
ViSmish_01041,0,0,0.9994716,True,1.0,real,Khác,1.0,0.004495201199999999,0.9955047988,0.19999999999999996
ViSmish_01042,0,0,0.9994174,True,1.0,external_real,P2P hội thoại thông thường,1.0,0.004715129999999999,0.99528487,0.19999999999999996
ViSmish_01044,1,1,0.99961334,True,1.0,paraphrased,Dịch vụ công giả,1.0,0.9961422600000001,0.003857739999999943,0.19999999999999996
ViSmish_01045,1,1,0.9996208,True,1.0,paraphrased,Crypto / Đầu tư giả,1.0,0.99617934,0.0038206600000000313,0.19999999999999996
ViSmish_01047,1,1,0.99962485,True,1.0,paraphrased,BHXH / Trợ cấp giả,1.0,0.99619898,0.003801020000000044,0.19999999999999996
ViSmish_01048,0,0,0.999468,True,1.0,synthetic,Tin nhắn cá nhân và OTP,1.0,0.0045101355999999995,0.9954898644,0.19999999999999996
ViSmish_01049,0,0,0.99946135,True,1.0,real,Khác,1.0,0.004537905999999999,0.995462094,0.19999999999999996
ViSmish_01050,1,1,0.99961853,True,1.0,paraphrased,Tuyển dụng giả,1.0,0.9961678,0.0038321999999999523,0.19999999999999996
ViSmish_01055,1,1,0.9996228,True,1.0,paraphrased,Đòi nợ / Đe dọa,1.0,0.99618922,0.0038107800000000136,0.19999999999999996
ViSmish_01057,0,0,0.9991842,True,1.0,real,Tin nhắn cá nhân và OTP,1.0,0.005555883799999999,0.9944441162,0.19999999999999996
ViSmish_01058,1,1,0.9995109,True,1.0,synthetic_hard_positive,Tuyển dụng giả,1.0,0.995671212,0.004328788000000028,0.19999999999999996
ViSmish_01060,0,0,0.9994711,True,1.0,real,Khác,1.0,0.004497171199999999,0.9955028288,0.19999999999999996
ViSmish_01061,0,0,0.99945515,True,1.0,synthetic,Tin nhắn cá nhân và OTP,1.0,0.004563065199999999,0.9954369348,0.19999999999999996
ViSmish_01062,0,0,0.99918085,True,1.0,synthetic,Dịch vụ công thật,1.0,0.005566984399999999,0.9944330156,0.19999999999999996
ViSmish_01063,1,1,0.9996172,True,1.0,paraphrased,Cờ bạc / Betting,1.0,0.9961613300000001,0.003838669999999933,0.19999999999999996
ViSmish_01064,1,1,0.99961984,True,1.0,paraphrased,BHXH / Trợ cấp giả,1.0,0.996174228,0.003825772000000005,0.19999999999999996
ViSmish_01065,0,0,0.99947375,True,1.0,synthetic,Tin nhắn cá nhân và OTP,1.0,0.004486518399999999,0.9955134816,0.19999999999999996
ViSmish_01067,1,1,0.9996265,True,1.0,paraphrased,Dịch vụ công giả,1.0,0.99620758,0.0037924200000000186,0.19999999999999996
ViSmish_01068,1,1,0.99959093,True,1.0,paraphrased,Crypto / Đầu tư giả,1.0,0.9960340400000001,0.003965959999999935,0.19999999999999996
ViSmish_01069,0,0,0.9994574,True,1.0,external_real,P2P hội thoại thông thường,1.0,0.004553613999999999,0.995446386,0.19999999999999996
ViSmish_01070,1,1,0.9994067,True,1.0,paraphrased,Nội dung nhạy cảm,1.0,0.9952428,0.004757200000000017,0.19999999999999996
ViSmish_01071,1,1,0.9995876,True,1.0,paraphrased,Crypto / Đầu tư giả,1.0,0.996018552,0.0039814479999999985,0.19999999999999996
ViSmish_01072,1,1,0.99962234,True,1.0,paraphrased,BHXH / Trợ cấp giả,1.0,0.996186792,0.003813207999999957,0.19999999999999996
ViSmish_01073,0,0,0.9994598,True,1.0,synthetic,Dịch vụ y tế,1.0,0.0045440789999999995,0.995455921,0.19999999999999996
ViSmish_01075,0,0,0.9987459,True,1.0,real,Tin nhắn cá nhân và OTP,1.0,0.006844366999999998,0.993155633,0.19999999999999996
ViSmish_01078,0,0,0.99935097,True,1.0,real,Viễn thông,1.0,0.004970285199999999,0.9950297148,0.19999999999999996
ViSmish_01080,0,0,0.9993075,True,1.0,real,Viễn thông,1.0,0.005129694199999999,0.9948703058,0.19999999999999996
ViSmish_01081,1,1,0.9996213,True,1.0,paraphrased,Tuyển dụng giả,1.0,0.9961815199999999,0.0038184800000000685,0.19999999999999996
ViSmish_01082,0,0,0.9993538,True,1.0,synthetic,Dịch vụ công thật,1.0,0.004959585599999999,0.9950404144,0.19999999999999996
ViSmish_01084,0,0,0.99947065,True,1.0,synthetic,Quảng cáo hợp lệ,1.0,0.004499064799999999,0.9955009352,0.19999999999999996
ViSmish_01085,0,0,0.9994424,True,1.0,real,Viễn thông,1.0,0.0046148024,0.9953851976,0.19999999999999996
ViSmish_01088,0,0,0.99943393,True,1.0,real,Viễn thông,1.0,0.004649265199999999,0.9953507348,0.19999999999999996
ViSmish_01089,1,1,0.9996172,True,1.0,paraphrased,Cờ bạc / Betting,1.0,0.9961617460000001,0.00383825399999993,0.19999999999999996
ViSmish_01091,1,1,0.99962103,True,1.0,paraphrased,Tuyển dụng giả,1.0,0.99618007,0.003819930000000027,0.19999999999999996
ViSmish_01094,0,0,0.99945277,True,1.0,real,Viễn thông,1.0,0.004572918999999999,0.995427081,0.19999999999999996
ViSmish_01096,1,1,0.9996088,True,1.0,paraphrased,Crypto / Đầu tư giả,1.0,0.9961204,0.003879599999999983,0.19999999999999996
ViSmish_01098,1,1,0.99961346,True,1.0,paraphrased,Đòi nợ / Đe dọa,1.0,0.99614256,0.0038574399999999898,0.19999999999999996
ViSmish_01099,1,1,0.99942076,True,1.0,paraphrased,Crypto / Đầu tư giả,1.0,0.995298326,0.004701673999999989,0.19999999999999996
ViSmish_01100,1,1,0.9996195,True,1.0,paraphrased,BHXH / Trợ cấp giả,1.0,0.9961726200000001,0.003827379999999936,0.19999999999999996
ViSmish_01101,1,1,0.99961394,True,1.0,paraphrased,BHXH / Trợ cấp giả,1.0,0.9961450700000001,0.003854929999999923,0.19999999999999996
ViSmish_01102,0,0,0.9993598,True,1.0,real,Quảng cáo hợp lệ,1.0,0.004937298599999999,0.9950627014,0.19999999999999996
ViSmish_01106,1,1,0.99962115,True,1.0,paraphrased,Giả mạo ngân hàng,1.0,0.996180952,0.0038190479999999916,0.19999999999999996
ViSmish_01107,1,1,0.99960715,True,1.0,paraphrased,Nội dung nhạy cảm,1.0,0.99611187,0.0038881299999999896,0.19999999999999996
ViSmish_01108,1,1,0.9995689,True,1.0,paraphrased,Nội dung nhạy cảm,1.0,0.99593104,0.00406896000000001,0.19999999999999996
ViSmish_01109,0,0,0.99933225,True,1.0,external_real,P2P hội thoại thông thường,1.0,0.005039400199999999,0.9949605998,0.19999999999999996
ViSmish_01110,1,1,0.99956614,True,1.0,real,BHXH / Trợ cấp giả,1.0,0.99591818,0.004081820000000014,0.19999999999999996
ViSmish_01111,0,0,0.99909437,True,1.0,external_real,P2P hội thoại thông thường,1.0,0.005845388799999999,0.9941546112,0.19999999999999996
ViSmish_01112,0,0,0.999483,True,1.0,synthetic,Vận chuyển,1.0,0.004447623799999999,0.9955523762,0.19999999999999996
ViSmish_01113,1,1,0.99958867,True,1.0,paraphrased,Crypto / Đầu tư giả,1.0,0.99602352,0.003976479999999949,0.19999999999999996
ViSmish_01115,1,1,0.9995875,True,1.0,paraphrased,Cờ bạc / Betting,1.0,0.99601791,0.003982090000000049,0.19999999999999996
ViSmish_01116,1,1,0.99962354,True,1.0,paraphrased,Tuyển dụng giả,1.0,0.99619276,0.0038072399999999895,0.19999999999999996
ViSmish_01117,0,0,0.9993648,True,1.0,real,Dịch vụ công thật,1.0,0.004918385999999999,0.995081614,0.19999999999999996
ViSmish_01119,1,1,0.9994641,True,1.0,paraphrased,BHXH / Trợ cấp giả,1.0,0.99547354,0.00452646000000001,0.19999999999999996
ViSmish_01122,0,0,0.99911207,True,1.0,real,Dịch vụ công thật,1.0,0.005789627999999999,0.994210372,0.19999999999999996
ViSmish_01125,1,1,0.9996151,True,1.0,paraphrased,Tuyển dụng giả,1.0,0.996151292,0.003848708000000034,0.19999999999999996
ViSmish_01126,1,1,0.9995981,True,1.0,paraphrased,Nội dung nhạy cảm,1.0,0.9960686320000001,0.003931367999999935,0.19999999999999996
ViSmish_01128,1,1,0.9996147,True,1.0,paraphrased,BHXH / Trợ cấp giả,1.0,0.99614906,0.0038509399999999694,0.19999999999999996
ViSmish_01129,0,0,0.99886155,True,1.0,real,Khác,1.0,0.0065314351999999996,0.9934685648,0.19999999999999996
ViSmish_01130,1,1,0.9995185,True,1.0,synthetic_hard_positive,Đòi nợ / Đe dọa,1.0,0.995704592,0.004295407999999945,0.19999999999999996
ViSmish_01131,1,1,0.9995951,True,1.0,paraphrased,Cờ bạc / Betting,1.0,0.99605442,0.003945580000000004,0.19999999999999996
ViSmish_01132,1,1,0.99953604,True,1.0,synthetic_hard_positive,Khác,1.0,0.99578178,0.00421822000000005,0.19999999999999996
ViSmish_01133,1,1,0.99962807,True,1.0,paraphrased,Cờ bạc / Betting,1.0,0.996215546,0.003784454000000048,0.19999999999999996
ViSmish_01134,0,0,0.9994467,True,1.0,synthetic,Tin nhắn cá nhân và OTP,1.0,0.004597829199999999,0.9954021708,0.19999999999999996
ViSmish_01135,0,0,0.9991254,True,1.0,real,Dịch vụ công thật,1.0,0.005747334999999998,0.994252665,0.19999999999999996
ViSmish_01136,0,0,0.999496,True,1.0,synthetic,Ngân hàng thật,1.0,0.004392593399999999,0.9956074066,0.19999999999999996
ViSmish_01137,0,0,0.9994722,True,1.0,real,Ngân hàng thật,1.0,0.004492578599999999,0.9955074214,0.19999999999999996
ViSmish_01139,0,0,0.99940884,True,1.0,real,Quảng cáo hợp lệ,1.0,0.0047488587999999984,0.9952511412,0.19999999999999996
ViSmish_01140,1,1,0.9996246,True,1.0,paraphrased,BHXH / Trợ cấp giả,1.0,0.99619788,0.00380212000000002,0.19999999999999996
ViSmish_01141,1,1,0.9996031,True,1.0,paraphrased,Tuyển dụng giả,1.0,0.99609266,0.003907340000000037,0.19999999999999996
ViSmish_01142,0,0,0.99942195,True,1.0,real,Tin nhắn cá nhân và OTP,1.0,0.0046968947999999995,0.9953031052,0.19999999999999996
ViSmish_01143,1,1,0.99956936,True,1.0,paraphrased,Crypto / Đầu tư giả,1.0,0.9959330399999999,0.004066960000000064,0.19999999999999996
ViSmish_01144,1,1,0.9995553,True,1.0,paraphrased,Crypto / Đầu tư giả,1.0,0.995868492,0.0041315079999999504,0.19999999999999996
ViSmish_01146,1,1,0.9996081,True,1.0,paraphrased,Giả mạo ngân hàng,1.0,0.9961169400000001,0.0038830599999999382,0.19999999999999996
ViSmish_01147,0,0,0.99942786,True,1.0,external_curated,P2P hard negative,1.0,0.004673447999999999,0.995326552,0.19999999999999996
ViSmish_01149,0,0,0.9993918,True,1.0,real,Viễn thông,1.0,0.004814979399999999,0.9951850206,0.19999999999999996
ViSmish_01150,1,1,0.9996265,True,1.0,paraphrased,Dịch vụ công giả,1.0,0.99620758,0.0037924200000000186,0.19999999999999996
ViSmish_01151,0,0,0.999255,True,1.0,real,Viễn thông,1.0,0.005315641999999999,0.994684358,0.19999999999999996
ViSmish_01152,0,0,0.9994331,True,1.0,synthetic,Vận chuyển,1.0,0.004652466999999999,0.995347533,0.19999999999999996
ViSmish_01154,1,1,0.99961686,True,1.0,paraphrased,Đòi nợ / Đe dọa,1.0,0.99615959,0.0038404100000000163,0.19999999999999996
ViSmish_01158,1,1,0.9995963,True,1.0,paraphrased,Cờ bạc / Betting,1.0,0.99605974,0.003940260000000029,0.19999999999999996
ViSmish_01159,1,1,0.99961406,True,1.0,paraphrased,Dịch vụ công giả,1.0,0.996145486,0.003854514000000031,0.19999999999999996
ViSmish_01160,1,1,0.9995859,True,1.0,paraphrased,Nội dung nhạy cảm,1.0,0.99601053,0.0039894700000000505,0.19999999999999996
ViSmish_01161,0,0,0.99935085,True,1.0,real,Quảng cáo hợp lệ,1.0,0.0049706455999999994,0.9950293544,0.19999999999999996
ViSmish_01162,0,0,0.99919635,True,1.0,synthetic,Dịch vụ công thật,1.0,0.0055155657999999995,0.9944844342,0.19999999999999996
ViSmish_01163,0,0,0.9994752,True,1.0,real,Khác,1.0,0.004480344799999999,0.9955196552,0.19999999999999996
ViSmish_01164,1,1,0.9996111,True,1.0,paraphrased,Crypto / Đầu tư giả,1.0,0.99613096,0.0038690399999999903,0.19999999999999996
ViSmish_01165,1,1,0.9995908,True,1.0,paraphrased,Nội dung nhạy cảm,1.0,0.99603362,0.003966380000000047,0.19999999999999996
ViSmish_01166,1,1,0.99960953,True,1.0,paraphrased,BHXH / Trợ cấp giả,1.0,0.996123886,0.003876113999999986,0.19999999999999996
ViSmish_01167,0,0,0.9994466,True,1.0,external_real,P2P hội thoại thông thường,1.0,0.004598133199999999,0.9954018668,0.19999999999999996
ViSmish_01170,1,1,0.9995498,True,1.0,paraphrased,Crypto / Đầu tư giả,1.0,0.995843554,0.00415644599999998,0.19999999999999996
ViSmish_01171,1,1,0.9995414,True,1.0,paraphrased,Đòi nợ / Đe dọa,1.0,0.995805514,0.004194486000000053,0.19999999999999996
ViSmish_01172,1,1,0.9996107,True,1.0,paraphrased,BHXH / Trợ cấp giả,1.0,0.9961293,0.0038707000000000047,0.19999999999999996
ViSmish_01173,0,0,0.9994665,True,1.0,real,Khác,1.0,0.004516517999999999,0.995483482,0.19999999999999996
ViSmish_01174,1,1,0.99931884,True,1.0,real,Cờ bạc / Betting,1.0,0.9949112,0.005088800000000004,0.19999999999999996
ViSmish_01175,0,0,0.9994479,True,1.0,synthetic,Tin nhắn cá nhân và OTP,1.0,0.004592853399999999,0.9954071466,0.19999999999999996
ViSmish_01176,1,1,0.9995834,True,1.0,paraphrased,BHXH / Trợ cấp giả,1.0,0.995998788,0.004001212000000032,0.19999999999999996
ViSmish_01180,0,0,0.9988404,True,1.0,external_real,P2P hội thoại thông thường,1.0,0.006590133199999999,0.9934098668,0.19999999999999996
ViSmish_01181,0,0,0.99945337,True,1.0,external_real,P2P hội thoại thông thường,1.0,0.004570655999999999,0.995429344,0.19999999999999996
ViSmish_01183,0,0,0.9994917,True,1.0,synthetic,Dịch vụ y tế,1.0,0.004410699999999999,0.9955893,0.19999999999999996
ViSmish_01184,0,0,0.99950767,True,1.0,synthetic,Thương mại điện tử,1.0,0.004342233999999999,0.995657766,0.19999999999999996
ViSmish_01187,1,1,0.9995952,True,1.0,paraphrased,Đòi nợ / Đe dọa,1.0,0.99605462,0.003945379999999998,0.19999999999999996
ViSmish_01188,0,0,0.999438,True,1.0,real,Ngân hàng thật,1.0,0.004632949999999999,0.99536705,0.19999999999999996
ViSmish_01189,1,1,0.9994727,True,1.0,synthetic_hard_positive,Đòi nợ / Đe dọa,1.0,0.9955093859999999,0.004490614000000059,0.19999999999999996
ViSmish_01191,1,1,0.99960846,True,1.0,paraphrased,Cờ bạc / Betting,1.0,0.99611845,0.0038815500000000114,0.19999999999999996
ViSmish_01192,1,1,0.9996153,True,1.0,paraphrased,Tuyển dụng giả,1.0,0.9961521600000001,0.0038478399999999358,0.19999999999999996
ViSmish_01193,1,1,0.99962664,True,1.0,paraphrased,BHXH / Trợ cấp giả,1.0,0.99620834,0.0037916599999999745,0.19999999999999996
ViSmish_01195,1,1,0.9996061,True,1.0,paraphrased,Cờ bạc / Betting,1.0,0.9961066199999999,0.0038933800000000574,0.19999999999999996
ViSmish_01196,1,1,0.9995932,True,1.0,paraphrased,BHXH / Trợ cấp giả,1.0,0.9960447800000001,0.003955219999999926,0.19999999999999996
ViSmish_01198,0,0,0.9994512,True,1.0,synthetic,Tin nhắn cá nhân và OTP,1.0,0.004578985599999998,0.9954210144,0.19999999999999996
ViSmish_01200,0,0,0.9994741,True,1.0,synthetic,Tin nhắn cá nhân và OTP,1.0,0.004485035999999999,0.995514964,0.19999999999999996
ViSmish_01201,1,1,0.9995677,True,1.0,paraphrased,Dịch vụ công giả,1.0,0.9959254,0.004074600000000039,0.19999999999999996
ViSmish_01202,1,1,0.99949694,True,1.0,real,Crypto / Đầu tư giả,1.0,0.99561158,0.0043884199999999485,0.19999999999999996
ViSmish_01206,0,0,0.99946254,True,1.0,real,Tin nhắn cá nhân và OTP,1.0,0.004532668799999999,0.9954673312,0.19999999999999996
ViSmish_01207,0,0,0.99937856,True,1.0,real,Viễn thông,1.0,0.004866033399999999,0.9951339666,0.19999999999999996
ViSmish_01208,1,1,0.99956304,True,1.0,paraphrased,BHXH / Trợ cấp giả,1.0,0.99590384,0.004096160000000015,0.19999999999999996
ViSmish_01211,1,1,0.99962056,True,1.0,paraphrased,Dịch vụ công giả,1.0,0.99617798,0.0038220199999999815,0.19999999999999996
ViSmish_01214,1,1,0.99954224,True,1.0,paraphrased,Đòi nợ / Đe dọa,1.0,0.99580952,0.004190479999999996,0.19999999999999996
ViSmish_01216,1,1,0.9995302,True,1.0,paraphrased,Crypto / Đầu tư giả,1.0,0.9957559,0.004244099999999973,0.19999999999999996
ViSmish_01218,1,1,0.9995141,True,1.0,synthetic_hard_positive,Giả mạo ngân hàng,1.0,0.99568564,0.0043143599999999616,0.19999999999999996
ViSmish_01219,0,0,0.9994106,True,1.0,synthetic,Dịch vụ y tế,1.0,0.004741917599999999,0.9952580824,0.19999999999999996
ViSmish_01220,1,1,0.9996107,True,1.0,paraphrased,Đòi nợ / Đe dọa,1.0,0.99612948,0.0038705199999999884,0.19999999999999996
ViSmish_01221,0,0,0.9994836,True,1.0,synthetic,Vận chuyển,1.0,0.0044451714,0.9955548286,0.19999999999999996
ViSmish_01223,0,0,0.999483,True,1.0,synthetic,Thương mại điện tử,1.0,0.004447575999999999,0.995552424,0.19999999999999996
ViSmish_01224,1,1,0.999308,True,1.0,paraphrased,Cờ bạc / Betting,1.0,0.994872,0.005128000000000021,0.19999999999999996
ViSmish_01225,1,1,0.999627,True,1.0,paraphrased,Nội dung nhạy cảm,1.0,0.99621011,0.0037898899999999625,0.19999999999999996
ViSmish_01226,0,0,0.9994779,True,1.0,synthetic,Vận chuyển,1.0,0.0044687372,0.9955312628,0.19999999999999996
ViSmish_01229,1,1,0.9994879,True,1.0,synthetic_hard_positive,Dịch vụ công giả,1.0,0.99557327,0.004426730000000045,0.19999999999999996
ViSmish_01230,0,0,0.99946696,True,1.0,synthetic,Thương mại điện tử,1.0,0.0045144971999999985,0.9954855028,0.19999999999999996
ViSmish_01232,1,1,0.9996043,True,1.0,paraphrased,Dịch vụ công giả,1.0,0.9960982,0.0039017999999999553,0.19999999999999996
ViSmish_01234,1,1,0.99960667,True,1.0,paraphrased,Crypto / Đầu tư giả,1.0,0.996109534,0.0038904659999999813,0.19999999999999996
ViSmish_01236,1,1,0.99942744,True,1.0,paraphrased,Cờ bạc / Betting,1.0,0.99532466,0.004675340000000028,0.19999999999999996
ViSmish_01238,1,1,0.9996131,True,1.0,paraphrased,Nội dung nhạy cảm,1.0,0.9961412000000001,0.00385879999999994,0.19999999999999996
ViSmish_01239,0,0,0.99945074,True,1.0,synthetic,Tin nhắn cá nhân và OTP,1.0,0.004580896999999999,0.995419103,0.19999999999999996
ViSmish_01241,1,1,0.9996123,True,1.0,paraphrased,Dịch vụ công giả,1.0,0.99613714,0.0038628600000000235,0.19999999999999996
ViSmish_01242,0,0,0.99936956,True,1.0,synthetic,Ngân hàng thật,1.0,0.004900086599999999,0.9950999134,0.19999999999999996
ViSmish_01243,1,1,0.9995852,True,1.0,paraphrased,Nội dung nhạy cảm,1.0,0.99600724,0.00399276000000004,0.19999999999999996
ViSmish_01244,1,1,0.9996202,True,1.0,paraphrased,Crypto / Đầu tư giả,1.0,0.9961764399999999,0.003823560000000059,0.19999999999999996
ViSmish_01245,0,0,0.99937516,True,1.0,real,Quảng cáo hợp lệ,1.0,0.004878850199999999,0.9951211498,0.19999999999999996
ViSmish_01246,1,1,0.99958295,True,1.0,paraphrased,Nội dung nhạy cảm,1.0,0.995996654,0.004003345999999963,0.19999999999999996
ViSmish_01248,1,1,0.99961925,True,1.0,paraphrased,Tuyển dụng giả,1.0,0.9961717,0.0038283000000000067,0.19999999999999996
ViSmish_01250,1,1,0.99960214,True,1.0,paraphrased,Dịch vụ công giả,1.0,0.99608776,0.003912240000000011,0.19999999999999996
ViSmish_01251,0,0,0.99948114,True,1.0,synthetic,Viễn thông,1.0,0.0044554669999999985,0.995544533,0.19999999999999996
ViSmish_01252,0,0,0.99947625,True,1.0,synthetic,Vận chuyển,1.0,0.004475787999999999,0.995524212,0.19999999999999996
ViSmish_01253,1,1,0.99962413,True,1.0,paraphrased,Tuyển dụng giả,1.0,0.996195626,0.0038043739999999993,0.19999999999999996
ViSmish_01254,1,1,0.99962103,True,1.0,paraphrased,Dịch vụ công giả,1.0,0.996180308,0.0038196919999999857,0.19999999999999996
ViSmish_01255,0,0,0.99946743,True,1.0,real,Khác,1.0,0.004512800199999999,0.9954871998,0.19999999999999996
ViSmish_01258,1,1,0.9996166,True,1.0,paraphrased,Tuyển dụng giả,1.0,0.9961587199999999,0.003841280000000058,0.19999999999999996
ViSmish_01259,0,0,0.9993789,True,1.0,real,Viễn thông,1.0,0.0048642623999999995,0.9951357376,0.19999999999999996
ViSmish_01260,0,0,0.9994629,True,1.0,synthetic,Dịch vụ y tế,1.0,0.004531409199999999,0.9954685908,0.19999999999999996
ViSmish_01261,0,0,0.9994579,True,1.0,synthetic,Tin nhắn cá nhân và OTP,1.0,0.004551672199999999,0.9954483278,0.19999999999999996
ViSmish_01262,0,0,0.9993654,True,1.0,synthetic,Quảng cáo hợp lệ,1.0,0.004916186199999999,0.9950838138,0.19999999999999996
ViSmish_01263,1,1,0.9996176,True,1.0,paraphrased,Đòi nợ / Đe dọa,1.0,0.9961630100000001,0.003836989999999929,0.19999999999999996
ViSmish_01264,1,1,0.9994837,True,1.0,synthetic_hard_positive,Khác,1.0,0.995555746,0.004444254000000036,0.19999999999999996
ViSmish_01265,1,1,0.999632,True,1.0,paraphrased,Tuyển dụng giả,1.0,0.99623512,0.0037648799999999705,0.19999999999999996
ViSmish_01266,0,0,0.99944276,True,1.0,synthetic,Ngân hàng thật,1.0,0.0046137157999999985,0.9953862842,0.19999999999999996
ViSmish_01267,0,0,0.9993431,True,1.0,real,Viễn thông,1.0,0.004999682999999999,0.995000317,0.19999999999999996
ViSmish_01270,1,1,0.9994985,True,1.0,paraphrased,Crypto / Đầu tư giả,1.0,0.99561798,0.0043820199999999865,0.19999999999999996
ViSmish_01271,1,1,0.99943703,True,1.0,paraphrased,Crypto / Đầu tư giả,1.0,0.9953635940000001,0.004636405999999926,0.19999999999999996
ViSmish_01274,0,0,0.99945873,True,1.0,synthetic,Tin nhắn cá nhân và OTP,1.0,0.004548713999999999,0.995451286,0.19999999999999996
ViSmish_01275,1,1,0.999574,True,1.0,paraphrased,Giả mạo ngân hàng,1.0,0.99595454,0.004045459999999945,0.19999999999999996
ViSmish_01277,1,1,0.9996197,True,1.0,paraphrased,Đòi nợ / Đe dọa,1.0,0.996173906,0.003826094000000002,0.19999999999999996
ViSmish_01279,1,1,0.99961805,True,1.0,paraphrased,Nội dung nhạy cảm,1.0,0.996165812,0.003834188000000016,0.19999999999999996
ViSmish_01281,1,1,0.9996137,True,1.0,paraphrased,Dịch vụ công giả,1.0,0.996143746,0.0038562540000000034,0.19999999999999996
ViSmish_01283,1,1,0.99961096,True,1.0,paraphrased,Giả mạo ngân hàng,1.0,0.99613034,0.003869659999999997,0.19999999999999996
ViSmish_01286,1,1,0.99954104,True,1.0,paraphrased,Crypto / Đầu tư giả,1.0,0.9958043599999999,0.004195640000000056,0.19999999999999996
ViSmish_01287,1,1,0.999551,True,1.0,synthetic_hard_positive,Khác,1.0,0.995849312,0.004150687999999958,0.19999999999999996
ViSmish_01288,0,0,0.99930596,True,1.0,real,Viễn thông,1.0,0.0051354743999999985,0.9948645256,0.19999999999999996
ViSmish_01290,1,1,0.99962175,True,1.0,paraphrased,Crypto / Đầu tư giả,1.0,0.99618374,0.0038162600000000158,0.19999999999999996
ViSmish_01292,1,1,0.99961853,True,1.0,paraphrased,Crypto / Đầu tư giả,1.0,0.9961679999999999,0.0038320000000000576,0.19999999999999996
ViSmish_01293,1,1,0.9995926,True,1.0,paraphrased,Đòi nợ / Đe dọa,1.0,0.9960423199999999,0.0039576800000000745,0.19999999999999996
ViSmish_01294,1,1,0.99962306,True,1.0,paraphrased,Nội dung nhạy cảm,1.0,0.99619037,0.0038096300000000083,0.19999999999999996
ViSmish_01295,1,1,0.9995789,True,1.0,synthetic_hard_positive,Crypto / Đầu tư giả,1.0,0.995977652,0.004022348000000009,0.19999999999999996
ViSmish_01296,0,0,0.9992281,True,1.0,real,Viễn thông,1.0,0.005408504599999998,0.9945914954,0.19999999999999996
ViSmish_01298,0,0,0.9993395,True,1.0,real,Viễn thông,1.0,0.0050125601999999984,0.9949874398,0.19999999999999996
ViSmish_01300,0,0,0.9994106,True,1.0,synthetic,Quảng cáo hợp lệ,1.0,0.004741916399999999,0.9952580836,0.19999999999999996
ViSmish_01301,0,0,0.9993229,True,1.0,synthetic,Thương mại điện tử,1.0,0.005073948599999999,0.9949260514,0.19999999999999996
ViSmish_01302,1,1,0.99944896,True,1.0,paraphrased,Đòi nợ / Đe dọa,1.0,0.99541154,0.004588460000000016,0.19999999999999996
ViSmish_01303,0,0,0.99942064,True,1.0,synthetic,Tin nhắn cá nhân và OTP,1.0,0.004702089999999999,0.99529791,0.19999999999999996
ViSmish_01305,1,1,0.99961215,True,1.0,paraphrased,Cờ bạc / Betting,1.0,0.9961363,0.0038637000000000254,0.19999999999999996
ViSmish_01307,0,0,0.99946374,True,1.0,real,Viễn thông,1.0,0.004527924199999998,0.9954720758,0.19999999999999996
ViSmish_01308,1,1,0.99960774,True,1.0,paraphrased,Đòi nợ / Đe dọa,1.0,0.9961150400000001,0.0038849599999999374,0.19999999999999996
ViSmish_01310,1,1,0.9994655,True,1.0,real,Giả mạo ngân hàng,1.0,0.99547948,0.004520520000000028,0.19999999999999996
ViSmish_01311,0,0,0.9994702,True,1.0,real,Viễn thông,1.0,0.0045014823999999995,0.9954985176,0.19999999999999996
ViSmish_01312,1,1,0.9996101,True,1.0,paraphrased,Cờ bạc / Betting,1.0,0.996126472,0.0038735279999999594,0.19999999999999996
ViSmish_01313,1,1,0.99959046,True,1.0,paraphrased,BHXH / Trợ cấp giả,1.0,0.996031808,0.0039681919999999815,0.19999999999999996
ViSmish_01314,0,0,0.9993641,True,1.0,external_curated,P2P hard negative,1.0,0.004920797999999999,0.995079202,0.19999999999999996
ViSmish_01315,1,1,0.9996234,True,1.0,paraphrased,Đòi nợ / Đe dọa,1.0,0.99619228,0.003807719999999959,0.19999999999999996
ViSmish_01316,1,1,0.9996289,True,1.0,paraphrased,BHXH / Trợ cấp giả,1.0,0.996219588,0.0037804120000000108,0.19999999999999996
ViSmish_01318,1,1,0.9995402,True,1.0,paraphrased,Crypto / Đầu tư giả,1.0,0.995800448,0.004199551999999995,0.19999999999999996
ViSmish_01319,0,0,0.99945277,True,1.0,external_real,P2P hội thoại thông thường,1.0,0.004573040799999999,0.9954269592,0.19999999999999996
ViSmish_01320,0,0,0.9994789,True,1.0,synthetic,Viễn thông,1.0,0.004464932599999999,0.9955350674,0.19999999999999996
ViSmish_01321,1,1,0.9996182,True,1.0,paraphrased,Cờ bạc / Betting,1.0,0.996166086,0.003833913999999994,0.19999999999999996
ViSmish_01322,1,1,0.99961287,True,1.0,paraphrased,Crypto / Đầu tư giả,1.0,0.996139848,0.0038601520000000056,0.19999999999999996
ViSmish_01323,1,1,0.99961615,True,1.0,paraphrased,Đòi nợ / Đe dọa,1.0,0.99615604,0.0038439599999999796,0.19999999999999996
ViSmish_01324,0,0,0.999401,True,1.0,real,Viễn thông,1.0,0.004779525199999999,0.9952204748,0.19999999999999996
ViSmish_01326,0,0,0.9994431,True,1.0,synthetic,Viễn thông,1.0,0.004612149199999999,0.9953878508,0.19999999999999996
ViSmish_01328,1,1,0.9996159,True,1.0,paraphrased,Đòi nợ / Đe dọa,1.0,0.996155048,0.0038449520000000126,0.19999999999999996
ViSmish_01330,0,0,0.9994454,True,1.0,real,Viễn thông,1.0,0.0046027611999999996,0.9953972388,0.19999999999999996
ViSmish_01331,0,0,0.99948764,True,1.0,real,Tin nhắn cá nhân và OTP,1.0,0.004428105399999999,0.9955718946,0.19999999999999996
ViSmish_01334,0,0,0.999332,True,1.0,synthetic,Quảng cáo hợp lệ,1.0,0.0050403594,0.9949596406,0.19999999999999996
ViSmish_01335,0,0,0.9994885,True,1.0,synthetic,Vận chuyển,1.0,0.004424173799999999,0.9955758262,0.19999999999999996
ViSmish_01337,1,1,0.9996019,True,1.0,paraphrased,Crypto / Đầu tư giả,1.0,0.99608652,0.003913480000000025,0.19999999999999996
ViSmish_01339,1,1,0.99953365,True,1.0,synthetic_hard_positive,BHXH / Trợ cấp giả,1.0,0.99577106,0.004228939999999959,0.19999999999999996
ViSmish_01340,0,0,0.999458,True,1.0,synthetic,Dịch vụ y tế,1.0,0.004551365599999999,0.9954486344,0.19999999999999996
ViSmish_01342,1,1,0.99942255,True,1.0,synthetic_hard_positive,Đòi nợ / Đe dọa,1.0,0.99530522,0.0046947800000000095,0.19999999999999996
ViSmish_01344,1,1,0.9996215,True,1.0,paraphrased,Nội dung nhạy cảm,1.0,0.996182692,0.0038173080000000192,0.19999999999999996
ViSmish_01345,1,1,0.9996074,True,1.0,paraphrased,Nội dung nhạy cảm,1.0,0.99611328,0.00388672000000001,0.19999999999999996
ViSmish_01346,1,1,0.9996037,True,1.0,paraphrased,Giả mạo ngân hàng,1.0,0.9960954200000001,0.0039045799999999353,0.19999999999999996
ViSmish_01347,1,1,0.99946004,True,1.0,synthetic_hard_positive,Khác,1.0,0.9954570300000001,0.004542969999999924,0.19999999999999996
ViSmish_01350,1,1,0.999617,True,1.0,paraphrased,Đòi nợ / Đe dọa,1.0,0.9961604,0.003839600000000054,0.19999999999999996
ViSmish_01352,1,1,0.9996057,True,1.0,paraphrased,Đòi nợ / Đe dọa,1.0,0.99610523,0.0038947700000000474,0.19999999999999996
ViSmish_01353,1,1,0.99910283,True,1.0,paraphrased,BHXH / Trợ cấp giả,1.0,0.99418094,0.005819059999999987,0.19999999999999996
ViSmish_01354,1,1,0.9995629,True,1.0,paraphrased,Đòi nợ / Đe dọa,1.0,0.99590326,0.004096740000000043,0.19999999999999996
ViSmish_01355,0,0,0.99940634,True,1.0,real,Quảng cáo hợp lệ,1.0,0.004758467199999999,0.9952415328,0.19999999999999996
ViSmish_01356,1,1,0.99957865,True,1.0,paraphrased,Crypto / Đầu tư giả,1.0,0.99597665,0.004023349999999981,0.19999999999999996
ViSmish_01357,1,1,0.9996113,True,1.0,paraphrased,Đòi nợ / Đe dọa,1.0,0.9961323,0.0038677000000000294,0.19999999999999996
ViSmish_01358,1,1,0.99957424,True,1.0,paraphrased,Cờ bạc / Betting,1.0,0.995955754,0.004044245999999974,0.19999999999999996
ViSmish_01359,1,1,0.9995896,True,1.0,paraphrased,Cờ bạc / Betting,1.0,0.9960282,0.00397179999999997,0.19999999999999996
ViSmish_01360,1,1,0.9996282,True,1.0,paraphrased,Dịch vụ công giả,1.0,0.99621596,0.0037840399999999885,0.19999999999999996
ViSmish_01362,0,0,0.9990773,True,1.0,real,Viễn thông,1.0,0.005898564599999999,0.9941014354,0.19999999999999996
ViSmish_01363,0,0,0.99948114,True,1.0,synthetic,Ngân hàng thật,1.0,0.004455630799999999,0.9955443692,0.19999999999999996
ViSmish_01364,0,0,0.99924755,True,1.0,external_curated,P2P hard negative,1.0,0.005341645399999999,0.9946583546,0.19999999999999996
ViSmish_01366,0,0,0.9992981,True,1.0,synthetic,Dịch vụ công thật,1.0,0.005163612999999999,0.994836387,0.19999999999999996
ViSmish_01367,0,0,0.9994561,True,1.0,external_real,P2P hội thoại thông thường,1.0,0.004559426399999999,0.9954405736,0.19999999999999996
ViSmish_01368,1,1,0.9996263,True,1.0,paraphrased,Giả mạo ngân hàng,1.0,0.996206068,0.003793932,0.19999999999999996
ViSmish_01369,1,1,0.9996221,True,1.0,paraphrased,Dịch vụ công giả,1.0,0.99618538,0.003814619999999991,0.19999999999999996
ViSmish_01372,0,0,0.99927944,True,1.0,external_real,P2P hội thoại thông thường,1.0,0.005230299799999999,0.9947697002,0.19999999999999996
ViSmish_01373,1,1,0.999495,True,1.0,paraphrased,Đòi nợ / Đe dọa,1.0,0.995603668,0.004396332000000003,0.19999999999999996
ViSmish_01374,0,0,0.99946517,True,1.0,real,Viễn thông,1.0,0.004521908199999999,0.9954780918,0.19999999999999996
ViSmish_01377,0,0,0.9993993,True,1.0,real,Viễn thông,1.0,0.004785807399999999,0.9952141926,0.19999999999999996
ViSmish_01378,1,1,0.99959797,True,1.0,paraphrased,Nội dung nhạy cảm,1.0,0.99606764,0.003932359999999968,0.19999999999999996
ViSmish_01380,0,0,0.99945325,True,1.0,real,Khác,1.0,0.004571127199999999,0.9954288728,0.19999999999999996
ViSmish_01382,0,0,0.99946576,True,1.0,real,Viễn thông,1.0,0.004519488999999999,0.995480511,0.19999999999999996
ViSmish_01383,1,1,0.9996327,True,1.0,paraphrased,Cờ bạc / Betting,1.0,0.99623834,0.00376166,0.19999999999999996
ViSmish_01386,1,1,0.9994844,True,1.0,synthetic_hard_positive,Tuyển dụng giả,1.0,0.995558452,0.004441547999999962,0.19999999999999996
ViSmish_01387,1,1,0.99945074,True,1.0,paraphrased,Crypto / Đầu tư giả,1.0,0.995418846,0.004581154000000032,0.19999999999999996
ViSmish_01389,1,1,0.99961156,True,1.0,paraphrased,Dịch vụ công giả,1.0,0.99613364,0.0038663599999999576,0.19999999999999996
ViSmish_01390,0,0,0.9994221,True,1.0,external_real,P2P hội thoại thông thường,1.0,0.004696788999999999,0.995303211,0.19999999999999996
ViSmish_01392,1,1,0.8811249,True,1.0,real,Đòi nợ / Đe dọa,1.0,0.9462731600000001,0.05372683999999994,0.19999999999999996
ViSmish_01393,0,0,0.9993186,True,1.0,external_curated,P2P hard negative,1.0,0.005089692399999999,0.9949103076,0.19999999999999996
ViSmish_01394,1,1,0.9996152,True,1.0,paraphrased,Nội dung nhạy cảm,1.0,0.9961517,0.0038483000000000267,0.19999999999999996
ViSmish_01396,0,0,0.9994548,True,1.0,real,Tin nhắn cá nhân và OTP,1.0,0.004564385399999999,0.9954356146,0.19999999999999996
ViSmish_01400,0,0,0.9994512,True,1.0,synthetic,Dịch vụ y tế,1.0,0.004579130999999999,0.995420869,0.19999999999999996
ViSmish_01402,1,1,0.9996313,True,1.0,paraphrased,BHXH / Trợ cấp giả,1.0,0.99623122,0.003768780000000027,0.19999999999999996
ViSmish_01403,0,0,0.9994773,True,1.0,synthetic,Dịch vụ y tế,1.0,0.004471525999999999,0.995528474,0.19999999999999996
ViSmish_01405,1,1,0.9996,True,1.0,paraphrased,Cờ bạc / Betting,1.0,0.9960774800000001,0.003922519999999929,0.19999999999999996
ViSmish_01406,0,0,0.9992017,True,1.0,external_curated,P2P hard negative,1.0,0.005497644799999999,0.9945023552,0.19999999999999996
ViSmish_01408,1,1,0.999617,True,1.0,paraphrased,Crypto / Đầu tư giả,1.0,0.99616048,0.003839519999999985,0.19999999999999996
ViSmish_01410,1,1,0.9996165,True,1.0,paraphrased,Đòi nợ / Đe dọa,1.0,0.996158146,0.0038418540000000334,0.19999999999999996
ViSmish_01411,0,0,0.99947494,True,1.0,synthetic,Ngân hàng thật,1.0,0.004481198999999999,0.995518801,0.19999999999999996
ViSmish_01412,1,1,0.9996164,True,1.0,paraphrased,Đòi nợ / Đe dọa,1.0,0.99615728,0.003842719999999966,0.19999999999999996
ViSmish_01413,0,0,0.9994567,True,1.0,external_curated,P2P hard negative,1.0,0.004556762799999999,0.9954432372,0.19999999999999996
ViSmish_01415,1,1,0.99962974,True,1.0,paraphrased,Giả mạo ngân hàng,1.0,0.99622346,0.0037765400000000504,0.19999999999999996
ViSmish_01416,1,1,0.9995239,True,1.0,paraphrased,Crypto / Đầu tư giả,1.0,0.9957280399999999,0.004271960000000075,0.19999999999999996
ViSmish_01417,1,1,0.9995907,True,1.0,paraphrased,Crypto / Đầu tư giả,1.0,0.9960329,0.003967100000000001,0.19999999999999996
ViSmish_01418,1,1,0.99960667,True,1.0,paraphrased,Crypto / Đầu tư giả,1.0,0.99610972,0.0038902800000000237,0.19999999999999996
ViSmish_01420,1,1,0.9996123,True,1.0,paraphrased,Giả mạo ngân hàng,1.0,0.99613684,0.0038631599999999766,0.19999999999999996
ViSmish_01421,1,1,0.9995807,True,1.0,synthetic_hard_positive,Tuyển dụng giả,1.0,0.995985628,0.004014371999999988,0.19999999999999996
ViSmish_01424,1,1,0.9996138,True,1.0,paraphrased,Crypto / Đầu tư giả,1.0,0.9961448660000001,0.003855133999999927,0.19999999999999996
ViSmish_01426,1,1,0.99961925,True,1.0,paraphrased,Cờ bạc / Betting,1.0,0.9961717999999999,0.0038282000000000593,0.19999999999999996
ViSmish_01428,0,0,0.99943286,True,1.0,synthetic,Tin nhắn cá nhân và OTP,1.0,0.004653325999999999,0.995346674,0.19999999999999996
ViSmish_01429,0,0,0.99929047,True,1.0,real,Khác,1.0,0.005190679999999999,0.99480932,0.19999999999999996
ViSmish_01430,0,0,0.99945873,True,1.0,real,Tin nhắn cá nhân và OTP,1.0,0.004548228999999999,0.995451771,0.19999999999999996
ViSmish_01434,0,0,0.99925274,True,1.0,synthetic,Thương mại điện tử,1.0,0.005323592999999999,0.994676407,0.19999999999999996
ViSmish_01435,1,1,0.9996197,True,1.0,paraphrased,BHXH / Trợ cấp giả,1.0,0.9961738099999999,0.0038261900000000626,0.19999999999999996
ViSmish_01436,1,1,0.9996203,True,1.0,paraphrased,Tuyển dụng giả,1.0,0.99617694,0.0038230599999999892,0.19999999999999996
ViSmish_01437,1,1,0.9996216,True,1.0,paraphrased,Tuyển dụng giả,1.0,0.9961831919999999,0.0038168080000000604,0.19999999999999996
ViSmish_01439,0,0,0.9993722,True,1.0,synthetic,Tin nhắn cá nhân và OTP,1.0,0.004890441199999999,0.9951095588,0.19999999999999996
ViSmish_01440,1,1,0.9996113,True,1.0,paraphrased,Cờ bạc / Betting,1.0,0.99613246,0.0038675400000000026,0.19999999999999996
ViSmish_01441,1,1,0.9996227,True,1.0,paraphrased,Tuyển dụng giả,1.0,0.9961886520000001,0.0038113479999999367,0.19999999999999996
ViSmish_01442,0,0,0.99947554,True,1.0,synthetic,Viễn thông,1.0,0.004479118399999999,0.9955208816,0.19999999999999996
ViSmish_01444,1,1,0.99962175,True,1.0,paraphrased,Cờ bạc / Betting,1.0,0.99618414,0.0038158600000000042,0.19999999999999996
ViSmish_01445,1,1,0.9995604,True,1.0,paraphrased,Đòi nợ / Đe dọa,1.0,0.995892168,0.004107831999999978,0.19999999999999996
ViSmish_01446,0,0,0.9980579,True,1.0,external_curated,P2P hard negative,1.0,0.008449758599999998,0.9915502414,0.19999999999999996
ViSmish_01447,1,1,0.9995932,True,1.0,paraphrased,BHXH / Trợ cấp giả,1.0,0.99604526,0.003954739999999957,0.19999999999999996
ViSmish_01449,0,0,0.999453,True,1.0,synthetic,Thương mại điện tử,1.0,0.004572051399999999,0.9954279486,0.19999999999999996
ViSmish_01451,0,0,0.99944097,True,1.0,external_curated,P2P hard negative,1.0,0.004620759599999999,0.9953792404,0.19999999999999996
ViSmish_01452,0,0,0.9994677,True,1.0,synthetic,Viễn thông,1.0,0.004511687599999999,0.9954883124,0.19999999999999996
ViSmish_01453,0,0,0.99943525,True,1.0,real,Ngân hàng thật,1.0,0.004643786599999999,0.9953562134,0.19999999999999996
ViSmish_01454,0,0,0.9994473,True,1.0,synthetic,Quảng cáo hợp lệ,1.0,0.004594975999999999,0.995405024,0.19999999999999996
ViSmish_01457,1,1,0.9996275,True,1.0,paraphrased,Tuyển dụng giả,1.0,0.99621224,0.003787760000000029,0.19999999999999996
ViSmish_01458,1,1,0.9996123,True,1.0,paraphrased,Cờ bạc / Betting,1.0,0.9961369520000001,0.0038630479999999245,0.19999999999999996
ViSmish_01459,1,1,0.9996331,True,1.0,paraphrased,Dịch vụ công giả,1.0,0.9962405400000001,0.0037594599999999367,0.19999999999999996
ViSmish_01460,0,0,0.9991806,True,1.0,synthetic,Quảng cáo hợp lệ,1.0,0.005567919399999999,0.9944320806,0.19999999999999996
ViSmish_01461,0,0,0.9994548,True,1.0,external_curated,P2P hard negative,1.0,0.004564430599999999,0.9954355694,0.19999999999999996
ViSmish_01463,1,1,0.9995946,True,1.0,paraphrased,Nội dung nhạy cảm,1.0,0.99605192,0.0039480800000000205,0.19999999999999996
ViSmish_01464,1,1,0.9996146,True,1.0,paraphrased,Đòi nợ / Đe dọa,1.0,0.99614844,0.003851559999999976,0.19999999999999996
ViSmish_01465,0,0,0.99939764,True,1.0,synthetic,Ngân hàng thật,1.0,0.004792589999999999,0.99520741,0.19999999999999996
ViSmish_01466,1,1,0.9996137,True,1.0,paraphrased,Giả mạo ngân hàng,1.0,0.99614427,0.003855729999999946,0.19999999999999996
ViSmish_01467,0,0,0.9993056,True,1.0,real,Viễn thông,1.0,0.005136802799999999,0.9948631972,0.19999999999999996
ViSmish_01468,0,0,0.9992562,True,1.0,external_real,P2P hội thoại thông thường,1.0,0.005311603999999999,0.994688396,0.19999999999999996
ViSmish_01469,0,0,0.99930155,True,1.0,external_real,P2P hội thoại thông thường,1.0,0.005151113399999999,0.9948488866,0.19999999999999996
ViSmish_01470,0,0,0.99933726,True,1.0,external_real,P2P hội thoại thông thường,1.0,0.005021095999999999,0.994978904,0.19999999999999996
ViSmish_01471,1,1,0.9996209,True,1.0,paraphrased,Đòi nợ / Đe dọa,1.0,0.996179866,0.0038201340000000306,0.19999999999999996
ViSmish_01472,1,1,0.9996247,True,1.0,paraphrased,Đòi nợ / Đe dọa,1.0,0.99619866,0.0038013399999999864,0.19999999999999996
ViSmish_01473,0,0,0.9994824,True,1.0,synthetic,Thương mại điện tử,1.0,0.004449768399999999,0.9955502316,0.19999999999999996
ViSmish_01474,1,1,0.99962056,True,1.0,paraphrased,BHXH / Trợ cấp giả,1.0,0.99617776,0.0038222399999999768,0.19999999999999996
ViSmish_01475,1,1,0.9687589,True,1.0,paraphrased,Cờ bạc / Betting,1.0,0.969551992,0.030448008000000026,0.19999999999999996
ViSmish_01476,1,1,0.9996191,True,1.0,paraphrased,Cờ bạc / Betting,1.0,0.99617086,0.0038291400000000086,0.19999999999999996
ViSmish_01477,0,0,0.9993717,True,1.0,synthetic,Dịch vụ công thật,1.0,0.004892097399999999,0.9951079026,0.19999999999999996
ViSmish_01478,1,1,0.99957687,True,1.0,paraphrased,Đòi nợ / Đe dọa,1.0,0.995967948,0.004032052000000008,0.19999999999999996
ViSmish_01480,1,1,0.99961615,True,1.0,paraphrased,Tuyển dụng giả,1.0,0.99615624,0.003843759999999974,0.19999999999999996
ViSmish_01481,0,0,0.99934953,True,1.0,external_curated,P2P hard negative,1.0,0.004975546599999998,0.9950244534,0.19999999999999996
ViSmish_01482,1,1,0.9996069,True,1.0,paraphrased,Nội dung nhạy cảm,1.0,0.9961110479999999,0.0038889520000000566,0.19999999999999996
ViSmish_01484,1,1,0.9995976,True,1.0,paraphrased,Cờ bạc / Betting,1.0,0.9960663000000001,0.003933699999999929,0.19999999999999996
ViSmish_01486,0,0,0.9994747,True,1.0,real,Khác,1.0,0.0044825985999999984,0.9955174014,0.19999999999999996
ViSmish_01487,1,1,0.99952936,True,1.0,paraphrased,Cờ bạc / Betting,1.0,0.9957524600000001,0.004247539999999939,0.19999999999999996
ViSmish_01488,1,1,0.9996253,True,1.0,paraphrased,BHXH / Trợ cấp giả,1.0,0.99620138,0.003798619999999975,0.19999999999999996
ViSmish_01490,0,0,0.9994124,True,1.0,real,Viễn thông,1.0,0.004734791999999999,0.995265208,0.19999999999999996
ViSmish_01492,0,0,0.99948066,True,1.0,synthetic,Dịch vụ y tế,1.0,0.004457255399999999,0.9955427446,0.19999999999999996
ViSmish_01493,0,0,0.9994198,True,1.0,synthetic,Dịch vụ y tế,1.0,0.004705415199999999,0.9952945848,0.19999999999999996
ViSmish_01494,1,1,0.999574,True,1.0,paraphrased,BHXH / Trợ cấp giả,1.0,0.99595458,0.004045419999999966,0.19999999999999996
ViSmish_01495,0,0,0.9993362,True,1.0,real,Viễn thông,1.0,0.005024966999999999,0.994975033,0.19999999999999996
ViSmish_01498,1,1,0.99962723,True,1.0,paraphrased,Dịch vụ công giả,1.0,0.99621116,0.0037888400000000155,0.19999999999999996
ViSmish_01499,1,1,0.9996308,True,1.0,paraphrased,BHXH / Trợ cấp giả,1.0,0.99622879,0.003771210000000025,0.19999999999999996
ViSmish_01500,1,1,0.9995939,True,1.0,paraphrased,Nội dung nhạy cảm,1.0,0.9960481880000001,0.0039518119999999435,0.19999999999999996
ViSmish_01502,1,1,0.99962294,True,1.0,paraphrased,Tuyển dụng giả,1.0,0.99619006,0.0038099400000000117,0.19999999999999996
ViSmish_01503,1,1,0.99963236,True,1.0,paraphrased,Giả mạo ngân hàng,1.0,0.996237028,0.0037629719999999756,0.19999999999999996
ViSmish_01504,1,1,0.99960965,True,1.0,paraphrased,Nội dung nhạy cảm,1.0,0.99612396,0.0038760399999999695,0.19999999999999996
ViSmish_01507,1,1,0.9995797,True,1.0,paraphrased,Nội dung nhạy cảm,1.0,0.99598138,0.004018619999999973,0.19999999999999996
ViSmish_01509,1,1,0.9996013,True,1.0,paraphrased,Nội dung nhạy cảm,1.0,0.996083748,0.003916252000000009,0.19999999999999996
ViSmish_01510,1,1,0.9996183,True,1.0,paraphrased,Tuyển dụng giả,1.0,0.99616704,0.0038329599999999964,0.19999999999999996
ViSmish_01512,1,1,0.99961203,True,1.0,paraphrased,BHXH / Trợ cấp giả,1.0,0.996135628,0.003864372000000005,0.19999999999999996
ViSmish_01513,1,1,0.9996307,True,1.0,paraphrased,Dịch vụ công giả,1.0,0.9962284,0.003771599999999986,0.19999999999999996
ViSmish_01515,1,1,0.9995703,True,1.0,paraphrased,Tuyển dụng giả,1.0,0.995937466,0.0040625340000000065,0.19999999999999996
ViSmish_01516,0,0,0.99948776,True,1.0,synthetic,Vận chuyển,1.0,0.004427274399999999,0.9955727256,0.19999999999999996
ViSmish_01517,0,0,0.99937207,True,1.0,real,Viễn thông,1.0,0.004890590999999999,0.995109409,0.19999999999999996
ViSmish_01518,0,0,0.9936213,True,1.0,synthetic,Dịch vụ công thật,1.0,0.014835868799999995,0.9851641312,0.19999999999999996
ViSmish_01519,1,1,0.99960417,True,1.0,paraphrased,Tuyển dụng giả,1.0,0.99609736,0.0039026399999999573,0.19999999999999996
ViSmish_01521,0,0,0.99942446,True,1.0,real,Khác,1.0,0.0046872697999999985,0.9953127302,0.19999999999999996
ViSmish_01522,0,0,0.9994254,True,1.0,synthetic,Ngân hàng thật,1.0,0.004683505799999999,0.9953164942,0.19999999999999996
ViSmish_01523,0,0,0.9994836,True,1.0,real,Khác,1.0,0.0044448575999999984,0.9955551424,0.19999999999999996
ViSmish_01524,0,0,0.9994642,True,1.0,synthetic,Ngân hàng thật,1.0,0.0045258652,0.9954741348,0.19999999999999996
ViSmish_01526,1,1,0.9996057,True,1.0,paraphrased,Crypto / Đầu tư giả,1.0,0.99610504,0.003894960000000003,0.19999999999999996
ViSmish_01530,0,0,0.9994899,True,1.0,synthetic,Ngân hàng thật,1.0,0.004418426,0.995581574,0.19999999999999996
ViSmish_01531,1,1,0.9992053,True,1.0,real,Nội dung nhạy cảm,1.0,0.9945141200000001,0.005485879999999943,0.19999999999999996
ViSmish_01532,1,1,0.9996118,True,1.0,paraphrased,Nội dung nhạy cảm,1.0,0.996134912,0.003865087999999961,0.19999999999999996
ViSmish_01533,1,1,0.9993863,True,1.0,paraphrased,Cờ bạc / Betting,1.0,0.99516388,0.004836119999999999,0.19999999999999996
ViSmish_01534,0,0,0.9991646,True,1.0,synthetic,Quảng cáo hợp lệ,1.0,0.005620602599999999,0.9943793974,0.19999999999999996
ViSmish_01535,0,0,0.9994068,True,1.0,external_real,P2P hội thoại thông thường,1.0,0.004756705399999998,0.9952432946,0.19999999999999996
ViSmish_01537,1,1,0.99956995,True,1.0,paraphrased,Crypto / Đầu tư giả,1.0,0.995936048,0.004063951999999982,0.19999999999999996
ViSmish_01539,0,0,0.999173,True,1.0,real,Tin nhắn cá nhân và OTP,1.0,0.005593018199999999,0.9944069818,0.19999999999999996
ViSmish_01540,1,1,0.99950814,True,1.0,synthetic_hard_positive,Khác,1.0,0.99565988,0.004340119999999947,0.19999999999999996
ViSmish_01541,1,1,0.9996189,True,1.0,paraphrased,Tuyển dụng giả,1.0,0.9961694720000001,0.003830527999999944,0.19999999999999996
ViSmish_01542,0,0,0.9994523,True,1.0,external_curated,P2P hard negative,1.0,0.0045746493999999985,0.9954253506,0.19999999999999996
ViSmish_01547,1,1,0.99960405,True,1.0,paraphrased,Crypto / Đầu tư giả,1.0,0.9960969319999999,0.003903068000000065,0.19999999999999996
ViSmish_01549,0,0,0.9994696,True,1.0,real,Khác,1.0,0.004503897599999999,0.9954961024,0.19999999999999996
ViSmish_01551,1,1,0.9996191,True,1.0,paraphrased,Dịch vụ công giả,1.0,0.996170974,0.003829026000000013,0.19999999999999996
ViSmish_01552,0,0,0.99937576,True,1.0,external_curated,P2P hard negative,1.0,0.0048768319999999985,0.995123168,0.19999999999999996
ViSmish_01556,0,0,0.9994843,True,1.0,real,Dịch vụ công thật,1.0,0.004442185999999999,0.995557814,0.19999999999999996
ViSmish_01557,0,0,0.9994848,True,1.0,synthetic,Thương mại điện tử,1.0,0.004440104599999999,0.9955598954,0.19999999999999996
ViSmish_01558,1,1,0.99952435,True,1.0,paraphrased,Đòi nợ / Đe dọa,1.0,0.99573,0.004269999999999996,0.19999999999999996
ViSmish_01562,1,1,0.9996234,True,1.0,paraphrased,Dịch vụ công giả,1.0,0.9961923,0.0038076999999999694,0.19999999999999996
ViSmish_01564,1,1,0.99961543,True,1.0,paraphrased,Tuyển dụng giả,1.0,0.99615298,0.0038470200000000343,0.19999999999999996
ViSmish_01565,1,1,0.99950516,True,1.0,paraphrased,Đòi nợ / Đe dọa,1.0,0.9956468,0.004353199999999946,0.19999999999999996
ViSmish_01567,1,1,0.9995617,True,1.0,paraphrased,BHXH / Trợ cấp giả,1.0,0.9958983,0.004101699999999986,0.19999999999999996
ViSmish_01568,0,0,0.9994679,True,1.0,synthetic,Dịch vụ công thật,1.0,0.0045105731999999996,0.9954894268,0.19999999999999996
ViSmish_01569,0,0,0.99946994,True,1.0,real,Tin nhắn cá nhân và OTP,1.0,0.004502249199999999,0.9954977508,0.19999999999999996
ViSmish_01570,1,1,0.9996024,True,1.0,paraphrased,Cờ bạc / Betting,1.0,0.99608896,0.003911039999999977,0.19999999999999996
ViSmish_01575,0,0,0.99948186,True,1.0,synthetic,Vận chuyển,1.0,0.004452331399999999,0.9955476686,0.19999999999999996
ViSmish_01576,1,1,0.99961334,True,1.0,paraphrased,Đòi nợ / Đe dọa,1.0,0.99614218,0.003857820000000012,0.19999999999999996
ViSmish_01578,1,1,0.9996191,True,1.0,paraphrased,Giả mạo ngân hàng,1.0,0.99617108,0.0038289200000000134,0.19999999999999996
ViSmish_01579,1,1,0.99891937,True,1.0,paraphrased,Crypto / Đầu tư giả,1.0,0.9936311600000001,0.006368839999999931,0.19999999999999996
ViSmish_01581,0,0,0.99933213,True,1.0,external_curated,P2P hard negative,1.0,0.005040158799999999,0.9949598412,0.19999999999999996
ViSmish_01582,1,1,0.99961495,True,1.0,paraphrased,Giả mạo ngân hàng,1.0,0.99615038,0.003849619999999998,0.19999999999999996
ViSmish_01583,0,0,0.9993668,True,1.0,real,Tin nhắn cá nhân và OTP,1.0,0.004910659799999999,0.9950893402,0.19999999999999996
ViSmish_01584,1,1,0.9995233,True,1.0,paraphrased,Giả mạo ngân hàng,1.0,0.99572562,0.004274380000000022,0.19999999999999996
ViSmish_01586,0,0,0.99948406,True,1.0,synthetic,Viễn thông,1.0,0.004442849399999999,0.9955571506,0.19999999999999996
ViSmish_01588,0,0,0.99946684,True,1.0,real,Viễn thông,1.0,0.004515250799999999,0.9954847492,0.19999999999999996
ViSmish_01590,1,1,0.9995577,True,1.0,synthetic_hard_positive,BHXH / Trợ cấp giả,1.0,0.9958797699999999,0.004120230000000058,0.19999999999999996
ViSmish_01591,1,1,0.99960726,True,1.0,paraphrased,Tuyển dụng giả,1.0,0.99611246,0.0038875400000000226,0.19999999999999996
ViSmish_01593,0,0,0.99940777,True,1.0,synthetic,Ngân hàng thật,1.0,0.004753132599999999,0.9952468674,0.19999999999999996
ViSmish_01594,1,1,0.9996107,True,1.0,paraphrased,Dịch vụ công giả,1.0,0.9961291800000001,0.0038708199999999415,0.19999999999999996
ViSmish_01595,1,1,0.99960524,True,1.0,paraphrased,Crypto / Đầu tư giả,1.0,0.9961028199999999,0.0038971800000000556,0.19999999999999996
ViSmish_01596,0,0,0.99935263,True,1.0,external_curated,P2P hard negative,1.0,0.004964018199999999,0.9950359818,0.19999999999999996
ViSmish_01597,1,1,0.9995627,True,1.0,paraphrased,BHXH / Trợ cấp giả,1.0,0.99590214,0.004097860000000009,0.19999999999999996
ViSmish_01598,1,1,0.99957925,True,1.0,paraphrased,Giả mạo ngân hàng,1.0,0.99597924,0.004020759999999957,0.19999999999999996
ViSmish_01600,1,1,0.99950147,True,1.0,synthetic_hard_positive,Tuyển dụng giả,1.0,0.9956307879999999,0.004369212000000067,0.19999999999999996
ViSmish_01602,0,0,0.99937576,True,1.0,real,Viễn thông,1.0,0.004876661999999999,0.995123338,0.19999999999999996
ViSmish_01604,0,0,0.9994821,True,1.0,synthetic,Tin nhắn cá nhân và OTP,1.0,0.004451623199999999,0.9955483768,0.19999999999999996
ViSmish_01606,1,1,0.99957854,True,1.0,paraphrased,Crypto / Đầu tư giả,1.0,0.995975828,0.004024172000000048,0.19999999999999996
ViSmish_01607,1,1,0.999622,True,1.0,paraphrased,Crypto / Đầu tư giả,1.0,0.9961852,0.003814800000000007,0.19999999999999996
ViSmish_01608,0,0,0.999474,True,1.0,real,Khác,1.0,0.004485573999999999,0.995514426,0.19999999999999996
ViSmish_01609,0,0,0.99946016,True,1.0,external_real,P2P hội thoại thông thường,1.0,0.004542736999999999,0.995457263,0.19999999999999996
ViSmish_01610,0,0,0.99948186,True,1.0,synthetic,Viễn thông,1.0,0.004452235999999998,0.995547764,0.19999999999999996
ViSmish_01612,1,1,0.9995999,True,1.0,paraphrased,Crypto / Đầu tư giả,1.0,0.9960766919999999,0.00392330800000007,0.19999999999999996
ViSmish_01613,1,1,0.99958235,True,1.0,paraphrased,Crypto / Đầu tư giả,1.0,0.995993472,0.004006528000000009,0.19999999999999996
ViSmish_01616,0,0,0.99940586,True,1.0,real,Quảng cáo hợp lệ,1.0,0.004760441199999999,0.9952395588,0.19999999999999996
ViSmish_01617,1,1,0.99956816,True,1.0,paraphrased,Crypto / Đầu tư giả,1.0,0.99592786,0.004072140000000002,0.19999999999999996
ViSmish_01619,0,0,0.99933296,True,1.0,synthetic,Dịch vụ công thật,1.0,0.005036707199999999,0.9949632928,0.19999999999999996
ViSmish_01621,0,0,0.9994566,True,1.0,synthetic,Tin nhắn cá nhân và OTP,1.0,0.004557068999999999,0.995442931,0.19999999999999996
ViSmish_01623,1,1,0.9996171,True,1.0,paraphrased,Crypto / Đầu tư giả,1.0,0.9961610320000001,0.0038389679999999426,0.19999999999999996
ViSmish_01624,1,1,0.9670706,True,1.0,real,Cờ bạc / Betting,1.0,0.968843592,0.03115640799999997,0.19999999999999996
ViSmish_01625,0,0,0.9993886,True,1.0,real,Viễn thông,1.0,0.004827454999999999,0.995172545,0.19999999999999996
ViSmish_01627,1,1,0.99962556,True,1.0,paraphrased,Tuyển dụng giả,1.0,0.99620272,0.003797280000000014,0.19999999999999996
ViSmish_01628,0,0,0.9994727,True,1.0,synthetic,Vận chuyển,1.0,0.004490761399999999,0.9955092386,0.19999999999999996
ViSmish_01629,0,0,0.9993974,True,1.0,real,Viễn thông,1.0,0.004793437599999999,0.9952065624,0.19999999999999996
ViSmish_01632,1,1,0.9996118,True,1.0,paraphrased,Tuyển dụng giả,1.0,0.99613464,0.00386536000000004,0.19999999999999996
ViSmish_01633,1,1,0.9996136,True,1.0,paraphrased,BHXH / Trợ cấp giả,1.0,0.9961432,0.0038567999999999936,0.19999999999999996
ViSmish_01634,1,1,0.9996141,True,1.0,paraphrased,Tuyển dụng giả,1.0,0.996146428,0.0038535720000000273,0.19999999999999996
ViSmish_01636,1,1,0.99961734,True,1.0,paraphrased,Đòi nợ / Đe dọa,1.0,0.9961622720000001,0.003837727999999929,0.19999999999999996
ViSmish_01637,1,1,0.9995233,True,1.0,paraphrased,Đòi nợ / Đe dọa,1.0,0.9957255,0.004274499999999959,0.19999999999999996
ViSmish_01638,1,1,0.99946827,True,1.0,synthetic_hard_positive,Khác,1.0,0.9954909000000001,0.004509099999999933,0.19999999999999996
ViSmish_01639,0,0,0.9994147,True,1.0,synthetic,Viễn thông,1.0,0.004725903199999999,0.9952740968,0.19999999999999996
ViSmish_01640,1,1,0.9995652,True,1.0,paraphrased,Crypto / Đầu tư giả,1.0,0.9959138000000001,0.004086199999999929,0.19999999999999996
ViSmish_01643,0,0,0.99945956,True,1.0,real,Khác,1.0,0.004544884399999999,0.9954551156,0.19999999999999996
ViSmish_01644,1,1,0.99962425,True,1.0,paraphrased,BHXH / Trợ cấp giả,1.0,0.99619627,0.003803730000000005,0.19999999999999996
ViSmish_01646,1,1,0.9995945,True,1.0,paraphrased,BHXH / Trợ cấp giả,1.0,0.99605122,0.003948779999999985,0.19999999999999996
ViSmish_01647,1,1,0.9996056,True,1.0,paraphrased,Crypto / Đầu tư giả,1.0,0.99610473,0.0038952700000000062,0.19999999999999996
ViSmish_01648,1,1,0.99962306,True,1.0,paraphrased,Đòi nợ / Đe dọa,1.0,0.99619026,0.003809740000000006,0.19999999999999996
ViSmish_01651,0,0,0.9994754,True,1.0,synthetic,Vận chuyển,1.0,0.0044795135999999985,0.9955204864,0.19999999999999996
ViSmish_01652,0,0,0.999466,True,1.0,synthetic,Tin nhắn cá nhân và OTP,1.0,0.004518467599999999,0.9954815324,0.19999999999999996
ViSmish_01654,0,0,0.9994399,True,1.0,synthetic,Dịch vụ y tế,1.0,0.004625040999999999,0.995374959,0.19999999999999996
ViSmish_01655,0,0,0.9988188,True,1.0,real,Dịch vụ công thật,1.0,0.006649041999999998,0.993350958,0.19999999999999996
ViSmish_01656,1,1,0.99962354,True,1.0,paraphrased,Dịch vụ công giả,1.0,0.9961925,0.0038074999999999637,0.19999999999999996
ViSmish_01659,1,1,0.99961406,True,1.0,paraphrased,Đòi nợ / Đe dọa,1.0,0.996145486,0.003854514000000031,0.19999999999999996
ViSmish_01660,0,0,0.9994361,True,1.0,synthetic,Tin nhắn cá nhân và OTP,1.0,0.004640238399999999,0.9953597616,0.19999999999999996
ViSmish_01661,0,0,0.9993272,True,1.0,real,Viễn thông,1.0,0.005058185399999999,0.9949418146,0.19999999999999996
ViSmish_01662,0,0,0.9987185,True,1.0,real,Ngân hàng thật,1.0,0.006916425399999998,0.9930835746,0.19999999999999996
ViSmish_01663,1,1,0.9994106,True,1.0,synthetic_hard_positive,Khác,1.0,0.995258272,0.004741727999999945,0.19999999999999996
ViSmish_01665,0,0,0.9993954,True,1.0,synthetic,Thương mại điện tử,1.0,0.004801170999999999,0.995198829,0.19999999999999996
ViSmish_01667,1,1,0.9996264,True,1.0,paraphrased,Tuyển dụng giả,1.0,0.99620666,0.0037933399999999784,0.19999999999999996
ViSmish_01668,0,0,0.99947876,True,1.0,synthetic,Thương mại điện tử,1.0,0.004465382999999999,0.995534617,0.19999999999999996
ViSmish_01670,0,0,0.9994758,True,1.0,synthetic,Viễn thông,1.0,0.004477895399999999,0.9955221046,0.19999999999999996
ViSmish_01671,0,0,0.99946195,True,1.0,synthetic,Dịch vụ công thật,1.0,0.004535273999999999,0.995464726,0.19999999999999996
ViSmish_01672,1,1,0.99945265,True,1.0,synthetic_hard_positive,Đòi nợ / Đe dọa,1.0,0.99542663,0.004573370000000021,0.19999999999999996
ViSmish_01673,1,1,0.99960047,True,1.0,paraphrased,Đòi nợ / Đe dọa,1.0,0.9960800599999999,0.003919940000000066,0.19999999999999996
ViSmish_01676,0,0,0.99940443,True,1.0,external_curated,P2P hard negative,1.0,0.004765903999999999,0.995234096,0.19999999999999996
ViSmish_01677,0,0,0.99940825,True,1.0,synthetic,Dịch vụ y tế,1.0,0.004751028399999999,0.9952489716,0.19999999999999996
ViSmish_01678,0,0,0.9994117,True,1.0,real,Ngân hàng thật,1.0,0.004737360399999999,0.9952626396,0.19999999999999996
ViSmish_01680,1,1,0.9996232,True,1.0,paraphrased,Dịch vụ công giả,1.0,0.99619099,0.0038090100000000016,0.19999999999999996
ViSmish_01681,0,0,0.99937457,True,1.0,real,Tin nhắn cá nhân và OTP,1.0,0.0048813725999999995,0.9951186274,0.19999999999999996
ViSmish_01684,1,1,0.9996172,True,1.0,paraphrased,Cờ bạc / Betting,1.0,0.996161592,0.0038384080000000154,0.19999999999999996
ViSmish_01685,1,1,0.9994777,True,1.0,synthetic_hard_positive,Khác,1.0,0.995530034,0.004469966000000047,0.19999999999999996
ViSmish_01687,1,1,0.999597,True,1.0,paraphrased,Dịch vụ công giả,1.0,0.996063292,0.003936708000000011,0.19999999999999996
ViSmish_01688,1,1,0.9995408,True,1.0,synthetic_hard_positive,Giả mạo ngân hàng,1.0,0.99580302,0.004196980000000017,0.19999999999999996
ViSmish_01690,0,0,0.9988023,True,1.0,real,Tin nhắn cá nhân và OTP,1.0,0.006693890599999999,0.9933061094,0.19999999999999996
ViSmish_01691,1,1,0.99958175,True,1.0,paraphrased,Cờ bạc / Betting,1.0,0.995990908,0.004009091999999992,0.19999999999999996
ViSmish_01692,1,1,0.9995227,True,1.0,paraphrased,Dịch vụ công giả,1.0,0.9957229400000001,0.004277059999999944,0.19999999999999996
ViSmish_01693,0,0,0.9993067,True,1.0,real,Viễn thông,1.0,0.005132872599999999,0.9948671274,0.19999999999999996
ViSmish_01694,0,0,0.9994252,True,1.0,external_curated,P2P hard negative,1.0,0.004684403199999999,0.9953155968,0.19999999999999996
ViSmish_01695,1,1,0.9990231,True,1.0,paraphrased,Cờ bạc / Betting,1.0,0.9939354300000001,0.006064569999999936,0.19999999999999996
ViSmish_01696,0,0,0.99943966,True,1.0,real,Quảng cáo hợp lệ,1.0,0.004626021199999999,0.9953739788,0.19999999999999996
ViSmish_01698,1,1,0.99959356,True,1.0,paraphrased,Dịch vụ công giả,1.0,0.99604665,0.003953349999999967,0.19999999999999996
ViSmish_01699,0,0,0.9994542,True,1.0,synthetic,Tin nhắn cá nhân và OTP,1.0,0.0045667875999999994,0.9954332124,0.19999999999999996
ViSmish_01700,0,0,0.9990637,True,1.0,synthetic,Quảng cáo hợp lệ,1.0,0.005940851599999999,0.9940591484,0.19999999999999996
ViSmish_01701,0,0,0.9994191,True,1.0,real,Viễn thông,1.0,0.004708228199999999,0.9952917718,0.19999999999999996
ViSmish_01704,0,0,0.99946517,True,1.0,synthetic,Ngân hàng thật,1.0,0.004521836399999999,0.9954781636,0.19999999999999996
ViSmish_01705,1,1,0.9995946,True,1.0,paraphrased,Tuyển dụng giả,1.0,0.99605202,0.003947979999999962,0.19999999999999996
ViSmish_01706,0,0,0.99942964,True,1.0,synthetic,Thương mại điện tử,1.0,0.004666396599999999,0.9953336034,0.19999999999999996
ViSmish_01709,0,0,0.99930227,True,1.0,real,Viễn thông,1.0,0.005148522599999999,0.9948514774,0.19999999999999996
ViSmish_01710,1,1,0.9996216,True,1.0,paraphrased,Cờ bạc / Betting,1.0,0.9961833600000001,0.0038166399999999268,0.19999999999999996
ViSmish_01711,1,1,0.9995908,True,1.0,paraphrased,Crypto / Đầu tư giả,1.0,0.9960334399999999,0.003966560000000063,0.19999999999999996
ViSmish_01712,0,0,0.9993476,True,1.0,external_curated,P2P hard negative,1.0,0.004982549999999999,0.99501745,0.19999999999999996
ViSmish_01714,0,0,0.9994795,True,1.0,synthetic,Quảng cáo hợp lệ,1.0,0.004462388999999999,0.995537611,0.19999999999999996
ViSmish_01715,1,1,0.99947137,True,1.0,synthetic_hard_positive,Đòi nợ / Đe dọa,1.0,0.99550395,0.004496049999999974,0.19999999999999996
ViSmish_01717,1,1,0.9995709,True,1.0,paraphrased,Nội dung nhạy cảm,1.0,0.9959406,0.004059400000000046,0.19999999999999996
ViSmish_01719,0,0,0.99932754,True,1.0,real,Viễn thông,1.0,0.005057102399999999,0.9949428976,0.19999999999999996
ViSmish_01720,0,0,0.9994804,True,1.0,synthetic,Tin nhắn cá nhân và OTP,1.0,0.004458269999999999,0.99554173,0.19999999999999996
ViSmish_01721,1,1,0.9995808,True,1.0,paraphrased,Đòi nợ / Đe dọa,1.0,0.995986248,0.0040137519999999816,0.19999999999999996
ViSmish_01725,1,1,0.99961215,True,1.0,paraphrased,Cờ bạc / Betting,1.0,0.99613664,0.0038633599999999824,0.19999999999999996
ViSmish_01726,0,0,0.9993894,True,1.0,synthetic,Dịch vụ công thật,1.0,0.004824258399999999,0.9951757416,0.19999999999999996
ViSmish_01727,0,0,0.9993876,True,1.0,external_real,P2P hội thoại thông thường,1.0,0.004831179599999999,0.9951688204,0.19999999999999996
ViSmish_01728,0,0,0.9994956,True,1.0,synthetic,Quảng cáo hợp lệ,1.0,0.004393879999999999,0.99560612,0.19999999999999996
ViSmish_01729,0,0,0.99935395,True,1.0,synthetic,Quảng cáo hợp lệ,1.0,0.004959027399999999,0.9950409726,0.19999999999999996
ViSmish_01730,0,0,0.99940574,True,1.0,synthetic,Dịch vụ công thật,1.0,0.004760677999999999,0.995239322,0.19999999999999996
ViSmish_01732,0,0,0.999466,True,1.0,synthetic,Vận chuyển,1.0,0.004518598999999999,0.995481401,0.19999999999999996
ViSmish_01733,1,1,0.9996131,True,1.0,paraphrased,Dịch vụ công giả,1.0,0.996140992,0.0038590080000000526,0.19999999999999996
ViSmish_01734,0,0,0.9993069,True,1.0,external_curated,P2P hard negative,1.0,0.005132114799999999,0.9948678852,0.19999999999999996
ViSmish_01736,1,1,0.9995493,True,1.0,paraphrased,Cờ bạc / Betting,1.0,0.99584138,0.004158620000000002,0.19999999999999996
ViSmish_01738,0,0,0.9994411,True,1.0,real,Tin nhắn cá nhân và OTP,1.0,0.004620236999999999,0.995379763,0.19999999999999996
ViSmish_01740,1,1,0.9995814,True,1.0,paraphrased,Đòi nợ / Đe dọa,1.0,0.99598914,0.0040108599999999495,0.19999999999999996
ViSmish_01741,1,1,0.9996045,True,1.0,paraphrased,BHXH / Trợ cấp giả,1.0,0.9960992,0.0039008000000000376,0.19999999999999996
ViSmish_01742,1,1,0.99946886,True,1.0,synthetic_hard_positive,Đòi nợ / Đe dọa,1.0,0.99549312,0.004506879999999991,0.19999999999999996
ViSmish_01745,0,0,0.99941194,True,1.0,synthetic,Dịch vụ công thật,1.0,0.004736374399999999,0.9952636256,0.19999999999999996
ViSmish_01746,1,1,0.9996164,True,1.0,paraphrased,Tuyển dụng giả,1.0,0.9961575,0.003842499999999971,0.19999999999999996
ViSmish_01747,0,0,0.99939704,True,1.0,real,Viễn thông,1.0,0.004794689599999999,0.9952053104,0.19999999999999996
ViSmish_01748,1,1,0.9996245,True,1.0,paraphrased,Crypto / Đầu tư giả,1.0,0.99619746,0.003802540000000021,0.19999999999999996
ViSmish_01749,0,0,0.9994487,True,1.0,synthetic,Ngân hàng thật,1.0,0.0045893159999999995,0.995410684,0.19999999999999996
ViSmish_01751,0,0,0.9988978,True,1.0,real,Dịch vụ công thật,1.0,0.006429819999999998,0.99357018,0.19999999999999996
ViSmish_01752,0,0,0.9994867,True,1.0,real,Khác,1.0,0.004432123999999999,0.995567876,0.19999999999999996
ViSmish_01753,0,0,0.9993734,True,1.0,real,Viễn thông,1.0,0.004885792799999999,0.9951142072,0.19999999999999996
ViSmish_01754,1,1,0.9996215,True,1.0,paraphrased,Nội dung nhạy cảm,1.0,0.996182548,0.0038174520000000545,0.19999999999999996
ViSmish_01756,0,0,0.99947006,True,1.0,real,Tin nhắn cá nhân và OTP,1.0,0.004501635599999999,0.9954983644,0.19999999999999996
ViSmish_01757,1,1,0.9994759,True,1.0,synthetic_hard_positive,Khác,1.0,0.995522428,0.004477571999999985,0.19999999999999996
ViSmish_01759,0,0,0.9994603,True,1.0,real,Khác,1.0,0.004541864199999999,0.9954581358,0.19999999999999996
ViSmish_01760,1,1,0.9996131,True,1.0,paraphrased,BHXH / Trợ cấp giả,1.0,0.99614129,0.003858710000000043,0.19999999999999996
ViSmish_01761,0,0,0.99941814,True,1.0,real,Viễn thông,1.0,0.004712040799999999,0.9952879592,0.19999999999999996
ViSmish_01764,0,0,0.99946266,True,1.0,synthetic,Tin nhắn cá nhân và OTP,1.0,0.004532461199999999,0.9954675388,0.19999999999999996
ViSmish_01766,0,0,0.99945027,True,1.0,synthetic,Ngân hàng thật,1.0,0.004583115599999999,0.9954168844,0.19999999999999996
ViSmish_01767,1,1,0.9996152,True,1.0,paraphrased,Giả mạo ngân hàng,1.0,0.996151472,0.0038485280000000177,0.19999999999999996
ViSmish_01770,1,1,0.9996101,True,1.0,paraphrased,Giả mạo ngân hàng,1.0,0.99612664,0.003873360000000048,0.19999999999999996
ViSmish_01771,1,1,0.9996024,True,1.0,paraphrased,Tuyển dụng giả,1.0,0.99608902,0.003910980000000008,0.19999999999999996
ViSmish_01772,1,1,0.999571,True,1.0,paraphrased,Dịch vụ công giả,1.0,0.99594065,0.004059350000000017,0.19999999999999996
ViSmish_01773,1,1,0.9996014,True,1.0,paraphrased,Cờ bạc / Betting,1.0,0.99608462,0.003915380000000024,0.19999999999999996
ViSmish_01775,1,1,0.99960846,True,1.0,paraphrased,Nội dung nhạy cảm,1.0,0.99611852,0.0038814799999999927,0.19999999999999996
ViSmish_01776,1,1,0.99955577,True,1.0,paraphrased,Cờ bạc / Betting,1.0,0.9958706740000001,0.004129325999999933,0.19999999999999996
ViSmish_01777,0,0,0.99948406,True,1.0,synthetic,Thương mại điện tử,1.0,0.004443131999999999,0.995556868,0.19999999999999996
ViSmish_01778,1,1,0.9996099,True,1.0,paraphrased,Dịch vụ công giả,1.0,0.99612554,0.003874460000000024,0.19999999999999996
ViSmish_01780,0,0,0.99940276,True,1.0,synthetic,Viễn thông,1.0,0.004772567999999999,0.995227432,0.19999999999999996
ViSmish_01781,0,0,0.9993498,True,1.0,real,Viễn thông,1.0,0.004974703199999999,0.9950252968,0.19999999999999996
ViSmish_01782,1,1,0.99088633,True,1.0,real,Cờ bạc / Betting,1.0,0.98249784,0.017502160000000044,0.19999999999999996
ViSmish_01785,1,1,0.9996145,True,1.0,paraphrased,Cờ bạc / Betting,1.0,0.99614824,0.003851759999999982,0.19999999999999996
ViSmish_01787,1,1,0.9996106,True,1.0,paraphrased,Dịch vụ công giả,1.0,0.9961287,0.003871300000000022,0.19999999999999996
ViSmish_01789,0,0,0.9994629,True,1.0,synthetic,Dịch vụ y tế,1.0,0.004531384599999999,0.9954686154,0.19999999999999996
ViSmish_01791,0,0,0.9994916,True,1.0,synthetic,Tin nhắn cá nhân và OTP,1.0,0.004411333399999998,0.9955886666,0.19999999999999996
ViSmish_01793,0,0,0.99947304,True,1.0,synthetic,Vận chuyển,1.0,0.004489554399999999,0.9955104456,0.19999999999999996
ViSmish_01794,0,0,0.9992225,True,1.0,synthetic,Thương mại điện tử,1.0,0.005427561999999999,0.994572438,0.19999999999999996
ViSmish_01795,0,0,0.9994246,True,1.0,real,Dịch vụ công thật,1.0,0.004686609199999999,0.9953133908,0.19999999999999996
ViSmish_01796,0,0,0.99945754,True,1.0,synthetic,Tin nhắn cá nhân và OTP,1.0,0.004553258799999999,0.9954467412,0.19999999999999996
ViSmish_01797,1,1,0.99957937,True,1.0,paraphrased,Nội dung nhạy cảm,1.0,0.99597986,0.00402013999999995,0.19999999999999996
ViSmish_01798,1,1,0.999554,True,1.0,paraphrased,Nội dung nhạy cảm,1.0,0.9958626859999999,0.0041373140000000586,0.19999999999999996
ViSmish_01802,1,1,0.9994734,True,1.0,synthetic_hard_positive,Khác,1.0,0.995512188,0.0044878120000000354,0.19999999999999996
ViSmish_01805,0,0,0.9994584,True,1.0,synthetic,Dịch vụ công thật,1.0,0.004549841599999999,0.9954501584,0.19999999999999996
ViSmish_01806,0,0,0.99946636,True,1.0,synthetic,Viễn thông,1.0,0.004517226199999998,0.9954827738,0.19999999999999996
ViSmish_01809,0,0,0.9994752,True,1.0,synthetic,Thương mại điện tử,1.0,0.004480390999999999,0.995519609,0.19999999999999996
ViSmish_01811,1,1,0.99948186,True,1.0,synthetic_hard_positive,Đòi nợ / Đe dọa,1.0,0.9955476999999999,0.004452300000000076,0.19999999999999996
ViSmish_01812,0,0,0.99913955,True,1.0,real,Khác,1.0,0.005701899599999999,0.9942981004,0.19999999999999996
ViSmish_01813,1,1,0.9996093,True,1.0,paraphrased,Tuyển dụng giả,1.0,0.99612262,0.0038773800000000413,0.19999999999999996
ViSmish_01814,1,1,0.9996063,True,1.0,paraphrased,Đòi nợ / Đe dọa,1.0,0.9961082800000001,0.003891719999999932,0.19999999999999996
ViSmish_01815,0,0,0.99944085,True,1.0,real,Ngân hàng thật,1.0,0.004621320199999999,0.9953786798,0.19999999999999996
ViSmish_01816,1,1,0.9996166,True,1.0,paraphrased,Dịch vụ công giả,1.0,0.99615888,0.003841120000000031,0.19999999999999996
ViSmish_01817,1,1,0.99962854,True,1.0,paraphrased,Tuyển dụng giả,1.0,0.996217632,0.0037823679999999804,0.19999999999999996
ViSmish_01820,1,1,0.9996319,True,1.0,paraphrased,BHXH / Trợ cấp giả,1.0,0.996234428,0.0037655720000000503,0.19999999999999996
ViSmish_01821,1,1,0.999579,True,1.0,synthetic_hard_positive,Tuyển dụng giả,1.0,0.99597822,0.004021779999999975,0.19999999999999996
ViSmish_01824,1,1,0.99957293,True,1.0,paraphrased,Cờ bạc / Betting,1.0,0.9959496800000001,0.004050319999999941,0.19999999999999996
ViSmish_01825,0,0,0.99948126,True,1.0,real,Tin nhắn cá nhân và OTP,1.0,0.004455043399999999,0.9955449566,0.19999999999999996
ViSmish_01826,1,1,0.99953127,True,1.0,paraphrased,Cờ bạc / Betting,1.0,0.99576056,0.004239439999999983,0.19999999999999996
ViSmish_01828,1,1,0.9993599,True,1.0,paraphrased,Đòi nợ / Đe dọa,1.0,0.9950634,0.004936599999999958,0.19999999999999996
ViSmish_01829,1,1,0.9995466,True,1.0,paraphrased,Nội dung nhạy cảm,1.0,0.99582938,0.004170620000000014,0.19999999999999996
ViSmish_01830,0,0,0.99946636,True,1.0,real,Viễn thông,1.0,0.004517013599999999,0.9954829864,0.19999999999999996
ViSmish_01831,1,1,0.99949896,True,1.0,synthetic_hard_positive,BHXH / Trợ cấp giả,1.0,0.99562048,0.00437951999999997,0.19999999999999996
ViSmish_01832,0,0,0.9993051,True,1.0,external_curated,P2P hard negative,1.0,0.0051381933999999985,0.9948618066,0.19999999999999996
ViSmish_01834,1,1,0.9996226,True,1.0,paraphrased,Giả mạo ngân hàng,1.0,0.99618792,0.0038120799999999955,0.19999999999999996
ViSmish_01835,1,1,0.9996107,True,1.0,paraphrased,Cờ bạc / Betting,1.0,0.996129692,0.003870307999999989,0.19999999999999996
ViSmish_01836,1,1,0.9996234,True,1.0,paraphrased,BHXH / Trợ cấp giả,1.0,0.99619196,0.0038080400000000125,0.19999999999999996
ViSmish_01837,0,0,0.99947494,True,1.0,real,Khác,1.0,0.004481383799999999,0.9955186162,0.19999999999999996
ViSmish_01838,0,0,0.9994343,True,1.0,real,Tin nhắn cá nhân và OTP,1.0,0.004647799999999999,0.9953522,0.19999999999999996
ViSmish_01839,1,1,0.9995635,True,1.0,synthetic_hard_positive,Giả mạo ngân hàng,1.0,0.9959062599999999,0.004093740000000068,0.19999999999999996
ViSmish_01840,0,0,0.99947983,True,1.0,synthetic,Tin nhắn cá nhân và OTP,1.0,0.004461066799999999,0.9955389332,0.19999999999999996
ViSmish_01841,0,0,0.9991247,True,1.0,synthetic,Ngân hàng thật,1.0,0.005749475999999999,0.994250524,0.19999999999999996
ViSmish_01842,0,0,0.9993807,True,1.0,real,Viễn thông,1.0,0.0048576741999999985,0.9951423258,0.19999999999999996
ViSmish_01843,1,1,0.9996319,True,1.0,paraphrased,BHXH / Trợ cấp giả,1.0,0.996234072,0.003765927999999974,0.19999999999999996
ViSmish_01844,1,1,0.99961334,True,1.0,paraphrased,BHXH / Trợ cấp giả,1.0,0.99614253,0.0038574700000000295,0.19999999999999996
ViSmish_01845,0,0,0.99945694,True,1.0,real,Tin nhắn cá nhân và OTP,1.0,0.004555956199999999,0.9954440438,0.19999999999999996
ViSmish_01846,1,1,0.99962986,True,1.0,paraphrased,BHXH / Trợ cấp giả,1.0,0.99622438,0.0037756199999999795,0.19999999999999996
ViSmish_01847,0,0,0.9994727,True,1.0,synthetic,Tin nhắn cá nhân và OTP,1.0,0.004490949999999999,0.99550905,0.19999999999999996
ViSmish_01850,0,0,0.9980635,True,1.0,external_curated,P2P hard negative,1.0,0.008437883999999998,0.991562116,0.19999999999999996
ViSmish_01852,0,0,0.9993711,True,1.0,external_curated,P2P hard negative,1.0,0.0048945299999999985,0.99510547,0.19999999999999996
ViSmish_01853,1,1,0.9995123,True,1.0,synthetic_hard_positive,Dịch vụ công giả,1.0,0.9956776,0.0043223999999999485,0.19999999999999996
ViSmish_01855,1,1,0.9988543,True,1.0,paraphrased,Tuyển dụng giả,1.0,0.993448388,0.0065516119999999844,0.19999999999999996
ViSmish_01856,0,0,0.99938524,True,1.0,external_curated,P2P hard negative,1.0,0.004840079399999999,0.9951599206,0.19999999999999996
ViSmish_01857,1,1,0.9996253,True,1.0,paraphrased,Dịch vụ công giả,1.0,0.9962018,0.003798199999999974,0.19999999999999996
ViSmish_01859,1,1,0.99962306,True,1.0,paraphrased,Cờ bạc / Betting,1.0,0.99619046,0.00380954,0.19999999999999996
ViSmish_01862,0,0,0.9994542,True,1.0,real,Khác,1.0,0.004566929999999999,0.99543307,0.19999999999999996
ViSmish_01863,1,1,0.9996244,True,1.0,paraphrased,Dịch vụ công giả,1.0,0.99619684,0.0038031600000000276,0.19999999999999996
ViSmish_01864,1,1,0.99962175,True,1.0,paraphrased,Dịch vụ công giả,1.0,0.996183932,0.003816068000000006,0.19999999999999996
ViSmish_01865,0,0,0.9994611,True,1.0,synthetic,Quảng cáo hợp lệ,1.0,0.004538559199999999,0.9954614408,0.19999999999999996
ViSmish_01866,0,0,0.999483,True,1.0,real,Khác,1.0,0.004447242599999999,0.9955527574,0.19999999999999996
ViSmish_01867,1,1,0.9996136,True,1.0,paraphrased,Crypto / Đầu tư giả,1.0,0.9961433,0.003856700000000046,0.19999999999999996
ViSmish_01869,1,1,0.9996296,True,1.0,paraphrased,Dịch vụ công giả,1.0,0.99622326,0.003776739999999945,0.19999999999999996
ViSmish_01870,1,1,0.9995983,True,1.0,paraphrased,Nội dung nhạy cảm,1.0,0.99606938,0.003930619999999996,0.19999999999999996
ViSmish_01871,0,0,0.9994167,True,1.0,external_real,P2P hội thoại thông thường,1.0,0.004717679599999999,0.9952823204,0.19999999999999996
ViSmish_01872,1,1,0.9996151,True,1.0,paraphrased,Giả mạo ngân hàng,1.0,0.9961509,0.0038491000000000497,0.19999999999999996
ViSmish_01873,1,1,0.9995684,True,1.0,paraphrased,Crypto / Đầu tư giả,1.0,0.995928752,0.004071248000000027,0.19999999999999996
ViSmish_01874,0,0,0.9993937,True,1.0,real,Dịch vụ công thật,1.0,0.0048074547999999995,0.9951925452,0.19999999999999996
ViSmish_01875,0,0,0.9992725,True,1.0,real,Dịch vụ công thật,1.0,0.0052546059999999985,0.994745394,0.19999999999999996
ViSmish_01876,1,1,0.99962175,True,1.0,paraphrased,Nội dung nhạy cảm,1.0,0.996183634,0.0038163660000000155,0.19999999999999996
ViSmish_01879,1,1,0.99950564,True,1.0,paraphrased,Crypto / Đầu tư giả,1.0,0.99564906,0.004350940000000025,0.19999999999999996
ViSmish_01880,1,1,0.999584,True,1.0,paraphrased,Giả mạo ngân hàng,1.0,0.9960017919999999,0.003998208000000059,0.19999999999999996
ViSmish_01881,1,1,0.9996203,True,1.0,paraphrased,Cờ bạc / Betting,1.0,0.99617706,0.0038229400000000524,0.19999999999999996
ViSmish_01884,0,0,0.9994893,True,1.0,synthetic,Vận chuyển,1.0,0.004420612399999999,0.9955793876,0.19999999999999996
ViSmish_01885,0,0,0.99937767,True,1.0,external_curated,P2P hard negative,1.0,0.004869545199999999,0.9951304548,0.19999999999999996
ViSmish_01886,1,1,0.99961,True,1.0,paraphrased,Nội dung nhạy cảm,1.0,0.99612614,0.0038738600000000067,0.19999999999999996
ViSmish_01889,1,1,0.9996145,True,1.0,paraphrased,Nội dung nhạy cảm,1.0,0.996148312,0.0038516880000000198,0.19999999999999996
ViSmish_01890,1,1,0.9996158,True,1.0,paraphrased,Crypto / Đầu tư giả,1.0,0.9961544,0.0038456000000000046,0.19999999999999996
ViSmish_01891,1,1,0.99961877,True,1.0,paraphrased,Tuyển dụng giả,1.0,0.996169066,0.003830934000000008,0.19999999999999996
ViSmish_01892,0,0,0.9991867,True,1.0,external_curated,P2P hard negative,1.0,0.005547791399999999,0.9944522086,0.19999999999999996
ViSmish_01894,0,0,0.99936074,True,1.0,external_curated,P2P hard negative,1.0,0.004933624999999999,0.995066375,0.19999999999999996
ViSmish_01895,0,0,0.99947053,True,1.0,synthetic,Thương mại điện tử,1.0,0.004499734199999999,0.9955002658,0.19999999999999996
ViSmish_01897,0,0,0.9994574,True,1.0,synthetic,Tin nhắn cá nhân và OTP,1.0,0.004553779199999999,0.9954462208,0.19999999999999996
ViSmish_01898,0,0,0.99940264,True,1.0,real,Viễn thông,1.0,0.0047729715999999985,0.9952270284,0.19999999999999996
ViSmish_01899,0,0,0.9994342,True,1.0,synthetic,Ngân hàng thật,1.0,0.004648176999999999,0.995351823,0.19999999999999996
ViSmish_01900,0,0,0.99942964,True,1.0,real,Viễn thông,1.0,0.004666403599999999,0.9953335964,0.19999999999999996
ViSmish_01901,0,0,0.9994456,True,1.0,real,Viễn thông,1.0,0.004602031999999999,0.995397968,0.19999999999999996
ViSmish_01902,0,0,0.9991885,True,1.0,external_curated,P2P hard negative,1.0,0.0055418299999999985,0.99445817,0.19999999999999996
ViSmish_01903,0,0,0.99948573,True,1.0,synthetic,Vận chuyển,1.0,0.004435709999999999,0.99556429,0.19999999999999996
ViSmish_01904,1,1,0.9996197,True,1.0,paraphrased,Tuyển dụng giả,1.0,0.996173788,0.0038262119999999955,0.19999999999999996
ViSmish_01905,1,1,0.9995372,True,1.0,paraphrased,Cờ bạc / Betting,1.0,0.99578731,0.004212690000000019,0.19999999999999996
ViSmish_01913,1,1,0.99944955,True,1.0,paraphrased,Nội dung nhạy cảm,1.0,0.99541424,0.004585759999999994,0.19999999999999996
ViSmish_01914,1,1,0.99960405,True,1.0,paraphrased,Dịch vụ công giả,1.0,0.9960969319999999,0.003903068000000065,0.19999999999999996
ViSmish_01916,1,1,0.99961925,True,1.0,paraphrased,Dịch vụ công giả,1.0,0.99617157,0.0038284299999999938,0.19999999999999996
ViSmish_01917,0,0,0.9994518,True,1.0,real,Tin nhắn cá nhân và OTP,1.0,0.004576566799999999,0.9954234332,0.19999999999999996
ViSmish_01918,1,1,0.99960953,True,1.0,paraphrased,BHXH / Trợ cấp giả,1.0,0.99612386,0.003876140000000028,0.19999999999999996
ViSmish_01919,0,0,0.99912876,True,1.0,real,Dịch vụ công thật,1.0,0.005736742999999998,0.994263257,0.19999999999999996
ViSmish_01920,1,1,0.9996227,True,1.0,paraphrased,BHXH / Trợ cấp giả,1.0,0.9961885,0.0038114999999999677,0.19999999999999996
ViSmish_01921,0,0,0.9991097,True,1.0,synthetic,Quảng cáo hợp lệ,1.0,0.005797315999999999,0.994202684,0.19999999999999996
ViSmish_01923,1,1,0.999613,True,1.0,paraphrased,Tuyển dụng giả,1.0,0.996140552,0.003859448000000043,0.19999999999999996
ViSmish_01924,1,1,0.99961925,True,1.0,paraphrased,Crypto / Đầu tư giả,1.0,0.99617138,0.0038286199999999493,0.19999999999999996
ViSmish_01925,1,1,0.99952185,True,1.0,synthetic_hard_positive,BHXH / Trợ cấp giả,1.0,0.995719468,0.0042805320000000036,0.19999999999999996
ViSmish_01928,1,1,0.9996247,True,1.0,paraphrased,Dịch vụ công giả,1.0,0.9961987,0.0038013000000000075,0.19999999999999996
ViSmish_01929,1,1,0.9996191,True,1.0,paraphrased,Giả mạo ngân hàng,1.0,0.9961707120000001,0.0038292879999999307,0.19999999999999996
ViSmish_01930,1,1,0.9996125,True,1.0,paraphrased,Cờ bạc / Betting,1.0,0.99613806,0.0038619399999999526,0.19999999999999996
ViSmish_01931,0,0,0.99947506,True,1.0,synthetic,Vận chuyển,1.0,0.004481069799999999,0.9955189302,0.19999999999999996
ViSmish_01932,0,0,0.9994312,True,1.0,real,Khác,1.0,0.004660050999999998,0.995339949,0.19999999999999996
ViSmish_01933,0,0,0.9994868,True,1.0,real,Tin nhắn cá nhân và OTP,1.0,0.004431377999999999,0.995568622,0.19999999999999996
ViSmish_01935,1,1,0.99961877,True,1.0,paraphrased,Cờ bạc / Betting,1.0,0.99616912,0.003830879999999981,0.19999999999999996
ViSmish_01936,1,1,0.9996189,True,1.0,paraphrased,BHXH / Trợ cấp giả,1.0,0.99616994,0.0038300599999999685,0.19999999999999996
ViSmish_01937,1,1,0.99962926,True,1.0,paraphrased,Crypto / Đầu tư giả,1.0,0.9962213,0.0037787000000000237,0.19999999999999996
ViSmish_01938,0,0,0.99938095,True,1.0,real,Viễn thông,1.0,0.004856512599999999,0.9951434874,0.19999999999999996
ViSmish_01940,1,1,0.9996307,True,1.0,paraphrased,BHXH / Trợ cấp giả,1.0,0.9962285399999999,0.0037714600000000598,0.19999999999999996
ViSmish_01944,0,0,0.9993587,True,1.0,real,Khác,1.0,0.004941371399999998,0.9950586286,0.19999999999999996
ViSmish_01947,1,1,0.9995371,True,1.0,paraphrased,Crypto / Đầu tư giả,1.0,0.995786786,0.004213213999999965,0.19999999999999996
ViSmish_01948,1,1,0.99951196,True,1.0,synthetic_hard_positive,Khác,1.0,0.9956759399999999,0.004324060000000074,0.19999999999999996
ViSmish_01951,1,1,0.9996308,True,1.0,paraphrased,BHXH / Trợ cấp giả,1.0,0.99622904,0.00377095999999999,0.19999999999999996
ViSmish_01952,1,1,0.9996184,True,1.0,paraphrased,Giả mạo ngân hàng,1.0,0.996167552,0.003832448000000044,0.19999999999999996
ViSmish_01954,1,1,0.99942625,True,1.0,real,Khác,1.0,0.9953200600000001,0.004679939999999938,0.19999999999999996
ViSmish_01955,0,0,0.9994487,True,1.0,external_real,P2P hội thoại thông thường,1.0,0.004589353199999999,0.9954106468,0.19999999999999996
ViSmish_01956,1,1,0.99949944,True,1.0,synthetic_hard_positive,Tuyển dụng giả,1.0,0.995622146,0.004377854000000014,0.19999999999999996
ViSmish_01957,1,1,0.9995578,True,1.0,paraphrased,Nội dung nhạy cảm,1.0,0.995879972,0.004120027999999998,0.19999999999999996
ViSmish_01959,0,0,0.9994191,True,1.0,external_real,P2P hội thoại thông thường,1.0,0.004708373199999999,0.9952916268,0.19999999999999996
ViSmish_01960,1,1,0.99961674,True,1.0,paraphrased,Dịch vụ công giả,1.0,0.996159088,0.0038409120000000296,0.19999999999999996
ViSmish_01962,1,1,0.9995989,True,1.0,paraphrased,Cờ bạc / Betting,1.0,0.99607266,0.003927339999999946,0.19999999999999996
ViSmish_01964,0,0,0.99937457,True,1.0,real,Khác,1.0,0.004881459999999999,0.99511854,0.19999999999999996
ViSmish_01965,1,1,0.9996019,True,1.0,paraphrased,BHXH / Trợ cấp giả,1.0,0.99608643,0.003913570000000033,0.19999999999999996
ViSmish_01966,0,0,0.9994117,True,1.0,real,Viễn thông,1.0,0.0047376189999999985,0.995262381,0.19999999999999996
ViSmish_01967,0,0,0.9993851,True,1.0,external_real,P2P hội thoại thông thường,1.0,0.004840663999999999,0.995159336,0.19999999999999996
ViSmish_01969,0,0,0.9994911,True,1.0,synthetic,Ngân hàng thật,1.0,0.004413201199999999,0.9955867988,0.19999999999999996
ViSmish_01970,1,1,0.99956006,True,1.0,paraphrased,Crypto / Đầu tư giả,1.0,0.99589034,0.004109660000000015,0.19999999999999996
ViSmish_01971,0,0,0.9994748,True,1.0,real,Viễn thông,1.0,0.004482101199999999,0.9955178988,0.19999999999999996
ViSmish_01972,0,0,0.9994474,True,1.0,external_curated,P2P hard negative,1.0,0.004594910599999999,0.9954050894,0.19999999999999996
ViSmish_01973,0,0,0.99940777,True,1.0,synthetic,Quảng cáo hợp lệ,1.0,0.004752871799999999,0.9952471282,0.19999999999999996
ViSmish_01974,0,0,0.9993455,True,1.0,synthetic,Viễn thông,1.0,0.004990710399999999,0.9950092896,0.19999999999999996
ViSmish_01975,1,1,0.9993316,True,1.0,paraphrased,Đòi nợ / Đe dọa,1.0,0.99495804,0.005041960000000012,0.19999999999999996
ViSmish_01976,0,0,0.99945265,True,1.0,real,Viễn thông,1.0,0.0045734719999999986,0.995426528,0.19999999999999996
ViSmish_01977,0,0,0.9994548,True,1.0,synthetic,Tin nhắn cá nhân và OTP,1.0,0.004564749999999999,0.99543525,0.19999999999999996
ViSmish_01978,0,0,0.9993782,True,1.0,synthetic,Viễn thông,1.0,0.004867235599999999,0.9951327644,0.19999999999999996
ViSmish_01979,0,0,0.99915004,True,1.0,synthetic,Quảng cáo hợp lệ,1.0,0.005667988599999999,0.9943320114,0.19999999999999996
ViSmish_01982,0,0,0.99937755,True,1.0,external_real,P2P hội thoại thông thường,1.0,0.004870135799999999,0.9951298642,0.19999999999999996
ViSmish_01983,0,0,0.9993949,True,1.0,real,Viễn thông,1.0,0.004803106999999999,0.995196893,0.19999999999999996
ViSmish_01984,0,0,0.99946445,True,1.0,synthetic,Dịch vụ công thật,1.0,0.00452499,0.99547501,0.19999999999999996
ViSmish_01985,0,0,0.9994862,True,1.0,synthetic,Thương mại điện tử,1.0,0.004433860999999999,0.995566139,0.19999999999999996
ViSmish_01986,0,0,0.9994562,True,1.0,synthetic,Dịch vụ y tế,1.0,0.004558529799999999,0.9954414702,0.19999999999999996
ViSmish_01987,0,0,0.9994636,True,1.0,synthetic,Tin nhắn cá nhân và OTP,1.0,0.004528205399999999,0.9954717946,0.19999999999999996
ViSmish_01988,0,0,0.99946374,True,1.0,synthetic,Vận chuyển,1.0,0.004528084399999999,0.9954719156,0.19999999999999996
ViSmish_01989,0,0,0.99947125,True,1.0,real,Viễn thông,1.0,0.004496836599999999,0.9955031634,0.19999999999999996
ViSmish_01990,0,0,0.999331,True,1.0,synthetic,Dịch vụ công thật,1.0,0.005044514999999999,0.994955485,0.19999999999999996
ViSmish_01991,0,0,0.99949145,True,1.0,synthetic,Ngân hàng thật,1.0,0.004411941799999999,0.9955880582,0.19999999999999996
ViSmish_01992,1,1,0.9996099,True,1.0,paraphrased,Crypto / Đầu tư giả,1.0,0.996125352,0.003874648000000036,0.19999999999999996
ViSmish_01993,1,1,0.9996222,True,1.0,paraphrased,Dịch vụ công giả,1.0,0.99618647,0.003813529999999954,0.19999999999999996
ViSmish_01994,1,1,0.9996177,True,1.0,paraphrased,Cờ bạc / Betting,1.0,0.996164,0.0038359999999999506,0.19999999999999996
ViSmish_01995,1,1,0.99963045,True,1.0,paraphrased,Dịch vụ công giả,1.0,0.996227252,0.003772748000000048,0.19999999999999996
ViSmish_01996,0,0,0.9994505,True,1.0,synthetic,Quảng cáo hợp lệ,1.0,0.004581941999999999,0.995418058,0.19999999999999996
ViSmish_01997,0,0,0.9994665,True,1.0,synthetic,Vận chuyển,1.0,0.004516545399999999,0.9954834546,0.19999999999999996
ViSmish_01998,0,0,0.9994311,True,1.0,real,Dịch vụ công thật,1.0,0.004660290399999999,0.9953397096,0.19999999999999996
ViSmish_01999,1,1,0.99952245,True,1.0,synthetic_hard_positive,Dịch vụ công giả,1.0,0.995722032,0.004277968000000021,0.19999999999999996
ViSmish_02000,1,1,0.999608,True,1.0,paraphrased,Crypto / Đầu tư giả,1.0,0.99611584,0.0038841600000000254,0.19999999999999996
ViSmish_02001,1,1,0.999607,True,1.0,paraphrased,Giả mạo ngân hàng,1.0,0.996111274,0.003888726000000009,0.19999999999999996
ViSmish_02002,1,1,0.9995914,True,1.0,paraphrased,Tuyển dụng giả,1.0,0.99603626,0.003963739999999993,0.19999999999999996
ViSmish_02004,1,1,0.99948597,True,1.0,synthetic_hard_positive,Giả mạo ngân hàng,1.0,0.995565,0.004434999999999967,0.19999999999999996
ViSmish_02005,0,0,0.9994336,True,1.0,synthetic,Tin nhắn cá nhân và OTP,1.0,0.004650326799999999,0.9953496732,0.19999999999999996
ViSmish_02007,0,0,0.99938524,True,1.0,external_real,P2P hội thoại thông thường,1.0,0.004840148199999999,0.9951598518,0.19999999999999996
ViSmish_02008,0,0,0.9995034,True,1.0,synthetic,Ngân hàng thật,1.0,0.004361130599999999,0.9956388694,0.19999999999999996
ViSmish_02009,0,0,0.99944144,True,1.0,external_curated,P2P hard negative,1.0,0.004618867199999999,0.9953811328,0.19999999999999996
ViSmish_02011,1,1,0.99962544,True,1.0,paraphrased,Tuyển dụng giả,1.0,0.996202052,0.0037979479999999954,0.19999999999999996
ViSmish_02012,1,1,0.9996228,True,1.0,paraphrased,Giả mạo ngân hàng,1.0,0.9961889500000001,0.003811049999999927,0.19999999999999996
ViSmish_02015,1,1,0.9996159,True,1.0,paraphrased,Cờ bạc / Betting,1.0,0.996155072,0.003844928000000025,0.19999999999999996
ViSmish_02016,1,1,0.9996137,True,1.0,paraphrased,Nội dung nhạy cảm,1.0,0.996144068,0.0038559320000000064,0.19999999999999996
ViSmish_02017,0,0,0.9994369,True,1.0,external_curated,P2P hard negative,1.0,0.004637143799999999,0.9953628562,0.19999999999999996
ViSmish_02018,1,1,0.99961746,True,1.0,paraphrased,Đòi nợ / Đe dọa,1.0,0.99616244,0.0038375600000000176,0.19999999999999996
ViSmish_02019,0,0,0.99947625,True,1.0,synthetic,Dịch vụ công thật,1.0,0.004475910999999999,0.995524089,0.19999999999999996
ViSmish_02020,0,0,0.999458,True,1.0,external_real,P2P hội thoại thông thường,1.0,0.004551426999999999,0.995448573,0.19999999999999996
ViSmish_02025,1,1,0.9994667,True,1.0,synthetic_hard_positive,Dịch vụ công giả,1.0,0.99548456,0.004515440000000037,0.19999999999999996
ViSmish_02027,0,0,0.9994692,True,1.0,real,Khác,1.0,0.004505393599999999,0.9954946064,0.19999999999999996
ViSmish_02029,0,0,0.99927944,True,1.0,real,Dịch vụ công thật,1.0,0.005230085599999999,0.9947699144,0.19999999999999996
ViSmish_02030,0,0,0.999482,True,1.0,synthetic,Vận chuyển,1.0,0.004451819199999998,0.9955481808,0.19999999999999996
ViSmish_02032,1,1,0.99958724,True,1.0,paraphrased,Giả mạo ngân hàng,1.0,0.996016812,0.003983187999999971,0.19999999999999996
ViSmish_02033,1,1,0.999617,True,1.0,paraphrased,Cờ bạc / Betting,1.0,0.996160412,0.0038395879999999494,0.19999999999999996
ViSmish_02034,0,0,0.99947923,True,1.0,synthetic,Vận chuyển,1.0,0.0044636725999999995,0.9955363274,0.19999999999999996
ViSmish_02035,1,1,0.99959713,True,1.0,paraphrased,Crypto / Đầu tư giả,1.0,0.996063768,0.0039362320000000395,0.19999999999999996
ViSmish_02036,1,1,0.99961483,True,1.0,paraphrased,Crypto / Đầu tư giả,1.0,0.996149826,0.003850173999999984,0.19999999999999996
ViSmish_02038,0,0,0.9994783,True,1.0,real,Khác,1.0,0.004467318999999999,0.995532681,0.19999999999999996
ViSmish_02039,1,1,0.999627,True,1.0,paraphrased,Cờ bạc / Betting,1.0,0.99621006,0.0037899399999999916,0.19999999999999996
ViSmish_02040,1,1,0.99954885,True,1.0,synthetic_hard_positive,BHXH / Trợ cấp giả,1.0,0.995839668,0.004160331999999989,0.19999999999999996
ViSmish_02041,1,1,0.99962044,True,1.0,paraphrased,BHXH / Trợ cấp giả,1.0,0.996177328,0.0038226719999999714,0.19999999999999996
ViSmish_02044,1,1,0.999607,True,1.0,paraphrased,Crypto / Đầu tư giả,1.0,0.99611142,0.0038885800000000303,0.19999999999999996
ViSmish_02046,1,1,0.99960715,True,1.0,paraphrased,Nội dung nhạy cảm,1.0,0.99611231,0.003887689999999999,0.19999999999999996
ViSmish_02048,0,0,0.999485,True,1.0,real,Tin nhắn cá nhân và OTP,1.0,0.004438911799999999,0.9955610882,0.19999999999999996
ViSmish_02050,0,0,0.99945503,True,1.0,synthetic,Dịch vụ công thật,1.0,0.004563471399999999,0.9954365286,0.19999999999999996
ViSmish_02052,0,0,0.9994856,True,1.0,synthetic,Ngân hàng thật,1.0,0.004436467999999999,0.995563532,0.19999999999999996
ViSmish_02053,1,1,0.9995425,True,1.0,paraphrased,Nội dung nhạy cảm,1.0,0.995810748,0.004189251999999977,0.19999999999999996
ViSmish_02054,1,1,0.99958247,True,1.0,paraphrased,Cờ bạc / Betting,1.0,0.99599448,0.004005519999999985,0.19999999999999996
ViSmish_02056,0,0,0.9994729,True,1.0,synthetic,Tin nhắn cá nhân và OTP,1.0,0.004489965999999999,0.995510034,0.19999999999999996
ViSmish_02057,0,0,0.9992638,True,1.0,real,Viễn thông,1.0,0.005285103999999999,0.994714896,0.19999999999999996
ViSmish_02059,0,0,0.99949014,True,1.0,synthetic,Thương mại điện tử,1.0,0.004417148599999999,0.9955828514,0.19999999999999996
ViSmish_02060,1,1,0.99962234,True,1.0,paraphrased,BHXH / Trợ cấp giả,1.0,0.996187032,0.003812967999999972,0.19999999999999996
ViSmish_02061,1,1,0.9996137,True,1.0,paraphrased,Đòi nợ / Đe dọa,1.0,0.99614404,0.0038559599999999916,0.19999999999999996
ViSmish_02062,1,1,0.9995745,True,1.0,paraphrased,BHXH / Trợ cấp giả,1.0,0.9959567300000001,0.004043269999999932,0.19999999999999996
ViSmish_02065,0,0,0.9994591,True,1.0,synthetic,Dịch vụ công thật,1.0,0.004547092599999999,0.9954529074,0.19999999999999996
ViSmish_02066,0,0,0.9993488,True,1.0,synthetic,Quảng cáo hợp lệ,1.0,0.004978343999999999,0.995021656,0.19999999999999996
ViSmish_02067,1,1,0.99961567,True,1.0,paraphrased,Tuyển dụng giả,1.0,0.99615378,0.0038462200000000113,0.19999999999999996
ViSmish_02069,1,1,0.99961495,True,1.0,paraphrased,BHXH / Trợ cấp giả,1.0,0.996150554,0.003849446000000034,0.19999999999999996
ViSmish_02071,1,1,0.9994351,True,1.0,synthetic_hard_positive,Đòi nợ / Đe dọa,1.0,0.9953559000000001,0.004644099999999929,0.19999999999999996
ViSmish_02072,1,1,0.9996196,True,1.0,paraphrased,Crypto / Đầu tư giả,1.0,0.99617314,0.0038268599999999875,0.19999999999999996
ViSmish_02075,0,0,0.9994288,True,1.0,external_real,P2P hội thoại thông thường,1.0,0.004669339999999999,0.99533066,0.19999999999999996
ViSmish_02077,0,0,0.9993418,True,1.0,real,Viễn thông,1.0,0.005004170599999999,0.9949958294,0.19999999999999996
ViSmish_02079,0,0,0.9994943,True,1.0,real,Tin nhắn cá nhân và OTP,1.0,0.004399747399999999,0.9956002526,0.19999999999999996
ViSmish_02080,1,1,0.999585,True,1.0,paraphrased,Tuyển dụng giả,1.0,0.9960062000000001,0.003993799999999936,0.19999999999999996
ViSmish_02081,1,1,0.9996125,True,1.0,paraphrased,Dịch vụ công giả,1.0,0.99613831,0.0038616900000000287,0.19999999999999996
ViSmish_02082,0,0,0.99947757,True,1.0,synthetic,Vận chuyển,1.0,0.004470476599999999,0.9955295234,0.19999999999999996
ViSmish_02084,1,1,0.9995696,True,1.0,paraphrased,Crypto / Đầu tư giả,1.0,0.99593445,0.004065549999999973,0.19999999999999996
ViSmish_02086,0,0,0.9994629,True,1.0,real,Ngân hàng thật,1.0,0.004531409199999999,0.9954685908,0.19999999999999996
ViSmish_02088,1,1,0.99956447,True,1.0,paraphrased,Nội dung nhạy cảm,1.0,0.995910608,0.004089392000000025,0.19999999999999996
ViSmish_02090,0,0,0.99946016,True,1.0,synthetic,Thương mại điện tử,1.0,0.004542840199999999,0.9954571598,0.19999999999999996
ViSmish_02091,0,0,0.99942577,True,1.0,synthetic,Tin nhắn cá nhân và OTP,1.0,0.004681727599999999,0.9953182724,0.19999999999999996
ViSmish_02092,0,0,0.9993451,True,1.0,external_real,P2P hội thoại thông thường,1.0,0.004992113199999999,0.9950078868,0.19999999999999996
ViSmish_02093,1,1,0.99962676,True,1.0,paraphrased,Đòi nợ / Đe dọa,1.0,0.996208548,0.003791451999999973,0.19999999999999996
ViSmish_02094,0,0,0.99937695,True,1.0,real,Viễn thông,1.0,0.004872330999999999,0.995127669,0.19999999999999996
ViSmish_02096,1,1,0.99962044,True,1.0,paraphrased,Dịch vụ công giả,1.0,0.9961772799999999,0.003822720000000057,0.19999999999999996
ViSmish_02097,1,1,0.9995833,True,1.0,paraphrased,Nội dung nhạy cảm,1.0,0.99599794,0.0040020600000000295,0.19999999999999996
ViSmish_02099,0,0,0.99948704,True,1.0,synthetic,Thương mại điện tử,1.0,0.004430300399999999,0.9955696996,0.19999999999999996
ViSmish_02100,0,0,0.999466,True,1.0,synthetic,Viễn thông,1.0,0.004518710799999999,0.9954812892,0.19999999999999996
ViSmish_02101,1,1,0.9996258,True,1.0,paraphrased,BHXH / Trợ cấp giả,1.0,0.9962038200000001,0.003796179999999927,0.19999999999999996
ViSmish_02102,1,1,0.9992933,True,1.0,synthetic_hard_positive,Khác,1.0,0.9948195200000001,0.005180479999999932,0.19999999999999996
ViSmish_02105,1,1,0.9995839,True,1.0,paraphrased,Crypto / Đầu tư giả,1.0,0.996001052,0.003998948000000002,0.19999999999999996
ViSmish_02107,1,1,0.99956316,True,1.0,paraphrased,Cờ bạc / Betting,1.0,0.9959043599999999,0.004095640000000067,0.19999999999999996
ViSmish_02108,0,1,0.6174626,False,0.3,real,Khác,0.3,0.03357388619999999,0.9664261138,0.059999999999999984
ViSmish_02111,0,0,0.9984541,True,1.0,synthetic,Dịch vụ công thật,1.0,0.007571825999999998,0.992428174,0.19999999999999996
ViSmish_02112,0,0,0.99935883,True,1.0,external_curated,P2P hard negative,1.0,0.004940973599999999,0.9950590264,0.19999999999999996
ViSmish_02114,0,0,0.9907267,True,1.0,real,Khác,1.0,0.017642611999999995,0.982357388,0.19999999999999996
ViSmish_02115,0,0,0.999474,True,1.0,external_real,P2P hội thoại thông thường,1.0,0.004485261999999999,0.995514738,0.19999999999999996
ViSmish_02116,1,1,0.9995962,True,1.0,paraphrased,Đòi nợ / Đe dọa,1.0,0.9960589799999999,0.003941020000000073,0.19999999999999996
ViSmish_02117,0,0,0.99947006,True,1.0,real,Quảng cáo hợp lệ,1.0,0.004501495599999999,0.9954985044,0.19999999999999996
ViSmish_02118,1,1,0.999605,True,1.0,paraphrased,Nội dung nhạy cảm,1.0,0.9961019520000001,0.003898047999999932,0.19999999999999996
ViSmish_02119,1,1,0.9995782,True,1.0,paraphrased,Dịch vụ công giả,1.0,0.9959742899999999,0.004025710000000071,0.19999999999999996
ViSmish_02121,0,0,0.99947315,True,1.0,synthetic,Ngân hàng thật,1.0,0.004489049399999999,0.9955109506,0.19999999999999996
ViSmish_02122,0,0,0.99943227,True,1.0,real,Tin nhắn cá nhân và OTP,1.0,0.0046556713999999985,0.9953443286,0.19999999999999996
ViSmish_02124,1,1,0.9996137,True,1.0,paraphrased,Cờ bạc / Betting,1.0,0.99614392,0.0038560800000000395,0.19999999999999996
ViSmish_02125,1,0,0.96870047,False,0.3,real,Khác,0.0,1.0,0.0,0.0
ViSmish_02129,0,0,0.99941564,True,1.0,external_real,P2P hội thoại thông thường,1.0,0.004722040599999999,0.9952779594,0.19999999999999996
ViSmish_02131,1,1,0.99961627,True,1.0,paraphrased,Giả mạo ngân hàng,1.0,0.99615696,0.0038430400000000198,0.19999999999999996
ViSmish_02133,1,1,0.9996132,True,1.0,paraphrased,Crypto / Đầu tư giả,1.0,0.99614168,0.0038583199999999707,0.19999999999999996
ViSmish_02134,0,0,0.99936146,True,1.0,synthetic,Ngân hàng thật,1.0,0.004930849999999999,0.99506915,0.19999999999999996
ViSmish_02135,1,1,0.9994259,True,1.0,synthetic_hard_positive,Khác,1.0,0.99531852,0.004681480000000016,0.19999999999999996
ViSmish_02136,0,0,0.9988784,True,1.0,real,Khác,1.0,0.006484427399999998,0.9935155726,0.19999999999999996
ViSmish_02137,1,1,0.9996119,True,1.0,paraphrased,Crypto / Đầu tư giả,1.0,0.996135152,0.0038648479999999763,0.19999999999999996
ViSmish_02138,1,1,0.9996159,True,1.0,paraphrased,Giả mạo ngân hàng,1.0,0.996155166,0.003844834000000019,0.19999999999999996
ViSmish_02139,1,1,0.9996082,True,1.0,paraphrased,Nội dung nhạy cảm,1.0,0.996117532,0.003882468000000028,0.19999999999999996
ViSmish_02143,1,1,0.993849,True,1.0,real,Cờ bạc / Betting,1.0,0.985413312,0.014586687999999959,0.19999999999999996
ViSmish_02144,1,1,0.9996012,True,1.0,paraphrased,Nội dung nhạy cảm,1.0,0.99608332,0.003916680000000006,0.19999999999999996
ViSmish_02145,1,1,0.9994209,True,1.0,synthetic_hard_positive,Khác,1.0,0.995298672,0.004701328000000005,0.19999999999999996
ViSmish_02146,1,1,0.9996295,True,1.0,paraphrased,Dịch vụ công giả,1.0,0.9962225,0.003777499999999989,0.19999999999999996
ViSmish_02147,0,0,0.9993955,True,1.0,real,Viễn thông,1.0,0.004800916799999999,0.9951990832,0.19999999999999996
ViSmish_02148,1,1,0.9996166,True,1.0,paraphrased,Dịch vụ công giả,1.0,0.996158468,0.0038415320000000364,0.19999999999999996
ViSmish_02149,0,0,0.9994209,True,1.0,external_real,P2P hội thoại thông thường,1.0,0.004701313399999999,0.9952986866,0.19999999999999996
ViSmish_02152,0,0,0.999483,True,1.0,synthetic,Vận chuyển,1.0,0.004447586399999998,0.9955524136,0.19999999999999996
ViSmish_02153,0,0,0.99946064,True,1.0,synthetic,Thương mại điện tử,1.0,0.004540617399999999,0.9954593826,0.19999999999999996
ViSmish_02154,1,1,0.99960774,True,1.0,paraphrased,Dịch vụ công giả,1.0,0.996114994,0.0038850059999999687,0.19999999999999996
ViSmish_02155,0,0,0.99938047,True,1.0,external_real,P2P hội thoại thông thường,1.0,0.0048583479999999984,0.995141652,0.19999999999999996
ViSmish_02156,1,1,0.9996202,True,1.0,paraphrased,Dịch vụ công giả,1.0,0.99617641,0.003823589999999988,0.19999999999999996
ViSmish_02157,0,0,0.99942315,True,1.0,external_curated,P2P hard negative,1.0,0.004692177199999999,0.9953078228,0.19999999999999996
ViSmish_02159,1,1,0.9994899,True,1.0,synthetic_hard_positive,Khác,1.0,0.99558146,0.004418539999999971,0.19999999999999996
ViSmish_02160,1,1,0.99962723,True,1.0,paraphrased,Tuyển dụng giả,1.0,0.996211374,0.0037886259999999616,0.19999999999999996
ViSmish_02161,1,1,0.9996043,True,1.0,paraphrased,Crypto / Đầu tư giả,1.0,0.996098446,0.0039015540000000293,0.19999999999999996
ViSmish_02167,0,0,0.99942327,True,1.0,external_real,P2P hội thoại thông thường,1.0,0.004691670399999999,0.9953083296,0.19999999999999996
ViSmish_02168,0,0,0.9994677,True,1.0,synthetic,Viễn thông,1.0,0.004511535999999999,0.995488464,0.19999999999999996
ViSmish_02169,0,0,0.99919254,True,1.0,external_real,P2P hội thoại thông thường,1.0,0.005528238799999999,0.9944717612,0.19999999999999996
ViSmish_02173,1,1,0.99958926,True,1.0,paraphrased,Nội dung nhạy cảm,1.0,0.99602614,0.003973859999999996,0.19999999999999996
ViSmish_02175,1,1,0.99955434,True,1.0,paraphrased,Nội dung nhạy cảm,1.0,0.9958642,0.004135800000000023,0.19999999999999996
ViSmish_02177,1,1,0.99961984,True,1.0,paraphrased,Giả mạo ngân hàng,1.0,0.99617446,0.003825540000000016,0.19999999999999996
ViSmish_02178,0,0,0.99881786,True,1.0,external_curated,P2P hard negative,1.0,0.006651751999999998,0.993348248,0.19999999999999996
ViSmish_02179,1,1,0.99960405,True,1.0,paraphrased,Dịch vụ công giả,1.0,0.9960968800000001,0.0039031199999999266,0.19999999999999996
ViSmish_02180,1,1,0.99960905,True,1.0,paraphrased,Crypto / Đầu tư giả,1.0,0.996121072,0.0038789280000000037,0.19999999999999996
ViSmish_02181,1,1,0.9995328,True,1.0,paraphrased,Crypto / Đầu tư giả,1.0,0.99576754,0.0042324599999999934,0.19999999999999996
ViSmish_02182,1,1,0.99959844,True,1.0,synthetic_hard_positive,Khác,1.0,0.996070206,0.003929794000000042,0.19999999999999996
ViSmish_02183,1,1,0.9995901,True,1.0,paraphrased,Crypto / Đầu tư giả,1.0,0.99603026,0.003969740000000055,0.19999999999999996
ViSmish_02184,1,1,0.9996006,True,1.0,paraphrased,Đòi nợ / Đe dọa,1.0,0.99608032,0.003919679999999981,0.19999999999999996
ViSmish_02185,0,0,0.99922776,True,1.0,synthetic,Quảng cáo hợp lệ,1.0,0.005409778199999999,0.9945902218,0.19999999999999996
ViSmish_02186,0,0,0.9994456,True,1.0,synthetic,Viễn thông,1.0,0.004602080199999999,0.9953979198,0.19999999999999996
ViSmish_02188,0,0,0.99943465,True,1.0,real,Viễn thông,1.0,0.004646369999999999,0.99535363,0.19999999999999996
ViSmish_02189,0,0,0.99947935,True,1.0,synthetic,Vận chuyển,1.0,0.004462978999999999,0.995537021,0.19999999999999996
ViSmish_02190,1,1,0.9996228,True,1.0,paraphrased,Crypto / Đầu tư giả,1.0,0.99618944,0.0038105600000000184,0.19999999999999996
ViSmish_02191,1,1,0.99961394,True,1.0,paraphrased,Dịch vụ công giả,1.0,0.99614492,0.0038550800000000107,0.19999999999999996
ViSmish_02192,1,1,0.99962735,True,1.0,paraphrased,Tuyển dụng giả,1.0,0.9962119700000001,0.0037880299999999423,0.19999999999999996
ViSmish_02193,0,0,0.9993494,True,1.0,real,Quảng cáo hợp lệ,1.0,0.004976165999999999,0.995023834,0.19999999999999996
ViSmish_02196,1,1,0.9995999,True,1.0,paraphrased,Nội dung nhạy cảm,1.0,0.9960768600000001,0.003923139999999936,0.19999999999999996
ViSmish_02197,1,1,0.9996313,True,1.0,paraphrased,Cờ bạc / Betting,1.0,0.99623154,0.0037684599999999735,0.19999999999999996
ViSmish_02198,0,0,0.9993961,True,1.0,synthetic,Ngân hàng thật,1.0,0.004798504799999999,0.9952014952,0.19999999999999996
ViSmish_02200,0,0,0.9992685,True,1.0,external_real,P2P hội thoại thông thường,1.0,0.005268917199999999,0.9947310828,0.19999999999999996
ViSmish_02202,0,0,0.999313,True,1.0,external_real,P2P hội thoại thông thường,1.0,0.0051098379999999985,0.994890162,0.19999999999999996
ViSmish_02203,1,1,0.99962866,True,1.0,paraphrased,BHXH / Trợ cấp giả,1.0,0.9962184199999999,0.003781580000000062,0.19999999999999996
ViSmish_02204,0,0,0.9992668,True,1.0,external_curated,P2P hard negative,1.0,0.005274594199999999,0.9947254058,0.19999999999999996
ViSmish_02206,1,1,0.9994961,True,1.0,synthetic_hard_positive,Giả mạo ngân hàng,1.0,0.995608,0.0043919999999999515,0.19999999999999996
ViSmish_02207,0,0,0.9994703,True,1.0,real,Viễn thông,1.0,0.0045005865999999985,0.9954994134,0.19999999999999996
ViSmish_02208,1,1,0.9995907,True,1.0,paraphrased,Tuyển dụng giả,1.0,0.99603314,0.0039668600000000165,0.19999999999999996
ViSmish_02209,0,0,0.9994355,True,1.0,real,Viễn thông,1.0,0.004642763999999999,0.995357236,0.19999999999999996
ViSmish_02212,1,1,0.99961394,True,1.0,paraphrased,Tuyển dụng giả,1.0,0.996145332,0.0038546680000000055,0.19999999999999996
ViSmish_02213,0,0,0.9994338,True,1.0,real,Khác,1.0,0.004649298599999999,0.9953507014,0.19999999999999996
ViSmish_02216,1,1,0.9996031,True,1.0,paraphrased,Nội dung nhạy cảm,1.0,0.99609251,0.0039074900000000135,0.19999999999999996
ViSmish_02217,0,0,0.99943596,True,1.0,real,Ngân hàng thật,1.0,0.004640745399999999,0.9953592546,0.19999999999999996
ViSmish_02219,1,1,0.9993492,True,1.0,paraphrased,Nội dung nhạy cảm,1.0,0.995023132,0.004976867999999968,0.19999999999999996
ViSmish_02221,0,0,0.99947613,True,1.0,synthetic,Thương mại điện tử,1.0,0.004476431399999999,0.9955235686,0.19999999999999996
ViSmish_02222,1,1,0.99952126,True,1.0,paraphrased,Cờ bạc / Betting,1.0,0.99571648,0.004283519999999985,0.19999999999999996
ViSmish_02223,1,1,0.99961734,True,1.0,paraphrased,Cờ bạc / Betting,1.0,0.9961622720000001,0.003837727999999929,0.19999999999999996
ViSmish_02224,1,1,0.9996196,True,1.0,paraphrased,Dịch vụ công giả,1.0,0.99617312,0.003826879999999977,0.19999999999999996
ViSmish_02225,0,0,0.99948126,True,1.0,real,Viễn thông,1.0,0.004454916399999999,0.9955450836,0.19999999999999996
ViSmish_02226,0,0,0.99942195,True,1.0,real,Quảng cáo hợp lệ,1.0,0.0046970017999999995,0.9953029982,0.19999999999999996
ViSmish_02227,1,1,0.9995018,True,1.0,paraphrased,Crypto / Đầu tư giả,1.0,0.99563252,0.004367479999999979,0.19999999999999996
ViSmish_02228,1,1,0.99949014,True,1.0,synthetic_hard_positive,BHXH / Trợ cấp giả,1.0,0.99558251,0.004417490000000024,0.19999999999999996
ViSmish_02229,0,0,0.9994319,True,1.0,real,Vận chuyển,1.0,0.0046572837999999984,0.9953427162,0.19999999999999996
ViSmish_02230,1,1,0.99952734,True,1.0,paraphrased,Cờ bạc / Betting,1.0,0.99574326,0.004256739999999981,0.19999999999999996
ViSmish_02232,1,1,0.99953306,True,1.0,paraphrased,Crypto / Đầu tư giả,1.0,0.99576862,0.004231380000000007,0.19999999999999996
ViSmish_02233,1,1,0.9996221,True,1.0,paraphrased,BHXH / Trợ cấp giả,1.0,0.99618542,0.003814580000000012,0.19999999999999996
ViSmish_02234,1,1,0.99959165,True,1.0,paraphrased,Dịch vụ công giả,1.0,0.99603788,0.003962119999999958,0.19999999999999996
ViSmish_02236,0,0,0.99937195,True,1.0,real,Viễn thông,1.0,0.0048914039999999985,0.995108596,0.19999999999999996
ViSmish_02237,1,1,0.9996213,True,1.0,paraphrased,Đòi nợ / Đe dọa,1.0,0.99618166,0.003818340000000031,0.19999999999999996
ViSmish_02238,1,1,0.99955434,True,1.0,real,BHXH / Trợ cấp giả,1.0,0.9958644,0.004135600000000017,0.19999999999999996
ViSmish_02239,1,1,0.998302,True,1.0,real,Giả mạo ngân hàng,1.0,0.99207828,0.007921720000000021,0.19999999999999996
ViSmish_02240,1,1,0.99960846,True,1.0,paraphrased,BHXH / Trợ cấp giả,1.0,0.99611854,0.0038814600000000032,0.19999999999999996
ViSmish_02242,1,1,0.99955887,True,1.0,synthetic_hard_positive,Khác,1.0,0.99588478,0.004115219999999975,0.19999999999999996
ViSmish_02243,1,1,0.999561,True,1.0,paraphrased,Nội dung nhạy cảm,1.0,0.9958947060000001,0.004105293999999926,0.19999999999999996
ViSmish_02244,1,1,0.99961793,True,1.0,paraphrased,BHXH / Trợ cấp giả,1.0,0.996165252,0.0038347480000000544,0.19999999999999996
ViSmish_02245,0,0,0.9994266,True,1.0,synthetic,Ngân hàng thật,1.0,0.004678559599999999,0.9953214404,0.19999999999999996
ViSmish_02246,1,1,0.9995202,True,1.0,paraphrased,Đòi nợ / Đe dọa,1.0,0.995711708,0.004288292000000027,0.19999999999999996
ViSmish_02247,1,1,0.99958104,True,1.0,paraphrased,Đòi nợ / Đe dọa,1.0,0.995987368,0.004012632000000016,0.19999999999999996
ViSmish_02248,1,1,0.99958235,True,1.0,paraphrased,Crypto / Đầu tư giả,1.0,0.99599382,0.00400617999999997,0.19999999999999996
ViSmish_02249,0,0,0.999488,True,1.0,synthetic,Vận chuyển,1.0,0.004426532599999999,0.9955734674,0.19999999999999996
ViSmish_02251,0,0,0.99947065,True,1.0,synthetic,Thương mại điện tử,1.0,0.004499295399999999,0.9955007046,0.19999999999999996
ViSmish_02252,0,0,0.9994815,True,1.0,synthetic,Thương mại điện tử,1.0,0.0044537345999999985,0.9955462654,0.19999999999999996
ViSmish_02253,0,0,0.9994406,True,1.0,external_real,P2P hội thoại thông thường,1.0,0.004622154399999999,0.9953778456,0.19999999999999996
ViSmish_02254,0,0,0.9994566,True,1.0,real,Khác,1.0,0.004557405399999999,0.9954425946,0.19999999999999996
ViSmish_02255,1,1,0.99959975,True,1.0,paraphrased,Nội dung nhạy cảm,1.0,0.99607619,0.003923809999999972,0.19999999999999996
ViSmish_02256,0,0,0.9994549,True,1.0,synthetic,Viễn thông,1.0,0.0045642769999999985,0.995435723,0.19999999999999996
ViSmish_02259,1,1,0.99915814,True,1.0,paraphrased,BHXH / Trợ cấp giả,1.0,0.99435848,0.0056415199999999555,0.19999999999999996
ViSmish_02260,1,1,0.9996228,True,1.0,paraphrased,Giả mạo ngân hàng,1.0,0.99618914,0.0038108599999999715,0.19999999999999996
ViSmish_02263,1,1,0.9996074,True,1.0,paraphrased,Cờ bạc / Betting,1.0,0.9961133600000001,0.0038866399999999413,0.19999999999999996
ViSmish_02265,1,1,0.99941885,True,1.0,real,Giả mạo ngân hàng,1.0,0.99529068,0.004709320000000017,0.19999999999999996
ViSmish_02266,1,1,0.9995914,True,1.0,paraphrased,Cờ bạc / Betting,1.0,0.99603646,0.003963539999999988,0.19999999999999996
ViSmish_02267,0,0,0.9994784,True,1.0,real,Viễn thông,1.0,0.004467121999999999,0.995532878,0.19999999999999996
ViSmish_02268,1,1,0.9995091,True,1.0,paraphrased,Cờ bạc / Betting,1.0,0.99566352,0.004336479999999976,0.19999999999999996
ViSmish_02269,1,1,0.99952316,True,1.0,synthetic_hard_positive,Khác,1.0,0.9957248599999999,0.004275140000000066,0.19999999999999996
ViSmish_02270,1,1,0.99961936,True,1.0,paraphrased,Cờ bạc / Betting,1.0,0.996171928,0.0038280720000000157,0.19999999999999996
ViSmish_02271,1,1,0.99482274,True,1.0,synthetic_hard_positive,Giả mạo ngân hàng,1.0,0.98654284,0.013457159999999968,0.19999999999999996
ViSmish_02272,1,1,0.9996196,True,1.0,paraphrased,Crypto / Đầu tư giả,1.0,0.99617314,0.0038268599999999875,0.19999999999999996
ViSmish_02273,1,1,0.9995796,True,1.0,paraphrased,Dịch vụ công giả,1.0,0.99598096,0.004019039999999974,0.19999999999999996
ViSmish_02275,1,1,0.99946266,True,1.0,synthetic_hard_positive,Dịch vụ công giả,1.0,0.99546752,0.00453247999999995,0.19999999999999996
ViSmish_02276,1,1,0.9995136,True,1.0,paraphrased,Giả mạo ngân hàng,1.0,0.9956833119999999,0.0043166880000000685,0.19999999999999996
ViSmish_02277,1,1,0.9994814,True,1.0,paraphrased,Dịch vụ công giả,1.0,0.99554568,0.004454320000000012,0.19999999999999996
ViSmish_02278,1,1,0.99962616,True,1.0,paraphrased,Giả mạo ngân hàng,1.0,0.99620577,0.0037942300000000095,0.19999999999999996
ViSmish_02280,1,1,0.98803514,True,1.0,synthetic_hard_positive,Khác,1.0,0.980173,0.01982700000000004,0.19999999999999996
ViSmish_02281,1,1,0.99941146,True,1.0,paraphrased,Dịch vụ công giả,1.0,0.99526168,0.0047383199999999626,0.19999999999999996
ViSmish_02282,1,1,0.999613,True,1.0,paraphrased,Dịch vụ công giả,1.0,0.996140254,0.0038597460000000527,0.19999999999999996
ViSmish_02283,0,0,0.9994765,True,1.0,synthetic,Vận chuyển,1.0,0.004475180399999999,0.9955248196,0.19999999999999996
ViSmish_02284,0,0,0.9993753,True,1.0,synthetic,Thương mại điện tử,1.0,0.004878623799999999,0.9951213762,0.19999999999999996
ViSmish_02285,1,1,0.99962807,True,1.0,paraphrased,Đòi nợ / Đe dọa,1.0,0.9962155699999999,0.003784430000000061,0.19999999999999996
ViSmish_02287,0,0,0.99944085,True,1.0,synthetic,Tin nhắn cá nhân và OTP,1.0,0.004621328399999999,0.9953786716,0.19999999999999996
ViSmish_02288,0,0,0.99947673,True,1.0,synthetic,Vận chuyển,1.0,0.004474000199999999,0.9955259998,0.19999999999999996
ViSmish_02289,0,0,0.99947983,True,1.0,real,Tin nhắn cá nhân và OTP,1.0,0.004460957999999999,0.995539042,0.19999999999999996
ViSmish_02290,1,1,0.9996123,True,1.0,paraphrased,Nội dung nhạy cảm,1.0,0.9961373,0.0038626999999999967,0.19999999999999996
ViSmish_02291,1,1,0.9996087,True,1.0,paraphrased,Nội dung nhạy cảm,1.0,0.99611969,0.003880309999999998,0.19999999999999996
ViSmish_02292,0,0,0.9993899,True,1.0,external_real,P2P hội thoại thông thường,1.0,0.004822599599999999,0.9951774004,0.19999999999999996
ViSmish_02293,1,1,0.9996195,True,1.0,paraphrased,Đòi nợ / Đe dọa,1.0,0.9961728,0.0038272000000000306,0.19999999999999996
ViSmish_02294,0,0,0.9994031,True,1.0,synthetic,Dịch vụ công thật,1.0,0.004771199399999999,0.9952288006,0.19999999999999996
ViSmish_02295,0,0,0.9993519,True,1.0,real,Viễn thông,1.0,0.004966601799999999,0.9950333982,0.19999999999999996
ViSmish_02297,1,1,0.9995553,True,1.0,paraphrased,Crypto / Đầu tư giả,1.0,0.995868706,0.004131294000000008,0.19999999999999996
ViSmish_02298,0,0,0.9994666,True,1.0,real,Khác,1.0,0.004516066999999999,0.995483933,0.19999999999999996
ViSmish_02299,1,1,0.9996226,True,1.0,paraphrased,Dịch vụ công giả,1.0,0.99618796,0.0038120400000000165,0.19999999999999996
ViSmish_02300,0,0,0.99943846,True,1.0,synthetic,Viễn thông,1.0,0.0046307521999999985,0.9953692478,0.19999999999999996
ViSmish_02303,1,1,0.99962103,True,1.0,paraphrased,Giả mạo ngân hàng,1.0,0.99618026,0.0038197399999999604,0.19999999999999996
ViSmish_02304,1,1,0.99962115,True,1.0,paraphrased,Dịch vụ công giả,1.0,0.99618118,0.0038188200000000005,0.19999999999999996
ViSmish_02305,1,1,0.99954826,True,1.0,synthetic_hard_positive,Giả mạo ngân hàng,1.0,0.99583668,0.00416331999999997,0.19999999999999996
ViSmish_02306,1,1,0.9995987,True,1.0,paraphrased,Tuyển dụng giả,1.0,0.9960712,0.0039287999999999546,0.19999999999999996
ViSmish_02307,0,0,0.999435,True,1.0,real,Viễn thông,1.0,0.004644508999999999,0.995355491,0.19999999999999996
ViSmish_02308,1,1,0.999546,True,1.0,paraphrased,Đòi nợ / Đe dọa,1.0,0.9958265399999999,0.004173460000000073,0.19999999999999996
ViSmish_02309,0,0,0.99949706,True,1.0,synthetic,Vận chuyển,1.0,0.004387714399999999,0.9956122856,0.19999999999999996
ViSmish_02310,1,0,0.9972331,False,0.3,real,Cờ bạc / Betting,0.0,1.0,0.0,0.0
ViSmish_02311,1,1,0.9995958,True,1.0,paraphrased,Nội dung nhạy cảm,1.0,0.9960574799999999,0.00394252000000006,0.19999999999999996
ViSmish_02312,1,1,0.99961686,True,1.0,paraphrased,Giả mạo ngân hàng,1.0,0.99615996,0.0038400400000000445,0.19999999999999996
ViSmish_02316,1,1,0.99961686,True,1.0,paraphrased,Dịch vụ công giả,1.0,0.99615964,0.003840359999999987,0.19999999999999996
ViSmish_02317,0,0,0.99934846,True,1.0,synthetic,Ngân hàng thật,1.0,0.004979673999999999,0.995020326,0.19999999999999996
ViSmish_02318,0,0,0.99944335,True,1.0,real,Tin nhắn cá nhân và OTP,1.0,0.004611027599999999,0.9953889724,0.19999999999999996
ViSmish_02319,0,0,0.9993759,True,1.0,real,Viễn thông,1.0,0.004876266799999999,0.9951237332,0.19999999999999996
ViSmish_02322,1,1,0.99962044,True,1.0,paraphrased,Tuyển dụng giả,1.0,0.9961774800000001,0.0038225199999999404,0.19999999999999996
ViSmish_02323,0,0,0.99947566,True,1.0,synthetic,Ngân hàng thật,1.0,0.004478642799999999,0.9955213572,0.19999999999999996
ViSmish_02325,1,1,0.9996264,True,1.0,paraphrased,Tuyển dụng giả,1.0,0.99620666,0.0037933399999999784,0.19999999999999996
ViSmish_02326,0,0,0.99944466,True,1.0,real,Khác,1.0,0.004605590999999999,0.995394409,0.19999999999999996
ViSmish_02327,0,0,0.99939454,True,1.0,real,Viễn thông,1.0,0.004804351999999999,0.995195648,0.19999999999999996
ViSmish_02328,0,0,0.99938583,True,1.0,external_real,P2P hội thoại thông thường,1.0,0.004837856399999999,0.9951621436,0.19999999999999996
ViSmish_02329,0,0,0.9994875,True,1.0,synthetic,Thương mại điện tử,1.0,0.004428275999999998,0.995571724,0.19999999999999996
ViSmish_02330,1,1,0.9996166,True,1.0,paraphrased,Dịch vụ công giả,1.0,0.99615856,0.0038414399999999738,0.19999999999999996
ViSmish_02331,1,1,0.9996302,True,1.0,paraphrased,Dịch vụ công giả,1.0,0.9962259600000001,0.003774039999999923,0.19999999999999996
ViSmish_02333,1,1,0.9995876,True,1.0,paraphrased,Crypto / Đầu tư giả,1.0,0.996018708,0.00398129199999997,0.19999999999999996
ViSmish_02334,0,0,0.9994173,True,1.0,real,Viễn thông,1.0,0.004715544799999999,0.9952844552,0.19999999999999996
ViSmish_02335,0,0,0.9994764,True,1.0,synthetic,Viễn thông,1.0,0.004475559199999999,0.9955244408,0.19999999999999996
ViSmish_02336,1,1,0.9993907,True,1.0,real,Giả mạo ngân hàng,1.0,0.995180774,0.004819225999999954,0.19999999999999996
ViSmish_02338,1,1,0.9996164,True,1.0,paraphrased,Tuyển dụng giả,1.0,0.9961573,0.0038426999999999767,0.19999999999999996
ViSmish_02339,1,1,0.9996208,True,1.0,paraphrased,BHXH / Trợ cấp giả,1.0,0.99617944,0.003820559999999973,0.19999999999999996
ViSmish_02340,0,0,0.9994854,True,1.0,synthetic,Vận chuyển,1.0,0.004437378399999999,0.9955626216,0.19999999999999996
ViSmish_02342,0,0,0.9993641,True,1.0,real,Viễn thông,1.0,0.004921110399999999,0.9950788896,0.19999999999999996
ViSmish_02343,0,0,0.9992353,True,1.0,external_curated,P2P hard negative,1.0,0.005383884599999999,0.9946161154000001,0.19999999999999996
ViSmish_02345,1,1,0.99960953,True,1.0,paraphrased,Nội dung nhạy cảm,1.0,0.99612352,0.00387647999999996,0.19999999999999996
ViSmish_02346,1,1,0.99960583,True,1.0,paraphrased,Nội dung nhạy cảm,1.0,0.99610596,0.003894040000000043,0.19999999999999996
ViSmish_02348,0,0,0.99935085,True,1.0,external_real,P2P hội thoại thông thường,1.0,0.004970591599999999,0.9950294084,0.19999999999999996
ViSmish_02349,1,1,0.99960345,True,1.0,paraphrased,Giả mạo ngân hàng,1.0,0.99609416,0.0039058400000000493,0.19999999999999996
ViSmish_02350,0,0,0.999131,True,1.0,synthetic,Ngân hàng thật,1.0,0.005729332599999999,0.9942706674,0.19999999999999996
ViSmish_02351,1,1,0.99960274,True,1.0,paraphrased,Crypto / Đầu tư giả,1.0,0.99609048,0.00390952,0.19999999999999996
ViSmish_02352,1,1,0.99962723,True,1.0,paraphrased,Dịch vụ công giả,1.0,0.996211028,0.003788971999999946,0.19999999999999996
ViSmish_02353,0,0,0.99938285,True,1.0,real,Quảng cáo hợp lệ,1.0,0.004849367599999999,0.9951506324,0.19999999999999996
ViSmish_02354,1,1,0.99962926,True,1.0,paraphrased,Dịch vụ công giả,1.0,0.99622126,0.0037787400000000027,0.19999999999999996
ViSmish_02356,0,0,0.99941933,True,1.0,real,Tin nhắn cá nhân và OTP,1.0,0.004707435199999999,0.9952925648,0.19999999999999996
ViSmish_02357,0,0,0.9994618,True,1.0,real,Ngân hàng thật,1.0,0.0045357535999999985,0.9954642464,0.19999999999999996
ViSmish_02358,1,1,0.9996183,True,1.0,paraphrased,Cờ bạc / Betting,1.0,0.99616679,0.0038332100000000313,0.19999999999999996
ViSmish_02359,1,1,0.99951804,True,1.0,paraphrased,Nội dung nhạy cảm,1.0,0.9957024800000001,0.004297519999999944,0.19999999999999996
ViSmish_02360,0,0,0.99945503,True,1.0,real,Viễn thông,1.0,0.0045636489999999995,0.995436351,0.19999999999999996
ViSmish_02361,1,1,0.9996119,True,1.0,paraphrased,Tuyển dụng giả,1.0,0.9961352800000001,0.0038647199999999327,0.19999999999999996
ViSmish_02362,1,1,0.9996081,True,1.0,paraphrased,Tuyển dụng giả,1.0,0.9961167799999999,0.003883220000000076,0.19999999999999996
ViSmish_02364,0,0,0.99915266,True,1.0,real,Dịch vụ công thật,1.0,0.005659315399999999,0.9943406846,0.19999999999999996
ViSmish_02365,1,1,0.9996012,True,1.0,paraphrased,Tuyển dụng giả,1.0,0.996083366,0.003916633999999974,0.19999999999999996
ViSmish_02366,0,0,0.9994049,True,1.0,real,Quảng cáo hợp lệ,1.0,0.0047642755999999994,0.9952357244,0.19999999999999996
ViSmish_02368,1,1,0.99960524,True,1.0,paraphrased,Cờ bạc / Betting,1.0,0.9961026399999999,0.003897360000000072,0.19999999999999996
ViSmish_02370,0,0,0.99948764,True,1.0,synthetic,Vận chuyển,1.0,0.0044278669999999985,0.995572133,0.19999999999999996
ViSmish_02371,0,0,0.9992899,True,1.0,real,Khác,1.0,0.005193026799999999,0.9948069732,0.19999999999999996
ViSmish_02374,0,0,0.9994842,True,1.0,synthetic,Viễn thông,1.0,0.004442231399999999,0.9955577686,0.19999999999999996
ViSmish_02375,0,0,0.99937636,True,1.0,real,Khác,1.0,0.004874488399999999,0.9951255116,0.19999999999999996
ViSmish_02377,1,1,0.9996245,True,1.0,paraphrased,BHXH / Trợ cấp giả,1.0,0.99619744,0.0038025600000000104,0.19999999999999996
ViSmish_02379,1,1,0.99959475,True,1.0,paraphrased,Cờ bạc / Betting,1.0,0.996052492,0.0039475079999999885,0.19999999999999996
ViSmish_02380,0,0,0.9994216,True,1.0,external_curated,P2P hard negative,1.0,0.004698487799999999,0.9953015122,0.19999999999999996
ViSmish_02381,1,1,0.9996189,True,1.0,paraphrased,Dịch vụ công giả,1.0,0.99616954,0.00383045999999998,0.19999999999999996
ViSmish_02384,0,0,0.9994962,True,1.0,synthetic,Dịch vụ y tế,1.0,0.004391266399999999,0.9956087336,0.19999999999999996
ViSmish_02386,0,0,0.9991862,True,1.0,synthetic,Dịch vụ công thật,1.0,0.005549320199999998,0.9944506798,0.19999999999999996
ViSmish_02387,1,1,0.9994967,True,1.0,synthetic_hard_positive,Khác,1.0,0.99561078,0.0043892199999999715,0.19999999999999996
ViSmish_02388,0,0,0.9993942,True,1.0,external_curated,P2P hard negative,1.0,0.004805607799999999,0.9951943922,0.19999999999999996
ViSmish_02389,0,0,0.9994142,True,1.0,real,Viễn thông,1.0,0.0047274608,0.9952725392,0.19999999999999996
ViSmish_02390,0,0,0.99945825,True,1.0,real,Ngân hàng thật,1.0,0.004550563999999999,0.995449436,0.19999999999999996
ViSmish_02391,0,0,0.99946886,True,1.0,synthetic,Quảng cáo hợp lệ,1.0,0.004506750799999999,0.9954932492,0.19999999999999996
ViSmish_02392,0,0,0.9994018,True,1.0,external_curated,P2P hard negative,1.0,0.004776393999999999,0.995223606,0.19999999999999996
ViSmish_02394,1,1,0.99956316,True,1.0,paraphrased,Crypto / Đầu tư giả,1.0,0.9959044699999999,0.004095530000000069,0.19999999999999996
ViSmish_02395,0,0,0.99944156,True,1.0,real,Viễn thông,1.0,0.004618333199999999,0.9953816668,0.19999999999999996
ViSmish_02396,1,1,0.9995478,True,1.0,paraphrased,Crypto / Đầu tư giả,1.0,0.9958347599999999,0.00416524000000007,0.19999999999999996
ViSmish_02398,0,0,0.99949265,True,1.0,synthetic,Vận chuyển,1.0,0.004406711399999999,0.9955932886,0.19999999999999996
ViSmish_02399,1,1,0.99961925,True,1.0,paraphrased,Đòi nợ / Đe dọa,1.0,0.99617172,0.0038282800000000172,0.19999999999999996
ViSmish_02400,1,1,0.999608,True,1.0,paraphrased,Crypto / Đầu tư giả,1.0,0.9961163,0.0038837000000000454,0.19999999999999996
ViSmish_02403,1,1,0.99960536,True,1.0,paraphrased,Giả mạo ngân hàng,1.0,0.996103572,0.0038964280000000073,0.19999999999999996
ViSmish_02404,0,0,0.9994848,True,1.0,synthetic,Vận chuyển,1.0,0.004440158599999999,0.9955598414,0.19999999999999996
ViSmish_02405,0,0,0.9993524,True,1.0,real,Viễn thông,1.0,0.0049649555999999985,0.9950350444,0.19999999999999996
ViSmish_02407,0,0,0.9994752,True,1.0,synthetic,Dịch vụ y tế,1.0,0.004480660399999999,0.9955193396,0.19999999999999996
ViSmish_02408,0,0,0.9994106,True,1.0,real,Khác,1.0,0.004741609999999999,0.99525839,0.19999999999999996
ViSmish_02409,0,0,0.99948126,True,1.0,synthetic,Thương mại điện tử,1.0,0.004455041999999999,0.995544958,0.19999999999999996
ViSmish_02410,0,0,0.9994842,True,1.0,synthetic,Viễn thông,1.0,0.004442402999999999,0.995557597,0.19999999999999996
ViSmish_02411,0,0,0.9994747,True,1.0,synthetic,Ngân hàng thật,1.0,0.004482321999999999,0.995517678,0.19999999999999996
ViSmish_02413,1,1,0.9995326,True,1.0,synthetic_hard_positive,Khác,1.0,0.99576652,0.004233480000000012,0.19999999999999996
ViSmish_02415,1,1,0.9996221,True,1.0,paraphrased,Dịch vụ công giả,1.0,0.996185554,0.003814446000000027,0.19999999999999996
ViSmish_02418,0,0,0.9994086,True,1.0,synthetic,Quảng cáo hợp lệ,1.0,0.004749655799999999,0.9952503442,0.19999999999999996
ViSmish_02419,0,0,0.999113,True,1.0,external_curated,P2P hard negative,1.0,0.0057866535999999994,0.9942133464,0.19999999999999996
ViSmish_02420,1,1,0.99959785,True,1.0,paraphrased,Tuyển dụng giả,1.0,0.9960672500000001,0.003932749999999929,0.19999999999999996
ViSmish_02423,1,1,0.99959964,True,1.0,paraphrased,Cờ bạc / Betting,1.0,0.9960755459999999,0.003924454000000077,0.19999999999999996
ViSmish_02424,1,1,0.99959606,True,1.0,real,Giả mạo ngân hàng,1.0,0.9960587000000001,0.003941299999999925,0.19999999999999996
ViSmish_02425,0,0,0.9994778,True,1.0,synthetic,Vận chuyển,1.0,0.004469578999999999,0.995530421,0.19999999999999996
ViSmish_02428,1,1,0.9996208,True,1.0,paraphrased,Tuyển dụng giả,1.0,0.99617939,0.003820610000000002,0.19999999999999996
ViSmish_02429,0,0,0.9994741,True,1.0,synthetic,Dịch vụ công thật,1.0,0.004485082599999999,0.9955149174,0.19999999999999996
ViSmish_02430,1,1,0.99959797,True,1.0,paraphrased,Nội dung nhạy cảm,1.0,0.99606792,0.0039320800000000045,0.19999999999999996
ViSmish_02431,0,0,0.9994425,True,1.0,synthetic,Thương mại điện tử,1.0,0.004614693599999999,0.9953853064,0.19999999999999996
ViSmish_02432,1,1,0.9996264,True,1.0,paraphrased,BHXH / Trợ cấp giả,1.0,0.99620692,0.0037930800000000042,0.19999999999999996
ViSmish_02433,0,0,0.99937904,True,1.0,real,Quảng cáo hợp lệ,1.0,0.004863801999999999,0.995136198,0.19999999999999996
ViSmish_02434,0,0,0.9993993,True,1.0,synthetic,Dịch vụ công thật,1.0,0.004785789199999999,0.9952142108,0.19999999999999996
ViSmish_02436,0,0,0.99909306,True,1.0,external_curated,P2P hard negative,1.0,0.005849571999999999,0.994150428,0.19999999999999996
ViSmish_02438,0,0,0.9993647,True,1.0,synthetic,Dịch vụ công thật,1.0,0.004918865199999999,0.9950811348,0.19999999999999996
ViSmish_02439,0,0,0.9994342,True,1.0,external_curated,P2P hard negative,1.0,0.004647895999999999,0.995352104,0.19999999999999996
ViSmish_02440,0,0,0.9994547,True,1.0,synthetic,Dịch vụ y tế,1.0,0.004565115199999999,0.9954348848,0.19999999999999996
ViSmish_02441,0,0,0.9994399,True,1.0,external_real,P2P hội thoại thông thường,1.0,0.004625208599999999,0.9953747914,0.19999999999999996
ViSmish_02442,1,1,0.99960274,True,1.0,paraphrased,Nội dung nhạy cảm,1.0,0.996090626,0.003909374000000021,0.19999999999999996
ViSmish_02449,0,0,0.9994824,True,1.0,synthetic,Viễn thông,1.0,0.004449983999999999,0.995550016,0.19999999999999996
ViSmish_02450,0,0,0.9994823,True,1.0,synthetic,Thương mại điện tử,1.0,0.004450693399999999,0.9955493066,0.19999999999999996
ViSmish_02451,0,0,0.9994869,True,1.0,synthetic,Vận chuyển,1.0,0.0044307767999999985,0.9955692232,0.19999999999999996
ViSmish_02452,1,1,0.99961567,True,1.0,paraphrased,Đòi nợ / Đe dọa,1.0,0.9961539500000001,0.0038460499999999342,0.19999999999999996
ViSmish_02454,1,1,0.999624,True,1.0,paraphrased,Nội dung nhạy cảm,1.0,0.9961952199999999,0.003804780000000063,0.19999999999999996
ViSmish_02456,1,1,0.9996302,True,1.0,paraphrased,Tuyển dụng giả,1.0,0.996225988,0.0037740120000000488,0.19999999999999996
ViSmish_02457,1,1,0.999603,True,1.0,paraphrased,BHXH / Trợ cấp giả,1.0,0.99609216,0.003907839999999996,0.19999999999999996
ViSmish_02458,0,0,0.99945015,True,1.0,external_curated,P2P hard negative,1.0,0.0045834805999999985,0.9954165194,0.19999999999999996
ViSmish_02460,0,0,0.99945396,True,1.0,synthetic,Dịch vụ công thật,1.0,0.004568091799999999,0.9954319082,0.19999999999999996
ViSmish_02461,1,1,0.999622,True,1.0,paraphrased,Giả mạo ngân hàng,1.0,0.9961849,0.00381509999999996,0.19999999999999996
ViSmish_02462,0,0,0.99942625,True,1.0,synthetic,Viễn thông,1.0,0.004679867999999999,0.995320132,0.19999999999999996
ViSmish_02466,0,0,0.9994497,True,1.0,synthetic,Ngân hàng thật,1.0,0.004585331999999999,0.995414668,0.19999999999999996
ViSmish_02467,0,0,0.9994128,True,1.0,external_curated,P2P hard negative,1.0,0.004733338599999999,0.9952666614,0.19999999999999996
ViSmish_02468,1,1,0.9995915,True,1.0,paraphrased,Nội dung nhạy cảm,1.0,0.99603715,0.003962849999999962,0.19999999999999996
ViSmish_02469,0,0,0.99944466,True,1.0,real,Viễn thông,1.0,0.004605694799999999,0.9953943052,0.19999999999999996
ViSmish_02470,0,0,0.99867994,True,1.0,real,Dịch vụ công thật,1.0,0.007016127999999999,0.992983872,0.19999999999999996
ViSmish_02472,0,0,0.9994467,True,1.0,real,Viễn thông,1.0,0.0045975367999999996,0.9954024632,0.19999999999999996
ViSmish_02473,0,0,0.9993228,True,1.0,external_curated,P2P hard negative,1.0,0.0050746284,0.9949253716,0.19999999999999996
ViSmish_02474,0,0,0.99936324,True,1.0,real,Quảng cáo hợp lệ,1.0,0.0049240145999999985,0.9950759854,0.19999999999999996
ViSmish_02475,0,0,0.9994874,True,1.0,real,Tin nhắn cá nhân và OTP,1.0,0.004428720399999999,0.9955712796,0.19999999999999996
ViSmish_02476,0,0,0.9994535,True,1.0,synthetic,Thương mại điện tử,1.0,0.004569937599999999,0.9954300624,0.19999999999999996
ViSmish_02478,1,1,0.99955684,True,1.0,paraphrased,Giả mạo ngân hàng,1.0,0.99587586,0.004124140000000054,0.19999999999999996
ViSmish_02481,1,1,0.99933225,True,1.0,synthetic_hard_positive,Khác,1.0,0.99496048,0.005039519999999964,0.19999999999999996
ViSmish_02483,1,1,0.99960464,True,1.0,paraphrased,Giả mạo ngân hàng,1.0,0.996099794,0.0039002059999999616,0.19999999999999996
ViSmish_02486,1,1,0.9994135,True,1.0,synthetic_hard_positive,BHXH / Trợ cấp giả,1.0,0.9952696400000001,0.0047303599999999335,0.19999999999999996
ViSmish_02487,1,1,0.9996238,True,1.0,paraphrased,Giả mạo ngân hàng,1.0,0.99619418,0.00380581999999996,0.19999999999999996
ViSmish_02488,1,1,0.9982046,True,1.0,real,Đòi nợ / Đe dọa,1.0,0.991863012,0.008136987999999956,0.19999999999999996
ViSmish_02489,1,1,0.9996075,True,1.0,paraphrased,Giả mạo ngân hàng,1.0,0.99611368,0.0038863199999999987,0.19999999999999996
ViSmish_02490,1,1,0.9996158,True,1.0,paraphrased,Tuyển dụng giả,1.0,0.9961542480000001,0.0038457519999999246,0.19999999999999996
ViSmish_02491,1,1,0.99958974,True,1.0,paraphrased,Crypto / Đầu tư giả,1.0,0.996028626,0.0039713740000000275,0.19999999999999996
ViSmish_02492,1,1,0.99955624,True,1.0,paraphrased,Crypto / Đầu tư giả,1.0,0.9958731599999999,0.004126840000000076,0.19999999999999996
ViSmish_02493,1,1,0.99961394,True,1.0,paraphrased,Nội dung nhạy cảm,1.0,0.99614494,0.0038550600000000212,0.19999999999999996
ViSmish_02494,1,1,0.9995728,True,1.0,paraphrased,Nội dung nhạy cảm,1.0,0.99594944,0.004050560000000036,0.19999999999999996
ViSmish_02495,0,0,0.9992843,True,1.0,synthetic,Dịch vụ công thật,1.0,0.005212749599999999,0.9947872504,0.19999999999999996
ViSmish_02496,0,0,0.99949574,True,1.0,synthetic,Thương mại điện tử,1.0,0.004393607799999999,0.9956063922,0.19999999999999996
ViSmish_02497,0,0,0.99945766,True,1.0,real,Ngân hàng thật,1.0,0.004552737599999999,0.9954472624,0.19999999999999996
ViSmish_02500,1,1,0.99957293,True,1.0,paraphrased,Crypto / Đầu tư giả,1.0,0.99594998,0.0040500199999999875,0.19999999999999996
ViSmish_02501,0,0,0.9994043,True,1.0,synthetic,Ngân hàng thật,1.0,0.0047662448,0.9952337552,0.19999999999999996
ViSmish_02502,1,1,0.9996191,True,1.0,paraphrased,Giả mạo ngân hàng,1.0,0.99617101,0.003828990000000032,0.19999999999999996
ViSmish_02504,1,1,0.9996259,True,1.0,paraphrased,BHXH / Trợ cấp giả,1.0,0.99620456,0.0037954399999999833,0.19999999999999996
ViSmish_02505,0,0,0.9994808,True,1.0,synthetic,Thương mại điện tử,1.0,0.0044567591999999994,0.9955432408,0.19999999999999996
ViSmish_02506,1,1,0.9996137,True,1.0,paraphrased,Tuyển dụng giả,1.0,0.996144248,0.00385575199999999,0.19999999999999996
ViSmish_02507,1,1,0.9995617,True,1.0,real,Dịch vụ công giả,1.0,0.99589789,0.004102110000000048,0.19999999999999996
ViSmish_02508,1,1,0.9996061,True,1.0,paraphrased,Cờ bạc / Betting,1.0,0.99610704,0.0038929599999999454,0.19999999999999996
ViSmish_02510,0,0,0.9994716,True,1.0,synthetic,Viễn thông,1.0,0.004495191199999998,0.9955048088,0.19999999999999996
ViSmish_02511,0,0,0.99945086,True,1.0,synthetic,Tin nhắn cá nhân và OTP,1.0,0.004580649399999999,0.9954193506,0.19999999999999996
ViSmish_02512,0,0,0.99939024,True,1.0,synthetic,Ngân hàng thật,1.0,0.004821058799999999,0.9951789412000001,0.19999999999999996
ViSmish_02513,0,0,0.99946994,True,1.0,real,Viễn thông,1.0,0.004502119199999999,0.9954978808,0.19999999999999996
ViSmish_02514,1,1,0.99961406,True,1.0,paraphrased,Nội dung nhạy cảm,1.0,0.996145988,0.0038540120000000178,0.19999999999999996
ViSmish_02517,1,1,0.99962294,True,1.0,paraphrased,BHXH / Trợ cấp giả,1.0,0.99618976,0.0038102399999999648,0.19999999999999996
ViSmish_02520,0,0,0.9994869,True,1.0,real,Viễn thông,1.0,0.004431026799999999,0.9955689732,0.19999999999999996
ViSmish_02521,0,0,0.99942124,True,1.0,synthetic,Dịch vụ y tế,1.0,0.004699869999999998,0.99530013,0.19999999999999996
ViSmish_02522,0,0,0.9994698,True,1.0,real,Viễn thông,1.0,0.004502486799999999,0.9954975132,0.19999999999999996
ViSmish_02523,0,0,0.9993093,True,1.0,real,Viễn thông,1.0,0.005123399199999999,0.9948766008,0.19999999999999996
ViSmish_02524,1,1,0.9996253,True,1.0,paraphrased,BHXH / Trợ cấp giả,1.0,0.99620182,0.0037981799999999843,0.19999999999999996
ViSmish_02525,1,1,0.99961036,True,1.0,paraphrased,Nội dung nhạy cảm,1.0,0.9961279860000001,0.0038720139999999237,0.19999999999999996
ViSmish_02526,1,1,0.99962056,True,1.0,paraphrased,Tuyển dụng giả,1.0,0.996178126,0.003821874000000003,0.19999999999999996
ViSmish_02527,1,1,0.9987764,True,1.0,synthetic_hard_positive,Tuyển dụng giả,1.0,0.99323648,0.006763520000000023,0.19999999999999996
ViSmish_02529,0,0,0.99947363,True,1.0,synthetic,Dịch vụ y tế,1.0,0.004486918799999999,0.9955130812,0.19999999999999996
ViSmish_02530,1,1,0.99962044,True,1.0,paraphrased,Đòi nợ / Đe dọa,1.0,0.9961772799999999,0.003822720000000057,0.19999999999999996
ViSmish_02532,0,0,0.9994615,True,1.0,real,Tin nhắn cá nhân và OTP,1.0,0.004537119999999999,0.99546288,0.19999999999999996
ViSmish_02533,1,1,0.9996227,True,1.0,paraphrased,Cờ bạc / Betting,1.0,0.99618882,0.003811180000000025,0.19999999999999996
ViSmish_02534,1,1,0.99960107,True,1.0,paraphrased,Đòi nợ / Đe dọa,1.0,0.996082652,0.003917347999999987,0.19999999999999996
ViSmish_02535,0,0,0.99937433,True,1.0,real,Viễn thông,1.0,0.004882095999999999,0.995117904,0.19999999999999996
ViSmish_02536,1,1,0.99957687,True,1.0,paraphrased,Crypto / Đầu tư giả,1.0,0.995967794,0.004032205999999983,0.19999999999999996
ViSmish_02537,0,0,0.9994025,True,1.0,external_real,P2P hội thoại thông thường,1.0,0.0047732591999999985,0.9952267408,0.19999999999999996
ViSmish_02538,1,1,0.9996125,True,1.0,paraphrased,BHXH / Trợ cấp giả,1.0,0.9961380120000001,0.0038619879999999274,0.19999999999999996
ViSmish_02539,1,1,0.99961805,True,1.0,paraphrased,Tuyển dụng giả,1.0,0.99616584,0.003834160000000031,0.19999999999999996
ViSmish_02540,0,0,0.9994823,True,1.0,real,Tin nhắn cá nhân và OTP,1.0,0.004450255199999999,0.9955497448,0.19999999999999996
ViSmish_02542,1,1,0.9996213,True,1.0,paraphrased,Dịch vụ công giả,1.0,0.996181428,0.00381857200000002,0.19999999999999996
ViSmish_02544,0,0,0.9994148,True,1.0,real,Ngân hàng thật,1.0,0.004725208799999998,0.9952747912,0.19999999999999996
ViSmish_02545,1,1,0.99956995,True,1.0,paraphrased,Cờ bạc / Betting,1.0,0.995935774,0.004064226000000004,0.19999999999999996
ViSmish_02547,0,0,0.9994436,True,1.0,synthetic,Ngân hàng thật,1.0,0.004609918199999999,0.9953900818,0.19999999999999996
ViSmish_02548,0,0,0.9994931,True,1.0,synthetic,Ngân hàng thật,1.0,0.004404787399999999,0.9955952126000001,0.19999999999999996
ViSmish_02549,1,1,0.99960357,True,1.0,paraphrased,BHXH / Trợ cấp giả,1.0,0.996094846,0.0039051540000000218,0.19999999999999996
ViSmish_02550,0,0,0.99933237,True,1.0,real,Khác,1.0,0.005039043799999999,0.9949609562,0.19999999999999996
ViSmish_02551,1,1,0.99961925,True,1.0,paraphrased,Dịch vụ công giả,1.0,0.99617136,0.0038286400000000498,0.19999999999999996
ViSmish_02552,1,1,0.9996076,True,1.0,paraphrased,Crypto / Đầu tư giả,1.0,0.99611462,0.0038853800000000493,0.19999999999999996
ViSmish_02553,0,0,0.9994723,True,1.0,synthetic,Dịch vụ công thật,1.0,0.0044925133999999985,0.9955074866,0.19999999999999996
ViSmish_02554,1,1,0.9995561,True,1.0,synthetic_hard_positive,Khác,1.0,0.9958727,0.004127299999999945,0.19999999999999996
ViSmish_02556,0,0,0.9991211,True,1.0,real,Viễn thông,1.0,0.005760713999999999,0.994239286,0.19999999999999996
ViSmish_02557,0,0,0.999491,True,1.0,synthetic,Ngân hàng thật,1.0,0.0044139537999999985,0.9955860462,0.19999999999999996
ViSmish_02558,0,0,0.99945337,True,1.0,external_real,P2P hội thoại thông thường,1.0,0.0045703913999999984,0.9954296086,0.19999999999999996
ViSmish_02559,1,1,0.99962974,True,1.0,paraphrased,Dịch vụ công giả,1.0,0.99622336,0.0037766399999999978,0.19999999999999996
ViSmish_02561,0,0,0.9994593,True,1.0,real,Viễn thông,1.0,0.004546097199999999,0.9954539028,0.19999999999999996
ViSmish_02563,1,1,0.99954563,True,1.0,paraphrased,Nội dung nhạy cảm,1.0,0.995825266,0.004174734000000013,0.19999999999999996
ViSmish_02564,1,1,0.9996025,True,1.0,paraphrased,Cờ bạc / Betting,1.0,0.996089852,0.003910148000000002,0.19999999999999996
ViSmish_02565,1,1,0.99961084,True,1.0,paraphrased,Nội dung nhạy cảm,1.0,0.99612999,0.0038700099999999793,0.19999999999999996
ViSmish_02568,0,0,0.9994691,True,1.0,real,Khác,1.0,0.004505615999999999,0.995494384,0.19999999999999996
ViSmish_02570,1,1,0.9996265,True,1.0,paraphrased,Dịch vụ công giả,1.0,0.996207834,0.0037921659999999857,0.19999999999999996
ViSmish_02572,0,0,0.9994748,True,1.0,synthetic,Thương mại điện tử,1.0,0.004481895199999999,0.9955181048,0.19999999999999996
ViSmish_02573,1,1,0.99962676,True,1.0,paraphrased,Giả mạo ngân hàng,1.0,0.99620864,0.0037913600000000214,0.19999999999999996
ViSmish_02574,1,1,0.99958295,True,1.0,paraphrased,Nội dung nhạy cảm,1.0,0.99599634,0.0040036599999999645,0.19999999999999996
ViSmish_02575,1,1,0.9993136,True,1.0,paraphrased,Đòi nợ / Đe dọa,1.0,0.994892252,0.005107748000000023,0.19999999999999996
ViSmish_02580,1,1,0.9995455,True,1.0,paraphrased,Crypto / Đầu tư giả,1.0,0.995824372,0.004175628000000042,0.19999999999999996
ViSmish_02581,1,1,0.9996195,True,1.0,paraphrased,Tuyển dụng giả,1.0,0.99617282,0.003827180000000041,0.19999999999999996
ViSmish_02582,0,0,0.99943703,True,1.0,synthetic,Viễn thông,1.0,0.004636431999999999,0.995363568,0.19999999999999996
ViSmish_02584,1,1,0.9995902,True,1.0,paraphrased,Nội dung nhạy cảm,1.0,0.99603062,0.003969380000000022,0.19999999999999996
ViSmish_02585,1,1,0.99960965,True,1.0,paraphrased,Crypto / Đầu tư giả,1.0,0.996124232,0.0038757680000000017,0.19999999999999996
ViSmish_02586,1,1,0.9996118,True,1.0,paraphrased,Cờ bạc / Betting,1.0,0.996134532,0.003865467999999983,0.19999999999999996
ViSmish_02590,1,1,0.9996233,True,1.0,paraphrased,BHXH / Trợ cấp giả,1.0,0.99619143,0.003808570000000011,0.19999999999999996
ViSmish_02593,1,1,0.99957186,True,1.0,paraphrased,Tuyển dụng giả,1.0,0.99594456,0.004055440000000021,0.19999999999999996
ViSmish_02597,0,0,0.9994417,True,1.0,real,Viễn thông,1.0,0.004617734599999999,0.9953822654,0.19999999999999996
ViSmish_02598,0,0,0.9994326,True,1.0,real,Ngân hàng thật,1.0,0.004654360999999999,0.995345639,0.19999999999999996
ViSmish_02604,1,1,0.9996112,True,1.0,paraphrased,Đòi nợ / Đe dọa,1.0,0.99613168,0.003868320000000036,0.19999999999999996
ViSmish_02606,0,0,0.9994925,True,1.0,real,Viễn thông,1.0,0.004407191199999999,0.9955928088,0.19999999999999996
ViSmish_02607,1,1,0.9995474,True,1.0,paraphrased,Crypto / Đầu tư giả,1.0,0.99583312,0.004166879999999984,0.19999999999999996
ViSmish_02608,1,1,0.9995608,True,1.0,synthetic_hard_positive,Khác,1.0,0.995893908,0.004106092000000006,0.19999999999999996
ViSmish_02610,0,0,0.9994838,True,1.0,synthetic,Dịch vụ y tế,1.0,0.004443845599999999,0.9955561544,0.19999999999999996
ViSmish_02613,0,0,0.9992786,True,1.0,synthetic,Quảng cáo hợp lệ,1.0,0.005233307599999999,0.9947666924,0.19999999999999996
ViSmish_02614,0,0,0.99947137,True,1.0,synthetic,Dịch vụ công thật,1.0,0.004496355399999999,0.9955036446,0.19999999999999996
ViSmish_02616,0,0,0.99942124,True,1.0,real,Tin nhắn cá nhân và OTP,1.0,0.0046999315999999985,0.9953000684,0.19999999999999996
ViSmish_02617,1,1,0.9996191,True,1.0,paraphrased,Tuyển dụng giả,1.0,0.9961711799999999,0.003828820000000066,0.19999999999999996
ViSmish_02619,1,1,0.99959856,True,1.0,paraphrased,Đòi nợ / Đe dọa,1.0,0.9960709400000001,0.003929059999999929,0.19999999999999996
ViSmish_02620,0,0,0.9994368,True,1.0,real,Viễn thông,1.0,0.004637639999999998,0.99536236,0.19999999999999996
ViSmish_02623,1,1,0.99896586,True,1.0,paraphrased,Crypto / Đầu tư giả,1.0,0.99376566,0.006234340000000005,0.19999999999999996
ViSmish_02624,0,0,0.99939966,True,1.0,external_real,P2P hội thoại thông thường,1.0,0.004784475199999999,0.9952155248,0.19999999999999996
ViSmish_02626,0,0,0.99929404,True,1.0,external_curated,P2P hard negative,1.0,0.005178030999999999,0.994821969,0.19999999999999996
ViSmish_02627,0,0,0.99936396,True,1.0,external_curated,P2P hard negative,1.0,0.004921637999999999,0.995078362,0.19999999999999996
ViSmish_02628,0,0,0.99949086,True,1.0,synthetic,Vận chuyển,1.0,0.004414214999999999,0.9955857850000001,0.19999999999999996
ViSmish_02630,1,1,0.9996172,True,1.0,paraphrased,Dịch vụ công giả,1.0,0.9961616,0.0038384000000000196,0.19999999999999996
ViSmish_02631,1,1,0.9996044,True,1.0,paraphrased,Dịch vụ công giả,1.0,0.99609874,0.0039012600000000175,0.19999999999999996
ViSmish_02632,1,1,0.99960333,True,1.0,paraphrased,Cờ bạc / Betting,1.0,0.9960933599999999,0.003906640000000072,0.19999999999999996
ViSmish_02634,1,1,0.999622,True,1.0,paraphrased,Cờ bạc / Betting,1.0,0.996185172,0.0038148279999999923,0.19999999999999996
ViSmish_02635,0,0,0.99947387,True,1.0,synthetic,Thương mại điện tử,1.0,0.004485967999999999,0.995514032,0.19999999999999996
ViSmish_02639,0,0,0.9994868,True,1.0,synthetic,Dịch vụ công thật,1.0,0.004431317399999999,0.9955686826,0.19999999999999996
ViSmish_02641,1,1,0.9983669,True,1.0,real,Cờ bạc / Betting,1.0,0.99222538,0.007774619999999954,0.19999999999999996
ViSmish_02642,0,0,0.99942744,True,1.0,external_real,P2P hội thoại thông thường,1.0,0.004675450599999999,0.9953245494,0.19999999999999996
ViSmish_02643,1,1,0.9994692,True,1.0,synthetic_hard_positive,Đòi nợ / Đe dọa,1.0,0.99549458,0.004505419999999982,0.19999999999999996
ViSmish_02644,1,1,0.9995247,True,1.0,paraphrased,Đòi nợ / Đe dọa,1.0,0.99573201,0.004267989999999999,0.19999999999999996
ViSmish_02645,1,1,0.9996164,True,1.0,paraphrased,Nội dung nhạy cảm,1.0,0.9961573,0.0038426999999999767,0.19999999999999996
ViSmish_02647,1,1,0.9995974,True,1.0,paraphrased,Nội dung nhạy cảm,1.0,0.996064686,0.003935314000000023,0.19999999999999996
ViSmish_02648,0,0,0.9991479,True,1.0,real,Khác,1.0,0.005674893399999999,0.9943251066,0.19999999999999996
ViSmish_02649,0,0,0.99949133,True,1.0,synthetic,Vận chuyển,1.0,0.004412246799999998,0.9955877532,0.19999999999999996
ViSmish_02650,1,1,0.99962175,True,1.0,paraphrased,Cờ bạc / Betting,1.0,0.99618396,0.0038160400000000205,0.19999999999999996
ViSmish_02651,0,0,0.9994729,True,1.0,synthetic,Dịch vụ y tế,1.0,0.004489970599999999,0.9955100294,0.19999999999999996
ViSmish_02652,1,1,0.99961936,True,1.0,paraphrased,Nội dung nhạy cảm,1.0,0.99617232,0.00382768,0.19999999999999996
ViSmish_02655,0,0,0.99946433,True,1.0,real,Khác,1.0,0.004525643599999999,0.9954743564,0.19999999999999996
ViSmish_02656,1,1,0.9996019,True,1.0,paraphrased,Crypto / Đầu tư giả,1.0,0.99608648,0.003913520000000004,0.19999999999999996
ViSmish_02657,0,0,0.9994752,True,1.0,synthetic,Tin nhắn cá nhân và OTP,1.0,0.0044805053999999985,0.9955194946,0.19999999999999996
ViSmish_02658,0,0,0.99948573,True,1.0,synthetic,Tin nhắn cá nhân và OTP,1.0,0.004435964599999999,0.9955640354,0.19999999999999996
ViSmish_02659,0,0,0.9994404,True,1.0,real,Tin nhắn cá nhân và OTP,1.0,0.004623112799999999,0.9953768872,0.19999999999999996
ViSmish_02661,0,0,0.99930286,True,1.0,synthetic,Dịch vụ công thật,1.0,0.005146568999999999,0.994853431,0.19999999999999996
ViSmish_02662,0,0,0.9994005,True,1.0,real,Viễn thông,1.0,0.004781410399999999,0.9952185896,0.19999999999999996
ViSmish_02663,1,1,0.9996203,True,1.0,paraphrased,Dịch vụ công giả,1.0,0.996176588,0.003823412000000026,0.19999999999999996
ViSmish_02664,0,0,0.999483,True,1.0,real,Viễn thông,1.0,0.004447484799999998,0.9955525152,0.19999999999999996
ViSmish_02666,1,1,0.99960893,True,1.0,paraphrased,Nội dung nhạy cảm,1.0,0.99612102,0.0038789799999999763,0.19999999999999996
ViSmish_02668,1,1,0.9996019,True,1.0,paraphrased,Tuyển dụng giả,1.0,0.99608692,0.003913080000000013,0.19999999999999996
ViSmish_02669,0,0,0.9993955,True,1.0,synthetic,Dịch vụ công thật,1.0,0.004800643999999999,0.995199356,0.19999999999999996
ViSmish_02670,0,0,0.99927646,True,1.0,real,Viễn thông,1.0,0.005240785999999999,0.994759214,0.19999999999999996
ViSmish_02675,0,0,0.9991974,True,1.0,real,Viễn thông,1.0,0.005512135399999999,0.9944878646,0.19999999999999996
ViSmish_02676,1,1,0.99960417,True,1.0,paraphrased,Đòi nợ / Đe dọa,1.0,0.9960978,0.003902199999999967,0.19999999999999996
ViSmish_02677,0,0,0.99945325,True,1.0,real,Khác,1.0,0.004571047399999999,0.9954289526,0.19999999999999996
ViSmish_02679,1,1,0.9995907,True,1.0,paraphrased,Đòi nợ / Đe dọa,1.0,0.9960329,0.003967100000000001,0.19999999999999996
ViSmish_02681,1,1,0.9996246,True,1.0,paraphrased,Cờ bạc / Betting,1.0,0.99619808,0.003801920000000014,0.19999999999999996
ViSmish_02682,1,1,0.9996234,True,1.0,paraphrased,Dịch vụ công giả,1.0,0.99619196,0.0038080400000000125,0.19999999999999996
ViSmish_02683,0,0,0.9993344,True,1.0,real,Khác,1.0,0.005031551399999999,0.9949684486,0.19999999999999996
ViSmish_02684,0,0,0.9994273,True,1.0,external_real,P2P hội thoại thông thường,1.0,0.004675819999999999,0.99532418,0.19999999999999996
ViSmish_02686,1,1,0.99960464,True,1.0,paraphrased,Đòi nợ / Đe dọa,1.0,0.996099972,0.003900028,0.19999999999999996
ViSmish_02687,1,1,0.99954695,True,1.0,paraphrased,Crypto / Đầu tư giả,1.0,0.9958311,0.004168900000000031,0.19999999999999996
ViSmish_02689,0,0,0.99945825,True,1.0,real,Tin nhắn cá nhân và OTP,1.0,0.004550403999999999,0.995449596,0.19999999999999996
ViSmish_02690,0,0,0.99937326,True,1.0,real,Viễn thông,1.0,0.004886380999999999,0.995113619,0.19999999999999996
ViSmish_02691,1,1,0.9996289,True,1.0,paraphrased,BHXH / Trợ cấp giả,1.0,0.996219372,0.003780628000000008,0.19999999999999996
ViSmish_02692,1,1,0.9995727,True,1.0,paraphrased,Nội dung nhạy cảm,1.0,0.99594866,0.004051339999999959,0.19999999999999996
ViSmish_02693,1,1,0.99961495,True,1.0,paraphrased,Dịch vụ công giả,1.0,0.996150326,0.003849674000000025,0.19999999999999996
ViSmish_02696,0,0,0.9982331,True,1.0,real,Dịch vụ công thật,1.0,0.008074621199999998,0.9919253788,0.19999999999999996
ViSmish_02697,1,1,0.99961436,True,1.0,paraphrased,Nội dung nhạy cảm,1.0,0.99614762,0.0038523799999999886,0.19999999999999996
ViSmish_02698,1,1,0.9996099,True,1.0,paraphrased,Crypto / Đầu tư giả,1.0,0.996125448,0.0038745519999999756,0.19999999999999996
ViSmish_02699,1,1,0.99958783,True,1.0,paraphrased,Nội dung nhạy cảm,1.0,0.99601962,0.003980380000000006,0.19999999999999996
ViSmish_02701,1,1,0.9996166,True,1.0,paraphrased,Crypto / Đầu tư giả,1.0,0.99615888,0.003841120000000031,0.19999999999999996
ViSmish_02702,0,0,0.99944097,True,1.0,real,Tin nhắn cá nhân và OTP,1.0,0.004620651999999999,0.995379348,0.19999999999999996
ViSmish_02703,0,0,0.99931705,True,1.0,real,Viễn thông,1.0,0.005095110399999998,0.9949048896,0.19999999999999996
ViSmish_02705,0,0,0.99947435,True,1.0,synthetic,Dịch vụ y tế,1.0,0.004483959399999999,0.9955160406,0.19999999999999996
ViSmish_02706,0,0,0.9994404,True,1.0,external_real,P2P hội thoại thông thường,1.0,0.004622983999999999,0.995377016,0.19999999999999996
ViSmish_02707,0,0,0.9994261,True,1.0,synthetic,Tin nhắn cá nhân và OTP,1.0,0.004680308599999999,0.9953196914,0.19999999999999996
ViSmish_02708,0,0,0.9992593,True,1.0,synthetic,Dịch vụ công thật,1.0,0.005300884399999999,0.9946991156,0.19999999999999996
ViSmish_02709,0,0,0.9994803,True,1.0,synthetic,Viễn thông,1.0,0.004458806199999998,0.9955411938000001,0.19999999999999996
ViSmish_02711,1,1,0.99951696,True,1.0,synthetic_hard_positive,Đòi nợ / Đe dọa,1.0,0.99569806,0.004301939999999949,0.19999999999999996
ViSmish_02712,0,0,0.99949276,True,1.0,synthetic,Dịch vụ y tế,1.0,0.004406401999999999,0.995593598,0.19999999999999996
ViSmish_02716,1,1,0.9996061,True,1.0,paraphrased,Nội dung nhạy cảm,1.0,0.9961070599999999,0.003892940000000067,0.19999999999999996
ViSmish_02717,1,1,0.9996166,True,1.0,paraphrased,Đòi nợ / Đe dọa,1.0,0.99615862,0.0038413800000000053,0.19999999999999996
ViSmish_02718,0,0,0.999044,True,1.0,synthetic,Quảng cáo hợp lệ,1.0,0.006001021799999998,0.9939989782,0.19999999999999996
ViSmish_02720,0,0,0.99949,True,1.0,synthetic,Thương mại điện tử,1.0,0.004417938399999999,0.9955820616,0.19999999999999996
ViSmish_02721,1,1,0.9996227,True,1.0,paraphrased,Dịch vụ công giả,1.0,0.99618858,0.00381142000000001,0.19999999999999996
ViSmish_02722,1,1,0.9996153,True,1.0,paraphrased,Dịch vụ công giả,1.0,0.99615196,0.0038480400000000525,0.19999999999999996
ViSmish_02723,0,0,0.9994708,True,1.0,synthetic,Thương mại điện tử,1.0,0.004498677799999999,0.9955013222,0.19999999999999996
ViSmish_02724,1,1,0.9995969,True,1.0,paraphrased,Dịch vụ công giả,1.0,0.996062946,0.003937053999999995,0.19999999999999996
ViSmish_02728,1,1,0.8231811,True,1.0,real,Khác,1.0,0.93666198,0.06333802,0.19999999999999996
ViSmish_02729,0,0,0.9992742,True,1.0,synthetic,Viễn thông,1.0,0.0052485853999999985,0.9947514146,0.19999999999999996
ViSmish_02731,1,1,0.9996331,True,1.0,paraphrased,BHXH / Trợ cấp giả,1.0,0.99624026,0.0037597400000000114,0.19999999999999996
ViSmish_02733,0,0,0.99943227,True,1.0,synthetic,Tin nhắn cá nhân và OTP,1.0,0.004655642799999998,0.9953443572,0.19999999999999996
ViSmish_02734,1,1,0.9996252,True,1.0,paraphrased,Đòi nợ / Đe dọa,1.0,0.99620116,0.00379883999999997,0.19999999999999996
ViSmish_02735,1,1,0.9996208,True,1.0,paraphrased,Nội dung nhạy cảm,1.0,0.996178972,0.0038210279999999486,0.19999999999999996
ViSmish_02738,1,1,0.9995566,True,1.0,paraphrased,Giả mạo ngân hàng,1.0,0.99587458,0.004125420000000046,0.19999999999999996
ViSmish_02739,1,1,0.9995382,True,1.0,synthetic_hard_positive,Dịch vụ công giả,1.0,0.9957914800000001,0.004208519999999938,0.19999999999999996
ViSmish_02740,1,1,0.99962294,True,1.0,paraphrased,BHXH / Trợ cấp giả,1.0,0.9961898920000001,0.0038101079999999232,0.19999999999999996
ViSmish_02742,1,1,0.9994868,True,1.0,paraphrased,Đòi nợ / Đe dọa,1.0,0.9955687200000001,0.004431279999999926,0.19999999999999996
ViSmish_02743,1,1,0.9996284,True,1.0,paraphrased,Dịch vụ công giả,1.0,0.99621704,0.003782960000000002,0.19999999999999996
ViSmish_02749,0,0,0.99945885,True,1.0,external_curated,P2P hard negative,1.0,0.004547856399999999,0.9954521436,0.19999999999999996
ViSmish_02751,0,0,0.9994241,True,1.0,real,Viễn thông,1.0,0.004688552799999999,0.9953114472,0.19999999999999996
ViSmish_02753,1,1,0.9996063,True,1.0,paraphrased,Nội dung nhạy cảm,1.0,0.99610804,0.0038919600000000276,0.19999999999999996
ViSmish_02754,1,1,0.9996257,True,1.0,paraphrased,Tuyển dụng giả,1.0,0.99620332,0.0037966799999999967,0.19999999999999996
ViSmish_02755,1,1,0.99961793,True,1.0,paraphrased,Tuyển dụng giả,1.0,0.996165,0.003835000000000033,0.19999999999999996
ViSmish_02757,0,0,0.9994831,True,1.0,real,Dịch vụ công thật,1.0,0.004446839199999999,0.9955531608,0.19999999999999996
ViSmish_02758,1,1,0.99961936,True,1.0,paraphrased,Tuyển dụng giả,1.0,0.9961721,0.003827899999999995,0.19999999999999996
ViSmish_02760,1,1,0.999619,True,1.0,paraphrased,Dịch vụ công giả,1.0,0.99617016,0.0038298399999999733,0.19999999999999996
ViSmish_02761,0,0,0.99939835,True,1.0,external_real,P2P hội thoại thông thường,1.0,0.004789759199999999,0.9952102408,0.19999999999999996
ViSmish_02762,0,0,0.9994661,True,1.0,synthetic,Thương mại điện tử,1.0,0.004518081999999999,0.995481918,0.19999999999999996
ViSmish_02763,0,0,0.9994388,True,1.0,external_real,P2P hội thoại thông thường,1.0,0.004629628399999999,0.9953703716,0.19999999999999996
ViSmish_02765,1,1,0.99960786,True,1.0,paraphrased,Cờ bạc / Betting,1.0,0.99611564,0.003884360000000031,0.19999999999999996
ViSmish_02766,0,0,0.9994035,True,1.0,external_real,P2P hội thoại thông thường,1.0,0.004769644599999999,0.9952303554,0.19999999999999996
ViSmish_02767,0,0,0.9994585,True,1.0,synthetic,Ngân hàng thật,1.0,0.004549383999999999,0.995450616,0.19999999999999996
ViSmish_02768,0,0,0.9994307,True,1.0,synthetic,Tin nhắn cá nhân và OTP,1.0,0.004661757199999999,0.9953382428,0.19999999999999996
ViSmish_02770,0,0,0.99936265,True,1.0,synthetic,Dịch vụ y tế,1.0,0.004926379999999999,0.99507362,0.19999999999999996
ViSmish_02772,0,0,0.9993352,True,1.0,real,Viễn thông,1.0,0.005028600999999999,0.994971399,0.19999999999999996
ViSmish_02773,1,1,0.9996082,True,1.0,paraphrased,Crypto / Đầu tư giả,1.0,0.9961173,0.0038827000000000167,0.19999999999999996
ViSmish_02774,0,0,0.99945074,True,1.0,synthetic,Dịch vụ công thật,1.0,0.004581298999999999,0.995418701,0.19999999999999996
ViSmish_02775,1,1,0.9995943,True,1.0,paraphrased,Crypto / Đầu tư giả,1.0,0.996049928,0.003950071999999971,0.19999999999999996
ViSmish_02776,1,1,0.99961346,True,1.0,paraphrased,Tuyển dụng giả,1.0,0.996143032,0.003856968000000016,0.19999999999999996
ViSmish_02777,0,0,0.9991836,True,1.0,synthetic,Quảng cáo hợp lệ,1.0,0.005557852999999999,0.994442147,0.19999999999999996
ViSmish_02778,1,1,0.99962246,True,1.0,paraphrased,BHXH / Trợ cấp giả,1.0,0.9961876000000001,0.003812399999999938,0.19999999999999996
ViSmish_02779,1,1,0.9996201,True,1.0,paraphrased,BHXH / Trợ cấp giả,1.0,0.996175372,0.003824628000000052,0.19999999999999996
ViSmish_02780,1,1,0.9995983,True,1.0,paraphrased,Nội dung nhạy cảm,1.0,0.99606924,0.003930760000000033,0.19999999999999996
ViSmish_02781,1,1,0.9995509,True,1.0,paraphrased,Crypto / Đầu tư giả,1.0,0.995848692,0.004151307999999965,0.19999999999999996
ViSmish_02782,1,1,0.9996202,True,1.0,paraphrased,Nội dung nhạy cảm,1.0,0.99617622,0.0038237800000000544,0.19999999999999996
ViSmish_02783,1,1,0.99955386,True,1.0,paraphrased,Nội dung nhạy cảm,1.0,0.99586204,0.004137959999999996,0.19999999999999996
ViSmish_02784,1,1,0.99961686,True,1.0,paraphrased,Cờ bạc / Betting,1.0,0.996159912,0.0038400880000000193,0.19999999999999996
ViSmish_02785,1,1,0.9996026,True,1.0,paraphrased,Crypto / Đầu tư giả,1.0,0.99609008,0.003909920000000011,0.19999999999999996
ViSmish_02787,0,0,0.9994235,True,1.0,external_real,P2P hội thoại thông thường,1.0,0.004691043199999999,0.9953089568,0.19999999999999996
ViSmish_02788,1,1,0.99960774,True,1.0,paraphrased,Giả mạo ngân hàng,1.0,0.99611524,0.0038847600000000426,0.19999999999999996
ViSmish_02789,1,1,0.9996251,True,1.0,paraphrased,Dịch vụ công giả,1.0,0.99620066,0.00379934000000004,0.19999999999999996
ViSmish_02790,0,0,0.9994929,True,1.0,synthetic,Vận chuyển,1.0,0.0044054433999999995,0.9955945566,0.19999999999999996
ViSmish_02791,0,0,0.99939346,True,1.0,synthetic,Dịch vụ công thật,1.0,0.004808774199999999,0.9951912258,0.19999999999999996
ViSmish_02792,0,0,0.99945873,True,1.0,synthetic,Dịch vụ công thật,1.0,0.004548299599999999,0.9954517004,0.19999999999999996
ViSmish_02793,1,1,0.9996283,True,1.0,paraphrased,Cờ bạc / Betting,1.0,0.996216666,0.0037833339999999716,0.19999999999999996
ViSmish_02794,1,1,0.9995129,True,1.0,synthetic_hard_positive,Khác,1.0,0.99568024,0.004319760000000006,0.19999999999999996
ViSmish_02795,1,1,0.9996124,True,1.0,paraphrased,Nội dung nhạy cảm,1.0,0.99613754,0.003862460000000012,0.19999999999999996
ViSmish_02796,1,1,0.99960536,True,1.0,paraphrased,Nội dung nhạy cảm,1.0,0.99610355,0.0038964500000000513,0.19999999999999996
ViSmish_02798,0,0,0.9994771,True,1.0,synthetic,Vận chuyển,1.0,0.004472584599999999,0.9955274154,0.19999999999999996
ViSmish_02802,0,0,0.9993407,True,1.0,real,Khác,1.0,0.005008227799999999,0.9949917722,0.19999999999999996
ViSmish_02804,1,1,0.99961984,True,1.0,paraphrased,Crypto / Đầu tư giả,1.0,0.99617446,0.003825540000000016,0.19999999999999996
ViSmish_02805,0,0,0.9994898,True,1.0,real,Tin nhắn cá nhân và OTP,1.0,0.0044187179999999986,0.995581282,0.19999999999999996
ViSmish_02807,1,1,0.999634,True,1.0,paraphrased,Crypto / Đầu tư giả,1.0,0.99624534,0.0037546600000000208,0.19999999999999996
ViSmish_02808,1,1,0.9995486,True,1.0,paraphrased,Cờ bạc / Betting,1.0,0.99583838,0.004161619999999977,0.19999999999999996
ViSmish_02811,0,0,0.9994043,True,1.0,synthetic,Quảng cáo hợp lệ,1.0,0.004766219999999999,0.99523378,0.19999999999999996
ViSmish_02812,1,1,0.99961686,True,1.0,paraphrased,Cờ bạc / Betting,1.0,0.996159732,0.0038402680000000355,0.19999999999999996
ViSmish_02813,1,1,0.9995408,True,1.0,paraphrased,Crypto / Đầu tư giả,1.0,0.99580332,0.004196679999999953,0.19999999999999996
ViSmish_02814,1,1,0.9993418,True,1.0,paraphrased,Đòi nợ / Đe dọa,1.0,0.9949958400000001,0.005004159999999924,0.19999999999999996
ViSmish_02819,0,0,0.99934334,True,1.0,real,Viễn thông,1.0,0.004998686999999999,0.995001313,0.19999999999999996
ViSmish_02821,0,0,0.99928385,True,1.0,external_real,P2P hội thoại thông thường,1.0,0.005214659399999998,0.9947853406,0.19999999999999996
ViSmish_02824,1,1,0.9995239,True,1.0,paraphrased,Đòi nợ / Đe dọa,1.0,0.99572792,0.004272080000000011,0.19999999999999996
ViSmish_02826,0,0,0.9994209,True,1.0,real,Ngân hàng thật,1.0,0.004701087199999999,0.9952989128,0.19999999999999996
ViSmish_02828,1,1,0.99961096,True,1.0,paraphrased,Tuyển dụng giả,1.0,0.9961304,0.0038696000000000286,0.19999999999999996
ViSmish_02829,0,0,0.99946123,True,1.0,real,Viễn thông,1.0,0.004537983599999999,0.9954620164,0.19999999999999996
ViSmish_02830,1,1,0.9996221,True,1.0,paraphrased,Nội dung nhạy cảm,1.0,0.99618538,0.003814619999999991,0.19999999999999996
ViSmish_02831,0,0,0.9994778,True,1.0,synthetic,Thương mại điện tử,1.0,0.004469659999999999,0.99553034,0.19999999999999996
ViSmish_02833,1,1,0.9996239,True,1.0,paraphrased,Cờ bạc / Betting,1.0,0.99619453,0.0038054699999999775,0.19999999999999996
ViSmish_02834,1,1,0.9995741,True,1.0,paraphrased,Đòi nợ / Đe dọa,1.0,0.99595534,0.004044660000000033,0.19999999999999996
ViSmish_02835,1,1,0.99934787,True,1.0,paraphrased,Crypto / Đầu tư giả,1.0,0.9950184,0.0049816000000000304,0.19999999999999996
ViSmish_02836,1,1,0.99954057,True,1.0,paraphrased,Crypto / Đầu tư giả,1.0,0.99580212,0.004197879999999987,0.19999999999999996
ViSmish_02837,0,0,0.9985482,True,1.0,synthetic,Dịch vụ công thật,1.0,0.007345806799999998,0.9926541932,0.19999999999999996
ViSmish_02841,0,0,0.99933666,True,1.0,real,Viễn thông,1.0,0.005023082399999999,0.9949769176,0.19999999999999996
ViSmish_02843,0,0,0.9994043,True,1.0,real,Viễn thông,1.0,0.004766562999999999,0.995233437,0.19999999999999996
ViSmish_02844,0,0,0.9994394,True,1.0,synthetic,Vận chuyển,1.0,0.004627107999999999,0.995372892,0.19999999999999996
ViSmish_02845,0,0,0.99947935,True,1.0,synthetic,Tin nhắn cá nhân và OTP,1.0,0.004463194399999999,0.9955368056,0.19999999999999996
ViSmish_02846,0,0,0.999376,True,1.0,external_curated,P2P hard negative,1.0,0.004875831399999999,0.9951241686,0.19999999999999996
ViSmish_02848,1,1,0.9995958,True,1.0,paraphrased,Dịch vụ công giả,1.0,0.9960576800000001,0.003942319999999944,0.19999999999999996
ViSmish_02849,1,1,0.99958163,True,1.0,paraphrased,Crypto / Đầu tư giả,1.0,0.9959902,0.004009799999999952,0.19999999999999996
ViSmish_02853,1,1,0.9995751,True,1.0,synthetic_hard_positive,Khác,1.0,0.995959592,0.004040408000000051,0.19999999999999996
ViSmish_02854,1,1,0.99959654,True,1.0,paraphrased,Crypto / Đầu tư giả,1.0,0.9960612,0.00393880000000002,0.19999999999999996
ViSmish_02856,1,1,0.99960715,True,1.0,paraphrased,BHXH / Trợ cấp giả,1.0,0.99611222,0.0038877800000000073,0.19999999999999996
ViSmish_02857,1,1,0.9992981,True,1.0,paraphrased,Nội dung nhạy cảm,1.0,0.994836212,0.005163787999999947,0.19999999999999996
ViSmish_02858,1,1,0.99959177,True,1.0,paraphrased,Cờ bạc / Betting,1.0,0.996038068,0.003961931999999946,0.19999999999999996
ViSmish_02859,0,0,0.9994616,True,1.0,synthetic,Vận chuyển,1.0,0.004536860799999999,0.9954631392,0.19999999999999996
ViSmish_02860,1,1,0.99957794,True,1.0,paraphrased,BHXH / Trợ cấp giả,1.0,0.9959731000000001,0.004026899999999944,0.19999999999999996
ViSmish_02861,1,1,0.9996111,True,1.0,paraphrased,Giả mạo ngân hàng,1.0,0.9961312,0.0038688000000000056,0.19999999999999996
ViSmish_02864,0,0,0.99943143,True,1.0,real,Khác,1.0,0.004658994399999999,0.9953410056,0.19999999999999996
ViSmish_02868,1,1,0.9995665,True,1.0,synthetic_hard_positive,Giả mạo ngân hàng,1.0,0.99591982,0.004080179999999989,0.19999999999999996
ViSmish_02869,0,0,0.9994777,True,1.0,real,Khác,1.0,0.004469816799999999,0.9955301832,0.19999999999999996
ViSmish_02870,1,1,0.9994822,True,1.0,paraphrased,Crypto / Đầu tư giả,1.0,0.99554918,0.0044508199999999665,0.19999999999999996
ViSmish_02871,1,1,0.99951327,True,1.0,synthetic_hard_positive,Đòi nợ / Đe dọa,1.0,0.99568196,0.004318040000000023,0.19999999999999996
ViSmish_02872,0,0,0.9987025,True,1.0,real,Khác,1.0,0.0069578945999999985,0.9930421054,0.19999999999999996
ViSmish_02873,0,0,0.9994985,True,1.0,synthetic,Dịch vụ y tế,1.0,0.0043817959999999994,0.995618204,0.19999999999999996
ViSmish_02874,0,0,0.9994276,True,1.0,real,Viễn thông,1.0,0.004674139199999999,0.9953258608,0.19999999999999996
ViSmish_02875,1,1,0.9994778,True,1.0,paraphrased,BHXH / Trợ cấp giả,1.0,0.9955307600000001,0.00446923999999993,0.19999999999999996
ViSmish_02876,1,1,0.99961877,True,1.0,paraphrased,Crypto / Đầu tư giả,1.0,0.99616902,0.0038309800000000394,0.19999999999999996
ViSmish_02877,0,0,0.99939096,True,1.0,real,Thương mại điện tử,1.0,0.004818049999999999,0.99518195,0.19999999999999996
ViSmish_02878,0,0,0.99889475,True,1.0,real,Dịch vụ công thật,1.0,0.006438811199999998,0.9935611888,0.19999999999999996
ViSmish_02879,1,1,0.9995474,True,1.0,paraphrased,Nội dung nhạy cảm,1.0,0.99583294,0.00416706,0.19999999999999996
ViSmish_02880,1,1,0.9996215,True,1.0,paraphrased,Tuyển dụng giả,1.0,0.9961825200000001,0.0038174799999999287,0.19999999999999996
ViSmish_02881,1,1,0.9994295,True,1.0,paraphrased,Crypto / Đầu tư giả,1.0,0.995333434,0.004666566000000039,0.19999999999999996
ViSmish_02884,1,1,0.999624,True,1.0,paraphrased,Cờ bạc / Betting,1.0,0.9961948,0.003805199999999953,0.19999999999999996
ViSmish_02885,1,1,0.99963117,True,1.0,paraphrased,Tuyển dụng giả,1.0,0.996230972,0.0037690280000000076,0.19999999999999996
ViSmish_02886,1,1,0.9995453,True,1.0,paraphrased,Crypto / Đầu tư giả,1.0,0.9958231399999999,0.00417686000000006,0.19999999999999996
ViSmish_02889,0,0,0.99937373,True,1.0,real,Viễn thông,1.0,0.004884258599999999,0.9951157414,0.19999999999999996
ViSmish_02890,1,1,0.9995315,True,1.0,synthetic_hard_positive,Khác,1.0,0.995761466,0.0042385339999999605,0.19999999999999996
ViSmish_02891,0,0,0.99937797,True,1.0,real,Quảng cáo hợp lệ,1.0,0.004868185199999999,0.9951318148,0.19999999999999996
ViSmish_02892,0,0,0.9989207,True,1.0,real,Dịch vụ công thật,1.0,0.006364847999999998,0.993635152,0.19999999999999996
ViSmish_02894,1,1,0.99962306,True,1.0,paraphrased,Cờ bạc / Betting,1.0,0.99619042,0.003809579999999979,0.19999999999999996
ViSmish_02897,0,0,0.9994747,True,1.0,real,Khác,1.0,0.004482168399999999,0.9955178316,0.19999999999999996
ViSmish_02898,0,0,0.99943393,True,1.0,external_curated,P2P hard negative,1.0,0.004648865399999999,0.9953511346,0.19999999999999996
ViSmish_02899,0,0,0.99948335,True,1.0,synthetic,Dịch vụ y tế,1.0,0.004446187599999998,0.9955538124,0.19999999999999996
ViSmish_02900,0,0,0.99948835,True,1.0,synthetic,Thương mại điện tử,1.0,0.004424985999999999,0.995575014,0.19999999999999996
ViSmish_02901,0,0,0.9993467,True,1.0,real,Viễn thông,1.0,0.004986229199999999,0.9950137708,0.19999999999999996
ViSmish_02902,0,0,0.99946517,True,1.0,external_real,P2P hội thoại thông thường,1.0,0.004521770799999999,0.9954782292,0.19999999999999996
ViSmish_02903,1,1,0.99962294,True,1.0,paraphrased,Giả mạo ngân hàng,1.0,0.9961898920000001,0.0038101079999999232,0.19999999999999996
ViSmish_02904,0,0,0.9992901,True,1.0,synthetic,Quảng cáo hợp lệ,1.0,0.0051920399999999985,0.99480796,0.19999999999999996
ViSmish_02906,1,1,0.9995413,True,1.0,paraphrased,Đòi nợ / Đe dọa,1.0,0.99580546,0.004194539999999969,0.19999999999999996
ViSmish_02907,0,0,0.9994603,True,1.0,synthetic,Ngân hàng thật,1.0,0.0045423235999999985,0.9954576764,0.19999999999999996
ViSmish_02908,0,0,0.99948764,True,1.0,synthetic,Vận chuyển,1.0,0.0044279355999999985,0.9955720644,0.19999999999999996
ViSmish_02911,1,1,0.9996165,True,1.0,paraphrased,Nội dung nhạy cảm,1.0,0.99615778,0.0038422200000000073,0.19999999999999996
ViSmish_02914,0,0,0.9994542,True,1.0,real,Ngân hàng thật,1.0,0.004566868399999999,0.9954331316,0.19999999999999996
ViSmish_02915,0,0,0.99948394,True,1.0,synthetic,Thương mại điện tử,1.0,0.004443567199999999,0.9955564328,0.19999999999999996
ViSmish_02916,0,0,0.9994443,True,1.0,real,Viễn thông,1.0,0.004607249399999999,0.9953927506,0.19999999999999996
ViSmish_02918,1,1,0.9993968,True,1.0,synthetic_hard_positive,Khác,1.0,0.99520454,0.004795459999999974,0.19999999999999996
ViSmish_02919,1,1,0.9995608,True,1.0,paraphrased,Crypto / Đầu tư giả,1.0,0.99589386,0.00410613999999998,0.19999999999999996
ViSmish_02920,1,1,0.9996159,True,1.0,paraphrased,Tuyển dụng giả,1.0,0.996155394,0.003844606000000028,0.19999999999999996
ViSmish_02922,1,1,0.9996182,True,1.0,paraphrased,Giả mạo ngân hàng,1.0,0.99616626,0.00383374000000003,0.19999999999999996
ViSmish_02923,0,0,0.99944276,True,1.0,synthetic,Viễn thông,1.0,0.004613575399999999,0.9953864246,0.19999999999999996
ViSmish_02924,0,0,0.9994661,True,1.0,synthetic,Quảng cáo hợp lệ,1.0,0.004517986599999999,0.9954820134,0.19999999999999996
ViSmish_02925,0,0,0.99948716,True,1.0,real,Khác,1.0,0.004430089599999999,0.9955699104,0.19999999999999996
ViSmish_02928,1,1,0.99960357,True,1.0,paraphrased,Dịch vụ công giả,1.0,0.996094752,0.003905248000000028,0.19999999999999996
ViSmish_02929,0,0,0.9994331,True,1.0,real,Quảng cáo hợp lệ,1.0,0.004652468799999999,0.9953475312,0.19999999999999996
ViSmish_02930,0,0,0.99938405,True,1.0,real,Viễn thông,1.0,0.004844875999999999,0.995155124,0.19999999999999996
ViSmish_02935,0,0,0.9994097,True,1.0,external_real,P2P hội thoại thông thường,1.0,0.004745283399999999,0.9952547166,0.19999999999999996
ViSmish_02937,0,0,0.99946696,True,1.0,real,Viễn thông,1.0,0.004514579999999999,0.99548542,0.19999999999999996
ViSmish_02938,1,1,0.999613,True,1.0,paraphrased,Nội dung nhạy cảm,1.0,0.99614079,0.003859210000000002,0.19999999999999996
ViSmish_02939,0,0,0.99946946,True,1.0,synthetic,Viễn thông,1.0,0.004504448999999999,0.995495551,0.19999999999999996
ViSmish_02940,0,0,0.9989336,True,1.0,synthetic,Viễn thông,1.0,0.006327821399999998,0.9936721786,0.19999999999999996
ViSmish_02941,0,0,0.99765813,True,1.0,external_curated,P2P hard negative,1.0,0.009242035999999997,0.990757964,0.19999999999999996
ViSmish_02942,1,1,0.99961394,True,1.0,paraphrased,Đòi nợ / Đe dọa,1.0,0.99614536,0.0038546400000000203,0.19999999999999996
ViSmish_02943,0,0,0.9994615,True,1.0,synthetic,Quảng cáo hợp lệ,1.0,0.0045372265999999994,0.9954627734,0.19999999999999996
ViSmish_02944,1,1,0.99955314,True,1.0,paraphrased,Nội dung nhạy cảm,1.0,0.995859026,0.0041409740000000195,0.19999999999999996
ViSmish_02946,1,1,0.99960476,True,1.0,paraphrased,Crypto / Đầu tư giả,1.0,0.9961003900000001,0.0038996099999999423,0.19999999999999996
ViSmish_02947,1,1,0.99939954,True,1.0,paraphrased,Đòi nợ / Đe dọa,1.0,0.9952152000000001,0.0047847999999999224,0.19999999999999996
ViSmish_02948,0,0,0.99944824,True,1.0,synthetic,Dịch vụ y tế,1.0,0.004591527199999999,0.9954084728,0.19999999999999996
ViSmish_02949,0,0,0.9994703,True,1.0,external_real,P2P hội thoại thông thường,1.0,0.004500644199999999,0.9954993558,0.19999999999999996
ViSmish_02950,1,1,0.99956435,True,1.0,paraphrased,Crypto / Đầu tư giả,1.0,0.99591012,0.00408987999999999,0.19999999999999996
ViSmish_02952,1,1,0.9996184,True,1.0,paraphrased,Cờ bạc / Betting,1.0,0.9961673,0.003832700000000022,0.19999999999999996
ViSmish_02953,0,0,0.9993772,True,1.0,synthetic,Viễn thông,1.0,0.004871436599999999,0.9951285634,0.19999999999999996
ViSmish_02958,0,0,0.9994567,True,1.0,real,Tin nhắn cá nhân và OTP,1.0,0.0045567739999999995,0.995443226,0.19999999999999996
ViSmish_02959,1,1,0.99962676,True,1.0,paraphrased,Đòi nợ / Đe dọa,1.0,0.996208728,0.0037912719999999567,0.19999999999999996
ViSmish_02961,0,0,0.9994203,True,1.0,synthetic,Viễn thông,1.0,0.004703854799999999,0.9952961452,0.19999999999999996
ViSmish_02962,1,1,0.99958724,True,1.0,paraphrased,Cờ bạc / Betting,1.0,0.99601674,0.003983260000000044,0.19999999999999996
ViSmish_02963,1,1,0.9996238,True,1.0,paraphrased,Nội dung nhạy cảm,1.0,0.99619388,0.003806120000000024,0.19999999999999996
ViSmish_02964,1,1,0.99962604,True,1.0,paraphrased,Tuyển dụng giả,1.0,0.99620492,0.0037950799999999507,0.19999999999999996
ViSmish_02965,1,1,0.99962497,True,1.0,paraphrased,Tuyển dụng giả,1.0,0.996200014,0.0037999859999999774,0.19999999999999996
ViSmish_02966,1,1,0.99957997,True,1.0,paraphrased,BHXH / Trợ cấp giả,1.0,0.9959825,0.004017500000000007,0.19999999999999996
ViSmish_02970,1,1,0.9987717,True,1.0,paraphrased,Nội dung nhạy cảm,1.0,0.99322393,0.006776070000000023,0.19999999999999996
ViSmish_02971,1,1,0.999634,True,1.0,paraphrased,BHXH / Trợ cấp giả,1.0,0.99624494,0.0037550600000000323,0.19999999999999996
ViSmish_02972,1,1,0.9995939,True,1.0,paraphrased,Cờ bạc / Betting,1.0,0.9960483600000001,0.003951639999999923,0.19999999999999996
ViSmish_02974,1,1,0.9995901,True,1.0,paraphrased,Giả mạo ngân hàng,1.0,0.996030092,0.0039699079999999665,0.19999999999999996
ViSmish_02975,1,1,0.999622,True,1.0,paraphrased,BHXH / Trợ cấp giả,1.0,0.996185172,0.0038148279999999923,0.19999999999999996
ViSmish_02976,1,1,0.9996232,True,1.0,paraphrased,BHXH / Trợ cấp giả,1.0,0.99619088,0.003809119999999999,0.19999999999999996
ViSmish_02977,1,1,0.9995895,True,1.0,paraphrased,Nội dung nhạy cảm,1.0,0.99602762,0.003972379999999998,0.19999999999999996
ViSmish_02980,1,1,0.99951065,True,1.0,synthetic_hard_positive,Dịch vụ công giả,1.0,0.99567026,0.004329739999999971,0.19999999999999996
ViSmish_02981,0,0,0.9994783,True,1.0,synthetic,Vận chuyển,1.0,0.004467309999999999,0.99553269,0.19999999999999996
ViSmish_02984,1,1,0.99957186,True,1.0,paraphrased,Nội dung nhạy cảm,1.0,0.995944488,0.004055511999999983,0.19999999999999996
ViSmish_02985,0,0,0.99937314,True,1.0,external_real,P2P hội thoại thông thường,1.0,0.004886731199999999,0.9951132688,0.19999999999999996
ViSmish_02987,1,1,0.99961424,True,1.0,paraphrased,BHXH / Trợ cấp giả,1.0,0.9961469000000001,0.0038530999999999427,0.19999999999999996
ViSmish_02988,1,1,0.9996136,True,1.0,paraphrased,BHXH / Trợ cấp giả,1.0,0.99614322,0.003856780000000004,0.19999999999999996
ViSmish_02989,0,0,0.99921393,True,1.0,synthetic,Quảng cáo hợp lệ,1.0,0.0054566163999999985,0.9945433836,0.19999999999999996
ViSmish_02990,1,1,0.999553,True,1.0,paraphrased,Crypto / Đầu tư giả,1.0,0.99585843,0.004141570000000039,0.19999999999999996
ViSmish_02992,1,1,0.99962556,True,1.0,paraphrased,Dịch vụ công giả,1.0,0.9962030399999999,0.0037969600000000714,0.19999999999999996
ViSmish_02993,1,1,0.99946445,True,1.0,synthetic_hard_positive,Khác,1.0,0.99547484,0.004525160000000028,0.19999999999999996
ViSmish_02994,1,1,0.9995888,True,1.0,paraphrased,Nội dung nhạy cảm,1.0,0.996023952,0.003976047999999954,0.19999999999999996
ViSmish_02995,1,1,0.9996164,True,1.0,paraphrased,Tuyển dụng giả,1.0,0.99615758,0.003842420000000013,0.19999999999999996
ViSmish_02996,0,0,0.99907553,True,1.0,external_curated,P2P hard negative,1.0,0.0059041163999999985,0.9940958836,0.19999999999999996
ViSmish_02997,1,1,0.9996076,True,1.0,paraphrased,Đòi nợ / Đe dọa,1.0,0.99611412,0.003885880000000008,0.19999999999999996
ViSmish_02998,0,0,0.99938285,True,1.0,external_curated,P2P hard negative,1.0,0.004849455599999999,0.9951505444,0.19999999999999996
ViSmish_03000,1,1,0.9995931,True,1.0,synthetic_hard_positive,Khác,1.0,0.996044206,0.0039557940000000125,0.19999999999999996
ViSmish_03001,0,0,0.9994061,True,1.0,real,Quảng cáo hợp lệ,1.0,0.004759261399999999,0.9952407386,0.19999999999999996
ViSmish_03002,0,0,0.9994547,True,1.0,external_real,P2P hội thoại thông thường,1.0,0.004565285599999999,0.9954347144,0.19999999999999996
ViSmish_03003,0,0,0.9994098,True,1.0,external_curated,P2P hard negative,1.0,0.004744849399999999,0.9952551506,0.19999999999999996
ViSmish_03005,0,0,0.9992932,True,1.0,synthetic,Quảng cáo hợp lệ,1.0,0.005180980599999998,0.9948190194,0.19999999999999996
ViSmish_03007,0,0,0.9993837,True,1.0,synthetic,Dịch vụ công thật,1.0,0.004846009599999999,0.9951539904,0.19999999999999996
ViSmish_03008,1,1,0.9996014,True,1.0,paraphrased,Crypto / Đầu tư giả,1.0,0.99608454,0.003915459999999982,0.19999999999999996
ViSmish_03009,0,0,0.9994822,True,1.0,synthetic,Ngân hàng thật,1.0,0.004450967199999999,0.9955490328,0.19999999999999996
ViSmish_03014,0,0,0.99946064,True,1.0,synthetic,Tin nhắn cá nhân và OTP,1.0,0.004540520599999999,0.9954594794,0.19999999999999996
ViSmish_03015,0,0,0.99927515,True,1.0,synthetic,Quảng cáo hợp lệ,1.0,0.005245302199999999,0.9947546978,0.19999999999999996
ViSmish_03016,0,0,0.9994542,True,1.0,real,Viễn thông,1.0,0.004566910799999999,0.9954330892,0.19999999999999996
ViSmish_03018,1,1,0.99957794,True,1.0,paraphrased,Crypto / Đầu tư giả,1.0,0.99597324,0.004026760000000018,0.19999999999999996
ViSmish_03020,1,1,0.9996232,True,1.0,paraphrased,Giả mạo ngân hàng,1.0,0.99619099,0.0038090100000000016,0.19999999999999996
ViSmish_03022,1,1,0.9995993,True,1.0,paraphrased,Nội dung nhạy cảm,1.0,0.99607406,0.003925940000000017,0.19999999999999996
ViSmish_03023,1,1,0.9996233,True,1.0,paraphrased,Giả mạo ngân hàng,1.0,0.996191406,0.0038085939999999985,0.19999999999999996
ViSmish_03025,1,1,0.9996245,True,1.0,paraphrased,BHXH / Trợ cấp giả,1.0,0.99619776,0.0038022399999999568,0.19999999999999996
ViSmish_03026,1,1,0.9995912,True,1.0,paraphrased,Crypto / Đầu tư giả,1.0,0.99603511,0.003964889999999999,0.19999999999999996
ViSmish_03027,1,1,0.99961275,True,1.0,paraphrased,Crypto / Đầu tư giả,1.0,0.9961395,0.0038605000000000445,0.19999999999999996
ViSmish_03029,0,0,0.9994636,True,1.0,synthetic,Ngân hàng thật,1.0,0.0045282325999999986,0.9954717674,0.19999999999999996
ViSmish_03031,0,0,0.99946564,True,1.0,real,Khác,1.0,0.004520001199999998,0.9954799988,0.19999999999999996
ViSmish_03032,0,0,0.9985942,True,1.0,external_real,P2P hội thoại thông thường,1.0,0.007232696599999999,0.9927673034,0.19999999999999996
ViSmish_03033,0,0,0.99936754,True,1.0,external_real,P2P hội thoại thông thường,1.0,0.004908126599999999,0.9950918734,0.19999999999999996
ViSmish_03034,1,1,0.9996153,True,1.0,paraphrased,BHXH / Trợ cấp giả,1.0,0.99615239,0.0038476100000000013,0.19999999999999996
ViSmish_03039,1,1,0.999624,True,1.0,paraphrased,Giả mạo ngân hàng,1.0,0.996194852,0.0038051479999999804,0.19999999999999996
ViSmish_03040,1,1,0.9995474,True,1.0,paraphrased,Nội dung nhạy cảm,1.0,0.99583304,0.004166960000000053,0.19999999999999996
ViSmish_03042,1,1,0.9995765,True,1.0,paraphrased,Crypto / Đầu tư giả,1.0,0.995966208,0.0040337919999999805,0.19999999999999996
ViSmish_03043,1,1,0.99959034,True,1.0,paraphrased,Crypto / Đầu tư giả,1.0,0.99603156,0.003968439999999962,0.19999999999999996
ViSmish_03050,1,1,0.9996136,True,1.0,paraphrased,Dịch vụ công giả,1.0,0.996143448,0.003856552000000013,0.19999999999999996
ViSmish_03051,0,0,0.9994337,True,1.0,synthetic,Ngân hàng thật,1.0,0.004650002399999999,0.9953499976,0.19999999999999996
ViSmish_03053,0,0,0.9962835,True,1.0,synthetic,Thương mại điện tử,1.0,0.011512362999999998,0.988487637,0.19999999999999996
ViSmish_03054,1,1,0.9996221,True,1.0,paraphrased,Dịch vụ công giả,1.0,0.99618547,0.0038145299999999827,0.19999999999999996
ViSmish_03055,0,0,0.99926406,True,1.0,external_real,P2P hội thoại thông thường,1.0,0.005284215999999999,0.994715784,0.19999999999999996
ViSmish_03056,0,0,0.9994542,True,1.0,synthetic,Dịch vụ y tế,1.0,0.004567114999999999,0.995432885,0.19999999999999996
ViSmish_03057,1,1,0.9996176,True,1.0,paraphrased,Cờ bạc / Betting,1.0,0.996163512,0.0038364880000000268,0.19999999999999996
ViSmish_03058,1,1,0.9996172,True,1.0,paraphrased,Cờ bạc / Betting,1.0,0.996161354,0.0038386459999999456,0.19999999999999996
ViSmish_03059,0,0,0.9994462,True,1.0,synthetic,Viễn thông,1.0,0.004599669599999998,0.9954003304,0.19999999999999996
ViSmish_03060,1,1,0.999603,True,1.0,paraphrased,Dịch vụ công giả,1.0,0.996091772,0.003908228000000014,0.19999999999999996
ViSmish_03061,1,1,0.99962676,True,1.0,paraphrased,Dịch vụ công giả,1.0,0.996208454,0.003791545999999979,0.19999999999999996
ViSmish_03062,1,1,0.9996164,True,1.0,paraphrased,Giả mạo ngân hàng,1.0,0.9961573,0.0038426999999999767,0.19999999999999996
ViSmish_03063,0,0,0.9994654,True,1.0,synthetic,Tin nhắn cá nhân và OTP,1.0,0.004521104999999999,0.995478895,0.19999999999999996
ViSmish_03065,1,1,0.99962354,True,1.0,paraphrased,Tuyển dụng giả,1.0,0.99619276,0.0038072399999999895,0.19999999999999996
ViSmish_03066,1,1,0.99953485,True,1.0,paraphrased,Đòi nợ / Đe dọa,1.0,0.9957765940000001,0.00422340599999993,0.19999999999999996
ViSmish_03067,0,0,0.99924845,True,1.0,real,Tin nhắn cá nhân và OTP,1.0,0.005338514599999999,0.9946614854,0.19999999999999996
ViSmish_03070,0,0,0.99873596,True,1.0,external_real,P2P hội thoại thông thường,1.0,0.006870609599999998,0.9931293904,0.19999999999999996
ViSmish_03071,1,1,0.9995436,True,1.0,synthetic_hard_positive,BHXH / Trợ cấp giả,1.0,0.9958161,0.004183900000000018,0.19999999999999996
ViSmish_03073,1,1,0.9996295,True,1.0,paraphrased,BHXH / Trợ cấp giả,1.0,0.996222686,0.0037773140000000316,0.19999999999999996
ViSmish_03074,0,0,0.9993625,True,1.0,external_real,P2P hội thoại thông thường,1.0,0.004927073799999999,0.9950729262,0.19999999999999996
ViSmish_03075,1,1,0.9995648,True,1.0,synthetic_hard_positive,BHXH / Trợ cấp giả,1.0,0.995912,0.0040879999999999805,0.19999999999999996
ViSmish_03077,0,0,0.99942845,True,1.0,synthetic,Quảng cáo hợp lệ,1.0,0.004670844599999999,0.9953291554,0.19999999999999996
ViSmish_03078,1,1,0.99958414,True,1.0,paraphrased,Cờ bạc / Betting,1.0,0.996001946,0.003998053999999973,0.19999999999999996
ViSmish_03079,0,0,0.9994697,True,1.0,real,Khác,1.0,0.004503367999999999,0.995496632,0.19999999999999996
ViSmish_03080,0,0,0.99942833,True,1.0,synthetic,Dịch vụ công thật,1.0,0.004671419999999999,0.99532858,0.19999999999999996
ViSmish_03081,1,1,0.9995634,True,1.0,paraphrased,Giả mạo ngân hàng,1.0,0.9959057339999999,0.004094266000000069,0.19999999999999996
ViSmish_03082,0,0,0.99927586,True,1.0,synthetic,Dịch vụ y tế,1.0,0.005242898399999999,0.9947571016,0.19999999999999996
ViSmish_03083,0,0,0.99940073,True,1.0,external_real,P2P hội thoại thông thường,1.0,0.004780196399999999,0.9952198036,0.19999999999999996
ViSmish_03084,1,1,0.99961036,True,1.0,paraphrased,Crypto / Đầu tư giả,1.0,0.9961276,0.003872399999999998,0.19999999999999996
ViSmish_03085,1,1,0.99914455,True,1.0,synthetic_hard_positive,BHXH / Trợ cấp giả,1.0,0.99431442,0.005685579999999968,0.19999999999999996
ViSmish_03086,1,1,0.9996171,True,1.0,paraphrased,BHXH / Trợ cấp giả,1.0,0.9961610080000001,0.00383899199999993,0.19999999999999996
ViSmish_03089,0,0,0.999426,True,1.0,external_real,P2P hội thoại thông thường,1.0,0.004681099599999999,0.9953189004,0.19999999999999996
ViSmish_03090,0,0,0.99948597,True,1.0,synthetic,Ngân hàng thật,1.0,0.004435007999999999,0.995564992,0.19999999999999996
ViSmish_03091,1,1,0.99958724,True,1.0,synthetic_hard_positive,Tuyển dụng giả,1.0,0.996016812,0.003983187999999971,0.19999999999999996
ViSmish_03092,1,1,0.9994748,True,1.0,paraphrased,Crypto / Đầu tư giả,1.0,0.995518,0.004481999999999986,0.19999999999999996
ViSmish_03095,0,0,0.9993339,True,1.0,real,Viễn thông,1.0,0.005033193599999999,0.9949668064,0.19999999999999996
ViSmish_03096,1,1,0.99960846,True,1.0,paraphrased,Giả mạo ngân hàng,1.0,0.996118474,0.003881526000000024,0.19999999999999996
ViSmish_03097,1,1,0.999622,True,1.0,paraphrased,Dịch vụ công giả,1.0,0.996184934,0.0038150660000000336,0.19999999999999996
ViSmish_03098,1,1,0.99960417,True,1.0,paraphrased,Nội dung nhạy cảm,1.0,0.9960975,0.003902500000000031,0.19999999999999996
ViSmish_03099,1,1,0.99961215,True,1.0,paraphrased,Dịch vụ công giả,1.0,0.9961363599999999,0.003863640000000057,0.19999999999999996
ViSmish_03100,1,1,0.9995857,True,1.0,synthetic_hard_positive,Crypto / Đầu tư giả,1.0,0.99600935,0.0039906499999999845,0.19999999999999996
ViSmish_03101,1,1,0.99962974,True,1.0,paraphrased,Tuyển dụng giả,1.0,0.99622378,0.003776219999999997,0.19999999999999996
ViSmish_03102,0,0,0.99928397,True,1.0,external_curated,P2P hard negative,1.0,0.005214310399999999,0.9947856896,0.19999999999999996
ViSmish_03103,0,0,0.9994911,True,1.0,synthetic,Dịch vụ y tế,1.0,0.004413275799999999,0.9955867242,0.19999999999999996
ViSmish_03104,0,0,0.99928087,True,1.0,synthetic,Dịch vụ y tế,1.0,0.005225320599999999,0.9947746794,0.19999999999999996
ViSmish_03106,0,0,0.99948645,True,1.0,synthetic,Vận chuyển,1.0,0.004433027599999999,0.9955669724,0.19999999999999996
ViSmish_03108,1,1,0.99954,True,1.0,real,Cờ bạc / Betting,1.0,0.99579928,0.004200720000000047,0.19999999999999996
ViSmish_03109,0,0,0.99945956,True,1.0,synthetic,Thương mại điện tử,1.0,0.004545012799999999,0.9954549872,0.19999999999999996
ViSmish_03111,0,0,0.9993824,True,1.0,synthetic,Quảng cáo hợp lệ,1.0,0.004851337199999999,0.9951486628,0.19999999999999996
ViSmish_03112,0,0,0.9994758,True,1.0,real,Khác,1.0,0.004478156599999999,0.9955218434,0.19999999999999996
ViSmish_03113,1,1,0.9996352,True,1.0,paraphrased,BHXH / Trợ cấp giả,1.0,0.99625104,0.0037489600000000234,0.19999999999999996
ViSmish_03115,0,0,0.9994832,True,1.0,synthetic,Vận chuyển,1.0,0.0044463455999999985,0.9955536544,0.19999999999999996
ViSmish_03116,0,0,0.99944955,True,1.0,synthetic,Vận chuyển,1.0,0.004586050599999999,0.9954139494,0.19999999999999996
ViSmish_03117,0,0,0.9994854,True,1.0,synthetic,Vận chuyển,1.0,0.004437313999999999,0.995562686,0.19999999999999996
ViSmish_03119,1,1,0.99962246,True,1.0,paraphrased,BHXH / Trợ cấp giả,1.0,0.996187508,0.0038124920000000007,0.19999999999999996
ViSmish_03121,1,1,0.9996244,True,1.0,paraphrased,Giả mạo ngân hàng,1.0,0.99619662,0.003803380000000023,0.19999999999999996
ViSmish_03122,0,0,0.99939275,True,1.0,external_curated,P2P hard negative,1.0,0.004811309199999999,0.9951886908,0.19999999999999996
ViSmish_03123,0,0,0.99931645,True,1.0,real,Quảng cáo hợp lệ,1.0,0.005097314999999999,0.994902685,0.19999999999999996
ViSmish_03124,1,1,0.9996101,True,1.0,paraphrased,Dịch vụ công giả,1.0,0.99612636,0.0038736400000000115,0.19999999999999996
ViSmish_03125,1,1,0.9995895,True,1.0,paraphrased,Tuyển dụng giả,1.0,0.99602741,0.003972590000000054,0.19999999999999996
ViSmish_03128,1,1,0.9995484,True,1.0,paraphrased,Cờ bạc / Betting,1.0,0.99583736,0.004162639999999995,0.19999999999999996
ViSmish_03129,0,0,0.9994734,True,1.0,synthetic,Viễn thông,1.0,0.004487737999999999,0.995512262,0.19999999999999996
ViSmish_03130,0,0,0.99935406,True,1.0,external_curated,P2P hard negative,1.0,0.004958462999999999,0.995041537,0.19999999999999996
ViSmish_03131,1,1,0.9995679,True,1.0,synthetic_hard_positive,Khác,1.0,0.995926548,0.004073451999999977,0.19999999999999996
ViSmish_03132,0,0,0.99948126,True,1.0,synthetic,Thương mại điện tử,1.0,0.004455010599999999,0.9955449894,0.19999999999999996
ViSmish_03133,0,0,0.9994547,True,1.0,real,Khác,1.0,0.004565119399999999,0.9954348806,0.19999999999999996
ViSmish_03136,1,1,0.99950254,True,1.0,paraphrased,Nội dung nhạy cảm,1.0,0.99563562,0.0043643799999999455,0.19999999999999996
ViSmish_03139,0,0,0.9994873,True,1.0,synthetic,Vận chuyển,1.0,0.004429277999999998,0.995570722,0.19999999999999996
ViSmish_03141,1,1,0.99961483,True,1.0,paraphrased,Giả mạo ngân hàng,1.0,0.996150052,0.0038499480000000474,0.19999999999999996
ViSmish_03142,0,0,0.99940395,True,1.0,external_real,P2P hội thoại thông thường,1.0,0.0047678999999999985,0.9952321,0.19999999999999996
ViSmish_03143,1,1,0.99960417,True,1.0,paraphrased,Dịch vụ công giả,1.0,0.99609766,0.003902340000000004,0.19999999999999996
ViSmish_03144,0,0,0.9992168,True,1.0,external_real,P2P hội thoại thông thường,1.0,0.0054467119999999985,0.994553288,0.19999999999999996
ViSmish_03146,1,1,0.9995648,True,1.0,paraphrased,Dịch vụ công giả,1.0,0.995912432,0.004087567999999986,0.19999999999999996
ViSmish_03148,1,1,0.9996126,True,1.0,paraphrased,Tuyển dụng giả,1.0,0.996139,0.0038610000000000033,0.19999999999999996
ViSmish_03149,1,1,0.99963236,True,1.0,paraphrased,BHXH / Trợ cấp giả,1.0,0.996236754,0.003763245999999998,0.19999999999999996
ViSmish_03152,1,1,0.99962115,True,1.0,paraphrased,Tuyển dụng giả,1.0,0.99618118,0.0038188200000000005,0.19999999999999996
ViSmish_03153,0,0,0.99937433,True,1.0,external_curated,P2P hard negative,1.0,0.004881985999999999,0.995118014,0.19999999999999996
ViSmish_03155,0,0,0.99948174,True,1.0,synthetic,Vận chuyển,1.0,0.004453014599999999,0.9955469854,0.19999999999999996
ViSmish_03156,1,1,0.99961996,True,1.0,paraphrased,Giả mạo ngân hàng,1.0,0.9961747519999999,0.003825248000000059,0.19999999999999996
ViSmish_03157,1,1,0.99955755,True,1.0,paraphrased,Dịch vụ công giả,1.0,0.995879,0.004121000000000041,0.19999999999999996
ViSmish_03158,1,1,0.9996176,True,1.0,paraphrased,Nội dung nhạy cảm,1.0,0.9961633320000001,0.003836667999999932,0.19999999999999996
ViSmish_03160,0,0,0.9994723,True,1.0,synthetic,Ngân hàng thật,1.0,0.004492134599999999,0.9955078654,0.19999999999999996
ViSmish_03164,0,0,0.9994784,True,1.0,synthetic,Thương mại điện tử,1.0,0.004467056599999999,0.9955329434,0.19999999999999996
ViSmish_03166,1,1,0.9996269,True,1.0,paraphrased,Tuyển dụng giả,1.0,0.9962095200000001,0.0037904799999999295,0.19999999999999996
ViSmish_03167,0,0,0.9994266,True,1.0,external_curated,P2P hard negative,1.0,0.004678590599999999,0.9953214094,0.19999999999999996
ViSmish_03169,1,1,0.99962115,True,1.0,paraphrased,Dịch vụ công giả,1.0,0.9961812,0.003818800000000011,0.19999999999999996
ViSmish_03170,0,0,0.9993691,True,1.0,synthetic,Tin nhắn cá nhân và OTP,1.0,0.004902135999999999,0.995097864,0.19999999999999996
ViSmish_03171,1,1,0.9994962,True,1.0,synthetic_hard_positive,Dịch vụ công giả,1.0,0.99560839,0.00439160999999999,0.19999999999999996
ViSmish_03172,1,1,0.99963105,True,1.0,paraphrased,BHXH / Trợ cấp giả,1.0,0.99623038,0.003769620000000029,0.19999999999999996
ViSmish_03173,1,1,0.9996356,True,1.0,paraphrased,BHXH / Trợ cấp giả,1.0,0.9962529,0.003747100000000003,0.19999999999999996
ViSmish_03174,1,1,0.9996057,True,1.0,paraphrased,Dịch vụ công giả,1.0,0.99610504,0.003894960000000003,0.19999999999999996
ViSmish_03175,1,1,0.9995178,True,1.0,synthetic_hard_positive,Khác,1.0,0.99570158,0.004298420000000025,0.19999999999999996
ViSmish_03176,0,0,0.99947864,True,1.0,synthetic,Vận chuyển,1.0,0.004465830999999999,0.995534169,0.19999999999999996
ViSmish_03177,0,0,0.9994609,True,1.0,external_curated,P2P hard negative,1.0,0.004539758399999999,0.9954602416,0.19999999999999996
ViSmish_03179,0,0,0.9993598,True,1.0,real,Viễn thông,1.0,0.004937031199999999,0.9950629688,0.19999999999999996
ViSmish_03181,0,0,0.99945825,True,1.0,external_curated,P2P hard negative,1.0,0.004550305799999999,0.9954496942,0.19999999999999996
ViSmish_03182,0,0,0.9994549,True,1.0,synthetic,Quảng cáo hợp lệ,1.0,0.0045641953999999985,0.9954358046,0.19999999999999996
ViSmish_03183,1,1,0.9996153,True,1.0,paraphrased,Nội dung nhạy cảm,1.0,0.996152294,0.0038477059999999508,0.19999999999999996
ViSmish_03187,1,1,0.99961853,True,1.0,paraphrased,Đòi nợ / Đe dọa,1.0,0.996167732,0.0038322680000000275,0.19999999999999996
ViSmish_03193,1,1,0.9995123,True,1.0,synthetic_hard_positive,BHXH / Trợ cấp giả,1.0,0.99567765,0.00432235000000003,0.19999999999999996
ViSmish_03195,0,0,0.99945706,True,1.0,synthetic,Ngân hàng thật,1.0,0.0045551459999999995,0.995444854,0.19999999999999996
ViSmish_03196,1,1,0.9996327,True,1.0,paraphrased,Đòi nợ / Đe dọa,1.0,0.996238292,0.0037617079999999747,0.19999999999999996
ViSmish_03198,0,0,0.999469,True,1.0,real,Viễn thông,1.0,0.004505975599999999,0.9954940244,0.19999999999999996
ViSmish_03200,1,1,0.9996182,True,1.0,paraphrased,Dịch vụ công giả,1.0,0.99616634,0.003833659999999961,0.19999999999999996
ViSmish_03201,1,1,0.9995505,True,1.0,synthetic_hard_positive,BHXH / Trợ cấp giả,1.0,0.9958469400000001,0.004153059999999931,0.19999999999999996
ViSmish_03202,1,1,0.99961406,True,1.0,paraphrased,Tuyển dụng giả,1.0,0.9961454599999999,0.003854540000000073,0.19999999999999996
ViSmish_03204,1,1,0.9996244,True,1.0,paraphrased,Tuyển dụng giả,1.0,0.99619696,0.0038030399999999798,0.19999999999999996
ViSmish_03205,0,0,0.9994535,True,1.0,real,Khác,1.0,0.0045699719999999985,0.995430028,0.19999999999999996
ViSmish_03206,0,0,0.99941826,True,1.0,external_real,P2P hội thoại thông thường,1.0,0.004711646999999999,0.995288353,0.19999999999999996
ViSmish_03208,0,0,0.99943346,True,1.0,synthetic,Tin nhắn cá nhân và OTP,1.0,0.004651098599999999,0.9953489014,0.19999999999999996
ViSmish_03210,0,0,0.9994128,True,1.0,external_real,P2P hội thoại thông thường,1.0,0.004733460799999999,0.9952665392,0.19999999999999996
ViSmish_03211,1,1,0.9996075,True,1.0,paraphrased,Crypto / Đầu tư giả,1.0,0.99611373,0.0038862699999999695,0.19999999999999996
ViSmish_03212,0,0,0.99940455,True,1.0,synthetic,Dịch vụ công thật,1.0,0.004765450999999999,0.995234549,0.19999999999999996
ViSmish_03213,1,1,0.9996147,True,1.0,paraphrased,Cờ bạc / Betting,1.0,0.9961490399999999,0.00385096000000007,0.19999999999999996
ViSmish_03214,0,0,0.9994128,True,1.0,synthetic,Ngân hàng thật,1.0,0.004733516599999999,0.9952664834,0.19999999999999996
ViSmish_03215,1,1,0.9996006,True,1.0,paraphrased,Nội dung nhạy cảm,1.0,0.9960806600000001,0.003919339999999938,0.19999999999999996
ViSmish_03217,1,1,0.9939791,True,1.0,synthetic_hard_positive,Giả mạo ngân hàng,1.0,0.9855581520000001,0.014441847999999924,0.19999999999999996
ViSmish_03219,0,0,0.99946433,True,1.0,external_real,P2P hội thoại thông thường,1.0,0.004525252399999999,0.9954747476,0.19999999999999996
ViSmish_03220,1,1,0.9994904,True,1.0,synthetic_hard_positive,Tuyển dụng giả,1.0,0.99558369,0.004416309999999979,0.19999999999999996
ViSmish_03221,1,1,0.9994419,True,1.0,synthetic_hard_positive,Dịch vụ công giả,1.0,0.99538332,0.00461668000000004,0.19999999999999996
ViSmish_03222,1,1,0.99960774,True,1.0,paraphrased,Đòi nợ / Đe dọa,1.0,0.9961150599999999,0.003884940000000059,0.19999999999999996
ViSmish_03223,0,0,0.9994247,True,1.0,synthetic,Tin nhắn cá nhân và OTP,1.0,0.004686116799999999,0.9953138832,0.19999999999999996
ViSmish_03224,1,1,0.99960786,True,1.0,synthetic_hard_positive,Khác,1.0,0.996115292,0.003884707999999959,0.19999999999999996
ViSmish_03226,0,0,0.9994386,True,1.0,synthetic,Ngân hàng thật,1.0,0.004630313399999999,0.9953696866,0.19999999999999996
ViSmish_03228,1,1,0.9996113,True,1.0,paraphrased,Crypto / Đầu tư giả,1.0,0.99613208,0.0038679200000000247,0.19999999999999996
ViSmish_03229,1,1,0.9996182,True,1.0,paraphrased,Giả mạo ngân hàng,1.0,0.996166288,0.0038337120000000446,0.19999999999999996
ViSmish_03230,0,0,0.99925786,True,1.0,real,Viễn thông,1.0,0.005305835999999999,0.994694164,0.19999999999999996
ViSmish_03233,0,0,0.99946445,True,1.0,synthetic,Thương mại điện tử,1.0,0.004524788599999999,0.9954752114,0.19999999999999996
ViSmish_03234,1,1,0.9996252,True,1.0,paraphrased,Giả mạo ngân hàng,1.0,0.996200812,0.003799188000000009,0.19999999999999996
ViSmish_03235,0,0,0.99943596,True,1.0,synthetic,Viễn thông,1.0,0.004640849399999999,0.9953591506,0.19999999999999996
ViSmish_03237,1,1,0.99959093,True,1.0,paraphrased,Tuyển dụng giả,1.0,0.99603452,0.003965479999999966,0.19999999999999996
ViSmish_03240,1,1,0.9996201,True,1.0,paraphrased,Cờ bạc / Betting,1.0,0.9961754,0.003824599999999956,0.19999999999999996
ViSmish_03241,0,0,0.99928457,True,1.0,external_real,P2P hội thoại thông thường,1.0,0.005212018199999999,0.9947879818,0.19999999999999996
ViSmish_03242,0,0,0.99937063,True,1.0,synthetic,Dịch vụ công thật,1.0,0.004896202999999998,0.995103797,0.19999999999999996
ViSmish_03244,1,1,0.99955946,True,1.0,paraphrased,Crypto / Đầu tư giả,1.0,0.9958879119999999,0.004112088000000069,0.19999999999999996
ViSmish_03245,0,0,0.9994667,True,1.0,synthetic,Viễn thông,1.0,0.004515564799999999,0.9954844352,0.19999999999999996
ViSmish_03247,0,0,0.9994615,True,1.0,synthetic,Tin nhắn cá nhân và OTP,1.0,0.004537218399999999,0.9954627816,0.19999999999999996
ViSmish_03248,1,1,0.99958163,True,1.0,paraphrased,Crypto / Đầu tư giả,1.0,0.99599034,0.004009660000000026,0.19999999999999996
ViSmish_03249,1,1,0.9994159,True,1.0,real,Khác,1.0,0.995278728,0.004721272000000054,0.19999999999999996
ViSmish_03250,1,1,0.9984888,True,1.0,real,Cờ bạc / Betting,1.0,0.992510534,0.007489466,0.19999999999999996
ViSmish_03251,1,1,0.9996269,True,1.0,paraphrased,Tuyển dụng giả,1.0,0.99620922,0.0037907799999999936,0.19999999999999996
ViSmish_03252,1,1,0.9995939,True,1.0,paraphrased,Cờ bạc / Betting,1.0,0.9960485800000001,0.003951419999999928,0.19999999999999996
ViSmish_03253,1,1,0.9994393,True,1.0,real,Cờ bạc / Betting,1.0,0.99537246,0.0046275399999999856,0.19999999999999996
ViSmish_03254,0,0,0.9993855,True,1.0,external_curated,P2P hard negative,1.0,0.004839350599999999,0.9951606494,0.19999999999999996
ViSmish_03255,1,1,0.99959666,True,1.0,paraphrased,BHXH / Trợ cấp giả,1.0,0.99606138,0.003938620000000004,0.19999999999999996
ViSmish_03256,1,1,0.9996263,True,1.0,paraphrased,BHXH / Trợ cấp giả,1.0,0.99620612,0.0037938800000000272,0.19999999999999996
ViSmish_03257,1,1,0.9996216,True,1.0,paraphrased,BHXH / Trợ cấp giả,1.0,0.99618326,0.003816739999999985,0.19999999999999996
ViSmish_03258,1,1,0.99939156,True,1.0,synthetic_hard_positive,Khác,1.0,0.99518404,0.0048159599999999525,0.19999999999999996
ViSmish_03260,1,1,0.99962914,True,1.0,paraphrased,Tuyển dụng giả,1.0,0.996220612,0.0037793879999999946,0.19999999999999996
ViSmish_03262,1,1,0.99958736,True,1.0,real,Tuyển dụng giả,1.0,0.9960172199999999,0.003982780000000075,0.19999999999999996
ViSmish_03264,1,1,0.9996265,True,1.0,paraphrased,Tuyển dụng giả,1.0,0.99620754,0.0037924599999999975,0.19999999999999996
ViSmish_03265,1,1,0.99962175,True,1.0,paraphrased,Cờ bạc / Betting,1.0,0.99618386,0.003816139999999968,0.19999999999999996
ViSmish_03267,1,1,0.9995746,True,1.0,paraphrased,Giả mạo ngân hàng,1.0,0.9959573500000001,0.0040426499999999255,0.19999999999999996
ViSmish_03269,0,0,0.99932885,True,1.0,real,Tin nhắn cá nhân và OTP,1.0,0.005052167599999999,0.9949478324,0.19999999999999996
ViSmish_03271,0,0,0.9994536,True,1.0,real,Khác,1.0,0.004569304799999999,0.9954306952,0.19999999999999996
ViSmish_03272,0,0,0.9994795,True,1.0,synthetic,Thương mại điện tử,1.0,0.004462438399999999,0.9955375616,0.19999999999999996
ViSmish_03273,0,0,0.99947244,True,1.0,external_curated,P2P hard negative,1.0,0.004491655599999999,0.9955083444,0.19999999999999996
ViSmish_03274,1,1,0.9996045,True,1.0,paraphrased,Đòi nợ / Đe dọa,1.0,0.99609942,0.0039005800000000423,0.19999999999999996
ViSmish_03275,1,1,0.9995784,True,1.0,paraphrased,Đòi nợ / Đe dọa,1.0,0.99597506,0.004024939999999977,0.19999999999999996
ViSmish_03276,1,1,0.9995828,True,1.0,paraphrased,Crypto / Đầu tư giả,1.0,0.99599613,0.0040038700000000205,0.19999999999999996
ViSmish_03277,1,1,0.9995266,True,1.0,synthetic_hard_positive,Khác,1.0,0.99574004,0.0042599599999999516,0.19999999999999996
ViSmish_03278,1,1,0.9993437,True,1.0,paraphrased,Crypto / Đầu tư giả,1.0,0.995002568,0.004997432000000024,0.19999999999999996
ViSmish_03279,0,0,0.9994412,True,1.0,synthetic,Tin nhắn cá nhân và OTP,1.0,0.004619612999999999,0.995380387,0.19999999999999996
ViSmish_03280,1,1,0.99944466,True,1.0,synthetic_hard_positive,Dịch vụ công giả,1.0,0.99539434,0.004605659999999956,0.19999999999999996
ViSmish_03282,1,1,0.9994405,True,1.0,paraphrased,Nội dung nhạy cảm,1.0,0.99537741,0.004622589999999982,0.19999999999999996
ViSmish_03283,1,1,0.99948126,True,1.0,synthetic_hard_positive,Giả mạo ngân hàng,1.0,0.9955451200000001,0.004454879999999939,0.19999999999999996
ViSmish_03285,1,1,0.99944097,True,1.0,real,Cờ bạc / Betting,1.0,0.9953790659999999,0.0046209340000000765,0.19999999999999996
ViSmish_03288,1,1,0.99963045,True,1.0,paraphrased,Dịch vụ công giả,1.0,0.99622704,0.0037729600000000474,0.19999999999999996
ViSmish_03289,1,1,0.9996141,True,1.0,paraphrased,Giả mạo ngân hàng,1.0,0.99614625,0.003853749999999989,0.19999999999999996
ViSmish_03291,1,1,0.99962604,True,1.0,paraphrased,Đòi nợ / Đe dọa,1.0,0.9962051000000001,0.0037948999999999344,0.19999999999999996
ViSmish_03293,1,1,0.99960345,True,1.0,paraphrased,Cờ bạc / Betting,1.0,0.99609408,0.003905920000000007,0.19999999999999996
ViSmish_03295,1,1,0.9996239,True,1.0,paraphrased,Dịch vụ công giả,1.0,0.99619468,0.003805320000000001,0.19999999999999996
ViSmish_03296,0,0,0.9993793,True,1.0,synthetic,Tin nhắn cá nhân và OTP,1.0,0.004863229799999999,0.9951367702,0.19999999999999996
ViSmish_03298,0,0,0.9994605,True,1.0,external_real,P2P hội thoại thông thường,1.0,0.004541213799999999,0.9954587862,0.19999999999999996
ViSmish_03300,0,0,0.9993679,True,1.0,synthetic,Tin nhắn cá nhân và OTP,1.0,0.004906454599999999,0.9950935454000001,0.19999999999999996
ViSmish_03301,0,0,0.9994752,True,1.0,synthetic,Ngân hàng thật,1.0,0.004480271399999999,0.9955197286,0.19999999999999996
ViSmish_03302,0,0,0.9994572,True,1.0,real,Viễn thông,1.0,0.004554911799999999,0.9954450882,0.19999999999999996
ViSmish_03304,1,1,0.9996213,True,1.0,paraphrased,Đòi nợ / Đe dọa,1.0,0.996181572,0.003818427999999985,0.19999999999999996
ViSmish_03306,0,0,0.9994547,True,1.0,external_real,P2P hội thoại thông thường,1.0,0.004565158799999999,0.9954348412,0.19999999999999996
ViSmish_03307,1,1,0.99960023,True,1.0,paraphrased,Crypto / Đầu tư giả,1.0,0.99607894,0.003921060000000032,0.19999999999999996
ViSmish_03308,0,0,0.99944216,True,1.0,synthetic,Dịch vụ công thật,1.0,0.004615789199999999,0.9953842108,0.19999999999999996
ViSmish_03310,1,1,0.9995869,True,1.0,paraphrased,Nội dung nhạy cảm,1.0,0.9960148799999999,0.003985120000000064,0.19999999999999996
ViSmish_03311,0,0,0.99934703,True,1.0,real,Viễn thông,1.0,0.004984661199999999,0.9950153388,0.19999999999999996
ViSmish_03313,1,1,0.99951804,True,1.0,synthetic_hard_positive,Khác,1.0,0.99570242,0.004297580000000023,0.19999999999999996
ViSmish_03314,0,0,0.99939156,True,1.0,external_real,P2P hội thoại thông thường,1.0,0.004815925199999999,0.9951840748,0.19999999999999996
ViSmish_03316,1,1,0.99961394,True,1.0,paraphrased,Crypto / Đầu tư giả,1.0,0.9961452120000001,0.0038547879999999424,0.19999999999999996
ViSmish_03317,0,0,0.9994709,True,1.0,synthetic,Tin nhắn cá nhân và OTP,1.0,0.004498473599999999,0.9955015264,0.19999999999999996
ViSmish_03319,1,1,0.9996112,True,1.0,paraphrased,Giả mạo ngân hàng,1.0,0.996131528,0.003868471999999956,0.19999999999999996
ViSmish_03321,1,1,0.9995987,True,1.0,paraphrased,Tuyển dụng giả,1.0,0.99607142,0.003928579999999959,0.19999999999999996
ViSmish_03323,0,0,0.9994537,True,1.0,external_curated,P2P hard negative,1.0,0.004568779399999999,0.9954312206,0.19999999999999996
ViSmish_03325,0,0,0.9994758,True,1.0,synthetic,Vận chuyển,1.0,0.0044777761999999985,0.9955222238,0.19999999999999996
ViSmish_03327,1,1,0.9996216,True,1.0,paraphrased,Giả mạo ngân hàng,1.0,0.996183586,0.00381641399999999,0.19999999999999996
ViSmish_03330,0,0,0.99948066,True,1.0,real,Viễn thông,1.0,0.004457328799999999,0.9955426712,0.19999999999999996
ViSmish_03331,1,1,0.9995845,True,1.0,paraphrased,Dịch vụ công giả,1.0,0.99600356,0.00399643999999999,0.19999999999999996
ViSmish_03335,1,1,0.99963284,True,1.0,paraphrased,BHXH / Trợ cấp giả,1.0,0.99623944,0.003760560000000024,0.19999999999999996
ViSmish_03337,0,0,0.99940836,True,1.0,real,Viễn thông,1.0,0.0047506193999999995,0.9952493806,0.19999999999999996
ViSmish_03341,0,0,0.9994906,True,1.0,synthetic,Thương mại điện tử,1.0,0.004415271399999999,0.9955847286,0.19999999999999996
ViSmish_03342,0,0,0.9992884,True,1.0,synthetic,Dịch vụ y tế,1.0,0.005198634799999999,0.9948013652,0.19999999999999996
ViSmish_03344,1,1,0.99961406,True,1.0,paraphrased,Giả mạo ngân hàng,1.0,0.996146012,0.0038539880000000304,0.19999999999999996
ViSmish_03345,1,1,0.9996152,True,1.0,paraphrased,Giả mạo ngân hàng,1.0,0.9961513399999999,0.0038486600000000593,0.19999999999999996
ViSmish_03346,1,1,0.9995776,True,1.0,paraphrased,Nội dung nhạy cảm,1.0,0.995971454,0.004028546000000022,0.19999999999999996
ViSmish_03347,1,1,0.99959165,True,1.0,paraphrased,BHXH / Trợ cấp giả,1.0,0.9960378599999999,0.003962140000000058,0.19999999999999996
ViSmish_03350,1,1,0.9996,True,1.0,paraphrased,BHXH / Trợ cấp giả,1.0,0.99607746,0.00392254000000003,0.19999999999999996
ViSmish_03351,0,0,0.9994842,True,1.0,real,Tin nhắn cá nhân và OTP,1.0,0.004442454799999999,0.9955575452,0.19999999999999996
ViSmish_03352,1,1,0.99962974,True,1.0,paraphrased,Giả mạo ngân hàng,1.0,0.9962234400000001,0.003776559999999929,0.19999999999999996
ViSmish_03353,1,1,0.99961394,True,1.0,paraphrased,Đòi nợ / Đe dọa,1.0,0.99614544,0.0038545599999999514,0.19999999999999996
ViSmish_03354,1,1,0.9996184,True,1.0,paraphrased,Đòi nợ / Đe dọa,1.0,0.99616748,0.003832520000000006,0.19999999999999996
ViSmish_03355,1,1,0.9995245,True,1.0,paraphrased,Tuyển dụng giả,1.0,0.9957309400000001,0.004269059999999936,0.19999999999999996
ViSmish_03357,1,1,0.9994809,True,1.0,real,Cờ bạc / Betting,1.0,0.9955434320000001,0.004456567999999939,0.19999999999999996
ViSmish_03358,1,1,0.99954563,True,1.0,paraphrased,Crypto / Đầu tư giả,1.0,0.995825266,0.004174734000000013,0.19999999999999996
ViSmish_03360,1,1,0.9996176,True,1.0,paraphrased,Đòi nợ / Đe dọa,1.0,0.996163488,0.003836512000000014,0.19999999999999996
ViSmish_03361,1,1,0.9996178,True,1.0,paraphrased,BHXH / Trợ cấp giả,1.0,0.996164728,0.0038352720000000007,0.19999999999999996
ViSmish_03362,1,1,0.9995758,True,1.0,paraphrased,BHXH / Trợ cấp giả,1.0,0.99596332,0.004036680000000015,0.19999999999999996
ViSmish_03365,0,0,0.99942124,True,1.0,real,Khác,1.0,0.004699762999999999,0.995300237,0.19999999999999996
ViSmish_03366,0,0,0.99944705,True,1.0,synthetic,Viễn thông,1.0,0.004596346599999999,0.9954036534,0.19999999999999996
ViSmish_03368,1,1,0.997334,True,1.0,real,Đòi nợ / Đe dọa,1.0,0.990167952,0.009832048000000038,0.19999999999999996
ViSmish_03369,1,1,0.99887234,True,1.0,real,Cờ bạc / Betting,1.0,0.99349866,0.006501340000000022,0.19999999999999996
ViSmish_03370,1,1,0.9996307,True,1.0,paraphrased,BHXH / Trợ cấp giả,1.0,0.99622822,0.0037717800000000024,0.19999999999999996
ViSmish_03371,0,0,0.9994704,True,1.0,synthetic,Vận chuyển,1.0,0.0045002559999999985,0.995499744,0.19999999999999996
ViSmish_03373,1,1,0.99960166,True,1.0,paraphrased,Tuyển dụng giả,1.0,0.99608531,0.0039146899999999984,0.19999999999999996
ViSmish_03375,1,1,0.99961996,True,1.0,paraphrased,Dịch vụ công giả,1.0,0.99617508,0.0038249200000000094,0.19999999999999996
ViSmish_03376,0,0,0.99947625,True,1.0,real,Khác,1.0,0.0044760797999999985,0.9955239202,0.19999999999999996
ViSmish_03377,0,0,0.9994721,True,1.0,synthetic,Viễn thông,1.0,0.004493179999999999,0.99550682,0.19999999999999996
ViSmish_03378,0,0,0.99949825,True,1.0,real,Viễn thông,1.0,0.004382987999999999,0.995617012,0.19999999999999996
ViSmish_03379,1,1,0.9996221,True,1.0,paraphrased,Giả mạo ngân hàng,1.0,0.99618538,0.003814619999999991,0.19999999999999996
ViSmish_03380,0,0,0.9991472,True,1.0,real,Viễn thông,1.0,0.005677150199999999,0.9943228498,0.19999999999999996
ViSmish_03382,1,1,0.99955386,True,1.0,paraphrased,Crypto / Đầu tư giả,1.0,0.99586226,0.004137740000000001,0.19999999999999996
ViSmish_03383,0,0,0.99947447,True,1.0,real,Viễn thông,1.0,0.0044832879999999985,0.995516712,0.19999999999999996
ViSmish_03384,0,0,0.9993567,True,1.0,real,Viễn thông,1.0,0.0049486283999999985,0.9950513716,0.19999999999999996
ViSmish_03385,0,0,0.9993718,True,1.0,real,Ngân hàng thật,1.0,0.004891493999999999,0.995108506,0.19999999999999996
ViSmish_03386,0,0,0.9994709,True,1.0,real,Tin nhắn cá nhân và OTP,1.0,0.0044982823999999986,0.9955017176,0.19999999999999996
ViSmish_03387,1,1,0.9996141,True,1.0,paraphrased,Dịch vụ công giả,1.0,0.996146106,0.0038538940000000244,0.19999999999999996
ViSmish_03388,1,1,0.9996171,True,1.0,paraphrased,BHXH / Trợ cấp giả,1.0,0.9961611,0.0038388999999999784,0.19999999999999996
ViSmish_03391,0,0,0.9988937,True,1.0,real,Khác,1.0,0.006441703399999998,0.9935582966000001,0.19999999999999996
ViSmish_03393,1,1,0.999469,True,1.0,synthetic_hard_positive,Dịch vụ công giả,1.0,0.995493854,0.004506145999999989,0.19999999999999996
ViSmish_03395,0,0,0.99949324,True,1.0,synthetic,Vận chuyển,1.0,0.004404147799999999,0.9955958522,0.19999999999999996
ViSmish_03397,1,1,0.9996159,True,1.0,paraphrased,Cờ bạc / Betting,1.0,0.996154868,0.003845132000000029,0.19999999999999996
ViSmish_03399,1,1,0.99942446,True,1.0,paraphrased,BHXH / Trợ cấp giả,1.0,0.9953129199999999,0.004687080000000066,0.19999999999999996
ViSmish_03400,1,1,0.9996132,True,1.0,paraphrased,Tuyển dụng giả,1.0,0.99614154,0.003858460000000008,0.19999999999999996
ViSmish_03401,1,1,0.9995852,True,1.0,paraphrased,Nội dung nhạy cảm,1.0,0.996007168,0.003992832000000002,0.19999999999999996
ViSmish_03402,1,1,0.99961084,True,1.0,paraphrased,BHXH / Trợ cấp giả,1.0,0.996130014,0.003869985999999992,0.19999999999999996
ViSmish_03403,0,0,0.99942774,True,1.0,synthetic,Quảng cáo hợp lệ,1.0,0.004673924199999999,0.9953260758,0.19999999999999996
ViSmish_03405,1,1,0.99960643,True,1.0,paraphrased,Crypto / Đầu tư giả,1.0,0.9961088300000001,0.003891169999999944,0.19999999999999996
ViSmish_03406,1,1,0.9996007,True,1.0,paraphrased,Cờ bạc / Betting,1.0,0.99608103,0.003918969999999966,0.19999999999999996
ViSmish_03407,1,1,0.9995427,True,1.0,paraphrased,Crypto / Đầu tư giả,1.0,0.99581176,0.004188239999999954,0.19999999999999996
ViSmish_03408,0,0,0.9994155,True,1.0,real,Tin nhắn cá nhân và OTP,1.0,0.004722462199999999,0.9952775378000001,0.19999999999999996
ViSmish_03410,1,1,0.99960774,True,1.0,paraphrased,Crypto / Đầu tư giả,1.0,0.9961147,0.0038852999999999804,0.19999999999999996
ViSmish_03412,0,0,0.99949,True,1.0,synthetic,Vận chuyển,1.0,0.004417919999999999,0.99558208,0.19999999999999996
ViSmish_03413,1,1,0.9996246,True,1.0,paraphrased,Tuyển dụng giả,1.0,0.99619786,0.0038021400000000094,0.19999999999999996
ViSmish_03414,1,1,0.99958664,True,1.0,paraphrased,Giả mạo ngân hàng,1.0,0.99601406,0.003985939999999966,0.19999999999999996
ViSmish_03416,0,0,0.9994722,True,1.0,synthetic,Thương mại điện tử,1.0,0.004492945599999999,0.9955070544,0.19999999999999996
ViSmish_03417,0,0,0.99941444,True,1.0,synthetic,Quảng cáo hợp lệ,1.0,0.004726937999999999,0.995273062,0.19999999999999996
ViSmish_03419,1,1,0.9996234,True,1.0,paraphrased,Cờ bạc / Betting,1.0,0.9961919,0.003808099999999981,0.19999999999999996
ViSmish_03423,1,1,0.99962246,True,1.0,paraphrased,BHXH / Trợ cấp giả,1.0,0.9961873880000001,0.0038126119999999375,0.19999999999999996
ViSmish_03424,1,1,0.9995473,True,1.0,paraphrased,BHXH / Trợ cấp giả,1.0,0.99583249,0.004167510000000041,0.19999999999999996
ViSmish_03425,1,1,0.99960715,True,1.0,paraphrased,Nội dung nhạy cảm,1.0,0.99611226,0.0038877400000000284,0.19999999999999996
ViSmish_03426,0,0,0.999476,True,1.0,real,Dịch vụ công thật,1.0,0.004476851999999999,0.995523148,0.19999999999999996
ViSmish_03428,1,1,0.99962246,True,1.0,paraphrased,Nội dung nhạy cảm,1.0,0.99618758,0.0038124200000000386,0.19999999999999996
ViSmish_03429,0,0,0.99938524,True,1.0,real,Khác,1.0,0.004840445599999999,0.9951595544,0.19999999999999996
ViSmish_03430,0,0,0.99946195,True,1.0,real,Tin nhắn cá nhân và OTP,1.0,0.004535239199999999,0.9954647608,0.19999999999999996
ViSmish_03431,0,0,0.9993668,True,1.0,real,Viễn thông,1.0,0.004910636999999999,0.995089363,0.19999999999999996
ViSmish_03432,0,0,0.9990128,True,1.0,synthetic,Ngân hàng thật,1.0,0.006095443599999998,0.9939045564,0.19999999999999996
ViSmish_03433,0,0,0.9994844,True,1.0,synthetic,Thương mại điện tử,1.0,0.004441670399999999,0.9955583296,0.19999999999999996
ViSmish_03434,1,1,0.9992866,True,1.0,synthetic_hard_positive,BHXH / Trợ cấp giả,1.0,0.99479508,0.005204919999999946,0.19999999999999996
ViSmish_03435,1,1,0.9996239,True,1.0,paraphrased,BHXH / Trợ cấp giả,1.0,0.9961945999999999,0.00380540000000007,0.19999999999999996
ViSmish_03438,1,1,0.9996123,True,1.0,paraphrased,Giả mạo ngân hàng,1.0,0.9961370700000001,0.003862929999999931,0.19999999999999996
ViSmish_03439,0,0,0.99939835,True,1.0,external_real,P2P hội thoại thông thường,1.0,0.004789430999999999,0.995210569,0.19999999999999996
ViSmish_03440,1,1,0.9995951,True,1.0,paraphrased,Tuyển dụng giả,1.0,0.996053946,0.003946054000000032,0.19999999999999996
ViSmish_03443,1,1,0.99959236,True,1.0,paraphrased,Đòi nợ / Đe dọa,1.0,0.996041072,0.003958927999999973,0.19999999999999996
ViSmish_03444,1,1,0.9995858,True,1.0,paraphrased,Crypto / Đầu tư giả,1.0,0.9960102,0.003989800000000043,0.19999999999999996
ViSmish_03445,1,1,0.9995763,True,1.0,paraphrased,Đòi nợ / Đe dọa,1.0,0.99596546,0.004034540000000031,0.19999999999999996
ViSmish_03446,1,1,0.9612493,True,1.0,real,Khác,1.0,0.9665583,0.03344170000000002,0.19999999999999996
ViSmish_03448,0,0,0.9993777,True,1.0,external_real,P2P hội thoại thông thường,1.0,0.004869217399999999,0.9951307826,0.19999999999999996
ViSmish_03449,0,0,0.9994272,True,1.0,synthetic,Tin nhắn cá nhân và OTP,1.0,0.004676335999999999,0.995323664,0.19999999999999996
ViSmish_03451,0,0,0.99942964,True,1.0,real,Viễn thông,1.0,0.004666170399999999,0.9953338296,0.19999999999999996
ViSmish_03452,0,0,0.9993612,True,1.0,real,Viễn thông,1.0,0.004931882399999999,0.9950681176,0.19999999999999996
ViSmish_03454,0,0,0.999491,True,1.0,synthetic,Vận chuyển,1.0,0.004413702799999999,0.9955862972,0.19999999999999996
ViSmish_03455,0,0,0.9994404,True,1.0,synthetic,Quảng cáo hợp lệ,1.0,0.004623370199999999,0.9953766298,0.19999999999999996
ViSmish_03456,1,1,0.99960417,True,1.0,paraphrased,Crypto / Đầu tư giả,1.0,0.9960976,0.0039023999999999726,0.19999999999999996
ViSmish_03457,0,0,0.99946254,True,1.0,external_curated,P2P hard negative,1.0,0.004532639599999999,0.9954673604,0.19999999999999996
ViSmish_03460,1,1,0.9996245,True,1.0,paraphrased,Dịch vụ công giả,1.0,0.99619738,0.003802619999999979,0.19999999999999996
ViSmish_03462,0,0,0.9993716,True,1.0,external_curated,P2P hard negative,1.0,0.004892806799999999,0.9951071932,0.19999999999999996
ViSmish_03463,0,0,0.9994929,True,1.0,synthetic,Dịch vụ công thật,1.0,0.004405604399999999,0.9955943956,0.19999999999999996
ViSmish_03464,0,0,0.99934345,True,1.0,real,Viễn thông,1.0,0.0049982073999999994,0.9950017926,0.19999999999999996
ViSmish_03465,0,0,0.9994972,True,1.0,synthetic,Thương mại điện tử,1.0,0.004387586999999998,0.995612413,0.19999999999999996
ViSmish_03466,1,1,0.9996333,True,1.0,paraphrased,Tuyển dụng giả,1.0,0.99624139,0.0037586099999999956,0.19999999999999996
ViSmish_03468,1,1,0.9993013,True,1.0,synthetic_hard_positive,Giả mạo ngân hàng,1.0,0.994848072,0.005151927999999972,0.19999999999999996
ViSmish_03469,0,0,0.9991697,True,1.0,external_curated,P2P hard negative,1.0,0.005603829799999999,0.9943961702,0.19999999999999996
ViSmish_03470,0,0,0.9994824,True,1.0,real,Khác,1.0,0.004449797799999999,0.9955502022,0.19999999999999996
ViSmish_03473,0,0,0.99949324,True,1.0,synthetic,Dịch vụ công thật,1.0,0.0044040467999999985,0.9955959532,0.19999999999999996
ViSmish_03474,0,0,0.9994579,True,1.0,synthetic,Thương mại điện tử,1.0,0.004552022399999999,0.9954479776,0.19999999999999996
ViSmish_03476,1,1,0.99960166,True,1.0,paraphrased,Cờ bạc / Betting,1.0,0.9960854880000001,0.003914511999999926,0.19999999999999996
ViSmish_03477,1,1,0.9996208,True,1.0,paraphrased,Dịch vụ công giả,1.0,0.99617912,0.0038208800000000265,0.19999999999999996
ViSmish_03478,1,1,0.99962044,True,1.0,paraphrased,Giả mạo ngân hàng,1.0,0.996177114,0.0038228860000000253,0.19999999999999996
ViSmish_03479,0,0,0.99944633,True,1.0,synthetic,Ngân hàng thật,1.0,0.004598840599999999,0.9954011594,0.19999999999999996
ViSmish_03480,1,1,0.99963343,True,1.0,paraphrased,Dịch vụ công giả,1.0,0.9962422799999999,0.0037577200000000754,0.19999999999999996
ViSmish_03482,1,1,0.99952245,True,1.0,synthetic_hard_positive,Tuyển dụng giả,1.0,0.99572208,0.004277920000000046,0.19999999999999996
ViSmish_03483,1,1,0.9995442,True,1.0,paraphrased,Nội dung nhạy cảm,1.0,0.9958186600000001,0.004181339999999922,0.19999999999999996
ViSmish_03486,1,1,0.9996276,True,1.0,paraphrased,Giả mạo ngân hàng,1.0,0.996212674,0.0037873259999999798,0.19999999999999996
ViSmish_03488,0,0,0.99947816,True,1.0,real,Quảng cáo hợp lệ,1.0,0.004467905999999999,0.995532094,0.19999999999999996
ViSmish_03490,0,0,0.99913055,True,1.0,external_real,P2P hội thoại thông thường,1.0,0.005730677399999998,0.9942693226,0.19999999999999996
ViSmish_03491,0,0,0.98350984,True,1.0,real,Dịch vụ công thật,1.0,0.022928307999999994,0.977071692,0.19999999999999996
ViSmish_03495,1,1,0.99961036,True,1.0,paraphrased,Dịch vụ công giả,1.0,0.99612776,0.0038722399999999713,0.19999999999999996
ViSmish_03496,0,0,0.9993412,True,1.0,real,Tin nhắn cá nhân và OTP,1.0,0.0050066956,0.9949933044,0.19999999999999996
ViSmish_03497,0,0,0.9994898,True,1.0,synthetic,Tin nhắn cá nhân và OTP,1.0,0.004419032399999999,0.9955809676,0.19999999999999996
ViSmish_03498,0,0,0.99904305,True,1.0,external_curated,P2P hard negative,1.0,0.006004114799999999,0.9939958852,0.19999999999999996
ViSmish_03499,1,1,0.99961346,True,1.0,paraphrased,Tuyển dụng giả,1.0,0.99614296,0.0038570399999999783,0.19999999999999996
ViSmish_03500,0,0,0.9992692,True,1.0,synthetic,Viễn thông,1.0,0.005266319999999999,0.99473368,0.19999999999999996
ViSmish_03501,1,1,0.9995091,True,1.0,paraphrased,Nội dung nhạy cảm,1.0,0.99566362,0.0043363800000000285,0.19999999999999996
ViSmish_03503,1,1,0.9996197,True,1.0,paraphrased,Đòi nợ / Đe dọa,1.0,0.996173608,0.003826392000000012,0.19999999999999996
ViSmish_03504,0,0,0.9994031,True,1.0,real,Viễn thông,1.0,0.004771089999999999,0.99522891,0.19999999999999996
ViSmish_03505,1,1,0.9996202,True,1.0,paraphrased,Tuyển dụng giả,1.0,0.99617624,0.003823759999999954,0.19999999999999996
ViSmish_03508,0,0,0.99943215,True,1.0,external_real,P2P hội thoại thông thường,1.0,0.004656408999999999,0.995343591,0.19999999999999996
ViSmish_03509,0,0,0.99947506,True,1.0,synthetic,Dịch vụ y tế,1.0,0.004480723599999999,0.9955192764,0.19999999999999996
ViSmish_03510,1,1,0.99962413,True,1.0,paraphrased,BHXH / Trợ cấp giả,1.0,0.9961954479999999,0.003804552000000072,0.19999999999999996
ViSmish_03514,1,1,0.99962866,True,1.0,paraphrased,Tuyển dụng giả,1.0,0.99621828,0.0037817199999999884,0.19999999999999996
ViSmish_03515,1,1,0.99962544,True,1.0,paraphrased,Giả mạo ngân hàng,1.0,0.99620235,0.0037976499999999858,0.19999999999999996
ViSmish_03516,0,0,0.9994388,True,1.0,synthetic,Ngân hàng thật,1.0,0.004629456999999999,0.995370543,0.19999999999999996
ViSmish_03517,1,1,0.9995944,True,1.0,synthetic_hard_positive,Khác,1.0,0.9960507519999999,0.003949248000000072,0.19999999999999996
ViSmish_03518,0,0,0.9994686,True,1.0,synthetic,Dịch vụ y tế,1.0,0.004507756199999999,0.9954922438,0.19999999999999996
ViSmish_03519,0,0,0.99938846,True,1.0,synthetic,Dịch vụ y tế,1.0,0.004827852999999999,0.995172147,0.19999999999999996
ViSmish_03520,1,1,0.9995017,True,1.0,synthetic_hard_positive,Giả mạo ngân hàng,1.0,0.9956318399999999,0.004368160000000065,0.19999999999999996
ViSmish_03521,1,1,0.9995359,True,1.0,paraphrased,Dịch vụ công giả,1.0,0.995781088,0.004218912000000019,0.19999999999999996
ViSmish_03522,1,1,0.9996246,True,1.0,paraphrased,Crypto / Đầu tư giả,1.0,0.99619801,0.003801990000000033,0.19999999999999996
ViSmish_03524,1,1,0.99912184,True,1.0,paraphrased,Nội dung nhạy cảm,1.0,0.994241392,0.005758608000000054,0.19999999999999996
ViSmish_03526,0,0,0.99949014,True,1.0,real,Viễn thông,1.0,0.0044172629999999985,0.995582737,0.19999999999999996
ViSmish_03527,1,1,0.99962115,True,1.0,paraphrased,Đòi nợ / Đe dọa,1.0,0.996180928,0.003819071999999979,0.19999999999999996
ViSmish_03529,0,0,0.99948174,True,1.0,synthetic,Dịch vụ y tế,1.0,0.004452919599999999,0.9955470804,0.19999999999999996
ViSmish_03530,1,1,0.9996125,True,1.0,paraphrased,Giả mạo ngân hàng,1.0,0.99613836,0.0038616399999999995,0.19999999999999996
ViSmish_03531,0,0,0.9994894,True,1.0,synthetic,Thương mại điện tử,1.0,0.004420469999999999,0.99557953,0.19999999999999996
ViSmish_03534,1,1,0.9996012,True,1.0,paraphrased,Cờ bạc / Betting,1.0,0.99608332,0.003916680000000006,0.19999999999999996
ViSmish_03535,0,0,0.99924517,True,1.0,synthetic,Quảng cáo hợp lệ,1.0,0.005349812999999998,0.994650187,0.19999999999999996
ViSmish_03536,0,0,0.99937505,True,1.0,real,Viễn thông,1.0,0.004879597999999999,0.995120402,0.19999999999999996
ViSmish_03537,0,0,0.9994336,True,1.0,synthetic,Quảng cáo hợp lệ,1.0,0.004650322799999999,0.9953496772,0.19999999999999996
ViSmish_03538,0,0,0.99924856,True,1.0,synthetic,Quảng cáo hợp lệ,1.0,0.005338185999999999,0.994661814,0.19999999999999996
ViSmish_03539,0,0,0.9994709,True,1.0,real,Viễn thông,1.0,0.004498177799999999,0.9955018222,0.19999999999999996
ViSmish_03543,1,1,0.99961686,True,1.0,paraphrased,BHXH / Trợ cấp giả,1.0,0.99615982,0.003840179999999971,0.19999999999999996
ViSmish_03544,1,1,0.9995467,True,1.0,paraphrased,Cờ bạc / Betting,1.0,0.995829772,0.004170227999999998,0.19999999999999996
ViSmish_03545,1,1,0.9996099,True,1.0,paraphrased,Nội dung nhạy cảm,1.0,0.99612558,0.003874420000000045,0.19999999999999996
ViSmish_03546,0,0,0.9994874,True,1.0,real,Khác,1.0,0.004428657199999999,0.9955713428,0.19999999999999996
ViSmish_03547,1,1,0.99928397,True,1.0,synthetic_hard_positive,Khác,1.0,0.994785952,0.005214048000000027,0.19999999999999996
ViSmish_03548,1,1,0.99960893,True,1.0,paraphrased,Cờ bạc / Betting,1.0,0.99612078,0.003879219999999961,0.19999999999999996
ViSmish_03550,0,0,0.9994122,True,1.0,external_real,P2P hội thoại thông thường,1.0,0.004735567999999999,0.995264432,0.19999999999999996
ViSmish_03551,0,0,0.9993622,True,1.0,synthetic,Dịch vụ công thật,1.0,0.004928325199999999,0.9950716748,0.19999999999999996
ViSmish_03553,0,0,0.9993057,True,1.0,real,Viễn thông,1.0,0.005136388599999999,0.9948636114,0.19999999999999996
ViSmish_03554,0,0,0.9992488,True,1.0,external_curated,P2P hard negative,1.0,0.0053373039999999984,0.994662696,0.19999999999999996
ViSmish_03555,1,1,0.9995741,True,1.0,paraphrased,Nội dung nhạy cảm,1.0,0.9959555259999999,0.004044474000000076,0.19999999999999996
ViSmish_03557,1,1,0.99961346,True,1.0,paraphrased,Giả mạo ngân hàng,1.0,0.996143126,0.00385687400000001,0.19999999999999996
ViSmish_03558,1,1,0.99958557,True,1.0,synthetic_hard_positive,Khác,1.0,0.996009088,0.003990912000000013,0.19999999999999996
ViSmish_03559,0,0,0.9994567,True,1.0,external_curated,P2P hard negative,1.0,0.004556966599999999,0.9954430334,0.19999999999999996
ViSmish_03560,1,1,0.9996228,True,1.0,paraphrased,Đòi nợ / Đe dọa,1.0,0.99618944,0.0038105600000000184,0.19999999999999996
ViSmish_03561,0,0,0.9992472,True,1.0,real,Tin nhắn cá nhân và OTP,1.0,0.005342838599999999,0.9946571614,0.19999999999999996
ViSmish_03562,0,0,0.9993974,True,1.0,synthetic,Viễn thông,1.0,0.0047935493999999995,0.9952064506,0.19999999999999996
ViSmish_03563,1,1,0.99961144,True,1.0,paraphrased,Cờ bạc / Betting,1.0,0.996132994,0.003867006000000006,0.19999999999999996
ViSmish_03564,0,0,0.9994758,True,1.0,external_curated,P2P hard negative,1.0,0.004478133399999999,0.9955218666,0.19999999999999996
ViSmish_03567,0,0,0.9994351,True,1.0,real,Tin nhắn cá nhân và OTP,1.0,0.004644220999999999,0.995355779,0.19999999999999996
ViSmish_03570,1,1,0.9996195,True,1.0,paraphrased,Tuyển dụng giả,1.0,0.996172666,0.0038273340000000156,0.19999999999999996
ViSmish_03571,0,0,0.99947053,True,1.0,synthetic,Thương mại điện tử,1.0,0.004499626599999999,0.9955003734,0.19999999999999996
ViSmish_03572,0,0,0.9994824,True,1.0,synthetic,Thương mại điện tử,1.0,0.004449985199999999,0.9955500148,0.19999999999999996
ViSmish_03573,0,0,0.99945563,True,1.0,synthetic,Viễn thông,1.0,0.004561051799999999,0.9954389482,0.19999999999999996
ViSmish_03574,1,1,0.9995127,True,1.0,paraphrased,Cờ bạc / Betting,1.0,0.99567916,0.0043208399999999925,0.19999999999999996
ViSmish_03575,0,0,0.9994916,True,1.0,real,Viễn thông,1.0,0.004411039199999999,0.9955889608,0.19999999999999996
ViSmish_03576,0,0,0.99776614,True,1.0,external_curated,P2P hard negative,1.0,0.009035759399999998,0.9909642406,0.19999999999999996
ViSmish_03578,1,1,0.99960524,True,1.0,paraphrased,Nội dung nhạy cảm,1.0,0.99610268,0.003897319999999982,0.19999999999999996
ViSmish_03580,1,1,0.9996259,True,1.0,paraphrased,Dịch vụ công giả,1.0,0.99620446,0.0037955400000000417,0.19999999999999996
ViSmish_03582,0,0,0.9993604,True,1.0,synthetic,Quảng cáo hợp lệ,1.0,0.004934729999999998,0.99506527,0.19999999999999996
ViSmish_03583,0,0,0.99934965,True,1.0,real,Viễn thông,1.0,0.004975117799999999,0.9950248822,0.19999999999999996
ViSmish_03584,1,1,0.99956113,True,1.0,paraphrased,Dịch vụ công giả,1.0,0.99589526,0.004104740000000051,0.19999999999999996
ViSmish_03585,1,1,0.99947554,True,1.0,synthetic_hard_positive,Dịch vụ công giả,1.0,0.9955209,0.004479099999999958,0.19999999999999996
ViSmish_03587,1,1,0.99956304,True,1.0,paraphrased,Cờ bạc / Betting,1.0,0.9959041399999999,0.004095860000000062,0.19999999999999996
ViSmish_03588,1,1,0.9996137,True,1.0,paraphrased,Đòi nợ / Đe dọa,1.0,0.99614404,0.0038559599999999916,0.19999999999999996
ViSmish_03590,1,1,0.9996123,True,1.0,paraphrased,Dịch vụ công giả,1.0,0.9961372740000001,0.0038627259999999275,0.19999999999999996
ViSmish_03592,1,1,0.9995478,True,1.0,paraphrased,Đòi nợ / Đe dọa,1.0,0.995834612,0.004165387999999992,0.19999999999999996
ViSmish_03593,1,1,0.9995228,True,1.0,paraphrased,Crypto / Đầu tư giả,1.0,0.9957233999999999,0.004276600000000075,0.19999999999999996
ViSmish_03595,0,0,0.9994579,True,1.0,real,Viễn thông,1.0,0.004551750399999999,0.9954482496,0.19999999999999996
ViSmish_03596,0,0,0.9994917,True,1.0,synthetic,Viễn thông,1.0,0.004410531999999999,0.995589468,0.19999999999999996
ViSmish_03597,1,1,0.9994307,True,1.0,paraphrased,Crypto / Đầu tư giả,1.0,0.99533816,0.004661840000000028,0.19999999999999996
ViSmish_03598,1,1,0.999546,True,1.0,paraphrased,Crypto / Đầu tư giả,1.0,0.99582634,0.004173659999999968,0.19999999999999996
ViSmish_03599,1,1,0.9996234,True,1.0,paraphrased,BHXH / Trợ cấp giả,1.0,0.9961919,0.003808099999999981,0.19999999999999996
ViSmish_03601,0,0,0.99943274,True,1.0,external_real,P2P hội thoại thông thường,1.0,0.004653680399999999,0.9953463196,0.19999999999999996
ViSmish_03602,0,0,0.99940383,True,1.0,real,Viễn thông,1.0,0.004768438999999999,0.995231561,0.19999999999999996
ViSmish_03604,0,0,0.99942696,True,1.0,synthetic,Ngân hàng thật,1.0,0.004677168599999999,0.9953228314,0.19999999999999996
ViSmish_03606,0,0,0.9994578,True,1.0,synthetic,Thương mại điện tử,1.0,0.004552316999999999,0.995447683,0.19999999999999996
ViSmish_03607,1,1,0.9995735,True,1.0,paraphrased,Đòi nợ / Đe dọa,1.0,0.995952452,0.004047547999999956,0.19999999999999996
ViSmish_03608,1,1,0.9995943,True,1.0,paraphrased,Crypto / Đầu tư giả,1.0,0.99605012,0.003949879999999961,0.19999999999999996
ViSmish_03610,1,1,0.9996252,True,1.0,paraphrased,BHXH / Trợ cấp giả,1.0,0.996200908,0.0037990919999999484,0.19999999999999996
ViSmish_03611,0,0,0.99945897,True,1.0,real,Ngân hàng thật,1.0,0.004547475999999999,0.995452524,0.19999999999999996
ViSmish_03612,1,1,0.99957997,True,1.0,paraphrased,Dịch vụ công giả,1.0,0.99598232,0.0040176800000000235,0.19999999999999996
ViSmish_03613,0,0,0.99946386,True,1.0,synthetic,Tin nhắn cá nhân và OTP,1.0,0.004527204799999999,0.9954727952,0.19999999999999996
ViSmish_03614,1,1,0.99953735,True,1.0,synthetic_hard_positive,Tuyển dụng giả,1.0,0.99578784,0.00421216000000002,0.19999999999999996
ViSmish_03615,1,1,0.99961853,True,1.0,paraphrased,Cờ bạc / Betting,1.0,0.9961678,0.0038321999999999523,0.19999999999999996
ViSmish_03618,1,1,0.99958616,True,1.0,paraphrased,Cờ bạc / Betting,1.0,0.99601166,0.003988340000000035,0.19999999999999996
ViSmish_03619,1,1,0.9996141,True,1.0,paraphrased,Dịch vụ công giả,1.0,0.9961464,0.0038536000000000126,0.19999999999999996
ViSmish_03622,0,0,0.99941015,True,1.0,synthetic,Viễn thông,1.0,0.004743686599999999,0.9952563134,0.19999999999999996
ViSmish_03623,0,0,0.9990258,True,1.0,external_curated,P2P hard negative,1.0,0.006056380999999999,0.9939436190000001,0.19999999999999996
ViSmish_03624,0,0,0.9994814,True,1.0,real,Khác,1.0,0.0044544957999999996,0.9955455042,0.19999999999999996
ViSmish_03625,0,0,0.9994748,True,1.0,synthetic,Thương mại điện tử,1.0,0.004481857999999998,0.995518142,0.19999999999999996
ViSmish_03626,0,0,0.9994867,True,1.0,real,Viễn thông,1.0,0.004431743999999999,0.995568256,0.19999999999999996
ViSmish_03628,1,1,0.9995245,True,1.0,paraphrased,Crypto / Đầu tư giả,1.0,0.99573066,0.00426934000000001,0.19999999999999996
ViSmish_03629,1,1,0.9992495,True,1.0,paraphrased,Cờ bạc / Betting,1.0,0.99466526,0.0053347400000000045,0.19999999999999996
ViSmish_03630,0,0,0.9993585,True,1.0,external_real,P2P hội thoại thông thường,1.0,0.004942098999999998,0.995057901,0.19999999999999996
ViSmish_03631,1,1,0.99962294,True,1.0,paraphrased,Cờ bạc / Betting,1.0,0.996190012,0.0038099879999999864,0.19999999999999996
ViSmish_03634,1,1,0.99962497,True,1.0,paraphrased,Tuyển dụng giả,1.0,0.99619992,0.0038000799999999835,0.19999999999999996
ViSmish_03636,1,1,0.9996234,True,1.0,paraphrased,Nội dung nhạy cảm,1.0,0.996192348,0.0038076519999999947,0.19999999999999996
ViSmish_03637,1,1,0.9996131,True,1.0,paraphrased,Đòi nợ / Đe dọa,1.0,0.99614129,0.003858710000000043,0.19999999999999996
ViSmish_03638,1,1,0.9996182,True,1.0,paraphrased,BHXH / Trợ cấp giả,1.0,0.996166288,0.0038337120000000446,0.19999999999999996
ViSmish_03639,1,1,0.9996146,True,1.0,paraphrased,Giả mạo ngân hàng,1.0,0.996148468,0.003851531999999991,0.19999999999999996
ViSmish_03640,0,0,0.9994344,True,1.0,synthetic,Ngân hàng thật,1.0,0.004647288799999999,0.9953527112,0.19999999999999996
ViSmish_03645,1,1,0.9995739,True,1.0,paraphrased,BHXH / Trợ cấp giả,1.0,0.9959541080000001,0.00404589199999994,0.19999999999999996
ViSmish_03646,1,1,0.99957997,True,1.0,paraphrased,Crypto / Đầu tư giả,1.0,0.99598244,0.004017559999999976,0.19999999999999996
ViSmish_03650,0,0,0.999438,True,1.0,synthetic,Tin nhắn cá nhân và OTP,1.0,0.004632606799999999,0.9953673932,0.19999999999999996
ViSmish_03652,1,1,0.99954283,True,1.0,paraphrased,Nội dung nhạy cảm,1.0,0.99581201,0.00418799000000003,0.19999999999999996
ViSmish_03654,1,1,0.9996123,True,1.0,paraphrased,Cờ bạc / Betting,1.0,0.9961372740000001,0.0038627259999999275,0.19999999999999996
ViSmish_03656,1,1,0.99954045,True,1.0,synthetic_hard_positive,Khác,1.0,0.99580164,0.004198359999999957,0.19999999999999996
ViSmish_03657,1,1,0.99961203,True,1.0,paraphrased,Cờ bạc / Betting,1.0,0.996135808,0.0038641919999999885,0.19999999999999996
ViSmish_03658,1,1,0.9996152,True,1.0,paraphrased,Tuyển dụng giả,1.0,0.9961515400000001,0.0038484599999999425,0.19999999999999996
ViSmish_03659,0,0,0.9994784,True,1.0,synthetic,Viễn thông,1.0,0.004466873399999999,0.9955331266,0.19999999999999996
ViSmish_03660,1,1,0.99958915,True,1.0,paraphrased,Crypto / Đầu tư giả,1.0,0.99602602,0.003973980000000044,0.19999999999999996
ViSmish_03662,1,1,0.99961084,True,1.0,paraphrased,Nội dung nhạy cảm,1.0,0.9961302400000001,0.0038697599999999444,0.19999999999999996
ViSmish_03663,1,1,0.99959964,True,1.0,paraphrased,Cờ bạc / Betting,1.0,0.9960756,0.00392440000000005,0.19999999999999996
ViSmish_03664,0,0,0.9994855,True,1.0,synthetic,Quảng cáo hợp lệ,1.0,0.004437093799999999,0.9955629062,0.19999999999999996
ViSmish_03665,0,0,0.99942434,True,1.0,real,Dịch vụ công thật,1.0,0.004687588199999999,0.9953124118,0.19999999999999996
ViSmish_03668,0,0,0.9994497,True,1.0,synthetic,Ngân hàng thật,1.0,0.0045853228,0.9954146772,0.19999999999999996
ViSmish_03669,1,1,0.9996276,True,1.0,paraphrased,BHXH / Trợ cấp giả,1.0,0.996212674,0.0037873259999999798,0.19999999999999996
ViSmish_03670,0,0,0.9985078,True,1.0,real,Khác,1.0,0.007443655199999999,0.9925563448,0.19999999999999996
ViSmish_03672,0,0,0.99938667,True,1.0,real,Viễn thông,1.0,0.004834935399999999,0.9951650646,0.19999999999999996
ViSmish_03673,0,0,0.99947995,True,1.0,real,Khác,1.0,0.004460563199999999,0.9955394368,0.19999999999999996
ViSmish_03676,0,0,0.99843055,True,1.0,external_curated,P2P hard negative,1.0,0.007626967999999999,0.992373032,0.19999999999999996
ViSmish_03677,0,0,0.9993368,True,1.0,real,Viễn thông,1.0,0.005022666199999999,0.9949773338,0.19999999999999996
ViSmish_03679,0,0,0.9993443,True,1.0,real,Viễn thông,1.0,0.004995149999999999,0.99500485,0.19999999999999996
ViSmish_03681,1,1,0.99954754,True,1.0,synthetic_hard_positive,Khác,1.0,0.995833468,0.004166531999999945,0.19999999999999996
ViSmish_03682,0,0,0.99945,True,1.0,external_real,P2P hội thoại thông thường,1.0,0.0045842719999999995,0.995415728,0.19999999999999996
ViSmish_03684,0,0,0.9993686,True,1.0,real,Viễn thông,1.0,0.004903866999999999,0.995096133,0.19999999999999996
ViSmish_03685,0,0,0.9994374,True,1.0,real,Viễn thông,1.0,0.004635311199999999,0.9953646888,0.19999999999999996
ViSmish_03686,1,1,0.99950993,True,1.0,synthetic_hard_positive,BHXH / Trợ cấp giả,1.0,0.99566752,0.004332479999999972,0.19999999999999996
ViSmish_03688,0,0,0.9994287,True,1.0,synthetic,Ngân hàng thật,1.0,0.004670094999999999,0.995329905,0.19999999999999996
ViSmish_03689,1,1,0.99961483,True,1.0,paraphrased,Dịch vụ công giả,1.0,0.9961496599999999,0.003850340000000063,0.19999999999999996
ViSmish_03691,0,0,0.9994628,True,1.0,external_curated,P2P hard negative,1.0,0.004531802599999999,0.9954681974,0.19999999999999996
ViSmish_03692,1,1,0.99959797,True,1.0,paraphrased,Cờ bạc / Betting,1.0,0.9960678199999999,0.003932180000000063,0.19999999999999996
ViSmish_03693,1,1,0.9996037,True,1.0,paraphrased,Nội dung nhạy cảm,1.0,0.99609522,0.003904780000000052,0.19999999999999996
ViSmish_03694,1,1,0.9996195,True,1.0,paraphrased,Tuyển dụng giả,1.0,0.99617252,0.0038274799999999942,0.19999999999999996
ViSmish_03696,1,1,0.99950457,True,1.0,paraphrased,Crypto / Đầu tư giả,1.0,0.995644474,0.0043555259999999985,0.19999999999999996
ViSmish_03697,0,0,0.9994708,True,1.0,real,Viễn thông,1.0,0.004498806599999999,0.9955011934,0.19999999999999996
ViSmish_03698,1,1,0.99962616,True,1.0,paraphrased,Nội dung nhạy cảm,1.0,0.99620602,0.0037939799999999746,0.19999999999999996
ViSmish_03701,1,1,0.999617,True,1.0,paraphrased,Cờ bạc / Betting,1.0,0.99616048,0.003839519999999985,0.19999999999999996
ViSmish_03702,1,1,0.99962366,True,1.0,paraphrased,Cờ bạc / Betting,1.0,0.99619312,0.003806879999999957,0.19999999999999996
ViSmish_03704,1,1,0.9996344,True,1.0,paraphrased,Dịch vụ công giả,1.0,0.99624722,0.003752780000000011,0.19999999999999996
ViSmish_03705,1,1,0.9996088,True,1.0,paraphrased,Nội dung nhạy cảm,1.0,0.99612043,0.0038795700000000544,0.19999999999999996
ViSmish_03707,1,1,0.99956805,True,1.0,synthetic_hard_positive,Tuyển dụng giả,1.0,0.995926892,0.0040731080000000475,0.19999999999999996
ViSmish_03710,1,1,0.9995908,True,1.0,paraphrased,Crypto / Đầu tư giả,1.0,0.9960336000000001,0.0039663999999999255,0.19999999999999996
ViSmish_03711,0,0,0.9991053,True,1.0,real,Dịch vụ công thật,1.0,0.005811106799999999,0.9941888932,0.19999999999999996
ViSmish_03712,0,0,0.9994167,True,1.0,external_curated,P2P hard negative,1.0,0.0047177135999999995,0.9952822864,0.19999999999999996
ViSmish_03713,1,1,0.9996264,True,1.0,paraphrased,Giả mạo ngân hàng,1.0,0.99620666,0.0037933399999999784,0.19999999999999996
ViSmish_03714,1,1,0.9996145,True,1.0,paraphrased,Crypto / Đầu tư giả,1.0,0.99614817,0.0038518300000000005,0.19999999999999996
ViSmish_03715,0,0,0.99943846,True,1.0,synthetic,Dịch vụ công thật,1.0,0.004631074599999999,0.9953689254,0.19999999999999996
ViSmish_03716,0,0,0.9993235,True,1.0,synthetic,Dịch vụ công thật,1.0,0.005071952199999999,0.9949280478,0.19999999999999996
ViSmish_03718,0,0,0.99942553,True,1.0,external_real,P2P hội thoại thông thường,1.0,0.004683007599999999,0.9953169924,0.19999999999999996
ViSmish_03719,0,0,0.9994542,True,1.0,real,Khác,1.0,0.004567025999999998,0.995432974,0.19999999999999996
ViSmish_03721,0,0,0.9994661,True,1.0,real,Khác,1.0,0.004517897999999999,0.995482102,0.19999999999999996
ViSmish_03723,1,1,0.9996227,True,1.0,paraphrased,Đòi nợ / Đe dọa,1.0,0.99618888,0.0038111199999999457,0.19999999999999996
ViSmish_03725,1,1,0.99959666,True,1.0,paraphrased,Nội dung nhạy cảm,1.0,0.996061254,0.003938745999999993,0.19999999999999996
ViSmish_03726,0,0,0.99926513,True,1.0,external_real,P2P hội thoại thông thường,1.0,0.005280601999999999,0.994719398,0.19999999999999996
ViSmish_03727,0,0,0.99942553,True,1.0,synthetic,Tin nhắn cá nhân và OTP,1.0,0.0046827655999999995,0.9953172344,0.19999999999999996
ViSmish_03728,1,1,0.9996189,True,1.0,paraphrased,BHXH / Trợ cấp giả,1.0,0.9961698880000001,0.003830111999999941,0.19999999999999996
ViSmish_03732,0,0,0.9994449,True,1.0,synthetic,Tin nhắn cá nhân và OTP,1.0,0.004605038799999999,0.9953949612,0.19999999999999996
ViSmish_03734,1,1,0.99961805,True,1.0,paraphrased,Giả mạo ngân hàng,1.0,0.9961653699999999,0.003834630000000061,0.19999999999999996
ViSmish_03737,1,1,0.99960226,True,1.0,paraphrased,Crypto / Đầu tư giả,1.0,0.996088588,0.003911412000000003,0.19999999999999996
ViSmish_03739,0,0,0.9994753,True,1.0,synthetic,Dịch vụ y tế,1.0,0.004480133599999998,0.9955198664,0.19999999999999996
ViSmish_03740,1,1,0.9994972,True,1.0,synthetic_hard_positive,Đòi nợ / Đe dọa,1.0,0.995612788,0.004387212000000029,0.19999999999999996
ViSmish_03744,1,1,0.9996258,True,1.0,paraphrased,BHXH / Trợ cấp giả,1.0,0.9962042099999999,0.0037957900000000766,0.19999999999999996
ViSmish_03745,1,1,0.999622,True,1.0,paraphrased,BHXH / Trợ cấp giả,1.0,0.996185,0.003815000000000013,0.19999999999999996
ViSmish_03747,1,1,0.99962044,True,1.0,paraphrased,BHXH / Trợ cấp giả,1.0,0.996177506,0.0038224940000000096,0.19999999999999996
ViSmish_03749,0,0,0.9991291,True,1.0,external_real,P2P hội thoại thông thường,1.0,0.005735483399999999,0.9942645166,0.19999999999999996
ViSmish_03750,1,1,0.9996306,True,1.0,paraphrased,Tuyển dụng giả,1.0,0.996228028,0.0037719720000000123,0.19999999999999996
ViSmish_03753,0,0,0.99948895,True,1.0,synthetic,Thương mại điện tử,1.0,0.004422286599999999,0.9955777134,0.19999999999999996
ViSmish_03755,1,1,0.9996126,True,1.0,paraphrased,Cờ bạc / Betting,1.0,0.996138728,0.003861271999999971,0.19999999999999996
ViSmish_03756,1,1,0.99962556,True,1.0,paraphrased,BHXH / Trợ cấp giả,1.0,0.99620297,0.003797029999999979,0.19999999999999996
ViSmish_03757,1,1,0.9994431,True,1.0,synthetic_hard_positive,Đòi nợ / Đe dọa,1.0,0.9953877799999999,0.004612220000000056,0.19999999999999996
ViSmish_03759,1,1,0.9994568,True,1.0,synthetic_hard_positive,Đòi nợ / Đe dọa,1.0,0.9954438999999999,0.004556100000000063,0.19999999999999996
ViSmish_03762,1,1,0.99962366,True,1.0,paraphrased,Dịch vụ công giả,1.0,0.9961930880000001,0.00380691199999994,0.19999999999999996
ViSmish_03764,1,1,0.9996222,True,1.0,paraphrased,BHXH / Trợ cấp giả,1.0,0.99618642,0.003813579999999983,0.19999999999999996
ViSmish_03765,1,1,0.9996146,True,1.0,paraphrased,BHXH / Trợ cấp giả,1.0,0.9961484,0.003851599999999955,0.19999999999999996
ViSmish_03767,1,1,0.99962723,True,1.0,paraphrased,Tuyển dụng giả,1.0,0.996210908,0.003789091999999994,0.19999999999999996
ViSmish_03769,1,1,0.9996136,True,1.0,paraphrased,BHXH / Trợ cấp giả,1.0,0.99614333,0.0038566700000000065,0.19999999999999996
ViSmish_03772,0,0,0.99944943,True,1.0,synthetic,Tin nhắn cá nhân và OTP,1.0,0.004586353599999999,0.9954136464,0.19999999999999996
ViSmish_03773,1,1,0.9996216,True,1.0,paraphrased,Giả mạo ngân hàng,1.0,0.99618349,0.0038165100000000507,0.19999999999999996
ViSmish_03774,0,0,0.999371,True,1.0,external_curated,P2P hard negative,1.0,0.004894892399999999,0.9951051076,0.19999999999999996
ViSmish_03777,0,0,0.9994548,True,1.0,real,Khác,1.0,0.004564505999999999,0.995435494,0.19999999999999996
ViSmish_03782,1,1,0.99961674,True,1.0,paraphrased,Dịch vụ công giả,1.0,0.996159088,0.0038409120000000296,0.19999999999999996
ViSmish_03783,0,0,0.9993487,True,1.0,external_curated,P2P hard negative,1.0,0.004978592599999999,0.9950214074,0.19999999999999996
ViSmish_03785,0,0,0.99944,True,1.0,real,Khác,1.0,0.004624721799999999,0.9953752782,0.19999999999999996
ViSmish_03786,1,1,0.99962556,True,1.0,paraphrased,BHXH / Trợ cấp giả,1.0,0.99620286,0.0037971399999999766,0.19999999999999996
ViSmish_03788,1,1,0.9996227,True,1.0,paraphrased,BHXH / Trợ cấp giả,1.0,0.9961886520000001,0.0038113479999999367,0.19999999999999996
ViSmish_03789,0,0,0.9994869,True,1.0,real,Khác,1.0,0.0044307055999999985,0.9955692944,0.19999999999999996
ViSmish_03790,1,1,0.9995609,True,1.0,paraphrased,Giả mạo ngân hàng,1.0,0.9958941800000001,0.004105819999999927,0.19999999999999996
ViSmish_03791,0,0,0.9994454,True,1.0,real,Viễn thông,1.0,0.004602696399999998,0.9953973036,0.19999999999999996
ViSmish_03792,0,0,0.9993531,True,1.0,external_curated,P2P hard negative,1.0,0.0049623589999999995,0.995037641,0.19999999999999996
ViSmish_03793,1,1,0.999629,True,1.0,paraphrased,BHXH / Trợ cấp giả,1.0,0.99621996,0.0037800399999999845,0.19999999999999996
ViSmish_03794,1,1,0.99960905,True,1.0,paraphrased,Dịch vụ công giả,1.0,0.996121228,0.003878771999999975,0.19999999999999996
ViSmish_03795,0,0,0.99925655,True,1.0,synthetic,Ngân hàng thật,1.0,0.0053101899999999985,0.99468981,0.19999999999999996
ViSmish_03796,1,1,0.99961805,True,1.0,paraphrased,Tuyển dụng giả,1.0,0.99616549,0.003834510000000013,0.19999999999999996
ViSmish_03799,0,0,0.9994529,True,1.0,external_real,P2P hội thoại thông thường,1.0,0.004572336399999999,0.9954276636,0.19999999999999996
ViSmish_03801,0,0,0.99944776,True,1.0,real,Khác,1.0,0.004593020399999999,0.9954069796,0.19999999999999996
ViSmish_03802,0,0,0.9994636,True,1.0,real,Viễn thông,1.0,0.004528557599999999,0.9954714424,0.19999999999999996
ViSmish_03803,1,1,0.9996141,True,1.0,paraphrased,Cờ bạc / Betting,1.0,0.9961465199999999,0.0038534800000000757,0.19999999999999996
ViSmish_03807,1,1,0.9996222,True,1.0,paraphrased,Tuyển dụng giả,1.0,0.99618615,0.0038138500000000075,0.19999999999999996
ViSmish_03808,1,1,0.9994925,True,1.0,paraphrased,Đòi nợ / Đe dọa,1.0,0.9955927600000001,0.0044072399999999234,0.19999999999999996
ViSmish_03809,0,0,0.9994785,True,1.0,synthetic,Vận chuyển,1.0,0.0044666872,0.9955333128,0.19999999999999996
ViSmish_03811,0,0,0.9987915,True,1.0,external_real,P2P hội thoại thông thường,1.0,0.006723013599999998,0.9932769864,0.19999999999999996
ViSmish_03812,0,0,0.9994815,True,1.0,synthetic,Vận chuyển,1.0,0.004453779999999999,0.99554622,0.19999999999999996
ViSmish_03813,1,1,0.9996234,True,1.0,paraphrased,Nội dung nhạy cảm,1.0,0.99619214,0.0038078599999999962,0.19999999999999996
ViSmish_03814,0,0,0.99936324,True,1.0,synthetic,Vận chuyển,1.0,0.004924174399999998,0.9950758256,0.19999999999999996
ViSmish_03816,0,0,0.99945444,True,1.0,synthetic,Thương mại điện tử,1.0,0.004565974599999999,0.9954340254,0.19999999999999996
ViSmish_03817,1,1,0.999006,True,1.0,synthetic_hard_positive,Giả mạo ngân hàng,1.0,0.99388422,0.006115780000000015,0.19999999999999996
ViSmish_03818,1,1,0.99961543,True,1.0,paraphrased,Đòi nợ / Đe dọa,1.0,0.99615296,0.0038470400000000238,0.19999999999999996
ViSmish_03819,1,1,0.99961805,True,1.0,paraphrased,Dịch vụ công giả,1.0,0.99616584,0.003834160000000031,0.19999999999999996
ViSmish_03822,0,0,0.99946684,True,1.0,external_curated,P2P hard negative,1.0,0.004515273999999999,0.995484726,0.19999999999999996
ViSmish_03823,0,0,0.9994098,True,1.0,real,Quảng cáo hợp lệ,1.0,0.004744780799999999,0.9952552192,0.19999999999999996
ViSmish_03824,1,1,0.99962425,True,1.0,paraphrased,Giả mạo ngân hàng,1.0,0.99619652,0.0038034799999999702,0.19999999999999996
ViSmish_03826,1,1,0.99954045,True,1.0,paraphrased,Đòi nợ / Đe dọa,1.0,0.9958013800000001,0.004198619999999931,0.19999999999999996
ViSmish_03827,0,0,0.99946624,True,1.0,synthetic,Vận chuyển,1.0,0.004517299999999998,0.9954827,0.19999999999999996
ViSmish_03828,0,0,0.9994667,True,1.0,real,Tin nhắn cá nhân và OTP,1.0,0.004515518199999999,0.9954844818,0.19999999999999996
ViSmish_03829,0,0,0.99915123,True,1.0,external_real,P2P hội thoại thông thường,1.0,0.005664087399999999,0.9943359126,0.19999999999999996
ViSmish_03831,0,0,0.9994659,True,1.0,synthetic,Vận chuyển,1.0,0.004518850599999999,0.9954811494,0.19999999999999996
ViSmish_03836,1,1,0.9995783,True,1.0,paraphrased,Crypto / Đầu tư giả,1.0,0.99597464,0.004025359999999978,0.19999999999999996
ViSmish_03837,1,1,0.99961025,True,1.0,paraphrased,Crypto / Đầu tư giả,1.0,0.9961273079999999,0.0038726920000000664,0.19999999999999996
ViSmish_03838,1,1,0.9995778,True,1.0,paraphrased,Nội dung nhạy cảm,1.0,0.9959726,0.004027400000000014,0.19999999999999996
ViSmish_03839,1,1,0.99957484,True,1.0,paraphrased,Nội dung nhạy cảm,1.0,0.99595872,0.004041280000000036,0.19999999999999996
ViSmish_03842,1,1,0.999613,True,1.0,paraphrased,Cờ bạc / Betting,1.0,0.9961407,0.00385930000000001,0.19999999999999996
ViSmish_03843,0,0,0.9975973,True,1.0,external_curated,P2P hard negative,1.0,0.009356219999999998,0.99064378,0.19999999999999996
ViSmish_03844,0,0,0.9994272,True,1.0,real,Tin nhắn cá nhân và OTP,1.0,0.004676156799999999,0.9953238432,0.19999999999999996
ViSmish_03845,1,1,0.9996082,True,1.0,paraphrased,Tuyển dụng giả,1.0,0.996117008,0.003882991999999974,0.19999999999999996
ViSmish_03847,1,1,0.9995845,True,1.0,paraphrased,Cờ bạc / Betting,1.0,0.99600389,0.003996109999999997,0.19999999999999996
ViSmish_03848,1,1,0.99958545,True,1.0,synthetic_hard_positive,Khác,1.0,0.9960082,0.00399179999999999,0.19999999999999996
ViSmish_03849,0,0,0.9976271,True,1.0,external_curated,P2P hard negative,1.0,0.009300608999999998,0.990699391,0.19999999999999996
ViSmish_03851,1,1,0.9994936,True,1.0,paraphrased,Dịch vụ công giả,1.0,0.9955973,0.004402699999999982,0.19999999999999996
ViSmish_03852,1,1,0.9996119,True,1.0,paraphrased,Tuyển dụng giả,1.0,0.99613548,0.003864520000000038,0.19999999999999996
ViSmish_03854,1,1,0.999622,True,1.0,paraphrased,Giả mạo ngân hàng,1.0,0.9961853,0.0038146999999999487,0.19999999999999996
ViSmish_03855,1,1,0.999622,True,1.0,paraphrased,Giả mạo ngân hàng,1.0,0.99618496,0.0038150399999999918,0.19999999999999996
ViSmish_03857,0,0,0.999445,True,1.0,external_real,P2P hội thoại thông thường,1.0,0.004604281199999999,0.9953957188,0.19999999999999996
ViSmish_03858,1,1,0.9996277,True,1.0,paraphrased,BHXH / Trợ cấp giả,1.0,0.99621364,0.0037863599999999886,0.19999999999999996
ViSmish_03859,0,0,0.999371,True,1.0,real,Viễn thông,1.0,0.004894962999999999,0.995105037,0.19999999999999996
ViSmish_03861,1,1,0.99959224,True,1.0,paraphrased,Crypto / Đầu tư giả,1.0,0.99604054,0.003959460000000026,0.19999999999999996
ViSmish_03862,1,1,0.9995938,True,1.0,real,Cờ bạc / Betting,1.0,0.99604762,0.003952379999999978,0.19999999999999996
ViSmish_03863,1,1,0.9996,True,1.0,paraphrased,Giả mạo ngân hàng,1.0,0.9960777279999999,0.00392227200000006,0.19999999999999996
ViSmish_03864,1,1,0.9996038,True,1.0,paraphrased,Đòi nợ / Đe dọa,1.0,0.996096086,0.0039039140000000083,0.19999999999999996
ViSmish_03866,1,1,0.9995938,True,1.0,paraphrased,Crypto / Đầu tư giả,1.0,0.99604814,0.003951860000000029,0.19999999999999996
ViSmish_03870,1,1,0.9995752,True,1.0,synthetic,Nội dung nhạy cảm,1.0,0.9959602599999999,0.004039740000000069,0.19999999999999996
ViSmish_03874,0,0,0.99934,True,1.0,external_real,P2P hội thoại thông thường,1.0,0.005011057399999999,0.9949889426,0.19999999999999996
ViSmish_03877,0,0,0.99905473,True,1.0,external_real,P2P hội thoại thông thường,1.0,0.005968397199999999,0.9940316028,0.19999999999999996
ViSmish_03879,1,1,0.9995284,True,1.0,paraphrased,Nội dung nhạy cảm,1.0,0.995747948,0.004252052000000006,0.19999999999999996
ViSmish_03880,0,0,0.9992273,True,1.0,external_curated,P2P hard negative,1.0,0.005411200999999999,0.994588799,0.19999999999999996
ViSmish_03882,1,1,0.9996044,True,1.0,paraphrased,Nội dung nhạy cảm,1.0,0.99609892,0.003901080000000001,0.19999999999999996
ViSmish_03883,0,0,0.99945396,True,1.0,synthetic,Dịch vụ y tế,1.0,0.004567897999999999,0.995432102,0.19999999999999996
ViSmish_03886,1,1,0.99945563,True,1.0,synthetic,Dịch vụ công giả,1.0,0.99543879,0.004561209999999982,0.19999999999999996
ViSmish_03887,1,1,0.9995757,True,1.0,synthetic,Tuyển dụng giả,1.0,0.99596234,0.004037660000000054,0.19999999999999996
ViSmish_03888,0,0,0.9994155,True,1.0,external_real,P2P hội thoại thông thường,1.0,0.004722569199999999,0.9952774308,0.19999999999999996
ViSmish_03889,1,1,0.99961346,True,1.0,synthetic,Dịch vụ công giả,1.0,0.9961431000000001,0.003856899999999941,0.19999999999999996
ViSmish_03890,0,0,0.9990784,True,1.0,synthetic,Quảng cáo hợp lệ,1.0,0.005895125999999999,0.994104874,0.19999999999999996
ViSmish_03891,0,0,0.99942553,True,1.0,external_real,P2P hội thoại thông thường,1.0,0.004682750999999999,0.995317249,0.19999999999999996
ViSmish_03893,0,0,0.99848336,True,1.0,real,Khác,1.0,0.007502463999999999,0.992497536,0.19999999999999996
ViSmish_03894,0,0,0.9994685,True,1.0,real,Viễn thông,1.0,0.004508044999999999,0.995491955,0.19999999999999996
ViSmish_03898,0,0,0.9993124,True,1.0,real,Viễn thông,1.0,0.005112284399999999,0.9948877156,0.19999999999999996
ViSmish_03899,1,1,0.99924976,True,1.0,synthetic,Nội dung nhạy cảm,1.0,0.994666206,0.005333794000000003,0.19999999999999996
ViSmish_03900,1,1,0.9994504,True,1.0,synthetic,Nội dung nhạy cảm,1.0,0.99541722,0.0045827800000000085,0.19999999999999996
ViSmish_03901,0,0,0.9992768,True,1.0,synthetic,Ngân hàng thật,1.0,0.005239597999999999,0.994760402,0.19999999999999996
ViSmish_03902,1,1,0.9995376,True,1.0,paraphrased,Giả mạo ngân hàng,1.0,0.995788788,0.004211211999999964,0.19999999999999996
ViSmish_03903,1,1,0.99961084,True,1.0,paraphrased,Cờ bạc / Betting,1.0,0.996130168,0.0038698320000000175,0.19999999999999996
ViSmish_03904,1,1,0.99953604,True,1.0,synthetic_hard_positive,Tuyển dụng giả,1.0,0.995781708,0.004218292000000012,0.19999999999999996
ViSmish_03906,1,1,0.999616,True,1.0,paraphrased,Nội dung nhạy cảm,1.0,0.9961555719999999,0.0038444280000000663,0.19999999999999996
ViSmish_03907,1,1,0.99961096,True,1.0,paraphrased,BHXH / Trợ cấp giả,1.0,0.99613058,0.0038694200000000123,0.19999999999999996
ViSmish_03908,1,1,0.999564,True,1.0,paraphrased,Crypto / Đầu tư giả,1.0,0.99590864,0.004091359999999988,0.19999999999999996
ViSmish_03909,1,0,0.99932015,False,0.3,real,Giả mạo ngân hàng,0.0,1.0,0.0,0.0
ViSmish_03910,0,0,0.99946433,True,1.0,synthetic,Viễn thông,1.0,0.0045253123999999985,0.9954746876,0.19999999999999996
ViSmish_03912,0,0,0.9994517,True,1.0,real,Viễn thông,1.0,0.004577221399999999,0.9954227786,0.19999999999999996
ViSmish_03913,0,0,0.9994368,True,1.0,synthetic,Ngân hàng thật,1.0,0.004637479399999998,0.9953625206,0.19999999999999996
ViSmish_03914,1,1,0.99960846,True,1.0,paraphrased,Tuyển dụng giả,1.0,0.996118366,0.003881633999999967,0.19999999999999996
ViSmish_03915,0,0,0.9994086,True,1.0,real,Viễn thông,1.0,0.004749644599999998,0.9952503554,0.19999999999999996
ViSmish_03916,0,0,0.9994487,True,1.0,real,Viễn thông,1.0,0.004589388599999999,0.9954106114,0.19999999999999996
ViSmish_03917,1,1,0.9994766,True,1.0,paraphrased,Đòi nợ / Đe dọa,1.0,0.995525754,0.004474246000000015,0.19999999999999996
ViSmish_03918,1,1,0.99950457,True,1.0,synthetic_hard_positive,Tuyển dụng giả,1.0,0.995644426,0.004355573999999973,0.19999999999999996
ViSmish_03920,0,0,0.999479,True,1.0,synthetic,Thương mại điện tử,1.0,0.004464358399999999,0.9955356416,0.19999999999999996
ViSmish_03922,1,1,0.99954295,True,1.0,synthetic_hard_positive,Khác,1.0,0.995812488,0.004187512000000004,0.19999999999999996
ViSmish_03923,0,0,0.99927384,True,1.0,synthetic,Thương mại điện tử,1.0,0.005249798599999999,0.9947502014,0.19999999999999996
ViSmish_03924,1,1,0.99960786,True,1.0,paraphrased,Crypto / Đầu tư giả,1.0,0.99611556,0.003884439999999989,0.19999999999999996
ViSmish_03925,0,0,0.9994691,True,1.0,real,Viễn thông,1.0,0.004505937599999999,0.9954940624,0.19999999999999996
ViSmish_03926,1,1,0.9995437,True,1.0,synthetic,Đòi nợ / Đe dọa,1.0,0.995816172,0.004183827999999945,0.19999999999999996
ViSmish_03928,1,1,0.9995952,True,1.0,synthetic,BHXH / Trợ cấp giả,1.0,0.996054768,0.003945231999999965,0.19999999999999996
ViSmish_03930,1,1,0.9996051,True,1.0,paraphrased,Đòi nợ / Đe dọa,1.0,0.9961024279999999,0.0038975720000000713,0.19999999999999996
ViSmish_03932,1,1,0.9995609,True,1.0,synthetic,Giả mạo ngân hàng,1.0,0.9958940000000001,0.004105999999999943,0.19999999999999996
ViSmish_03933,0,0,0.9994597,True,1.0,external_real,P2P hội thoại thông thường,1.0,0.004544693199999999,0.9954553068,0.19999999999999996
ViSmish_03935,1,1,0.9996061,True,1.0,paraphrased,Giả mạo ngân hàng,1.0,0.996106946,0.0038930539999999514,0.19999999999999996
ViSmish_03936,0,0,0.9994369,True,1.0,synthetic,Dịch vụ công thật,1.0,0.004636985999999999,0.995363014,0.19999999999999996
ViSmish_03938,1,1,0.99961156,True,1.0,synthetic,BHXH / Trợ cấp giả,1.0,0.9961335,0.003866499999999995,0.19999999999999996
ViSmish_03939,1,1,0.9996257,True,1.0,paraphrased,Tuyển dụng giả,1.0,0.99620359,0.0037964099999999723,0.19999999999999996
ViSmish_03940,1,1,0.99956506,True,1.0,synthetic_hard_positive,Khác,1.0,0.9959132079999999,0.004086792000000061,0.19999999999999996
ViSmish_03941,1,1,0.9996244,True,1.0,paraphrased,Tuyển dụng giả,1.0,0.9961968,0.0038032000000000066,0.19999999999999996
ViSmish_03942,1,1,0.99950826,True,1.0,paraphrased,Tuyển dụng giả,1.0,0.99566015,0.004339850000000034,0.19999999999999996
ViSmish_03943,1,1,0.99958795,True,1.0,paraphrased,Cờ bạc / Betting,1.0,0.99602015,0.003979850000000007,0.19999999999999996
ViSmish_03944,0,0,0.9994671,True,1.0,real,Khác,1.0,0.004514146199999999,0.9954858538,0.19999999999999996
ViSmish_03946,0,0,0.99941564,True,1.0,external_curated,P2P hard negative,1.0,0.004721822999999999,0.995278177,0.19999999999999996
ViSmish_03949,1,1,0.99952054,True,1.0,synthetic_hard_positive,Tuyển dụng giả,1.0,0.99571358,0.004286420000000013,0.19999999999999996
ViSmish_03950,1,1,0.99955815,True,1.0,paraphrased,Nội dung nhạy cảm,1.0,0.99588186,0.004118139999999992,0.19999999999999996
ViSmish_03952,1,1,0.9995461,True,1.0,paraphrased,Nội dung nhạy cảm,1.0,0.9958269399999999,0.004173060000000062,0.19999999999999996
ViSmish_03953,0,0,0.99940324,True,1.0,real,Viễn thông,1.0,0.004770746399999999,0.9952292536,0.19999999999999996
ViSmish_03955,1,1,0.9996178,True,1.0,paraphrased,Dịch vụ công giả,1.0,0.99616425,0.0038357500000000266,0.19999999999999996
ViSmish_03956,0,0,0.999468,True,1.0,synthetic,Thương mại điện tử,1.0,0.004510103999999999,0.995489896,0.19999999999999996
ViSmish_03957,1,1,0.9996203,True,1.0,paraphrased,Giả mạo ngân hàng,1.0,0.99617684,0.0038231600000000476,0.19999999999999996
ViSmish_03958,1,1,0.99959284,True,1.0,paraphrased,Giả mạo ngân hàng,1.0,0.9960435599999999,0.003956440000000061,0.19999999999999996
ViSmish_03960,1,1,0.99955004,True,1.0,paraphrased,Đòi nợ / Đe dọa,1.0,0.995844626,0.0041553739999999895,0.19999999999999996
ViSmish_03964,0,0,0.99947435,True,1.0,synthetic,Tin nhắn cá nhân và OTP,1.0,0.004483929999999999,0.99551607,0.19999999999999996
ViSmish_03965,1,1,0.99958354,True,1.0,paraphrased,Crypto / Đầu tư giả,1.0,0.99599924,0.004000760000000048,0.19999999999999996
ViSmish_03970,0,0,0.99947387,True,1.0,real,Viễn thông,1.0,0.004485727399999999,0.9955142726,0.19999999999999996
ViSmish_03971,1,1,0.9996226,True,1.0,paraphrased,BHXH / Trợ cấp giả,1.0,0.9961880080000001,0.0038119919999999308,0.19999999999999996
ViSmish_03972,0,0,0.99948335,True,1.0,synthetic,Vận chuyển,1.0,0.004445981599999999,0.9955540184,0.19999999999999996
ViSmish_03973,1,1,0.99962616,True,1.0,paraphrased,BHXH / Trợ cấp giả,1.0,0.996205652,0.003794348000000003,0.19999999999999996
ViSmish_03976,0,0,0.99945015,True,1.0,synthetic,Quảng cáo hợp lệ,1.0,0.004583337599999999,0.9954166624,0.19999999999999996
ViSmish_03978,0,0,0.9994754,True,1.0,synthetic,Viễn thông,1.0,0.004479546399999999,0.9955204536,0.19999999999999996
ViSmish_03980,1,1,0.9996063,True,1.0,paraphrased,Crypto / Đầu tư giả,1.0,0.99610798,0.003892019999999996,0.19999999999999996
ViSmish_03981,1,1,0.9995017,True,1.0,paraphrased,Đòi nợ / Đe dọa,1.0,0.99563202,0.004367980000000049,0.19999999999999996
ViSmish_03982,1,1,0.9996068,True,1.0,paraphrased,Đòi nợ / Đe dọa,1.0,0.99611057,0.0038894299999999715,0.19999999999999996
ViSmish_03984,0,0,0.9993698,True,1.0,real,Viễn thông,1.0,0.004899272599999999,0.9951007274,0.19999999999999996
ViSmish_03985,0,0,0.99871695,True,1.0,external_curated,P2P hard negative,1.0,0.006920609599999998,0.9930793904,0.19999999999999996
ViSmish_03986,0,0,0.99948114,True,1.0,real,Viễn thông,1.0,0.004455350399999999,0.9955446496,0.19999999999999996
ViSmish_03988,0,0,0.9994023,True,1.0,external_curated,P2P hard negative,1.0,0.004774509399999999,0.9952254906,0.19999999999999996
ViSmish_03989,1,1,0.9996038,True,1.0,paraphrased,Cờ bạc / Betting,1.0,0.99609567,0.0039043300000000114,0.19999999999999996
ViSmish_03990,1,1,0.99961,True,1.0,paraphrased,Crypto / Đầu tư giả,1.0,0.99612614,0.0038738600000000067,0.19999999999999996
ViSmish_03991,0,0,0.9991431,True,1.0,real,Viễn thông,1.0,0.005690317999999999,0.994309682,0.19999999999999996
ViSmish_03992,1,1,0.99961877,True,1.0,paraphrased,BHXH / Trợ cấp giả,1.0,0.99616927,0.0038307300000000044,0.19999999999999996
ViSmish_03994,1,1,0.9996055,True,1.0,paraphrased,Cờ bạc / Betting,1.0,0.9961040139999999,0.0038959860000000734,0.19999999999999996
ViSmish_03995,0,0,0.999406,True,1.0,external_curated,P2P hard negative,1.0,0.0047597075999999995,0.9952402924,0.19999999999999996
ViSmish_03997,0,0,0.9993274,True,1.0,synthetic,Dịch vụ công thật,1.0,0.005057252599999999,0.9949427474,0.19999999999999996
ViSmish_03998,1,1,0.99924964,True,1.0,paraphrased,Nội dung nhạy cảm,1.0,0.9946657,0.005334300000000014,0.19999999999999996
ViSmish_04000,1,1,0.99955064,True,1.0,paraphrased,Nội dung nhạy cảm,1.0,0.99584764,0.004152359999999966,0.19999999999999996
ViSmish_04001,0,0,0.99948007,True,1.0,real,Khác,1.0,0.004460023399999999,0.9955399766,0.19999999999999996
ViSmish_04003,0,0,0.9994721,True,1.0,synthetic,Dịch vụ y tế,1.0,0.004493435399999999,0.9955065646,0.19999999999999996
ViSmish_04004,0,0,0.99901974,True,1.0,external_curated,P2P hard negative,1.0,0.006074607999999999,0.993925392,0.19999999999999996
ViSmish_04007,0,0,0.9994804,True,1.0,synthetic,Viễn thông,1.0,0.004458648799999999,0.9955413512,0.19999999999999996
ViSmish_04008,0,0,0.99942136,True,1.0,external_curated,P2P hard negative,1.0,0.004699409799999998,0.9953005902000001,0.19999999999999996
ViSmish_04009,0,0,0.99937916,True,1.0,synthetic,Quảng cáo hợp lệ,1.0,0.0048635321999999995,0.9951364678,0.19999999999999996
ViSmish_04011,0,0,0.99948114,True,1.0,synthetic,Thương mại điện tử,1.0,0.004455431599999999,0.9955445684,0.19999999999999996
ViSmish_04012,1,1,0.99961805,True,1.0,paraphrased,BHXH / Trợ cấp giả,1.0,0.996165848,0.003834152000000035,0.19999999999999996
ViSmish_04013,1,1,0.999587,True,1.0,paraphrased,Nội dung nhạy cảm,1.0,0.9960159,0.003984100000000046,0.19999999999999996
ViSmish_04014,0,0,0.99947196,True,1.0,synthetic,Dịch vụ y tế,1.0,0.0044938109999999995,0.995506189,0.19999999999999996
ViSmish_04015,0,0,0.9993356,True,1.0,external_curated,P2P hard negative,1.0,0.005027114599999999,0.9949728854,0.19999999999999996
ViSmish_04016,0,0,0.9993864,True,1.0,synthetic,Tin nhắn cá nhân và OTP,1.0,0.004835755999999999,0.995164244,0.19999999999999996
ViSmish_04017,1,1,0.9996087,True,1.0,paraphrased,Tuyển dụng giả,1.0,0.99611942,0.0038805800000000223,0.19999999999999996
ViSmish_04018,0,0,0.99898547,True,1.0,real,Dịch vụ công thật,1.0,0.006176540999999999,0.993823459,0.19999999999999996
ViSmish_04019,1,1,0.9996257,True,1.0,paraphrased,BHXH / Trợ cấp giả,1.0,0.99620346,0.0037965399999999594,0.19999999999999996
ViSmish_04021,0,0,0.999371,True,1.0,synthetic,Dịch vụ y tế,1.0,0.004895085999999999,0.995104914,0.19999999999999996
ViSmish_04022,0,0,0.99925023,True,1.0,real,Ngân hàng thật,1.0,0.0053323569999999985,0.994667643,0.19999999999999996
ViSmish_04023,0,0,0.9994351,True,1.0,synthetic,Viễn thông,1.0,0.004644376799999999,0.9953556232,0.19999999999999996
ViSmish_04024,1,1,0.99958843,True,1.0,paraphrased,Crypto / Đầu tư giả,1.0,0.9960222400000001,0.003977759999999941,0.19999999999999996
ViSmish_04025,1,1,0.9994628,True,1.0,synthetic_hard_positive,Đòi nợ / Đe dọa,1.0,0.99546796,0.0045320399999999594,0.19999999999999996
ViSmish_04026,0,0,0.99947613,True,1.0,synthetic,Thương mại điện tử,1.0,0.004476467999999999,0.995523532,0.19999999999999996
ViSmish_04027,0,0,0.9993711,True,1.0,real,Viễn thông,1.0,0.004894477999999999,0.995105522,0.19999999999999996
ViSmish_04028,0,0,0.9994766,True,1.0,external_curated,P2P hard negative,1.0,0.004474256599999999,0.9955257434,0.19999999999999996
ViSmish_04030,1,1,0.9995777,True,1.0,paraphrased,Dịch vụ công giả,1.0,0.995971752,0.004028248000000012,0.19999999999999996
ViSmish_04031,0,0,0.9993747,True,1.0,synthetic,Viễn thông,1.0,0.004880857399999999,0.9951191426,0.19999999999999996
ViSmish_04032,0,0,0.99711335,True,1.0,real,Dịch vụ công thật,1.0,0.010211559399999999,0.9897884406,0.19999999999999996
ViSmish_04035,0,0,0.9991571,True,1.0,synthetic,Quảng cáo hợp lệ,1.0,0.005645284399999999,0.9943547156,0.19999999999999996
ViSmish_04036,0,0,0.999423,True,1.0,synthetic,Ngân hàng thật,1.0,0.004692643999999999,0.995307356,0.19999999999999996
ViSmish_04038,1,1,0.99962664,True,1.0,paraphrased,BHXH / Trợ cấp giả,1.0,0.99620836,0.003791639999999985,0.19999999999999996
ViSmish_04040,1,1,0.999602,True,1.0,paraphrased,Crypto / Đầu tư giả,1.0,0.996087552,0.003912448000000013,0.19999999999999996
ViSmish_04041,1,1,0.9995517,True,1.0,paraphrased,Giả mạo ngân hàng,1.0,0.9958526,0.004147400000000023,0.19999999999999996
ViSmish_04045,1,1,0.9996024,True,1.0,paraphrased,Giả mạo ngân hàng,1.0,0.996088886,0.003911113999999993,0.19999999999999996
ViSmish_04046,1,1,0.9994709,True,1.0,synthetic_hard_positive,Dịch vụ công giả,1.0,0.99550166,0.004498340000000045,0.19999999999999996
ViSmish_04048,1,1,0.9996264,True,1.0,paraphrased,BHXH / Trợ cấp giả,1.0,0.996207106,0.0037928940000000466,0.19999999999999996
ViSmish_04050,1,1,0.99955255,True,1.0,paraphrased,Cờ bạc / Betting,1.0,0.995856332,0.004143667999999989,0.19999999999999996
ViSmish_04051,1,1,0.9995316,True,1.0,paraphrased,Crypto / Đầu tư giả,1.0,0.995762492,0.004237508000000001,0.19999999999999996
ViSmish_04052,0,0,0.99943846,True,1.0,real,Viễn thông,1.0,0.004631026799999999,0.9953689732,0.19999999999999996
ViSmish_04053,0,0,0.9994666,True,1.0,synthetic,Vận chuyển,1.0,0.004516216799999999,0.9954837832,0.19999999999999996
ViSmish_04054,0,0,0.9992685,True,1.0,external_real,P2P hội thoại thông thường,1.0,0.005268704599999999,0.9947312954,0.19999999999999996
ViSmish_04056,0,0,0.9994012,True,1.0,external_real,P2P hội thoại thông thường,1.0,0.0047786645999999995,0.9952213354,0.19999999999999996
ViSmish_04058,1,1,0.99960965,True,1.0,paraphrased,Nội dung nhạy cảm,1.0,0.99612428,0.003875720000000027,0.19999999999999996
ViSmish_04059,0,0,0.9994616,True,1.0,synthetic,Dịch vụ công thật,1.0,0.004536637,0.995463363,0.19999999999999996
ViSmish_04060,0,0,0.99943346,True,1.0,synthetic,Dịch vụ y tế,1.0,0.004650822999999998,0.995349177,0.19999999999999996
ViSmish_04061,1,1,0.9996221,True,1.0,paraphrased,Giả mạo ngân hàng,1.0,0.996185852,0.003814148000000017,0.19999999999999996
ViSmish_04062,1,1,0.9996253,True,1.0,paraphrased,BHXH / Trợ cấp giả,1.0,0.99620134,0.0037986599999999537,0.19999999999999996
ViSmish_04065,1,1,0.99956375,True,1.0,paraphrased,Crypto / Đầu tư giả,1.0,0.995907128,0.00409287199999997,0.19999999999999996
ViSmish_04066,1,1,0.9996208,True,1.0,paraphrased,Nội dung nhạy cảm,1.0,0.9961793,0.00382070000000001,0.19999999999999996
ViSmish_04068,1,1,0.9996151,True,1.0,paraphrased,Crypto / Đầu tư giả,1.0,0.996151174,0.0038488260000000274,0.19999999999999996
ViSmish_04069,0,0,0.99892247,True,1.0,real,Dịch vụ công thật,1.0,0.006359757399999999,0.9936402426,0.19999999999999996
ViSmish_04071,1,1,0.999524,True,1.0,synthetic_hard_positive,Giả mạo ngân hàng,1.0,0.9957286000000001,0.004271399999999925,0.19999999999999996
ViSmish_04074,1,1,0.99961346,True,1.0,paraphrased,Tuyển dụng giả,1.0,0.99614262,0.0038573800000000213,0.19999999999999996
ViSmish_04076,1,1,0.99957615,True,1.0,real,Khác,1.0,0.9959649079999999,0.004035092000000073,0.19999999999999996
ViSmish_04077,1,1,0.99954623,True,1.0,paraphrased,Crypto / Đầu tư giả,1.0,0.99582771,0.004172289999999967,0.19999999999999996
ViSmish_04080,0,0,0.99947816,True,1.0,synthetic,Dịch vụ y tế,1.0,0.004467734599999999,0.9955322654,0.19999999999999996
ViSmish_04081,1,1,0.99953365,True,1.0,synthetic_hard_positive,Khác,1.0,0.9957710200000001,0.004228979999999938,0.19999999999999996
ViSmish_04084,0,0,0.99932086,True,1.0,real,Viễn thông,1.0,0.005081388799999999,0.9949186112,0.19999999999999996
ViSmish_04085,1,1,0.9996195,True,1.0,paraphrased,Tuyển dụng giả,1.0,0.9961725,0.0038274999999999837,0.19999999999999996
ViSmish_04087,1,1,0.99963176,True,1.0,paraphrased,BHXH / Trợ cấp giả,1.0,0.996233774,0.0037662259999999836,0.19999999999999996
ViSmish_04089,1,1,0.99961394,True,1.0,paraphrased,Cờ bạc / Betting,1.0,0.99614512,0.003854880000000005,0.19999999999999996
ViSmish_04090,0,0,0.99946874,True,1.0,real,Khác,1.0,0.004507136399999999,0.9954928636,0.19999999999999996
ViSmish_04091,1,1,0.99961084,True,1.0,paraphrased,Cờ bạc / Betting,1.0,0.99612987,0.003870130000000027,0.19999999999999996
ViSmish_04092,1,1,0.9995602,True,1.0,synthetic_hard_positive,Khác,1.0,0.99589119,0.004108809999999963,0.19999999999999996
ViSmish_04093,0,0,0.9993007,True,1.0,synthetic,Viễn thông,1.0,0.005154269599999999,0.9948457304,0.19999999999999996
ViSmish_04094,1,1,0.9989166,True,1.0,paraphrased,Tuyển dụng giả,1.0,0.993623328,0.006376672000000028,0.19999999999999996
ViSmish_04095,0,0,0.99947125,True,1.0,real,Viễn thông,1.0,0.0044968866,0.9955031134,0.19999999999999996
ViSmish_04098,1,1,0.9995995,True,1.0,paraphrased,Đòi nợ / Đe dọa,1.0,0.9960753,0.003924700000000003,0.19999999999999996
ViSmish_04099,0,0,0.99947065,True,1.0,synthetic,Dịch vụ công thật,1.0,0.004499509599999999,0.9955004904,0.19999999999999996
ViSmish_04102,0,0,0.99923706,True,1.0,real,Dịch vụ công thật,1.0,0.005377720199999999,0.9946222798,0.19999999999999996
ViSmish_04103,1,1,0.99955195,True,1.0,paraphrased,Đòi nợ / Đe dọa,1.0,0.99585362,0.004146380000000005,0.19999999999999996
ViSmish_04104,0,0,0.99920386,True,1.0,real,Viễn thông,1.0,0.005490701599999999,0.9945092984,0.19999999999999996
ViSmish_04105,0,0,0.9993789,True,1.0,real,Viễn thông,1.0,0.004864403999999999,0.995135596,0.19999999999999996
ViSmish_04106,1,1,0.9996141,True,1.0,paraphrased,Cờ bạc / Betting,1.0,0.996146548,0.0038534519999999794,0.19999999999999996
ViSmish_04108,0,0,0.9994518,True,1.0,synthetic,Quảng cáo hợp lệ,1.0,0.004576722999999999,0.995423277,0.19999999999999996
ViSmish_04109,1,1,0.99961984,True,1.0,paraphrased,BHXH / Trợ cấp giả,1.0,0.9961742,0.0038257999999999903,0.19999999999999996
ViSmish_04110,0,0,0.99930906,True,1.0,synthetic,Quảng cáo hợp lệ,1.0,0.005124305999999999,0.994875694,0.19999999999999996
ViSmish_04111,1,1,0.9995988,True,1.0,paraphrased,Nội dung nhạy cảm,1.0,0.99607172,0.003928280000000006,0.19999999999999996
ViSmish_04112,0,0,0.99926513,True,1.0,synthetic,Thương mại điện tử,1.0,0.005280456599999999,0.9947195434,0.19999999999999996
ViSmish_04113,1,1,0.99957806,True,1.0,paraphrased,Nội dung nhạy cảm,1.0,0.99597332,0.004026679999999949,0.19999999999999996
ViSmish_04114,1,1,0.99952483,True,1.0,paraphrased,Cờ bạc / Betting,1.0,0.99573212,0.004267880000000002,0.19999999999999996
ViSmish_04115,1,1,0.9996208,True,1.0,paraphrased,Dịch vụ công giả,1.0,0.99617934,0.0038206600000000313,0.19999999999999996
ViSmish_04116,1,1,0.9996239,True,1.0,paraphrased,Dịch vụ công giả,1.0,0.99619466,0.0038053399999999904,0.19999999999999996
ViSmish_04117,1,1,0.9996294,True,1.0,paraphrased,BHXH / Trợ cấp giả,1.0,0.996221948,0.0037780520000000317,0.19999999999999996
ViSmish_04118,0,0,0.999435,True,1.0,synthetic,Dịch vụ công thật,1.0,0.004644811599999999,0.9953551884,0.19999999999999996
ViSmish_04120,0,0,0.9994665,True,1.0,synthetic,Tin nhắn cá nhân và OTP,1.0,0.0045163109999999985,0.995483689,0.19999999999999996
ViSmish_04125,0,0,0.9993611,True,1.0,external_real,P2P hội thoại thông thường,1.0,0.004932297999999999,0.995067702,0.19999999999999996
ViSmish_04126,0,0,0.9994966,True,1.0,synthetic,Thương mại điện tử,1.0,0.004389992399999999,0.9956100076,0.19999999999999996
ViSmish_04129,0,0,0.99924845,True,1.0,external_real,P2P hội thoại thông thường,1.0,0.005338413999999999,0.994661586,0.19999999999999996
ViSmish_04130,0,0,0.99947613,True,1.0,synthetic,Vận chuyển,1.0,0.004476335599999999,0.9955236644,0.19999999999999996
ViSmish_04131,1,1,0.9996019,True,1.0,paraphrased,Nội dung nhạy cảm,1.0,0.99608678,0.0039132200000000505,0.19999999999999996
ViSmish_04132,0,0,0.9994246,True,1.0,synthetic,Dịch vụ công thật,1.0,0.0046864844,0.9953135156,0.19999999999999996
ViSmish_04134,1,1,0.99961567,True,1.0,paraphrased,Tuyển dụng giả,1.0,0.99615422,0.003845780000000021,0.19999999999999996
ViSmish_04135,1,1,0.9995447,True,1.0,synthetic_hard_positive,Crypto / Đầu tư giả,1.0,0.995820808,0.004179192000000054,0.19999999999999996
ViSmish_04137,1,1,0.999572,True,1.0,synthetic_hard_positive,Khác,1.0,0.99594518,0.0040548200000000145,0.19999999999999996
ViSmish_04139,0,0,0.99946517,True,1.0,synthetic,Dịch vụ y tế,1.0,0.004522046799999999,0.9954779532,0.19999999999999996
ViSmish_04140,1,1,0.9996177,True,1.0,paraphrased,Dịch vụ công giả,1.0,0.99616381,0.003836190000000017,0.19999999999999996
ViSmish_04143,1,1,0.999624,True,1.0,paraphrased,BHXH / Trợ cấp giả,1.0,0.99619512,0.0038048800000000105,0.19999999999999996
ViSmish_04146,1,1,0.9995881,True,1.0,paraphrased,Crypto / Đầu tư giả,1.0,0.99602064,0.003979359999999987,0.19999999999999996
ViSmish_04147,0,0,0.9994753,True,1.0,synthetic,Thương mại điện tử,1.0,0.004479908199999999,0.9955200918,0.19999999999999996
ViSmish_04148,0,0,0.9994405,True,1.0,real,Ngân hàng thật,1.0,0.004622831199999999,0.9953771688,0.19999999999999996
ViSmish_04150,0,0,0.9994704,True,1.0,real,Viễn thông,1.0,0.004500335999999999,0.995499664,0.19999999999999996
ViSmish_04152,0,0,0.99944323,True,1.0,real,Tin nhắn cá nhân và OTP,1.0,0.0046114059999999985,0.995388594,0.19999999999999996
ViSmish_04153,0,0,0.9992217,True,1.0,external_real,P2P hội thoại thông thường,1.0,0.005430391799999999,0.9945696082,0.19999999999999996
ViSmish_04154,0,0,0.9994072,True,1.0,real,Quảng cáo hợp lệ,1.0,0.004755438399999999,0.9952445616,0.19999999999999996
ViSmish_04156,1,1,0.99949145,True,1.0,synthetic_hard_positive,Dịch vụ công giả,1.0,0.99558846,0.004411539999999992,0.19999999999999996
ViSmish_04157,1,1,0.9993587,True,1.0,paraphrased,Crypto / Đầu tư giả,1.0,0.995058846,0.004941153999999948,0.19999999999999996
ViSmish_04158,1,1,0.99958533,True,1.0,paraphrased,Crypto / Đầu tư giả,1.0,0.99600758,0.0039924199999999965,0.19999999999999996
ViSmish_04159,1,1,0.99959546,True,1.0,paraphrased,Nội dung nhạy cảm,1.0,0.99605577,0.003944229999999993,0.19999999999999996
ViSmish_04162,1,1,0.99954623,True,1.0,paraphrased,Crypto / Đầu tư giả,1.0,0.99582794,0.004172060000000033,0.19999999999999996
ViSmish_04163,1,1,0.9996111,True,1.0,paraphrased,Nội dung nhạy cảm,1.0,0.99613111,0.0038688900000000137,0.19999999999999996
ViSmish_04166,0,0,0.9991872,True,1.0,synthetic,Ngân hàng thật,1.0,0.005546157799999999,0.9944538422,0.19999999999999996
ViSmish_04167,0,0,0.9994455,True,1.0,synthetic,Dịch vụ y tế,1.0,0.0046022493999999985,0.9953977506,0.19999999999999996
ViSmish_04168,1,1,0.99961793,True,1.0,paraphrased,Nội dung nhạy cảm,1.0,0.9961653,0.0038346999999999687,0.19999999999999996
ViSmish_04169,1,1,0.99961877,True,1.0,paraphrased,Tuyển dụng giả,1.0,0.9961692200000001,0.0038307799999999226,0.19999999999999996
ViSmish_04170,0,0,0.99944407,True,1.0,synthetic,Tin nhắn cá nhân và OTP,1.0,0.004608240799999999,0.9953917592,0.19999999999999996
ViSmish_04171,0,0,0.9984066,True,1.0,external_curated,P2P hard negative,1.0,0.007683014799999999,0.9923169852,0.19999999999999996
ViSmish_04172,1,1,0.99954337,True,1.0,paraphrased,Crypto / Đầu tư giả,1.0,0.99581478,0.0041852199999999895,0.19999999999999996
ViSmish_04173,0,0,0.99948764,True,1.0,synthetic,Thương mại điện tử,1.0,0.004427807999999998,0.995572192,0.19999999999999996
ViSmish_04174,0,0,0.99945074,True,1.0,synthetic,Thương mại điện tử,1.0,0.004580904999999999,0.995419095,0.19999999999999996
ViSmish_04175,0,0,0.9994711,True,1.0,real,Viễn thông,1.0,0.004497075999999999,0.995502924,0.19999999999999996
ViSmish_04176,0,0,0.9994728,True,1.0,real,Khác,1.0,0.004490440999999999,0.995509559,0.19999999999999996
ViSmish_04178,0,0,0.99939346,True,1.0,real,Viễn thông,1.0,0.004808745199999999,0.9951912548,0.19999999999999996
ViSmish_04179,1,1,0.99948883,True,1.0,paraphrased,Crypto / Đầu tư giả,1.0,0.99557714,0.0044228600000000284,0.19999999999999996
ViSmish_04181,0,0,0.9993844,True,1.0,real,Viễn thông,1.0,0.004843419799999998,0.9951565802,0.19999999999999996
ViSmish_04183,1,1,0.99962425,True,1.0,paraphrased,BHXH / Trợ cấp giả,1.0,0.99619632,0.003803679999999976,0.19999999999999996
ViSmish_04184,0,0,0.99945635,True,1.0,synthetic,Tin nhắn cá nhân và OTP,1.0,0.004558088999999999,0.995441911,0.19999999999999996
ViSmish_04185,1,1,0.99962735,True,1.0,paraphrased,Tuyển dụng giả,1.0,0.99621185,0.00378814999999999,0.19999999999999996
ViSmish_04186,0,0,0.999461,True,1.0,real,Viễn thông,1.0,0.004539389199999999,0.9954606108,0.19999999999999996
ViSmish_04187,0,0,0.99873155,True,1.0,synthetic,Quảng cáo hợp lệ,1.0,0.0068823359999999984,0.993117664,0.19999999999999996
ViSmish_04188,1,1,0.99961805,True,1.0,paraphrased,Tuyển dụng giả,1.0,0.99616549,0.003834510000000013,0.19999999999999996
ViSmish_04189,1,1,0.99961543,True,1.0,paraphrased,Nội dung nhạy cảm,1.0,0.99615298,0.0038470200000000343,0.19999999999999996
ViSmish_04190,1,1,0.99961406,True,1.0,paraphrased,Tuyển dụng giả,1.0,0.99614574,0.0038542599999999982,0.19999999999999996
ViSmish_04191,0,0,0.9994849,True,1.0,synthetic,Vận chuyển,1.0,0.004439270399999999,0.9955607296,0.19999999999999996
ViSmish_04192,0,0,0.9994086,True,1.0,real,Viễn thông,1.0,0.004749588199999999,0.9952504118,0.19999999999999996
ViSmish_04193,1,1,0.99961877,True,1.0,paraphrased,Tuyển dụng giả,1.0,0.99616902,0.0038309800000000394,0.19999999999999996
ViSmish_04194,1,1,0.9996166,True,1.0,paraphrased,Đòi nợ / Đe dọa,1.0,0.99615884,0.00384116000000001,0.19999999999999996
ViSmish_04195,1,1,0.99956375,True,1.0,paraphrased,Đòi nợ / Đe dọa,1.0,0.995907128,0.00409287199999997,0.19999999999999996
ViSmish_04197,0,0,0.9994134,True,1.0,synthetic,Tin nhắn cá nhân và OTP,1.0,0.004731010199999999,0.9952689898,0.19999999999999996
ViSmish_04198,1,1,0.99958116,True,1.0,paraphrased,Cờ bạc / Betting,1.0,0.99598819,0.004011809999999949,0.19999999999999996
ViSmish_04199,0,0,0.9994073,True,1.0,real,Quảng cáo hợp lệ,1.0,0.004754710199999999,0.9952452898,0.19999999999999996
ViSmish_04200,1,1,0.9993488,True,1.0,synthetic_hard_positive,Khác,1.0,0.995021748,0.004978252000000016,0.19999999999999996
ViSmish_04201,1,1,0.99954945,True,1.0,paraphrased,Cờ bạc / Betting,1.0,0.99584223,0.0041577699999999496,0.19999999999999996
ViSmish_04202,0,0,0.99944943,True,1.0,synthetic,Ngân hàng thật,1.0,0.004586326399999999,0.9954136736,0.19999999999999996
ViSmish_04204,0,0,0.999443,True,1.0,synthetic,Thương mại điện tử,1.0,0.004612747599999999,0.9953872524,0.19999999999999996
ViSmish_04206,1,1,0.99959856,True,1.0,paraphrased,Giả mạo ngân hàng,1.0,0.99607058,0.003929419999999961,0.19999999999999996
ViSmish_04207,1,1,0.99961865,True,1.0,paraphrased,Dịch vụ công giả,1.0,0.996168674,0.0038313260000000238,0.19999999999999996
ViSmish_04208,0,0,0.9994165,True,1.0,real,Viễn thông,1.0,0.004718801399999999,0.9952811986,0.19999999999999996
ViSmish_04211,1,1,0.99961406,True,1.0,paraphrased,Cờ bạc / Betting,1.0,0.9961457140000001,0.003854285999999929,0.19999999999999996
ViSmish_04215,1,1,0.9996232,True,1.0,paraphrased,Tuyển dụng giả,1.0,0.99619098,0.003809020000000052,0.19999999999999996
ViSmish_04216,0,0,0.99922216,True,1.0,synthetic,Dịch vụ công thật,1.0,0.0054287519999999985,0.994571248,0.19999999999999996
ViSmish_04219,0,0,0.9993358,True,1.0,real,Viễn thông,1.0,0.005026508399999999,0.9949734916,0.19999999999999996
ViSmish_04222,1,1,0.9995653,True,1.0,paraphrased,Cờ bạc / Betting,1.0,0.9959142,0.004085800000000028,0.19999999999999996
ViSmish_04223,0,0,0.9993389,True,1.0,synthetic,Ngân hàng thật,1.0,0.005014811999999999,0.994985188,0.19999999999999996
ViSmish_04224,1,1,0.9995772,True,1.0,paraphrased,Cờ bạc / Betting,1.0,0.99596962,0.00403038,0.19999999999999996
ViSmish_04227,1,1,0.99961,True,1.0,paraphrased,BHXH / Trợ cấp giả,1.0,0.9961257,0.003874299999999997,0.19999999999999996
ViSmish_04228,1,1,0.9995524,True,1.0,paraphrased,Đòi nợ / Đe dọa,1.0,0.995855712,0.004144287999999996,0.19999999999999996
ViSmish_04229,0,0,0.99941456,True,1.0,external_real,P2P hội thoại thông thường,1.0,0.0047263745999999995,0.9952736254,0.19999999999999996
ViSmish_04231,0,0,0.9993585,True,1.0,real,Ngân hàng thật,1.0,0.004942220399999999,0.9950577796,0.19999999999999996
ViSmish_04233,0,0,0.9992865,True,1.0,external_curated,P2P hard negative,1.0,0.005205383199999999,0.9947946168,0.19999999999999996
ViSmish_04236,0,0,0.9994899,True,1.0,synthetic,Ngân hàng thật,1.0,0.004418536199999999,0.9955814638,0.19999999999999996
ViSmish_04237,0,0,0.99932766,True,1.0,real,Khác,1.0,0.0050566397999999985,0.9949433602,0.19999999999999996
ViSmish_04238,1,1,0.9996145,True,1.0,paraphrased,Nội dung nhạy cảm,1.0,0.99614812,0.0038518800000000297,0.19999999999999996
ViSmish_04239,0,0,0.99806434,True,1.0,real,Tin nhắn cá nhân và OTP,1.0,0.008436274599999998,0.9915637254,0.19999999999999996
ViSmish_04240,0,0,0.99939847,True,1.0,synthetic,Dịch vụ công thật,1.0,0.004789066399999999,0.9952109336,0.19999999999999996
ViSmish_04241,1,1,0.99960154,True,1.0,paraphrased,Nội dung nhạy cảm,1.0,0.99608526,0.003914740000000028,0.19999999999999996
ViSmish_04243,1,1,0.99961936,True,1.0,paraphrased,BHXH / Trợ cấp giả,1.0,0.99617214,0.0038278600000000162,0.19999999999999996
ViSmish_04245,0,0,0.9988558,True,1.0,synthetic,Ngân hàng thật,1.0,0.006547503199999999,0.9934524968,0.19999999999999996
ViSmish_04246,0,0,0.9994789,True,1.0,synthetic,Vận chuyển,1.0,0.004464998399999999,0.9955350016,0.19999999999999996
ViSmish_04247,1,1,0.99957305,True,1.0,real,Dịch vụ công giả,1.0,0.99595028,0.004049720000000034,0.19999999999999996
ViSmish_04248,0,0,0.9994646,True,1.0,synthetic,Quảng cáo hợp lệ,1.0,0.004524573399999999,0.9954754266,0.19999999999999996
ViSmish_04249,0,0,0.99889416,True,1.0,external_curated,P2P hard negative,1.0,0.006440213999999998,0.9935597860000001,0.19999999999999996
ViSmish_04250,1,1,0.9996136,True,1.0,paraphrased,Giả mạo ngân hàng,1.0,0.996143448,0.003856552000000013,0.19999999999999996
ViSmish_04251,1,1,0.99960977,True,1.0,paraphrased,Cờ bạc / Betting,1.0,0.99612468,0.0038753200000000154,0.19999999999999996
ViSmish_04254,1,1,0.9994079,True,1.0,paraphrased,Nội dung nhạy cảm,1.0,0.99524756,0.004752439999999969,0.19999999999999996
ViSmish_04255,1,1,0.99954706,True,1.0,paraphrased,Cờ bạc / Betting,1.0,0.99583155,0.00416844999999999,0.19999999999999996
ViSmish_04256,1,1,0.999624,True,1.0,paraphrased,BHXH / Trợ cấp giả,1.0,0.99619492,0.0038050800000000162,0.19999999999999996
ViSmish_04257,0,0,0.9994205,True,1.0,real,Dịch vụ công thật,1.0,0.004702507799999998,0.9952974922,0.19999999999999996
ViSmish_04258,1,1,0.9995708,True,1.0,paraphrased,Đòi nợ / Đe dọa,1.0,0.99593968,0.004060320000000006,0.19999999999999996
ViSmish_04259,0,0,0.99937767,True,1.0,real,Viễn thông,1.0,0.0048693463999999985,0.9951306536,0.19999999999999996
ViSmish_04260,0,0,0.9994822,True,1.0,synthetic,Thương mại điện tử,1.0,0.004451126199999999,0.9955488738,0.19999999999999996
ViSmish_04261,1,1,0.9991793,True,1.0,paraphrased,Crypto / Đầu tư giả,1.0,0.99442792,0.005572079999999979,0.19999999999999996
ViSmish_04263,0,0,0.9994374,True,1.0,synthetic,Tin nhắn cá nhân và OTP,1.0,0.004635159999999999,0.99536484,0.19999999999999996
ViSmish_04265,1,1,0.999619,True,1.0,paraphrased,Tuyển dụng giả,1.0,0.9961700920000001,0.0038299079999999375,0.19999999999999996
ViSmish_04266,0,0,0.99944216,True,1.0,real,Khác,1.0,0.004616035599999999,0.9953839644,0.19999999999999996
ViSmish_04268,0,0,0.999033,True,1.0,external_real,P2P hội thoại thông thường,1.0,0.006034812799999999,0.9939651872,0.19999999999999996
ViSmish_04269,1,1,0.99954647,True,1.0,paraphrased,Crypto / Đầu tư giả,1.0,0.9958289499999999,0.004171050000000065,0.19999999999999996
ViSmish_04270,1,1,0.9995963,True,1.0,paraphrased,Tuyển dụng giả,1.0,0.99605994,0.003940060000000023,0.19999999999999996
ViSmish_04271,0,0,0.9994791,True,1.0,synthetic,Tin nhắn cá nhân và OTP,1.0,0.004463990399999999,0.9955360096,0.19999999999999996
ViSmish_04274,1,1,0.99907744,True,1.0,paraphrased,Giả mạo ngân hàng,1.0,0.994101668,0.005898332000000006,0.19999999999999996
ViSmish_04276,1,1,0.9996191,True,1.0,paraphrased,Dịch vụ công giả,1.0,0.996170974,0.003829026000000013,0.19999999999999996
ViSmish_04277,0,0,0.99939406,True,1.0,external_curated,P2P hard negative,1.0,0.004806404999999999,0.995193595,0.19999999999999996
ViSmish_04278,0,0,0.99946886,True,1.0,real,Khác,1.0,0.004506769799999999,0.9954932302,0.19999999999999996
ViSmish_04280,0,0,0.9994783,True,1.0,synthetic,Tin nhắn cá nhân và OTP,1.0,0.0044672537999999986,0.9955327462,0.19999999999999996
ViSmish_04281,1,1,0.99958473,True,1.0,paraphrased,Crypto / Đầu tư giả,1.0,0.996004952,0.0039950479999999455,0.19999999999999996
ViSmish_04282,0,0,0.9994855,True,1.0,synthetic,Quảng cáo hợp lệ,1.0,0.004436930199999999,0.9955630698,0.19999999999999996
ViSmish_04283,1,1,0.9996189,True,1.0,paraphrased,Đòi nợ / Đe dọa,1.0,0.9961697700000001,0.0038302299999999345,0.19999999999999996
ViSmish_04284,0,0,0.9994869,True,1.0,synthetic,Viễn thông,1.0,0.004431010399999999,0.9955689896,0.19999999999999996
ViSmish_04285,1,1,0.9996278,True,1.0,paraphrased,BHXH / Trợ cấp giả,1.0,0.9962141,0.0037859000000000087,0.19999999999999996
ViSmish_04286,0,0,0.99939585,True,1.0,external_real,P2P hội thoại thông thường,1.0,0.0047994579999999995,0.995200542,0.19999999999999996
ViSmish_04287,1,1,0.9995084,True,1.0,paraphrased,Crypto / Đầu tư giả,1.0,0.99566042,0.0043395800000000095,0.19999999999999996
ViSmish_04288,0,0,0.9994836,True,1.0,real,Tin nhắn cá nhân và OTP,1.0,0.004445101599999999,0.9955548984,0.19999999999999996
ViSmish_04289,1,1,0.9995665,True,1.0,paraphrased,Nội dung nhạy cảm,1.0,0.99592022,0.004079779999999977,0.19999999999999996
ViSmish_04290,1,1,0.999602,True,1.0,paraphrased,Tuyển dụng giả,1.0,0.9960874,0.003912600000000044,0.19999999999999996
ViSmish_04291,0,0,0.9994796,True,1.0,real,Dịch vụ công thật,1.0,0.004461787999999999,0.995538212,0.19999999999999996
ViSmish_04292,0,0,0.99947065,True,1.0,real,Viễn thông,1.0,0.004499489999999998,0.99550051,0.19999999999999996
ViSmish_04294,1,1,0.9996145,True,1.0,paraphrased,Tuyển dụng giả,1.0,0.99614799,0.003852010000000017,0.19999999999999996
ViSmish_04295,0,0,0.9992962,True,1.0,external_real,P2P hội thoại thông thường,1.0,0.0051706465999999986,0.9948293534,0.19999999999999996
ViSmish_04297,0,0,0.99948335,True,1.0,synthetic,Tin nhắn cá nhân và OTP,1.0,0.004446064,0.995553936,0.19999999999999996
ViSmish_04299,1,1,0.9995962,True,1.0,paraphrased,Crypto / Đầu tư giả,1.0,0.9960592500000001,0.003940749999999937,0.19999999999999996
ViSmish_04300,0,0,0.99945503,True,1.0,real,Tin nhắn cá nhân và OTP,1.0,0.004563422599999999,0.9954365774,0.19999999999999996
ViSmish_04301,1,1,0.9996184,True,1.0,paraphrased,Dịch vụ công giả,1.0,0.996167648,0.0038323519999999833,0.19999999999999996
ViSmish_04302,0,0,0.99949384,True,1.0,synthetic,Thương mại điện tử,1.0,0.004401730799999999,0.9955982692,0.19999999999999996
ViSmish_04304,0,0,0.9992956,True,1.0,external_curated,P2P hard negative,1.0,0.005172658799999999,0.9948273412,0.19999999999999996
ViSmish_04306,0,0,0.9993542,True,1.0,real,Viễn thông,1.0,0.004958192199999999,0.9950418078,0.19999999999999996
ViSmish_04308,1,1,0.99961996,True,1.0,paraphrased,Giả mạo ngân hàng,1.0,0.99617512,0.0038248800000000305,0.19999999999999996
ViSmish_04309,1,1,0.9996123,True,1.0,paraphrased,Dịch vụ công giả,1.0,0.99613684,0.0038631599999999766,0.19999999999999996
ViSmish_04311,0,0,0.9994684,True,1.0,synthetic,Dịch vụ y tế,1.0,0.004508431599999999,0.9954915684,0.19999999999999996
ViSmish_04312,0,0,0.99945706,True,1.0,synthetic,Quảng cáo hợp lệ,1.0,0.004555483199999999,0.9954445168,0.19999999999999996
ViSmish_04313,0,0,0.9994209,True,1.0,synthetic,Thương mại điện tử,1.0,0.004701336799999999,0.9952986632,0.19999999999999996
ViSmish_04315,0,0,0.99942386,True,1.0,external_real,P2P hội thoại thông thường,1.0,0.004689469199999999,0.9953105308,0.19999999999999996
ViSmish_04317,1,1,0.9996182,True,1.0,paraphrased,BHXH / Trợ cấp giả,1.0,0.99616622,0.003833780000000009,0.19999999999999996
ViSmish_04318,1,1,0.99947876,True,1.0,synthetic_hard_positive,Đòi nợ / Đe dọa,1.0,0.995534754,0.004465245999999978,0.19999999999999996
ViSmish_04319,0,0,0.9994648,True,1.0,synthetic,Viễn thông,1.0,0.004523448599999999,0.9954765514,0.19999999999999996
ViSmish_04320,1,1,0.9995245,True,1.0,synthetic_hard_positive,Dịch vụ công giả,1.0,0.99573074,0.0042692600000000525,0.19999999999999996
ViSmish_04321,0,0,0.999471,True,1.0,synthetic,Ngân hàng thật,1.0,0.0044979999999999985,0.995502,0.19999999999999996
ViSmish_04322,1,1,0.99962306,True,1.0,paraphrased,Crypto / Đầu tư giả,1.0,0.99619014,0.0038098600000000538,0.19999999999999996
ViSmish_04323,1,1,0.9996196,True,1.0,paraphrased,Đòi nợ / Đe dọa,1.0,0.99617358,0.003826419999999997,0.19999999999999996
ViSmish_04324,1,1,0.9996099,True,1.0,paraphrased,Nội dung nhạy cảm,1.0,0.9961253999999999,0.0038746000000000613,0.19999999999999996
ViSmish_04326,1,1,0.99951017,True,1.0,synthetic_hard_positive,Khác,1.0,0.99566859,0.0043314100000000355,0.19999999999999996
ViSmish_04327,0,0,0.9994499,True,1.0,real,Viễn thông,1.0,0.004584460999999999,0.995415539,0.19999999999999996
ViSmish_04329,1,1,0.9995727,True,1.0,paraphrased,Nội dung nhạy cảm,1.0,0.99594854,0.004051460000000007,0.19999999999999996
ViSmish_04330,1,1,0.99961495,True,1.0,paraphrased,BHXH / Trợ cấp giả,1.0,0.9961504,0.0038496000000000086,0.19999999999999996
ViSmish_04332,0,0,0.9994728,True,1.0,real,Viễn thông,1.0,0.004490257799999999,0.9955097422,0.19999999999999996
ViSmish_04333,1,1,0.9995727,True,1.0,synthetic_hard_positive,Tuyển dụng giả,1.0,0.9959484000000001,0.004051599999999933,0.19999999999999996
ViSmish_04335,1,1,0.9996269,True,1.0,paraphrased,Tuyển dụng giả,1.0,0.9962094,0.0037905999999999773,0.19999999999999996
ViSmish_04336,0,0,0.99942267,True,1.0,synthetic,Quảng cáo hợp lệ,1.0,0.004694117999999999,0.995305882,0.19999999999999996
ViSmish_04341,0,0,0.9994512,True,1.0,external_real,P2P hội thoại thông thường,1.0,0.004579165999999999,0.995420834,0.19999999999999996
ViSmish_04342,0,0,0.9994124,True,1.0,real,Khác,1.0,0.0047346989999999985,0.995265301,0.19999999999999996
ViSmish_04345,0,0,0.999416,True,1.0,synthetic,Ngân hàng thật,1.0,0.0047204434,0.9952795566,0.19999999999999996
ViSmish_04346,0,0,0.99936885,True,1.0,real,Viễn thông,1.0,0.004902833799999999,0.9950971662,0.19999999999999996
ViSmish_04347,0,0,0.999503,True,1.0,synthetic,Vận chuyển,1.0,0.004362321999999998,0.995637678,0.19999999999999996
ViSmish_04348,0,0,0.99926215,True,1.0,real,Viễn thông,1.0,0.005290848399999998,0.9947091516,0.19999999999999996
ViSmish_04349,1,1,0.99952924,True,1.0,paraphrased,Giả mạo ngân hàng,1.0,0.99575172,0.004248279999999993,0.19999999999999996
ViSmish_04350,1,1,0.9996264,True,1.0,paraphrased,Nội dung nhạy cảm,1.0,0.99620676,0.003793240000000031,0.19999999999999996
ViSmish_04352,0,0,0.9993893,True,1.0,real,Khác,1.0,0.004824513199999999,0.9951754868,0.19999999999999996
ViSmish_04355,1,1,0.99542433,True,1.0,real,Cờ bạc / Betting,1.0,0.98730114,0.012698859999999978,0.19999999999999996
ViSmish_04356,1,1,0.9994754,True,1.0,synthetic_hard_positive,Đòi nợ / Đe dọa,1.0,0.995520532,0.0044794679999999865,0.19999999999999996
ViSmish_04362,1,1,0.9996263,True,1.0,paraphrased,Cờ bạc / Betting,1.0,0.996206486,0.0037935140000000533,0.19999999999999996
ViSmish_04363,0,0,0.99943775,True,1.0,external_curated,P2P hard negative,1.0,0.0046337407999999984,0.9953662592,0.19999999999999996
ViSmish_04364,1,1,0.9996086,True,1.0,paraphrased,Cờ bạc / Betting,1.0,0.99611901,0.003880989999999973,0.19999999999999996
ViSmish_04367,0,0,0.99941695,True,1.0,synthetic,Ngân hàng thật,1.0,0.004716959599999999,0.9952830404,0.19999999999999996
ViSmish_04369,0,0,0.99936205,True,1.0,real,Viễn thông,1.0,0.004928755399999998,0.9950712446,0.19999999999999996
ViSmish_04370,1,1,0.9996,True,1.0,paraphrased,Cờ bạc / Betting,1.0,0.9960777519999999,0.0039222480000000726,0.19999999999999996
ViSmish_04371,0,0,0.9993299,True,1.0,real,Khác,1.0,0.005048079399999999,0.9949519206,0.19999999999999996
ViSmish_04373,0,0,0.9994373,True,1.0,real,Khác,1.0,0.004635782999999999,0.995364217,0.19999999999999996
ViSmish_04375,1,1,0.99959785,True,1.0,paraphrased,Nội dung nhạy cảm,1.0,0.9960673,0.003932700000000011,0.19999999999999996
ViSmish_04376,0,0,0.9993166,True,1.0,real,Viễn thông,1.0,0.005097196999999999,0.994902803,0.19999999999999996
ViSmish_04378,1,1,0.9996216,True,1.0,paraphrased,Giả mạo ngân hàng,1.0,0.9961831,0.003816900000000012,0.19999999999999996
ViSmish_04379,1,1,0.99955875,True,1.0,synthetic_hard_positive,Tuyển dụng giả,1.0,0.99588437,0.004115630000000037,0.19999999999999996
ViSmish_04381,0,0,0.9994221,True,1.0,external_real,P2P hội thoại thông thường,1.0,0.004696789999999999,0.99530321,0.19999999999999996
ViSmish_04384,1,1,0.9995875,True,1.0,paraphrased,Cờ bạc / Betting,1.0,0.99601791,0.003982090000000049,0.19999999999999996
ViSmish_04385,1,1,0.9996345,True,1.0,paraphrased,BHXH / Trợ cấp giả,1.0,0.99624774,0.0037522599999999517,0.19999999999999996
ViSmish_04386,0,0,0.99942243,True,1.0,external_real,P2P hội thoại thông thường,1.0,0.004694972599999999,0.9953050274,0.19999999999999996
ViSmish_04387,1,1,0.9994808,True,1.0,paraphrased,Giả mạo ngân hàng,1.0,0.995543026,0.0044569740000000024,0.19999999999999996
ViSmish_04388,0,0,0.9992785,True,1.0,synthetic,Dịch vụ công thật,1.0,0.005233648399999999,0.9947663516,0.19999999999999996
ViSmish_04389,0,0,0.9993693,True,1.0,external_curated,P2P hard negative,1.0,0.004901191999999999,0.9950988080000001,0.19999999999999996
ViSmish_04391,1,1,0.9996325,True,1.0,paraphrased,Dịch vụ công giả,1.0,0.99623762,0.003762379999999954,0.19999999999999996
ViSmish_04395,1,1,0.99961925,True,1.0,paraphrased,Tuyển dụng giả,1.0,0.996171308,0.0038286920000000224,0.19999999999999996
ViSmish_04396,1,1,0.9996182,True,1.0,paraphrased,Đòi nợ / Đe dọa,1.0,0.99616599,0.0038340100000000543,0.19999999999999996
ViSmish_04397,1,1,0.9996227,True,1.0,paraphrased,Dịch vụ công giả,1.0,0.99618886,0.003811140000000046,0.19999999999999996
ViSmish_04399,0,0,0.9992078,True,1.0,synthetic,Quảng cáo hợp lệ,1.0,0.005477343999999999,0.994522656,0.19999999999999996
ViSmish_04401,0,0,0.9994535,True,1.0,synthetic,Tin nhắn cá nhân và OTP,1.0,0.0045697051999999995,0.9954302948,0.19999999999999996
ViSmish_04404,0,0,0.9991673,True,1.0,real,Viễn thông,1.0,0.005611747599999999,0.9943882524,0.19999999999999996
ViSmish_04406,0,0,0.9993579,True,1.0,real,Khác,1.0,0.0049442034,0.9950557966,0.19999999999999996
ViSmish_04409,1,1,0.9995952,True,1.0,paraphrased,Cờ bạc / Betting,1.0,0.996054972,0.0039450279999999616,0.19999999999999996
ViSmish_04413,1,1,0.9996177,True,1.0,paraphrased,Dịch vụ công giả,1.0,0.99616408,0.0038359199999999927,0.19999999999999996
ViSmish_04414,0,0,0.99947387,True,1.0,real,Viễn thông,1.0,0.004485713399999999,0.9955142866,0.19999999999999996
ViSmish_04415,0,0,0.9994344,True,1.0,synthetic,Tin nhắn cá nhân và OTP,1.0,0.004647172999999999,0.995352827,0.19999999999999996
ViSmish_04416,1,1,0.9996119,True,1.0,paraphrased,Nội dung nhạy cảm,1.0,0.996135032,0.003864968000000024,0.19999999999999996
ViSmish_04419,0,0,0.99948335,True,1.0,real,Khác,1.0,0.0044458425999999995,0.9955541574,0.19999999999999996
ViSmish_04420,0,0,0.9993723,True,1.0,real,Khác,1.0,0.004889846999999999,0.995110153,0.19999999999999996
ViSmish_04421,0,0,0.9994823,True,1.0,real,Khác,1.0,0.004450302599999999,0.9955496974,0.19999999999999996
ViSmish_04424,1,1,0.99949396,True,1.0,synthetic_hard_positive,Dịch vụ công giả,1.0,0.9955987,0.004401300000000052,0.19999999999999996
ViSmish_04427,1,1,0.9996136,True,1.0,paraphrased,Nội dung nhạy cảm,1.0,0.9961436,0.003856399999999982,0.19999999999999996
ViSmish_04428,0,0,0.9994615,True,1.0,real,Tin nhắn cá nhân và OTP,1.0,0.0045374479999999995,0.995462552,0.19999999999999996
ViSmish_04430,1,1,0.99960846,True,1.0,paraphrased,Đòi nợ / Đe dọa,1.0,0.9961181800000001,0.0038818199999999248,0.19999999999999996
ViSmish_04433,0,0,0.9992711,True,1.0,synthetic,Dịch vụ y tế,1.0,0.005259597399999999,0.9947404026,0.19999999999999996
ViSmish_04434,1,1,0.9995146,True,1.0,synthetic_hard_positive,Dịch vụ công giả,1.0,0.9956877399999999,0.004312260000000068,0.19999999999999996
ViSmish_04436,1,1,0.99962354,True,1.0,paraphrased,Cờ bạc / Betting,1.0,0.99619267,0.0038073299999999977,0.19999999999999996
ViSmish_04437,0,0,0.99947184,True,1.0,synthetic,Quảng cáo hợp lệ,1.0,0.0044942687999999995,0.9955057312,0.19999999999999996
ViSmish_04438,0,0,0.9994492,True,1.0,synthetic,Thương mại điện tử,1.0,0.004587467399999999,0.9954125326,0.19999999999999996
ViSmish_04440,1,1,0.9996222,True,1.0,paraphrased,BHXH / Trợ cấp giả,1.0,0.996186172,0.0038138279999999636,0.19999999999999996
ViSmish_04441,1,1,0.99959296,True,1.0,paraphrased,Nội dung nhạy cảm,1.0,0.996044112,0.0039558880000000185,0.19999999999999996
ViSmish_04443,1,1,0.99961215,True,1.0,paraphrased,Đòi nợ / Đe dọa,1.0,0.99613638,0.0038636199999999565,0.19999999999999996
ViSmish_04444,0,0,0.9985934,True,1.0,external_real,P2P hội thoại thông thường,1.0,0.007234665999999998,0.992765334,0.19999999999999996
ViSmish_04445,0,0,0.9991843,True,1.0,synthetic,Viễn thông,1.0,0.005555502599999999,0.9944444974,0.19999999999999996
ViSmish_04446,0,0,0.9994789,True,1.0,real,Khác,1.0,0.004464827999999999,0.995535172,0.19999999999999996
ViSmish_04448,1,1,0.99962795,True,1.0,paraphrased,Tuyển dụng giả,1.0,0.996214772,0.0037852280000000293,0.19999999999999996
ViSmish_04456,1,1,0.9995159,True,1.0,synthetic_hard_positive,Khác,1.0,0.995693148,0.004306852000000028,0.19999999999999996
ViSmish_04458,1,1,0.9996275,True,1.0,paraphrased,Đòi nợ / Đe dọa,1.0,0.996212446,0.0037875539999999708,0.19999999999999996
ViSmish_04459,1,1,0.9995602,True,1.0,paraphrased,Nội dung nhạy cảm,1.0,0.99589114,0.004108859999999992,0.19999999999999996
ViSmish_04460,0,0,0.9994709,True,1.0,real,Khác,1.0,0.004498104399999999,0.9955018956,0.19999999999999996
ViSmish_04461,0,0,0.99932146,True,1.0,external_curated,P2P hard negative,1.0,0.005079204199999999,0.9949207958,0.19999999999999996
ViSmish_04462,1,1,0.9995453,True,1.0,paraphrased,Crypto / Đầu tư giả,1.0,0.9958236,0.004176399999999969,0.19999999999999996
ViSmish_04463,0,0,0.9994709,True,1.0,external_curated,P2P hard negative,1.0,0.004498143999999999,0.995501856,0.19999999999999996
ViSmish_04464,0,0,0.99941945,True,1.0,synthetic,Ngân hàng thật,1.0,0.004707173999999999,0.995292826,0.19999999999999996
ViSmish_04465,0,0,0.9994785,True,1.0,real,Viễn thông,1.0,0.0044667091999999985,0.9955332908,0.19999999999999996
ViSmish_04468,1,1,0.9996289,True,1.0,paraphrased,Dịch vụ công giả,1.0,0.9962194200000001,0.0037805799999999223,0.19999999999999996
ViSmish_04469,0,0,0.9993604,True,1.0,external_curated,P2P hard negative,1.0,0.004934801599999999,0.9950651984,0.19999999999999996
ViSmish_04470,1,1,0.99959844,True,1.0,paraphrased,Nội dung nhạy cảm,1.0,0.9960701599999999,0.003929840000000073,0.19999999999999996
ViSmish_04473,1,1,0.99961215,True,1.0,paraphrased,Giả mạo ngân hàng,1.0,0.9961364,0.003863599999999967,0.19999999999999996
ViSmish_04476,0,0,0.999419,True,1.0,synthetic,Ngân hàng thật,1.0,0.004708879399999999,0.9952911206,0.19999999999999996
ViSmish_04477,0,0,0.99944264,True,1.0,synthetic,Quảng cáo hợp lệ,1.0,0.004613999599999999,0.9953860004,0.19999999999999996
ViSmish_04478,1,1,0.9996171,True,1.0,paraphrased,Crypto / Đầu tư giả,1.0,0.996160852,0.003839147999999959,0.19999999999999996
ViSmish_04479,0,0,0.999355,True,1.0,real,Viễn thông,1.0,0.004955246199999999,0.9950447538,0.19999999999999996
ViSmish_04480,1,1,0.99956757,True,1.0,paraphrased,Dịch vụ công giả,1.0,0.995924806,0.004075194000000004,0.19999999999999996
ViSmish_04481,1,1,0.999592,True,1.0,paraphrased,Nội dung nhạy cảm,1.0,0.9960391399999999,0.003960860000000066,0.19999999999999996
ViSmish_04482,0,0,0.99941385,True,1.0,synthetic,Thương mại điện tử,1.0,0.0047289251999999985,0.9952710748,0.19999999999999996
ViSmish_04483,1,1,0.9986261,True,1.0,real,Dịch vụ công giả,1.0,0.992846906,0.007153093999999971,0.19999999999999996
ViSmish_04484,0,0,0.99833196,True,1.0,external_curated,P2P hard negative,1.0,0.007854073999999997,0.992145926,0.19999999999999996
ViSmish_04487,0,0,0.9955383,True,1.0,synthetic,Dịch vụ công thật,1.0,0.012548955999999997,0.9874510440000001,0.19999999999999996
ViSmish_04489,0,0,0.99930894,True,1.0,synthetic,Viễn thông,1.0,0.005124853999999999,0.994875146,0.19999999999999996
ViSmish_04491,1,1,0.99962485,True,1.0,paraphrased,Giả mạo ngân hàng,1.0,0.99619942,0.0038005800000000534,0.19999999999999996
ViSmish_04494,0,0,0.99948114,True,1.0,synthetic,Tin nhắn cá nhân và OTP,1.0,0.0044556855999999985,0.9955443144,0.19999999999999996
ViSmish_04495,1,1,0.9996227,True,1.0,paraphrased,BHXH / Trợ cấp giả,1.0,0.9961883300000001,0.0038116699999999337,0.19999999999999996
ViSmish_04496,0,0,0.99941134,True,1.0,external_real,P2P hội thoại thông thường,1.0,0.004739034599999999,0.9952609654,0.19999999999999996
ViSmish_04497,0,0,0.99935395,True,1.0,real,Viễn thông,1.0,0.004959094599999998,0.9950409054,0.19999999999999996
ViSmish_04499,1,1,0.99962556,True,1.0,paraphrased,BHXH / Trợ cấp giả,1.0,0.99620279,0.0037972099999999953,0.19999999999999996
ViSmish_04500,1,1,0.9995309,True,1.0,synthetic_hard_positive,Khác,1.0,0.995759272,0.004240727999999971,0.19999999999999996
ViSmish_04501,0,0,0.9994241,True,1.0,synthetic,Dịch vụ công thật,1.0,0.004688534599999999,0.9953114654,0.19999999999999996
ViSmish_04503,1,1,0.9996264,True,1.0,paraphrased,BHXH / Trợ cấp giả,1.0,0.996206868,0.003793131999999977,0.19999999999999996
ViSmish_04504,1,1,0.99961853,True,1.0,paraphrased,Nội dung nhạy cảm,1.0,0.996167826,0.0038321740000000215,0.19999999999999996
ViSmish_04505,1,1,0.9994512,True,1.0,synthetic_hard_positive,Giả mạo ngân hàng,1.0,0.99542078,0.004579219999999995,0.19999999999999996
ViSmish_04506,0,0,0.999295,True,1.0,real,Viễn thông,1.0,0.005174564599999999,0.9948254354,0.19999999999999996
ViSmish_04507,0,0,0.9994381,True,1.0,synthetic,Viễn thông,1.0,0.004632226799999999,0.9953677732,0.19999999999999996
ViSmish_04510,1,1,0.99960464,True,1.0,paraphrased,Nội dung nhạy cảm,1.0,0.99609977,0.003900229999999949,0.19999999999999996
ViSmish_04511,0,0,0.9993723,True,1.0,real,Viễn thông,1.0,0.004889965399999999,0.9951100346,0.19999999999999996
ViSmish_04512,0,0,0.9994899,True,1.0,synthetic,Vận chuyển,1.0,0.004418086199999999,0.9955819138,0.19999999999999996
ViSmish_04513,1,1,0.99956733,True,1.0,real,BHXH / Trợ cấp giả,1.0,0.995923734,0.004076265999999995,0.19999999999999996
ViSmish_04514,1,1,0.9996049,True,1.0,paraphrased,Nội dung nhạy cảm,1.0,0.996101034,0.003898965999999948,0.19999999999999996
ViSmish_04515,1,1,0.9995784,True,1.0,paraphrased,Dịch vụ công giả,1.0,0.9959752319999999,0.004024768000000067,0.19999999999999996
ViSmish_04516,1,1,0.9996074,True,1.0,paraphrased,Đòi nợ / Đe dọa,1.0,0.9961130499999999,0.0038869500000000556,0.19999999999999996
ViSmish_04517,0,0,0.99948335,True,1.0,real,Dịch vụ công thật,1.0,0.004445835599999999,0.9955541644,0.19999999999999996
ViSmish_04519,0,0,0.99942267,True,1.0,synthetic,Ngân hàng thật,1.0,0.004694387599999999,0.9953056124,0.19999999999999996
ViSmish_04521,0,0,0.9994993,True,1.0,synthetic,Viễn thông,1.0,0.004378495999999999,0.995621504,0.19999999999999996
ViSmish_04522,0,0,0.99914885,True,1.0,external_curated,P2P hard negative,1.0,0.005671943999999999,0.994328056,0.19999999999999996
ViSmish_04523,1,1,0.9995228,True,1.0,paraphrased,Crypto / Đầu tư giả,1.0,0.99572348,0.004276520000000006,0.19999999999999996
ViSmish_04525,1,1,0.99961406,True,1.0,paraphrased,Nội dung nhạy cảm,1.0,0.996145928,0.003854071999999986,0.19999999999999996
ViSmish_04526,1,1,0.9995122,True,1.0,paraphrased,Crypto / Đầu tư giả,1.0,0.9956769999999999,0.004323000000000077,0.19999999999999996
ViSmish_04527,0,0,0.99940956,True,1.0,external_curated,P2P hard negative,1.0,0.0047458755999999986,0.9952541244,0.19999999999999996
ViSmish_04528,0,0,0.9994287,True,1.0,external_real,P2P hội thoại thông thường,1.0,0.004669973199999999,0.9953300268,0.19999999999999996
ViSmish_04530,0,0,0.99941146,True,1.0,external_curated,P2P hard negative,1.0,0.0047385271999999985,0.9952614728,0.19999999999999996
ViSmish_04533,0,0,0.9994765,True,1.0,real,Viễn thông,1.0,0.0044750369999999986,0.995524963,0.19999999999999996
ViSmish_04534,1,1,0.9996282,True,1.0,paraphrased,Tuyển dụng giả,1.0,0.996216046,0.0037839539999999783,0.19999999999999996
ViSmish_04535,0,0,0.99942505,True,1.0,real,Ngân hàng thật,1.0,0.004684942199999999,0.9953150578,0.19999999999999996
ViSmish_04536,1,1,0.9995828,True,1.0,paraphrased,Cờ bạc / Betting,1.0,0.99599622,0.004003780000000012,0.19999999999999996
ViSmish_04537,1,1,0.99961853,True,1.0,paraphrased,Cờ bạc / Betting,1.0,0.99616788,0.0038321199999999944,0.19999999999999996
ViSmish_04538,1,1,0.99948716,True,1.0,paraphrased,Crypto / Đầu tư giả,1.0,0.995569872,0.004430127999999978,0.19999999999999996
ViSmish_04539,1,1,0.9996092,True,1.0,paraphrased,Nội dung nhạy cảm,1.0,0.9961219,0.0038780999999999954,0.19999999999999996
ViSmish_04540,1,1,0.9996141,True,1.0,paraphrased,Tuyển dụng giả,1.0,0.996146608,0.003853392000000011,0.19999999999999996
ViSmish_04541,0,0,0.99925524,True,1.0,synthetic,Quảng cáo hợp lệ,1.0,0.0053147225999999985,0.9946852774,0.19999999999999996
ViSmish_04542,1,1,0.9996321,True,1.0,paraphrased,Tuyển dụng giả,1.0,0.99623526,0.003764740000000044,0.19999999999999996
ViSmish_04543,1,1,0.9996207,True,1.0,paraphrased,Đòi nợ / Đe dọa,1.0,0.9961785,0.003821500000000033,0.19999999999999996
ViSmish_04545,0,0,0.9993814,True,1.0,real,Viễn thông,1.0,0.004854832999999999,0.995145167,0.19999999999999996
ViSmish_04548,1,1,0.99940395,True,1.0,real,Giả mạo ngân hàng,1.0,0.995232188,0.004767811999999982,0.19999999999999996
ViSmish_04549,0,0,0.9993974,True,1.0,external_curated,P2P hard negative,1.0,0.004793531999999999,0.995206468,0.19999999999999996
ViSmish_04550,0,0,0.99946016,True,1.0,real,Viễn thông,1.0,0.004542601399999999,0.9954573986,0.19999999999999996
ViSmish_04553,0,0,0.99946326,True,1.0,external_real,P2P hội thoại thông thường,1.0,0.004529855399999999,0.9954701446,0.19999999999999996
ViSmish_04556,1,1,0.99963105,True,1.0,paraphrased,Dịch vụ công giả,1.0,0.99623046,0.00376953999999996,0.19999999999999996
ViSmish_04558,0,0,0.99945956,True,1.0,real,Ngân hàng thật,1.0,0.004545281999999999,0.995454718,0.19999999999999996
ViSmish_04559,0,0,0.99945897,True,1.0,real,Khác,1.0,0.004547518399999999,0.9954524816,0.19999999999999996
ViSmish_04561,0,0,0.9993043,True,1.0,synthetic,Quảng cáo hợp lệ,1.0,0.005141540999999999,0.994858459,0.19999999999999996
ViSmish_04562,0,0,0.99941444,True,1.0,synthetic,Ngân hàng thật,1.0,0.004726664999999999,0.995273335,0.19999999999999996
ViSmish_04563,1,1,0.99963593,True,1.0,paraphrased,BHXH / Trợ cấp giả,1.0,0.99625452,0.0037454799999999677,0.19999999999999996
ViSmish_04564,1,1,0.99961853,True,1.0,paraphrased,BHXH / Trợ cấp giả,1.0,0.99616794,0.003832060000000026,0.19999999999999996
ViSmish_04565,0,0,0.9994536,True,1.0,external_curated,P2P hard negative,1.0,0.004569695199999999,0.9954303048,0.19999999999999996
ViSmish_04568,0,0,0.99945444,True,1.0,synthetic,Dịch vụ y tế,1.0,0.004566010799999999,0.9954339892,0.19999999999999996
ViSmish_04569,0,0,0.99947053,True,1.0,synthetic,Dịch vụ y tế,1.0,0.004499961999999999,0.995500038,0.19999999999999996
ViSmish_04573,0,0,0.9994512,True,1.0,synthetic,Tin nhắn cá nhân và OTP,1.0,0.004578956999999999,0.995421043,0.19999999999999996
ViSmish_04574,1,1,0.9996191,True,1.0,paraphrased,Tuyển dụng giả,1.0,0.9961709,0.0038291000000000297,0.19999999999999996
ViSmish_04578,0,0,0.99946374,True,1.0,synthetic,Ngân hàng thật,1.0,0.0045277871999999985,0.9954722128,0.19999999999999996
ViSmish_04580,0,0,0.99930596,True,1.0,external_real,P2P hội thoại thông thường,1.0,0.0051352503999999985,0.9948647496,0.19999999999999996
ViSmish_04581,1,1,0.99952793,True,1.0,real,BHXH / Trợ cấp giả,1.0,0.995746,0.00425399999999998,0.19999999999999996
ViSmish_04582,0,0,0.9994036,True,1.0,real,Viễn thông,1.0,0.004769447,0.995230553,0.19999999999999996
ViSmish_04584,0,0,0.9994904,True,1.0,synthetic,Dịch vụ y tế,1.0,0.004416371999999998,0.995583628,0.19999999999999996
ViSmish_04585,0,0,0.9994735,True,1.0,real,Khác,1.0,0.004487511599999999,0.9955124884,0.19999999999999996
ViSmish_04586,0,0,0.9993229,True,1.0,synthetic,Ngân hàng thật,1.0,0.005073835399999999,0.9949261646,0.19999999999999996
ViSmish_04588,1,1,0.9996196,True,1.0,paraphrased,BHXH / Trợ cấp giả,1.0,0.99617314,0.0038268599999999875,0.19999999999999996
ViSmish_04589,0,0,0.9974917,True,1.0,external_curated,P2P hard negative,1.0,0.009550296599999997,0.9904497034,0.19999999999999996
ViSmish_04590,1,1,0.99962556,True,1.0,paraphrased,Dịch vụ công giả,1.0,0.9962028199999999,0.0037971800000000666,0.19999999999999996
ViSmish_04591,0,0,0.9992937,True,1.0,real,Viễn thông,1.0,0.0051793935999999985,0.9948206064,0.19999999999999996
ViSmish_04592,1,1,0.9995759,True,1.0,paraphrased,Cờ bạc / Betting,1.0,0.9959633999999999,0.004036600000000057,0.19999999999999996
ViSmish_04593,0,0,0.9994815,True,1.0,synthetic,Vận chuyển,1.0,0.004453959599999999,0.9955460404,0.19999999999999996
ViSmish_04594,0,0,0.9994778,True,1.0,synthetic,Vận chuyển,1.0,0.004469623999999998,0.995530376,0.19999999999999996
ViSmish_04595,0,0,0.99944216,True,1.0,real,Tin nhắn cá nhân và OTP,1.0,0.004615750599999999,0.9953842494,0.19999999999999996
ViSmish_04596,0,0,0.99947196,True,1.0,synthetic,Vận chuyển,1.0,0.004493956599999999,0.9955060434,0.19999999999999996
ViSmish_04599,1,1,0.9995989,True,1.0,paraphrased,Cờ bạc / Betting,1.0,0.99607236,0.00392764000000001,0.19999999999999996
ViSmish_04600,1,1,0.99951756,True,1.0,synthetic_hard_positive,Khác,1.0,0.9957005,0.004299500000000012,0.19999999999999996
ViSmish_04602,1,1,0.9995968,True,1.0,paraphrased,Nội dung nhạy cảm,1.0,0.996062148,0.003937851999999964,0.19999999999999996
ViSmish_04603,1,1,0.9995906,True,1.0,paraphrased,Crypto / Đầu tư giả,1.0,0.99603248,0.003967520000000002,0.19999999999999996
ViSmish_04605,1,1,0.9995937,True,1.0,paraphrased,Giả mạo ngân hàng,1.0,0.996047068,0.00395293200000002,0.19999999999999996
ViSmish_04607,0,0,0.9994142,True,1.0,real,Viễn thông,1.0,0.0047276331999999985,0.9952723668,0.19999999999999996
ViSmish_04608,1,1,0.9996214,True,1.0,paraphrased,Nội dung nhạy cảm,1.0,0.9961821,0.0038179000000000407,0.19999999999999996
ViSmish_04612,0,0,0.9993788,True,1.0,real,Viễn thông,1.0,0.004864811199999999,0.9951351888,0.19999999999999996
ViSmish_04613,1,1,0.9996013,True,1.0,paraphrased,Giả mạo ngân hàng,1.0,0.996083748,0.003916252000000009,0.19999999999999996
ViSmish_04614,1,0,0.9989405,False,0.3,real,Giả mạo ngân hàng,0.0,1.0,0.0,0.0
ViSmish_04615,0,0,0.9994954,True,1.0,synthetic,Thương mại điện tử,1.0,0.004394880399999999,0.9956051196,0.19999999999999996
ViSmish_04616,1,1,0.9995809,True,1.0,paraphrased,Tuyển dụng giả,1.0,0.99598686,0.004013139999999971,0.19999999999999996
ViSmish_04619,1,1,0.99953234,True,1.0,synthetic_hard_positive,Khác,1.0,0.995765448,0.0042345520000000025,0.19999999999999996
ViSmish_04620,0,0,0.9994746,True,1.0,synthetic,Tin nhắn cá nhân và OTP,1.0,0.0044830083999999985,0.9955169916,0.19999999999999996
ViSmish_04622,1,1,0.99955827,True,1.0,paraphrased,Nội dung nhạy cảm,1.0,0.9958822,0.004117799999999949,0.19999999999999996
ViSmish_04625,1,1,0.9996152,True,1.0,paraphrased,Crypto / Đầu tư giả,1.0,0.99615162,0.0038483799999999846,0.19999999999999996
ViSmish_04627,0,0,0.99946517,True,1.0,real,Khác,1.0,0.0045220647999999995,0.9954779352,0.19999999999999996
ViSmish_04628,0,0,0.9992843,True,1.0,real,Viễn thông,1.0,0.005213037599999999,0.9947869624,0.19999999999999996
ViSmish_04629,1,1,0.99959725,True,1.0,paraphrased,Đòi nợ / Đe dọa,1.0,0.996064294,0.003935706000000039,0.19999999999999996
ViSmish_04630,1,1,0.99946445,True,1.0,synthetic_hard_positive,BHXH / Trợ cấp giả,1.0,0.99547502,0.004524980000000012,0.19999999999999996
ViSmish_04632,0,0,0.9992311,True,1.0,external_real,P2P hội thoại thông thường,1.0,0.005398161999999999,0.994601838,0.19999999999999996
ViSmish_04633,0,0,0.9994454,True,1.0,external_curated,P2P hard negative,1.0,0.004602797399999999,0.9953972026,0.19999999999999996
ViSmish_04634,1,1,0.9996207,True,1.0,paraphrased,Dịch vụ công giả,1.0,0.9961788540000001,0.003821145999999942,0.19999999999999996
ViSmish_04635,0,0,0.9994562,True,1.0,synthetic,Tin nhắn cá nhân và OTP,1.0,0.0045585747999999995,0.9954414252,0.19999999999999996
ViSmish_04636,0,0,0.99944943,True,1.0,synthetic,Dịch vụ công thật,1.0,0.0045866119999999995,0.995413388,0.19999999999999996
ViSmish_04637,1,1,0.99955827,True,1.0,paraphrased,Crypto / Đầu tư giả,1.0,0.99588201,0.004117990000000016,0.19999999999999996
ViSmish_04638,0,0,0.99943763,True,1.0,real,Tin nhắn cá nhân và OTP,1.0,0.0046344023999999985,0.9953655976,0.19999999999999996
ViSmish_04639,1,1,0.99961436,True,1.0,paraphrased,Cờ bạc / Betting,1.0,0.9961477519999999,0.003852248000000058,0.19999999999999996
ViSmish_04640,0,0,0.9994961,True,1.0,synthetic,Thương mại điện tử,1.0,0.004391870199999998,0.9956081298,0.19999999999999996
ViSmish_04641,1,1,0.99959356,True,1.0,paraphrased,Cờ bạc / Betting,1.0,0.99604692,0.003953080000000053,0.19999999999999996
ViSmish_04642,0,0,0.9992939,True,1.0,synthetic,Viễn thông,1.0,0.005178375199999999,0.9948216248,0.19999999999999996
ViSmish_04643,1,1,0.99961287,True,1.0,paraphrased,Đòi nợ / Đe dọa,1.0,0.99613966,0.0038603400000000176,0.19999999999999996
ViSmish_04649,0,0,0.9993705,True,1.0,synthetic,Quảng cáo hợp lệ,1.0,0.004896755999999999,0.995103244,0.19999999999999996
ViSmish_04651,0,0,0.99938595,True,1.0,real,Viễn thông,1.0,0.004837734199999999,0.9951622658,0.19999999999999996
ViSmish_04652,1,1,0.99956566,True,1.0,paraphrased,Đòi nợ / Đe dọa,1.0,0.995916188,0.0040838119999999645,0.19999999999999996
ViSmish_04653,0,0,0.9994837,True,1.0,external_curated,P2P hard negative,1.0,0.004444395999999999,0.995555604,0.19999999999999996
ViSmish_04655,0,0,0.9994779,True,1.0,real,Viễn thông,1.0,0.0044687319999999996,0.995531268,0.19999999999999996
ViSmish_04659,1,1,0.99962914,True,1.0,paraphrased,Tuyển dụng giả,1.0,0.9962207599999999,0.0037792400000000725,0.19999999999999996
ViSmish_04662,1,1,0.99960214,True,1.0,paraphrased,Nội dung nhạy cảm,1.0,0.996088148,0.0039118519999999934,0.19999999999999996
ViSmish_04663,1,1,0.99947125,True,1.0,synthetic_hard_positive,Dịch vụ công giả,1.0,0.99550342,0.004496579999999972,0.19999999999999996
ViSmish_04664,1,1,0.9995443,True,1.0,paraphrased,Nội dung nhạy cảm,1.0,0.9958189120000001,0.004181087999999944,0.19999999999999996
ViSmish_04665,1,1,0.99960965,True,1.0,paraphrased,Đòi nợ / Đe dọa,1.0,0.99612414,0.0038758599999999532,0.19999999999999996
ViSmish_04666,1,1,0.9994789,True,1.0,synthetic_hard_positive,Giả mạo ngân hàng,1.0,0.995535112,0.004464888,0.19999999999999996
ViSmish_04667,1,1,0.9995813,True,1.0,paraphrased,Đòi nợ / Đe dọa,1.0,0.99598844,0.004011560000000025,0.19999999999999996
ViSmish_04668,0,0,0.9991142,True,1.0,synthetic,Thương mại điện tử,1.0,0.005783019999999999,0.99421698,0.19999999999999996
ViSmish_04670,1,1,0.9996221,True,1.0,paraphrased,Tuyển dụng giả,1.0,0.99618588,0.003814120000000032,0.19999999999999996
ViSmish_04671,1,1,0.9995845,True,1.0,paraphrased,Crypto / Đầu tư giả,1.0,0.99600356,0.00399643999999999,0.19999999999999996
ViSmish_04672,1,1,0.99962103,True,1.0,paraphrased,Dịch vụ công giả,1.0,0.99618063,0.0038193699999999886,0.19999999999999996
ViSmish_04673,1,1,0.99961793,True,1.0,paraphrased,BHXH / Trợ cấp giả,1.0,0.99616482,0.003835180000000049,0.19999999999999996
ViSmish_04675,1,1,0.99944884,True,1.0,synthetic_hard_positive,Khác,1.0,0.99541122,0.004588779999999959,0.19999999999999996
ViSmish_04676,0,0,0.9994259,True,1.0,synthetic,Tin nhắn cá nhân và OTP,1.0,0.0046812847999999985,0.9953187152,0.19999999999999996
ViSmish_04679,1,1,0.99961334,True,1.0,paraphrased,Cờ bạc / Betting,1.0,0.996142388,0.0038576120000000103,0.19999999999999996
ViSmish_04680,0,0,0.99946874,True,1.0,real,Khác,1.0,0.004507290599999999,0.9954927094,0.19999999999999996
ViSmish_04682,1,1,0.99960285,True,1.0,paraphrased,BHXH / Trợ cấp giả,1.0,0.9960914000000001,0.003908599999999929,0.19999999999999996
ViSmish_04683,1,1,0.9995914,True,1.0,paraphrased,Cờ bạc / Betting,1.0,0.99603641,0.003963590000000017,0.19999999999999996
ViSmish_04684,0,0,0.9994356,True,1.0,synthetic,Ngân hàng thật,1.0,0.004642246199999998,0.9953577538,0.19999999999999996
ViSmish_04685,1,1,0.9996051,True,1.0,paraphrased,Đòi nợ / Đe dọa,1.0,0.99610206,0.0038979399999999886,0.19999999999999996
ViSmish_04687,0,0,0.99941945,True,1.0,synthetic,Quảng cáo hợp lệ,1.0,0.004706757199999999,0.9952932428,0.19999999999999996
ViSmish_04688,0,0,0.9992718,True,1.0,synthetic,Dịch vụ công thật,1.0,0.005256887999999999,0.994743112,0.19999999999999996
ViSmish_04689,1,1,0.99946254,True,1.0,synthetic_hard_positive,Khác,1.0,0.995467186,0.004532814000000052,0.19999999999999996
ViSmish_04690,1,1,0.9995016,True,1.0,synthetic_hard_positive,Giả mạo ngân hàng,1.0,0.99563129,0.004368710000000053,0.19999999999999996
ViSmish_04691,0,0,0.9994831,True,1.0,synthetic,Dịch vụ y tế,1.0,0.004446892799999999,0.9955531072,0.19999999999999996
ViSmish_04693,0,0,0.99942553,True,1.0,real,Khác,1.0,0.004682851599999999,0.9953171484,0.19999999999999996
ViSmish_04694,1,1,0.9995845,True,1.0,paraphrased,Giả mạo ngân hàng,1.0,0.99600383,0.003996169999999966,0.19999999999999996
ViSmish_04695,1,1,0.99959236,True,1.0,paraphrased,Cờ bạc / Betting,1.0,0.99604088,0.003959119999999983,0.19999999999999996
ViSmish_04697,0,0,0.999483,True,1.0,real,Khác,1.0,0.004447269399999999,0.9955527306,0.19999999999999996
ViSmish_04698,0,0,0.9994797,True,1.0,synthetic,Ngân hàng thật,1.0,0.004461326799999998,0.9955386732,0.19999999999999996
ViSmish_04699,1,1,0.99960107,True,1.0,paraphrased,Cờ bạc / Betting,1.0,0.996082974,0.00391702599999999,0.19999999999999996
ViSmish_04700,1,1,0.99961734,True,1.0,paraphrased,BHXH / Trợ cấp giả,1.0,0.996162092,0.0038379079999999455,0.19999999999999996
ViSmish_04702,1,1,0.9996172,True,1.0,paraphrased,Dịch vụ công giả,1.0,0.996161568,0.0038384320000000027,0.19999999999999996
ViSmish_04703,1,1,0.99961627,True,1.0,paraphrased,Cờ bạc / Betting,1.0,0.996157026,0.003842973999999999,0.19999999999999996
ViSmish_04704,0,0,0.999401,True,1.0,external_real,P2P hội thoại thông thường,1.0,0.004779542599999999,0.9952204574,0.19999999999999996
ViSmish_04705,1,1,0.9995579,True,1.0,synthetic_hard_positive,Crypto / Đầu tư giả,1.0,0.99588052,0.004119479999999953,0.19999999999999996
ViSmish_04707,0,0,0.99942565,True,1.0,external_real,P2P hội thoại thông thường,1.0,0.0046824905999999986,0.9953175094,0.19999999999999996
ViSmish_04709,1,1,0.9995635,True,1.0,synthetic_hard_positive,Khác,1.0,0.995906008,0.004093992000000046,0.19999999999999996
ViSmish_04710,0,0,0.99935025,True,1.0,external_real,P2P hội thoại thông thường,1.0,0.004972857599999998,0.9950271424,0.19999999999999996
ViSmish_04711,1,1,0.9996145,True,1.0,paraphrased,Cờ bạc / Betting,1.0,0.9961480739999999,0.003851926000000061,0.19999999999999996
ViSmish_04712,0,0,0.9994012,True,1.0,real,Viễn thông,1.0,0.004778368399999999,0.9952216316,0.19999999999999996
ViSmish_04713,1,1,0.9996145,True,1.0,paraphrased,Nội dung nhạy cảm,1.0,0.99614799,0.003852010000000017,0.19999999999999996
ViSmish_04715,0,0,0.9994444,True,1.0,synthetic,Tin nhắn cá nhân và OTP,1.0,0.004606621999999999,0.995393378,0.19999999999999996
ViSmish_04716,1,1,0.99956185,True,1.0,paraphrased,Crypto / Đầu tư giả,1.0,0.9958986400000001,0.004101359999999943,0.19999999999999996
ViSmish_04717,0,0,0.9994248,True,1.0,real,Quảng cáo hợp lệ,1.0,0.004685741999999999,0.995314258,0.19999999999999996
ViSmish_04718,1,1,0.9995974,True,1.0,paraphrased,Đòi nợ / Đe dọa,1.0,0.996065008,0.003934992000000026,0.19999999999999996
ViSmish_04720,1,1,0.99962413,True,1.0,paraphrased,BHXH / Trợ cấp giả,1.0,0.996195472,0.0038045279999999737,0.19999999999999996
ViSmish_04721,1,1,0.9996252,True,1.0,paraphrased,Nội dung nhạy cảm,1.0,0.996200932,0.003799067999999961,0.19999999999999996
ViSmish_04722,1,1,0.99958676,True,1.0,paraphrased,Đòi nợ / Đe dọa,1.0,0.9960145,0.003985499999999975,0.19999999999999996
ViSmish_04723,1,1,0.99961495,True,1.0,paraphrased,Đòi nợ / Đe dọa,1.0,0.9961503,0.003849699999999956,0.19999999999999996
ViSmish_04724,1,1,0.99951077,True,1.0,synthetic_hard_positive,Giả mạo ngân hàng,1.0,0.9956708320000001,0.004329167999999939,0.19999999999999996
ViSmish_04726,1,1,0.9996308,True,1.0,paraphrased,BHXH / Trợ cấp giả,1.0,0.9962291400000001,0.0037708599999999315,0.19999999999999996
ViSmish_04727,1,1,0.99940324,True,1.0,paraphrased,Crypto / Đầu tư giả,1.0,0.99522924,0.004770759999999985,0.19999999999999996
ViSmish_04728,1,1,0.9995919,True,1.0,paraphrased,Cờ bạc / Betting,1.0,0.9960388,0.003961199999999998,0.19999999999999996
ViSmish_04729,1,1,0.9996244,True,1.0,paraphrased,BHXH / Trợ cấp giả,1.0,0.9961970099999999,0.0038029900000000616,0.19999999999999996
ViSmish_04730,0,0,0.9993293,True,1.0,synthetic,Dịch vụ công thật,1.0,0.005050472599999999,0.9949495274,0.19999999999999996
ViSmish_04731,0,0,0.9993011,True,1.0,real,Viễn thông,1.0,0.005152925999999999,0.994847074,0.19999999999999996
ViSmish_04732,1,1,0.99961144,True,1.0,paraphrased,Tuyển dụng giả,1.0,0.996133148,0.0038668520000000317,0.19999999999999996
ViSmish_04733,1,1,0.999622,True,1.0,paraphrased,BHXH / Trợ cấp giả,1.0,0.99618512,0.003814879999999965,0.19999999999999996
ViSmish_04734,0,0,0.9993832,True,1.0,external_curated,P2P hard negative,1.0,0.004847921399999999,0.9951520786,0.19999999999999996
ViSmish_04735,0,0,0.9994006,True,1.0,external_real,P2P hội thoại thông thường,1.0,0.004780975999999999,0.995219024,0.19999999999999996
ViSmish_04737,1,1,0.99960774,True,1.0,paraphrased,Dịch vụ công giả,1.0,0.99611497,0.003885029999999956,0.19999999999999996
ViSmish_04741,1,1,0.9995326,True,1.0,synthetic_hard_positive,Khác,1.0,0.99576642,0.004233579999999959,0.19999999999999996
ViSmish_04742,1,1,0.99950075,True,1.0,paraphrased,Cờ bạc / Betting,1.0,0.9956280200000001,0.004371979999999942,0.19999999999999996
ViSmish_04745,1,1,0.9995964,True,1.0,paraphrased,Crypto / Đầu tư giả,1.0,0.99606038,0.0039396200000000325,0.19999999999999996
ViSmish_04746,1,1,0.99961805,True,1.0,paraphrased,Dịch vụ công giả,1.0,0.9961656400000001,0.0038343599999999256,0.19999999999999996
ViSmish_04747,1,1,0.9996244,True,1.0,paraphrased,Tuyển dụng giả,1.0,0.9961970099999999,0.0038029900000000616,0.19999999999999996
ViSmish_04749,0,0,0.99945515,True,1.0,synthetic,Dịch vụ y tế,1.0,0.004563288399999999,0.9954367116,0.19999999999999996
ViSmish_04751,0,0,0.9993643,True,1.0,real,Viễn thông,1.0,0.0049202329999999996,0.995079767,0.19999999999999996
ViSmish_04752,0,0,0.99947125,True,1.0,external_curated,P2P hard negative,1.0,0.004496986399999999,0.9955030136,0.19999999999999996
ViSmish_04753,1,1,0.99925584,True,1.0,real,Giả mạo ngân hàng,1.0,0.9946870800000001,0.005312919999999943,0.19999999999999996
ViSmish_04754,1,1,0.9995327,True,1.0,synthetic_hard_positive,Tuyển dụng giả,1.0,0.99576718,0.004232820000000026,0.19999999999999996
ViSmish_04755,0,0,0.99936527,True,1.0,real,Viễn thông,1.0,0.004916718199999999,0.9950832818,0.19999999999999996
ViSmish_04756,1,1,0.99958986,True,1.0,paraphrased,Crypto / Đầu tư giả,1.0,0.99602934,0.003970660000000015,0.19999999999999996
ViSmish_04757,1,1,0.99959534,True,1.0,paraphrased,Crypto / Đầu tư giả,1.0,0.99605522,0.003944779999999981,0.19999999999999996
ViSmish_04758,1,1,0.99780387,True,1.0,paraphrased,Cờ bạc / Betting,1.0,0.991037666,0.008962334000000016,0.19999999999999996
ViSmish_04759,0,0,0.9994667,True,1.0,synthetic,Ngân hàng thật,1.0,0.004515785799999999,0.9954842142,0.19999999999999996
ViSmish_04760,1,1,0.9996271,True,1.0,paraphrased,BHXH / Trợ cấp giả,1.0,0.99621056,0.0037894400000000328,0.19999999999999996
ViSmish_04761,0,0,0.997959,True,1.0,synthetic,Dịch vụ công thật,1.0,0.008653353199999998,0.9913466468,0.19999999999999996
ViSmish_04764,1,1,0.9996195,True,1.0,paraphrased,Nội dung nhạy cảm,1.0,0.9961724599999999,0.0038275400000000737,0.19999999999999996
ViSmish_04765,0,0,0.99867743,True,1.0,external_curated,P2P hard negative,1.0,0.007022765199999999,0.9929772348,0.19999999999999996
ViSmish_04766,0,0,0.99936,True,1.0,real,Viễn thông,1.0,0.004936413999999999,0.995063586,0.19999999999999996
ViSmish_04770,1,1,0.99962914,True,1.0,paraphrased,Tuyển dụng giả,1.0,0.9962208,0.0037791999999999826,0.19999999999999996
ViSmish_04772,0,0,0.9994814,True,1.0,real,Viễn thông,1.0,0.004454317399999999,0.9955456826,0.19999999999999996
ViSmish_04773,0,0,0.99936694,True,1.0,external_real,P2P hội thoại thông thường,1.0,0.004910168799999999,0.9950898312,0.19999999999999996
ViSmish_04775,1,1,0.99958056,True,1.0,paraphrased,Nội dung nhạy cảm,1.0,0.995985388,0.004014611999999973,0.19999999999999996
ViSmish_04777,1,1,0.9996202,True,1.0,paraphrased,Đòi nợ / Đe dọa,1.0,0.996175968,0.0038240320000000327,0.19999999999999996
ViSmish_04778,1,1,0.99962306,True,1.0,paraphrased,BHXH / Trợ cấp giả,1.0,0.99619046,0.00380954,0.19999999999999996
ViSmish_04779,0,0,0.9994087,True,1.0,external_real,P2P hội thoại thông thường,1.0,0.004749115599999999,0.9952508844,0.19999999999999996
ViSmish_04780,0,0,0.99932027,True,1.0,real,Khác,1.0,0.005083505399999999,0.9949164946,0.19999999999999996
ViSmish_04781,1,1,0.99960285,True,1.0,paraphrased,Crypto / Đầu tư giả,1.0,0.9960913,0.003908699999999987,0.19999999999999996
ViSmish_04782,1,1,0.9994867,True,1.0,paraphrased,BHXH / Trợ cấp giả,1.0,0.99556814,0.004431859999999954,0.19999999999999996
ViSmish_04783,0,0,0.99941516,True,1.0,real,Viễn thông,1.0,0.004723730399999999,0.9952762696,0.19999999999999996
ViSmish_04784,1,1,0.99960834,True,1.0,paraphrased,Tuyển dụng giả,1.0,0.996118128,0.0038818720000000084,0.19999999999999996
ViSmish_04785,0,0,0.99948263,True,1.0,synthetic,Thương mại điện tử,1.0,0.004448968999999999,0.995551031,0.19999999999999996
ViSmish_04786,1,1,0.9996278,True,1.0,paraphrased,Dịch vụ công giả,1.0,0.99621428,0.0037857199999999924,0.19999999999999996
ViSmish_04787,0,0,0.99947613,True,1.0,synthetic,Vận chuyển,1.0,0.004476223199999999,0.9955237768,0.19999999999999996
ViSmish_04790,1,1,0.9994885,True,1.0,synthetic_hard_positive,Giả mạo ngân hàng,1.0,0.995575392,0.0044246079999999965,0.19999999999999996
ViSmish_04791,0,0,0.99942386,True,1.0,synthetic,Tin nhắn cá nhân và OTP,1.0,0.004689635399999999,0.9953103646,0.19999999999999996
ViSmish_04793,1,1,0.9996238,True,1.0,paraphrased,BHXH / Trợ cấp giả,1.0,0.99619406,0.0038059400000000077,0.19999999999999996
ViSmish_04794,0,0,0.9994093,True,1.0,synthetic,Viễn thông,1.0,0.004746809999999999,0.99525319,0.19999999999999996
ViSmish_04795,1,1,0.9995832,True,1.0,paraphrased,Cờ bạc / Betting,1.0,0.9959978199999999,0.004002180000000077,0.19999999999999996
ViSmish_04796,0,0,0.9992719,True,1.0,external_real,P2P hội thoại thông thường,1.0,0.005256767199999999,0.9947432328,0.19999999999999996
ViSmish_04797,1,1,0.99911386,True,1.0,real,Giả mạo ngân hàng,1.0,0.99421594,0.00578405999999998,0.19999999999999996
ViSmish_04798,1,1,0.99962234,True,1.0,paraphrased,Đòi nợ / Đe dọa,1.0,0.99618686,0.0038131399999999926,0.19999999999999996
ViSmish_04799,1,1,0.9996271,True,1.0,paraphrased,Dịch vụ công giả,1.0,0.996210312,0.0037896880000000133,0.19999999999999996
ViSmish_04801,1,1,0.9995894,True,1.0,paraphrased,Nội dung nhạy cảm,1.0,0.9960271119999999,0.003972888000000063,0.19999999999999996
ViSmish_04803,1,1,0.99962676,True,1.0,paraphrased,Cờ bạc / Betting,1.0,0.9962085,0.0037914999999999477,0.19999999999999996
ViSmish_04805,1,1,0.9996055,True,1.0,paraphrased,Nội dung nhạy cảm,1.0,0.996103788,0.00389621200000001,0.19999999999999996
ViSmish_04806,1,1,0.99951005,True,1.0,paraphrased,Cờ bạc / Betting,1.0,0.99566764,0.004332360000000035,0.19999999999999996
ViSmish_04809,1,1,0.9996153,True,1.0,paraphrased,Cờ bạc / Betting,1.0,0.9961519999999999,0.0038480000000000736,0.19999999999999996
ViSmish_04810,1,1,0.9996094,True,1.0,paraphrased,BHXH / Trợ cấp giả,1.0,0.996123088,0.0038769119999999546,0.19999999999999996
ViSmish_04811,0,0,0.9993862,True,1.0,synthetic,Dịch vụ công thật,1.0,0.0048366956,0.9951633044,0.19999999999999996
ViSmish_04814,1,1,0.9995946,True,1.0,paraphrased,Cờ bạc / Betting,1.0,0.99605206,0.003947939999999983,0.19999999999999996
ViSmish_04815,0,0,0.99948186,True,1.0,synthetic,Dịch vụ y tế,1.0,0.004452315399999999,0.9955476846,0.19999999999999996
ViSmish_04816,0,0,0.9994099,True,1.0,external_real,P2P hội thoại thông thường,1.0,0.004744652199999999,0.9952553478,0.19999999999999996
ViSmish_04817,1,1,0.9994368,True,1.0,synthetic_hard_positive,Dịch vụ công giả,1.0,0.99536236,0.004637639999999998,0.19999999999999996
ViSmish_04818,0,0,0.99941504,True,1.0,synthetic,Ngân hàng thật,1.0,0.004724450799999998,0.9952755492,0.19999999999999996
ViSmish_04820,1,1,0.99934953,True,1.0,paraphrased,Dịch vụ công giả,1.0,0.9950243599999999,0.004975640000000059,0.19999999999999996
ViSmish_04822,1,1,0.99961674,True,1.0,paraphrased,Đòi nợ / Đe dọa,1.0,0.99615924,0.0038407599999999986,0.19999999999999996
ViSmish_04825,1,1,0.99927765,True,1.0,synthetic_hard_positive,Khác,1.0,0.9947636799999999,0.005236320000000072,0.19999999999999996
ViSmish_04826,0,0,0.9994825,True,1.0,synthetic,Vận chuyển,1.0,0.004449228999999999,0.995550771,0.19999999999999996
ViSmish_04829,1,1,0.99961996,True,1.0,paraphrased,Giả mạo ngân hàng,1.0,0.9961748,0.003825199999999973,0.19999999999999996
ViSmish_04830,1,1,0.9996018,True,1.0,paraphrased,Crypto / Đầu tư giả,1.0,0.99608605,0.003913950000000055,0.19999999999999996
ViSmish_04831,0,0,0.999493,True,1.0,real,Viễn thông,1.0,0.004405047799999999,0.9955949522,0.19999999999999996
ViSmish_04833,1,1,0.9995333,True,1.0,paraphrased,Crypto / Đầu tư giả,1.0,0.99576987,0.004230130000000054,0.19999999999999996
ViSmish_04834,1,1,0.9996184,True,1.0,paraphrased,Đòi nợ / Đe dọa,1.0,0.99616723,0.003832770000000041,0.19999999999999996
ViSmish_04835,1,1,0.9996216,True,1.0,paraphrased,Dịch vụ công giả,1.0,0.99618308,0.0038169200000000014,0.19999999999999996
ViSmish_04837,1,1,0.9995982,True,1.0,paraphrased,Đòi nợ / Đe dọa,1.0,0.9960688600000001,0.003931139999999944,0.19999999999999996
ViSmish_04840,1,1,0.9994997,True,1.0,paraphrased,Đòi nợ / Đe dọa,1.0,0.995623374,0.004376625999999995,0.19999999999999996
ViSmish_04841,1,1,0.99960726,True,1.0,paraphrased,Crypto / Đầu tư giả,1.0,0.99611246,0.0038875400000000226,0.19999999999999996
ViSmish_04842,0,0,0.9993624,True,1.0,real,Viễn thông,1.0,0.004927429599999999,0.9950725704,0.19999999999999996
ViSmish_04843,1,1,0.99962234,True,1.0,paraphrased,BHXH / Trợ cấp giả,1.0,0.996187032,0.003812967999999972,0.19999999999999996
ViSmish_04845,0,0,0.9994398,True,1.0,real,Viễn thông,1.0,0.004625747399999999,0.9953742526,0.19999999999999996
ViSmish_04846,0,0,0.99944216,True,1.0,real,Tin nhắn cá nhân và OTP,1.0,0.004615819399999999,0.9953841806,0.19999999999999996
ViSmish_04849,0,0,0.9993693,True,1.0,external_curated,P2P hard negative,1.0,0.004901111399999999,0.9950988886,0.19999999999999996
ViSmish_04850,0,0,0.99945444,True,1.0,real,Khác,1.0,0.004565949399999999,0.9954340506,0.19999999999999996
ViSmish_04851,0,0,0.9994155,True,1.0,real,Viễn thông,1.0,0.004722275999999999,0.995277724,0.19999999999999996
ViSmish_04852,1,1,0.9995722,True,1.0,paraphrased,Cờ bạc / Betting,1.0,0.995946134,0.004053866000000017,0.19999999999999996
ViSmish_04853,0,0,0.9994838,True,1.0,synthetic,Vận chuyển,1.0,0.004444207599999999,0.9955557924,0.19999999999999996
ViSmish_04854,0,0,0.9994937,True,1.0,real,Tin nhắn cá nhân và OTP,1.0,0.0044023553999999986,0.9955976446,0.19999999999999996
ViSmish_04855,1,1,0.9996251,True,1.0,paraphrased,Cờ bạc / Betting,1.0,0.99620042,0.0037995800000000246,0.19999999999999996
ViSmish_04856,0,0,0.99948585,True,1.0,synthetic,Dịch vụ công thật,1.0,0.004435221399999999,0.9955647786,0.19999999999999996
ViSmish_04857,0,0,0.9992403,True,1.0,synthetic,Viễn thông,1.0,0.005366920399999998,0.9946330796,0.19999999999999996
ViSmish_04858,1,1,0.999595,True,1.0,paraphrased,Tuyển dụng giả,1.0,0.996053648,0.003946352000000042,0.19999999999999996
ViSmish_04860,0,0,0.99946135,True,1.0,real,Khác,1.0,0.004537556599999999,0.9954624434,0.19999999999999996
ViSmish_04861,0,0,0.99935704,True,1.0,real,Viễn thông,1.0,0.004947446599999999,0.9950525534,0.19999999999999996
ViSmish_04862,1,1,0.99960047,True,1.0,paraphrased,Nội dung nhạy cảm,1.0,0.99607979,0.0039202099999999795,0.19999999999999996
ViSmish_04863,0,0,0.99918824,True,1.0,synthetic,Quảng cáo hợp lệ,1.0,0.005542569999999999,0.99445743,0.19999999999999996
ViSmish_04866,0,0,0.99945873,True,1.0,synthetic,Ngân hàng thật,1.0,0.004548228999999999,0.995451771,0.19999999999999996
ViSmish_04867,0,0,0.99946994,True,1.0,external_curated,P2P hard negative,1.0,0.004502196199999999,0.9954978038,0.19999999999999996
ViSmish_04868,1,1,0.9995437,True,1.0,paraphrased,Đòi nợ / Đe dọa,1.0,0.99581622,0.00418377999999997,0.19999999999999996
ViSmish_04869,1,1,0.9995338,True,1.0,synthetic_hard_positive,Tuyển dụng giả,1.0,0.99577198,0.004228019999999999,0.19999999999999996
ViSmish_04870,1,1,0.99959713,True,1.0,paraphrased,BHXH / Trợ cấp giả,1.0,0.9960638399999999,0.003936160000000077,0.19999999999999996
ViSmish_04872,1,1,0.9995766,True,1.0,paraphrased,Crypto / Đầu tư giả,1.0,0.9959667,0.004033300000000017,0.19999999999999996
ViSmish_04873,0,0,0.9993486,True,1.0,synthetic,Ngân hàng thật,1.0,0.0049792147999999994,0.9950207852,0.19999999999999996
ViSmish_04874,1,1,0.99960154,True,1.0,paraphrased,Tuyển dụng giả,1.0,0.99608506,0.003914940000000033,0.19999999999999996
ViSmish_04875,0,0,0.9994831,True,1.0,real,Tin nhắn cá nhân và OTP,1.0,0.0044469999999999996,0.995553,0.19999999999999996
ViSmish_04876,1,1,0.99961483,True,1.0,paraphrased,Cờ bạc / Betting,1.0,0.996149934,0.003850066000000041,0.19999999999999996
ViSmish_04877,0,0,0.9994646,True,1.0,real,Ngân hàng thật,1.0,0.004524380799999999,0.9954756192,0.19999999999999996
ViSmish_04879,0,0,0.9993806,True,1.0,synthetic,Ngân hàng thật,1.0,0.004858240399999999,0.9951417596,0.19999999999999996
ViSmish_04881,1,1,0.9996203,True,1.0,paraphrased,Nội dung nhạy cảm,1.0,0.99617656,0.0038234400000000113,0.19999999999999996
ViSmish_04882,0,0,0.9991949,True,1.0,real,Khác,1.0,0.005520203999999999,0.994479796,0.19999999999999996
ViSmish_04883,0,0,0.9993692,True,1.0,synthetic,Quảng cáo hợp lệ,1.0,0.004901813999999999,0.995098186,0.19999999999999996
ViSmish_04884,1,1,0.9996145,True,1.0,paraphrased,BHXH / Trợ cấp giả,1.0,0.996147966,0.003852034000000004,0.19999999999999996
ViSmish_04885,1,1,0.9996094,True,1.0,paraphrased,BHXH / Trợ cấp giả,1.0,0.99612286,0.0038771399999999456,0.19999999999999996
ViSmish_04888,0,0,0.9993998,True,1.0,external_real,P2P hội thoại thông thường,1.0,0.004784243599999999,0.9952157564,0.19999999999999996
ViSmish_04890,1,1,0.99963117,True,1.0,paraphrased,Giả mạo ngân hàng,1.0,0.99623056,0.0037694400000000128,0.19999999999999996
ViSmish_04891,0,0,0.99938774,True,1.0,real,Viễn thông,1.0,0.004830747399999999,0.9951692526,0.19999999999999996
ViSmish_04893,0,0,0.9992667,True,1.0,real,Khác,1.0,0.0052748959999999985,0.994725104,0.19999999999999996
ViSmish_04894,1,1,0.9996265,True,1.0,paraphrased,BHXH / Trợ cấp giả,1.0,0.99620754,0.0037924599999999975,0.19999999999999996
ViSmish_04895,0,0,0.99918026,True,1.0,external_real,P2P hội thoại thông thường,1.0,0.0055688779999999985,0.9944311220000001,0.19999999999999996
ViSmish_04897,0,0,0.9994481,True,1.0,external_real,P2P hội thoại thông thường,1.0,0.004591810399999999,0.9954081896,0.19999999999999996
ViSmish_04898,1,1,0.999616,True,1.0,paraphrased,Cờ bạc / Betting,1.0,0.9961559600000001,0.0038440399999999375,0.19999999999999996
ViSmish_04901,0,0,0.9994654,True,1.0,external_curated,P2P hard negative,1.0,0.004521018599999999,0.9954789814,0.19999999999999996
ViSmish_04902,1,1,0.99962044,True,1.0,paraphrased,Nội dung nhạy cảm,1.0,0.99617756,0.0038224399999999825,0.19999999999999996
ViSmish_04903,1,1,0.9995995,True,1.0,real,Tuyển dụng giả,1.0,0.9960751999999999,0.003924800000000062,0.19999999999999996
ViSmish_04904,1,1,0.9996269,True,1.0,paraphrased,Đòi nợ / Đe dọa,1.0,0.99620944,0.0037905599999999984,0.19999999999999996
ViSmish_04905,1,1,0.99948114,True,1.0,paraphrased,BHXH / Trợ cấp giả,1.0,0.9955445279999999,0.004455472000000071,0.19999999999999996
ViSmish_04906,0,0,0.99936575,True,1.0,real,Viễn thông,1.0,0.004914511999999999,0.995085488,0.19999999999999996
ViSmish_04907,0,0,0.9994295,True,1.0,real,Dịch vụ công thật,1.0,0.004666743399999999,0.9953332566,0.19999999999999996
ViSmish_04909,0,0,0.99948525,True,1.0,synthetic,Tin nhắn cá nhân và OTP,1.0,0.004438142799999999,0.9955618572,0.19999999999999996
ViSmish_04910,0,0,0.9994797,True,1.0,real,Viễn thông,1.0,0.004461561599999999,0.9955384384,0.19999999999999996
ViSmish_04911,0,0,0.9994879,True,1.0,synthetic,Thương mại điện tử,1.0,0.004426740799999999,0.9955732592,0.19999999999999996
ViSmish_04912,1,1,0.999582,True,1.0,paraphrased,Crypto / Đầu tư giả,1.0,0.9959921199999999,0.004007880000000075,0.19999999999999996
ViSmish_04913,0,0,0.9994635,True,1.0,synthetic,Quảng cáo hợp lệ,1.0,0.004528998999999999,0.995471001,0.19999999999999996
ViSmish_04914,0,0,0.99947387,True,1.0,real,Khác,1.0,0.004485687999999999,0.995514312,0.19999999999999996
ViSmish_04915,0,0,0.9993093,True,1.0,real,Viễn thông,1.0,0.0051234635999999984,0.9948765364,0.19999999999999996
ViSmish_04916,0,0,0.9994666,True,1.0,synthetic,Thương mại điện tử,1.0,0.004516203999999999,0.995483796,0.19999999999999996
ViSmish_04917,1,1,0.9995851,True,1.0,paraphrased,Cờ bạc / Betting,1.0,0.996006572,0.003993428000000021,0.19999999999999996
ViSmish_04918,1,1,0.99961853,True,1.0,paraphrased,Dịch vụ công giả,1.0,0.99616778,0.003832220000000053,0.19999999999999996
ViSmish_04919,0,0,0.99947244,True,1.0,real,Tin nhắn cá nhân và OTP,1.0,0.004491852199999999,0.9955081478,0.19999999999999996
ViSmish_04921,0,0,0.99936837,True,1.0,real,Viễn thông,1.0,0.004904920599999999,0.9950950794,0.19999999999999996
ViSmish_04922,1,1,0.9996165,True,1.0,paraphrased,Tuyển dụng giả,1.0,0.99615817,0.003841830000000046,0.19999999999999996
ViSmish_04924,0,0,0.9994863,True,1.0,real,Tin nhắn cá nhân và OTP,1.0,0.004433232599999999,0.9955667674,0.19999999999999996
ViSmish_04925,1,1,0.99961936,True,1.0,paraphrased,Cờ bạc / Betting,1.0,0.99617188,0.0038281199999999904,0.19999999999999996
ViSmish_04926,0,0,0.99948275,True,1.0,real,Tin nhắn cá nhân và OTP,1.0,0.004448714399999999,0.9955512856,0.19999999999999996
ViSmish_04927,0,0,0.99946886,True,1.0,real,Khác,1.0,0.004506442399999999,0.9954935576,0.19999999999999996
ViSmish_04929,1,1,0.9996271,True,1.0,paraphrased,Tuyển dụng giả,1.0,0.996210432,0.0037895679999999654,0.19999999999999996
ViSmish_04931,1,1,0.9996208,True,1.0,paraphrased,Cờ bạc / Betting,1.0,0.9961792700000001,0.003820729999999939,0.19999999999999996
ViSmish_04932,0,0,0.9994242,True,1.0,external_real,P2P hội thoại thông thường,1.0,0.004688203799999999,0.9953117962,0.19999999999999996
ViSmish_04933,0,0,0.9979753,True,1.0,synthetic,Quảng cáo hợp lệ,1.0,0.008620133199999998,0.9913798668,0.19999999999999996
ViSmish_04934,0,0,0.9993518,True,1.0,external_curated,P2P hard negative,1.0,0.004966999999999999,0.9950330000000001,0.19999999999999996
ViSmish_04935,1,1,0.9995995,True,1.0,paraphrased,Crypto / Đầu tư giả,1.0,0.9960753,0.003924700000000003,0.19999999999999996
ViSmish_04936,0,0,0.99933064,True,1.0,real,Viễn thông,1.0,0.005045444799999999,0.9949545552,0.19999999999999996
ViSmish_04937,0,0,0.9994848,True,1.0,real,Ngân hàng thật,1.0,0.004439819199999999,0.9955601808,0.19999999999999996
ViSmish_04939,0,0,0.99387485,True,1.0,real,Ngân hàng thật,1.0,0.014557905999999997,0.985442094,0.19999999999999996
ViSmish_04940,1,0,0.96722835,False,0.3,real,Dịch vụ công giả,0.0,1.0,0.0,0.0
ViSmish_04941,1,1,0.99954575,True,1.0,paraphrased,Tuyển dụng giả,1.0,0.99582554,0.004174459999999991,0.19999999999999996
ViSmish_04944,0,0,0.99936825,True,1.0,external_curated,P2P hard negative,1.0,0.004905370599999999,0.9950946294,0.19999999999999996
ViSmish_04945,1,1,0.9995915,True,1.0,paraphrased,BHXH / Trợ cấp giả,1.0,0.99603708,0.003962919999999981,0.19999999999999996
ViSmish_04946,0,0,0.9994804,True,1.0,synthetic,Thương mại điện tử,1.0,0.004458625599999998,0.9955413744,0.19999999999999996
ViSmish_04947,0,0,0.9994854,True,1.0,synthetic,Vận chuyển,1.0,0.004437261399999999,0.9955627386,0.19999999999999996
ViSmish_04948,0,0,0.9994791,True,1.0,real,Khác,1.0,0.004464080999999999,0.995535919,0.19999999999999996
ViSmish_04949,1,1,0.9994924,True,1.0,synthetic_hard_positive,Khác,1.0,0.99559213,0.00440786999999998,0.19999999999999996
ViSmish_04950,1,1,0.99962354,True,1.0,paraphrased,Dịch vụ công giả,1.0,0.99619272,0.0038072799999999685,0.19999999999999996
ViSmish_04951,0,0,0.9993199,True,1.0,external_curated,P2P hard negative,1.0,0.005084734799999999,0.9949152652,0.19999999999999996
ViSmish_04952,0,0,0.99946815,True,1.0,synthetic,Dịch vụ y tế,1.0,0.0045094511999999995,0.9954905488,0.19999999999999996
ViSmish_04953,0,0,0.99919325,True,1.0,external_real,P2P hội thoại thông thường,1.0,0.005526028999999998,0.994473971,0.19999999999999996
ViSmish_04954,1,1,0.99960595,True,1.0,paraphrased,BHXH / Trợ cấp giả,1.0,0.99610642,0.003893579999999952,0.19999999999999996
ViSmish_04957,0,0,0.999413,True,1.0,external_real,P2P hội thoại thông thường,1.0,0.0047323569999999995,0.995267643,0.19999999999999996
ViSmish_04958,1,1,0.9995561,True,1.0,paraphrased,Đòi nợ / Đe dọa,1.0,0.995872474,0.0041275259999999925,0.19999999999999996
ViSmish_04959,0,0,0.99946886,True,1.0,external_curated,P2P hard negative,1.0,0.004506615999999999,0.995493384,0.19999999999999996
ViSmish_04961,0,0,0.9992816,True,1.0,real,Tin nhắn cá nhân và OTP,1.0,0.005222473199999999,0.9947775268,0.19999999999999996
ViSmish_04962,0,0,0.99940324,True,1.0,real,Viễn thông,1.0,0.004770588599999999,0.9952294114,0.19999999999999996
ViSmish_04963,0,0,0.9993974,True,1.0,synthetic,Ngân hàng thật,1.0,0.0047931875999999984,0.9952068124,0.19999999999999996
ViSmish_04966,1,1,0.9995653,True,1.0,paraphrased,Cờ bạc / Betting,1.0,0.99591442,0.004085580000000033,0.19999999999999996
ViSmish_04967,1,1,0.9994198,True,1.0,synthetic_hard_positive,Khác,1.0,0.99529424,0.004705760000000003,0.19999999999999996
ViSmish_04968,1,1,0.9996201,True,1.0,paraphrased,Cờ bạc / Betting,1.0,0.99617574,0.0038242600000000238,0.19999999999999996
ViSmish_04969,0,0,0.9991893,True,1.0,real,Khác,1.0,0.005539222799999999,0.9944607772,0.19999999999999996
ViSmish_04971,0,0,0.9994771,True,1.0,synthetic,Vận chuyển,1.0,0.004472242999999999,0.995527757,0.19999999999999996
ViSmish_04972,0,0,0.99933463,True,1.0,external_real,P2P hội thoại thông thường,1.0,0.005030923,0.994969077,0.19999999999999996
ViSmish_04973,0,0,0.9993782,True,1.0,real,Viễn thông,1.0,0.0048672533999999995,0.9951327466,0.19999999999999996
ViSmish_04974,0,0,0.99942625,True,1.0,synthetic,Dịch vụ công thật,1.0,0.004679819999999999,0.99532018,0.19999999999999996
ViSmish_04975,0,0,0.99949145,True,1.0,synthetic,Quảng cáo hợp lệ,1.0,0.004411666799999998,0.9955883332,0.19999999999999996
ViSmish_04976,1,1,0.99959284,True,1.0,paraphrased,Dịch vụ công giả,1.0,0.99604314,0.003956859999999951,0.19999999999999996
ViSmish_04977,0,0,0.99919444,True,1.0,synthetic,Quảng cáo hợp lệ,1.0,0.005522107999999999,0.994477892,0.19999999999999996
ViSmish_04978,1,1,0.99961215,True,1.0,paraphrased,Crypto / Đầu tư giả,1.0,0.9961364,0.003863599999999967,0.19999999999999996
ViSmish_04980,1,1,0.9995982,True,1.0,paraphrased,Giả mạo ngân hàng,1.0,0.996068812,0.00393118800000003,0.19999999999999996
ViSmish_04982,1,1,0.99960595,True,1.0,paraphrased,Cờ bạc / Betting,1.0,0.9961064,0.0038936000000000526,0.19999999999999996
ViSmish_04983,0,0,0.9994137,True,1.0,synthetic,Tin nhắn cá nhân và OTP,1.0,0.004729638999999999,0.995270361,0.19999999999999996
ViSmish_04984,0,0,0.999419,True,1.0,synthetic,Ngân hàng thật,1.0,0.004708996799999999,0.9952910032,0.19999999999999996
ViSmish_04985,0,0,0.99894255,True,1.0,external_curated,P2P hard negative,1.0,0.006302178599999998,0.9936978214,0.19999999999999996
ViSmish_04988,1,1,0.9995746,True,1.0,paraphrased,Nội dung nhạy cảm,1.0,0.99595742,0.004042580000000018,0.19999999999999996
ViSmish_04989,0,0,0.9994923,True,1.0,synthetic,Vận chuyển,1.0,0.004408157599999999,0.9955918424,0.19999999999999996
ViSmish_04991,1,1,0.9996263,True,1.0,paraphrased,BHXH / Trợ cấp giả,1.0,0.996206068,0.003793932,0.19999999999999996
ViSmish_04993,1,1,0.9995776,True,1.0,synthetic_hard_positive,Đòi nợ / Đe dọa,1.0,0.99597136,0.004028640000000028,0.19999999999999996
ViSmish_04994,1,1,0.99939084,True,1.0,real,Tuyển dụng giả,1.0,0.99518118,0.0048188200000000014,0.19999999999999996
ViSmish_04995,1,1,0.74788713,True,0.7,real,Giả mạo ngân hàng,0.7,0.9485737818000001,0.05142621819999993,0.13999999999999996
ViSmish_04997,0,0,0.99940014,True,1.0,synthetic,Dịch vụ công thật,1.0,0.004782838799999999,0.9952171612,0.19999999999999996
ViSmish_04998,0,0,0.9993293,True,1.0,external_curated,P2P hard negative,1.0,0.005050634999999999,0.994949365,0.19999999999999996
ViSmish_04999,1,1,0.99962616,True,1.0,paraphrased,Giả mạo ngân hàng,1.0,0.9962057,0.003794300000000028,0.19999999999999996
ViSmish_05000,0,0,0.9994849,True,1.0,synthetic,Thương mại điện tử,1.0,0.004439512599999999,0.9955604874,0.19999999999999996
ViSmish_05002,0,0,0.99877495,True,1.0,external_real,P2P hội thoại thông thường,1.0,0.006767344399999998,0.9932326556,0.19999999999999996
ViSmish_05005,1,1,0.9996284,True,1.0,paraphrased,Tuyển dụng giả,1.0,0.99621731,0.0037826899999999775,0.19999999999999996
ViSmish_05007,1,1,0.9996019,True,1.0,paraphrased,Crypto / Đầu tư giả,1.0,0.99608662,0.003913379999999966,0.19999999999999996
ViSmish_05008,0,0,0.9994746,True,1.0,synthetic,Tin nhắn cá nhân và OTP,1.0,0.004482864199999999,0.9955171358,0.19999999999999996
ViSmish_05009,1,1,0.99960285,True,1.0,paraphrased,BHXH / Trợ cấp giả,1.0,0.99609104,0.003908959999999961,0.19999999999999996
ViSmish_05010,0,0,0.9994267,True,1.0,real,Quảng cáo hợp lệ,1.0,0.004677887199999999,0.9953221128,0.19999999999999996
ViSmish_05011,1,1,0.9996081,True,1.0,paraphrased,Crypto / Đầu tư giả,1.0,0.99611664,0.0038833600000000024,0.19999999999999996
ViSmish_05012,1,1,0.99953485,True,1.0,synthetic_hard_positive,Khác,1.0,0.995776248,0.004223752000000025,0.19999999999999996
ViSmish_05013,1,1,0.99961334,True,1.0,paraphrased,BHXH / Trợ cấp giả,1.0,0.996142232,0.003857768000000039,0.19999999999999996
ViSmish_05014,1,1,0.9995994,True,1.0,paraphrased,Nội dung nhạy cảm,1.0,0.9960747999999999,0.003925200000000073,0.19999999999999996
ViSmish_05015,0,0,0.99922955,True,1.0,real,Dịch vụ công thật,1.0,0.005403697399999999,0.9945963026,0.19999999999999996
ViSmish_05016,0,0,0.9994832,True,1.0,synthetic,Dịch vụ công thật,1.0,0.004446447199999998,0.9955535528,0.19999999999999996
ViSmish_05017,0,0,0.99943024,True,1.0,real,Viễn thông,1.0,0.004663987399999999,0.9953360126,0.19999999999999996
ViSmish_05019,1,1,0.99948126,True,1.0,paraphrased,Đòi nợ / Đe dọa,1.0,0.99554494,0.004455059999999955,0.19999999999999996
ViSmish_05020,0,0,0.9994622,True,1.0,synthetic,Tin nhắn cá nhân và OTP,1.0,0.0045344665999999985,0.9954655334,0.19999999999999996
ViSmish_05021,0,0,0.9994642,True,1.0,synthetic,Tin nhắn cá nhân và OTP,1.0,0.004526145999999999,0.995473854,0.19999999999999996
ViSmish_05024,0,0,0.99948394,True,1.0,synthetic,Ngân hàng thật,1.0,0.004443432799999999,0.9955565672,0.19999999999999996
ViSmish_05025,0,0,0.9993766,True,1.0,real,Viễn thông,1.0,0.004873681799999999,0.9951263182,0.19999999999999996
ViSmish_05026,1,1,0.9995291,True,1.0,synthetic_hard_positive,Đòi nợ / Đe dọa,1.0,0.9957511,0.0042489,0.19999999999999996
ViSmish_05027,0,0,0.9993206,True,1.0,real,Viễn thông,1.0,0.005082298399999999,0.9949177016,0.19999999999999996
ViSmish_05028,0,0,0.99932885,True,1.0,external_real,P2P hội thoại thông thường,1.0,0.005052027999999999,0.994947972,0.19999999999999996
ViSmish_05029,0,0,0.999483,True,1.0,synthetic,Viễn thông,1.0,0.004447333199999999,0.9955526668,0.19999999999999996
ViSmish_05030,0,0,0.99947864,True,1.0,synthetic,Vận chuyển,1.0,0.004465783799999999,0.9955342162,0.19999999999999996
ViSmish_05032,0,0,0.9991732,True,1.0,real,Khác,1.0,0.005592186399999999,0.9944078136,0.19999999999999996
ViSmish_05034,1,1,0.999627,True,1.0,paraphrased,BHXH / Trợ cấp giả,1.0,0.9962097599999999,0.003790240000000056,0.19999999999999996
ViSmish_05037,1,1,0.99962056,True,1.0,paraphrased,Cờ bạc / Betting,1.0,0.99617808,0.003821920000000034,0.19999999999999996
ViSmish_05038,1,1,0.9996246,True,1.0,paraphrased,Đòi nợ / Đe dọa,1.0,0.996197832,0.0038021679999999947,0.19999999999999996
ViSmish_05039,0,0,0.9994943,True,1.0,real,Tin nhắn cá nhân và OTP,1.0,0.004399565599999999,0.9956004344,0.19999999999999996
ViSmish_05040,0,0,0.9963091,True,1.0,external_real,P2P hội thoại thông thường,1.0,0.011474532599999997,0.9885254674,0.19999999999999996
ViSmish_05041,1,1,0.9996252,True,1.0,paraphrased,Tuyển dụng giả,1.0,0.99620088,0.0037991200000000447,0.19999999999999996
ViSmish_05042,1,1,0.99953663,True,1.0,paraphrased,Đòi nợ / Đe dọa,1.0,0.99578422,0.004215780000000002,0.19999999999999996
ViSmish_05043,0,0,0.9993973,True,1.0,external_curated,P2P hard negative,1.0,0.004793845199999999,0.9952061548,0.19999999999999996
ViSmish_05044,1,1,0.9995178,True,1.0,synthetic_hard_positive,Giả mạo ngân hàng,1.0,0.99570168,0.004298319999999967,0.19999999999999996
ViSmish_05045,0,0,0.9994373,True,1.0,synthetic,Quảng cáo hợp lệ,1.0,0.004635446799999999,0.9953645532,0.19999999999999996
ViSmish_05047,0,0,0.99943334,True,1.0,synthetic,Ngân hàng thật,1.0,0.004651488799999999,0.9953485112,0.19999999999999996
ViSmish_05048,0,0,0.9890515,True,1.0,real,Khác,1.0,0.019039285199999995,0.9809607148,0.19999999999999996
ViSmish_05051,0,0,0.99942243,True,1.0,synthetic,Tin nhắn cá nhân và OTP,1.0,0.004695077599999999,0.9953049224,0.19999999999999996
ViSmish_05052,1,1,0.9995503,True,1.0,paraphrased,Nội dung nhạy cảm,1.0,0.99584612,0.004153880000000054,0.19999999999999996
ViSmish_05059,0,0,0.99931383,True,1.0,real,Viễn thông,1.0,0.005106745599999999,0.9948932544,0.19999999999999996
ViSmish_05060,1,1,0.99962616,True,1.0,paraphrased,BHXH / Trợ cấp giả,1.0,0.9962055400000001,0.003794459999999944,0.19999999999999996
ViSmish_05062,1,1,0.99948525,True,1.0,synthetic_hard_positive,Khác,1.0,0.995562148,0.00443785200000002,0.19999999999999996
ViSmish_05063,0,0,0.9994541,True,1.0,synthetic,Thương mại điện tử,1.0,0.004567431999999999,0.995432568,0.19999999999999996
ViSmish_05064,1,1,0.999597,True,1.0,paraphrased,Crypto / Đầu tư giả,1.0,0.9960632,0.0039367999999999626,0.19999999999999996
ViSmish_05065,0,0,0.9992735,True,1.0,real,Khác,1.0,0.005251045999999999,0.994748954,0.19999999999999996
ViSmish_05066,1,1,0.99960274,True,1.0,paraphrased,Crypto / Đầu tư giả,1.0,0.996090948,0.003909052000000024,0.19999999999999996
ViSmish_05067,1,1,0.9996263,True,1.0,paraphrased,Tuyển dụng giả,1.0,0.9962066199999999,0.0037933800000000684,0.19999999999999996
ViSmish_05070,1,1,0.99956423,True,1.0,paraphrased,Crypto / Đầu tư giả,1.0,0.995909274,0.0040907260000000445,0.19999999999999996
ViSmish_05071,1,1,0.9996137,True,1.0,paraphrased,Crypto / Đầu tư giả,1.0,0.996144092,0.003855908000000019,0.19999999999999996
ViSmish_05073,1,1,0.99960846,True,1.0,paraphrased,Cờ bạc / Betting,1.0,0.99611866,0.0038813399999999554,0.19999999999999996
ViSmish_05075,1,1,0.9995704,True,1.0,paraphrased,Crypto / Đầu tư giả,1.0,0.99593794,0.0040620599999999785,0.19999999999999996
ViSmish_05076,0,0,0.999468,True,1.0,synthetic,Thương mại điện tử,1.0,0.004510009599999999,0.9954899904,0.19999999999999996
ViSmish_05078,1,1,0.9996007,True,1.0,paraphrased,Cờ bạc / Betting,1.0,0.99608082,0.003919180000000022,0.19999999999999996
ViSmish_05079,1,1,0.99960333,True,1.0,real,Tuyển dụng giả,1.0,0.99609356,0.0039064399999999555,0.19999999999999996
ViSmish_05080,1,1,0.9995814,True,1.0,synthetic_hard_positive,Tuyển dụng giả,1.0,0.99598946,0.004010540000000007,0.19999999999999996
ViSmish_05081,1,1,0.9994881,True,1.0,synthetic_hard_positive,Dịch vụ công giả,1.0,0.995574368,0.004425632000000013,0.19999999999999996
ViSmish_05082,1,1,0.9996294,True,1.0,paraphrased,BHXH / Trợ cấp giả,1.0,0.996221948,0.0037780520000000317,0.19999999999999996
ViSmish_05083,1,1,0.99959975,True,1.0,paraphrased,BHXH / Trợ cấp giả,1.0,0.996076394,0.003923605999999968,0.19999999999999996
ViSmish_05085,0,0,0.9980134,True,1.0,real,Dịch vụ công thật,1.0,0.008541957999999997,0.991458042,0.19999999999999996
ViSmish_05086,1,1,0.999608,True,1.0,paraphrased,Dịch vụ công giả,1.0,0.9961163,0.0038837000000000454,0.19999999999999996
ViSmish_05087,1,1,0.9996132,True,1.0,paraphrased,Nội dung nhạy cảm,1.0,0.99614141,0.003858589999999995,0.19999999999999996
ViSmish_05090,1,1,0.999564,True,1.0,paraphrased,Cờ bạc / Betting,1.0,0.9959083,0.004091700000000031,0.19999999999999996
ViSmish_05095,0,0,0.99943715,True,1.0,real,Viễn thông,1.0,0.004636103599999999,0.9953638964,0.19999999999999996
ViSmish_05096,1,1,0.99960274,True,1.0,paraphrased,Dịch vụ công giả,1.0,0.99609083,0.003909170000000017,0.19999999999999996
ViSmish_05097,1,1,0.9996152,True,1.0,paraphrased,Dịch vụ công giả,1.0,0.99615164,0.003848359999999995,0.19999999999999996
ViSmish_05099,0,0,0.999337,True,1.0,real,Viễn thông,1.0,0.005022032999999999,0.994977967,0.19999999999999996
ViSmish_05100,0,0,0.99947554,True,1.0,synthetic,Dịch vụ y tế,1.0,0.004478991799999998,0.9955210082,0.19999999999999996
ViSmish_05101,0,0,0.99949765,True,1.0,synthetic,Thương mại điện tử,1.0,0.0043851505999999985,0.9956148494,0.19999999999999996
ViSmish_05102,1,1,0.99961674,True,1.0,paraphrased,Nội dung nhạy cảm,1.0,0.99615906,0.003840940000000015,0.19999999999999996
ViSmish_05105,0,0,0.9990978,True,1.0,real,Viễn thông,1.0,0.005834861999999999,0.994165138,0.19999999999999996
ViSmish_05107,0,0,0.9993352,True,1.0,real,Khác,1.0,0.005028365199999999,0.9949716348,0.19999999999999996
ViSmish_05109,1,1,0.99959844,True,1.0,paraphrased,Crypto / Đầu tư giả,1.0,0.99607028,0.003929720000000025,0.19999999999999996
ViSmish_05110,0,0,0.9989293,True,1.0,external_curated,P2P hard negative,1.0,0.006340129999999998,0.99365987,0.19999999999999996
ViSmish_05111,1,1,0.9996153,True,1.0,paraphrased,Đòi nợ / Đe dọa,1.0,0.996151912,0.0038480880000000273,0.19999999999999996
ViSmish_05113,0,0,0.99942243,True,1.0,synthetic,Viễn thông,1.0,0.004695204199999999,0.9953047958,0.19999999999999996
ViSmish_05114,1,1,0.99961406,True,1.0,paraphrased,Giả mạo ngân hàng,1.0,0.9961457140000001,0.003854285999999929,0.19999999999999996
ViSmish_05116,1,1,0.9995766,True,1.0,paraphrased,Nội dung nhạy cảm,1.0,0.9959671,0.004032900000000006,0.19999999999999996
ViSmish_05117,1,1,0.9996315,True,1.0,paraphrased,BHXH / Trợ cấp giả,1.0,0.99623276,0.0037672399999999495,0.19999999999999996
ViSmish_05118,0,0,0.9992791,True,1.0,external_curated,P2P hard negative,1.0,0.005231529199999999,0.9947684708,0.19999999999999996
ViSmish_05119,0,0,0.999408,True,1.0,real,Viễn thông,1.0,0.0047520798,0.9952479202,0.19999999999999996
ViSmish_05120,0,0,0.99892586,True,1.0,synthetic,Ngân hàng thật,1.0,0.006350081399999999,0.9936499186,0.19999999999999996
ViSmish_05121,1,1,0.9996259,True,1.0,paraphrased,Cờ bạc / Betting,1.0,0.9962044800000001,0.003795519999999941,0.19999999999999996
ViSmish_05122,1,1,0.9996277,True,1.0,paraphrased,Giả mạo ngân hàng,1.0,0.9962137799999999,0.0037862200000000623,0.19999999999999996
ViSmish_05123,1,1,0.99962413,True,1.0,paraphrased,BHXH / Trợ cấp giả,1.0,0.996195626,0.0038043739999999993,0.19999999999999996
ViSmish_05124,1,1,0.9996307,True,1.0,paraphrased,Tuyển dụng giả,1.0,0.99622826,0.0037717400000000234,0.19999999999999996
ViSmish_05126,1,1,0.9995908,True,1.0,paraphrased,Nội dung nhạy cảm,1.0,0.9960338479999999,0.003966152000000056,0.19999999999999996
ViSmish_05127,1,1,0.9996158,True,1.0,paraphrased,Dịch vụ công giả,1.0,0.9961545199999999,0.0038454800000000677,0.19999999999999996
ViSmish_05128,1,1,0.9996119,True,1.0,paraphrased,Tuyển dụng giả,1.0,0.99613516,0.0038648399999999805,0.19999999999999996
ViSmish_05129,0,0,0.9994673,True,1.0,synthetic,Viễn thông,1.0,0.004513184799999999,0.9954868152,0.19999999999999996
ViSmish_05130,1,0,0.9393576,False,0.3,real,Khác,0.0,1.0,0.0,0.0
ViSmish_05131,1,1,0.999571,True,1.0,paraphrased,Cờ bạc / Betting,1.0,0.99594106,0.004058939999999955,0.19999999999999996
ViSmish_05132,1,1,0.9996244,True,1.0,paraphrased,Nội dung nhạy cảm,1.0,0.9961967700000001,0.0038032299999999353,0.19999999999999996
ViSmish_05134,0,0,0.9994894,True,1.0,synthetic,Ngân hàng thật,1.0,0.004420423199999999,0.9955795768,0.19999999999999996
ViSmish_05135,1,1,0.9996176,True,1.0,paraphrased,Giả mạo ngân hàng,1.0,0.99616338,0.0038366199999999573,0.19999999999999996
ViSmish_05137,0,0,0.9995029,True,1.0,synthetic,Thương mại điện tử,1.0,0.004362970999999999,0.995637029,0.19999999999999996
ViSmish_05138,0,0,0.9994653,True,1.0,synthetic,Viễn thông,1.0,0.004521700799999999,0.9954782992,0.19999999999999996
ViSmish_05139,1,1,0.9995977,True,1.0,paraphrased,Dịch vụ công giả,1.0,0.996066868,0.003933132000000006,0.19999999999999996
ViSmish_05140,1,1,0.9996126,True,1.0,paraphrased,Giả mạo ngân hàng,1.0,0.99613888,0.003861120000000051,0.19999999999999996
ViSmish_05142,0,0,0.99943405,True,1.0,synthetic,Thương mại điện tử,1.0,0.004648343999999999,0.995351656,0.19999999999999996
ViSmish_05145,0,0,0.999491,True,1.0,synthetic,Vận chuyển,1.0,0.004413709799999999,0.9955862902,0.19999999999999996
ViSmish_05146,0,0,0.9994405,True,1.0,real,Viễn thông,1.0,0.004622524999999999,0.995377475,0.19999999999999996
ViSmish_05147,0,0,0.9993788,True,1.0,external_real,P2P hội thoại thông thường,1.0,0.0048650171999999985,0.9951349828,0.19999999999999996
ViSmish_05148,0,0,0.99915075,True,1.0,real,Dịch vụ công thật,1.0,0.0056655835999999985,0.9943344164,0.19999999999999996
ViSmish_05151,1,1,0.99963367,True,1.0,paraphrased,Dịch vụ công giả,1.0,0.99624362,0.0037563800000000036,0.19999999999999996
ViSmish_05152,1,1,0.9996043,True,1.0,paraphrased,Đòi nợ / Đe dọa,1.0,0.99609796,0.003902040000000051,0.19999999999999996
ViSmish_05155,1,1,0.9996184,True,1.0,paraphrased,Nội dung nhạy cảm,1.0,0.99616741,0.0038325900000000246,0.19999999999999996
ViSmish_05156,1,1,0.99961936,True,1.0,paraphrased,Tuyển dụng giả,1.0,0.99617198,0.003828020000000043,0.19999999999999996
ViSmish_05157,1,1,0.9995995,True,1.0,paraphrased,Giả mạo ngân hàng,1.0,0.9960753920000001,0.003924607999999941,0.19999999999999996
ViSmish_05160,0,0,0.999428,True,1.0,synthetic,Viễn thông,1.0,0.004673077199999999,0.9953269228,0.19999999999999996
ViSmish_05161,1,1,0.99957865,True,1.0,paraphrased,Giả mạo ngân hàng,1.0,0.99597618,0.004023820000000011,0.19999999999999996
ViSmish_05162,1,1,0.9996063,True,1.0,paraphrased,Tuyển dụng giả,1.0,0.996107888,0.0038921119999999476,0.19999999999999996
ViSmish_05164,0,0,0.9994722,True,1.0,external_real,P2P hội thoại thông thường,1.0,0.004492983599999999,0.9955070164,0.19999999999999996
ViSmish_05165,1,1,0.99960107,True,1.0,paraphrased,BHXH / Trợ cấp giả,1.0,0.996082974,0.00391702599999999,0.19999999999999996
ViSmish_05166,1,1,0.9995679,True,1.0,paraphrased,Nội dung nhạy cảm,1.0,0.995926714,0.004073286000000009,0.19999999999999996
ViSmish_05167,1,1,0.999549,True,1.0,paraphrased,Crypto / Đầu tư giả,1.0,0.9958401,0.004159899999999994,0.19999999999999996
ViSmish_05168,1,1,0.99961925,True,1.0,paraphrased,Crypto / Đầu tư giả,1.0,0.996171546,0.003828453999999981,0.19999999999999996
ViSmish_05170,1,1,0.9995546,True,1.0,paraphrased,Crypto / Đầu tư giả,1.0,0.99586552,0.0041344800000000514,0.19999999999999996
ViSmish_05171,1,1,0.99957985,True,1.0,paraphrased,Đòi nợ / Đe dọa,1.0,0.9959818,0.004018199999999972,0.19999999999999996
ViSmish_05173,1,1,0.9995875,True,1.0,paraphrased,BHXH / Trợ cấp giả,1.0,0.9960180000000001,0.00398199999999993,0.19999999999999996
ViSmish_05174,1,1,0.9994311,True,1.0,paraphrased,Giả mạo ngân hàng,1.0,0.99533932,0.004660679999999973,0.19999999999999996
ViSmish_05175,0,0,0.9994856,True,1.0,real,Viễn thông,1.0,0.004436434399999999,0.9955635656,0.19999999999999996
ViSmish_05176,1,1,0.9995958,True,1.0,paraphrased,Giả mạo ngân hàng,1.0,0.99605728,0.003942719999999955,0.19999999999999996
ViSmish_05177,0,0,0.9993339,True,1.0,real,Khác,1.0,0.005033416599999999,0.9949665834,0.19999999999999996
ViSmish_05178,1,1,0.99961925,True,1.0,paraphrased,Tuyển dụng giả,1.0,0.99617158,0.0038284200000000546,0.19999999999999996
ViSmish_05179,1,1,0.99961144,True,1.0,paraphrased,Crypto / Đầu tư giả,1.0,0.996132946,0.003867053999999981,0.19999999999999996
ViSmish_05180,0,0,0.9992472,True,1.0,synthetic,Dịch vụ y tế,1.0,0.005343040399999999,0.9946569596,0.19999999999999996
ViSmish_05181,0,0,0.9994122,True,1.0,real,Viễn thông,1.0,0.004735395599999999,0.9952646044,0.19999999999999996
ViSmish_05182,0,0,0.99908924,True,1.0,synthetic,Quảng cáo hợp lệ,1.0,0.005861680999999999,0.994138319,0.19999999999999996
ViSmish_05183,0,0,0.9993843,True,1.0,external_real,P2P hội thoại thông thường,1.0,0.004843881399999999,0.9951561186,0.19999999999999996
ViSmish_05184,0,0,0.9994832,True,1.0,synthetic,Thương mại điện tử,1.0,0.004446640999999999,0.995553359,0.19999999999999996
ViSmish_05188,0,0,0.99932456,True,1.0,external_curated,P2P hard negative,1.0,0.005067871199999999,0.9949321288,0.19999999999999996
ViSmish_05189,1,1,0.99956876,True,1.0,paraphrased,Nội dung nhạy cảm,1.0,0.9959305,0.004069499999999948,0.19999999999999996
ViSmish_05190,0,0,0.99935,True,1.0,real,Viễn thông,1.0,0.004973562399999999,0.9950264376,0.19999999999999996
ViSmish_05192,0,0,0.9993956,True,1.0,external_real,P2P hội thoại thông thường,1.0,0.004800255999999999,0.995199744,0.19999999999999996
ViSmish_05194,1,1,0.99953926,True,1.0,paraphrased,Nội dung nhạy cảm,1.0,0.9957963400000001,0.0042036599999999424,0.19999999999999996
ViSmish_05197,0,0,0.99942136,True,1.0,external_curated,P2P hard negative,1.0,0.004699167599999999,0.9953008324,0.19999999999999996
ViSmish_05198,0,0,0.99945134,True,1.0,external_curated,P2P hard negative,1.0,0.004578801599999999,0.9954211984,0.19999999999999996
ViSmish_05199,1,1,0.9996277,True,1.0,paraphrased,Tuyển dụng giả,1.0,0.99621346,0.003786540000000005,0.19999999999999996
ViSmish_05200,0,0,0.9994702,True,1.0,real,Khác,1.0,0.004501260799999999,0.9954987392,0.19999999999999996
ViSmish_05201,1,1,0.9996061,True,1.0,paraphrased,Dịch vụ công giả,1.0,0.9961067,0.0038932999999999884,0.19999999999999996
ViSmish_05202,0,0,0.9993863,True,1.0,synthetic,Quảng cáo hợp lệ,1.0,0.004836343599999999,0.9951636564,0.19999999999999996
ViSmish_05204,1,1,0.999605,True,1.0,paraphrased,Crypto / Đầu tư giả,1.0,0.9961017,0.003898300000000021,0.19999999999999996
ViSmish_05205,0,0,0.9994618,True,1.0,synthetic,Ngân hàng thật,1.0,0.0045357487999999994,0.9954642512,0.19999999999999996
ViSmish_05206,1,1,0.99962175,True,1.0,paraphrased,Tuyển dụng giả,1.0,0.996183586,0.00381641399999999,0.19999999999999996
ViSmish_05207,1,1,0.9996238,True,1.0,paraphrased,Giả mạo ngân hàng,1.0,0.99619366,0.003806340000000019,0.19999999999999996
ViSmish_05208,0,0,0.9989814,True,1.0,real,Dịch vụ công thật,1.0,0.0061884485999999985,0.9938115514,0.19999999999999996
ViSmish_05209,0,0,0.9994855,True,1.0,synthetic,Thương mại điện tử,1.0,0.004436880799999999,0.9955631192,0.19999999999999996
ViSmish_05210,1,1,0.9996152,True,1.0,paraphrased,BHXH / Trợ cấp giả,1.0,0.99615177,0.003848230000000008,0.19999999999999996
ViSmish_05212,0,0,0.99939454,True,1.0,external_curated,P2P hard negative,1.0,0.004804461399999999,0.9951955386,0.19999999999999996
ViSmish_05213,1,1,0.9996101,True,1.0,paraphrased,Nội dung nhạy cảm,1.0,0.996126592,0.0038734080000000226,0.19999999999999996
ViSmish_05214,1,1,0.99949443,True,1.0,synthetic_hard_positive,Khác,1.0,0.99560088,0.004399119999999979,0.19999999999999996
ViSmish_05215,1,1,0.9996061,True,1.0,paraphrased,Crypto / Đầu tư giả,1.0,0.9961066199999999,0.0038933800000000574,0.19999999999999996
ViSmish_05216,0,0,0.99940264,True,1.0,real,Vận chuyển,1.0,0.0047727579999999985,0.995227242,0.19999999999999996
ViSmish_05217,0,0,0.9994318,True,1.0,synthetic,Dịch vụ y tế,1.0,0.004657629999999999,0.99534237,0.19999999999999996
ViSmish_05218,1,1,0.9995696,True,1.0,paraphrased,Nội dung nhạy cảm,1.0,0.995934034,0.004065965999999976,0.19999999999999996
ViSmish_05221,0,0,0.99936014,True,1.0,real,Viễn thông,1.0,0.004935934799999999,0.9950640652,0.19999999999999996
ViSmish_05223,0,0,0.99939466,True,1.0,real,Khác,1.0,0.0048039697999999985,0.9951960302,0.19999999999999996
ViSmish_05224,0,0,0.99941504,True,1.0,external_real,P2P hội thoại thông thường,1.0,0.004724451599999999,0.9952755484,0.19999999999999996
ViSmish_05225,0,0,0.999433,True,1.0,real,Ngân hàng thật,1.0,0.004652851399999999,0.9953471486,0.19999999999999996
ViSmish_05227,0,0,0.9994293,True,1.0,external_curated,P2P hard negative,1.0,0.004667596599999999,0.9953324034,0.19999999999999996
ViSmish_05228,1,1,0.99962926,True,1.0,paraphrased,BHXH / Trợ cấp giả,1.0,0.9962215,0.003778500000000018,0.19999999999999996
ViSmish_05229,0,0,0.9993617,True,1.0,real,Viễn thông,1.0,0.004929974599999999,0.9950700254,0.19999999999999996
ViSmish_05231,1,1,0.9995969,True,1.0,paraphrased,Dịch vụ công giả,1.0,0.9960628,0.003937199999999974,0.19999999999999996
ViSmish_05232,1,1,0.9996321,True,1.0,paraphrased,Cờ bạc / Betting,1.0,0.996235288,0.003764711999999948,0.19999999999999996
ViSmish_05233,1,1,0.9992156,True,1.0,real,Giả mạo ngân hàng,1.0,0.994549286,0.005450713999999968,0.19999999999999996
ViSmish_05234,1,1,0.99961394,True,1.0,paraphrased,Crypto / Đầu tư giả,1.0,0.996145034,0.003854966000000015,0.19999999999999996
ViSmish_05235,1,1,0.99960595,True,1.0,paraphrased,Cờ bạc / Betting,1.0,0.99610635,0.0038936499999999707,0.19999999999999996
ViSmish_05236,0,0,0.99947375,True,1.0,synthetic,Viễn thông,1.0,0.0044864979999999985,0.995513502,0.19999999999999996
ViSmish_05239,1,1,0.99962807,True,1.0,paraphrased,Đòi nợ / Đe dọa,1.0,0.9962152719999999,0.0037847280000000705,0.19999999999999996
ViSmish_05241,1,1,0.99961805,True,1.0,paraphrased,Giả mạo ngân hàng,1.0,0.9961656400000001,0.0038343599999999256,0.19999999999999996
ViSmish_05243,1,1,0.99962056,True,1.0,paraphrased,Giả mạo ngân hàng,1.0,0.9961778,0.003822199999999998,0.19999999999999996
ViSmish_05246,0,0,0.9992459,True,1.0,synthetic,Ngân hàng thật,1.0,0.005347551399999999,0.9946524486,0.19999999999999996
ViSmish_05248,1,1,0.99957484,True,1.0,paraphrased,Crypto / Đầu tư giả,1.0,0.99595859,0.004041410000000023,0.19999999999999996
ViSmish_05249,0,0,0.99947757,True,1.0,real,Khác,1.0,0.004470580399999999,0.9955294196,0.19999999999999996
ViSmish_05250,0,0,0.9993199,True,1.0,real,Viễn thông,1.0,0.005084667399999999,0.9949153326,0.19999999999999996
ViSmish_05253,0,0,0.9993643,True,1.0,real,Viễn thông,1.0,0.004920037999999999,0.995079962,0.19999999999999996
ViSmish_05254,1,1,0.99962795,True,1.0,paraphrased,Tuyển dụng giả,1.0,0.9962146519999999,0.003785348000000077,0.19999999999999996
ViSmish_05255,1,1,0.99958247,True,1.0,paraphrased,Cờ bạc / Betting,1.0,0.99599436,0.0040056400000000325,0.19999999999999996
ViSmish_05258,0,0,0.99931467,True,1.0,external_real,P2P hội thoại thông thường,1.0,0.0051041431999999986,0.9948958568,0.19999999999999996
ViSmish_05259,0,0,0.99945575,True,1.0,real,Quảng cáo hợp lệ,1.0,0.004560518599999999,0.9954394814,0.19999999999999996
ViSmish_05260,1,1,0.9995976,True,1.0,paraphrased,Đòi nợ / Đe dọa,1.0,0.9960662,0.003933799999999987,0.19999999999999996
ViSmish_05261,0,0,0.9994912,True,1.0,synthetic,Vận chuyển,1.0,0.0044125699999999985,0.99558743,0.19999999999999996
ViSmish_05262,1,1,0.9995895,True,1.0,paraphrased,Tuyển dụng giả,1.0,0.99602758,0.0039724199999999765,0.19999999999999996
ViSmish_05267,1,1,0.9995827,True,1.0,paraphrased,Crypto / Đầu tư giả,1.0,0.9959956,0.004004400000000019,0.19999999999999996
ViSmish_05268,1,1,0.99961346,True,1.0,paraphrased,Đòi nợ / Đe dọa,1.0,0.996142948,0.003857051999999972,0.19999999999999996
ViSmish_05269,1,1,0.99962175,True,1.0,paraphrased,Cờ bạc / Betting,1.0,0.99618361,0.003816390000000003,0.19999999999999996
ViSmish_05271,0,0,0.99924636,True,1.0,external_curated,P2P hard negative,1.0,0.005345792399999999,0.9946542076,0.19999999999999996
ViSmish_05272,1,1,0.99961984,True,1.0,paraphrased,Crypto / Đầu tư giả,1.0,0.996174252,0.0038257480000000177,0.19999999999999996
ViSmish_05273,1,1,0.9995158,True,1.0,paraphrased,Giả mạo ngân hàng,1.0,0.9956925400000001,0.00430745999999993,0.19999999999999996
ViSmish_05274,0,0,0.9994068,True,1.0,real,Viễn thông,1.0,0.004756618599999999,0.9952433814,0.19999999999999996
ViSmish_05277,1,1,0.99962246,True,1.0,paraphrased,Dịch vụ công giả,1.0,0.9961876860000001,0.003812313999999928,0.19999999999999996
ViSmish_05278,1,1,0.9993104,True,1.0,real,Tuyển dụng giả,1.0,0.99488056,0.005119439999999975,0.19999999999999996
ViSmish_05279,1,1,0.9996123,True,1.0,paraphrased,Crypto / Đầu tư giả,1.0,0.99613712,0.003862880000000013,0.19999999999999996
ViSmish_05280,1,1,0.9996284,True,1.0,paraphrased,Đòi nợ / Đe dọa,1.0,0.996217012,0.003782987999999987,0.19999999999999996
ViSmish_05282,0,0,0.99949086,True,1.0,real,Tin nhắn cá nhân và OTP,1.0,0.004414159399999999,0.9955858406,0.19999999999999996
ViSmish_05283,1,1,0.9995974,True,1.0,paraphrased,Giả mạo ngân hàng,1.0,0.9960651,0.003934899999999963,0.19999999999999996
ViSmish_05284,1,1,0.9995241,True,1.0,paraphrased,Crypto / Đầu tư giả,1.0,0.99572932,0.004270679999999971,0.19999999999999996
ViSmish_05285,0,0,0.998931,True,1.0,external_real,P2P hội thoại thông thường,1.0,0.006335285399999999,0.9936647146,0.19999999999999996
ViSmish_05286,0,0,0.9994789,True,1.0,synthetic,Tin nhắn cá nhân và OTP,1.0,0.004464996599999999,0.9955350034,0.19999999999999996
ViSmish_05288,1,1,0.9996196,True,1.0,paraphrased,BHXH / Trợ cấp giả,1.0,0.99617354,0.003826459999999976,0.19999999999999996
ViSmish_05289,0,0,0.99931943,True,1.0,synthetic,Ngân hàng thật,1.0,0.0050864499999999984,0.99491355,0.19999999999999996
ViSmish_05291,0,0,0.99943596,True,1.0,real,Viễn thông,1.0,0.004640670399999999,0.9953593296,0.19999999999999996
ViSmish_05294,0,0,0.99947196,True,1.0,synthetic,Tin nhắn cá nhân và OTP,1.0,0.004493606799999999,0.9955063932,0.19999999999999996
ViSmish_05295,1,1,0.99961925,True,1.0,paraphrased,Dịch vụ công giả,1.0,0.9961713999999999,0.003828600000000071,0.19999999999999996
ViSmish_05296,0,0,0.99933535,True,1.0,synthetic,Dịch vụ công thật,1.0,0.005028045199999999,0.9949719548,0.19999999999999996
ViSmish_05297,1,1,0.99962306,True,1.0,paraphrased,BHXH / Trợ cấp giả,1.0,0.99619066,0.0038093399999999944,0.19999999999999996
ViSmish_05298,0,0,0.9991208,True,1.0,synthetic,Ngân hàng thật,1.0,0.005762078199999999,0.9942379218,0.19999999999999996
ViSmish_05302,0,0,0.99935406,True,1.0,external_real,P2P hội thoại thông thường,1.0,0.0049586045999999995,0.9950413954,0.19999999999999996
ViSmish_05303,0,0,0.9994734,True,1.0,synthetic,Vận chuyển,1.0,0.004487942599999999,0.9955120574,0.19999999999999996
ViSmish_05304,0,0,0.99948454,True,1.0,synthetic,Dịch vụ y tế,1.0,0.0044409134,0.9955590866,0.19999999999999996
ViSmish_05306,0,0,0.99941754,True,1.0,synthetic,Ngân hàng thật,1.0,0.004714530399999999,0.9952854696,0.19999999999999996
ViSmish_05307,0,0,0.9993837,True,1.0,real,Viễn thông,1.0,0.004846215999999999,0.995153784,0.19999999999999996
ViSmish_05308,0,0,0.9994836,True,1.0,synthetic,Viễn thông,1.0,0.004444949799999999,0.9955550502,0.19999999999999996
ViSmish_05309,0,0,0.9994881,True,1.0,synthetic,Vận chuyển,1.0,0.004425899399999999,0.9955741006,0.19999999999999996
ViSmish_05310,1,1,0.99960953,True,1.0,paraphrased,BHXH / Trợ cấp giả,1.0,0.99612386,0.003876140000000028,0.19999999999999996
ViSmish_05311,1,1,0.9996038,True,1.0,paraphrased,Nội dung nhạy cảm,1.0,0.996095812,0.0039041880000000306,0.19999999999999996
ViSmish_05315,1,1,0.99962485,True,1.0,paraphrased,Cờ bạc / Betting,1.0,0.996199072,0.003800927999999981,0.19999999999999996
ViSmish_05317,0,0,0.9994742,True,1.0,real,Khác,1.0,0.004484195599999999,0.9955158044,0.19999999999999996
ViSmish_05321,0,0,0.9988556,True,1.0,synthetic,Thương mại điện tử,1.0,0.006547899599999999,0.9934521004,0.19999999999999996
ViSmish_05322,0,0,0.99934644,True,1.0,real,Tin nhắn cá nhân và OTP,1.0,0.0049869063999999986,0.9950130936,0.19999999999999996
ViSmish_05323,0,0,0.9993587,True,1.0,synthetic,Thương mại điện tử,1.0,0.004941373399999999,0.9950586266,0.19999999999999996
ViSmish_05324,0,0,0.9994405,True,1.0,synthetic,Quảng cáo hợp lệ,1.0,0.004622717999999999,0.995377282,0.19999999999999996
ViSmish_05325,1,1,0.9996246,True,1.0,paraphrased,Tuyển dụng giả,1.0,0.996197832,0.0038021679999999947,0.19999999999999996
ViSmish_05328,0,0,0.9994918,True,1.0,synthetic,Vận chuyển,1.0,0.004410409999999999,0.99558959,0.19999999999999996
ViSmish_05329,1,1,0.99956876,True,1.0,paraphrased,Nội dung nhạy cảm,1.0,0.9959303500000001,0.004069649999999925,0.19999999999999996
ViSmish_05331,0,0,0.9994531,True,1.0,synthetic,Ngân hàng thật,1.0,0.0045715487999999985,0.9954284512,0.19999999999999996
ViSmish_05332,1,1,0.99961,True,1.0,paraphrased,Tuyển dụng giả,1.0,0.996125972,0.0038740280000000293,0.19999999999999996
ViSmish_05334,1,1,0.99918467,True,1.0,real,Cờ bạc / Betting,1.0,0.99444564,0.00555435999999998,0.19999999999999996
ViSmish_05335,0,0,0.99934,True,1.0,external_curated,P2P hard negative,1.0,0.005010788799999999,0.9949892112000001,0.19999999999999996
ViSmish_05337,1,1,0.99938416,True,1.0,synthetic_hard_positive,Giả mạo ngân hàng,1.0,0.99515568,0.004844320000000013,0.19999999999999996
ViSmish_05338,1,1,0.9995272,True,1.0,synthetic_hard_positive,BHXH / Trợ cấp giả,1.0,0.99574286,0.004257139999999993,0.19999999999999996
ViSmish_05340,1,1,0.9996123,True,1.0,paraphrased,Crypto / Đầu tư giả,1.0,0.996136868,0.0038631319999999914,0.19999999999999996
ViSmish_05342,1,1,0.9996172,True,1.0,paraphrased,Crypto / Đầu tư giả,1.0,0.9961616799999999,0.0038383200000000617,0.19999999999999996
ViSmish_05343,0,0,0.99843794,True,1.0,synthetic,Ngân hàng thật,1.0,0.007609887399999998,0.9923901126,0.19999999999999996
ViSmish_05344,0,0,0.99924135,True,1.0,real,Viễn thông,1.0,0.005362944999999999,0.994637055,0.19999999999999996
ViSmish_05345,1,1,0.99958175,True,1.0,paraphrased,Dịch vụ công giả,1.0,0.995990634,0.004009366000000014,0.19999999999999996
ViSmish_05346,0,0,0.999468,True,1.0,synthetic,Thương mại điện tử,1.0,0.004509939999999999,0.99549006,0.19999999999999996
ViSmish_05347,1,1,0.99953353,True,1.0,paraphrased,BHXH / Trợ cấp giả,1.0,0.9957708599999999,0.004229140000000076,0.19999999999999996
ViSmish_05349,1,1,0.9995839,True,1.0,synthetic_hard_positive,Khác,1.0,0.99600078,0.00399921999999997,0.19999999999999996
ViSmish_05352,0,0,0.99943465,True,1.0,external_real,P2P hội thoại thông thường,1.0,0.004646206199999999,0.9953537938,0.19999999999999996
ViSmish_05356,1,1,0.9996056,True,1.0,paraphrased,Nội dung nhạy cảm,1.0,0.99610461,0.003895390000000054,0.19999999999999996
ViSmish_05357,0,0,0.9994485,True,1.0,external_real,P2P hội thoại thông thường,1.0,0.004590428199999999,0.9954095718,0.19999999999999996
ViSmish_05359,1,1,0.999574,True,1.0,paraphrased,Crypto / Đầu tư giả,1.0,0.99595444,0.004045560000000004,0.19999999999999996
ViSmish_05360,0,0,0.9994282,True,1.0,external_curated,P2P hard negative,1.0,0.004672048999999999,0.995327951,0.19999999999999996
ViSmish_05364,0,0,0.9994554,True,1.0,synthetic,Tin nhắn cá nhân và OTP,1.0,0.004562373999999999,0.995437626,0.19999999999999996
ViSmish_05365,1,1,0.99960834,True,1.0,paraphrased,Nội dung nhạy cảm,1.0,0.99611786,0.0038821399999999784,0.19999999999999996
ViSmish_05366,1,1,0.9995172,True,1.0,paraphrased,Nội dung nhạy cảm,1.0,0.995699012,0.004300988000000006,0.19999999999999996
ViSmish_05367,1,1,0.99961805,True,1.0,paraphrased,Cờ bạc / Betting,1.0,0.99616572,0.0038342799999999677,0.19999999999999996
ViSmish_05368,1,1,0.99962294,True,1.0,paraphrased,Cờ bạc / Betting,1.0,0.996189774,0.0038102260000000276,0.19999999999999996
ViSmish_05370,1,1,0.9995968,True,1.0,paraphrased,Nội dung nhạy cảm,1.0,0.99606235,0.003937650000000015,0.19999999999999996
ViSmish_05371,1,1,0.999603,True,1.0,paraphrased,Cờ bạc / Betting,1.0,0.99609164,0.003908360000000055,0.19999999999999996
ViSmish_05372,1,1,0.9996215,True,1.0,paraphrased,Tuyển dụng giả,1.0,0.99618292,0.0038170800000000282,0.19999999999999996
ViSmish_05373,0,0,0.9994721,True,1.0,external_real,P2P hội thoại thông thường,1.0,0.004493119599999999,0.9955068804,0.19999999999999996
ViSmish_05376,1,1,0.99961627,True,1.0,paraphrased,Cờ bạc / Betting,1.0,0.996156812,0.003843188000000053,0.19999999999999996
ViSmish_05377,0,0,0.9994635,True,1.0,synthetic,Tin nhắn cá nhân và OTP,1.0,0.004528631599999999,0.9954713684000001,0.19999999999999996
ViSmish_05378,0,0,0.9994659,True,1.0,synthetic,Ngân hàng thật,1.0,0.004518835199999999,0.9954811648,0.19999999999999996
ViSmish_05379,1,1,0.9995364,True,1.0,paraphrased,Đòi nợ / Đe dọa,1.0,0.9957834720000001,0.004216527999999942,0.19999999999999996
ViSmish_05380,1,1,0.99961925,True,1.0,paraphrased,Giả mạo ngân hàng,1.0,0.99617128,0.0038287200000000077,0.19999999999999996
ViSmish_05381,0,0,0.99944,True,1.0,synthetic,Dịch vụ công thật,1.0,0.004624663599999999,0.9953753364,0.19999999999999996
ViSmish_05382,0,0,0.9994615,True,1.0,synthetic,Tin nhắn cá nhân và OTP,1.0,0.0045372395999999995,0.9954627604,0.19999999999999996
ViSmish_05383,1,1,0.99961346,True,1.0,paraphrased,Cờ bạc / Betting,1.0,0.99614268,0.003857320000000053,0.19999999999999996
ViSmish_05385,0,0,0.9993918,True,1.0,external_real,P2P hội thoại thông thường,1.0,0.004815130399999999,0.9951848696,0.19999999999999996
ViSmish_05386,0,0,0.9992955,True,1.0,external_real,P2P hội thoại thông thường,1.0,0.005173177599999999,0.9948268224,0.19999999999999996
ViSmish_05389,0,0,0.99949086,True,1.0,real,Khác,1.0,0.004414161599999999,0.9955858384,0.19999999999999996
ViSmish_05390,1,1,0.99961495,True,1.0,paraphrased,Tuyển dụng giả,1.0,0.99615044,0.0038495600000000296,0.19999999999999996
ViSmish_05391,1,1,0.9996152,True,1.0,paraphrased,Cờ bạc / Betting,1.0,0.99615166,0.0038483400000000056,0.19999999999999996
ViSmish_05392,1,1,0.99961877,True,1.0,paraphrased,Dịch vụ công giả,1.0,0.9961692,0.003830800000000023,0.19999999999999996
ViSmish_05394,1,1,0.9995554,True,1.0,paraphrased,Đòi nợ / Đe dọa,1.0,0.9958691120000001,0.004130887999999944,0.19999999999999996
ViSmish_05396,0,0,0.9994444,True,1.0,external_real,P2P hội thoại thông thường,1.0,0.004606945999999999,0.995393054,0.19999999999999996
ViSmish_05397,1,1,0.99961674,True,1.0,paraphrased,Cờ bạc / Betting,1.0,0.9961591599999999,0.0038408400000000675,0.19999999999999996
ViSmish_05399,1,1,0.99919134,True,1.0,real,Giả mạo ngân hàng,1.0,0.9944677120000001,0.005532287999999941,0.19999999999999996
ViSmish_05401,1,1,0.99960846,True,1.0,paraphrased,Cờ bạc / Betting,1.0,0.9961186200000001,0.0038813799999999343,0.19999999999999996
ViSmish_05402,1,1,0.99956137,True,1.0,paraphrased,Crypto / Đầu tư giả,1.0,0.99589628,0.004103720000000033,0.19999999999999996
ViSmish_05403,0,0,0.9994562,True,1.0,synthetic,Thương mại điện tử,1.0,0.004558823199999999,0.9954411768,0.19999999999999996
ViSmish_05406,0,0,0.9994815,True,1.0,synthetic,Quảng cáo hợp lệ,1.0,0.004453890799999999,0.9955461092,0.19999999999999996
ViSmish_05408,0,0,0.99938965,True,1.0,external_curated,P2P hard negative,1.0,0.004823498799999999,0.9951765012,0.19999999999999996
ViSmish_05409,1,1,0.99942374,True,1.0,real,Nội dung nhạy cảm,1.0,0.9953102,0.004689799999999966,0.19999999999999996
ViSmish_05410,1,1,0.99962044,True,1.0,paraphrased,Nội dung nhạy cảm,1.0,0.99617758,0.003822419999999993,0.19999999999999996
ViSmish_05411,1,1,0.9996136,True,1.0,paraphrased,Nội dung nhạy cảm,1.0,0.99614354,0.0038564599999999505,0.19999999999999996
ViSmish_05412,1,1,0.9996191,True,1.0,paraphrased,Cờ bạc / Betting,1.0,0.99617098,0.003829019999999961,0.19999999999999996
ViSmish_05413,1,1,0.9995983,True,1.0,paraphrased,Cờ bạc / Betting,1.0,0.99606968,0.003930320000000043,0.19999999999999996
ViSmish_05416,1,1,0.9995895,True,1.0,paraphrased,Nội dung nhạy cảm,1.0,0.996027208,0.003972792000000003,0.19999999999999996
ViSmish_05417,1,1,0.9995993,True,1.0,paraphrased,Tuyển dụng giả,1.0,0.99607395,0.003926050000000014,0.19999999999999996
ViSmish_05419,1,1,0.99959093,True,1.0,paraphrased,BHXH / Trợ cấp giả,1.0,0.9960340599999999,0.003965940000000057,0.19999999999999996
ViSmish_05420,0,0,0.99948823,True,1.0,synthetic,Vận chuyển,1.0,0.004425499599999999,0.9955745004,0.19999999999999996
ViSmish_05421,1,1,0.9996216,True,1.0,paraphrased,Tuyển dụng giả,1.0,0.996183466,0.003816534000000038,0.19999999999999996
ViSmish_05422,1,1,0.99962044,True,1.0,paraphrased,Giả mạo ngân hàng,1.0,0.9961773,0.0038226999999999567,0.19999999999999996
ViSmish_05423,1,1,0.9995479,True,1.0,paraphrased,Crypto / Đầu tư giả,1.0,0.99583534,0.004164660000000042,0.19999999999999996
ViSmish_05427,0,0,0.99947435,True,1.0,synthetic,Vận chuyển,1.0,0.004483971399999999,0.9955160286,0.19999999999999996
ViSmish_05428,0,0,0.9993987,True,1.0,real,Viễn thông,1.0,0.004788226599999999,0.9952117734,0.19999999999999996
ViSmish_05429,0,0,0.9994803,True,1.0,synthetic,Thương mại điện tử,1.0,0.0044589951999999995,0.9955410048,0.19999999999999996
ViSmish_05430,1,1,0.999605,True,1.0,paraphrased,Nội dung nhạy cảm,1.0,0.9961014,0.0038985999999999743,0.19999999999999996
ViSmish_05432,0,1,0.98312795,False,0.3,real,Khác,0.3,0.05305029959999999,0.9469497004,0.059999999999999984
ViSmish_05433,1,1,0.9996184,True,1.0,paraphrased,Tuyển dụng giả,1.0,0.99616746,0.0038325399999999954,0.19999999999999996
ViSmish_05434,0,0,0.99948764,True,1.0,synthetic,Vận chuyển,1.0,0.004427665399999999,0.9955723346,0.19999999999999996
ViSmish_05435,1,1,0.99962354,True,1.0,paraphrased,BHXH / Trợ cấp giả,1.0,0.996192848,0.003807152000000036,0.19999999999999996
ViSmish_05437,1,1,0.9996131,True,1.0,paraphrased,BHXH / Trợ cấp giả,1.0,0.99614134,0.0038586600000000137,0.19999999999999996
ViSmish_05438,1,1,0.99962115,True,1.0,paraphrased,Giả mạo ngân hàng,1.0,0.996180928,0.003819071999999979,0.19999999999999996
ViSmish_05440,0,0,0.99939287,True,1.0,real,Viễn thông,1.0,0.004810725999999999,0.995189274,0.19999999999999996
ViSmish_05441,1,1,0.999634,True,1.0,paraphrased,BHXH / Trợ cấp giả,1.0,0.99624484,0.0037551599999999796,0.19999999999999996
ViSmish_05443,0,0,0.9994311,True,1.0,external_curated,P2P hard negative,1.0,0.004660465599999999,0.9953395344,0.19999999999999996
ViSmish_05444,1,1,0.9996117,True,1.0,paraphrased,BHXH / Trợ cấp giả,1.0,0.99613412,0.003865879999999988,0.19999999999999996
ViSmish_05445,0,0,0.99926275,True,1.0,real,Viễn thông,1.0,0.005288876599999998,0.9947111234,0.19999999999999996
ViSmish_05447,1,1,0.999579,True,1.0,paraphrased,Nội dung nhạy cảm,1.0,0.99597807,0.004021929999999951,0.19999999999999996
ViSmish_05451,1,1,0.99958295,True,1.0,real,Giả mạo ngân hàng,1.0,0.99599657,0.00400343000000003,0.19999999999999996
ViSmish_05452,0,0,0.99926203,True,1.0,synthetic,Quảng cáo hợp lệ,1.0,0.005291476799999999,0.9947085232,0.19999999999999996
ViSmish_05453,0,0,0.99949276,True,1.0,real,Viễn thông,1.0,0.004406230799999999,0.9955937692,0.19999999999999996
ViSmish_05454,0,0,0.9994168,True,1.0,synthetic,Thương mại điện tử,1.0,0.004717457599999999,0.9952825424,0.19999999999999996
ViSmish_05455,1,1,0.99948126,True,1.0,synthetic_hard_positive,Khác,1.0,0.99554508,0.004454920000000029,0.19999999999999996
ViSmish_05457,0,0,0.9966858,True,1.0,external_curated,P2P hard negative,1.0,0.010904167999999997,0.989095832,0.19999999999999996
ViSmish_05459,1,1,0.99961394,True,1.0,paraphrased,Tuyển dụng giả,1.0,0.99614544,0.0038545599999999514,0.19999999999999996
ViSmish_05460,1,1,0.99958843,True,1.0,paraphrased,Nội dung nhạy cảm,1.0,0.99602228,0.003977719999999962,0.19999999999999996
ViSmish_05461,0,0,0.9994373,True,1.0,external_curated,P2P hard negative,1.0,0.004635558999999999,0.995364441,0.19999999999999996
ViSmish_05462,1,1,0.99961334,True,1.0,paraphrased,BHXH / Trợ cấp giả,1.0,0.9961423,0.003857699999999964,0.19999999999999996
ViSmish_05464,0,0,0.9990386,True,1.0,real,Khác,1.0,0.0060176599999999985,0.99398234,0.19999999999999996
ViSmish_05465,1,1,0.9994973,True,1.0,synthetic_hard_positive,Giả mạo ngân hàng,1.0,0.995612968,0.004387032000000013,0.19999999999999996
ViSmish_05466,1,1,0.9995695,True,1.0,paraphrased,Đòi nợ / Đe dọa,1.0,0.9959336400000001,0.004066359999999936,0.19999999999999996
ViSmish_05467,1,1,0.9996221,True,1.0,paraphrased,Dịch vụ công giả,1.0,0.996185494,0.0038145059999999953,0.19999999999999996
ViSmish_05468,0,0,0.999331,True,1.0,synthetic,Quảng cáo hợp lệ,1.0,0.005044138799999999,0.9949558612,0.19999999999999996
ViSmish_05469,1,1,0.99961144,True,1.0,paraphrased,Tuyển dụng giả,1.0,0.996133172,0.0038668280000000443,0.19999999999999996
ViSmish_05471,1,1,0.9995555,True,1.0,paraphrased,Nội dung nhạy cảm,1.0,0.99586948,0.004130520000000026,0.19999999999999996
ViSmish_05472,1,1,0.99921346,True,1.0,paraphrased,Crypto / Đầu tư giả,1.0,0.99454211,0.005457889999999965,0.19999999999999996
ViSmish_05475,1,1,0.9995413,True,1.0,paraphrased,Cờ bạc / Betting,1.0,0.99580534,0.004194660000000017,0.19999999999999996
ViSmish_05476,0,0,0.9994728,True,1.0,real,Viễn thông,1.0,0.004490169199999999,0.9955098308,0.19999999999999996
ViSmish_05477,0,0,0.99937207,True,1.0,real,Viễn thông,1.0,0.004890908999999999,0.995109091,0.19999999999999996
ViSmish_05478,0,0,0.9994448,True,1.0,synthetic,Dịch vụ công thật,1.0,0.004605168399999999,0.9953948316,0.19999999999999996
ViSmish_05479,0,0,0.9993278,True,1.0,synthetic,Ngân hàng thật,1.0,0.005056251199999999,0.9949437488,0.19999999999999996
ViSmish_05480,0,0,0.9991208,True,1.0,external_real,P2P hội thoại thông thường,1.0,0.005762214599999998,0.9942377854,0.19999999999999996
ViSmish_05481,1,1,0.9996081,True,1.0,paraphrased,Crypto / Đầu tư giả,1.0,0.9961165599999999,0.0038834400000000713,0.19999999999999996
ViSmish_05482,0,0,0.9994394,True,1.0,external_real,P2P hội thoại thông thường,1.0,0.004627053399999999,0.9953729466,0.19999999999999996
ViSmish_05483,0,0,0.9994678,True,1.0,synthetic,Ngân hàng thật,1.0,0.004511224799999999,0.9954887752,0.19999999999999996
ViSmish_05484,1,1,0.9996238,True,1.0,paraphrased,Tuyển dụng giả,1.0,0.996194028,0.003805971999999991,0.19999999999999996
ViSmish_05487,0,0,0.99945027,True,1.0,real,Viễn thông,1.0,0.004582915999999999,0.995417084,0.19999999999999996
ViSmish_05488,1,1,0.99962044,True,1.0,paraphrased,Nội dung nhạy cảm,1.0,0.9961773,0.0038226999999999567,0.19999999999999996
ViSmish_05489,1,1,0.99878854,True,1.0,real,Đòi nợ / Đe dọa,1.0,0.9932688199999999,0.006731180000000059,0.19999999999999996
ViSmish_05490,1,1,0.99962604,True,1.0,paraphrased,Tuyển dụng giả,1.0,0.99620533,0.00379467,0.19999999999999996
ViSmish_05492,0,0,0.99931324,True,1.0,external_real,P2P hội thoại thông thường,1.0,0.005109043799999999,0.9948909562,0.19999999999999996
ViSmish_05493,0,0,0.99945444,True,1.0,external_curated,P2P hard negative,1.0,0.004565947199999999,0.9954340528,0.19999999999999996
ViSmish_05494,0,0,0.99943215,True,1.0,synthetic,Ngân hàng thật,1.0,0.0046563885999999985,0.9953436114,0.19999999999999996
ViSmish_05495,1,1,0.99959093,True,1.0,paraphrased,Crypto / Đầu tư giả,1.0,0.99603454,0.003965459999999976,0.19999999999999996
ViSmish_05496,1,1,0.9996159,True,1.0,paraphrased,BHXH / Trợ cấp giả,1.0,0.9961552739999999,0.003844726000000076,0.19999999999999996
ViSmish_05497,1,1,0.99956816,True,1.0,paraphrased,Nội dung nhạy cảm,1.0,0.995927394,0.004072606000000034,0.19999999999999996
ViSmish_05499,1,1,0.999548,True,1.0,synthetic_hard_positive,Tuyển dụng giả,1.0,0.99583594,0.004164060000000025,0.19999999999999996
ViSmish_05502,1,1,0.9995995,True,1.0,paraphrased,Cờ bạc / Betting,1.0,0.996075,0.003924999999999956,0.19999999999999996
ViSmish_05503,1,1,0.99941504,True,1.0,synthetic_hard_positive,Khác,1.0,0.99527551,0.00472448999999997,0.19999999999999996
ViSmish_05504,1,1,0.9994861,True,1.0,paraphrased,Đòi nợ / Đe dọa,1.0,0.9955655,0.004434500000000008,0.19999999999999996
ViSmish_05505,0,0,0.9994555,True,1.0,synthetic,Tin nhắn cá nhân và OTP,1.0,0.0045617055999999994,0.9954382944,0.19999999999999996
ViSmish_05506,1,1,0.9996123,True,1.0,paraphrased,Cờ bạc / Betting,1.0,0.99613672,0.0038632800000000245,0.19999999999999996
ViSmish_05507,1,1,0.99962175,True,1.0,paraphrased,Giả mạo ngân hàng,1.0,0.99618416,0.0038158400000000148,0.19999999999999996
ViSmish_05509,1,1,0.9996069,True,1.0,paraphrased,Đòi nợ / Đe dọa,1.0,0.99611084,0.003889159999999947,0.19999999999999996
ViSmish_05510,1,1,0.9995517,True,1.0,paraphrased,Crypto / Đầu tư giả,1.0,0.995852446,0.004147553999999998,0.19999999999999996
ViSmish_05511,0,0,0.99947566,True,1.0,synthetic,Ngân hàng thật,1.0,0.004478234799999999,0.9955217652,0.19999999999999996
ViSmish_05513,1,1,0.99721503,True,1.0,paraphrased,Crypto / Đầu tư giả,1.0,0.98996123,0.010038769999999975,0.19999999999999996
ViSmish_05516,1,1,0.9995977,True,1.0,paraphrased,Tuyển dụng giả,1.0,0.996066452,0.003933548000000009,0.19999999999999996
ViSmish_05517,1,1,0.999566,True,1.0,paraphrased,Crypto / Đầu tư giả,1.0,0.99591778,0.004082220000000025,0.19999999999999996
ViSmish_05519,1,1,0.9996118,True,1.0,paraphrased,Giả mạo ngân hàng,1.0,0.9961348,0.003865200000000013,0.19999999999999996
ViSmish_05520,1,1,0.9995098,True,1.0,paraphrased,Crypto / Đầu tư giả,1.0,0.9956668399999999,0.004333160000000058,0.19999999999999996
ViSmish_05521,0,0,0.99936587,True,1.0,real,Viễn thông,1.0,0.004914402999999999,0.995085597,0.19999999999999996
ViSmish_05522,1,1,0.9992841,True,1.0,paraphrased,Nội dung nhạy cảm,1.0,0.99478638,0.00521362000000003,0.19999999999999996
ViSmish_05523,0,0,0.9993855,True,1.0,real,Dịch vụ công thật,1.0,0.004839342399999998,0.9951606576,0.19999999999999996
ViSmish_05524,0,0,0.99943095,True,1.0,external_curated,P2P hard negative,1.0,0.004661095599999999,0.9953389044,0.19999999999999996
ViSmish_05526,0,0,0.9994809,True,1.0,external_real,P2P hội thoại thông thường,1.0,0.004456506599999999,0.9955434934,0.19999999999999996
ViSmish_05527,0,0,0.9994752,True,1.0,synthetic,Vận chuyển,1.0,0.004480514599999999,0.9955194854,0.19999999999999996
ViSmish_05528,0,0,0.9994843,True,1.0,synthetic,Viễn thông,1.0,0.004442145399999999,0.9955578546,0.19999999999999996
ViSmish_05530,1,1,0.99962485,True,1.0,paraphrased,Tuyển dụng giả,1.0,0.99619942,0.0038005800000000534,0.19999999999999996
ViSmish_05531,1,1,0.99951243,True,1.0,synthetic_hard_positive,Khác,1.0,0.99567842,0.004321580000000047,0.19999999999999996
ViSmish_05540,1,1,0.99955004,True,1.0,synthetic_hard_positive,BHXH / Trợ cấp giả,1.0,0.995844626,0.0041553739999999895,0.19999999999999996
ViSmish_05541,1,1,0.99961275,True,1.0,paraphrased,Dịch vụ công giả,1.0,0.9961395,0.0038605000000000445,0.19999999999999996
ViSmish_05542,1,1,0.9996202,True,1.0,paraphrased,Dịch vụ công giả,1.0,0.9961760399999999,0.0038239600000000706,0.19999999999999996
ViSmish_05544,0,0,0.99947375,True,1.0,synthetic,Dịch vụ y tế,1.0,0.004486407399999999,0.9955135926,0.19999999999999996
ViSmish_05545,1,1,0.9995975,True,1.0,paraphrased,Nội dung nhạy cảm,1.0,0.996065414,0.003934585999999962,0.19999999999999996
ViSmish_05548,1,1,0.9996228,True,1.0,paraphrased,Cờ bạc / Betting,1.0,0.99618932,0.003810679999999955,0.19999999999999996
ViSmish_05549,1,1,0.9995988,True,1.0,paraphrased,Crypto / Đầu tư giả,1.0,0.99607174,0.003928260000000017,0.19999999999999996
ViSmish_05550,1,1,0.99962294,True,1.0,paraphrased,BHXH / Trợ cấp giả,1.0,0.99618994,0.0038100599999999485,0.19999999999999996
ViSmish_05551,0,0,0.9994708,True,1.0,synthetic,Viễn thông,1.0,0.0044989366,0.9955010634,0.19999999999999996
ViSmish_05552,0,0,0.9994091,True,1.0,real,Viễn thông,1.0,0.004747606799999999,0.9952523932,0.19999999999999996
ViSmish_05553,0,0,0.99946886,True,1.0,synthetic,Thương mại điện tử,1.0,0.004506543999999999,0.995493456,0.19999999999999996
ViSmish_05555,1,1,0.99950397,True,1.0,synthetic_hard_positive,Giả mạo ngân hàng,1.0,0.9956416,0.0043583999999999845,0.19999999999999996
ViSmish_05558,0,0,0.9993887,True,1.0,real,Viễn thông,1.0,0.004826979799999999,0.9951730202,0.19999999999999996
ViSmish_05560,0,0,0.99937683,True,1.0,external_real,P2P hội thoại thông thường,1.0,0.004872636399999999,0.9951273636,0.19999999999999996
ViSmish_05561,0,0,0.99941754,True,1.0,synthetic,Quảng cáo hợp lệ,1.0,0.004714572399999999,0.9952854276,0.19999999999999996
ViSmish_05564,0,0,0.9994592,True,1.0,synthetic,Tin nhắn cá nhân và OTP,1.0,0.004546368399999999,0.9954536316,0.19999999999999996
ViSmish_05566,0,0,0.99945956,True,1.0,synthetic,Quảng cáo hợp lệ,1.0,0.004545095199999999,0.9954549048,0.19999999999999996
ViSmish_05568,0,0,0.9994747,True,1.0,synthetic,Ngân hàng thật,1.0,0.004482359999999999,0.99551764,0.19999999999999996
ViSmish_05569,0,0,0.9993998,True,1.0,synthetic,Tin nhắn cá nhân và OTP,1.0,0.004784193599999999,0.9952158064,0.19999999999999996
ViSmish_05570,0,0,0.99949133,True,1.0,real,Viễn thông,1.0,0.004412267799999999,0.9955877322,0.19999999999999996
ViSmish_05572,0,0,0.99937457,True,1.0,real,Viễn thông,1.0,0.004881373799999999,0.9951186262,0.19999999999999996
ViSmish_05576,0,0,0.9980233,True,1.0,synthetic,Dịch vụ công thật,1.0,0.008521742399999999,0.9914782576,0.19999999999999996
ViSmish_05578,0,0,0.9994155,True,1.0,synthetic,Ngân hàng thật,1.0,0.004722379199999999,0.9952776208,0.19999999999999996
ViSmish_05579,0,0,0.99944955,True,1.0,real,Quảng cáo hợp lệ,1.0,0.004585793999999999,0.995414206,0.19999999999999996
ViSmish_05581,0,0,0.9994392,True,1.0,real,Viễn thông,1.0,0.004627931199999999,0.9953720688,0.19999999999999996
ViSmish_05583,1,1,0.999566,True,1.0,paraphrased,Nội dung nhạy cảm,1.0,0.9959177,0.004082299999999983,0.19999999999999996
ViSmish_05584,1,1,0.99960417,True,1.0,paraphrased,Tuyển dụng giả,1.0,0.99609766,0.003902340000000004,0.19999999999999996
ViSmish_05585,1,1,0.99961865,True,1.0,paraphrased,Cờ bạc / Betting,1.0,0.99616858,0.00383142000000003,0.19999999999999996
ViSmish_05586,0,0,0.9994153,True,1.0,external_real,P2P hội thoại thông thường,1.0,0.0047234463999999985,0.9952765536,0.19999999999999996
ViSmish_05592,0,0,0.99932516,True,1.0,external_curated,P2P hard negative,1.0,0.005065946599999999,0.9949340534,0.19999999999999996
ViSmish_05593,1,1,0.99960893,True,1.0,paraphrased,Tuyển dụng giả,1.0,0.99612068,0.0038793200000000194,0.19999999999999996
ViSmish_05594,0,0,0.9994105,True,1.0,external_curated,P2P hard negative,1.0,0.004742153999999998,0.995257846,0.19999999999999996
ViSmish_05597,0,0,0.9994355,True,1.0,external_real,P2P hội thoại thông thường,1.0,0.0046427299999999986,0.99535727,0.19999999999999996
ViSmish_05599,0,0,0.9994678,True,1.0,synthetic,Vận chuyển,1.0,0.004511079999999999,0.99548892,0.19999999999999996
ViSmish_05600,1,1,0.99734336,True,1.0,paraphrased,Nội dung nhạy cảm,1.0,0.99018432,0.009815679999999993,0.19999999999999996
ViSmish_05602,0,0,0.9994485,True,1.0,real,Khác,1.0,0.004590372399999999,0.9954096276,0.19999999999999996
ViSmish_05603,0,0,0.99931777,True,1.0,real,Viễn thông,1.0,0.005092742199999999,0.9949072578,0.19999999999999996
ViSmish_05604,1,1,0.9996208,True,1.0,paraphrased,Cờ bạc / Betting,1.0,0.996178972,0.0038210279999999486,0.19999999999999996
ViSmish_05607,0,0,0.99949324,True,1.0,real,Tin nhắn cá nhân và OTP,1.0,0.004404073599999999,0.9955959264,0.19999999999999996
ViSmish_05608,1,1,0.9995447,True,1.0,synthetic_hard_positive,Crypto / Đầu tư giả,1.0,0.9958206000000001,0.004179399999999944,0.19999999999999996
ViSmish_05610,0,0,0.9994597,True,1.0,synthetic,Ngân hàng thật,1.0,0.004544785199999998,0.9954552148,0.19999999999999996
ViSmish_05611,0,0,0.99943644,True,1.0,external_real,P2P hội thoại thông thường,1.0,0.004639101399999999,0.9953608986,0.19999999999999996
ViSmish_05612,1,1,0.9996284,True,1.0,paraphrased,BHXH / Trợ cấp giả,1.0,0.996217286,0.003782713999999965,0.19999999999999996
ViSmish_05613,0,0,0.9994468,True,1.0,synthetic,Tin nhắn cá nhân và OTP,1.0,0.004597079399999999,0.9954029206,0.19999999999999996
ViSmish_05615,1,1,0.9996227,True,1.0,paraphrased,Nội dung nhạy cảm,1.0,0.9961888,0.0038112000000000146,0.19999999999999996
ViSmish_05616,1,1,0.99961,True,1.0,paraphrased,Crypto / Đầu tư giả,1.0,0.99612582,0.0038741799999999493,0.19999999999999996
ViSmish_05617,1,1,0.999605,True,1.0,paraphrased,Giả mạo ngân hàng,1.0,0.9961019520000001,0.003898047999999932,0.19999999999999996
ViSmish_05618,0,0,0.99947566,True,1.0,synthetic,Thương mại điện tử,1.0,0.004478301399999999,0.9955216986,0.19999999999999996
ViSmish_05619,1,1,0.9996277,True,1.0,paraphrased,Tuyển dụng giả,1.0,0.99621346,0.003786540000000005,0.19999999999999996
ViSmish_05621,0,0,0.99915123,True,1.0,real,Dịch vụ công thật,1.0,0.005664243599999999,0.9943357564,0.19999999999999996
ViSmish_05623,1,1,0.99958235,True,1.0,paraphrased,Crypto / Đầu tư giả,1.0,0.9959935200000001,0.0040064799999999234,0.19999999999999996
ViSmish_05624,0,0,0.9994543,True,1.0,synthetic,Vận chuyển,1.0,0.004566487999999999,0.995433512,0.19999999999999996
ViSmish_05625,0,0,0.9994673,True,1.0,real,Ngân hàng thật,1.0,0.0045130271999999985,0.9954869728,0.19999999999999996
ViSmish_05626,1,1,0.999624,True,1.0,paraphrased,Crypto / Đầu tư giả,1.0,0.99619515,0.0038048499999999708,0.19999999999999996
ViSmish_05627,0,0,0.99947876,True,1.0,synthetic,Vận chuyển,1.0,0.004465227599999999,0.9955347724,0.19999999999999996
ViSmish_05629,0,0,0.99947613,True,1.0,real,Viễn thông,1.0,0.004476442999999999,0.995523557,0.19999999999999996
ViSmish_05630,0,0,0.9993973,True,1.0,real,Viễn thông,1.0,0.004793929399999999,0.9952060706,0.19999999999999996
ViSmish_05631,1,1,0.99961495,True,1.0,paraphrased,Dịch vụ công giả,1.0,0.9961502600000001,0.003849739999999935,0.19999999999999996
ViSmish_05632,0,0,0.99944,True,1.0,real,Khác,1.0,0.004624794399999999,0.9953752056,0.19999999999999996
ViSmish_05634,0,0,0.9994605,True,1.0,external_real,P2P hội thoại thông thường,1.0,0.004541186999999999,0.995458813,0.19999999999999996
ViSmish_05635,1,1,0.9995834,True,1.0,paraphrased,Nội dung nhạy cảm,1.0,0.9959989659999999,0.00400103400000007,0.19999999999999996
ViSmish_05636,0,0,0.99939704,True,1.0,real,Viễn thông,1.0,0.004794591199999999,0.9952054088,0.19999999999999996
ViSmish_05637,1,1,0.9994791,True,1.0,paraphrased,Crypto / Đầu tư giả,1.0,0.9955359340000001,0.004464065999999933,0.19999999999999996
ViSmish_05638,0,0,0.99945706,True,1.0,synthetic,Vận chuyển,1.0,0.004555244799999999,0.9954447552,0.19999999999999996
ViSmish_05640,0,0,0.9994382,True,1.0,external_curated,P2P hard negative,1.0,0.004631765199999999,0.9953682348,0.19999999999999996
ViSmish_05642,1,1,0.99960643,True,1.0,paraphrased,BHXH / Trợ cấp giả,1.0,0.99610864,0.0038913600000000104,0.19999999999999996
ViSmish_05643,0,0,0.99946326,True,1.0,synthetic,Quảng cáo hợp lệ,1.0,0.004529686599999999,0.9954703134,0.19999999999999996
ViSmish_05644,0,0,0.99940455,True,1.0,real,Quảng cáo hợp lệ,1.0,0.004765302599999999,0.9952346974,0.19999999999999996
ViSmish_05645,0,0,0.99947304,True,1.0,real,Tin nhắn cá nhân và OTP,1.0,0.004489524599999999,0.9955104754,0.19999999999999996
ViSmish_05649,0,0,0.99945825,True,1.0,synthetic,Quảng cáo hợp lệ,1.0,0.004550520799999999,0.9954494792,0.19999999999999996
ViSmish_05651,0,0,0.9993839,True,1.0,real,Dịch vụ công thật,1.0,0.0048450917999999996,0.9951549082,0.19999999999999996
ViSmish_05652,1,1,0.9996189,True,1.0,paraphrased,Crypto / Đầu tư giả,1.0,0.99616996,0.003830039999999979,0.19999999999999996
ViSmish_05653,1,1,0.99960726,True,1.0,paraphrased,Crypto / Đầu tư giả,1.0,0.996112406,0.0038875940000000497,0.19999999999999996
ViSmish_05654,0,0,0.9994549,True,1.0,synthetic,Tin nhắn cá nhân và OTP,1.0,0.004564156399999999,0.9954358436,0.19999999999999996
ViSmish_05655,1,1,0.99961853,True,1.0,paraphrased,Cờ bạc / Betting,1.0,0.996168148,0.0038318520000000245,0.19999999999999996
ViSmish_05656,0,0,0.99931395,True,1.0,real,Quảng cáo hợp lệ,1.0,0.005106389199999999,0.9948936108,0.19999999999999996
ViSmish_05657,0,0,0.99945337,True,1.0,synthetic,Dịch vụ y tế,1.0,0.004570469199999999,0.9954295308,0.19999999999999996
ViSmish_05658,1,1,0.99962354,True,1.0,paraphrased,Giả mạo ngân hàng,1.0,0.996192694,0.0038073060000000103,0.19999999999999996
ViSmish_05659,1,1,0.99960667,True,1.0,paraphrased,BHXH / Trợ cấp giả,1.0,0.9961099259999999,0.0038900740000000766,0.19999999999999996
ViSmish_05660,0,0,0.9994593,True,1.0,real,Khác,1.0,0.004546005599999999,0.9954539944,0.19999999999999996
ViSmish_05661,0,0,0.99939966,True,1.0,external_curated,P2P hard negative,1.0,0.004784664599999999,0.9952153354,0.19999999999999996
ViSmish_05662,1,1,0.9996216,True,1.0,paraphrased,Dịch vụ công giả,1.0,0.99618304,0.0038169599999999804,0.19999999999999996
ViSmish_05663,1,1,0.9996238,True,1.0,paraphrased,BHXH / Trợ cấp giả,1.0,0.99619364,0.0038063600000000086,0.19999999999999996
ViSmish_05664,1,1,0.9996203,True,1.0,paraphrased,Giả mạo ngân hàng,1.0,0.996176708,0.003823291999999978,0.19999999999999996
ViSmish_05665,1,1,0.99959856,True,1.0,paraphrased,Nội dung nhạy cảm,1.0,0.99607046,0.003929540000000009,0.19999999999999996
ViSmish_05666,0,0,0.9994536,True,1.0,synthetic,Viễn thông,1.0,0.004569496999999999,0.995430503,0.19999999999999996
ViSmish_05667,1,1,0.9996082,True,1.0,paraphrased,Tuyển dụng giả,1.0,0.99611698,0.0038830199999999593,0.19999999999999996
ViSmish_05668,1,1,0.99957615,True,1.0,paraphrased,Nội dung nhạy cảm,1.0,0.99596461,0.004035389999999972,0.19999999999999996
ViSmish_05669,0,0,0.9990822,True,1.0,real,Khác,1.0,0.005883359999999999,0.99411664,0.19999999999999996
ViSmish_05671,0,0,0.99949217,True,1.0,synthetic,Thương mại điện tử,1.0,0.004408747799999999,0.9955912522,0.19999999999999996
ViSmish_05672,0,0,0.99945337,True,1.0,synthetic,Ngân hàng thật,1.0,0.004570499399999999,0.9954295006,0.19999999999999996
ViSmish_05673,1,1,0.99940145,True,1.0,real,Khác,1.0,0.995222532,0.004777468000000007,0.19999999999999996
ViSmish_05674,1,1,0.9996075,True,1.0,paraphrased,Giả mạo ngân hàng,1.0,0.99611368,0.0038863199999999987,0.19999999999999996
ViSmish_05675,0,0,0.9994636,True,1.0,real,Tin nhắn cá nhân và OTP,1.0,0.004528173399999998,0.9954718266,0.19999999999999996
ViSmish_05676,0,0,0.99923587,True,1.0,external_curated,P2P hard negative,1.0,0.005382084799999998,0.9946179152,0.19999999999999996
ViSmish_05678,1,1,0.9996214,True,1.0,paraphrased,Tuyển dụng giả,1.0,0.99618193,0.0038180700000000067,0.19999999999999996
ViSmish_05679,1,1,0.9995459,True,1.0,paraphrased,Giả mạo ngân hàng,1.0,0.995826114,0.0041738860000000155,0.19999999999999996
ViSmish_05680,0,0,0.99947125,True,1.0,real,Khác,1.0,0.004496596799999999,0.9955034032,0.19999999999999996
ViSmish_05681,1,1,0.99959856,True,1.0,paraphrased,Dịch vụ công giả,1.0,0.9960709400000001,0.003929059999999929,0.19999999999999996
ViSmish_05683,0,0,0.99946576,True,1.0,synthetic,Dịch vụ y tế,1.0,0.004519488999999999,0.995480511,0.19999999999999996
ViSmish_05684,0,0,0.99947375,True,1.0,synthetic,Dịch vụ y tế,1.0,0.0044864623999999985,0.9955135376,0.19999999999999996
ViSmish_05685,1,1,0.99956316,True,1.0,paraphrased,Đòi nợ / Đe dọa,1.0,0.99590486,0.004095139999999997,0.19999999999999996
ViSmish_05686,1,1,0.99960035,True,1.0,paraphrased,Dịch vụ công giả,1.0,0.9960789999999999,0.003921000000000063,0.19999999999999996
ViSmish_05687,0,0,0.99946207,True,1.0,synthetic,Dịch vụ y tế,1.0,0.004534516799999999,0.9954654832000001,0.19999999999999996
ViSmish_05688,1,1,0.9996214,True,1.0,paraphrased,BHXH / Trợ cấp giả,1.0,0.9961822499999999,0.003817750000000064,0.19999999999999996
ViSmish_05689,1,1,0.99961555,True,1.0,paraphrased,Dịch vụ công giả,1.0,0.996153152,0.003846848000000014,0.19999999999999996
ViSmish_05692,1,1,0.99956757,True,1.0,paraphrased,Crypto / Đầu tư giả,1.0,0.995925,0.004075000000000051,0.19999999999999996
ViSmish_05693,1,1,0.99953127,True,1.0,synthetic_hard_positive,Khác,1.0,0.99576044,0.004239560000000031,0.19999999999999996
ViSmish_05694,1,1,0.9996094,True,1.0,paraphrased,Crypto / Đầu tư giả,1.0,0.99612324,0.0038767600000000346,0.19999999999999996
ViSmish_05695,1,1,0.99961203,True,1.0,paraphrased,Nội dung nhạy cảm,1.0,0.9961361280000001,0.003863871999999935,0.19999999999999996
ViSmish_05696,0,0,0.9994804,True,1.0,synthetic,Ngân hàng thật,1.0,0.004458546199999999,0.9955414538,0.19999999999999996
ViSmish_05698,1,1,0.9993498,True,1.0,paraphrased,Cờ bạc / Betting,1.0,0.99502552,0.004974480000000003,0.19999999999999996
ViSmish_05699,1,1,0.9996309,True,1.0,paraphrased,BHXH / Trợ cấp giả,1.0,0.99622984,0.003770159999999967,0.19999999999999996
ViSmish_05700,0,0,0.99905866,True,1.0,real,Dịch vụ công thật,1.0,0.005956291399999999,0.9940437086,0.19999999999999996
ViSmish_05701,1,1,0.99958974,True,1.0,paraphrased,Giả mạo ngân hàng,1.0,0.99602888,0.003971119999999995,0.19999999999999996
ViSmish_05703,1,1,0.99962497,True,1.0,paraphrased,Dịch vụ công giả,1.0,0.99619999,0.003800009999999965,0.19999999999999996
ViSmish_05705,0,0,0.99947876,True,1.0,synthetic,Dịch vụ y tế,1.0,0.004465462999999999,0.995534537,0.19999999999999996
ViSmish_05706,0,0,0.99946696,True,1.0,synthetic,Thương mại điện tử,1.0,0.004514584999999999,0.995485415,0.19999999999999996
ViSmish_05707,0,0,0.99938595,True,1.0,external_curated,P2P hard negative,1.0,0.004837543199999999,0.9951624568,0.19999999999999996
ViSmish_05708,1,1,0.9996294,True,1.0,paraphrased,Cờ bạc / Betting,1.0,0.99622188,0.003778119999999996,0.19999999999999996
ViSmish_05709,1,1,0.99959534,True,1.0,paraphrased,BHXH / Trợ cấp giả,1.0,0.99605514,0.00394486000000005,0.19999999999999996
ViSmish_05710,0,0,0.9994154,True,1.0,external_curated,P2P hard negative,1.0,0.004723047999999999,0.995276952,0.19999999999999996
ViSmish_05711,1,1,0.9995747,True,1.0,paraphrased,Nội dung nhạy cảm,1.0,0.9959579199999999,0.004042080000000059,0.19999999999999996
ViSmish_05712,1,1,0.99961686,True,1.0,paraphrased,Dịch vụ công giả,1.0,0.9961595599999999,0.003840440000000056,0.19999999999999996
ViSmish_05713,1,1,0.9995316,True,1.0,synthetic_hard_positive,Khác,1.0,0.99576216,0.004237840000000048,0.19999999999999996
ViSmish_05714,1,1,0.9995459,True,1.0,paraphrased,Tuyển dụng giả,1.0,0.99582591,0.004174090000000019,0.19999999999999996
ViSmish_05715,0,0,0.9994332,True,1.0,synthetic,Tin nhắn cá nhân và OTP,1.0,0.004651704799999999,0.9953482952,0.19999999999999996
ViSmish_05717,0,0,0.99947375,True,1.0,external_real,P2P hội thoại thông thường,1.0,0.004486316799999999,0.9955136832,0.19999999999999996
ViSmish_05718,0,0,0.99947196,True,1.0,synthetic,Thương mại điện tử,1.0,0.004493896199999999,0.9955061038,0.19999999999999996
ViSmish_05719,0,0,0.9994423,True,1.0,external_real,P2P hội thoại thông thường,1.0,0.004615429399999999,0.9953845706,0.19999999999999996
ViSmish_05720,1,1,0.9995863,True,1.0,paraphrased,Crypto / Đầu tư giả,1.0,0.996012092,0.00398790800000004,0.19999999999999996
ViSmish_05721,0,0,0.99942005,True,1.0,real,Quảng cáo hợp lệ,1.0,0.004704824799999999,0.9952951752,0.19999999999999996
ViSmish_05722,0,0,0.9994672,True,1.0,external_real,P2P hội thoại thông thường,1.0,0.004513367999999999,0.995486632,0.19999999999999996
ViSmish_05723,1,1,0.99961615,True,1.0,paraphrased,Dịch vụ công giả,1.0,0.99615608,0.0038439200000000007,0.19999999999999996
ViSmish_05725,1,1,0.99963164,True,1.0,paraphrased,BHXH / Trợ cấp giả,1.0,0.99623326,0.0037667399999999907,0.19999999999999996
ViSmish_05727,1,1,0.9996183,True,1.0,paraphrased,BHXH / Trợ cấp giả,1.0,0.99616666,0.0038333400000000184,0.19999999999999996
ViSmish_05728,0,0,0.99946386,True,1.0,synthetic,Viễn thông,1.0,0.004527619199999999,0.9954723808,0.19999999999999996
ViSmish_05729,0,0,0.9993783,True,1.0,external_real,P2P hội thoại thông thường,1.0,0.004866825399999999,0.9951331746,0.19999999999999996
ViSmish_05730,0,0,0.99914694,True,1.0,external_real,P2P hội thoại thông thường,1.0,0.005677825999999999,0.994322174,0.19999999999999996
ViSmish_05732,1,0,0.9946976,False,0.3,real,Giả mạo ngân hàng,0.0,1.0,0.0,0.0
ViSmish_05733,0,0,0.9994174,True,1.0,synthetic,Thương mại điện tử,1.0,0.004715118999999999,0.995284881,0.19999999999999996
ViSmish_05737,0,0,0.99945897,True,1.0,synthetic,Dịch vụ y tế,1.0,0.004547423199999999,0.9954525768,0.19999999999999996
ViSmish_05738,1,1,0.9995622,True,1.0,synthetic_hard_positive,Khác,1.0,0.9959003319999999,0.004099668000000056,0.19999999999999996
ViSmish_05739,1,1,0.9995901,True,1.0,paraphrased,Cờ bạc / Betting,1.0,0.996030092,0.0039699079999999665,0.19999999999999996
ViSmish_05740,1,1,0.9995448,True,1.0,paraphrased,Nội dung nhạy cảm,1.0,0.995821332,0.0041786679999999965,0.19999999999999996
ViSmish_05741,0,0,0.99864763,True,1.0,synthetic,Ngân hàng thật,1.0,0.007098810399999998,0.9929011896,0.19999999999999996
ViSmish_05742,1,1,0.99959904,True,1.0,paraphrased,Tuyển dụng giả,1.0,0.996072794,0.003927205999999961,0.19999999999999996
ViSmish_05743,1,1,0.99961394,True,1.0,paraphrased,Cờ bạc / Betting,1.0,0.99614528,0.003854719999999978,0.19999999999999996
ViSmish_05744,1,1,0.9996137,True,1.0,paraphrased,Nội dung nhạy cảm,1.0,0.996143854,0.0038561459999999492,0.19999999999999996
ViSmish_05745,1,1,0.9996283,True,1.0,paraphrased,Giả mạo ngân hàng,1.0,0.99621664,0.0037833600000000134,0.19999999999999996
ViSmish_05746,1,1,0.9995914,True,1.0,paraphrased,Cờ bạc / Betting,1.0,0.99603638,0.0039636199999999455,0.19999999999999996
ViSmish_05747,0,0,0.99946445,True,1.0,synthetic,Ngân hàng thật,1.0,0.004524961399999999,0.9954750386,0.19999999999999996
ViSmish_05748,1,1,0.99952614,True,1.0,paraphrased,Tuyển dụng giả,1.0,0.9957378,0.004262199999999994,0.19999999999999996
ViSmish_05749,0,0,0.99942744,True,1.0,real,Tin nhắn cá nhân và OTP,1.0,0.004675360799999999,0.9953246392,0.19999999999999996
ViSmish_05750,1,1,0.9996026,True,1.0,paraphrased,Crypto / Đầu tư giả,1.0,0.9960899400000001,0.0039100599999999375,0.19999999999999996
ViSmish_05751,1,1,0.99931526,True,1.0,paraphrased,Cờ bạc / Betting,1.0,0.99489806,0.0051019399999999715,0.19999999999999996
ViSmish_05752,0,0,0.99935645,True,1.0,real,Khác,1.0,0.004949880799999999,0.9950501192,0.19999999999999996
ViSmish_05753,0,0,0.9994831,True,1.0,real,Viễn thông,1.0,0.004446985199999999,0.9955530148,0.19999999999999996
ViSmish_05755,1,1,0.9996239,True,1.0,paraphrased,BHXH / Trợ cấp giả,1.0,0.99619448,0.0038055200000000067,0.19999999999999996
ViSmish_05756,1,1,0.9996151,True,1.0,paraphrased,Đòi nợ / Đe dọa,1.0,0.99615122,0.003848779999999996,0.19999999999999996
ViSmish_05757,1,1,0.9996136,True,1.0,paraphrased,Tuyển dụng giả,1.0,0.996143448,0.003856552000000013,0.19999999999999996
ViSmish_05758,0,0,0.99944943,True,1.0,synthetic,Dịch vụ y tế,1.0,0.004586554599999999,0.9954134454,0.19999999999999996
ViSmish_05759,1,1,0.99958104,True,1.0,paraphrased,Crypto / Đầu tư giả,1.0,0.995987392,0.004012608000000029,0.19999999999999996
ViSmish_05760,0,0,0.99946886,True,1.0,synthetic,Thương mại điện tử,1.0,0.004506812599999999,0.9954931874,0.19999999999999996
ViSmish_05761,0,0,0.99943346,True,1.0,synthetic,Dịch vụ y tế,1.0,0.004650877799999999,0.9953491222,0.19999999999999996
ViSmish_05762,1,1,0.99957114,True,1.0,paraphrased,Crypto / Đầu tư giả,1.0,0.995941628,0.004058372000000032,0.19999999999999996
ViSmish_05764,0,0,0.9994517,True,1.0,external_real,P2P hội thoại thông thường,1.0,0.004577079399999999,0.9954229206,0.19999999999999996
ViSmish_05765,1,1,0.9996146,True,1.0,paraphrased,Cờ bạc / Betting,1.0,0.996148586,0.0038514139999999975,0.19999999999999996
ViSmish_05766,0,0,0.9994665,True,1.0,real,Viễn thông,1.0,0.0045166569999999994,0.995483343,0.19999999999999996
ViSmish_05767,1,1,0.9996233,True,1.0,paraphrased,BHXH / Trợ cấp giả,1.0,0.996191454,0.0038085460000000237,0.19999999999999996
ViSmish_05768,1,1,0.99961996,True,1.0,paraphrased,Dịch vụ công giả,1.0,0.996175026,0.0038249740000000365,0.19999999999999996
ViSmish_05769,0,0,0.9994955,True,1.0,real,Tin nhắn cá nhân và OTP,1.0,0.004394361799999999,0.9956056382,0.19999999999999996
ViSmish_05771,1,1,0.99959093,True,1.0,paraphrased,Giả mạo ngân hàng,1.0,0.99603412,0.003965879999999977,0.19999999999999996
ViSmish_05772,1,1,0.99960643,True,1.0,paraphrased,Dịch vụ công giả,1.0,0.99610844,0.003891560000000016,0.19999999999999996
ViSmish_05776,0,0,0.9994765,True,1.0,external_real,P2P hội thoại thông thường,1.0,0.0044751138,0.9955248862,0.19999999999999996
ViSmish_05777,0,0,0.9994553,True,1.0,external_curated,P2P hard negative,1.0,0.0045627485999999995,0.9954372514000001,0.19999999999999996
ViSmish_05778,1,1,0.9995696,True,1.0,paraphrased,Đòi nợ / Đe dọa,1.0,0.99593401,0.004065989999999964,0.19999999999999996
ViSmish_05779,1,1,0.99960464,True,1.0,paraphrased,Crypto / Đầu tư giả,1.0,0.99610012,0.0038998799999999667,0.19999999999999996
ViSmish_05780,1,1,0.9981199,True,1.0,paraphrased,Cờ bạc / Betting,1.0,0.9916809200000001,0.008319079999999923,0.19999999999999996
ViSmish_05782,1,1,0.9993217,True,1.0,paraphrased,Crypto / Đầu tư giả,1.0,0.99492162,0.005078380000000049,0.19999999999999996
ViSmish_05783,1,1,0.9996051,True,1.0,paraphrased,Đòi nợ / Đe dọa,1.0,0.9961025,0.003897499999999998,0.19999999999999996
ViSmish_05784,0,0,0.9993967,True,1.0,real,Viễn thông,1.0,0.004796331799999999,0.9952036682,0.19999999999999996
ViSmish_05785,1,1,0.99959964,True,1.0,paraphrased,Cờ bạc / Betting,1.0,0.99607572,0.003924280000000002,0.19999999999999996
ViSmish_05786,1,1,0.99945706,True,1.0,paraphrased,Crypto / Đầu tư giả,1.0,0.99544475,0.004555250000000011,0.19999999999999996
ViSmish_05788,1,1,0.99962366,True,1.0,paraphrased,Cờ bạc / Betting,1.0,0.99619329,0.003806709999999991,0.19999999999999996
ViSmish_05790,0,0,0.9994394,True,1.0,synthetic,Tin nhắn cá nhân và OTP,1.0,0.004627215399999999,0.9953727846,0.19999999999999996
ViSmish_05791,0,0,0.9994293,True,1.0,real,Viễn thông,1.0,0.004667650999999998,0.995332349,0.19999999999999996
ViSmish_05792,0,0,0.99927515,True,1.0,external_real,P2P hội thoại thông thường,1.0,0.0052453755999999985,0.9947546244,0.19999999999999996
ViSmish_05794,0,0,0.99948955,True,1.0,synthetic,Thương mại điện tử,1.0,0.004419864399999999,0.9955801356,0.19999999999999996
ViSmish_05795,0,0,0.9993766,True,1.0,external_curated,P2P hard negative,1.0,0.004873397199999999,0.9951266028,0.19999999999999996
ViSmish_05796,1,1,0.9996283,True,1.0,paraphrased,BHXH / Trợ cấp giả,1.0,0.996216666,0.0037833339999999716,0.19999999999999996
ViSmish_05797,1,1,0.9994406,True,1.0,paraphrased,Đòi nợ / Đe dọa,1.0,0.99537774,0.004622259999999989,0.19999999999999996
ViSmish_05799,1,1,0.9996159,True,1.0,paraphrased,Tuyển dụng giả,1.0,0.99615524,0.0038447600000000026,0.19999999999999996
ViSmish_05801,0,0,0.9994204,True,1.0,external_curated,P2P hard negative,1.0,0.004703240399999999,0.9952967596,0.19999999999999996
ViSmish_05804,1,1,0.99961853,True,1.0,paraphrased,Crypto / Đầu tư giả,1.0,0.996167708,0.003832292000000015,0.19999999999999996
ViSmish_05806,1,1,0.99956983,True,1.0,paraphrased,Đòi nợ / Đe dọa,1.0,0.995935428,0.0040645719999999885,0.19999999999999996
ViSmish_05807,1,1,0.99953604,True,1.0,synthetic_hard_positive,BHXH / Trợ cấp giả,1.0,0.995782054,0.004217946000000028,0.19999999999999996
ViSmish_05809,0,0,0.9994541,True,1.0,external_curated,P2P hard negative,1.0,0.004567664399999999,0.9954323356,0.19999999999999996
ViSmish_05810,1,1,0.99962866,True,1.0,paraphrased,Tuyển dụng giả,1.0,0.9962180199999999,0.0037819800000000736,0.19999999999999996
ViSmish_05811,1,1,0.9995896,True,1.0,paraphrased,Cờ bạc / Betting,1.0,0.99602788,0.003972120000000023,0.19999999999999996
ViSmish_05812,1,1,0.9995834,True,1.0,paraphrased,Nội dung nhạy cảm,1.0,0.9959986599999999,0.004001340000000075,0.19999999999999996
ViSmish_05815,0,0,0.9994854,True,1.0,synthetic,Vận chuyển,1.0,0.004437245399999999,0.9955627546,0.19999999999999996
ViSmish_05816,1,1,0.9996184,True,1.0,paraphrased,Giả mạo ngân hàng,1.0,0.996167206,0.0038327940000000282,0.19999999999999996
ViSmish_05817,0,0,0.9994804,True,1.0,synthetic,Vận chuyển,1.0,0.004458705999999999,0.995541294,0.19999999999999996
ViSmish_05818,1,1,0.99963164,True,1.0,paraphrased,Đòi nợ / Đe dọa,1.0,0.99623292,0.0037670800000000337,0.19999999999999996
ViSmish_05820,0,0,0.9994752,True,1.0,synthetic,Thương mại điện tử,1.0,0.004480432399999999,0.9955195676,0.19999999999999996
ViSmish_05822,0,0,0.9994997,True,1.0,synthetic,Dịch vụ y tế,1.0,0.004376732999999999,0.995623267,0.19999999999999996
ViSmish_05825,0,0,0.9994617,True,1.0,synthetic,Tin nhắn cá nhân và OTP,1.0,0.004536156799999999,0.9954638432,0.19999999999999996
ViSmish_05826,1,1,0.99950576,True,1.0,paraphrased,Cờ bạc / Betting,1.0,0.995649612,0.004350387999999983,0.19999999999999996
ViSmish_05827,0,0,0.99946934,True,1.0,real,Khác,1.0,0.004504591199999999,0.9954954088,0.19999999999999996
ViSmish_05828,1,1,0.99960464,True,1.0,paraphrased,Nội dung nhạy cảm,1.0,0.99610014,0.0038998599999999772,0.19999999999999996
ViSmish_05829,0,0,0.9993635,True,1.0,external_real,P2P hội thoại thông thường,1.0,0.004923475199999999,0.9950765248,0.19999999999999996
ViSmish_05833,1,1,0.9996177,True,1.0,paraphrased,Đòi nợ / Đe dọa,1.0,0.996164132,0.00383586800000002,0.19999999999999996
ViSmish_05835,0,0,0.99935645,True,1.0,external_real,P2P hội thoại thông thường,1.0,0.004949763799999999,0.9950502362,0.19999999999999996
ViSmish_05836,0,0,0.99947053,True,1.0,external_curated,P2P hard negative,1.0,0.004499918199999999,0.9955000818,0.19999999999999996
ViSmish_05837,0,0,0.99944776,True,1.0,synthetic,Tin nhắn cá nhân và OTP,1.0,0.004593364599999999,0.9954066354,0.19999999999999996
ViSmish_05838,1,1,0.9996208,True,1.0,paraphrased,BHXH / Trợ cấp giả,1.0,0.9961792700000001,0.003820729999999939,0.19999999999999996
ViSmish_05839,1,1,0.9996118,True,1.0,paraphrased,Cờ bạc / Betting,1.0,0.996134686,0.0038653140000000086,0.19999999999999996
ViSmish_05840,1,1,0.99960774,True,1.0,paraphrased,Cờ bạc / Betting,1.0,0.9961149,0.0038850999999999747,0.19999999999999996
ViSmish_05841,1,1,0.9996191,True,1.0,paraphrased,Tuyển dụng giả,1.0,0.99617122,0.003828779999999976,0.19999999999999996
ViSmish_05844,0,0,0.99931383,True,1.0,synthetic,Ngân hàng thật,1.0,0.005107142799999999,0.9948928572,0.19999999999999996
ViSmish_05845,1,1,0.9995833,True,1.0,paraphrased,BHXH / Trợ cấp giả,1.0,0.99599836,0.0040016400000000285,0.19999999999999996
ViSmish_05847,0,0,0.99942076,True,1.0,external_curated,P2P hard negative,1.0,0.004701783199999999,0.9952982168,0.19999999999999996
ViSmish_05850,0,0,0.9994417,True,1.0,synthetic,Thương mại điện tử,1.0,0.004617861199999999,0.9953821388,0.19999999999999996
ViSmish_05851,1,1,0.9996024,True,1.0,paraphrased,Crypto / Đầu tư giả,1.0,0.99608906,0.003910940000000029,0.19999999999999996
ViSmish_05852,0,0,0.99946195,True,1.0,synthetic,Tin nhắn cá nhân và OTP,1.0,0.004535072599999999,0.9954649274,0.19999999999999996
ViSmish_05853,1,1,0.9996124,True,1.0,paraphrased,Tuyển dụng giả,1.0,0.9961374199999999,0.00386258000000006,0.19999999999999996
ViSmish_05854,1,1,0.999514,True,1.0,paraphrased,Nội dung nhạy cảm,1.0,0.995685088,0.004314912000000004,0.19999999999999996
ViSmish_05856,1,1,0.99946123,True,1.0,real,Giả mạo ngân hàng,1.0,0.9954620599999999,0.004537940000000074,0.19999999999999996
ViSmish_05859,1,1,0.9996086,True,1.0,paraphrased,Nội dung nhạy cảm,1.0,0.9961188,0.003881200000000029,0.19999999999999996
ViSmish_05860,0,0,0.99929976,True,1.0,external_real,P2P hội thoại thông thường,1.0,0.005157811199999999,0.9948421888,0.19999999999999996
ViSmish_05862,1,1,0.9996226,True,1.0,paraphrased,Tuyển dụng giả,1.0,0.9961880320000001,0.0038119679999999434,0.19999999999999996
ViSmish_05863,1,1,0.999619,True,1.0,paraphrased,Dịch vụ công giả,1.0,0.9961705080000001,0.0038294919999999344,0.19999999999999996
ViSmish_05867,1,1,0.9995571,True,1.0,paraphrased,Nội dung nhạy cảm,1.0,0.995876932,0.004123067999999952,0.19999999999999996
ViSmish_05869,0,0,0.9994609,True,1.0,synthetic,Ngân hàng thật,1.0,0.004539739799999999,0.9954602602,0.19999999999999996
ViSmish_05870,0,0,0.9994197,True,1.0,real,Khác,1.0,0.0047059289999999985,0.995294071,0.19999999999999996
ViSmish_05872,0,0,0.9991742,True,1.0,external_real,P2P hội thoại thông thường,1.0,0.005588977799999999,0.9944110222,0.19999999999999996
ViSmish_05874,0,0,0.9994597,True,1.0,real,Quảng cáo hợp lệ,1.0,0.004544688399999999,0.9954553116,0.19999999999999996
ViSmish_05875,1,1,0.9996008,True,1.0,paraphrased,Crypto / Đầu tư giả,1.0,0.996081686,0.003918313999999978,0.19999999999999996
ViSmish_05876,0,0,0.9994087,True,1.0,external_real,P2P hội thoại thông thường,1.0,0.004748983599999999,0.9952510164,0.19999999999999996
ViSmish_05877,1,1,0.9995906,True,1.0,paraphrased,Crypto / Đầu tư giả,1.0,0.99603275,0.003967249999999978,0.19999999999999996
ViSmish_05878,0,0,0.9993345,True,1.0,real,Dịch vụ công thật,1.0,0.0050309783999999995,0.9949690216,0.19999999999999996
ViSmish_05879,1,1,0.99961334,True,1.0,paraphrased,Crypto / Đầu tư giả,1.0,0.996142054,0.003857946000000001,0.19999999999999996
ViSmish_05880,1,1,0.9995566,True,1.0,paraphrased,Nội dung nhạy cảm,1.0,0.99587454,0.004125460000000025,0.19999999999999996
ViSmish_05883,0,0,0.99900407,True,1.0,real,Dịch vụ công thật,1.0,0.006121593999999999,0.993878406,0.19999999999999996
ViSmish_05885,1,1,0.9995394,True,1.0,paraphrased,Đòi nợ / Đe dọa,1.0,0.99579654,0.004203460000000048,0.19999999999999996
ViSmish_05887,0,0,0.99947625,True,1.0,synthetic,Ngân hàng thật,1.0,0.004475717599999999,0.9955242824,0.19999999999999996
ViSmish_05888,1,1,0.9993074,True,1.0,paraphrased,Cờ bạc / Betting,1.0,0.99486986,0.005130140000000005,0.19999999999999996
ViSmish_05891,1,1,0.9981343,True,1.0,paraphrased,BHXH / Trợ cấp giả,1.0,0.99171139,0.00828861000000003,0.19999999999999996
ViSmish_05892,1,1,0.9994925,True,1.0,synthetic_hard_positive,Khác,1.0,0.995592832,0.004407167999999961,0.19999999999999996
ViSmish_05893,1,1,0.9996164,True,1.0,paraphrased,Giả mạo ngân hàng,1.0,0.9961573,0.0038426999999999767,0.19999999999999996
ViSmish_05894,0,0,0.99943525,True,1.0,external_real,P2P hội thoại thông thường,1.0,0.004643689399999999,0.9953563106,0.19999999999999996
ViSmish_05895,0,0,0.9994808,True,1.0,real,Khác,1.0,0.004456827799999999,0.9955431722,0.19999999999999996
ViSmish_05896,0,0,0.9993561,True,1.0,external_real,P2P hội thoại thông thường,1.0,0.004951109999999999,0.99504889,0.19999999999999996
ViSmish_05897,1,1,0.9996207,True,1.0,paraphrased,Tuyển dụng giả,1.0,0.9961785320000001,0.003821467999999939,0.19999999999999996
ViSmish_05898,0,0,0.9994698,True,1.0,synthetic,Viễn thông,1.0,0.004502964399999999,0.9954970356,0.19999999999999996
ViSmish_05899,0,0,0.99945515,True,1.0,real,Tin nhắn cá nhân và OTP,1.0,0.004563135599999999,0.9954368644,0.19999999999999996
ViSmish_05900,0,0,0.99945074,True,1.0,synthetic,Ngân hàng thật,1.0,0.004581149,0.995418851,0.19999999999999996
ViSmish_05903,1,1,0.9996151,True,1.0,paraphrased,Crypto / Đầu tư giả,1.0,0.996150768,0.0038492319999999802,0.19999999999999996
ViSmish_05904,0,0,0.998451,True,1.0,real,Dịch vụ công thật,1.0,0.007579123999999998,0.992420876,0.19999999999999996
ViSmish_05905,1,1,0.99960107,True,1.0,paraphrased,Crypto / Đầu tư giả,1.0,0.9960827,0.0039173000000000124,0.19999999999999996
ViSmish_05906,1,1,0.9996214,True,1.0,paraphrased,Cờ bạc / Betting,1.0,0.99618188,0.003818120000000036,0.19999999999999996
ViSmish_05907,1,1,0.99960726,True,1.0,paraphrased,Đòi nợ / Đe dọa,1.0,0.99611266,0.003887340000000017,0.19999999999999996
ViSmish_05908,0,0,0.99936885,True,1.0,real,Viễn thông,1.0,0.004903032599999999,0.9950969674,0.19999999999999996
ViSmish_05910,1,1,0.99798644,True,1.0,paraphrased,BHXH / Trợ cấp giả,1.0,0.99140272,0.00859728000000004,0.19999999999999996
ViSmish_05911,0,0,0.99947196,True,1.0,real,Tin nhắn cá nhân và OTP,1.0,0.004493880199999999,0.9955061198,0.19999999999999996
ViSmish_05914,1,1,0.999617,True,1.0,paraphrased,Cờ bạc / Betting,1.0,0.99616046,0.0038395399999999746,0.19999999999999996
ViSmish_05916,0,0,0.99946517,True,1.0,real,Khác,1.0,0.004521775199999999,0.9954782248,0.19999999999999996
ViSmish_05917,1,1,0.9994367,True,1.0,real,Giả mạo ngân hàng,1.0,0.9953617699999999,0.0046382300000000765,0.19999999999999996
ViSmish_05918,1,1,0.9996284,True,1.0,paraphrased,Tuyển dụng giả,1.0,0.99621706,0.0037829400000000124,0.19999999999999996
ViSmish_05921,1,1,0.9996247,True,1.0,paraphrased,Tuyển dụng giả,1.0,0.99619884,0.00380115999999997,0.19999999999999996
ViSmish_05922,1,1,0.99949646,True,1.0,paraphrased,Dịch vụ công giả,1.0,0.995609688,0.004390311999999952,0.19999999999999996
ViSmish_05923,0,0,0.9994661,True,1.0,synthetic,Tin nhắn cá nhân và OTP,1.0,0.004518199999999999,0.9954818,0.19999999999999996
ViSmish_05925,1,1,0.99956757,True,1.0,paraphrased,Đòi nợ / Đe dọa,1.0,0.995924652,0.004075347999999979,0.19999999999999996
ViSmish_05926,1,1,0.99961746,True,1.0,paraphrased,Cờ bạc / Betting,1.0,0.9961625940000001,0.003837405999999932,0.19999999999999996
ViSmish_05927,0,0,0.99947435,True,1.0,synthetic,Tin nhắn cá nhân và OTP,1.0,0.004483714599999999,0.9955162854,0.19999999999999996
ViSmish_05928,1,1,0.9995982,True,1.0,paraphrased,Nội dung nhạy cảm,1.0,0.99606876,0.0039312400000000025,0.19999999999999996
ViSmish_05931,1,1,0.9995876,True,1.0,paraphrased,Đòi nợ / Đe dọa,1.0,0.9960183,0.003981699999999977,0.19999999999999996
ViSmish_05932,0,0,0.99948263,True,1.0,real,Khác,1.0,0.004449214799999999,0.9955507852,0.19999999999999996
ViSmish_05933,0,0,0.999087,True,1.0,real,Khác,1.0,0.005868434999999999,0.994131565,0.19999999999999996
ViSmish_05934,1,1,0.99956495,True,1.0,paraphrased,Crypto / Đầu tư giả,1.0,0.9959127999999999,0.0040872000000000686,0.19999999999999996
ViSmish_05935,1,1,0.9995764,True,1.0,paraphrased,Crypto / Đầu tư giả,1.0,0.9959657319999999,0.004034268000000063,0.19999999999999996
ViSmish_05936,0,0,0.99948514,True,1.0,synthetic,Vận chuyển,1.0,0.004438469999999999,0.99556153,0.19999999999999996
ViSmish_05937,1,1,0.999619,True,1.0,paraphrased,Đòi nợ / Đe dọa,1.0,0.9961702100000001,0.003829789999999944,0.19999999999999996
ViSmish_05938,0,0,0.9994215,True,1.0,synthetic,Ngân hàng thật,1.0,0.004698995999999999,0.995301004,0.19999999999999996
ViSmish_05939,1,1,0.999577,True,1.0,paraphrased,Cờ bạc / Betting,1.0,0.9959684719999999,0.004031528000000062,0.19999999999999996
ViSmish_05941,0,0,0.9991986,True,1.0,synthetic,Ngân hàng thật,1.0,0.005507887999999998,0.994492112,0.19999999999999996
ViSmish_05942,0,0,0.99940884,True,1.0,real,Viễn thông,1.0,0.004748540399999999,0.9952514596,0.19999999999999996
ViSmish_05943,0,0,0.99945873,True,1.0,real,Tin nhắn cá nhân và OTP,1.0,0.004548293999999999,0.995451706,0.19999999999999996
ViSmish_05944,0,0,0.9994722,True,1.0,real,Viễn thông,1.0,0.004492676999999999,0.995507323,0.19999999999999996
ViSmish_05945,1,1,0.99959177,True,1.0,paraphrased,Nội dung nhạy cảm,1.0,0.996038092,0.0039619079999999585,0.19999999999999996
ViSmish_05947,1,1,0.9995995,True,1.0,paraphrased,Cờ bạc / Betting,1.0,0.9960751800000001,0.00392481999999994,0.19999999999999996
ViSmish_05948,1,1,0.99940574,True,1.0,paraphrased,Crypto / Đầu tư giả,1.0,0.99523933,0.004760670000000022,0.19999999999999996
ViSmish_05949,1,1,0.9995048,True,1.0,real,Dịch vụ công giả,1.0,0.99564507,0.004354929999999979,0.19999999999999996
ViSmish_05950,0,0,0.99920565,True,1.0,synthetic,Quảng cáo hợp lệ,1.0,0.0054844251999999994,0.9945155748,0.19999999999999996
ViSmish_05951,0,0,0.99945456,True,1.0,synthetic,Dịch vụ y tế,1.0,0.0045657753999999995,0.9954342246,0.19999999999999996
ViSmish_05953,0,0,0.9994454,True,1.0,synthetic,Dịch vụ y tế,1.0,0.004602726599999999,0.9953972734,0.19999999999999996
ViSmish_05954,0,0,0.99949133,True,1.0,synthetic,Quảng cáo hợp lệ,1.0,0.0044121809999999985,0.995587819,0.19999999999999996
ViSmish_05956,1,1,0.99939513,True,1.0,paraphrased,Nội dung nhạy cảm,1.0,0.995197714,0.004802285999999989,0.19999999999999996
ViSmish_05958,0,0,0.99945647,True,1.0,external_curated,P2P hard negative,1.0,0.004557688999999999,0.995442311,0.19999999999999996
ViSmish_05959,0,0,0.99945706,True,1.0,real,Tin nhắn cá nhân và OTP,1.0,0.0045551835999999984,0.9954448164,0.19999999999999996
ViSmish_05960,0,0,0.99945873,True,1.0,synthetic,Tin nhắn cá nhân và OTP,1.0,0.004548231999999999,0.995451768,0.19999999999999996
ViSmish_05965,1,1,0.99962807,True,1.0,paraphrased,Giả mạo ngân hàng,1.0,0.99621507,0.0037849300000000197,0.19999999999999996
ViSmish_05966,0,0,0.9994635,True,1.0,external_real,P2P hội thoại thông thường,1.0,0.004528660999999999,0.995471339,0.19999999999999996
ViSmish_05968,1,1,0.99961996,True,1.0,paraphrased,Tuyển dụng giả,1.0,0.99617523,0.003824770000000033,0.19999999999999996
ViSmish_05969,1,1,0.99962986,True,1.0,paraphrased,BHXH / Trợ cấp giả,1.0,0.996224154,0.003775846000000027,0.19999999999999996
ViSmish_05970,1,1,0.9995585,True,1.0,paraphrased,BHXH / Trợ cấp giả,1.0,0.995883108,0.004116891999999983,0.19999999999999996
ViSmish_05971,1,1,0.9996259,True,1.0,paraphrased,Giả mạo ngân hàng,1.0,0.996204854,0.0037951459999999715,0.19999999999999996
ViSmish_05972,1,1,0.9995963,True,1.0,paraphrased,Cờ bạc / Betting,1.0,0.996059966,0.003940033999999981,0.19999999999999996
ViSmish_05975,1,1,0.9996263,True,1.0,paraphrased,Cờ bạc / Betting,1.0,0.9962061879999999,0.003793812000000063,0.19999999999999996
ViSmish_05976,0,0,0.99945,True,1.0,external_curated,P2P hard negative,1.0,0.004583980599999999,0.9954160194,0.19999999999999996
ViSmish_05977,0,0,0.99937856,True,1.0,real,Dịch vụ công thật,1.0,0.004865611399999999,0.9951343886,0.19999999999999996
ViSmish_05978,0,0,0.999485,True,1.0,synthetic,Viễn thông,1.0,0.004439091599999999,0.9955609084,0.19999999999999996
ViSmish_05980,1,1,0.9996233,True,1.0,paraphrased,Dịch vụ công giả,1.0,0.9961916319999999,0.003808368000000062,0.19999999999999996
ViSmish_05981,0,0,0.9994722,True,1.0,synthetic,Viễn thông,1.0,0.004493054399999999,0.9955069456,0.19999999999999996
ViSmish_05982,0,0,0.99943835,True,1.0,real,Viễn thông,1.0,0.004631378799999999,0.9953686212,0.19999999999999996
ViSmish_05986,1,1,0.9996227,True,1.0,paraphrased,BHXH / Trợ cấp giả,1.0,0.9961888400000001,0.0038111599999999246,0.19999999999999996
ViSmish_05987,0,0,0.9992931,True,1.0,external_real,P2P hội thoại thông thường,1.0,0.005181622599999999,0.9948183774,0.19999999999999996
ViSmish_05988,1,1,0.9996082,True,1.0,paraphrased,Nội dung nhạy cảm,1.0,0.99611726,0.0038827399999999956,0.19999999999999996
ViSmish_05992,1,1,0.9996101,True,1.0,paraphrased,Đòi nợ / Đe dọa,1.0,0.9961263,0.00387369999999998,0.19999999999999996
ViSmish_05993,1,1,0.9995894,True,1.0,paraphrased,Dịch vụ công giả,1.0,0.9960271119999999,0.003972888000000063,0.19999999999999996
ViSmish_05994,1,1,0.9996244,True,1.0,paraphrased,BHXH / Trợ cấp giả,1.0,0.99619662,0.003803380000000023,0.19999999999999996
ViSmish_05995,0,0,0.99947244,True,1.0,synthetic,Dịch vụ y tế,1.0,0.004491703199999999,0.9955082968,0.19999999999999996
ViSmish_05997,0,0,0.99943525,True,1.0,real,Ngân hàng thật,1.0,0.004643610799999999,0.9953563892,0.19999999999999996
ViSmish_05998,0,0,0.9993704,True,1.0,real,Viễn thông,1.0,0.004896990599999999,0.9951030094,0.19999999999999996
ViSmish_06002,1,1,0.99962175,True,1.0,paraphrased,Đòi nợ / Đe dọa,1.0,0.99618411,0.003815890000000044,0.19999999999999996
ViSmish_06003,1,1,0.9996117,True,1.0,paraphrased,Dịch vụ công giả,1.0,0.99613386,0.0038661399999999624,0.19999999999999996
ViSmish_06004,1,1,0.9996289,True,1.0,paraphrased,Tuyển dụng giả,1.0,0.99621956,0.003780439999999996,0.19999999999999996
ViSmish_06005,1,1,0.99961686,True,1.0,paraphrased,Đòi nợ / Đe dọa,1.0,0.99615966,0.0038403399999999976,0.19999999999999996
ViSmish_06007,0,0,0.99947363,True,1.0,synthetic,Vận chuyển,1.0,0.004486967999999999,0.995513032,0.19999999999999996
ViSmish_06008,1,1,0.9996177,True,1.0,paraphrased,BHXH / Trợ cấp giả,1.0,0.99616366,0.0038363399999999936,0.19999999999999996
ViSmish_06009,0,0,0.9994473,True,1.0,synthetic,Dịch vụ y tế,1.0,0.004594945199999999,0.9954050548,0.19999999999999996
ViSmish_06011,0,0,0.9994898,True,1.0,synthetic,Vận chuyển,1.0,0.004419058199999999,0.9955809418,0.19999999999999996
ViSmish_06012,1,1,0.9992902,True,1.0,paraphrased,Crypto / Đầu tư giả,1.0,0.9948083,0.005191700000000021,0.19999999999999996
ViSmish_06014,1,1,0.99962914,True,1.0,paraphrased,BHXH / Trợ cấp giả,1.0,0.99622053,0.003779470000000007,0.19999999999999996
ViSmish_06015,0,0,0.99946266,True,1.0,external_real,P2P hội thoại thông thường,1.0,0.004532191199999999,0.9954678088,0.19999999999999996
ViSmish_06016,1,1,0.99958724,True,1.0,paraphrased,Cờ bạc / Betting,1.0,0.99601649,0.003983509999999968,0.19999999999999996
ViSmish_06018,1,1,0.99948573,True,1.0,real,Cờ bạc / Betting,1.0,0.9955640800000001,0.004435919999999927,0.19999999999999996
ViSmish_06019,1,1,0.9995654,True,1.0,paraphrased,Crypto / Đầu tư giả,1.0,0.995914948,0.004085051999999978,0.19999999999999996
ViSmish_06020,0,0,0.99794203,True,1.0,real,Dịch vụ công thật,1.0,0.008687797199999998,0.9913122028,0.19999999999999996
ViSmish_06021,0,0,0.99930656,True,1.0,external_curated,P2P hard negative,1.0,0.005133155799999999,0.9948668442,0.19999999999999996
ViSmish_06022,1,1,0.99961436,True,1.0,paraphrased,Dịch vụ công giả,1.0,0.9961474,0.003852599999999984,0.19999999999999996
ViSmish_06023,1,1,0.9995869,True,1.0,paraphrased,Nội dung nhạy cảm,1.0,0.99601502,0.003984980000000027,0.19999999999999996
ViSmish_06024,1,1,0.99951935,True,1.0,paraphrased,Cờ bạc / Betting,1.0,0.99570846,0.004291539999999983,0.19999999999999996
ViSmish_06025,0,0,0.9994554,True,1.0,external_real,P2P hội thoại thông thường,1.0,0.0045619193999999995,0.9954380806,0.19999999999999996
ViSmish_06029,0,0,0.9993905,True,1.0,synthetic,Quảng cáo hợp lệ,1.0,0.004820282799999999,0.9951797172,0.19999999999999996
ViSmish_06030,1,1,0.99962616,True,1.0,paraphrased,Cờ bạc / Betting,1.0,0.9962055000000001,0.003794499999999923,0.19999999999999996
ViSmish_06031,1,1,0.9996171,True,1.0,paraphrased,Dịch vụ công giả,1.0,0.9961610000000001,0.003838999999999926,0.19999999999999996
ViSmish_06032,0,0,0.9994848,True,1.0,synthetic,Thương mại điện tử,1.0,0.004440158599999999,0.9955598414,0.19999999999999996
ViSmish_06034,1,1,0.99961483,True,1.0,paraphrased,Tuyển dụng giả,1.0,0.99614956,0.0038504400000000105,0.19999999999999996
ViSmish_06035,1,1,0.9996131,True,1.0,paraphrased,Giả mạo ngân hàng,1.0,0.996141386,0.0038586139999999824,0.19999999999999996
ViSmish_06037,1,1,0.9995982,True,1.0,paraphrased,Cờ bạc / Betting,1.0,0.99606924,0.003930760000000033,0.19999999999999996
ViSmish_06038,1,1,0.99961084,True,1.0,paraphrased,Crypto / Đầu tư giả,1.0,0.9961302400000001,0.0038697599999999444,0.19999999999999996
ViSmish_06040,0,0,0.999398,True,1.0,real,Viễn thông,1.0,0.004791237799999999,0.9952087622,0.19999999999999996
ViSmish_06042,0,0,0.99947876,True,1.0,synthetic,Tin nhắn cá nhân và OTP,1.0,0.004465548399999999,0.9955344516,0.19999999999999996
ViSmish_06044,1,1,0.9995184,True,1.0,synthetic_hard_positive,Tuyển dụng giả,1.0,0.9957039,0.004296100000000025,0.19999999999999996
ViSmish_06045,1,1,0.9995989,True,1.0,paraphrased,Nội dung nhạy cảm,1.0,0.99607234,0.0039276599999999995,0.19999999999999996
ViSmish_06048,1,1,0.99954283,True,1.0,synthetic_hard_positive,Khác,1.0,0.9958119400000001,0.004188059999999938,0.19999999999999996
ViSmish_06049,0,0,0.99943,True,1.0,external_curated,P2P hard negative,1.0,0.004664630399999999,0.9953353696,0.19999999999999996
ViSmish_06050,0,0,0.99948466,True,1.0,real,Khác,1.0,0.004440206199999999,0.9955597938,0.19999999999999996
ViSmish_06051,1,1,0.99960834,True,1.0,paraphrased,Tuyển dụng giả,1.0,0.9961177,0.003882300000000005,0.19999999999999996
ViSmish_06052,0,0,0.99942327,True,1.0,synthetic,Tin nhắn cá nhân và OTP,1.0,0.004691903199999999,0.9953080968,0.19999999999999996
ViSmish_06053,1,1,0.9995989,True,1.0,paraphrased,Cờ bạc / Betting,1.0,0.99607259,0.0039274099999999645,0.19999999999999996
ViSmish_06054,0,0,0.9994685,True,1.0,real,Viễn thông,1.0,0.004508269999999999,0.99549173,0.19999999999999996
ViSmish_06055,1,1,0.99961424,True,1.0,paraphrased,Cờ bạc / Betting,1.0,0.996147,0.0038529999999999953,0.19999999999999996
ViSmish_06056,1,1,0.9995976,True,1.0,paraphrased,Dịch vụ công giả,1.0,0.9960663080000001,0.003933691999999933,0.19999999999999996
ViSmish_06057,1,1,0.9995741,True,1.0,paraphrased,Đòi nợ / Đe dọa,1.0,0.99595548,0.004044519999999996,0.19999999999999996
ViSmish_06058,1,1,0.99960107,True,1.0,paraphrased,Giả mạo ngân hàng,1.0,0.996082746,0.003917253999999981,0.19999999999999996
ViSmish_06059,1,1,0.99959177,True,1.0,paraphrased,Crypto / Đầu tư giả,1.0,0.996038448,0.003961552000000035,0.19999999999999996
ViSmish_06061,0,0,0.99935216,True,1.0,external_real,P2P hội thoại thông thường,1.0,0.0049657083999999985,0.9950342916,0.19999999999999996
ViSmish_06063,0,0,0.99943095,True,1.0,synthetic,Dịch vụ công thật,1.0,0.004660905599999999,0.9953390944,0.19999999999999996
ViSmish_06064,0,0,0.99936026,True,1.0,real,Viễn thông,1.0,0.0049353587999999985,0.9950646412,0.19999999999999996
ViSmish_06065,1,1,0.9996145,True,1.0,paraphrased,Dịch vụ công giả,1.0,0.9961480739999999,0.003851926000000061,0.19999999999999996
ViSmish_06067,1,1,0.9995704,True,1.0,paraphrased,Crypto / Đầu tư giả,1.0,0.9959378999999999,0.0040621000000000684,0.19999999999999996
ViSmish_06068,0,0,0.9994299,True,1.0,external_real,P2P hội thoại thông thường,1.0,0.004665389199999999,0.9953346108,0.19999999999999996
ViSmish_06069,1,1,0.99957377,True,1.0,paraphrased,Cờ bạc / Betting,1.0,0.99595362,0.004046380000000016,0.19999999999999996
ViSmish_06070,0,0,0.9994055,True,1.0,real,Viễn thông,1.0,0.004761785199999999,0.9952382148,0.19999999999999996
ViSmish_06071,0,0,0.9994429,True,1.0,external_curated,P2P hard negative,1.0,0.004612912999999999,0.995387087,0.19999999999999996
ViSmish_06073,0,0,0.9994974,True,1.0,synthetic,Tin nhắn cá nhân và OTP,1.0,0.004386424999999999,0.995613575,0.19999999999999996
ViSmish_06074,1,1,0.99956447,True,1.0,paraphrased,Tuyển dụng giả,1.0,0.9959104,0.0040896000000000265,0.19999999999999996
ViSmish_06079,1,1,0.99962103,True,1.0,paraphrased,Đòi nợ / Đe dọa,1.0,0.99618042,0.0038195800000000446,0.19999999999999996
ViSmish_06080,0,0,0.99945945,True,1.0,synthetic,Thương mại điện tử,1.0,0.004545501599999999,0.9954544984,0.19999999999999996
ViSmish_06081,0,0,0.99946505,True,1.0,synthetic,Dịch vụ y tế,1.0,0.0045224279999999985,0.995477572,0.19999999999999996
ViSmish_06082,1,1,0.9996346,True,1.0,paraphrased,Đòi nợ / Đe dọa,1.0,0.9962481400000001,0.0037518599999999402,0.19999999999999996
ViSmish_06083,1,1,0.9996158,True,1.0,paraphrased,Đòi nợ / Đe dọa,1.0,0.99615462,0.0038453800000000093,0.19999999999999996
ViSmish_06084,0,0,0.9994461,True,1.0,synthetic,Tin nhắn cá nhân và OTP,1.0,0.004600169599999999,0.9953998304,0.19999999999999996
ViSmish_06085,0,0,0.9994772,True,1.0,synthetic,Thương mại điện tử,1.0,0.004471985199999999,0.9955280148,0.19999999999999996
ViSmish_06087,0,0,0.9993218,True,1.0,real,Viễn thông,1.0,0.0050780719999999994,0.994921928,0.19999999999999996
ViSmish_06088,1,1,0.999629,True,1.0,paraphrased,Dịch vụ công giả,1.0,0.99621998,0.003780019999999995,0.19999999999999996
ViSmish_06091,1,1,0.9996094,True,1.0,paraphrased,Giả mạo ngân hàng,1.0,0.99612334,0.0038766599999999762,0.19999999999999996
ViSmish_06092,1,1,0.999597,True,1.0,paraphrased,Đòi nợ / Đe dọa,1.0,0.99606338,0.003936619999999946,0.19999999999999996
ViSmish_06093,0,0,0.99946326,True,1.0,real,Vận chuyển,1.0,0.004529803599999999,0.9954701964,0.19999999999999996
ViSmish_06095,0,0,0.9994203,True,1.0,real,Quảng cáo hợp lệ,1.0,0.004703589999999999,0.99529641,0.19999999999999996
ViSmish_06096,1,1,0.99958664,True,1.0,paraphrased,Nội dung nhạy cảm,1.0,0.996014154,0.00398584599999996,0.19999999999999996
ViSmish_06098,0,0,0.9994791,True,1.0,synthetic,Dịch vụ y tế,1.0,0.004464155799999999,0.9955358442,0.19999999999999996
ViSmish_06100,0,0,0.99943656,True,1.0,external_curated,P2P hard negative,1.0,0.004638356999999999,0.995361643,0.19999999999999996
ViSmish_06101,1,1,0.9996126,True,1.0,paraphrased,Dịch vụ công giả,1.0,0.9961386999999999,0.0038613000000000675,0.19999999999999996
ViSmish_06102,1,1,0.9996253,True,1.0,paraphrased,Cờ bạc / Betting,1.0,0.9962017,0.003798300000000032,0.19999999999999996
ViSmish_06103,0,0,0.99945027,True,1.0,synthetic,Dịch vụ y tế,1.0,0.004583227999999999,0.995416772,0.19999999999999996
ViSmish_06105,1,1,0.92631185,True,1.0,paraphrased,Giả mạo ngân hàng,1.0,0.9560006400000001,0.04399935999999993,0.19999999999999996
ViSmish_06107,0,0,0.9994728,True,1.0,real,Khác,1.0,0.0044905371999999985,0.9955094628,0.19999999999999996
ViSmish_06108,0,0,0.99938977,True,1.0,external_curated,P2P hard negative,1.0,0.004822792399999999,0.9951772076,0.19999999999999996
ViSmish_06109,0,0,0.9993231,True,1.0,external_curated,P2P hard negative,1.0,0.005073264199999999,0.9949267358,0.19999999999999996
ViSmish_06111,0,0,0.99931467,True,1.0,synthetic,Viễn thông,1.0,0.005103951599999999,0.9948960484,0.19999999999999996
ViSmish_06113,1,1,0.9996213,True,1.0,paraphrased,Đòi nợ / Đe dọa,1.0,0.9961818,0.003818199999999994,0.19999999999999996
ViSmish_06114,1,1,0.9996165,True,1.0,paraphrased,Đòi nợ / Đe dọa,1.0,0.99615794,0.0038420599999999805,0.19999999999999996
ViSmish_06116,1,1,0.99962246,True,1.0,paraphrased,Crypto / Đầu tư giả,1.0,0.9961877100000001,0.0038122899999999404,0.19999999999999996
ViSmish_06119,1,1,0.999589,True,1.0,paraphrased,Crypto / Đầu tư giả,1.0,0.9960254900000001,0.003974509999999931,0.19999999999999996
ViSmish_06120,0,0,0.99923885,True,1.0,synthetic,Viễn thông,1.0,0.0053715527999999985,0.9946284472,0.19999999999999996
ViSmish_06121,0,0,0.99944514,True,1.0,synthetic,Viễn thông,1.0,0.004604017799999999,0.9953959822,0.19999999999999996
ViSmish_06122,0,0,0.99940217,True,1.0,real,Dịch vụ công thật,1.0,0.004774678399999999,0.9952253216,0.19999999999999996
ViSmish_06124,1,1,0.9995396,True,1.0,paraphrased,Cờ bạc / Betting,1.0,0.995797586,0.004202413999999988,0.19999999999999996
ViSmish_06125,0,0,0.9990785,True,1.0,synthetic,Ngân hàng thật,1.0,0.005894999199999999,0.9941050008,0.19999999999999996
ViSmish_06126,1,1,0.9994235,True,1.0,paraphrased,Cờ bạc / Betting,1.0,0.99530926,0.0046907400000000266,0.19999999999999996
ViSmish_06127,1,1,0.99962664,True,1.0,paraphrased,BHXH / Trợ cấp giả,1.0,0.996208226,0.00379177399999997,0.19999999999999996
ViSmish_06128,0,0,0.9994697,True,1.0,synthetic,Vận chuyển,1.0,0.004503040399999999,0.9954969596,0.19999999999999996
ViSmish_06129,1,1,0.99958974,True,1.0,synthetic_hard_positive,Khác,1.0,0.996028852,0.00397114799999998,0.19999999999999996
ViSmish_06130,0,0,0.9989662,True,1.0,real,Viễn thông,1.0,0.006233403399999999,0.9937665966,0.19999999999999996
ViSmish_06132,0,0,0.9994999,True,1.0,synthetic,Tin nhắn cá nhân và OTP,1.0,0.004375730399999999,0.9956242696000001,0.19999999999999996
ViSmish_06133,1,1,0.99960595,True,1.0,paraphrased,Nội dung nhạy cảm,1.0,0.996106554,0.003893445999999967,0.19999999999999996
ViSmish_06134,0,0,0.99923134,True,1.0,external_curated,P2P hard negative,1.0,0.005397415999999999,0.994602584,0.19999999999999996
ViSmish_06135,0,0,0.9993783,True,1.0,external_real,P2P hội thoại thông thường,1.0,0.0048665719999999996,0.995133428,0.19999999999999996
ViSmish_06136,1,1,0.99961144,True,1.0,paraphrased,Dịch vụ công giả,1.0,0.99613302,0.0038669799999999643,0.19999999999999996
ViSmish_06139,1,1,0.99962246,True,1.0,paraphrased,Giả mạo ngân hàng,1.0,0.99618712,0.0038128800000000185,0.19999999999999996
ViSmish_06142,1,1,0.9995161,True,1.0,synthetic_hard_positive,Tuyển dụng giả,1.0,0.9956942200000001,0.004305779999999926,0.19999999999999996
ViSmish_06144,0,0,0.99941003,True,1.0,real,Viễn thông,1.0,0.004744017999999999,0.995255982,0.19999999999999996
ViSmish_06145,0,0,0.99947673,True,1.0,synthetic,Quảng cáo hợp lệ,1.0,0.004474056599999999,0.9955259434,0.19999999999999996
ViSmish_06147,1,1,0.9996124,True,1.0,paraphrased,Tuyển dụng giả,1.0,0.996137548,0.003862452000000016,0.19999999999999996
ViSmish_06148,0,0,0.9994122,True,1.0,synthetic,Tin nhắn cá nhân và OTP,1.0,0.0047357115999999986,0.9952642884,0.19999999999999996
ViSmish_06150,1,1,0.99950516,True,1.0,synthetic_hard_positive,BHXH / Trợ cấp giả,1.0,0.995646728,0.004353272000000019,0.19999999999999996
ViSmish_06151,1,1,0.99952495,True,1.0,paraphrased,Nội dung nhạy cảm,1.0,0.9957328599999999,0.004267140000000058,0.19999999999999996
ViSmish_06153,1,1,0.9994593,True,1.0,paraphrased,Cờ bạc / Betting,1.0,0.99545381,0.0045461900000000055,0.19999999999999996
ViSmish_06154,0,0,0.99938464,True,1.0,external_real,P2P hội thoại thông thường,1.0,0.004842751999999999,0.995157248,0.19999999999999996
ViSmish_06155,1,1,0.9996132,True,1.0,paraphrased,Cờ bạc / Betting,1.0,0.99614191,0.003858090000000036,0.19999999999999996
ViSmish_06156,1,1,0.9996051,True,1.0,paraphrased,Tuyển dụng giả,1.0,0.99610232,0.0038976800000000145,0.19999999999999996
ViSmish_06158,1,1,0.99952483,True,1.0,synthetic_hard_positive,Khác,1.0,0.99573212,0.004267880000000002,0.19999999999999996
ViSmish_06160,0,0,0.9994931,True,1.0,synthetic,Tin nhắn cá nhân và OTP,1.0,0.004404406599999999,0.9955955934,0.19999999999999996
ViSmish_06161,1,1,0.99961567,True,1.0,paraphrased,Dịch vụ công giả,1.0,0.996153926,0.0038460740000000326,0.19999999999999996
ViSmish_06162,1,1,0.99962556,True,1.0,paraphrased,Tuyển dụng giả,1.0,0.9962030399999999,0.0037969600000000714,0.19999999999999996
ViSmish_06164,1,1,0.99961156,True,1.0,synthetic_hard_positive,Khác,1.0,0.99613342,0.003866579999999953,0.19999999999999996
ViSmish_06165,1,1,0.99959916,True,1.0,paraphrased,Đòi nợ / Đe dọa,1.0,0.996073508,0.003926491999999948,0.19999999999999996
ViSmish_06166,1,1,0.9996082,True,1.0,paraphrased,Dịch vụ công giả,1.0,0.9961171,0.0038829000000000224,0.19999999999999996
ViSmish_06167,1,1,0.99957675,True,1.0,paraphrased,Đòi nợ / Đe dọa,1.0,0.995967268,0.004032731999999983,0.19999999999999996
ViSmish_06168,1,1,0.9996253,True,1.0,paraphrased,Crypto / Đầu tư giả,1.0,0.9962018,0.003798199999999974,0.19999999999999996
ViSmish_06169,0,0,0.99947673,True,1.0,real,Khác,1.0,0.004473860199999999,0.9955261398,0.19999999999999996
ViSmish_06172,1,1,0.9996308,True,1.0,paraphrased,Tuyển dụng giả,1.0,0.9962287,0.003771300000000033,0.19999999999999996
ViSmish_06173,0,0,0.9994686,True,1.0,real,Khác,1.0,0.0045074697999999995,0.9954925302,0.19999999999999996
ViSmish_06174,0,0,0.99944896,True,1.0,synthetic,Dịch vụ công thật,1.0,0.004588477399999999,0.9954115226,0.19999999999999996
ViSmish_06176,1,1,0.9995209,True,1.0,synthetic_hard_positive,Khác,1.0,0.99571522,0.004284779999999988,0.19999999999999996
ViSmish_06179,0,0,0.999466,True,1.0,synthetic,Dịch vụ y tế,1.0,0.004518593999999999,0.995481406,0.19999999999999996
ViSmish_06181,1,1,0.9996222,True,1.0,paraphrased,Nội dung nhạy cảm,1.0,0.99618597,0.003814030000000024,0.19999999999999996
ViSmish_06184,0,0,0.99947256,True,1.0,synthetic,Quảng cáo hợp lệ,1.0,0.004491373599999999,0.9955086264,0.19999999999999996
ViSmish_06186,1,1,0.99959654,True,1.0,paraphrased,Nội dung nhạy cảm,1.0,0.99606102,0.003938980000000036,0.19999999999999996
ViSmish_06187,1,1,0.9996244,True,1.0,paraphrased,Tuyển dụng giả,1.0,0.99619696,0.0038030399999999798,0.19999999999999996
ViSmish_06188,1,1,0.9996051,True,1.0,paraphrased,Tuyển dụng giả,1.0,0.9961021059999999,0.0038978940000000684,0.19999999999999996
ViSmish_06190,1,1,0.9996233,True,1.0,paraphrased,Tuyển dụng giả,1.0,0.9961915800000001,0.0038084199999999235,0.19999999999999996
ViSmish_06191,0,0,0.9993631,True,1.0,real,Viễn thông,1.0,0.004924710799999999,0.9950752892,0.19999999999999996
ViSmish_06194,0,0,0.99943346,True,1.0,synthetic,Viễn thông,1.0,0.004650819999999999,0.9953491800000001,0.19999999999999996
ViSmish_06195,1,1,0.99961627,True,1.0,paraphrased,BHXH / Trợ cấp giả,1.0,0.99615686,0.003843139999999967,0.19999999999999996
ViSmish_06196,0,0,0.99946743,True,1.0,synthetic,Quảng cáo hợp lệ,1.0,0.004512498599999999,0.9954875014,0.19999999999999996
ViSmish_06197,1,1,0.9995222,True,1.0,synthetic_hard_positive,Khác,1.0,0.9957208200000001,0.004279179999999938,0.19999999999999996
ViSmish_06198,0,0,0.9994804,True,1.0,real,Viễn thông,1.0,0.004458514599999999,0.9955414854,0.19999999999999996
ViSmish_06200,1,1,0.9993013,True,1.0,synthetic_hard_positive,Khác,1.0,0.99484787,0.0051521300000000325,0.19999999999999996
ViSmish_06201,1,1,0.9996233,True,1.0,paraphrased,Tuyển dụng giả,1.0,0.996191406,0.0038085939999999985,0.19999999999999996
ViSmish_06202,1,1,0.9996213,True,1.0,paraphrased,BHXH / Trợ cấp giả,1.0,0.99618158,0.003818419999999989,0.19999999999999996
ViSmish_06203,0,0,0.9993987,True,1.0,external_real,P2P hội thoại thông thường,1.0,0.004788311199999999,0.9952116888,0.19999999999999996
ViSmish_06205,1,1,0.997101,True,1.0,real,Giả mạo ngân hàng,1.0,0.98976767,0.010232330000000012,0.19999999999999996
ViSmish_06206,0,0,0.9994832,True,1.0,synthetic,Thương mại điện tử,1.0,0.004446267799999999,0.9955537322,0.19999999999999996
ViSmish_06209,1,1,0.99961215,True,1.0,paraphrased,Crypto / Đầu tư giả,1.0,0.99613664,0.0038633599999999824,0.19999999999999996
ViSmish_06211,0,0,0.99945253,True,1.0,real,Khác,1.0,0.004573665199999999,0.9954263348,0.19999999999999996
ViSmish_06212,0,0,0.99944514,True,1.0,synthetic,Ngân hàng thật,1.0,0.004603875999999999,0.995396124,0.19999999999999996
ViSmish_06213,1,1,0.99961746,True,1.0,paraphrased,Tuyển dụng giả,1.0,0.99616292,0.0038370800000000482,0.19999999999999996
ViSmish_06214,0,0,0.9994549,True,1.0,external_curated,P2P hard negative,1.0,0.004564194399999999,0.9954358056,0.19999999999999996
ViSmish_06215,1,1,0.99960417,True,1.0,paraphrased,Cờ bạc / Betting,1.0,0.9960979400000001,0.0039020599999999295,0.19999999999999996
ViSmish_06217,1,1,0.99959785,True,1.0,paraphrased,Nội dung nhạy cảm,1.0,0.99606734,0.003932660000000032,0.19999999999999996
ViSmish_06218,1,1,0.9996012,True,1.0,paraphrased,Crypto / Đầu tư giả,1.0,0.996083248,0.003916751999999968,0.19999999999999996
ViSmish_06219,0,0,0.99917006,True,1.0,external_real,P2P hội thoại thông thường,1.0,0.005602868999999999,0.994397131,0.19999999999999996
ViSmish_06221,0,0,0.9994672,True,1.0,synthetic,Tin nhắn cá nhân và OTP,1.0,0.004513596399999999,0.9954864036,0.19999999999999996
ViSmish_06222,1,1,0.99962425,True,1.0,paraphrased,Dịch vụ công giả,1.0,0.99619636,0.003803639999999997,0.19999999999999996
ViSmish_06223,0,0,0.9994142,True,1.0,synthetic,Quảng cáo hợp lệ,1.0,0.004727591599999999,0.9952724084,0.19999999999999996
ViSmish_06225,0,0,0.99944085,True,1.0,synthetic,Quảng cáo hợp lệ,1.0,0.0046214225999999985,0.9953785774,0.19999999999999996
ViSmish_06226,0,0,0.99944395,True,1.0,synthetic,Tin nhắn cá nhân và OTP,1.0,0.004608659999999999,0.99539134,0.19999999999999996
ViSmish_06227,0,0,0.99935025,True,1.0,real,Viễn thông,1.0,0.004973021199999999,0.9950269788,0.19999999999999996
ViSmish_06229,0,0,0.99945396,True,1.0,real,Khác,1.0,0.0045679013999999985,0.9954320986,0.19999999999999996
ViSmish_06230,1,1,0.9994875,True,1.0,paraphrased,Cờ bạc / Betting,1.0,0.99557172,0.004428279999999951,0.19999999999999996
ViSmish_06231,0,0,0.99947506,True,1.0,real,Viễn thông,1.0,0.004480957199999999,0.9955190428,0.19999999999999996
ViSmish_06232,1,1,0.9996099,True,1.0,paraphrased,Tuyển dụng giả,1.0,0.9961255,0.003874500000000003,0.19999999999999996
ViSmish_06235,0,0,0.9994585,True,1.0,real,Quảng cáo hợp lệ,1.0,0.004549523999999999,0.995450476,0.19999999999999996
ViSmish_06236,0,0,0.9994797,True,1.0,synthetic,Vận chuyển,1.0,0.0044613119999999985,0.995538688,0.19999999999999996
ViSmish_06237,0,0,0.9993586,True,1.0,real,Viễn thông,1.0,0.0049414336,0.9950585664,0.19999999999999996
ViSmish_06239,0,0,0.9994568,True,1.0,external_real,P2P hội thoại thông thường,1.0,0.004556110799999999,0.9954438892,0.19999999999999996
ViSmish_06240,0,0,0.9994222,True,1.0,synthetic,Quảng cáo hợp lệ,1.0,0.0046960781999999986,0.9953039218,0.19999999999999996
ViSmish_06241,1,1,0.99961734,True,1.0,paraphrased,Tuyển dụng giả,1.0,0.9961621199999999,0.0038378800000000712,0.19999999999999996
ViSmish_06242,1,1,0.9995802,True,1.0,paraphrased,Dịch vụ công giả,1.0,0.9959834000000001,0.004016599999999926,0.19999999999999996
ViSmish_06243,0,0,0.99947804,True,1.0,real,Ngân hàng thật,1.0,0.004468344799999999,0.9955316552,0.19999999999999996
ViSmish_06244,1,1,0.9995975,True,1.0,paraphrased,Giả mạo ngân hàng,1.0,0.996065628,0.003934372000000019,0.19999999999999996
ViSmish_06246,0,0,0.9994899,True,1.0,synthetic,Dịch vụ y tế,1.0,0.004418341999999999,0.995581658,0.19999999999999996
ViSmish_06249,0,0,0.9994733,True,1.0,synthetic,Ngân hàng thật,1.0,0.004488308799999999,0.9955116912,0.19999999999999996
ViSmish_06250,1,1,0.999622,True,1.0,paraphrased,Giả mạo ngân hàng,1.0,0.99618485,0.0038151499999999894,0.19999999999999996
ViSmish_06252,1,1,0.99958044,True,1.0,paraphrased,Giả mạo ngân hàng,1.0,0.9959846139999999,0.004015386000000065,0.19999999999999996
ViSmish_06253,1,1,0.9996019,True,1.0,paraphrased,Tuyển dụng giả,1.0,0.99608696,0.003913040000000034,0.19999999999999996
ViSmish_06254,1,1,0.9996107,True,1.0,paraphrased,Cờ bạc / Betting,1.0,0.9961296399999999,0.0038703600000000726,0.19999999999999996
ViSmish_06255,0,0,0.99935824,True,1.0,synthetic,Tin nhắn cá nhân và OTP,1.0,0.004943131999999999,0.995056868,0.19999999999999996
ViSmish_06256,0,0,0.9994843,True,1.0,synthetic,Vận chuyển,1.0,0.004442003799999999,0.9955579962,0.19999999999999996
ViSmish_06258,1,1,0.99950576,True,1.0,synthetic_hard_positive,Khác,1.0,0.99564917,0.004350830000000028,0.19999999999999996
ViSmish_06259,0,0,0.9994368,True,1.0,synthetic,Tin nhắn cá nhân và OTP,1.0,0.0046374775999999986,0.9953625224,0.19999999999999996
ViSmish_06260,1,1,0.9996282,True,1.0,paraphrased,BHXH / Trợ cấp giả,1.0,0.9962155939999999,0.0037844060000000734,0.19999999999999996
ViSmish_06261,0,0,0.999485,True,1.0,synthetic,Vận chuyển,1.0,0.004438698199999999,0.9955613018,0.19999999999999996
ViSmish_06262,0,0,0.9994468,True,1.0,synthetic,Tin nhắn cá nhân và OTP,1.0,0.004596998599999999,0.9954030014,0.19999999999999996
ViSmish_06263,0,0,0.9994671,True,1.0,real,Ngân hàng thật,1.0,0.004513994599999999,0.9954860054,0.19999999999999996
ViSmish_06265,1,1,0.99961925,True,1.0,paraphrased,BHXH / Trợ cấp giả,1.0,0.9961717999999999,0.0038282000000000593,0.19999999999999996
ViSmish_06266,1,1,0.99962187,True,1.0,real,Tuyển dụng giả,1.0,0.9961843,0.0038156999999999774,0.19999999999999996
ViSmish_06267,0,0,0.99937963,True,1.0,synthetic,Viễn thông,1.0,0.0048616625999999994,0.9951383374,0.19999999999999996
ViSmish_06268,1,1,0.99958175,True,1.0,paraphrased,Tuyển dụng giả,1.0,0.99599112,0.0040088799999999924,0.19999999999999996
ViSmish_06269,1,1,0.99961686,True,1.0,paraphrased,Tuyển dụng giả,1.0,0.996159708,0.003840292000000023,0.19999999999999996
ViSmish_06270,1,1,0.99961734,True,1.0,paraphrased,Giả mạo ngân hàng,1.0,0.99616214,0.0038378599999999707,0.19999999999999996
ViSmish_06271,1,1,0.99960893,True,1.0,paraphrased,Tuyển dụng giả,1.0,0.9961205399999999,0.0038794600000000568,0.19999999999999996
ViSmish_06272,1,1,0.9994605,True,1.0,paraphrased,Đòi nợ / Đe dọa,1.0,0.9954587340000001,0.004541265999999933,0.19999999999999996
ViSmish_06274,1,1,0.9995732,True,1.0,paraphrased,Nội dung nhạy cảm,1.0,0.995950652,0.004049348000000008,0.19999999999999996
ViSmish_06277,1,1,0.99960726,True,1.0,paraphrased,Cờ bạc / Betting,1.0,0.9961124539999999,0.003887546000000075,0.19999999999999996
ViSmish_06278,0,0,0.99945444,True,1.0,synthetic,Ngân hàng thật,1.0,0.004566257399999999,0.9954337426,0.19999999999999996
ViSmish_06280,1,1,0.99925834,True,1.0,synthetic_hard_positive,Tuyển dụng giả,1.0,0.99469583,0.0053041700000000525,0.19999999999999996
ViSmish_06281,1,1,0.99962044,True,1.0,paraphrased,Giả mạo ngân hàng,1.0,0.996177412,0.0038225880000000156,0.19999999999999996
ViSmish_06282,1,1,0.99959797,True,1.0,paraphrased,Cờ bạc / Betting,1.0,0.9960676900000001,0.003932309999999939,0.19999999999999996
ViSmish_06284,1,1,0.999597,True,1.0,paraphrased,Nội dung nhạy cảm,1.0,0.99606352,0.00393648000000002,0.19999999999999996
ViSmish_06285,0,0,0.9994398,True,1.0,real,Ngân hàng thật,1.0,0.004625589999999999,0.99537441,0.19999999999999996
ViSmish_06286,1,1,0.9996257,True,1.0,paraphrased,Tuyển dụng giả,1.0,0.99620347,0.00379653000000002,0.19999999999999996
ViSmish_06289,1,1,0.9995912,True,1.0,paraphrased,Tuyển dụng giả,1.0,0.99603518,0.00396481999999998,0.19999999999999996
ViSmish_06290,0,0,0.9994456,True,1.0,synthetic,Dịch vụ công thật,1.0,0.004602073599999999,0.9953979264,0.19999999999999996
ViSmish_06293,0,0,0.99947876,True,1.0,real,Khác,1.0,0.0044654021999999995,0.9955345978,0.19999999999999996
ViSmish_06295,0,0,0.99949193,True,1.0,real,Tin nhắn cá nhân và OTP,1.0,0.004409890199999999,0.9955901098,0.19999999999999996
ViSmish_06298,1,1,0.9995989,True,1.0,paraphrased,Tuyển dụng giả,1.0,0.9960722,0.003927800000000037,0.19999999999999996
ViSmish_06299,1,1,0.9996208,True,1.0,paraphrased,Crypto / Đầu tư giả,1.0,0.996179414,0.0038205860000000147,0.19999999999999996
ViSmish_06300,0,0,0.9976006,True,1.0,external_curated,P2P hard negative,1.0,0.009349860999999998,0.990650139,0.19999999999999996
ViSmish_06301,0,0,0.99937254,True,1.0,real,Viễn thông,1.0,0.004889146599999999,0.9951108534,0.19999999999999996
ViSmish_06302,1,1,0.9996195,True,1.0,paraphrased,Tuyển dụng giả,1.0,0.99617274,0.003827259999999999,0.19999999999999996
ViSmish_06304,0,0,0.9994778,True,1.0,synthetic,Tin nhắn cá nhân và OTP,1.0,0.004469386399999999,0.9955306136,0.19999999999999996
ViSmish_06305,1,1,0.99948823,True,1.0,synthetic_hard_positive,BHXH / Trợ cấp giả,1.0,0.995574486,0.004425514000000019,0.19999999999999996
ViSmish_06306,1,1,0.9996081,True,1.0,paraphrased,Tuyển dụng giả,1.0,0.99611658,0.003883419999999971,0.19999999999999996
ViSmish_06309,1,1,0.9995739,True,1.0,paraphrased,Crypto / Đầu tư giả,1.0,0.99595436,0.0040456399999999615,0.19999999999999996
ViSmish_06311,0,0,0.9994566,True,1.0,synthetic,Ngân hàng thật,1.0,0.004557342799999999,0.9954426572,0.19999999999999996
ViSmish_06312,1,1,0.99936587,True,1.0,synthetic_hard_positive,Khác,1.0,0.99508554,0.004914459999999954,0.19999999999999996
ViSmish_06313,1,1,0.99956566,True,1.0,paraphrased,Nội dung nhạy cảm,1.0,0.9959163,0.004083700000000023,0.19999999999999996
ViSmish_06314,0,0,0.99948335,True,1.0,synthetic,Tin nhắn cá nhân và OTP,1.0,0.0044461319999999985,0.995553868,0.19999999999999996
ViSmish_06317,1,1,0.9996068,True,1.0,synthetic_hard_positive,Khác,1.0,0.996110248,0.0038897519999999686,0.19999999999999996
ViSmish_06319,1,1,0.99951315,True,1.0,paraphrased,Đòi nợ / Đe dọa,1.0,0.9956811,0.004318900000000014,0.19999999999999996
ViSmish_06320,1,1,0.9996257,True,1.0,paraphrased,Tuyển dụng giả,1.0,0.99620336,0.0037966400000000178,0.19999999999999996
ViSmish_06321,1,1,0.999619,True,1.0,paraphrased,Giả mạo ngân hàng,1.0,0.99617036,0.0038296399999999675,0.19999999999999996
ViSmish_06323,1,1,0.9996238,True,1.0,paraphrased,Đòi nợ / Đe dọa,1.0,0.99619391,0.003806089999999984,0.19999999999999996
ViSmish_06325,0,0,0.9994748,True,1.0,synthetic,Quảng cáo hợp lệ,1.0,0.004481839999999999,0.99551816,0.19999999999999996
ViSmish_06327,1,1,0.99946254,True,1.0,paraphrased,Cờ bạc / Betting,1.0,0.99546709,0.004532910000000001,0.19999999999999996
ViSmish_06329,1,1,0.9995875,True,1.0,paraphrased,Crypto / Đầu tư giả,1.0,0.9960180000000001,0.00398199999999993,0.19999999999999996
ViSmish_06332,0,0,0.9994092,True,1.0,real,Tin nhắn cá nhân và OTP,1.0,0.004747420999999999,0.995252579,0.19999999999999996
ViSmish_06334,1,1,0.99960715,True,1.0,paraphrased,Nội dung nhạy cảm,1.0,0.9961118099999999,0.003888190000000069,0.19999999999999996
ViSmish_06335,1,1,0.99960166,True,1.0,paraphrased,Cờ bạc / Betting,1.0,0.996085786,0.003914214000000027,0.19999999999999996
ViSmish_06340,0,0,0.9994618,True,1.0,real,Viễn thông,1.0,0.004535899599999999,0.9954641004,0.19999999999999996
ViSmish_06342,1,1,0.9995098,True,1.0,synthetic_hard_positive,Giả mạo ngân hàng,1.0,0.99566672,0.004333279999999995,0.19999999999999996
ViSmish_06345,1,1,0.9994591,True,1.0,paraphrased,Nội dung nhạy cảm,1.0,0.9954532,0.004546799999999962,0.19999999999999996
ViSmish_06346,1,1,0.9996088,True,1.0,synthetic_hard_positive,Crypto / Đầu tư giả,1.0,0.9961202,0.003879799999999989,0.19999999999999996
ViSmish_06347,1,1,0.9996082,True,1.0,paraphrased,Crypto / Đầu tư giả,1.0,0.9961171,0.0038829000000000224,0.19999999999999996
ViSmish_06348,0,0,0.9994029,True,1.0,real,Viễn thông,1.0,0.004772156399999999,0.9952278436,0.19999999999999996
ViSmish_06349,1,1,0.999616,True,1.0,paraphrased,Cờ bạc / Betting,1.0,0.99615544,0.003844559999999997,0.19999999999999996
ViSmish_06350,0,0,0.99943966,True,1.0,synthetic,Tin nhắn cá nhân và OTP,1.0,0.004625986599999999,0.9953740134,0.19999999999999996
ViSmish_06351,1,1,0.9996189,True,1.0,paraphrased,BHXH / Trợ cấp giả,1.0,0.9961696600000001,0.003830339999999932,0.19999999999999996
ViSmish_06352,0,0,0.9994605,True,1.0,synthetic,Dịch vụ y tế,1.0,0.004541317999999999,0.995458682,0.19999999999999996
ViSmish_06353,0,0,0.99943346,True,1.0,external_curated,P2P hard negative,1.0,0.004651150399999999,0.9953488496,0.19999999999999996
ViSmish_06354,1,1,0.99961746,True,1.0,paraphrased,Nội dung nhạy cảm,1.0,0.99616266,0.0038373400000000224,0.19999999999999996
ViSmish_06356,1,1,0.9995969,True,1.0,paraphrased,Crypto / Đầu tư giả,1.0,0.9960628,0.003937199999999974,0.19999999999999996
ViSmish_06357,1,1,0.9996195,True,1.0,paraphrased,BHXH / Trợ cấp giả,1.0,0.99617272,0.0038272799999999885,0.19999999999999996
ViSmish_06358,0,0,0.99948764,True,1.0,synthetic,Vận chuyển,1.0,0.004427836399999999,0.9955721636,0.19999999999999996
ViSmish_06359,1,1,0.9995989,True,1.0,paraphrased,Crypto / Đầu tư giả,1.0,0.99607214,0.003927860000000005,0.19999999999999996
ViSmish_06360,1,1,0.99960524,True,1.0,paraphrased,Giả mạo ngân hàng,1.0,0.99610287,0.0038971300000000264,0.19999999999999996
ViSmish_06361,1,1,0.9996182,True,1.0,paraphrased,Crypto / Đầu tư giả,1.0,0.9961663119999999,0.0038336880000000573,0.19999999999999996
ViSmish_06364,0,0,0.9994797,True,1.0,real,Khác,1.0,0.004461567399999999,0.9955384326,0.19999999999999996
ViSmish_06365,0,0,0.9994773,True,1.0,synthetic,Vận chuyển,1.0,0.0044716745999999995,0.9955283254,0.19999999999999996
ViSmish_06367,1,1,0.9996014,True,1.0,paraphrased,Đòi nợ / Đe dọa,1.0,0.99608442,0.00391558000000003,0.19999999999999996
ViSmish_06369,1,1,0.9996177,True,1.0,paraphrased,BHXH / Trợ cấp giả,1.0,0.9961637400000001,0.0038362599999999247,0.19999999999999996
ViSmish_06370,1,1,0.9995327,True,1.0,paraphrased,Nội dung nhạy cảm,1.0,0.99576702,0.004232980000000053,0.19999999999999996
ViSmish_06376,0,0,0.99944144,True,1.0,real,Viễn thông,1.0,0.004618958399999999,0.9953810416,0.19999999999999996
ViSmish_06377,0,0,0.99947387,True,1.0,real,Khác,1.0,0.004486118599999998,0.9955138814,0.19999999999999996
ViSmish_06378,1,1,0.9996045,True,1.0,real,Tuyển dụng giả,1.0,0.9960992,0.0039008000000000376,0.19999999999999996
ViSmish_06380,1,1,0.9996119,True,1.0,paraphrased,Dịch vụ công giả,1.0,0.99613521,0.0038647899999999513,0.19999999999999996
ViSmish_06381,1,1,0.99961215,True,1.0,paraphrased,Nội dung nhạy cảm,1.0,0.9961364500000001,0.003863549999999938,0.19999999999999996
ViSmish_06382,1,1,0.99961746,True,1.0,paraphrased,Tuyển dụng giả,1.0,0.99616282,0.0038371799999999956,0.19999999999999996
ViSmish_06385,1,1,0.999595,True,1.0,paraphrased,Nội dung nhạy cảm,1.0,0.996053528,0.003946471999999979,0.19999999999999996
ViSmish_06387,1,1,0.9996252,True,1.0,paraphrased,Cờ bạc / Betting,1.0,0.99620074,0.003799259999999971,0.19999999999999996
ViSmish_06389,0,0,0.99936575,True,1.0,synthetic,Quảng cáo hợp lệ,1.0,0.004914710999999999,0.995085289,0.19999999999999996
ViSmish_06390,0,0,0.9994729,True,1.0,synthetic,Ngân hàng thật,1.0,0.004489636399999999,0.9955103636,0.19999999999999996
ViSmish_06392,0,0,0.9994487,True,1.0,real,Khác,1.0,0.004589535599999999,0.9954104644,0.19999999999999996
ViSmish_06393,0,0,0.9993979,True,1.0,synthetic,Tin nhắn cá nhân và OTP,1.0,0.004791351999999999,0.995208648,0.19999999999999996
ViSmish_06395,1,1,0.9996183,True,1.0,paraphrased,BHXH / Trợ cấp giả,1.0,0.99616666,0.0038333400000000184,0.19999999999999996
ViSmish_06397,1,1,0.99962664,True,1.0,paraphrased,Giả mạo ngân hàng,1.0,0.9962078999999999,0.003792100000000076,0.19999999999999996
ViSmish_06398,1,1,0.99960965,True,1.0,paraphrased,Đòi nợ / Đe dọa,1.0,0.99612408,0.0038759200000000327,0.19999999999999996
ViSmish_06399,1,1,0.99962497,True,1.0,paraphrased,Tuyển dụng giả,1.0,0.996199548,0.0038004520000000097,0.19999999999999996
ViSmish_06400,1,1,0.9996203,True,1.0,paraphrased,Đòi nợ / Đe dọa,1.0,0.99617674,0.003823259999999995,0.19999999999999996
ViSmish_06402,0,0,0.9994272,True,1.0,real,Ngân hàng thật,1.0,0.004676229999999999,0.99532377,0.19999999999999996
ViSmish_06403,1,1,0.99937004,True,1.0,real,Giả mạo ngân hàng,1.0,0.995101392,0.004898607999999971,0.19999999999999996
ViSmish_06405,1,1,0.9996106,True,1.0,paraphrased,Dịch vụ công giả,1.0,0.9961289520000001,0.0038710479999999325,0.19999999999999996
ViSmish_06408,0,0,0.99947304,True,1.0,synthetic,Vận chuyển,1.0,0.004489389799999999,0.9955106102,0.19999999999999996
ViSmish_06409,1,1,0.99962354,True,1.0,paraphrased,BHXH / Trợ cấp giả,1.0,0.996192468,0.003807531999999947,0.19999999999999996
ViSmish_06410,0,0,0.99945,True,1.0,synthetic,Dịch vụ y tế,1.0,0.004584230399999999,0.9954157696,0.19999999999999996
ViSmish_06412,0,0,0.99919564,True,1.0,real,Dịch vụ công thật,1.0,0.0055180835999999985,0.9944819164,0.19999999999999996
ViSmish_06413,0,0,0.99945766,True,1.0,real,Viễn thông,1.0,0.004552724199999999,0.9954472758,0.19999999999999996
ViSmish_06414,0,0,0.999468,True,1.0,real,Viễn thông,1.0,0.004509964999999999,0.995490035,0.19999999999999996
ViSmish_06416,1,1,0.99928826,True,1.0,synthetic_hard_positive,Giả mạo ngân hàng,1.0,0.99480083,0.005199170000000031,0.19999999999999996
ViSmish_06418,0,0,0.9993309,True,1.0,external_real,P2P hội thoại thông thường,1.0,0.005044872399999999,0.9949551276,0.19999999999999996
ViSmish_06422,1,1,0.9995264,True,1.0,paraphrased,Tuyển dụng giả,1.0,0.99573932,0.004260680000000017,0.19999999999999996
ViSmish_06423,0,0,0.9994881,True,1.0,synthetic,Ngân hàng thật,1.0,0.004425622799999999,0.9955743772,0.19999999999999996
ViSmish_06424,0,0,0.9994673,True,1.0,real,Ngân hàng thật,1.0,0.0045129896,0.9954870104,0.19999999999999996
ViSmish_06426,1,1,0.9996197,True,1.0,paraphrased,Giả mạo ngân hàng,1.0,0.9961740139999999,0.003825986000000059,0.19999999999999996
ViSmish_06427,1,1,0.99961436,True,1.0,paraphrased,Cờ bạc / Betting,1.0,0.99614755,0.0038524500000000073,0.19999999999999996
ViSmish_06430,1,1,0.9995945,True,1.0,paraphrased,Nội dung nhạy cảm,1.0,0.9960510739999999,0.003948926000000075,0.19999999999999996
ViSmish_06431,0,0,0.99941385,True,1.0,external_real,P2P hội thoại thông thường,1.0,0.004728905399999999,0.9952710946,0.19999999999999996
ViSmish_06433,1,1,0.99959046,True,1.0,paraphrased,Nội dung nhạy cảm,1.0,0.9960319280000001,0.003968071999999934,0.19999999999999996
ViSmish_06435,0,0,0.99940753,True,1.0,synthetic,Tin nhắn cá nhân và OTP,1.0,0.004753845199999999,0.9952461548,0.19999999999999996
ViSmish_06438,1,1,0.99959296,True,1.0,synthetic_hard_positive,Khác,1.0,0.9960437200000001,0.003956279999999923,0.19999999999999996
ViSmish_06439,1,1,0.9995628,True,1.0,paraphrased,Dịch vụ công giả,1.0,0.995902752,0.004097247999999998,0.19999999999999996
ViSmish_06442,1,1,0.99958366,True,1.0,paraphrased,Crypto / Đầu tư giả,1.0,0.99599964,0.004000360000000036,0.19999999999999996
ViSmish_06443,1,1,0.99961686,True,1.0,paraphrased,Dịch vụ công giả,1.0,0.99616008,0.0038399199999999967,0.19999999999999996
ViSmish_06444,1,1,0.99959,True,1.0,paraphrased,Crypto / Đầu tư giả,1.0,0.996029592,0.003970408000000036,0.19999999999999996
ViSmish_06445,1,1,0.99952483,True,1.0,synthetic_hard_positive,Dịch vụ công giả,1.0,0.99573216,0.004267840000000023,0.19999999999999996
ViSmish_06446,0,0,0.9994735,True,1.0,synthetic,Vận chuyển,1.0,0.004487532799999999,0.9955124672,0.19999999999999996
ViSmish_06448,0,0,0.9994804,True,1.0,real,Viễn thông,1.0,0.004458617999999999,0.995541382,0.19999999999999996
ViSmish_06450,0,0,0.9993568,True,1.0,synthetic,Ngân hàng thật,1.0,0.0049483895999999986,0.9950516104,0.19999999999999996
ViSmish_06451,0,0,0.99942964,True,1.0,real,Tin nhắn cá nhân và OTP,1.0,0.004666062399999999,0.9953339376,0.19999999999999996
ViSmish_06453,0,0,0.9994485,True,1.0,real,Ngân hàng thật,1.0,0.004590318999999999,0.995409681,0.19999999999999996
ViSmish_06454,1,1,0.999597,True,1.0,paraphrased,Cờ bạc / Betting,1.0,0.9960635,0.0039365000000000094,0.19999999999999996
ViSmish_06455,0,0,0.999495,True,1.0,real,Tin nhắn cá nhân và OTP,1.0,0.004396605199999999,0.9956033948,0.19999999999999996
ViSmish_06456,0,0,0.9994394,True,1.0,real,Viễn thông,1.0,0.0046272321999999986,0.9953727678,0.19999999999999996
ViSmish_06457,1,1,0.999602,True,1.0,paraphrased,Crypto / Đầu tư giả,1.0,0.99608717,0.003912829999999978,0.19999999999999996
ViSmish_06458,1,1,0.99959356,True,1.0,paraphrased,Cờ bạc / Betting,1.0,0.99604684,0.003953160000000011,0.19999999999999996
ViSmish_06460,1,1,0.99957186,True,1.0,paraphrased,Nội dung nhạy cảm,1.0,0.99594481,0.004055189999999986,0.19999999999999996
ViSmish_06461,1,1,0.999617,True,1.0,paraphrased,Dịch vụ công giả,1.0,0.996160328,0.003839672000000016,0.19999999999999996
ViSmish_06464,1,1,0.99961483,True,1.0,paraphrased,Đòi nợ / Đe dọa,1.0,0.996149706,0.003850294000000032,0.19999999999999996
ViSmish_06466,1,1,0.99885976,True,1.0,paraphrased,Nội dung nhạy cảm,1.0,0.99346336,0.0065366399999999825,0.19999999999999996
ViSmish_06468,1,1,0.99962735,True,1.0,paraphrased,Tuyển dụng giả,1.0,0.996211732,0.0037882679999999835,0.19999999999999996
ViSmish_06469,1,1,0.99961483,True,1.0,paraphrased,Crypto / Đầu tư giả,1.0,0.99614985,0.0038501499999999966,0.19999999999999996
ViSmish_06470,1,1,0.999393,True,1.0,paraphrased,Nội dung nhạy cảm,1.0,0.9951894880000001,0.0048105119999999335,0.19999999999999996
ViSmish_06472,0,0,0.9993892,True,1.0,external_real,P2P hội thoại thông thường,1.0,0.004825043599999999,0.9951749564,0.19999999999999996
ViSmish_06473,1,1,0.99942917,True,1.0,synthetic_hard_positive,Khác,1.0,0.99533178,0.004668220000000001,0.19999999999999996
ViSmish_06476,0,0,0.99947506,True,1.0,synthetic,Vận chuyển,1.0,0.004480982199999999,0.9955190178,0.19999999999999996
ViSmish_06477,0,0,0.9992543,True,1.0,synthetic,Viễn thông,1.0,0.005318405999999999,0.994681594,0.19999999999999996
ViSmish_06478,0,0,0.9994789,True,1.0,real,Viễn thông,1.0,0.004464813399999999,0.9955351866,0.19999999999999996
ViSmish_06480,0,0,0.9984925,True,1.0,external_real,P2P hội thoại thông thường,1.0,0.007480469999999999,0.99251953,0.19999999999999996
ViSmish_06483,1,1,0.9996141,True,1.0,paraphrased,Tuyển dụng giả,1.0,0.99614658,0.0038534199999999963,0.19999999999999996
ViSmish_06484,1,1,0.999571,True,1.0,paraphrased,Nội dung nhạy cảm,1.0,0.9959411,0.004058899999999976,0.19999999999999996
ViSmish_06485,0,0,0.99940395,True,1.0,real,Viễn thông,1.0,0.004767633599999999,0.9952323664,0.19999999999999996
ViSmish_06486,0,0,0.99936086,True,1.0,real,Viễn thông,1.0,0.004932995199999999,0.9950670048,0.19999999999999996
ViSmish_06487,0,0,0.999476,True,1.0,synthetic,Tin nhắn cá nhân và OTP,1.0,0.004476864199999999,0.9955231358,0.19999999999999996
ViSmish_06489,0,0,0.99948347,True,1.0,synthetic,Vận chuyển,1.0,0.004445294599999999,0.9955547054,0.19999999999999996
ViSmish_06490,1,1,0.99933535,True,1.0,synthetic_hard_positive,Dịch vụ công giả,1.0,0.9949721,0.005027899999999974,0.19999999999999996
ViSmish_06492,1,1,0.9994942,True,1.0,synthetic_hard_positive,Khác,1.0,0.995600128,0.004399872000000027,0.19999999999999996
ViSmish_06494,1,1,0.9995573,True,1.0,paraphrased,Đòi nợ / Đe dọa,1.0,0.9958779,0.004122100000000017,0.19999999999999996
ViSmish_06496,0,0,0.9992982,True,1.0,synthetic,Ngân hàng thật,1.0,0.005163149999999998,0.99483685,0.19999999999999996
ViSmish_06497,0,0,0.9991716,True,1.0,synthetic,Quảng cáo hợp lệ,1.0,0.0055977421999999985,0.9944022578,0.19999999999999996
ViSmish_06499,1,1,0.99960726,True,1.0,paraphrased,Đòi nợ / Đe dọa,1.0,0.99611236,0.00388763999999997,0.19999999999999996
ViSmish_06500,0,0,0.9993735,True,1.0,real,Viễn thông,1.0,0.004885168799999999,0.9951148312,0.19999999999999996
ViSmish_06501,0,0,0.9994516,True,1.0,real,Ngân hàng thật,1.0,0.004577563799999999,0.9954224362,0.19999999999999996
ViSmish_06502,1,1,0.99957436,True,1.0,paraphrased,Crypto / Đầu tư giả,1.0,0.9959563499999999,0.004043650000000065,0.19999999999999996
ViSmish_06504,1,1,0.99962497,True,1.0,paraphrased,Dịch vụ công giả,1.0,0.99619982,0.003800180000000042,0.19999999999999996
ViSmish_06505,0,0,0.99944216,True,1.0,real,Khác,1.0,0.004616113399999999,0.9953838866,0.19999999999999996
ViSmish_06506,0,0,0.99944025,True,1.0,synthetic,Dịch vụ công thật,1.0,0.004623479399999999,0.9953765206,0.19999999999999996
ViSmish_06507,1,1,0.9995431,True,1.0,paraphrased,Cờ bạc / Betting,1.0,0.995813488,0.004186511999999976,0.19999999999999996
ViSmish_06510,0,0,0.99944955,True,1.0,synthetic,Thương mại điện tử,1.0,0.004586088599999999,0.9954139114,0.19999999999999996
ViSmish_06511,1,1,0.9996146,True,1.0,paraphrased,Nội dung nhạy cảm,1.0,0.996148586,0.0038514139999999975,0.19999999999999996
ViSmish_06513,1,1,0.9994198,True,1.0,real,Giả mạo ngân hàng,1.0,0.99529464,0.004705359999999992,0.19999999999999996
ViSmish_06514,0,0,0.9994717,True,1.0,external_curated,P2P hard negative,1.0,0.004494715399999999,0.9955052846,0.19999999999999996
ViSmish_06515,1,1,0.9995382,True,1.0,paraphrased,Đòi nợ / Đe dọa,1.0,0.9957912,0.0042088000000000125,0.19999999999999996
ViSmish_06516,1,1,0.99960285,True,1.0,paraphrased,BHXH / Trợ cấp giả,1.0,0.996091474,0.003908526000000023,0.19999999999999996
ViSmish_06517,1,1,0.9994444,True,1.0,real,Cờ bạc / Betting,1.0,0.99539299,0.004607009999999967,0.19999999999999996
ViSmish_06518,0,0,0.9994748,True,1.0,synthetic,Vận chuyển,1.0,0.004481921799999999,0.9955180782,0.19999999999999996
ViSmish_06520,0,0,0.99946743,True,1.0,real,Khác,1.0,0.004512807999999999,0.995487192,0.19999999999999996
ViSmish_06521,1,1,0.9996164,True,1.0,paraphrased,Cờ bạc / Betting,1.0,0.99615716,0.003842840000000014,0.19999999999999996
ViSmish_06522,0,0,0.99940646,True,1.0,real,Viễn thông,1.0,0.0047582267999999985,0.9952417732,0.19999999999999996
ViSmish_06523,0,0,0.99915135,True,1.0,external_real,P2P hội thoại thông thường,1.0,0.005663669999999998,0.99433633,0.19999999999999996
ViSmish_06524,1,1,0.99962735,True,1.0,paraphrased,Giả mạo ngân hàng,1.0,0.9962119460000001,0.0037880539999999296,0.19999999999999996
ViSmish_06525,1,1,0.99962616,True,1.0,paraphrased,Giả mạo ngân hàng,1.0,0.9962059999999999,0.003794000000000075,0.19999999999999996
ViSmish_06526,1,1,0.99908674,True,1.0,real,Đòi nợ / Đe dọa,1.0,0.99413073,0.0058692700000000375,0.19999999999999996
ViSmish_06527,0,0,0.99946624,True,1.0,real,Khác,1.0,0.004517650199999999,0.9954823498,0.19999999999999996
ViSmish_06528,0,0,0.99934524,True,1.0,external_curated,P2P hard negative,1.0,0.004991651599999999,0.9950083484,0.19999999999999996
ViSmish_06531,1,1,0.9995757,True,1.0,paraphrased,BHXH / Trợ cấp giả,1.0,0.99596237,0.004037630000000014,0.19999999999999996
ViSmish_06533,1,1,0.99961996,True,1.0,paraphrased,BHXH / Trợ cấp giả,1.0,0.996174932,0.0038250680000000425,0.19999999999999996
ViSmish_06535,1,1,0.9996146,True,1.0,paraphrased,Dịch vụ công giả,1.0,0.9961487600000001,0.0038512399999999225,0.19999999999999996
ViSmish_06536,1,1,0.99961853,True,1.0,paraphrased,Tuyển dụng giả,1.0,0.99616778,0.003832220000000053,0.19999999999999996
ViSmish_06537,1,1,0.99958867,True,1.0,paraphrased,Nội dung nhạy cảm,1.0,0.9960235,0.0039765000000000494,0.19999999999999996
ViSmish_06538,1,1,0.9995497,True,1.0,synthetic_hard_positive,Khác,1.0,0.995843232,0.004156767999999977,0.19999999999999996
ViSmish_06539,1,1,0.99955624,True,1.0,synthetic_hard_positive,Khác,1.0,0.99587302,0.004126980000000002,0.19999999999999996
ViSmish_06540,0,0,0.99938107,True,1.0,real,Viễn thông,1.0,0.0048564687999999995,0.9951435312,0.19999999999999996
ViSmish_06541,0,0,0.99937505,True,1.0,real,Tin nhắn cá nhân và OTP,1.0,0.004879251999999999,0.995120748,0.19999999999999996
ViSmish_06543,1,1,0.99957734,True,1.0,paraphrased,Crypto / Đầu tư giả,1.0,0.9959705400000001,0.004029459999999929,0.19999999999999996
ViSmish_06544,1,1,0.99956805,True,1.0,paraphrased,BHXH / Trợ cấp giả,1.0,0.99592684,0.00407316000000002,0.19999999999999996
ViSmish_06546,1,1,0.9995839,True,1.0,paraphrased,Cờ bạc / Betting,1.0,0.99600076,0.0039992399999999595,0.19999999999999996
ViSmish_06547,1,1,0.9996153,True,1.0,paraphrased,Cờ bạc / Betting,1.0,0.99615244,0.003847559999999972,0.19999999999999996
ViSmish_06548,0,0,0.99942553,True,1.0,synthetic,Quảng cáo hợp lệ,1.0,0.0046827345999999985,0.9953172654,0.19999999999999996
ViSmish_06550,1,1,0.99961436,True,1.0,paraphrased,Dịch vụ công giả,1.0,0.996147252,0.003852748000000017,0.19999999999999996
ViSmish_06551,0,0,0.99946624,True,1.0,external_real,P2P hội thoại thông thường,1.0,0.004517318399999999,0.9954826816,0.19999999999999996
ViSmish_06552,0,0,0.9994948,True,1.0,real,Tin nhắn cá nhân và OTP,1.0,0.004397549999999999,0.99560245,0.19999999999999996
ViSmish_06553,0,0,0.99950206,True,1.0,synthetic,Dịch vụ y tế,1.0,0.004366724999999998,0.995633275,0.19999999999999996
ViSmish_06554,1,1,0.9996221,True,1.0,paraphrased,Đòi nợ / Đe dọa,1.0,0.996185852,0.003814148000000017,0.19999999999999996
ViSmish_06555,0,0,0.99946314,True,1.0,real,Viễn thông,1.0,0.004530374999999999,0.995469625,0.19999999999999996
ViSmish_06557,1,1,0.9996113,True,1.0,paraphrased,Giả mạo ngân hàng,1.0,0.99613212,0.0038678800000000457,0.19999999999999996
ViSmish_06558,0,0,0.99865997,True,1.0,synthetic,Thương mại điện tử,1.0,0.007067417399999999,0.9929325826,0.19999999999999996
ViSmish_06559,0,0,0.9993063,True,1.0,synthetic,Dịch vụ công thật,1.0,0.005134013999999998,0.994865986,0.19999999999999996
ViSmish_06560,1,1,0.999446,True,1.0,paraphrased,Cờ bạc / Betting,1.0,0.9953995,0.004600500000000007,0.19999999999999996
ViSmish_06561,0,0,0.9994111,True,1.0,synthetic,Dịch vụ công thật,1.0,0.004740074999999999,0.995259925,0.19999999999999996
ViSmish_06562,0,0,0.9993869,True,1.0,real,Viễn thông,1.0,0.004833975999999999,0.995166024,0.19999999999999996
ViSmish_06563,1,1,0.9996177,True,1.0,paraphrased,Đòi nợ / Đe dọa,1.0,0.99616368,0.003836320000000004,0.19999999999999996
ViSmish_06564,0,0,0.99943644,True,1.0,synthetic,Ngân hàng thật,1.0,0.004638885799999999,0.9953611142,0.19999999999999996
ViSmish_06565,0,0,0.99943846,True,1.0,real,Tin nhắn cá nhân và OTP,1.0,0.004630699399999999,0.9953693006,0.19999999999999996
ViSmish_06566,1,1,0.9996269,True,1.0,paraphrased,Đòi nợ / Đe dọa,1.0,0.9962093000000001,0.0037906999999999247,0.19999999999999996
ViSmish_06567,0,0,0.9994605,True,1.0,real,Viễn thông,1.0,0.004541262999999999,0.995458737,0.19999999999999996
ViSmish_06570,1,1,0.9996051,True,1.0,paraphrased,Cờ bạc / Betting,1.0,0.99610252,0.0038974800000000087,0.19999999999999996
ViSmish_06571,1,1,0.9996213,True,1.0,paraphrased,Tuyển dụng giả,1.0,0.99618158,0.003818419999999989,0.19999999999999996
ViSmish_06572,0,0,0.99947566,True,1.0,real,Khác,1.0,0.0044784965999999996,0.9955215034,0.19999999999999996
ViSmish_06574,1,1,0.9996195,True,1.0,paraphrased,BHXH / Trợ cấp giả,1.0,0.99617269,0.003827310000000028,0.19999999999999996
ViSmish_06575,1,1,0.9996075,True,1.0,paraphrased,Nội dung nhạy cảm,1.0,0.996113848,0.003886151999999976,0.19999999999999996
ViSmish_06576,1,1,0.99961495,True,1.0,paraphrased,Đòi nợ / Đe dọa,1.0,0.99615053,0.0038494700000000215,0.19999999999999996
ViSmish_06577,1,1,0.9996308,True,1.0,paraphrased,BHXH / Trợ cấp giả,1.0,0.99622906,0.0037709400000000004,0.19999999999999996
ViSmish_06578,0,0,0.99940383,True,1.0,real,Viễn thông,1.0,0.004768361599999999,0.9952316384,0.19999999999999996
ViSmish_06579,0,0,0.99948657,True,1.0,synthetic,Tin nhắn cá nhân và OTP,1.0,0.004432578799999999,0.9955674212,0.19999999999999996
ViSmish_06580,1,1,0.99961543,True,1.0,paraphrased,Giả mạo ngân hàng,1.0,0.996153032,0.0038469679999999506,0.19999999999999996
ViSmish_06581,1,1,0.99955744,True,1.0,paraphrased,Nội dung nhạy cảm,1.0,0.99587822,0.004121779999999964,0.19999999999999996
ViSmish_06582,0,0,0.9992792,True,1.0,real,Quảng cáo hợp lệ,1.0,0.005231218799999999,0.9947687812,0.19999999999999996
ViSmish_06584,0,0,0.9994178,True,1.0,real,Viễn thông,1.0,0.004713470399999999,0.9952865296,0.19999999999999996
ViSmish_06586,0,0,0.9994067,True,1.0,synthetic,Tin nhắn cá nhân và OTP,1.0,0.004757019999999999,0.99524298,0.19999999999999996
ViSmish_06587,0,0,0.999383,True,1.0,external_real,P2P hội thoại thông thường,1.0,0.004848765599999999,0.9951512344,0.19999999999999996
ViSmish_06590,0,0,0.9993536,True,1.0,real,Viễn thông,1.0,0.004960350999999999,0.995039649,0.19999999999999996
ViSmish_06591,0,0,0.998958,True,1.0,real,Viễn thông,1.0,0.006257117999999999,0.993742882,0.19999999999999996
ViSmish_06592,1,1,0.99960667,True,1.0,paraphrased,Nội dung nhạy cảm,1.0,0.996109474,0.0038905259999999497,0.19999999999999996
ViSmish_06593,0,0,0.9994054,True,1.0,real,Viễn thông,1.0,0.004762062399999999,0.9952379376,0.19999999999999996
ViSmish_06595,1,1,0.99960464,True,1.0,paraphrased,Nội dung nhạy cảm,1.0,0.99609982,0.003900180000000031,0.19999999999999996
ViSmish_06596,0,0,0.9993747,True,1.0,real,Viễn thông,1.0,0.0048806271999999986,0.9951193728,0.19999999999999996
ViSmish_06597,0,0,0.9994881,True,1.0,synthetic,Vận chuyển,1.0,0.004426039999999999,0.99557396,0.19999999999999996
ViSmish_06598,1,1,0.9996151,True,1.0,paraphrased,Nội dung nhạy cảm,1.0,0.996151268,0.0038487320000000214,0.19999999999999996
ViSmish_06600,0,0,0.9994741,True,1.0,real,Viễn thông,1.0,0.004484699999999999,0.9955153,0.19999999999999996
ViSmish_06601,1,1,0.9996177,True,1.0,paraphrased,Tuyển dụng giả,1.0,0.99616398,0.003836020000000051,0.19999999999999996
ViSmish_06602,1,1,0.9995819,True,1.0,paraphrased,Crypto / Đầu tư giả,1.0,0.995991648,0.004008352000000048,0.19999999999999996
ViSmish_06603,0,0,0.9994112,True,1.0,synthetic,Dịch vụ công thật,1.0,0.004739396599999999,0.9952606034,0.19999999999999996
ViSmish_06604,0,0,0.9993923,True,1.0,external_real,P2P hội thoại thông thường,1.0,0.0048133349999999984,0.995186665,0.19999999999999996
ViSmish_06605,0,0,0.9993469,True,1.0,synthetic,Vận chuyển,1.0,0.004985402599999999,0.9950145974,0.19999999999999996
ViSmish_06606,0,0,0.99936026,True,1.0,real,Viễn thông,1.0,0.004935519399999999,0.9950644806,0.19999999999999996
ViSmish_06607,1,1,0.99961436,True,1.0,paraphrased,BHXH / Trợ cấp giả,1.0,0.9961473000000001,0.003852699999999931,0.19999999999999996
ViSmish_06608,1,1,0.99959034,True,1.0,paraphrased,Đòi nợ / Đe dọa,1.0,0.99603116,0.0039688399999999735,0.19999999999999996
ViSmish_06610,1,1,0.9996258,True,1.0,paraphrased,Cờ bạc / Betting,1.0,0.9962042600000001,0.0037957399999999364,0.19999999999999996
ViSmish_06612,1,1,0.99959725,True,1.0,paraphrased,Tuyển dụng giả,1.0,0.996064234,0.003935766000000007,0.19999999999999996
ViSmish_06613,0,0,0.99946827,True,1.0,synthetic,Ngân hàng thật,1.0,0.004509063799999999,0.9954909362,0.19999999999999996
ViSmish_06616,1,1,0.9995993,True,1.0,paraphrased,Crypto / Đầu tư giả,1.0,0.99607395,0.003926050000000014,0.19999999999999996
ViSmish_06617,0,0,0.9994417,True,1.0,synthetic,Viễn thông,1.0,0.0046179108,0.9953820892,0.19999999999999996
ViSmish_06619,0,0,0.9994679,True,1.0,synthetic,Vận chuyển,1.0,0.004510423599999999,0.9954895764,0.19999999999999996
ViSmish_06620,1,1,0.9996282,True,1.0,paraphrased,Tuyển dụng giả,1.0,0.9962155699999999,0.003784430000000061,0.19999999999999996
ViSmish_06621,1,1,0.99958724,True,1.0,paraphrased,Cờ bạc / Betting,1.0,0.996016908,0.003983092000000021,0.19999999999999996
ViSmish_06622,0,0,0.99943954,True,1.0,external_real,P2P hội thoại thông thường,1.0,0.004626357199999999,0.9953736428,0.19999999999999996
ViSmish_06623,0,0,0.9991417,True,1.0,external_curated,P2P hard negative,1.0,0.0056949485999999985,0.9943050514,0.19999999999999996
ViSmish_06624,1,1,0.99961144,True,1.0,paraphrased,Giả mạo ngân hàng,1.0,0.9961327799999999,0.00386722000000006,0.19999999999999996
ViSmish_06625,0,0,0.9994548,True,1.0,synthetic,Tin nhắn cá nhân và OTP,1.0,0.0045647017999999985,0.9954352982,0.19999999999999996
ViSmish_06626,0,0,0.9994924,True,1.0,synthetic,Vận chuyển,1.0,0.0044079255999999985,0.9955920744,0.19999999999999996
ViSmish_06627,1,1,0.99962497,True,1.0,paraphrased,Đòi nợ / Đe dọa,1.0,0.996199846,0.003800154,0.19999999999999996
ViSmish_06628,0,0,0.9994635,True,1.0,synthetic,Ngân hàng thật,1.0,0.0045289139999999985,0.995471086,0.19999999999999996
ViSmish_06631,1,1,0.9995913,True,1.0,real,Tuyển dụng giả,1.0,0.996036232,0.003963767999999979,0.19999999999999996
ViSmish_06633,0,0,0.99946624,True,1.0,synthetic,Tin nhắn cá nhân và OTP,1.0,0.004517745199999999,0.9954822548,0.19999999999999996
ViSmish_06638,0,0,0.9993875,True,1.0,external_curated,P2P hard negative,1.0,0.004831743599999999,0.9951682564,0.19999999999999996
ViSmish_06641,1,1,0.9995933,True,1.0,paraphrased,Tuyển dụng giả,1.0,0.99604574,0.003954259999999987,0.19999999999999996
ViSmish_06642,0,0,0.99919385,True,1.0,real,Dịch vụ công thật,1.0,0.005523878399999999,0.9944761216,0.19999999999999996
ViSmish_06643,1,1,0.9996232,True,1.0,paraphrased,Dịch vụ công giả,1.0,0.996191228,0.0038087719999999603,0.19999999999999996
ViSmish_06645,0,0,0.9992061,True,1.0,synthetic,Quảng cáo hợp lệ,1.0,0.005483081199999999,0.9945169188,0.19999999999999996
ViSmish_06646,0,0,0.999313,True,1.0,real,Viễn thông,1.0,0.005110000799999999,0.9948899992,0.19999999999999996
ViSmish_06648,1,1,0.9995378,True,1.0,synthetic_hard_positive,BHXH / Trợ cấp giả,1.0,0.99578978,0.004210220000000042,0.19999999999999996
ViSmish_06650,1,1,0.9996207,True,1.0,paraphrased,Dịch vụ công giả,1.0,0.99617858,0.0038214199999999643,0.19999999999999996
ViSmish_06651,0,0,0.9994735,True,1.0,synthetic,Viễn thông,1.0,0.004487185599999999,0.9955128144000001,0.19999999999999996
ViSmish_06652,0,0,0.99927264,True,1.0,real,Quảng cáo hợp lệ,1.0,0.005254261199999999,0.9947457388000001,0.19999999999999996
ViSmish_06655,0,0,0.99936324,True,1.0,synthetic,Dịch vụ công thật,1.0,0.004924210599999999,0.9950757894,0.19999999999999996
ViSmish_06656,1,1,0.99960595,True,1.0,paraphrased,Tuyển dụng giả,1.0,0.99610608,0.003893919999999995,0.19999999999999996
ViSmish_06657,1,1,0.9995055,True,1.0,synthetic_hard_positive,Khác,1.0,0.995648348,0.004351651999999984,0.19999999999999996
ViSmish_06658,0,0,0.99944717,True,1.0,synthetic,Tin nhắn cá nhân và OTP,1.0,0.004595802999999999,0.995404197,0.19999999999999996
ViSmish_06663,1,1,0.9996105,True,1.0,paraphrased,Tuyển dụng giả,1.0,0.99612838,0.0038716199999999645,0.19999999999999996
ViSmish_06665,1,1,0.9996055,True,1.0,paraphrased,Crypto / Đầu tư giả,1.0,0.996104168,0.003895831999999988,0.19999999999999996
ViSmish_06666,0,0,0.9994635,True,1.0,synthetic,Viễn thông,1.0,0.004529060799999999,0.9954709392,0.19999999999999996
ViSmish_06667,0,0,0.9994498,True,1.0,synthetic,Ngân hàng thật,1.0,0.0045848111999999995,0.9954151888,0.19999999999999996
ViSmish_06668,1,1,0.99961877,True,1.0,paraphrased,Nội dung nhạy cảm,1.0,0.99616924,0.003830760000000044,0.19999999999999996
ViSmish_06669,1,1,0.9996172,True,1.0,paraphrased,BHXH / Trợ cấp giả,1.0,0.99616154,0.003838459999999988,0.19999999999999996
ViSmish_06670,0,0,0.9994412,True,1.0,external_real,P2P hội thoại thông thường,1.0,0.004619784199999999,0.9953802158,0.19999999999999996
ViSmish_06672,1,1,0.9996099,True,1.0,synthetic_hard_positive,Khác,1.0,0.9961253999999999,0.0038746000000000613,0.19999999999999996
ViSmish_06673,1,1,0.9996239,True,1.0,paraphrased,BHXH / Trợ cấp giả,1.0,0.99619448,0.0038055200000000067,0.19999999999999996
ViSmish_06675,1,1,0.9974394,True,1.0,real,Khác,1.0,0.9903552600000001,0.00964473999999993,0.19999999999999996
ViSmish_06676,0,0,0.9994622,True,1.0,synthetic,Viễn thông,1.0,0.004534402799999999,0.9954655972,0.19999999999999996
ViSmish_06677,1,1,0.9996132,True,1.0,paraphrased,Giả mạo ngân hàng,1.0,0.99614194,0.0038580599999999965,0.19999999999999996
ViSmish_06678,1,1,0.9996031,True,1.0,paraphrased,Nội dung nhạy cảm,1.0,0.99609244,0.003907560000000032,0.19999999999999996
ViSmish_06680,0,0,0.99947196,True,1.0,synthetic,Quảng cáo hợp lệ,1.0,0.004493801599999999,0.9955061984,0.19999999999999996
ViSmish_06681,0,0,0.9992899,True,1.0,real,Viễn thông,1.0,0.0051931641999999984,0.9948068358,0.19999999999999996
ViSmish_06682,1,1,0.99961203,True,1.0,paraphrased,Nội dung nhạy cảm,1.0,0.99613602,0.003863979999999989,0.19999999999999996
ViSmish_06684,1,1,0.9995307,True,1.0,paraphrased,Dịch vụ công giả,1.0,0.99575812,0.004241880000000031,0.19999999999999996
ViSmish_06686,1,1,0.9996282,True,1.0,paraphrased,BHXH / Trợ cấp giả,1.0,0.996215868,0.003784132000000051,0.19999999999999996
ViSmish_06687,0,0,0.9992835,True,1.0,real,Viễn thông,1.0,0.005215693599999999,0.9947843064,0.19999999999999996
ViSmish_06688,0,0,0.9994554,True,1.0,external_curated,P2P hard negative,1.0,0.004562235999999999,0.995437764,0.19999999999999996
ViSmish_06689,1,1,0.99941015,True,1.0,paraphrased,Crypto / Đầu tư giả,1.0,0.9952565680000001,0.004743431999999936,0.19999999999999996
ViSmish_06691,0,0,0.9994648,True,1.0,external_curated,P2P hard negative,1.0,0.004523355999999999,0.995476644,0.19999999999999996
ViSmish_06692,0,0,0.999416,True,1.0,real,Viễn thông,1.0,0.004720434599999999,0.9952795654,0.19999999999999996
ViSmish_06696,1,1,0.9995215,True,1.0,paraphrased,BHXH / Trợ cấp giả,1.0,0.9957176400000001,0.0042823599999999296,0.19999999999999996
ViSmish_06698,1,1,0.97801924,True,1.0,real,Khác,1.0,0.973925794,0.02607420599999999,0.19999999999999996
ViSmish_06699,1,1,0.9994679,True,1.0,synthetic_hard_positive,Khác,1.0,0.99548937,0.00451062999999996,0.19999999999999996
ViSmish_06701,1,1,0.9996294,True,1.0,paraphrased,Tuyển dụng giả,1.0,0.9962216740000001,0.003778325999999943,0.19999999999999996
ViSmish_06702,1,1,0.9995277,True,1.0,synthetic_hard_positive,Giả mạo ngân hàng,1.0,0.995744908,0.00425509199999996,0.19999999999999996
ViSmish_06704,1,1,0.99960667,True,1.0,paraphrased,Tuyển dụng giả,1.0,0.99610951,0.0038904899999999687,0.19999999999999996
ViSmish_06705,1,1,0.9994822,True,1.0,synthetic_hard_positive,Đòi nợ / Đe dọa,1.0,0.99554878,0.004451219999999978,0.19999999999999996
ViSmish_06707,1,1,0.9996195,True,1.0,paraphrased,Tuyển dụng giả,1.0,0.99617287,0.003827130000000012,0.19999999999999996
ViSmish_06709,0,0,0.99947804,True,1.0,synthetic,Ngân hàng thật,1.0,0.004468311799999999,0.9955316882,0.19999999999999996
ViSmish_06710,0,0,0.99940705,True,1.0,real,Tin nhắn cá nhân và OTP,1.0,0.004755554399999999,0.9952444456,0.19999999999999996
ViSmish_06712,1,1,0.99962544,True,1.0,paraphrased,BHXH / Trợ cấp giả,1.0,0.99620232,0.0037976800000000255,0.19999999999999996
ViSmish_06713,1,1,0.9996203,True,1.0,paraphrased,Giả mạo ngân hàng,1.0,0.996176886,0.0038231140000000163,0.19999999999999996
ViSmish_06716,1,1,0.99956447,True,1.0,paraphrased,Cờ bạc / Betting,1.0,0.99591086,0.004089140000000047,0.19999999999999996
ViSmish_06718,0,0,0.999416,True,1.0,real,Viễn thông,1.0,0.004720728399999999,0.9952792716,0.19999999999999996
ViSmish_06721,0,0,0.99939084,True,1.0,synthetic,Tin nhắn cá nhân và OTP,1.0,0.004818621999999999,0.995181378,0.19999999999999996
ViSmish_06723,0,0,0.99935323,True,1.0,synthetic,Thương mại điện tử,1.0,0.004961881399999999,0.9950381186,0.19999999999999996
ViSmish_06724,0,0,0.9990318,True,1.0,external_curated,P2P hard negative,1.0,0.006038367399999999,0.9939616326,0.19999999999999996
ViSmish_06727,0,0,0.99945873,True,1.0,synthetic,Ngân hàng thật,1.0,0.0045482605999999995,0.9954517394,0.19999999999999996
ViSmish_06729,1,1,0.9995982,True,1.0,paraphrased,Cờ bạc / Betting,1.0,0.996068812,0.00393118800000003,0.19999999999999996
ViSmish_06730,0,0,0.99939954,True,1.0,real,Viễn thông,1.0,0.004785200599999999,0.9952147994,0.19999999999999996
ViSmish_06731,0,0,0.99941933,True,1.0,real,Viễn thông,1.0,0.004707325199999999,0.9952926748,0.19999999999999996
ViSmish_06732,0,0,0.9994549,True,1.0,external_curated,P2P hard negative,1.0,0.004564024799999999,0.9954359752,0.19999999999999996
ViSmish_06733,0,0,0.9994562,True,1.0,synthetic,Ngân hàng thật,1.0,0.004558809199999999,0.9954411908,0.19999999999999996
ViSmish_06735,1,1,0.99962604,True,1.0,paraphrased,Giả mạo ngân hàng,1.0,0.99620538,0.003794619999999971,0.19999999999999996
ViSmish_06736,1,1,0.9996178,True,1.0,paraphrased,Nội dung nhạy cảm,1.0,0.9961644000000001,0.003835599999999939,0.19999999999999996
ViSmish_06737,1,1,0.9996093,True,1.0,paraphrased,BHXH / Trợ cấp giả,1.0,0.9961226,0.003877400000000031,0.19999999999999996
ViSmish_06738,1,1,0.9995359,True,1.0,synthetic_hard_positive,Giả mạo ngân hàng,1.0,0.99578118,0.0042188199999999565,0.19999999999999996
ViSmish_06739,0,0,0.9935587,True,1.0,external_curated,P2P hard negative,1.0,0.014903503999999998,0.985096496,0.19999999999999996
ViSmish_06740,1,1,0.99923766,True,1.0,paraphrased,Cờ bạc / Betting,1.0,0.9946241,0.005375899999999989,0.19999999999999996
ViSmish_06741,1,1,0.99956745,True,1.0,paraphrased,Nội dung nhạy cảm,1.0,0.995924628,0.004075371999999966,0.19999999999999996
ViSmish_06743,0,0,0.99942553,True,1.0,synthetic,Tin nhắn cá nhân và OTP,1.0,0.0046828419999999996,0.995317158,0.19999999999999996
ViSmish_06747,0,0,0.999418,True,1.0,external_curated,P2P hard negative,1.0,0.004712375199999999,0.9952876248,0.19999999999999996
ViSmish_06748,0,0,0.99946064,True,1.0,synthetic,Ngân hàng thật,1.0,0.004540617399999999,0.9954593826,0.19999999999999996
ViSmish_06750,0,0,0.9994741,True,1.0,synthetic,Ngân hàng thật,1.0,0.004484900399999998,0.9955150996,0.19999999999999996
ViSmish_06751,0,0,0.99949956,True,1.0,synthetic,Thương mại điện tử,1.0,0.004377187799999999,0.9956228122,0.19999999999999996
ViSmish_06753,1,1,0.9995683,True,1.0,paraphrased,Cờ bạc / Betting,1.0,0.995928192,0.004071807999999955,0.19999999999999996
ViSmish_06754,1,1,0.999616,True,1.0,paraphrased,BHXH / Trợ cấp giả,1.0,0.9961555120000001,0.0038444879999999237,0.19999999999999996
ViSmish_06758,1,1,0.99961925,True,1.0,paraphrased,BHXH / Trợ cấp giả,1.0,0.996171272,0.0038287280000000035,0.19999999999999996
ViSmish_06759,0,0,0.9994506,True,1.0,real,Khác,1.0,0.004581786999999999,0.995418213,0.19999999999999996
ViSmish_06761,0,0,0.99917346,True,1.0,synthetic,Viễn thông,1.0,0.005591478199999999,0.9944085218000001,0.19999999999999996
ViSmish_06762,1,1,0.999553,True,1.0,paraphrased,Tuyển dụng giả,1.0,0.99585846,0.004141539999999999,0.19999999999999996
ViSmish_06763,1,1,0.99959546,True,1.0,paraphrased,Dịch vụ công giả,1.0,0.99605584,0.003944159999999974,0.19999999999999996
ViSmish_06765,1,1,0.9995864,True,1.0,paraphrased,Tuyển dụng giả,1.0,0.99601266,0.003987340000000006,0.19999999999999996
ViSmish_06767,0,0,0.9994529,True,1.0,real,Tin nhắn cá nhân và OTP,1.0,0.004572166799999999,0.9954278332,0.19999999999999996
ViSmish_06768,1,1,0.99960953,True,1.0,synthetic_hard_positive,Crypto / Đầu tư giả,1.0,0.9961236600000001,0.0038763399999999226,0.19999999999999996
ViSmish_06769,1,1,0.999616,True,1.0,paraphrased,BHXH / Trợ cấp giả,1.0,0.9961559600000001,0.0038440399999999375,0.19999999999999996
ViSmish_06771,0,0,0.99947757,True,1.0,real,Khác,1.0,0.004470353599999999,0.9955296464,0.19999999999999996
ViSmish_06772,1,1,0.999613,True,1.0,paraphrased,Đòi nợ / Đe dọa,1.0,0.99614067,0.0038593300000000497,0.19999999999999996
ViSmish_06773,0,0,0.9994523,True,1.0,external_curated,P2P hard negative,1.0,0.004574750399999999,0.9954252496,0.19999999999999996
ViSmish_06775,1,1,0.9996346,True,1.0,paraphrased,Dịch vụ công giả,1.0,0.99624796,0.0037520399999999565,0.19999999999999996
ViSmish_06776,0,0,0.9994777,True,1.0,real,Viễn thông,1.0,0.004469841399999999,0.9955301586,0.19999999999999996
ViSmish_06777,1,1,0.99961996,True,1.0,paraphrased,Cờ bạc / Betting,1.0,0.9961747519999999,0.003825248000000059,0.19999999999999996
ViSmish_06778,0,0,0.9994655,True,1.0,synthetic,Vận chuyển,1.0,0.004520609999999999,0.99547939,0.19999999999999996
ViSmish_06779,0,0,0.9994697,True,1.0,real,Viễn thông,1.0,0.0045032269999999985,0.995496773,0.19999999999999996
ViSmish_06782,0,0,0.9992873,True,1.0,external_curated,P2P hard negative,1.0,0.005202243999999999,0.994797756,0.19999999999999996
ViSmish_06784,1,1,0.99960786,True,1.0,paraphrased,Crypto / Đầu tư giả,1.0,0.9961154400000001,0.003884559999999926,0.19999999999999996
ViSmish_06785,1,1,0.999622,True,1.0,paraphrased,BHXH / Trợ cấp giả,1.0,0.9961853,0.0038146999999999487,0.19999999999999996
ViSmish_06786,1,1,0.99956554,True,1.0,paraphrased,Crypto / Đầu tư giả,1.0,0.99591539,0.004084610000000044,0.19999999999999996
ViSmish_06787,0,0,0.9994885,True,1.0,synthetic,Dịch vụ y tế,1.0,0.004424109599999999,0.9955758904,0.19999999999999996
ViSmish_06788,1,1,0.99962914,True,1.0,paraphrased,BHXH / Trợ cấp giả,1.0,0.996220732,0.0037792679999999468,0.19999999999999996
ViSmish_06792,0,0,0.9994618,True,1.0,real,Viễn thông,1.0,0.004535505599999999,0.9954644944,0.19999999999999996
ViSmish_06794,0,0,0.99942774,True,1.0,synthetic,Thương mại điện tử,1.0,0.004674004799999999,0.9953259952,0.19999999999999996
ViSmish_06796,0,0,0.99946254,True,1.0,external_real,P2P hội thoại thông thường,1.0,0.004532955599999999,0.9954670444,0.19999999999999996
ViSmish_06797,0,0,0.9993814,True,1.0,synthetic,Dịch vụ y tế,1.0,0.004854841999999999,0.995145158,0.19999999999999996
ViSmish_06800,1,1,0.9996251,True,1.0,paraphrased,Dịch vụ công giả,1.0,0.996200728,0.0037992719999999647,0.19999999999999996
ViSmish_06801,0,0,0.99943846,True,1.0,synthetic,Dịch vụ công thật,1.0,0.0046310145999999995,0.9953689854,0.19999999999999996
ViSmish_06803,0,0,0.99949265,True,1.0,synthetic,Viễn thông,1.0,0.004406546399999999,0.9955934536,0.19999999999999996
ViSmish_06804,0,0,0.9993223,True,1.0,real,Viễn thông,1.0,0.005076041999999999,0.994923958,0.19999999999999996
ViSmish_06805,0,0,0.99938726,True,1.0,real,Viễn thông,1.0,0.004832667999999998,0.995167332,0.19999999999999996
ViSmish_06806,1,1,0.99960023,True,1.0,paraphrased,Crypto / Đầu tư giả,1.0,0.99607873,0.003921269999999977,0.19999999999999996
ViSmish_06807,0,0,0.99939036,True,1.0,external_real,P2P hội thoại thông thường,1.0,0.004820364799999999,0.9951796352,0.19999999999999996
ViSmish_06808,0,0,0.99933714,True,1.0,external_real,P2P hội thoại thông thường,1.0,0.005021438799999999,0.9949785612000001,0.19999999999999996
ViSmish_06809,0,0,0.9993693,True,1.0,real,Dịch vụ công thật,1.0,0.004901249399999998,0.9950987506,0.19999999999999996
ViSmish_06813,1,1,0.9996226,True,1.0,paraphrased,Dịch vụ công giả,1.0,0.99618798,0.003812020000000027,0.19999999999999996
ViSmish_06815,0,0,0.9994867,True,1.0,synthetic,Viễn thông,1.0,0.004432064199999999,0.9955679358,0.19999999999999996
ViSmish_06816,1,1,0.99960715,True,1.0,synthetic_hard_positive,Khác,1.0,0.99611194,0.003888059999999971,0.19999999999999996
ViSmish_06820,1,1,0.999602,True,1.0,paraphrased,Nội dung nhạy cảm,1.0,0.996087194,0.003912805999999991,0.19999999999999996
ViSmish_06821,1,1,0.99961156,True,1.0,paraphrased,Crypto / Đầu tư giả,1.0,0.996133674,0.003866326000000031,0.19999999999999996
ViSmish_06823,1,1,0.99951553,True,1.0,paraphrased,Crypto / Đầu tư giả,1.0,0.9956914800000001,0.004308519999999927,0.19999999999999996
ViSmish_06824,1,1,0.99963284,True,1.0,paraphrased,Dịch vụ công giả,1.0,0.99623944,0.003760560000000024,0.19999999999999996
ViSmish_06826,0,0,0.93896216,True,1.0,external_real,P2P hội thoại thông thường,1.0,0.04063262599999999,0.959367374,0.19999999999999996
ViSmish_06827,0,0,0.99947494,True,1.0,synthetic,Quảng cáo hợp lệ,1.0,0.004481474599999999,0.9955185254,0.19999999999999996
ViSmish_06828,0,0,0.9994154,True,1.0,external_curated,P2P hard negative,1.0,0.004722823199999999,0.9952771768,0.19999999999999996
ViSmish_06829,1,1,0.9994943,True,1.0,paraphrased,Tuyển dụng giả,1.0,0.995600474,0.0043995260000000425,0.19999999999999996
ViSmish_06830,1,1,0.999595,True,1.0,paraphrased,Giả mạo ngân hàng,1.0,0.99605346,0.003946540000000054,0.19999999999999996
ViSmish_06833,0,0,0.9994855,True,1.0,synthetic,Vận chuyển,1.0,0.004436749999999999,0.99556325,0.19999999999999996
ViSmish_06834,1,1,0.99962986,True,1.0,paraphrased,Tuyển dụng giả,1.0,0.99622408,0.0037759200000000437,0.19999999999999996
ViSmish_06835,0,0,0.9994671,True,1.0,synthetic,Dịch vụ công thật,1.0,0.004514021799999999,0.9954859782,0.19999999999999996
ViSmish_06836,0,0,0.9994623,True,1.0,real,Khác,1.0,0.004533750999999999,0.995466249,0.19999999999999996
ViSmish_06837,0,0,0.99945146,True,1.0,synthetic,Vận chuyển,1.0,0.0045781365999999985,0.9954218634,0.19999999999999996
ViSmish_06838,1,1,0.9995455,True,1.0,paraphrased,Crypto / Đầu tư giả,1.0,0.995824528,0.004175472000000013,0.19999999999999996
ViSmish_06839,1,1,0.99963,True,1.0,paraphrased,Tuyển dụng giả,1.0,0.9962247200000001,0.0037752799999999365,0.19999999999999996
ViSmish_06841,1,1,0.9996132,True,1.0,paraphrased,Tuyển dụng giả,1.0,0.99614186,0.0038581399999999544,0.19999999999999996
ViSmish_06842,0,0,0.9994916,True,1.0,synthetic,Thương mại điện tử,1.0,0.004411185599999999,0.9955888144,0.19999999999999996
ViSmish_06844,1,1,0.9994956,True,1.0,synthetic_hard_positive,Dịch vụ công giả,1.0,0.99560588,0.004394119999999946,0.19999999999999996
ViSmish_06845,1,1,0.99954176,True,1.0,synthetic_hard_positive,Dịch vụ công giả,1.0,0.9958072060000001,0.004192793999999944,0.19999999999999996
ViSmish_06846,1,1,0.9995889,True,1.0,paraphrased,Dịch vụ công giả,1.0,0.99602462,0.003975379999999973,0.19999999999999996
ViSmish_06847,1,1,0.99950194,True,1.0,synthetic_hard_positive,Khác,1.0,0.995632886,0.004367114000000005,0.19999999999999996
ViSmish_06848,1,1,0.9996221,True,1.0,paraphrased,Đòi nợ / Đe dọa,1.0,0.99618552,0.0038144799999999535,0.19999999999999996
ViSmish_06849,1,1,0.99932265,True,1.0,paraphrased,Cờ bạc / Betting,1.0,0.9949251539999999,0.005074846000000077,0.19999999999999996
ViSmish_06850,1,1,0.9993819,True,1.0,synthetic_hard_positive,Khác,1.0,0.99514706,0.004852940000000028,0.19999999999999996
ViSmish_06852,1,1,0.99803394,True,1.0,real,Giả mạo ngân hàng,1.0,0.99150046,0.008499539999999972,0.19999999999999996
ViSmish_06855,0,0,0.9994023,True,1.0,synthetic,Ngân hàng thật,1.0,0.0047741599999999995,0.99522584,0.19999999999999996
ViSmish_06857,0,0,0.99930525,True,1.0,synthetic,Dịch vụ công thật,1.0,0.005137895799999999,0.9948621042,0.19999999999999996
ViSmish_06861,0,0,0.9988751,True,1.0,real,Khác,1.0,0.0064937345999999995,0.9935062654,0.19999999999999996
ViSmish_06862,1,1,0.99962234,True,1.0,paraphrased,Giả mạo ngân hàng,1.0,0.996186614,0.0038133860000000297,0.19999999999999996
ViSmish_06864,1,1,0.9995316,True,1.0,synthetic_hard_positive,Tuyển dụng giả,1.0,0.99576216,0.004237840000000048,0.19999999999999996
ViSmish_06866,1,1,0.9996213,True,1.0,paraphrased,Dịch vụ công giả,1.0,0.9961818,0.003818199999999994,0.19999999999999996
ViSmish_06868,0,0,0.99946576,True,1.0,real,Ngân hàng thật,1.0,0.004519575399999999,0.9954804246,0.19999999999999996
ViSmish_06870,1,1,0.9996277,True,1.0,paraphrased,BHXH / Trợ cấp giả,1.0,0.996213294,0.003786705999999973,0.19999999999999996
ViSmish_06871,1,1,0.9996136,True,1.0,paraphrased,Crypto / Đầu tư giả,1.0,0.9961433,0.003856700000000046,0.19999999999999996
ViSmish_06874,0,0,0.99949956,True,1.0,synthetic,Vận chuyển,1.0,0.004377460399999999,0.9956225396,0.19999999999999996
ViSmish_06876,1,1,0.99959713,True,1.0,paraphrased,Giả mạo ngân hàng,1.0,0.9960637,0.003936300000000004,0.19999999999999996
ViSmish_06877,1,1,0.9995697,True,1.0,paraphrased,Cờ bạc / Betting,1.0,0.9959349,0.004065100000000044,0.19999999999999996
ViSmish_06878,1,1,0.9995938,True,1.0,paraphrased,Cờ bạc / Betting,1.0,0.99604812,0.003951880000000019,0.19999999999999996
ViSmish_06879,0,0,0.99897015,True,1.0,external_curated,P2P hard negative,1.0,0.006221723999999999,0.993778276,0.19999999999999996
ViSmish_06881,1,1,0.99959975,True,1.0,paraphrased,Tuyển dụng giả,1.0,0.99607656,0.00392344,0.19999999999999996
ViSmish_06883,1,1,0.9995869,True,1.0,paraphrased,Tuyển dụng giả,1.0,0.996014952,0.003985047999999991,0.19999999999999996
ViSmish_06884,0,0,0.9994541,True,1.0,real,Ngân hàng thật,1.0,0.004567304999999999,0.995432695,0.19999999999999996
ViSmish_06886,1,1,0.99961853,True,1.0,paraphrased,Tuyển dụng giả,1.0,0.99616785,0.003832150000000034,0.19999999999999996
ViSmish_06887,0,0,0.9994311,True,1.0,synthetic,Tin nhắn cá nhân và OTP,1.0,0.0046602549999999986,0.995339745,0.19999999999999996
ViSmish_06888,0,0,0.9994307,True,1.0,synthetic,Quảng cáo hợp lệ,1.0,0.0046617612,0.9953382388,0.19999999999999996
ViSmish_06890,1,1,0.9995728,True,1.0,paraphrased,Cờ bạc / Betting,1.0,0.99594894,0.004051059999999995,0.19999999999999996
ViSmish_06893,0,0,0.9994836,True,1.0,real,Viễn thông,1.0,0.004444752599999999,0.9955552474,0.19999999999999996
ViSmish_06894,1,1,0.99951327,True,1.0,synthetic_hard_positive,Dịch vụ công giả,1.0,0.99568192,0.004318080000000002,0.19999999999999996
ViSmish_06896,1,1,0.9996244,True,1.0,paraphrased,Tuyển dụng giả,1.0,0.99619674,0.003803259999999975,0.19999999999999996
ViSmish_06900,0,0,0.9994273,True,1.0,external_real,P2P hội thoại thông thường,1.0,0.0046756329999999985,0.995324367,0.19999999999999996
ViSmish_06901,0,0,0.9994609,True,1.0,external_real,P2P hội thoại thông thường,1.0,0.004539489799999999,0.9954605102,0.19999999999999996
ViSmish_06902,0,0,0.9987802,True,1.0,synthetic,Dịch vụ công thật,1.0,0.006753440999999999,0.993246559,0.19999999999999996
ViSmish_06903,1,1,0.9996183,True,1.0,paraphrased,BHXH / Trợ cấp giả,1.0,0.99616686,0.0038331400000000126,0.19999999999999996
ViSmish_06904,0,0,0.9994288,True,1.0,synthetic,Quảng cáo hợp lệ,1.0,0.0046696099999999985,0.99533039,0.19999999999999996
ViSmish_06905,0,0,0.9994562,True,1.0,synthetic,Tin nhắn cá nhân và OTP,1.0,0.004558884399999999,0.9954411156,0.19999999999999996
ViSmish_06907,1,1,0.9996201,True,1.0,paraphrased,Nội dung nhạy cảm,1.0,0.9961755,0.0038245000000000084,0.19999999999999996
ViSmish_06908,1,1,0.9995999,True,1.0,paraphrased,Cờ bạc / Betting,1.0,0.9960767859999999,0.003923214000000064,0.19999999999999996
ViSmish_06910,1,1,0.99961394,True,1.0,paraphrased,BHXH / Trợ cấp giả,1.0,0.99614516,0.003854840000000026,0.19999999999999996
ViSmish_06911,1,1,0.99959713,True,1.0,paraphrased,Nội dung nhạy cảm,1.0,0.996064066,0.00393593400000003,0.19999999999999996
ViSmish_06912,0,0,0.9994072,True,1.0,external_curated,P2P hard negative,1.0,0.004755366199999999,0.9952446338000001,0.19999999999999996
ViSmish_06914,1,1,0.99960285,True,1.0,paraphrased,Crypto / Đầu tư giả,1.0,0.99609108,0.003908919999999982,0.19999999999999996
ViSmish_06916,0,0,0.99946326,True,1.0,external_curated,P2P hard negative,1.0,0.004529796599999999,0.9954702034,0.19999999999999996
ViSmish_06917,0,0,0.55549264,True,0.7,real,Khác,0.7,0.06610347799999998,0.9338965220000001,0.13999999999999996
ViSmish_06918,0,0,0.9985569,True,1.0,synthetic,Quảng cáo hợp lệ,1.0,0.007324705199999999,0.9926752948,0.19999999999999996
ViSmish_06919,1,1,0.9996126,True,1.0,paraphrased,Dịch vụ công giả,1.0,0.99613856,0.0038614399999999938,0.19999999999999996
ViSmish_06923,1,1,0.9995888,True,1.0,paraphrased,Nội dung nhạy cảm,1.0,0.99602428,0.003975720000000016,0.19999999999999996
ViSmish_06924,0,0,0.9994956,True,1.0,synthetic,Thương mại điện tử,1.0,0.004393843999999999,0.995606156,0.19999999999999996
ViSmish_06926,1,1,0.99960834,True,1.0,paraphrased,Nội dung nhạy cảm,1.0,0.99611792,0.00388208000000001,0.19999999999999996
ViSmish_06927,0,0,0.9994912,True,1.0,synthetic,Tin nhắn cá nhân và OTP,1.0,0.004412673999999998,0.995587326,0.19999999999999996
ViSmish_06928,0,0,0.9994429,True,1.0,real,Tin nhắn cá nhân và OTP,1.0,0.004613171999999999,0.995386828,0.19999999999999996
ViSmish_06930,1,1,0.9995448,True,1.0,paraphrased,Giả mạo ngân hàng,1.0,0.99582104,0.004178959999999954,0.19999999999999996
ViSmish_06931,1,1,0.9996184,True,1.0,paraphrased,Crypto / Đầu tư giả,1.0,0.99616748,0.003832520000000006,0.19999999999999996
ViSmish_06932,0,0,0.9994716,True,1.0,real,Khác,1.0,0.004495191199999998,0.9955048088,0.19999999999999996
ViSmish_06934,1,1,0.9996158,True,1.0,paraphrased,Giả mạo ngân hàng,1.0,0.9961546800000001,0.00384531999999993,0.19999999999999996
ViSmish_06935,1,1,0.9996176,True,1.0,paraphrased,Giả mạo ngân hàng,1.0,0.996163106,0.0038368939999999796,0.19999999999999996
ViSmish_06936,1,1,0.99961734,True,1.0,paraphrased,Đòi nợ / Đe dọa,1.0,0.99616222,0.003837780000000013,0.19999999999999996
ViSmish_06937,0,0,0.9978561,True,1.0,external_curated,P2P hard negative,1.0,0.008859833399999998,0.9911401666,0.19999999999999996
ViSmish_06938,1,1,0.9996253,True,1.0,paraphrased,BHXH / Trợ cấp giả,1.0,0.9962015280000001,0.0037984719999999417,0.19999999999999996
ViSmish_06939,1,1,0.9995504,True,1.0,synthetic_hard_positive,Tuyển dụng giả,1.0,0.99584666,0.004153340000000005,0.19999999999999996
ViSmish_06940,1,1,0.9995927,True,1.0,paraphrased,Crypto / Đầu tư giả,1.0,0.996042514,0.00395748600000001,0.19999999999999996
ViSmish_06941,1,1,0.99956685,True,1.0,paraphrased,Cờ bạc / Betting,1.0,0.9959218599999999,0.004078140000000063,0.19999999999999996
ViSmish_06943,1,1,0.9996189,True,1.0,paraphrased,Giả mạo ngân hàng,1.0,0.99616959,0.003830409999999951,0.19999999999999996
ViSmish_06944,0,0,0.9993906,True,1.0,external_curated,P2P hard negative,1.0,0.004819709799999999,0.9951802902,0.19999999999999996
ViSmish_06947,0,0,0.99930274,True,1.0,synthetic,Quảng cáo hợp lệ,1.0,0.0051471669999999985,0.994852833,0.19999999999999996
ViSmish_06948,1,1,0.9994885,True,1.0,synthetic_hard_positive,Đòi nợ / Đe dọa,1.0,0.99557546,0.004424540000000032,0.19999999999999996
ViSmish_06949,0,0,0.9986186,True,1.0,synthetic,Ngân hàng thật,1.0,0.007171856599999998,0.9928281434,0.19999999999999996
ViSmish_06950,1,1,0.99961203,True,1.0,paraphrased,Cờ bạc / Betting,1.0,0.99613556,0.003864439999999969,0.19999999999999996
ViSmish_06951,0,0,0.9994568,True,1.0,synthetic,Ngân hàng thật,1.0,0.004556276599999999,0.9954437234,0.19999999999999996
ViSmish_06952,0,0,0.99936885,True,1.0,real,Viễn thông,1.0,0.004903009599999999,0.9950969904,0.19999999999999996
ViSmish_06953,0,0,0.9994467,True,1.0,synthetic,Quảng cáo hợp lệ,1.0,0.004597415999999999,0.995402584,0.19999999999999996
ViSmish_06954,1,1,0.99962974,True,1.0,paraphrased,BHXH / Trợ cấp giả,1.0,0.9962234400000001,0.003776559999999929,0.19999999999999996
ViSmish_06956,1,1,0.99960655,True,1.0,paraphrased,Nội dung nhạy cảm,1.0,0.9961091280000001,0.003890871999999934,0.19999999999999996
ViSmish_06957,0,0,0.9994797,True,1.0,synthetic,Quảng cáo hợp lệ,1.0,0.0044613781999999986,0.9955386218,0.19999999999999996
ViSmish_06958,0,0,0.9994217,True,1.0,real,Tin nhắn cá nhân và OTP,1.0,0.004698063799999999,0.9953019362,0.19999999999999996
ViSmish_06960,1,1,0.9996201,True,1.0,paraphrased,BHXH / Trợ cấp giả,1.0,0.99617579,0.0038242099999999946,0.19999999999999996
ViSmish_06961,1,1,0.9994261,True,1.0,synthetic_hard_positive,Giả mạo ngân hàng,1.0,0.9953194000000001,0.004680599999999924,0.19999999999999996
ViSmish_06962,1,1,0.99953115,True,1.0,paraphrased,Crypto / Đầu tư giả,1.0,0.9957601,0.004239899999999963,0.19999999999999996
ViSmish_06963,1,1,0.9995839,True,1.0,paraphrased,BHXH / Trợ cấp giả,1.0,0.996001148,0.003998852000000053,0.19999999999999996
ViSmish_06964,0,0,0.9994904,True,1.0,synthetic,Vận chuyển,1.0,0.0044164719999999985,0.995583528,0.19999999999999996
ViSmish_06967,1,1,0.99961793,True,1.0,paraphrased,Cờ bạc / Betting,1.0,0.996165228,0.003834772000000042,0.19999999999999996
ViSmish_06968,0,0,0.99945277,True,1.0,external_real,P2P hội thoại thông thường,1.0,0.004572732399999999,0.9954272676,0.19999999999999996
ViSmish_06969,0,0,0.99944943,True,1.0,synthetic,Tin nhắn cá nhân và OTP,1.0,0.004586328199999999,0.9954136718,0.19999999999999996
ViSmish_06970,0,0,0.9993667,True,1.0,real,Viễn thông,1.0,0.004911151199999999,0.9950888488,0.19999999999999996
ViSmish_06973,0,0,0.99939597,True,1.0,real,Viễn thông,1.0,0.004799037799999999,0.9952009622,0.19999999999999996
ViSmish_06975,1,1,0.9996214,True,1.0,paraphrased,Nội dung nhạy cảm,1.0,0.99618237,0.0038176300000000163,0.19999999999999996
ViSmish_06976,1,1,0.99960023,True,1.0,paraphrased,Nội dung nhạy cảm,1.0,0.99607848,0.003921520000000012,0.19999999999999996
ViSmish_06977,1,1,0.99963295,True,1.0,paraphrased,Giả mạo ngân hàng,1.0,0.99623946,0.0037605400000000344,0.19999999999999996
ViSmish_06978,0,0,0.9994716,True,1.0,synthetic,Vận chuyển,1.0,0.004495289599999999,0.9955047104,0.19999999999999996
ViSmish_06979,0,0,0.999383,True,1.0,external_real,P2P hội thoại thông thường,1.0,0.004848988399999999,0.9951510116,0.19999999999999996
ViSmish_06981,1,1,0.99963355,True,1.0,paraphrased,Dịch vụ công giả,1.0,0.996243,0.0037570000000000103,0.19999999999999996
ViSmish_06982,1,1,0.99957484,True,1.0,paraphrased,Đòi nợ / Đe dọa,1.0,0.99595859,0.004041410000000023,0.19999999999999996
ViSmish_06983,1,1,0.9996289,True,1.0,paraphrased,Cờ bạc / Betting,1.0,0.9962196400000001,0.003780359999999927,0.19999999999999996
ViSmish_06984,1,1,0.99963474,True,1.0,paraphrased,BHXH / Trợ cấp giả,1.0,0.996248912,0.0037510880000000135,0.19999999999999996
ViSmish_06986,1,1,0.99932516,True,1.0,synthetic_hard_positive,Tuyển dụng giả,1.0,0.9949341540000001,0.0050658459999999295,0.19999999999999996
ViSmish_06987,0,0,0.99944407,True,1.0,synthetic,Viễn thông,1.0,0.0046080943999999985,0.9953919056,0.19999999999999996
ViSmish_06988,1,1,0.9996247,True,1.0,paraphrased,Tuyển dụng giả,1.0,0.996198606,0.0038013940000000135,0.19999999999999996
ViSmish_06989,1,1,0.999617,True,1.0,paraphrased,Giả mạo ngân hàng,1.0,0.996160114,0.003839885999999959,0.19999999999999996
ViSmish_06990,1,1,0.99958795,True,1.0,synthetic_hard_positive,Khác,1.0,0.99602024,0.003979759999999999,0.19999999999999996
ViSmish_06991,0,0,0.99937004,True,1.0,real,Viễn thông,1.0,0.004898452799999999,0.9951015472,0.19999999999999996
ViSmish_06994,1,1,0.99960274,True,1.0,paraphrased,Cờ bạc / Betting,1.0,0.9960909,0.003909099999999999,0.19999999999999996
ViSmish_06995,1,1,0.99962294,True,1.0,paraphrased,Dịch vụ công giả,1.0,0.9961898920000001,0.0038101079999999232,0.19999999999999996
ViSmish_06996,1,1,0.9995988,True,1.0,paraphrased,Tuyển dụng giả,1.0,0.9960718399999999,0.003928160000000069,0.19999999999999996
ViSmish_06999,1,1,0.9996113,True,1.0,paraphrased,Nội dung nhạy cảm,1.0,0.9961323,0.0038677000000000294,0.19999999999999996
ViSmish_07000,1,1,0.9996101,True,1.0,paraphrased,Cờ bạc / Betting,1.0,0.99612639,0.003873609999999972,0.19999999999999996
ViSmish_07001,0,0,0.99944144,True,1.0,real,Ngân hàng thật,1.0,0.004618945399999999,0.9953810546,0.19999999999999996
ViSmish_07002,1,1,0.9996228,True,1.0,paraphrased,Tuyển dụng giả,1.0,0.99618932,0.003810679999999955,0.19999999999999996
ViSmish_07004,0,0,0.99947256,True,1.0,real,Viễn thông,1.0,0.004491127999999999,0.995508872,0.19999999999999996
ViSmish_07005,0,0,0.9992791,True,1.0,synthetic,Quảng cáo hợp lệ,1.0,0.005231332399999999,0.9947686676,0.19999999999999996
ViSmish_07006,0,0,0.9994728,True,1.0,synthetic,Dịch vụ y tế,1.0,0.004490528199999999,0.9955094718,0.19999999999999996
ViSmish_07008,1,1,0.9996309,True,1.0,paraphrased,Đòi nợ / Đe dọa,1.0,0.99622952,0.0037704800000000205,0.19999999999999996
ViSmish_07009,1,1,0.99956137,True,1.0,paraphrased,Crypto / Đầu tư giả,1.0,0.9958964,0.004103599999999985,0.19999999999999996
ViSmish_07010,1,1,0.999605,True,1.0,paraphrased,Giả mạo ngân hàng,1.0,0.996101428,0.003898571999999989,0.19999999999999996
ViSmish_07012,0,0,0.99940884,True,1.0,real,Viễn thông,1.0,0.004748918399999999,0.9952510816,0.19999999999999996
ViSmish_07013,1,1,0.9996301,True,1.0,paraphrased,Tuyển dụng giả,1.0,0.9962253,0.0037747000000000197,0.19999999999999996
ViSmish_07014,0,0,0.9994566,True,1.0,synthetic,Dịch vụ công thật,1.0,0.004557151799999999,0.9954428482,0.19999999999999996
ViSmish_07015,0,0,0.9994529,True,1.0,synthetic,Vận chuyển,1.0,0.004572390399999999,0.9954276096,0.19999999999999996
ViSmish_07018,1,1,0.9996276,True,1.0,paraphrased,Tuyển dụng giả,1.0,0.9962129399999999,0.0037870600000000643,0.19999999999999996
ViSmish_07021,0,0,0.9874221,True,1.0,external_curated,P2P hard negative,1.0,0.020283391999999997,0.979716608,0.19999999999999996
ViSmish_07022,0,0,0.9994809,True,1.0,synthetic,Tin nhắn cá nhân và OTP,1.0,0.004456582199999999,0.9955434178,0.19999999999999996
ViSmish_07023,0,0,0.99940646,True,1.0,real,Ngân hàng thật,1.0,0.004757971399999999,0.9952420286,0.19999999999999996
ViSmish_07024,0,0,0.9994072,True,1.0,real,Quảng cáo hợp lệ,1.0,0.0047552127999999985,0.9952447872,0.19999999999999996
ViSmish_07025,0,0,0.99948585,True,1.0,synthetic,Dịch vụ y tế,1.0,0.004435217999999999,0.995564782,0.19999999999999996
ViSmish_07026,0,0,0.9994529,True,1.0,synthetic,Dịch vụ công thật,1.0,0.004572440599999999,0.9954275594,0.19999999999999996
ViSmish_07027,0,0,0.9994425,True,1.0,real,Ngân hàng thật,1.0,0.004614657599999999,0.9953853424,0.19999999999999996
ViSmish_07030,0,0,0.9979475,True,1.0,real,Dịch vụ công thật,1.0,0.008676817999999998,0.991323182,0.19999999999999996
ViSmish_07031,1,1,0.99962556,True,1.0,paraphrased,Crypto / Đầu tư giả,1.0,0.996202994,0.0037970059999999917,0.19999999999999996
ViSmish_07032,1,1,0.9996244,True,1.0,paraphrased,Giả mạo ngân hàng,1.0,0.9961966600000001,0.003803339999999933,0.19999999999999996
ViSmish_07033,0,0,0.99828655,True,1.0,real,Ngân hàng thật,1.0,0.007956210599999998,0.9920437894,0.19999999999999996
ViSmish_07034,0,0,0.9994228,True,1.0,synthetic,Viễn thông,1.0,0.004693639199999999,0.9953063608,0.19999999999999996
ViSmish_07035,1,1,0.99960357,True,1.0,synthetic_hard_positive,Khác,1.0,0.99609505,0.003904950000000018,0.19999999999999996
ViSmish_07037,1,1,0.9996228,True,1.0,paraphrased,BHXH / Trợ cấp giả,1.0,0.996189392,0.003810607999999993,0.19999999999999996
ViSmish_07039,0,0,0.99947757,True,1.0,real,Khác,1.0,0.004470703799999999,0.9955292962,0.19999999999999996
ViSmish_07041,1,1,0.9996012,True,1.0,paraphrased,Cờ bạc / Betting,1.0,0.996083248,0.003916751999999968,0.19999999999999996
ViSmish_07043,0,0,0.99931645,True,1.0,external_curated,P2P hard negative,1.0,0.005097357599999999,0.9949026424,0.19999999999999996
ViSmish_07044,1,1,0.9995956,True,1.0,paraphrased,Dịch vụ công giả,1.0,0.99605658,0.003943420000000031,0.19999999999999996
ViSmish_07046,1,1,0.99960226,True,1.0,paraphrased,Giả mạo ngân hàng,1.0,0.99608856,0.003911439999999988,0.19999999999999996
ViSmish_07047,0,0,0.9994728,True,1.0,synthetic,Vận chuyển,1.0,0.004490338199999999,0.9955096618,0.19999999999999996
ViSmish_07048,0,0,0.9994331,True,1.0,real,Tin nhắn cá nhân và OTP,1.0,0.004652274799999999,0.9953477252,0.19999999999999996
ViSmish_07049,1,1,0.9995938,True,1.0,paraphrased,Crypto / Đầu tư giả,1.0,0.99604808,0.003951919999999998,0.19999999999999996
ViSmish_07051,1,1,0.99962044,True,1.0,paraphrased,Đòi nợ / Đe dọa,1.0,0.99617746,0.003822540000000041,0.19999999999999996
ViSmish_07053,1,1,0.99960274,True,1.0,paraphrased,Giả mạo ngân hàng,1.0,0.99609083,0.003909170000000017,0.19999999999999996
ViSmish_07054,1,1,0.99962497,True,1.0,paraphrased,Dịch vụ công giả,1.0,0.99620006,0.003799939999999946,0.19999999999999996
ViSmish_07055,1,1,0.9996158,True,1.0,paraphrased,Crypto / Đầu tư giả,1.0,0.9961544,0.0038456000000000046,0.19999999999999996
ViSmish_07056,0,0,0.99946505,True,1.0,synthetic,Dịch vụ y tế,1.0,0.004522505399999999,0.9954774946,0.19999999999999996
ViSmish_07058,0,0,0.9994431,True,1.0,real,Viễn thông,1.0,0.004611896399999999,0.9953881036,0.19999999999999996
ViSmish_07059,0,0,0.9993831,True,1.0,real,Viễn thông,1.0,0.004848375999999999,0.995151624,0.19999999999999996
ViSmish_07060,1,1,0.999613,True,1.0,paraphrased,Cờ bạc / Betting,1.0,0.99614044,0.003859559999999984,0.19999999999999996
ViSmish_07061,1,1,0.99961424,True,1.0,paraphrased,Cờ bạc / Betting,1.0,0.99614682,0.0038531800000000116,0.19999999999999996
ViSmish_07062,1,1,0.99961334,True,1.0,paraphrased,Dịch vụ công giả,1.0,0.9961423,0.003857699999999964,0.19999999999999996
ViSmish_07063,0,0,0.99948716,True,1.0,synthetic,Viễn thông,1.0,0.004430131999999999,0.995569868,0.19999999999999996
ViSmish_07066,0,0,0.9994474,True,1.0,real,Ngân hàng thật,1.0,0.004594632199999999,0.9954053678,0.19999999999999996
ViSmish_07067,0,0,0.99947995,True,1.0,synthetic,Thương mại điện tử,1.0,0.004460641999999999,0.995539358,0.19999999999999996
ViSmish_07068,1,1,0.99961793,True,1.0,paraphrased,Tuyển dụng giả,1.0,0.99616528,0.003834719999999958,0.19999999999999996
ViSmish_07069,1,1,0.9996208,True,1.0,paraphrased,Giả mạo ngân hàng,1.0,0.9961793,0.00382070000000001,0.19999999999999996
ViSmish_07071,1,1,0.99938464,True,1.0,paraphrased,Nội dung nhạy cảm,1.0,0.995157254,0.004842746000000009,0.19999999999999996
ViSmish_07074,0,0,0.9994436,True,1.0,real,Tin nhắn cá nhân và OTP,1.0,0.004610293399999999,0.9953897066,0.19999999999999996
ViSmish_07075,1,1,0.9996264,True,1.0,paraphrased,BHXH / Trợ cấp giả,1.0,0.99620706,0.003792939999999967,0.19999999999999996
ViSmish_07076,0,0,0.99931526,True,1.0,external_curated,P2P hard negative,1.0,0.0051016147999999985,0.9948983852,0.19999999999999996
ViSmish_07077,0,0,0.9993686,True,1.0,synthetic,Viễn thông,1.0,0.004903693999999999,0.995096306,0.19999999999999996
ViSmish_07079,0,0,0.9994646,True,1.0,real,Viễn thông,1.0,0.004524397399999999,0.9954756026,0.19999999999999996
ViSmish_07082,1,1,0.99950254,True,1.0,synthetic_hard_positive,Tuyển dụng giả,1.0,0.99563562,0.0043643799999999455,0.19999999999999996
ViSmish_07083,0,0,0.9993488,True,1.0,real,Viễn thông,1.0,0.004978025799999999,0.9950219742,0.19999999999999996
ViSmish_07084,0,0,0.99946314,True,1.0,real,Khác,1.0,0.004530347599999999,0.9954696524,0.19999999999999996
ViSmish_07086,0,0,0.9994844,True,1.0,real,Dịch vụ công thật,1.0,0.004441468399999999,0.9955585316,0.19999999999999996
ViSmish_07087,1,1,0.9996063,True,1.0,paraphrased,Nội dung nhạy cảm,1.0,0.996107792,0.003892208000000008,0.19999999999999996
ViSmish_07088,1,1,0.99961936,True,1.0,paraphrased,Dịch vụ công giả,1.0,0.996171928,0.0038280720000000157,0.19999999999999996
ViSmish_07089,0,0,0.9994795,True,1.0,synthetic,Dịch vụ y tế,1.0,0.004462329599999999,0.9955376704,0.19999999999999996
ViSmish_07092,1,1,0.9995433,True,1.0,paraphrased,Nội dung nhạy cảm,1.0,0.99581416,0.004185839999999996,0.19999999999999996
ViSmish_07094,0,0,0.9992955,True,1.0,external_curated,P2P hard negative,1.0,0.005173231599999999,0.9948267684,0.19999999999999996
ViSmish_07096,0,0,0.9993799,True,1.0,real,Khác,1.0,0.004860613199999999,0.9951393868,0.19999999999999996
ViSmish_07098,0,0,0.99948657,True,1.0,synthetic,Quảng cáo hợp lệ,1.0,0.004432288599999999,0.9955677114,0.19999999999999996
ViSmish_07099,1,1,0.9994442,True,1.0,paraphrased,Crypto / Đầu tư giả,1.0,0.99539234,0.004607660000000013,0.19999999999999996
ViSmish_07100,0,0,0.999461,True,1.0,real,Khác,1.0,0.004539201399999999,0.9954607986,0.19999999999999996
ViSmish_07102,1,1,0.99959415,True,1.0,paraphrased,Crypto / Đầu tư giả,1.0,0.9960496999999999,0.003950300000000073,0.19999999999999996
ViSmish_07105,0,0,0.9994142,True,1.0,external_curated,P2P hard negative,1.0,0.0047275185999999985,0.9952724814,0.19999999999999996
ViSmish_07106,0,0,0.9994535,True,1.0,real,Quảng cáo hợp lệ,1.0,0.004570153999999999,0.995429846,0.19999999999999996
ViSmish_07107,0,0,0.99945396,True,1.0,real,Khác,1.0,0.004567931599999998,0.9954320684,0.19999999999999996
ViSmish_07108,0,0,0.9993352,True,1.0,synthetic,Tin nhắn cá nhân và OTP,1.0,0.005028387199999999,0.9949716128,0.19999999999999996
ViSmish_07109,0,0,0.99942756,True,1.0,external_curated,P2P hard negative,1.0,0.004674784399999999,0.9953252156,0.19999999999999996
ViSmish_07112,1,1,0.99959093,True,1.0,paraphrased,Crypto / Đầu tư giả,1.0,0.99603414,0.003965859999999988,0.19999999999999996
ViSmish_07113,1,1,0.9996232,True,1.0,paraphrased,Tuyển dụng giả,1.0,0.99619104,0.0038089599999999724,0.19999999999999996
ViSmish_07114,1,1,0.9996184,True,1.0,paraphrased,BHXH / Trợ cấp giả,1.0,0.99616734,0.0038326600000000433,0.19999999999999996
ViSmish_07115,1,1,0.9996138,True,1.0,paraphrased,Giả mạo ngân hàng,1.0,0.996144748,0.003855252000000031,0.19999999999999996
ViSmish_07118,1,1,0.9995888,True,1.0,paraphrased,Cờ bạc / Betting,1.0,0.996024048,0.003975952000000005,0.19999999999999996
ViSmish_07119,0,0,0.9992569,True,1.0,external_real,P2P hội thoại thông thường,1.0,0.005309161999999998,0.994690838,0.19999999999999996
ViSmish_07120,1,1,0.9995278,True,1.0,synthetic_hard_positive,Khác,1.0,0.99574546,0.004254540000000029,0.19999999999999996
ViSmish_07121,0,0,0.9994319,True,1.0,external_real,P2P hội thoại thông thường,1.0,0.004657137799999999,0.9953428622,0.19999999999999996
ViSmish_07122,1,1,0.999624,True,1.0,paraphrased,Tuyển dụng giả,1.0,0.9961952199999999,0.003804780000000063,0.19999999999999996
ViSmish_07123,1,1,0.9995165,True,1.0,synthetic_hard_positive,Khác,1.0,0.99569584,0.004304160000000001,0.19999999999999996
ViSmish_07125,1,1,0.99962735,True,1.0,paraphrased,BHXH / Trợ cấp giả,1.0,0.99621146,0.0037885399999999514,0.19999999999999996
ViSmish_07129,1,1,0.9995433,True,1.0,synthetic_hard_positive,Khác,1.0,0.9958140200000001,0.0041859799999999225,0.19999999999999996
ViSmish_07130,0,0,0.9994591,True,1.0,synthetic,Dịch vụ y tế,1.0,0.004546900399999999,0.9954530996,0.19999999999999996
ViSmish_07132,1,1,0.99960285,True,1.0,paraphrased,Cờ bạc / Betting,1.0,0.9960914000000001,0.003908599999999929,0.19999999999999996
ViSmish_07133,0,0,0.9994893,True,1.0,synthetic,Tin nhắn cá nhân và OTP,1.0,0.004420750199999999,0.9955792498,0.19999999999999996
ViSmish_07134,1,1,0.9995796,True,1.0,paraphrased,Nội dung nhạy cảm,1.0,0.995980788,0.004019211999999994,0.19999999999999996
ViSmish_07136,1,1,0.9996044,True,1.0,paraphrased,Nội dung nhạy cảm,1.0,0.996098828,0.003901171999999953,0.19999999999999996
ViSmish_07137,0,0,0.9993642,True,1.0,synthetic,Ngân hàng thật,1.0,0.004920360399999999,0.9950796396,0.19999999999999996
ViSmish_07138,1,1,0.9996221,True,1.0,paraphrased,Đòi nợ / Đe dọa,1.0,0.99618542,0.003814580000000012,0.19999999999999996
ViSmish_07139,0,0,0.9994943,True,1.0,real,Viễn thông,1.0,0.004399499999999999,0.9956005,0.19999999999999996
ViSmish_07140,0,0,0.99948585,True,1.0,synthetic,Ngân hàng thật,1.0,0.004435649199999999,0.9955643508,0.19999999999999996
ViSmish_07141,1,1,0.99953437,True,1.0,paraphrased,BHXH / Trợ cấp giả,1.0,0.995774234,0.00422576600000002,0.19999999999999996
ViSmish_07142,0,0,0.99945706,True,1.0,real,Ngân hàng thật,1.0,0.004555266399999999,0.9954447336,0.19999999999999996
ViSmish_07143,1,1,0.9995944,True,1.0,paraphrased,Crypto / Đầu tư giả,1.0,0.9960505479999999,0.0039494520000000755,0.19999999999999996
ViSmish_07144,0,0,0.9994677,True,1.0,real,Viễn thông,1.0,0.004511759399999999,0.9954882406,0.19999999999999996
ViSmish_07146,1,1,0.9996246,True,1.0,paraphrased,Cờ bạc / Betting,1.0,0.99619822,0.003801779999999977,0.19999999999999996
ViSmish_07147,0,0,0.9993723,True,1.0,real,Viễn thông,1.0,0.004890092399999999,0.9951099076,0.19999999999999996
ViSmish_07148,0,0,0.9994873,True,1.0,synthetic,Vận chuyển,1.0,0.004429200199999999,0.9955707998,0.19999999999999996
ViSmish_07151,1,1,0.9996333,True,1.0,paraphrased,BHXH / Trợ cấp giả,1.0,0.996241688,0.003758311999999986,0.19999999999999996
ViSmish_07152,0,0,0.9994672,True,1.0,real,Tin nhắn cá nhân và OTP,1.0,0.004513681399999999,0.9954863186,0.19999999999999996
ViSmish_07154,0,0,0.9994803,True,1.0,synthetic,Dịch vụ công thật,1.0,0.004459038399999999,0.9955409616,0.19999999999999996
ViSmish_07155,1,1,0.99949837,True,1.0,paraphrased,Nội dung nhạy cảm,1.0,0.9956179000000001,0.004382099999999944,0.19999999999999996
ViSmish_07156,1,1,0.9995933,True,1.0,paraphrased,BHXH / Trợ cấp giả,1.0,0.99604538,0.00395462000000002,0.19999999999999996
ViSmish_07158,1,1,0.999561,True,1.0,paraphrased,Nội dung nhạy cảm,1.0,0.99589468,0.004105319999999968,0.19999999999999996
ViSmish_07160,0,0,0.99939275,True,1.0,real,Quảng cáo hợp lệ,1.0,0.004811357399999999,0.9951886426,0.19999999999999996
ViSmish_07161,1,1,0.999607,True,1.0,paraphrased,Cờ bạc / Betting,1.0,0.9961113699999999,0.0038886300000000595,0.19999999999999996
ViSmish_07162,1,1,0.9996209,True,1.0,paraphrased,BHXH / Trợ cấp giả,1.0,0.9961797720000001,0.0038202279999999256,0.19999999999999996
ViSmish_07163,0,0,0.9994336,True,1.0,synthetic,Dịch vụ y tế,1.0,0.004650330599999999,0.9953496694,0.19999999999999996
ViSmish_07164,0,0,0.9994486,True,1.0,synthetic,Thương mại điện tử,1.0,0.004590030799999999,0.9954099692,0.19999999999999996
ViSmish_07166,0,0,0.99946135,True,1.0,synthetic,Viễn thông,1.0,0.004537518399999999,0.9954624816,0.19999999999999996
ViSmish_07167,1,1,0.9996308,True,1.0,paraphrased,BHXH / Trợ cấp giả,1.0,0.99622916,0.003770840000000053,0.19999999999999996
ViSmish_07168,0,0,0.99941313,True,1.0,external_real,P2P hội thoại thông thường,1.0,0.004731761599999999,0.9952682384,0.19999999999999996
ViSmish_07169,0,0,0.99947375,True,1.0,real,Viễn thông,1.0,0.004486216999999999,0.995513783,0.19999999999999996
ViSmish_07170,0,0,0.99949837,True,1.0,synthetic,Vận chuyển,1.0,0.004382209199999999,0.9956177908,0.19999999999999996
ViSmish_07172,1,1,0.99953616,True,1.0,paraphrased,Crypto / Đầu tư giả,1.0,0.99578238,0.004217620000000033,0.19999999999999996
ViSmish_07173,0,0,0.99943537,True,1.0,real,Khác,1.0,0.004643204799999998,0.9953567952,0.19999999999999996
ViSmish_07176,0,0,0.9994641,True,1.0,synthetic,Tin nhắn cá nhân và OTP,1.0,0.004526193999999999,0.995473806,0.19999999999999996
ViSmish_07177,1,1,0.99951565,True,1.0,synthetic_hard_positive,Tuyển dụng giả,1.0,0.99569212,0.004307880000000042,0.19999999999999996
ViSmish_07178,0,0,0.9994647,True,1.0,synthetic,Dịch vụ công thật,1.0,0.004523859199999999,0.9954761408,0.19999999999999996
ViSmish_07179,1,1,0.9996263,True,1.0,paraphrased,Tuyển dụng giả,1.0,0.99620639,0.003793610000000003,0.19999999999999996
ViSmish_07180,1,1,0.99962556,True,1.0,paraphrased,Giả mạo ngân hàng,1.0,0.996203088,0.0037969119999999856,0.19999999999999996
ViSmish_07183,1,1,0.9995534,True,1.0,paraphrased,Cờ bạc / Betting,1.0,0.99586006,0.004139939999999953,0.19999999999999996
ViSmish_07184,0,0,0.9994721,True,1.0,real,Viễn thông,1.0,0.004493429199999999,0.9955065708,0.19999999999999996
ViSmish_07188,1,1,0.9995478,True,1.0,paraphrased,Crypto / Đầu tư giả,1.0,0.9958347320000001,0.004165267999999944,0.19999999999999996
ViSmish_07190,1,1,0.9994955,True,1.0,paraphrased,Nội dung nhạy cảm,1.0,0.99560532,0.004394679999999984,0.19999999999999996
ViSmish_07191,1,1,0.99958986,True,1.0,paraphrased,BHXH / Trợ cấp giả,1.0,0.996029388,0.00397061200000004,0.19999999999999996
ViSmish_07194,0,0,0.999435,True,1.0,synthetic,Viễn thông,1.0,0.004644753399999999,0.9953552466,0.19999999999999996
ViSmish_07195,1,1,0.9995714,True,1.0,paraphrased,Tuyển dụng giả,1.0,0.9959427000000001,0.00405729999999993,0.19999999999999996
ViSmish_07196,1,1,0.99963355,True,1.0,paraphrased,Dịch vụ công giả,1.0,0.996243,0.0037570000000000103,0.19999999999999996
ViSmish_07197,0,0,0.99947053,True,1.0,real,Ngân hàng thật,1.0,0.004499840799999998,0.9955001592,0.19999999999999996
ViSmish_07199,1,1,0.99961025,True,1.0,paraphrased,Dịch vụ công giả,1.0,0.996127188,0.0038728120000000033,0.19999999999999996
ViSmish_07201,0,0,0.9993869,True,1.0,real,Viễn thông,1.0,0.004833764999999999,0.995166235,0.19999999999999996
ViSmish_07202,1,1,0.9996061,True,1.0,paraphrased,Tuyển dụng giả,1.0,0.99610702,0.003892980000000046,0.19999999999999996
ViSmish_07203,0,0,0.9990988,True,1.0,real,Ngân hàng thật,1.0,0.005831662599999999,0.9941683374,0.19999999999999996
ViSmish_07204,1,1,0.9996264,True,1.0,paraphrased,Đòi nợ / Đe dọa,1.0,0.9962071299999999,0.0037928700000000592,0.19999999999999996
ViSmish_07205,1,1,0.9996326,True,1.0,paraphrased,BHXH / Trợ cấp giả,1.0,0.99623822,0.003761780000000048,0.19999999999999996
ViSmish_07206,0,0,0.9994578,True,1.0,synthetic,Tin nhắn cá nhân và OTP,1.0,0.004552151199999999,0.9954478488,0.19999999999999996
ViSmish_07207,1,1,0.9995034,True,1.0,synthetic_hard_positive,Dịch vụ công giả,1.0,0.99563916,0.0043608400000000325,0.19999999999999996
ViSmish_07208,1,1,0.9996209,True,1.0,paraphrased,Giả mạo ngân hàng,1.0,0.99617954,0.0038204600000000255,0.19999999999999996
ViSmish_07209,1,1,0.99960715,True,1.0,paraphrased,Crypto / Đầu tư giả,1.0,0.9961118099999999,0.003888190000000069,0.19999999999999996
ViSmish_07213,1,1,0.999617,True,1.0,paraphrased,BHXH / Trợ cấp giả,1.0,0.9961606000000001,0.0038393999999999373,0.19999999999999996
ViSmish_07214,0,0,0.9994741,True,1.0,real,Khác,1.0,0.004485058799999999,0.9955149412,0.19999999999999996
ViSmish_07215,1,1,0.9996075,True,1.0,paraphrased,Tuyển dụng giả,1.0,0.996113754,0.003886245999999982,0.19999999999999996
ViSmish_07216,1,1,0.9996051,True,1.0,paraphrased,Crypto / Đầu tư giả,1.0,0.9961025,0.003897499999999998,0.19999999999999996
ViSmish_07217,0,0,0.99940825,True,1.0,external_curated,P2P hard negative,1.0,0.004750995999999999,0.995249004,0.19999999999999996
ViSmish_07218,1,1,0.9993772,True,1.0,paraphrased,BHXH / Trợ cấp giả,1.0,0.9951287200000001,0.004871279999999922,0.19999999999999996
ViSmish_07219,1,1,0.9996117,True,1.0,paraphrased,Nội dung nhạy cảm,1.0,0.996133972,0.0038660280000000213,0.19999999999999996
ViSmish_07220,0,0,0.9993524,True,1.0,real,Viễn thông,1.0,0.004964877999999999,0.995035122,0.19999999999999996
ViSmish_07222,1,1,0.9996253,True,1.0,paraphrased,BHXH / Trợ cấp giả,1.0,0.996201872,0.0037981280000000117,0.19999999999999996
ViSmish_07223,0,0,0.99919826,True,1.0,real,Viễn thông,1.0,0.005509218199999999,0.9944907818,0.19999999999999996
ViSmish_07224,1,1,0.9995722,True,1.0,paraphrased,BHXH / Trợ cấp giả,1.0,0.995946252,0.004053748000000024,0.19999999999999996
ViSmish_07227,0,0,0.9994185,True,1.0,synthetic,Thương mại điện tử,1.0,0.004710524599999999,0.9952894754,0.19999999999999996
ViSmish_07228,0,0,0.99941313,True,1.0,synthetic,Dịch vụ công thật,1.0,0.004731764999999999,0.995268235,0.19999999999999996
ViSmish_07229,0,0,0.99940586,True,1.0,real,Quảng cáo hợp lệ,1.0,0.004760271599999999,0.9952397284,0.19999999999999996
ViSmish_07230,0,0,0.999463,True,1.0,real,Tin nhắn cá nhân và OTP,1.0,0.004530890199999998,0.9954691098,0.19999999999999996
ViSmish_07231,0,0,0.99937963,True,1.0,external_real,P2P hội thoại thông thường,1.0,0.004861761199999998,0.9951382388,0.19999999999999996
ViSmish_07232,0,0,0.99946016,True,1.0,synthetic,Viễn thông,1.0,0.004542352999999999,0.9954576470000001,0.19999999999999996
ViSmish_07234,0,0,0.99946564,True,1.0,synthetic,Dịch vụ y tế,1.0,0.004520093599999999,0.9954799064,0.19999999999999996
ViSmish_07235,1,1,0.9996183,True,1.0,paraphrased,Crypto / Đầu tư giả,1.0,0.996167112,0.0038328880000000343,0.19999999999999996
ViSmish_07236,0,0,0.99944097,True,1.0,synthetic,Quảng cáo hợp lệ,1.0,0.004620969199999998,0.9953790308,0.19999999999999996
ViSmish_07240,0,0,0.9994037,True,1.0,synthetic,Ngân hàng thật,1.0,0.004768818599999999,0.9952311814,0.19999999999999996
ViSmish_07243,1,1,0.99961156,True,1.0,paraphrased,Cờ bạc / Betting,1.0,0.99613372,0.0038662799999999997,0.19999999999999996
ViSmish_07244,0,0,0.99944204,True,1.0,real,Viễn thông,1.0,0.004616519999999999,0.99538348,0.19999999999999996
ViSmish_07247,1,1,0.99962354,True,1.0,paraphrased,BHXH / Trợ cấp giả,1.0,0.99619276,0.0038072399999999895,0.19999999999999996
ViSmish_07248,0,0,0.9991394,True,1.0,real,Dịch vụ công thật,1.0,0.005702119599999999,0.9942978804,0.19999999999999996
ViSmish_07251,1,1,0.9996069,True,1.0,paraphrased,Cờ bạc / Betting,1.0,0.99611112,0.0038888799999999835,0.19999999999999996
ViSmish_07252,1,1,0.99961084,True,1.0,paraphrased,Dịch vụ công giả,1.0,0.99612999,0.0038700099999999793,0.19999999999999996
ViSmish_07255,1,1,0.9995931,True,1.0,paraphrased,Nội dung nhạy cảm,1.0,0.99604446,0.00395553999999998,0.19999999999999996
ViSmish_07256,1,1,0.9996232,True,1.0,paraphrased,Nội dung nhạy cảm,1.0,0.996191228,0.0038087719999999603,0.19999999999999996
ViSmish_07257,1,1,0.99959344,True,1.0,paraphrased,Giả mạo ngân hàng,1.0,0.9960464,0.0039536000000000016,0.19999999999999996
ViSmish_07258,1,1,0.99960726,True,1.0,paraphrased,Đòi nợ / Đe dọa,1.0,0.996112632,0.003887368000000002,0.19999999999999996
ViSmish_07259,1,1,0.99962175,True,1.0,paraphrased,Đòi nợ / Đe dọa,1.0,0.99618361,0.003816390000000003,0.19999999999999996
ViSmish_07260,1,1,0.9995963,True,1.0,paraphrased,Tuyển dụng giả,1.0,0.99605999,0.003940009999999994,0.19999999999999996
ViSmish_07261,1,1,0.9995378,True,1.0,paraphrased,Dịch vụ công giả,1.0,0.99578986,0.004210139999999973,0.19999999999999996
ViSmish_07262,0,0,0.9993777,True,1.0,real,Viễn thông,1.0,0.004868989799999999,0.9951310102,0.19999999999999996
ViSmish_07264,1,1,0.9996197,True,1.0,paraphrased,Dịch vụ công giả,1.0,0.99617416,0.0038258399999999693,0.19999999999999996
ViSmish_07265,1,1,0.9996197,True,1.0,paraphrased,BHXH / Trợ cấp giả,1.0,0.99617376,0.0038262399999999808,0.19999999999999996
ViSmish_07267,1,1,0.9996137,True,1.0,paraphrased,Tuyển dụng giả,1.0,0.99614402,0.003855979999999981,0.19999999999999996
ViSmish_07269,0,0,0.9994548,True,1.0,synthetic,Quảng cáo hợp lệ,1.0,0.004564464799999999,0.9954355352,0.19999999999999996
ViSmish_07270,0,0,0.9994061,True,1.0,external_real,P2P hội thoại thông thường,1.0,0.004759549799999999,0.9952404502,0.19999999999999996
ViSmish_07274,1,1,0.9995993,True,1.0,paraphrased,Tuyển dụng giả,1.0,0.9960742,0.003925799999999979,0.19999999999999996
ViSmish_07276,1,1,0.9993345,True,1.0,real,Giả mạo ngân hàng,1.0,0.994968832,0.00503116800000003,0.19999999999999996
ViSmish_07277,1,1,0.99961483,True,1.0,paraphrased,Đòi nợ / Đe dọa,1.0,0.99614996,0.003850039999999999,0.19999999999999996
ViSmish_07278,0,0,0.9994887,True,1.0,synthetic,Tin nhắn cá nhân và OTP,1.0,0.004423158999999999,0.995576841,0.19999999999999996
ViSmish_07280,0,0,0.9994373,True,1.0,synthetic,Tin nhắn cá nhân và OTP,1.0,0.004635516999999999,0.995364483,0.19999999999999996
ViSmish_07281,0,0,0.96854264,True,1.0,real,Khác,1.0,0.030540007999999993,0.969459992,0.19999999999999996
ViSmish_07282,1,1,0.9996107,True,1.0,paraphrased,Nội dung nhạy cảm,1.0,0.99612937,0.003870629999999986,0.19999999999999996
ViSmish_07284,0,0,0.99947673,True,1.0,synthetic,Viễn thông,1.0,0.004473820799999999,0.9955261792,0.19999999999999996
ViSmish_07286,0,0,0.99897766,True,1.0,synthetic,Quảng cáo hợp lệ,1.0,0.006199865999999998,0.993800134,0.19999999999999996
ViSmish_07287,1,1,0.99962544,True,1.0,paraphrased,Cờ bạc / Betting,1.0,0.9962019799999999,0.0037980200000000686,0.19999999999999996
ViSmish_07288,0,0,0.99950755,True,1.0,synthetic,Thương mại điện tử,1.0,0.004343001599999999,0.9956569984,0.19999999999999996
ViSmish_07289,0,0,0.99946934,True,1.0,external_real,P2P hội thoại thông thường,1.0,0.004504486999999999,0.995495513,0.19999999999999996
ViSmish_07292,0,0,0.9994789,True,1.0,synthetic,Thương mại điện tử,1.0,0.004465035799999999,0.9955349642,0.19999999999999996
ViSmish_07293,0,0,0.99949265,True,1.0,synthetic,Tin nhắn cá nhân và OTP,1.0,0.004406911999999999,0.995593088,0.19999999999999996
ViSmish_07294,1,1,0.99961996,True,1.0,paraphrased,Tuyển dụng giả,1.0,0.99617508,0.0038249200000000094,0.19999999999999996
ViSmish_07295,0,0,0.9994455,True,1.0,external_curated,P2P hard negative,1.0,0.004602233599999998,0.9953977664,0.19999999999999996
ViSmish_07296,1,1,0.9996087,True,1.0,paraphrased,Nội dung nhạy cảm,1.0,0.99611962,0.0038803800000000166,0.19999999999999996
ViSmish_07298,1,1,0.99962234,True,1.0,paraphrased,BHXH / Trợ cấp giả,1.0,0.9961865400000001,0.0038134599999999352,0.19999999999999996
ViSmish_07299,1,1,0.9996136,True,1.0,paraphrased,Giả mạo ngân hàng,1.0,0.99614318,0.003856819999999983,0.19999999999999996
ViSmish_07300,0,0,0.9994622,True,1.0,synthetic,Tin nhắn cá nhân và OTP,1.0,0.004534148399999999,0.9954658516,0.19999999999999996
ViSmish_07302,1,1,0.9995788,True,1.0,paraphrased,Nội dung nhạy cảm,1.0,0.9959766800000001,0.004023319999999941,0.19999999999999996
ViSmish_07303,0,0,0.99941814,True,1.0,real,Viễn thông,1.0,0.004712076799999999,0.9952879232,0.19999999999999996
ViSmish_07305,0,0,0.99944097,True,1.0,external_curated,P2P hard negative,1.0,0.004620929399999999,0.9953790706,0.19999999999999996
ViSmish_07307,1,1,0.999608,True,1.0,paraphrased,Giả mạo ngân hàng,1.0,0.9961163399999999,0.0038836600000000665,0.19999999999999996
ViSmish_07308,1,1,0.9995586,True,1.0,synthetic_hard_positive,BHXH / Trợ cấp giả,1.0,0.99588402,0.004115980000000019,0.19999999999999996
ViSmish_07310,0,0,0.9991394,True,1.0,real,Dịch vụ công thật,1.0,0.005702043399999999,0.9942979566,0.19999999999999996
ViSmish_07311,1,1,0.99960655,True,1.0,paraphrased,Cờ bạc / Betting,1.0,0.996109152,0.003890847999999947,0.19999999999999996
ViSmish_07312,1,1,0.99956805,True,1.0,paraphrased,Crypto / Đầu tư giả,1.0,0.99592692,0.004073079999999951,0.19999999999999996
ViSmish_07316,1,1,0.9995358,True,1.0,synthetic_hard_positive,Khác,1.0,0.995780588,0.004219411999999978,0.19999999999999996
ViSmish_07317,0,0,0.9994678,True,1.0,real,Khác,1.0,0.004511249999999999,0.99548875,0.19999999999999996
ViSmish_07318,0,0,0.999481,True,1.0,synthetic,Tin nhắn cá nhân và OTP,1.0,0.004455994399999999,0.9955440056,0.19999999999999996
ViSmish_07319,1,1,0.9996101,True,1.0,paraphrased,Cờ bạc / Betting,1.0,0.99612634,0.003873660000000001,0.19999999999999996
ViSmish_07320,1,1,0.9994937,True,1.0,paraphrased,Nội dung nhạy cảm,1.0,0.995597828,0.0044021720000000375,0.19999999999999996
ViSmish_07322,1,1,0.99960643,True,1.0,paraphrased,Đòi nợ / Đe dọa,1.0,0.9961083399999999,0.0038916600000000745,0.19999999999999996
ViSmish_07323,0,0,0.9994093,True,1.0,real,Quảng cáo hợp lệ,1.0,0.004746800599999999,0.9952531994,0.19999999999999996
ViSmish_07325,0,0,0.9994733,True,1.0,synthetic,Dịch vụ công thật,1.0,0.004488131999999999,0.995511868,0.19999999999999996
ViSmish_07326,0,0,0.9994497,True,1.0,external_real,P2P hội thoại thông thường,1.0,0.004585389399999999,0.9954146106,0.19999999999999996
ViSmish_07327,1,1,0.9995689,True,1.0,synthetic_hard_positive,Giả mạo ngân hàng,1.0,0.99593104,0.00406896000000001,0.19999999999999996
ViSmish_07329,1,1,0.9996092,True,1.0,paraphrased,Đòi nợ / Đe dọa,1.0,0.99612199,0.0038780099999999873,0.19999999999999996
ViSmish_07330,0,0,0.9993685,True,1.0,real,Viễn thông,1.0,0.004904510399999999,0.9950954896,0.19999999999999996
ViSmish_07331,1,1,0.9996118,True,1.0,paraphrased,Giả mạo ngân hàng,1.0,0.9961346600000001,0.0038653399999999394,0.19999999999999996
ViSmish_07332,0,0,0.99948907,True,1.0,synthetic,Viễn thông,1.0,0.004421840999999999,0.995578159,0.19999999999999996
ViSmish_07334,0,0,0.9993975,True,1.0,real,Dịch vụ công thật,1.0,0.004792849999999999,0.99520715,0.19999999999999996
ViSmish_07335,0,0,0.9993876,True,1.0,real,Viễn thông,1.0,0.004830981799999998,0.9951690182,0.19999999999999996
ViSmish_07336,0,0,0.9994586,True,1.0,synthetic,Thương mại điện tử,1.0,0.004548838799999999,0.9954511612,0.19999999999999996
ViSmish_07337,1,1,0.9995315,True,1.0,paraphrased,Nội dung nhạy cảm,1.0,0.99576172,0.004238280000000039,0.19999999999999996
ViSmish_07338,1,1,0.99958724,True,1.0,paraphrased,Cờ bạc / Betting,1.0,0.99601688,0.003983120000000007,0.19999999999999996
ViSmish_07339,0,0,0.999456,True,1.0,external_real,P2P hội thoại thông thường,1.0,0.004559700599999999,0.9954402994,0.19999999999999996
ViSmish_07340,1,1,0.9996247,True,1.0,paraphrased,Nội dung nhạy cảm,1.0,0.996198774,0.003801225999999991,0.19999999999999996
ViSmish_07344,0,0,0.99946815,True,1.0,synthetic,Tin nhắn cá nhân và OTP,1.0,0.004509540599999999,0.9954904594,0.19999999999999996
ViSmish_07345,1,1,0.9996284,True,1.0,paraphrased,Dịch vụ công giả,1.0,0.99621716,0.003782839999999954,0.19999999999999996
ViSmish_07346,1,1,0.99951553,True,1.0,synthetic_hard_positive,Giả mạo ngân hàng,1.0,0.99569144,0.004308560000000017,0.19999999999999996
ViSmish_07347,1,1,0.99952877,True,1.0,synthetic_hard_positive,Khác,1.0,0.99574964,0.004250360000000009,0.19999999999999996
ViSmish_07348,1,1,0.9993492,True,1.0,paraphrased,Crypto / Đầu tư giả,1.0,0.99502318,0.004976819999999993,0.19999999999999996
ViSmish_07350,1,1,0.9996056,True,1.0,paraphrased,Dịch vụ công giả,1.0,0.9961042600000001,0.0038957399999999254,0.19999999999999996
ViSmish_07351,1,1,0.99957937,True,1.0,paraphrased,Đòi nợ / Đe dọa,1.0,0.9959799,0.004020099999999971,0.19999999999999996
ViSmish_07352,1,1,0.9996124,True,1.0,paraphrased,Nội dung nhạy cảm,1.0,0.99613772,0.0038622799999999957,0.19999999999999996
ViSmish_07354,0,0,0.9994729,True,1.0,synthetic,Ngân hàng thật,1.0,0.004489737799999999,0.9955102622,0.19999999999999996
ViSmish_07355,1,1,0.99962056,True,1.0,paraphrased,Tuyển dụng giả,1.0,0.99617792,0.00382207999999995,0.19999999999999996
ViSmish_07356,0,0,0.99933213,True,1.0,external_real,P2P hội thoại thông thường,1.0,0.005039746999999999,0.994960253,0.19999999999999996
ViSmish_07358,0,0,0.99941266,True,1.0,synthetic,Ngân hàng thật,1.0,0.004733966199999998,0.9952660338,0.19999999999999996
ViSmish_07363,0,0,0.99946696,True,1.0,external_curated,P2P hard negative,1.0,0.004514443199999999,0.9954855568,0.19999999999999996
ViSmish_07365,0,0,0.9994367,True,1.0,synthetic,Ngân hàng thật,1.0,0.0046382006,0.9953617994,0.19999999999999996
ViSmish_07367,1,1,0.9995177,True,1.0,synthetic_hard_positive,Tuyển dụng giả,1.0,0.995701026,0.004298974000000011,0.19999999999999996
ViSmish_07368,1,1,0.9996001,True,1.0,paraphrased,Dịch vụ công giả,1.0,0.99607828,0.003921720000000017,0.19999999999999996
ViSmish_07369,1,1,0.99962056,True,1.0,paraphrased,Đòi nợ / Đe dọa,1.0,0.9961781000000001,0.0038218999999999337,0.19999999999999996
ViSmish_07370,1,1,0.999619,True,1.0,paraphrased,Đòi nợ / Đe dọa,1.0,0.9961702100000001,0.003829789999999944,0.19999999999999996
ViSmish_07371,0,0,0.99931467,True,1.0,real,Viễn thông,1.0,0.0051038607999999985,0.9948961392,0.19999999999999996
ViSmish_07372,0,0,0.9994623,True,1.0,synthetic,Dịch vụ công thật,1.0,0.004533948399999999,0.9954660516,0.19999999999999996
ViSmish_07373,1,1,0.99962354,True,1.0,paraphrased,Cờ bạc / Betting,1.0,0.996192468,0.003807531999999947,0.19999999999999996
ViSmish_07375,0,0,0.9994935,True,1.0,synthetic,Vận chuyển,1.0,0.0044030215999999985,0.9955969784,0.19999999999999996
ViSmish_07376,0,0,0.99933356,True,1.0,real,Viễn thông,1.0,0.005034871799999999,0.9949651282,0.19999999999999996
ViSmish_07377,1,1,0.99960715,True,1.0,paraphrased,Giả mạo ngân hàng,1.0,0.9961118099999999,0.003888190000000069,0.19999999999999996
ViSmish_07378,0,0,0.9993123,True,1.0,external_curated,P2P hard negative,1.0,0.0051124195999999985,0.9948875804,0.19999999999999996
ViSmish_07379,0,0,0.99945945,True,1.0,real,Viễn thông,1.0,0.004545741599999999,0.9954542584,0.19999999999999996
ViSmish_07380,0,0,0.9992341,True,1.0,real,Khác,1.0,0.005388140599999999,0.9946118594,0.19999999999999996
ViSmish_07381,1,1,0.9996118,True,1.0,paraphrased,Nội dung nhạy cảm,1.0,0.99613456,0.0038654399999999978,0.19999999999999996
ViSmish_07382,1,1,0.99960643,True,1.0,paraphrased,Nội dung nhạy cảm,1.0,0.99610848,0.003891520000000037,0.19999999999999996
ViSmish_07383,1,1,0.9995522,True,1.0,paraphrased,Cờ bạc / Betting,1.0,0.99585452,0.004145480000000035,0.19999999999999996
ViSmish_07385,1,1,0.9996191,True,1.0,paraphrased,Giả mạo ngân hàng,1.0,0.99617098,0.003829019999999961,0.19999999999999996
ViSmish_07386,1,1,0.999519,True,1.0,paraphrased,Crypto / Đầu tư giả,1.0,0.9957064600000001,0.004293539999999929,0.19999999999999996
ViSmish_07389,0,0,0.99949205,True,1.0,synthetic,Thương mại điện tử,1.0,0.004408977199999999,0.9955910228,0.19999999999999996
ViSmish_07390,0,0,0.99941015,True,1.0,synthetic,Ngân hàng thật,1.0,0.004743354399999999,0.9952566456,0.19999999999999996
ViSmish_07391,1,1,0.9994838,True,1.0,synthetic_hard_positive,Đòi nợ / Đe dọa,1.0,0.99555583,0.0044441699999999695,0.19999999999999996
ViSmish_07393,1,1,0.9996152,True,1.0,paraphrased,Tuyển dụng giả,1.0,0.9961514,0.00384859999999998,0.19999999999999996
ViSmish_07394,1,1,0.99957246,True,1.0,paraphrased,Đòi nợ / Đe dọa,1.0,0.99594774,0.00405226000000003,0.19999999999999996
ViSmish_07395,1,1,0.9996055,True,1.0,paraphrased,Crypto / Đầu tư giả,1.0,0.99610424,0.003895760000000026,0.19999999999999996
ViSmish_07396,1,1,0.9996245,True,1.0,paraphrased,Tuyển dụng giả,1.0,0.99619758,0.003802419999999973,0.19999999999999996
ViSmish_07397,0,0,0.99948066,True,1.0,external_curated,P2P hard negative,1.0,0.004457338599999999,0.9955426614,0.19999999999999996
ViSmish_07398,0,0,0.9993325,True,1.0,real,Viễn thông,1.0,0.005038757999999999,0.994961242,0.19999999999999996
ViSmish_07399,0,0,0.9991761,True,1.0,external_real,P2P hội thoại thông thường,1.0,0.005582743599999999,0.9944172564,0.19999999999999996
ViSmish_07401,1,1,0.99957854,True,1.0,paraphrased,Nội dung nhạy cảm,1.0,0.995975888,0.004024111999999969,0.19999999999999996
ViSmish_07402,0,0,0.9994802,True,1.0,real,Viễn thông,1.0,0.004459242599999999,0.9955407574,0.19999999999999996
ViSmish_07403,0,0,0.9994418,True,1.0,synthetic,Tin nhắn cá nhân và OTP,1.0,0.004617615999999999,0.995382384,0.19999999999999996
ViSmish_07404,1,1,0.9996221,True,1.0,paraphrased,Dịch vụ công giả,1.0,0.996185554,0.003814446000000027,0.19999999999999996
ViSmish_07405,0,0,0.99945027,True,1.0,synthetic,Dịch vụ y tế,1.0,0.004583247799999999,0.9954167522,0.19999999999999996
ViSmish_07406,0,0,0.99939823,True,1.0,external_real,P2P hội thoại thông thường,1.0,0.004789902999999999,0.995210097,0.19999999999999996
ViSmish_07408,0,0,0.99937975,True,1.0,external_curated,P2P hard negative,1.0,0.004861387599999999,0.9951386124,0.19999999999999996
ViSmish_07411,1,1,0.99961615,True,1.0,paraphrased,Giả mạo ngân hàng,1.0,0.9961561800000001,0.0038438199999999423,0.19999999999999996
ViSmish_07412,1,1,0.9996228,True,1.0,paraphrased,Giả mạo ngân hàng,1.0,0.996188926,0.0038110740000000254,0.19999999999999996
ViSmish_07413,0,0,0.9994173,True,1.0,external_curated,P2P hard negative,1.0,0.004715235599999999,0.9952847644,0.19999999999999996
ViSmish_07414,0,0,0.9994518,True,1.0,real,Viễn thông,1.0,0.004576853999999999,0.995423146,0.19999999999999996
ViSmish_07415,1,1,0.9995246,True,1.0,synthetic_hard_positive,Khác,1.0,0.99573136,0.004268640000000046,0.19999999999999996
ViSmish_07417,1,1,0.9995962,True,1.0,paraphrased,Nội dung nhạy cảm,1.0,0.9960591,0.003940900000000025,0.19999999999999996
ViSmish_07418,0,0,0.9985067,True,1.0,external_curated,P2P hard negative,1.0,0.007446246599999999,0.9925537534,0.19999999999999996
ViSmish_07419,1,1,0.99962795,True,1.0,paraphrased,Đòi nợ / Đe dọa,1.0,0.9962145099999999,0.003785490000000058,0.19999999999999996
ViSmish_07422,1,1,0.99945277,True,1.0,paraphrased,BHXH / Trợ cấp giả,1.0,0.99542731,0.004572690000000046,0.19999999999999996
ViSmish_07423,1,1,0.9996275,True,1.0,paraphrased,BHXH / Trợ cấp giả,1.0,0.99621224,0.003787760000000029,0.19999999999999996
ViSmish_07425,0,0,0.99942386,True,1.0,external_real,P2P hội thoại thông thường,1.0,0.0046895689999999985,0.995310431,0.19999999999999996
ViSmish_07426,0,0,0.9994313,True,1.0,synthetic,Ngân hàng thật,1.0,0.0046597715999999985,0.9953402284,0.19999999999999996
ViSmish_07427,0,0,0.99942905,True,1.0,synthetic,Dịch vụ y tế,1.0,0.004668654599999999,0.9953313454,0.19999999999999996
ViSmish_07428,0,0,0.9994387,True,1.0,real,Viễn thông,1.0,0.004629998599999999,0.9953700014,0.19999999999999996
ViSmish_07432,1,1,0.99955016,True,1.0,paraphrased,Đòi nợ / Đe dọa,1.0,0.9958452,0.004154800000000014,0.19999999999999996
ViSmish_07434,1,1,0.99958783,True,1.0,paraphrased,Nội dung nhạy cảm,1.0,0.9960195199999999,0.003980480000000064,0.19999999999999996
ViSmish_07436,1,1,0.99962544,True,1.0,paraphrased,Tuyển dụng giả,1.0,0.996202028,0.003797971999999983,0.19999999999999996
ViSmish_07437,0,0,0.999479,True,1.0,synthetic,Tin nhắn cá nhân và OTP,1.0,0.004464410199999999,0.9955355898,0.19999999999999996
ViSmish_07439,1,1,0.9996164,True,1.0,paraphrased,Nội dung nhạy cảm,1.0,0.9961576999999999,0.003842300000000076,0.19999999999999996
ViSmish_07441,0,0,0.9994418,True,1.0,synthetic,Quảng cáo hợp lệ,1.0,0.0046171423999999996,0.9953828576,0.19999999999999996
ViSmish_07442,0,0,0.99945885,True,1.0,external_real,P2P hội thoại thông thường,1.0,0.0045479781999999995,0.9954520218,0.19999999999999996
ViSmish_07443,1,1,0.9993735,True,1.0,synthetic_hard_positive,Khác,1.0,0.9951144940000001,0.004885505999999928,0.19999999999999996
ViSmish_07444,1,1,0.9995351,True,1.0,paraphrased,Đòi nợ / Đe dọa,1.0,0.99577744,0.004222559999999986,0.19999999999999996
ViSmish_07445,0,0,0.99940634,True,1.0,real,Quảng cáo hợp lệ,1.0,0.004758397199999999,0.9952416028,0.19999999999999996
ViSmish_07447,0,0,0.9993968,True,1.0,synthetic,Quảng cáo hợp lệ,1.0,0.004795550999999999,0.995204449,0.19999999999999996
ViSmish_07448,0,0,0.99935097,True,1.0,external_real,P2P hội thoại thông thường,1.0,0.004970138599999999,0.9950298614,0.19999999999999996
ViSmish_07449,1,1,0.9994512,True,1.0,paraphrased,Nội dung nhạy cảm,1.0,0.995421028,0.0045789720000000145,0.19999999999999996
ViSmish_07450,1,1,0.99962366,True,1.0,paraphrased,BHXH / Trợ cấp giả,1.0,0.996193314,0.0038066860000000036,0.19999999999999996
ViSmish_07451,1,1,0.9995726,True,1.0,paraphrased,Nội dung nhạy cảm,1.0,0.9959479680000001,0.004052031999999928,0.19999999999999996
ViSmish_07452,0,0,0.99939346,True,1.0,external_real,P2P hội thoại thông thường,1.0,0.004808707199999999,0.9951912928,0.19999999999999996
ViSmish_07453,1,1,0.9995426,True,1.0,real,Crypto / Đầu tư giả,1.0,0.99581124,0.004188760000000014,0.19999999999999996
ViSmish_07456,1,1,0.9995912,True,1.0,paraphrased,Nội dung nhạy cảm,1.0,0.996035206,0.003964794000000049,0.19999999999999996
ViSmish_07457,1,1,0.99960035,True,1.0,paraphrased,Tuyển dụng giả,1.0,0.99607932,0.00392068000000001,0.19999999999999996
ViSmish_07458,1,1,0.99957293,True,1.0,paraphrased,Cờ bạc / Betting,1.0,0.9959496800000001,0.004050319999999941,0.19999999999999996
ViSmish_07461,0,0,0.9994634,True,1.0,synthetic,Tin nhắn cá nhân và OTP,1.0,0.004529589399999999,0.9954704106,0.19999999999999996
ViSmish_07462,1,1,0.9995332,True,1.0,synthetic_hard_positive,BHXH / Trợ cấp giả,1.0,0.995769072,0.004230928000000023,0.19999999999999996
ViSmish_07463,0,0,0.9993742,True,1.0,real,Quảng cáo hợp lệ,1.0,0.004882518999999998,0.995117481,0.19999999999999996
ViSmish_07464,0,0,0.9994394,True,1.0,external_real,P2P hội thoại thông thường,1.0,0.004627182399999999,0.9953728176,0.19999999999999996
ViSmish_07465,0,0,0.9994276,True,1.0,synthetic,Viễn thông,1.0,0.004674507999999999,0.995325492,0.19999999999999996
ViSmish_07466,1,1,0.99963176,True,1.0,paraphrased,Cờ bạc / Betting,1.0,0.996233654,0.0037663460000000315,0.19999999999999996
ViSmish_07467,0,0,0.9993998,True,1.0,external_real,P2P hội thoại thông thường,1.0,0.0047838583999999995,0.9952161416,0.19999999999999996
ViSmish_07468,1,1,0.9995653,True,1.0,paraphrased,BHXH / Trợ cấp giả,1.0,0.99591438,0.004085620000000012,0.19999999999999996
ViSmish_07469,0,0,0.99946696,True,1.0,real,Khác,1.0,0.004514610799999999,0.9954853892,0.19999999999999996
ViSmish_07470,0,0,0.999438,True,1.0,synthetic,Ngân hàng thật,1.0,0.0046329271999999986,0.9953670728,0.19999999999999996
ViSmish_07473,1,1,0.9994838,True,1.0,synthetic_hard_positive,Dịch vụ công giả,1.0,0.9955560999999999,0.004443900000000056,0.19999999999999996
ViSmish_07474,1,1,0.9996376,True,1.0,paraphrased,BHXH / Trợ cấp giả,1.0,0.99626317,0.0037368300000000243,0.19999999999999996
ViSmish_07476,1,1,0.9996093,True,1.0,paraphrased,Crypto / Đầu tư giả,1.0,0.99612232,0.0038776799999999945,0.19999999999999996
ViSmish_07477,0,0,0.9994055,True,1.0,real,Viễn thông,1.0,0.004761957999999999,0.995238042,0.19999999999999996
ViSmish_07478,1,1,0.99953556,True,1.0,paraphrased,Crypto / Đầu tư giả,1.0,0.99577996,0.0042200399999999805,0.19999999999999996
ViSmish_07480,1,1,0.9995983,True,1.0,paraphrased,Cờ bạc / Betting,1.0,0.9960692600000001,0.003930739999999933,0.19999999999999996
ViSmish_07481,1,1,0.99962914,True,1.0,paraphrased,Dịch vụ công giả,1.0,0.9962208,0.0037791999999999826,0.19999999999999996
ViSmish_07483,1,1,0.99946207,True,1.0,paraphrased,Crypto / Đầu tư giả,1.0,0.9954651999999999,0.004534800000000061,0.19999999999999996
ViSmish_07484,1,1,0.99954504,True,1.0,paraphrased,Nội dung nhạy cảm,1.0,0.99582243,0.004177569999999964,0.19999999999999996
ViSmish_07486,1,1,0.9996152,True,1.0,paraphrased,Crypto / Đầu tư giả,1.0,0.99615186,0.00384814,0.19999999999999996
ViSmish_07488,1,1,0.99961334,True,1.0,paraphrased,Tuyển dụng giả,1.0,0.996142208,0.0038577920000000265,0.19999999999999996
ViSmish_07490,0,0,0.9994956,True,1.0,synthetic,Dịch vụ y tế,1.0,0.004394170999999999,0.995605829,0.19999999999999996
ViSmish_07491,1,1,0.99952793,True,1.0,synthetic_hard_positive,Dịch vụ công giả,1.0,0.99574578,0.004254219999999975,0.19999999999999996
ViSmish_07492,0,0,0.9994686,True,1.0,external_curated,P2P hard negative,1.0,0.004507544999999999,0.995492455,0.19999999999999996
ViSmish_07493,0,0,0.99946505,True,1.0,synthetic,Vận chuyển,1.0,0.004522325399999999,0.9954776746,0.19999999999999996
ViSmish_07494,1,1,0.9996094,True,1.0,paraphrased,Cờ bạc / Betting,1.0,0.99612284,0.003877160000000046,0.19999999999999996
ViSmish_07495,0,0,0.99947864,True,1.0,real,Viễn thông,1.0,0.004466108599999999,0.9955338914,0.19999999999999996
ViSmish_07496,1,1,0.9995628,True,1.0,paraphrased,Cờ bạc / Betting,1.0,0.9959027300000001,0.004097269999999931,0.19999999999999996
ViSmish_07499,0,0,0.99942976,True,1.0,synthetic,Tin nhắn cá nhân và OTP,1.0,0.004665657199999999,0.9953343428,0.19999999999999996
ViSmish_07500,0,0,0.9994363,True,1.0,synthetic,Viễn thông,1.0,0.004639302999999999,0.995360697,0.19999999999999996
ViSmish_07501,1,1,0.99960846,True,1.0,paraphrased,Đòi nợ / Đe dọa,1.0,0.9961185,0.003881499999999982,0.19999999999999996
ViSmish_07503,1,1,0.9995265,True,1.0,synthetic_hard_positive,Đòi nợ / Đe dọa,1.0,0.995739472,0.004260527999999986,0.19999999999999996
ViSmish_07504,0,0,0.99947625,True,1.0,synthetic,Tin nhắn cá nhân và OTP,1.0,0.0044760439999999985,0.995523956,0.19999999999999996
ViSmish_07507,1,1,0.99962306,True,1.0,paraphrased,Giả mạo ngân hàng,1.0,0.996190488,0.003809512000000015,0.19999999999999996
ViSmish_07510,0,0,0.99946386,True,1.0,real,Viễn thông,1.0,0.004527183599999999,0.9954728164,0.19999999999999996
ViSmish_07511,0,0,0.9994733,True,1.0,synthetic,Thương mại điện tử,1.0,0.004488385399999999,0.9955116146,0.19999999999999996
ViSmish_07512,1,1,0.9995982,True,1.0,paraphrased,Nội dung nhạy cảm,1.0,0.996068906,0.003931094000000024,0.19999999999999996
ViSmish_07513,0,0,0.99944395,True,1.0,external_curated,P2P hard negative,1.0,0.004608505599999999,0.9953914944,0.19999999999999996
ViSmish_07516,1,1,0.9994842,True,1.0,paraphrased,Nội dung nhạy cảm,1.0,0.9955575999999999,0.0044424000000000685,0.19999999999999996
ViSmish_07517,1,1,0.99962044,True,1.0,paraphrased,Cờ bạc / Betting,1.0,0.99617762,0.003822380000000014,0.19999999999999996
ViSmish_07520,0,0,0.99949217,True,1.0,synthetic,Tin nhắn cá nhân và OTP,1.0,0.0044087577999999995,0.9955912422,0.19999999999999996
ViSmish_07521,0,0,0.99933463,True,1.0,external_real,P2P hội thoại thông thường,1.0,0.005030592999999999,0.994969407,0.19999999999999996
ViSmish_07522,0,0,0.9994449,True,1.0,real,Ngân hàng thật,1.0,0.004604903199999999,0.9953950968,0.19999999999999996
ViSmish_07525,0,0,0.9994055,True,1.0,external_curated,P2P hard negative,1.0,0.004761668199999999,0.9952383318,0.19999999999999996
ViSmish_07526,1,1,0.99961996,True,1.0,paraphrased,Nội dung nhạy cảm,1.0,0.99617517,0.0038248300000000013,0.19999999999999996
ViSmish_07527,1,1,0.9994344,True,1.0,paraphrased,Crypto / Đầu tư giả,1.0,0.995352674,0.004647325999999952,0.19999999999999996
ViSmish_07529,1,1,0.99962056,True,1.0,paraphrased,Cờ bạc / Betting,1.0,0.996177828,0.0038221720000000126,0.19999999999999996
ViSmish_07531,0,0,0.99940133,True,1.0,external_real,P2P hội thoại thông thường,1.0,0.004777841599999999,0.9952221584000001,0.19999999999999996
ViSmish_07534,0,0,0.9994727,True,1.0,real,Viễn thông,1.0,0.004490962999999999,0.995509037,0.19999999999999996
ViSmish_07536,0,0,0.9994672,True,1.0,real,Viễn thông,1.0,0.0045136434,0.9954863566,0.19999999999999996
ViSmish_07537,1,1,0.9995857,True,1.0,paraphrased,Crypto / Đầu tư giả,1.0,0.996009528,0.003990472000000023,0.19999999999999996
ViSmish_07538,1,1,0.99961275,True,1.0,paraphrased,Tuyển dụng giả,1.0,0.99613936,0.0038606399999999708,0.19999999999999996
ViSmish_07539,0,0,0.9994898,True,1.0,synthetic,Vận chuyển,1.0,0.004418945999999999,0.995581054,0.19999999999999996
ViSmish_07540,0,0,0.9994879,True,1.0,synthetic,Vận chuyển,1.0,0.004426685999999999,0.995573314,0.19999999999999996
ViSmish_07541,0,0,0.9994722,True,1.0,real,Tin nhắn cá nhân và OTP,1.0,0.004492695999999999,0.995507304,0.19999999999999996
ViSmish_07542,0,0,0.9994838,True,1.0,synthetic,Tin nhắn cá nhân và OTP,1.0,0.004443950999999999,0.995556049,0.19999999999999996
ViSmish_07544,0,0,0.99931026,True,1.0,synthetic,Thương mại điện tử,1.0,0.005120035599999999,0.9948799644,0.19999999999999996
ViSmish_07545,0,1,0.8902887,False,0.3,real,Khác,0.3,0.04441013399999999,0.955589866,0.059999999999999984
ViSmish_07547,1,1,0.9994832,True,1.0,synthetic_hard_positive,Tuyển dụng giả,1.0,0.995553732,0.004446268000000031,0.19999999999999996
ViSmish_07548,1,1,0.9996106,True,1.0,paraphrased,Cờ bạc / Betting,1.0,0.99612882,0.003871179999999974,0.19999999999999996
ViSmish_07550,1,1,0.9996289,True,1.0,paraphrased,Dịch vụ công giả,1.0,0.996219146,0.0037808539999999446,0.19999999999999996
ViSmish_07553,1,1,0.99961877,True,1.0,paraphrased,Cờ bạc / Betting,1.0,0.9961690400000001,0.003830959999999939,0.19999999999999996
ViSmish_07554,0,0,0.99934477,True,1.0,external_real,P2P hội thoại thông thường,1.0,0.004993266999999999,0.995006733,0.19999999999999996
ViSmish_07558,1,1,0.9996111,True,1.0,paraphrased,Đòi nợ / Đe dọa,1.0,0.99613104,0.0038689600000000324,0.19999999999999996
ViSmish_07559,0,0,0.99944264,True,1.0,synthetic,Tin nhắn cá nhân và OTP,1.0,0.004613781999999999,0.995386218,0.19999999999999996
ViSmish_07560,0,0,0.9976908,True,1.0,external_real,P2P hội thoại thông thường,1.0,0.009180369199999998,0.9908196308,0.19999999999999996
ViSmish_07562,1,1,0.9995678,True,1.0,paraphrased,Đòi nợ / Đe dọa,1.0,0.99592572,0.004074279999999986,0.19999999999999996
ViSmish_07563,0,0,0.99946886,True,1.0,synthetic,Ngân hàng thật,1.0,0.004506646399999999,0.9954933536,0.19999999999999996
ViSmish_07564,1,1,0.9995956,True,1.0,paraphrased,Crypto / Đầu tư giả,1.0,0.99605632,0.003943680000000005,0.19999999999999996
ViSmish_07565,0,0,0.9994815,True,1.0,synthetic,Vận chuyển,1.0,0.004453855399999999,0.9955461446,0.19999999999999996
ViSmish_07568,1,1,0.9994886,True,1.0,synthetic_hard_positive,Khác,1.0,0.995575892,0.004424108000000038,0.19999999999999996
ViSmish_07569,0,0,0.99944013,True,1.0,synthetic,Ngân hàng thật,1.0,0.004623934999999999,0.995376065,0.19999999999999996
ViSmish_07572,1,1,0.9996147,True,1.0,paraphrased,Cờ bạc / Betting,1.0,0.99614934,0.0038506600000000057,0.19999999999999996
ViSmish_07574,0,0,0.99943835,True,1.0,real,Tin nhắn cá nhân và OTP,1.0,0.004631210399999999,0.9953687896,0.19999999999999996
ViSmish_07575,1,1,0.9996166,True,1.0,paraphrased,BHXH / Trợ cấp giả,1.0,0.9961587199999999,0.003841280000000058,0.19999999999999996
ViSmish_07576,1,1,0.9996288,True,1.0,paraphrased,Tuyển dụng giả,1.0,0.996218752,0.003781248000000015,0.19999999999999996
ViSmish_07577,1,1,0.9996177,True,1.0,paraphrased,Crypto / Đầu tư giả,1.0,0.99616398,0.003836020000000051,0.19999999999999996
ViSmish_07578,1,1,0.9996288,True,1.0,paraphrased,Dịch vụ công giả,1.0,0.99621904,0.0037809600000000554,0.19999999999999996
ViSmish_07579,1,1,0.9996214,True,1.0,paraphrased,Tuyển dụng giả,1.0,0.996182228,0.003817771999999997,0.19999999999999996
ViSmish_07580,1,1,0.99959165,True,1.0,paraphrased,Crypto / Đầu tư giả,1.0,0.996037448,0.0039625519999999526,0.19999999999999996
ViSmish_07583,1,1,0.9995671,True,1.0,synthetic_hard_positive,BHXH / Trợ cấp giả,1.0,0.9959225,0.004077499999999956,0.19999999999999996
ViSmish_07584,0,0,0.9991043,True,1.0,synthetic,Ngân hàng thật,1.0,0.005813916399999999,0.9941860836,0.19999999999999996
ViSmish_07585,0,0,0.9994814,True,1.0,synthetic,Vận chuyển,1.0,0.004454617599999999,0.9955453824,0.19999999999999996
ViSmish_07586,1,1,0.9991906,True,1.0,paraphrased,Nội dung nhạy cảm,1.0,0.99446526,0.0055347399999999825,0.19999999999999996
ViSmish_07587,0,0,0.9994654,True,1.0,synthetic,Ngân hàng thật,1.0,0.004520929999999999,0.99547907,0.19999999999999996
ViSmish_07588,1,1,0.9996216,True,1.0,paraphrased,Giả mạo ngân hàng,1.0,0.996183586,0.00381641399999999,0.19999999999999996
ViSmish_07590,0,0,0.9994087,True,1.0,real,Viễn thông,1.0,0.004749386399999999,0.9952506136,0.19999999999999996
ViSmish_07593,1,1,0.9995881,True,1.0,paraphrased,Đòi nợ / Đe dọa,1.0,0.99602094,0.003979060000000034,0.19999999999999996
ViSmish_07594,1,1,0.99956983,True,1.0,synthetic_hard_positive,Tuyển dụng giả,1.0,0.99593558,0.0040644199999999575,0.19999999999999996
ViSmish_07595,1,1,0.99910444,True,1.0,paraphrased,Cờ bạc / Betting,1.0,0.99418614,0.0058138599999999485,0.19999999999999996
ViSmish_07599,0,0,0.9987173,True,1.0,synthetic,Dịch vụ công thật,1.0,0.006919755999999999,0.993080244,0.19999999999999996
ViSmish_07600,0,0,0.99945945,True,1.0,real,Viễn thông,1.0,0.004545369399999999,0.9954546306000001,0.19999999999999996
ViSmish_07601,1,1,0.9996171,True,1.0,paraphrased,Giả mạo ngân hàng,1.0,0.996160852,0.003839147999999959,0.19999999999999996
ViSmish_07602,0,0,0.99944884,True,1.0,external_real,P2P hội thoại thông thường,1.0,0.004588946799999999,0.9954110532,0.19999999999999996
ViSmish_07605,1,1,0.9996101,True,1.0,paraphrased,Giả mạo ngân hàng,1.0,0.996126414,0.0038735859999999844,0.19999999999999996
ViSmish_07606,1,1,0.9996138,True,1.0,paraphrased,Crypto / Đầu tư giả,1.0,0.9961446199999999,0.003855380000000075,0.19999999999999996
ViSmish_07607,0,0,0.9994697,True,1.0,synthetic,Tin nhắn cá nhân và OTP,1.0,0.004503266799999999,0.9954967332,0.19999999999999996
ViSmish_07608,0,0,0.9994616,True,1.0,synthetic,Viễn thông,1.0,0.0045367761999999985,0.9954632238,0.19999999999999996
ViSmish_07609,0,0,0.9994273,True,1.0,synthetic,Tin nhắn cá nhân và OTP,1.0,0.0046755871999999985,0.9953244128,0.19999999999999996
ViSmish_07610,1,1,0.99959046,True,1.0,paraphrased,Nội dung nhạy cảm,1.0,0.9960322260000001,0.003967773999999924,0.19999999999999996
ViSmish_07611,1,1,0.9996001,True,1.0,paraphrased,Tuyển dụng giả,1.0,0.9960780739999999,0.0039219260000000755,0.19999999999999996
ViSmish_07612,0,0,0.99942833,True,1.0,external_real,P2P hội thoại thông thường,1.0,0.004671626599999999,0.9953283734,0.19999999999999996
ViSmish_07615,0,0,0.99948335,True,1.0,real,Khác,1.0,0.004445823999999999,0.995554176,0.19999999999999996
ViSmish_07616,1,1,0.99959904,True,1.0,paraphrased,Dịch vụ công giả,1.0,0.9960730680000001,0.003926931999999939,0.19999999999999996
ViSmish_07618,0,0,0.99945897,True,1.0,real,Viễn thông,1.0,0.004547518399999999,0.9954524816,0.19999999999999996
ViSmish_07619,0,0,0.9988864,True,1.0,external_curated,P2P hard negative,1.0,0.006462045999999999,0.993537954,0.19999999999999996
ViSmish_07621,0,0,0.99947757,True,1.0,synthetic,Tin nhắn cá nhân và OTP,1.0,0.004470546599999999,0.9955294534,0.19999999999999996
ViSmish_07623,1,1,0.999585,True,1.0,paraphrased,Nội dung nhạy cảm,1.0,0.99600628,0.003993719999999978,0.19999999999999996
ViSmish_07624,1,1,0.9995073,True,1.0,real,Giả mạo ngân hàng,1.0,0.99565616,0.004343839999999988,0.19999999999999996
ViSmish_07625,0,0,0.99843436,True,1.0,real,Khác,1.0,0.007618081999999998,0.992381918,0.19999999999999996
ViSmish_07626,1,1,0.999607,True,1.0,paraphrased,Nội dung nhạy cảm,1.0,0.99611172,0.003888279999999966,0.19999999999999996
ViSmish_07627,1,1,0.9995952,True,1.0,paraphrased,BHXH / Trợ cấp giả,1.0,0.996054674,0.003945325999999971,0.19999999999999996
ViSmish_07628,0,0,0.9995011,True,1.0,synthetic,Thương mại điện tử,1.0,0.004370356799999999,0.9956296432,0.19999999999999996
ViSmish_07630,0,0,0.99941075,True,1.0,real,Viễn thông,1.0,0.004741478999999999,0.995258521,0.19999999999999996
ViSmish_07631,0,0,0.999424,True,1.0,real,Tin nhắn cá nhân và OTP,1.0,0.004689161199999999,0.9953108388,0.19999999999999996
ViSmish_07634,1,1,0.9996082,True,1.0,paraphrased,Tuyển dụng giả,1.0,0.9961172,0.003882799999999964,0.19999999999999996
ViSmish_07635,1,1,0.99959224,True,1.0,paraphrased,Nội dung nhạy cảm,1.0,0.99604024,0.003959759999999979,0.19999999999999996
ViSmish_07637,1,1,0.9995958,True,1.0,paraphrased,Giả mạo ngân hàng,1.0,0.996057332,0.0039426679999999825,0.19999999999999996
ViSmish_07641,1,1,0.99896586,True,1.0,paraphrased,Dịch vụ công giả,1.0,0.99376576,0.0062342399999999465,0.19999999999999996
ViSmish_07642,1,1,0.9996195,True,1.0,paraphrased,Nội dung nhạy cảm,1.0,0.9961728,0.0038272000000000306,0.19999999999999996
ViSmish_07645,0,0,0.99946016,True,1.0,synthetic,Ngân hàng thật,1.0,0.004542605199999999,0.9954573948,0.19999999999999996
ViSmish_07647,1,1,0.99953747,True,1.0,paraphrased,Giả mạo ngân hàng,1.0,0.995788288,0.004211712000000034,0.19999999999999996
ViSmish_07648,0,0,0.9994223,True,1.0,real,Viễn thông,1.0,0.0046957447999999985,0.9953042552,0.19999999999999996
ViSmish_07650,0,0,0.9428875,True,1.0,real,Khác,1.0,0.03950098999999999,0.96049901,0.19999999999999996
ViSmish_07651,1,1,0.9996207,True,1.0,paraphrased,Đòi nợ / Đe dọa,1.0,0.9961785320000001,0.003821467999999939,0.19999999999999996
ViSmish_07653,0,0,0.9994629,True,1.0,synthetic,Tin nhắn cá nhân và OTP,1.0,0.004531321999999999,0.995468678,0.19999999999999996
ViSmish_07654,0,0,0.99949193,True,1.0,synthetic,Viễn thông,1.0,0.004409763999999999,0.995590236,0.19999999999999996
ViSmish_07656,1,1,0.99961394,True,1.0,paraphrased,Cờ bạc / Betting,1.0,0.99614501,0.0038549900000000026,0.19999999999999996
ViSmish_07657,0,0,0.99939823,True,1.0,synthetic,Tin nhắn cá nhân và OTP,1.0,0.0047901051999999986,0.9952098948,0.19999999999999996
ViSmish_07658,0,0,0.99941146,True,1.0,external_real,P2P hội thoại thông thường,1.0,0.0047385807999999995,0.9952614192,0.19999999999999996
ViSmish_07659,1,1,0.9995547,True,1.0,paraphrased,Crypto / Đầu tư giả,1.0,0.995866168,0.0041338319999999484,0.19999999999999996
ViSmish_07660,1,1,0.9995161,True,1.0,synthetic_hard_positive,Đòi nợ / Đe dọa,1.0,0.995694088,0.004305911999999967,0.19999999999999996
ViSmish_07662,1,1,0.9996138,True,1.0,paraphrased,Cờ bạc / Betting,1.0,0.996144748,0.003855252000000031,0.19999999999999996
ViSmish_07663,1,1,0.9995491,True,1.0,paraphrased,Crypto / Đầu tư giả,1.0,0.995840812,0.004159188000000036,0.19999999999999996
ViSmish_07665,0,0,0.99946994,True,1.0,synthetic,Thương mại điện tử,1.0,0.004502302399999999,0.9954976976,0.19999999999999996
ViSmish_07666,0,0,0.999496,True,1.0,synthetic,Vận chuyển,1.0,0.004392626599999999,0.9956073734,0.19999999999999996
ViSmish_07667,1,1,0.9996301,True,1.0,paraphrased,BHXH / Trợ cấp giả,1.0,0.99622552,0.0037744800000000245,0.19999999999999996
ViSmish_07668,1,1,0.9992791,True,1.0,synthetic_hard_positive,Khác,1.0,0.99476874,0.00523125999999996,0.19999999999999996
ViSmish_07669,0,0,0.9992741,True,1.0,external_curated,P2P hard negative,1.0,0.005249240999999999,0.994750759,0.19999999999999996
ViSmish_07672,0,0,0.99917656,True,1.0,real,Khác,1.0,0.0055810719999999986,0.994418928,0.19999999999999996
ViSmish_07673,1,1,0.99962914,True,1.0,paraphrased,Tuyển dụng giả,1.0,0.99622053,0.003779470000000007,0.19999999999999996
ViSmish_07674,0,0,0.9994716,True,1.0,real,Viễn thông,1.0,0.0044950858,0.9955049142,0.19999999999999996
ViSmish_07675,0,0,0.99938,True,1.0,external_curated,P2P hard negative,1.0,0.004860565399999999,0.9951394346,0.19999999999999996
ViSmish_07676,1,1,0.9996026,True,1.0,paraphrased,Nội dung nhạy cảm,1.0,0.99609042,0.003909579999999968,0.19999999999999996
ViSmish_07678,1,1,0.99959093,True,1.0,paraphrased,Cờ bạc / Betting,1.0,0.99603424,0.00396576000000004,0.19999999999999996
ViSmish_07680,0,0,0.9993856,True,1.0,synthetic,Ngân hàng thật,1.0,0.004838803799999999,0.9951611962,0.19999999999999996
ViSmish_07681,1,1,0.9995639,True,1.0,paraphrased,Crypto / Đầu tư giả,1.0,0.995907772,0.0040922279999999756,0.19999999999999996
ViSmish_07682,0,0,0.99942505,True,1.0,external_real,P2P hội thoại thông thường,1.0,0.0046848863999999985,0.9953151136,0.19999999999999996
ViSmish_07685,0,0,0.99939907,True,1.0,external_curated,P2P hard negative,1.0,0.0047867423999999985,0.9952132576,0.19999999999999996
ViSmish_07686,1,1,0.9996132,True,1.0,paraphrased,BHXH / Trợ cấp giả,1.0,0.996141386,0.0038586139999999824,0.19999999999999996
ViSmish_07687,0,0,0.99945694,True,1.0,synthetic,Thương mại điện tử,1.0,0.004555828799999999,0.9954441712,0.19999999999999996
ViSmish_07689,0,0,0.9994191,True,1.0,synthetic,Ngân hàng thật,1.0,0.0047085615999999985,0.9952914384,0.19999999999999996
ViSmish_07691,1,1,0.9995146,True,1.0,synthetic_hard_positive,Khác,1.0,0.9956877399999999,0.004312260000000068,0.19999999999999996
ViSmish_07696,0,0,0.9994742,True,1.0,synthetic,Dịch vụ y tế,1.0,0.0044842699999999985,0.99551573,0.19999999999999996
ViSmish_07698,0,0,0.99947923,True,1.0,synthetic,Vận chuyển,1.0,0.004463665199999999,0.9955363348,0.19999999999999996
ViSmish_07699,0,0,0.9992975,True,1.0,real,Khác,1.0,0.005165827199999999,0.9948341728,0.19999999999999996
ViSmish_07701,0,0,0.99912435,True,1.0,external_curated,P2P hard negative,1.0,0.005750609199999999,0.9942493908,0.19999999999999996
ViSmish_07702,1,1,0.9996209,True,1.0,paraphrased,Dịch vụ công giả,1.0,0.9961798900000001,0.003820109999999932,0.19999999999999996
ViSmish_07704,0,0,0.9994783,True,1.0,real,Viễn thông,1.0,0.0044674903999999994,0.9955325096,0.19999999999999996
ViSmish_07705,1,1,0.9996008,True,1.0,paraphrased,Cờ bạc / Betting,1.0,0.996081388,0.003918611999999988,0.19999999999999996
ViSmish_07708,1,1,0.99956876,True,1.0,synthetic_hard_positive,Giả mạo ngân hàng,1.0,0.9959303740000001,0.004069625999999937,0.19999999999999996
ViSmish_07709,1,1,0.99962986,True,1.0,paraphrased,Cờ bạc / Betting,1.0,0.996223926,0.003776074000000018,0.19999999999999996
ViSmish_07710,0,0,0.9991352,True,1.0,synthetic,Ngân hàng thật,1.0,0.005716144199999999,0.9942838558,0.19999999999999996
ViSmish_07711,1,1,0.9995977,True,1.0,paraphrased,Cờ bạc / Betting,1.0,0.9960665799999999,0.003933420000000076,0.19999999999999996
ViSmish_07712,1,1,0.9996137,True,1.0,paraphrased,BHXH / Trợ cấp giả,1.0,0.996144,0.0038559999999999706,0.19999999999999996
ViSmish_07713,1,1,0.99952435,True,1.0,paraphrased,Crypto / Đầu tư giả,1.0,0.99572997,0.004270030000000036,0.19999999999999996
ViSmish_07714,1,1,0.99962175,True,1.0,paraphrased,Crypto / Đầu tư giả,1.0,0.99618374,0.0038162600000000158,0.19999999999999996
ViSmish_07715,0,0,0.99947554,True,1.0,external_curated,P2P hard negative,1.0,0.004479020799999999,0.9955209792,0.19999999999999996
ViSmish_07716,1,1,0.9996112,True,1.0,paraphrased,Giả mạo ngân hàng,1.0,0.99613178,0.003868219999999978,0.19999999999999996
ViSmish_07719,0,0,0.9994093,True,1.0,external_real,P2P hội thoại thông thường,1.0,0.004747002599999999,0.9952529974,0.19999999999999996
ViSmish_07720,0,0,0.99947006,True,1.0,synthetic,Tin nhắn cá nhân và OTP,1.0,0.004501768599999999,0.9954982314,0.19999999999999996
ViSmish_07721,0,0,0.9994437,True,1.0,synthetic,Thương mại điện tử,1.0,0.004609682799999999,0.9953903172,0.19999999999999996
ViSmish_07722,0,0,0.999476,True,1.0,external_curated,P2P hard negative,1.0,0.004477162599999999,0.9955228374,0.19999999999999996
ViSmish_07723,1,1,0.99959594,True,1.0,paraphrased,Tuyển dụng giả,1.0,0.996058274,0.003941725999999979,0.19999999999999996
ViSmish_07724,1,1,0.99957985,True,1.0,paraphrased,Đòi nợ / Đe dọa,1.0,0.99598198,0.0040180199999999555,0.19999999999999996
ViSmish_07726,0,0,0.9994512,True,1.0,synthetic,Viễn thông,1.0,0.004579229999999999,0.99542077,0.19999999999999996
ViSmish_07728,1,1,0.99951744,True,1.0,synthetic_hard_positive,Tuyển dụng giả,1.0,0.99569993,0.004300069999999989,0.19999999999999996
ViSmish_07730,1,1,0.99958533,True,1.0,paraphrased,Nội dung nhạy cảm,1.0,0.996007466,0.003992533999999992,0.19999999999999996
ViSmish_07731,0,0,0.99947435,True,1.0,synthetic,Tin nhắn cá nhân và OTP,1.0,0.0044840537999999985,0.9955159462000001,0.19999999999999996
ViSmish_07733,0,0,0.9992687,True,1.0,synthetic,Quảng cáo hợp lệ,1.0,0.005267848399999999,0.9947321516,0.19999999999999996
ViSmish_07734,1,1,0.99957746,True,1.0,paraphrased,Cờ bạc / Betting,1.0,0.99597058,0.00402941999999995,0.19999999999999996
ViSmish_07735,0,0,0.9994172,True,1.0,synthetic,Thương mại điện tử,1.0,0.004715909399999999,0.9952840906,0.19999999999999996
ViSmish_07736,0,0,0.9993895,True,1.0,real,Viễn thông,1.0,0.004823885199999999,0.9951761148,0.19999999999999996
ViSmish_07737,0,0,0.9994373,True,1.0,synthetic,Dịch vụ công thật,1.0,0.004635533599999998,0.9953644664,0.19999999999999996
ViSmish_07739,0,0,0.9993224,True,1.0,real,Quảng cáo hợp lệ,1.0,0.005075821199999999,0.9949241788,0.19999999999999996
ViSmish_07740,1,1,0.9996278,True,1.0,paraphrased,Tuyển dụng giả,1.0,0.9962141520000001,0.003785847999999925,0.19999999999999996
ViSmish_07741,0,0,0.9993205,True,1.0,synthetic,Dịch vụ công thật,1.0,0.005082564799999999,0.9949174352,0.19999999999999996
ViSmish_07743,0,0,0.99945456,True,1.0,real,Khác,1.0,0.004565587599999999,0.9954344124,0.19999999999999996
ViSmish_07745,1,1,0.9996045,True,1.0,paraphrased,Đòi nợ / Đe dọa,1.0,0.9960992200000001,0.003900779999999937,0.19999999999999996
ViSmish_07750,1,1,0.9995023,True,1.0,synthetic_hard_positive,Khác,1.0,0.99563432,0.004365680000000038,0.19999999999999996
ViSmish_07751,0,0,0.9994609,True,1.0,real,Khác,1.0,0.0045398209999999994,0.995460179,0.19999999999999996
ViSmish_07754,1,1,0.99962497,True,1.0,paraphrased,BHXH / Trợ cấp giả,1.0,0.996199846,0.003800154,0.19999999999999996
ViSmish_07755,0,0,0.9994838,True,1.0,synthetic,Vận chuyển,1.0,0.004443788599999999,0.9955562114,0.19999999999999996
ViSmish_07756,0,0,0.9994942,True,1.0,synthetic,Thương mại điện tử,1.0,0.004400259599999999,0.9955997404,0.19999999999999996
ViSmish_07757,1,1,0.9996151,True,1.0,paraphrased,Đòi nợ / Đe dọa,1.0,0.99615112,0.0038488800000000545,0.19999999999999996
ViSmish_07758,0,0,0.99940336,True,1.0,external_curated,P2P hard negative,1.0,0.004770253599999999,0.9952297464,0.19999999999999996
ViSmish_07759,0,0,0.99947065,True,1.0,synthetic,Quảng cáo hợp lệ,1.0,0.004499417999999999,0.995500582,0.19999999999999996
ViSmish_07761,0,0,0.9994836,True,1.0,real,Tin nhắn cá nhân và OTP,1.0,0.004444720199999998,0.9955552798,0.19999999999999996
ViSmish_07762,0,0,0.9994628,True,1.0,real,Viễn thông,1.0,0.004531969599999999,0.9954680304,0.19999999999999996
ViSmish_07763,1,1,0.99957055,True,1.0,paraphrased,Cờ bạc / Betting,1.0,0.99593864,0.004061360000000014,0.19999999999999996
ViSmish_07764,1,1,0.99928755,True,1.0,synthetic_hard_positive,Khác,1.0,0.9947986,0.005201400000000023,0.19999999999999996
ViSmish_07765,0,0,0.9994611,True,1.0,synthetic,Ngân hàng thật,1.0,0.004538835199999999,0.9954611648,0.19999999999999996
ViSmish_07766,1,1,0.99961203,True,1.0,paraphrased,Giả mạo ngân hàng,1.0,0.99613595,0.0038640500000000078,0.19999999999999996
ViSmish_07767,0,0,0.999456,True,1.0,real,Khác,1.0,0.004559634199999999,0.9954403658,0.19999999999999996
ViSmish_07768,0,0,0.999481,True,1.0,synthetic,Dịch vụ y tế,1.0,0.0044557875999999995,0.9955442124,0.19999999999999996
ViSmish_07769,1,1,0.9996253,True,1.0,paraphrased,BHXH / Trợ cấp giả,1.0,0.99620155,0.0037984500000000088,0.19999999999999996
ViSmish_07771,1,1,0.9995478,True,1.0,synthetic_hard_positive,Tuyển dụng giả,1.0,0.995834792,0.004165207999999976,0.19999999999999996
ViSmish_07773,1,1,0.9995989,True,1.0,synthetic_hard_positive,Khác,1.0,0.99607252,0.003927479999999983,0.19999999999999996
ViSmish_07775,0,0,0.9994822,True,1.0,synthetic,Thương mại điện tử,1.0,0.004451084599999999,0.9955489154,0.19999999999999996
ViSmish_07776,1,1,0.99960834,True,1.0,paraphrased,BHXH / Trợ cấp giả,1.0,0.99611772,0.0038822800000000157,0.19999999999999996
ViSmish_07777,1,1,0.9995223,True,1.0,paraphrased,Giả mạo ngân hàng,1.0,0.995721388,0.004278612000000015,0.19999999999999996
ViSmish_07778,0,0,0.99937314,True,1.0,real,Viễn thông,1.0,0.004886943199999999,0.9951130568,0.19999999999999996
ViSmish_07780,0,0,0.9994716,True,1.0,synthetic,Tin nhắn cá nhân và OTP,1.0,0.004495130399999998,0.9955048696,0.19999999999999996
ViSmish_07783,0,0,0.9993932,True,1.0,external_real,P2P hội thoại thông thường,1.0,0.004809295399999999,0.9951907046,0.19999999999999996
ViSmish_07784,0,0,0.9994599,True,1.0,synthetic,Vận chuyển,1.0,0.0045435443999999985,0.9954564556,0.19999999999999996
ViSmish_07785,1,1,0.99959797,True,1.0,paraphrased,Nội dung nhạy cảm,1.0,0.9960678700000001,0.003932129999999923,0.19999999999999996
ViSmish_07786,1,1,0.9995509,True,1.0,paraphrased,Cờ bạc / Betting,1.0,0.99584886,0.004151140000000053,0.19999999999999996
ViSmish_07788,1,1,0.9996184,True,1.0,paraphrased,Đòi nợ / Đe dọa,1.0,0.99616728,0.0038327200000000117,0.19999999999999996
ViSmish_07789,0,0,0.9993381,True,1.0,synthetic,Dịch vụ công thật,1.0,0.0050180669999999985,0.994981933,0.19999999999999996
ViSmish_07791,0,0,0.99946743,True,1.0,real,Khác,1.0,0.0045124174,0.9954875826,0.19999999999999996
ViSmish_07792,1,1,0.9995561,True,1.0,paraphrased,Dịch vụ công giả,1.0,0.99587222,0.004127780000000025,0.19999999999999996
ViSmish_07794,0,0,0.9994042,True,1.0,synthetic,Tin nhắn cá nhân và OTP,1.0,0.004766686199999998,0.9952333138,0.19999999999999996
ViSmish_07795,0,0,0.9994593,True,1.0,real,Khác,1.0,0.004545946399999999,0.9954540536,0.19999999999999996
ViSmish_07796,0,0,0.9994814,True,1.0,synthetic,Thương mại điện tử,1.0,0.004454661199999999,0.9955453388,0.19999999999999996
ViSmish_07797,0,0,0.9994967,True,1.0,synthetic,Ngân hàng thật,1.0,0.004389316999999999,0.995610683,0.19999999999999996
ViSmish_07800,0,0,0.99941444,True,1.0,real,Ngân hàng thật,1.0,0.004726563799999999,0.9952734362,0.19999999999999996
ViSmish_07802,0,0,0.9993469,True,1.0,external_curated,P2P hard negative,1.0,0.0049851003999999985,0.9950148996,0.19999999999999996
ViSmish_07803,1,1,0.9995333,True,1.0,synthetic_hard_positive,Khác,1.0,0.99576954,0.004230460000000047,0.19999999999999996
ViSmish_07804,1,1,0.9995864,True,1.0,real,BHXH / Trợ cấp giả,1.0,0.99601278,0.003987219999999958,0.19999999999999996
ViSmish_07805,1,1,0.998408,True,1.0,real,Khác,1.0,0.9923204,0.007679600000000009,0.19999999999999996
ViSmish_07806,0,0,0.9994636,True,1.0,synthetic,Thương mại điện tử,1.0,0.004528158999999999,0.995471841,0.19999999999999996
ViSmish_07807,1,1,0.9996346,True,1.0,paraphrased,BHXH / Trợ cấp giả,1.0,0.99624796,0.0037520399999999565,0.19999999999999996
ViSmish_07808,0,0,0.99942905,True,1.0,external_curated,P2P hard negative,1.0,0.0046687837999999995,0.9953312162,0.19999999999999996
ViSmish_07809,0,0,0.99948066,True,1.0,synthetic,Thương mại điện tử,1.0,0.004457274799999999,0.9955427252,0.19999999999999996
ViSmish_07810,1,1,0.99956983,True,1.0,paraphrased,Nội dung nhạy cảm,1.0,0.995935308,0.004064692000000036,0.19999999999999996
ViSmish_07811,1,1,0.9996006,True,1.0,paraphrased,Nội dung nhạy cảm,1.0,0.99608034,0.0039196599999999915,0.19999999999999996
ViSmish_07812,1,1,0.9995782,True,1.0,paraphrased,Đòi nợ / Đe dọa,1.0,0.99597422,0.004025779999999979,0.19999999999999996
ViSmish_07814,0,0,0.9994425,True,1.0,synthetic,Tin nhắn cá nhân và OTP,1.0,0.004614482,0.995385518,0.19999999999999996
ViSmish_07815,0,0,0.99945754,True,1.0,external_curated,P2P hard negative,1.0,0.004553313999999999,0.995446686,0.19999999999999996
ViSmish_07817,1,1,0.999616,True,1.0,paraphrased,Cờ bạc / Betting,1.0,0.9961555719999999,0.0038444280000000663,0.19999999999999996
ViSmish_07818,0,0,0.9994079,True,1.0,external_real,P2P hội thoại thông thường,1.0,0.004752555199999999,0.9952474448,0.19999999999999996
ViSmish_07819,0,0,0.9994784,True,1.0,synthetic,Vận chuyển,1.0,0.004466743399999999,0.9955332566,0.19999999999999996
ViSmish_07820,1,1,0.99954647,True,1.0,paraphrased,Crypto / Đầu tư giả,1.0,0.9958285339999999,0.004171466000000068,0.19999999999999996
ViSmish_07824,1,1,0.9994585,True,1.0,real,Cờ bạc / Betting,1.0,0.995450472,0.004549527999999969,0.19999999999999996
ViSmish_07825,0,0,0.9994111,True,1.0,external_real,P2P hội thoại thông thường,1.0,0.004739958399999999,0.9952600416,0.19999999999999996
ViSmish_07827,0,0,0.99947196,True,1.0,synthetic,Thương mại điện tử,1.0,0.004493757799999999,0.9955062422,0.19999999999999996
ViSmish_07828,1,1,0.999624,True,1.0,paraphrased,BHXH / Trợ cấp giả,1.0,0.99619515,0.0038048499999999708,0.19999999999999996
ViSmish_07829,0,0,0.99944764,True,1.0,external_real,P2P hội thoại thông thường,1.0,0.004593747999999999,0.995406252,0.19999999999999996
ViSmish_07831,1,1,0.99941075,True,1.0,real,Tuyển dụng giả,1.0,0.9952585700000001,0.004741429999999935,0.19999999999999996
ViSmish_07833,0,0,0.99948716,True,1.0,synthetic,Ngân hàng thật,1.0,0.004430042599999999,0.9955699574,0.19999999999999996
ViSmish_07834,1,1,0.99958295,True,1.0,paraphrased,Crypto / Đầu tư giả,1.0,0.99599657,0.00400343000000003,0.19999999999999996
ViSmish_07836,1,1,0.9996145,True,1.0,paraphrased,Tuyển dụng giả,1.0,0.9961480739999999,0.003851926000000061,0.19999999999999996
ViSmish_07837,0,0,0.9993717,True,1.0,real,Viễn thông,1.0,0.004892223999999999,0.995107776,0.19999999999999996
ViSmish_07839,0,0,0.99945575,True,1.0,real,Khác,1.0,0.004560771199999999,0.9954392288,0.19999999999999996
ViSmish_07840,1,1,0.99957114,True,1.0,paraphrased,Đòi nợ / Đe dọa,1.0,0.9959411739999999,0.004058826000000071,0.19999999999999996
ViSmish_07841,1,1,0.9996196,True,1.0,paraphrased,Dịch vụ công giả,1.0,0.99617342,0.003826580000000024,0.19999999999999996
ViSmish_07842,0,0,0.99928313,True,1.0,external_real,P2P hội thoại thông thường,1.0,0.0052170991999999985,0.9947829008,0.19999999999999996
ViSmish_07843,0,0,0.999481,True,1.0,synthetic,Viễn thông,1.0,0.004455934399999999,0.9955440656,0.19999999999999996
ViSmish_07844,0,0,0.9993316,True,1.0,real,Viễn thông,1.0,0.005042172599999999,0.9949578274,0.19999999999999996
ViSmish_07845,0,0,0.9993667,True,1.0,real,Viễn thông,1.0,0.004911181399999999,0.9950888186,0.19999999999999996
ViSmish_07846,1,1,0.99961793,True,1.0,paraphrased,Đòi nợ / Đe dọa,1.0,0.996165228,0.003834772000000042,0.19999999999999996
ViSmish_07849,1,1,0.9996208,True,1.0,paraphrased,Nội dung nhạy cảm,1.0,0.9961789999999999,0.0038210000000000743,0.19999999999999996
ViSmish_07850,1,1,0.9994618,True,1.0,paraphrased,Cờ bạc / Betting,1.0,0.995464314,0.004535685999999983,0.19999999999999996
ViSmish_07851,0,0,0.99941456,True,1.0,real,Viễn thông,1.0,0.0047262675999999995,0.9952737324,0.19999999999999996
ViSmish_07855,1,1,0.99960905,True,1.0,paraphrased,Đòi nợ / Đe dọa,1.0,0.99612148,0.0038785199999999964,0.19999999999999996
ViSmish_07856,1,1,0.9996201,True,1.0,paraphrased,BHXH / Trợ cấp giả,1.0,0.996175468,0.0038245319999999916,0.19999999999999996
ViSmish_07857,1,1,0.9996087,True,1.0,paraphrased,BHXH / Trợ cấp giả,1.0,0.99611956,0.003880439999999985,0.19999999999999996
ViSmish_07858,0,0,0.9993493,True,1.0,real,Viễn thông,1.0,0.004976359999999999,0.99502364,0.19999999999999996
ViSmish_07859,1,1,0.99960834,True,1.0,paraphrased,Giả mạo ngân hàng,1.0,0.99611777,0.0038822299999999865,0.19999999999999996
ViSmish_07860,0,0,0.99946576,True,1.0,synthetic,Ngân hàng thật,1.0,0.0045197191999999985,0.9954802808,0.19999999999999996
ViSmish_07861,1,1,0.9996259,True,1.0,paraphrased,BHXH / Trợ cấp giả,1.0,0.99620468,0.0037953200000000464,0.19999999999999996
ViSmish_07863,1,1,0.9996141,True,1.0,paraphrased,Tuyển dụng giả,1.0,0.99614636,0.0038536399999999915,0.19999999999999996
ViSmish_07864,0,0,0.99944097,True,1.0,synthetic,Quảng cáo hợp lệ,1.0,0.004620877599999999,0.9953791224,0.19999999999999996
ViSmish_07867,1,1,0.9996282,True,1.0,paraphrased,Dịch vụ công giả,1.0,0.99621582,0.003784180000000026,0.19999999999999996
ViSmish_07868,1,1,0.9992768,True,1.0,synthetic_hard_positive,Khác,1.0,0.99476074,0.005239259999999968,0.19999999999999996
ViSmish_07869,0,0,0.999418,True,1.0,external_curated,P2P hard negative,1.0,0.004712604399999999,0.9952873956,0.19999999999999996
ViSmish_07870,1,1,0.9995783,True,1.0,paraphrased,Crypto / Đầu tư giả,1.0,0.9959749099999999,0.0040250900000000644,0.19999999999999996
ViSmish_07872,1,1,0.9996207,True,1.0,paraphrased,Tuyển dụng giả,1.0,0.99617838,0.00382161999999997,0.19999999999999996
ViSmish_07875,0,0,0.99928963,True,1.0,real,Viễn thông,1.0,0.005193935999999999,0.994806064,0.19999999999999996
ViSmish_07876,1,1,0.9995927,True,1.0,paraphrased,Giả mạo ngân hàng,1.0,0.99604302,0.003956979999999999,0.19999999999999996
ViSmish_07877,1,1,0.99954164,True,1.0,paraphrased,Cờ bạc / Betting,1.0,0.9958066999999999,0.004193300000000066,0.19999999999999996
ViSmish_07879,1,1,0.9996107,True,1.0,paraphrased,Tuyển dụng giả,1.0,0.99612972,0.0038702800000000037,0.19999999999999996
ViSmish_07880,0,0,0.9994783,True,1.0,real,Quảng cáo hợp lệ,1.0,0.0044674269999999995,0.995532573,0.19999999999999996
ViSmish_07884,1,1,0.9978573,True,1.0,real,Dịch vụ công giả,1.0,0.99114266,0.008857340000000047,0.19999999999999996
ViSmish_07885,1,1,0.9996012,True,1.0,paraphrased,Dịch vụ công giả,1.0,0.996083068,0.003916931999999984,0.19999999999999996
ViSmish_07886,1,1,0.9993781,True,1.0,paraphrased,BHXH / Trợ cấp giả,1.0,0.99513235,0.004867650000000001,0.19999999999999996
ViSmish_07887,1,1,0.9996182,True,1.0,paraphrased,Giả mạo ngân hàng,1.0,0.99616602,0.0038339800000000146,0.19999999999999996
ViSmish_07888,0,0,0.99944216,True,1.0,real,Viễn thông,1.0,0.004615742799999999,0.9953842572,0.19999999999999996
ViSmish_07890,0,0,0.9994568,True,1.0,synthetic,Dịch vụ y tế,1.0,0.004556382799999999,0.9954436172,0.19999999999999996
ViSmish_07893,0,0,0.99941134,True,1.0,real,Viễn thông,1.0,0.004738947399999999,0.9952610526,0.19999999999999996
ViSmish_07894,0,0,0.9994436,True,1.0,synthetic,Dịch vụ y tế,1.0,0.004609975999999998,0.995390024,0.19999999999999996
ViSmish_07895,0,0,0.99910897,True,1.0,synthetic,Quảng cáo hợp lệ,1.0,0.005799405599999999,0.9942005944,0.19999999999999996
ViSmish_07896,1,1,0.99963355,True,1.0,paraphrased,Cờ bạc / Betting,1.0,0.99624288,0.003757119999999947,0.19999999999999996
ViSmish_07898,0,0,0.999373,True,1.0,external_curated,P2P hard negative,1.0,0.004887325399999999,0.9951126746,0.19999999999999996
ViSmish_07900,1,1,0.99948406,True,1.0,paraphrased,Nội dung nhạy cảm,1.0,0.99555713,0.004442869999999988,0.19999999999999996
ViSmish_07901,0,0,0.999428,True,1.0,external_curated,P2P hard negative,1.0,0.004673001599999999,0.9953269984,0.19999999999999996
ViSmish_07902,1,1,0.9996214,True,1.0,paraphrased,Cờ bạc / Betting,1.0,0.99618237,0.0038176300000000163,0.19999999999999996
ViSmish_07905,1,1,0.99961853,True,1.0,paraphrased,Dịch vụ công giả,1.0,0.9961681,0.003831899999999999,0.19999999999999996
ViSmish_07909,0,0,0.9994461,True,1.0,external_curated,P2P hard negative,1.0,0.004600036799999999,0.9953999632,0.19999999999999996
ViSmish_07911,1,1,0.9995579,True,1.0,paraphrased,Crypto / Đầu tư giả,1.0,0.99588066,0.004119340000000027,0.19999999999999996
ViSmish_07912,0,0,0.9994486,True,1.0,external_curated,P2P hard negative,1.0,0.004589917199999999,0.9954100828,0.19999999999999996
ViSmish_07913,0,0,0.99927217,True,1.0,external_curated,P2P hard negative,1.0,0.005255929999999999,0.99474407,0.19999999999999996
ViSmish_07914,1,1,0.99961346,True,1.0,paraphrased,Tuyển dụng giả,1.0,0.996142828,0.00385717200000002,0.19999999999999996
ViSmish_07915,1,1,0.99953604,True,1.0,paraphrased,Giả mạo ngân hàng,1.0,0.99578194,0.0042180600000000235,0.19999999999999996
ViSmish_07916,1,1,0.999607,True,1.0,paraphrased,BHXH / Trợ cấp giả,1.0,0.99611132,0.0038886799999999777,0.19999999999999996
ViSmish_07917,0,0,0.9994671,True,1.0,synthetic,Dịch vụ y tế,1.0,0.0045140977999999984,0.9954859022,0.19999999999999996
ViSmish_07918,0,0,0.9994773,True,1.0,synthetic,Thương mại điện tử,1.0,0.004471339199999999,0.9955286608,0.19999999999999996
ViSmish_07919,1,1,0.9994049,True,1.0,real,Giả mạo ngân hàng,1.0,0.99523578,0.004764219999999986,0.19999999999999996
ViSmish_07920,0,0,0.99942267,True,1.0,real,Dịch vụ công thật,1.0,0.004694178399999999,0.9953058216,0.19999999999999996
ViSmish_07922,1,1,0.9995851,True,1.0,paraphrased,Crypto / Đầu tư giả,1.0,0.996006572,0.003993428000000021,0.19999999999999996
ViSmish_07923,1,1,0.99948525,True,1.0,synthetic_hard_positive,Khác,1.0,0.9955622399999999,0.004437760000000068,0.19999999999999996
ViSmish_07924,0,0,0.99941456,True,1.0,external_real,P2P hội thoại thông thường,1.0,0.004726425599999999,0.9952735744,0.19999999999999996
ViSmish_07925,0,0,0.99948275,True,1.0,synthetic,Ngân hàng thật,1.0,0.004448255199999999,0.9955517448,0.19999999999999996
ViSmish_07926,1,1,0.99961096,True,1.0,paraphrased,Cờ bạc / Betting,1.0,0.99613058,0.0038694200000000123,0.19999999999999996
ViSmish_07927,0,0,0.9994305,True,1.0,synthetic,Quảng cáo hợp lệ,1.0,0.004662943999999999,0.995337056,0.19999999999999996
ViSmish_07928,0,0,0.999215,True,1.0,synthetic,Viễn thông,1.0,0.005452723799999999,0.9945472762,0.19999999999999996
ViSmish_07929,1,1,0.99954766,True,1.0,paraphrased,Nội dung nhạy cảm,1.0,0.99583391,0.004166090000000011,0.19999999999999996
ViSmish_07930,0,0,0.9994685,True,1.0,synthetic,Tin nhắn cá nhân và OTP,1.0,0.004508158199999999,0.9954918418,0.19999999999999996
ViSmish_07932,1,1,0.9994783,True,1.0,synthetic_hard_positive,Khác,1.0,0.9955327279999999,0.004467272000000078,0.19999999999999996
ViSmish_07933,0,0,0.9994429,True,1.0,real,Viễn thông,1.0,0.004613266799999999,0.9953867332,0.19999999999999996
ViSmish_07934,1,1,0.9996213,True,1.0,paraphrased,Dịch vụ công giả,1.0,0.9961815199999999,0.0038184800000000685,0.19999999999999996
ViSmish_07937,0,0,0.99945825,True,1.0,real,Viễn thông,1.0,0.0045502595999999985,0.9954497404,0.19999999999999996
ViSmish_07940,1,1,0.9995988,True,1.0,paraphrased,Dịch vụ công giả,1.0,0.99607172,0.003928280000000006,0.19999999999999996
ViSmish_07942,1,1,0.99959046,True,1.0,paraphrased,Giả mạo ngân hàng,1.0,0.99603204,0.003967959999999993,0.19999999999999996
ViSmish_07945,0,0,0.99946946,True,1.0,synthetic,Viễn thông,1.0,0.004504268199999999,0.9954957318,0.19999999999999996
ViSmish_07946,1,1,0.99960285,True,1.0,paraphrased,Cờ bạc / Betting,1.0,0.9960911,0.003908899999999993,0.19999999999999996
ViSmish_07947,0,0,0.999134,True,1.0,external_curated,P2P hard negative,1.0,0.005719834199999998,0.9942801658,0.19999999999999996
ViSmish_07948,1,1,0.99895763,True,1.0,paraphrased,Cờ bạc / Betting,1.0,0.99374178,0.006258219999999981,0.19999999999999996
ViSmish_07950,0,0,0.99903274,True,1.0,synthetic,Quảng cáo hợp lệ,1.0,0.006035496599999999,0.9939645034,0.19999999999999996
ViSmish_07951,0,0,0.99942005,True,1.0,synthetic,Tin nhắn cá nhân và OTP,1.0,0.004704616199999999,0.9952953838,0.19999999999999996
ViSmish_07952,1,1,0.9995449,True,1.0,synthetic_hard_positive,BHXH / Trợ cấp giả,1.0,0.995821928,0.004178071999999977,0.19999999999999996
ViSmish_07953,0,0,0.9994493,True,1.0,external_curated,P2P hard negative,1.0,0.004586997999999998,0.995413002,0.19999999999999996
ViSmish_07954,1,1,0.99962044,True,1.0,paraphrased,Cờ bạc / Betting,1.0,0.99617734,0.0038226599999999777,0.19999999999999996
ViSmish_07955,0,0,0.9994808,True,1.0,synthetic,Thương mại điện tử,1.0,0.0044571913999999985,0.9955428086,0.19999999999999996
ViSmish_07956,0,0,0.99925226,True,1.0,synthetic,Ngân hàng thật,1.0,0.005325391199999999,0.9946746088,0.19999999999999996
ViSmish_07957,0,0,0.99945325,True,1.0,synthetic,Dịch vụ y tế,1.0,0.004571071999999999,0.995428928,0.19999999999999996
ViSmish_07958,0,0,0.99947137,True,1.0,real,Khác,1.0,0.004496215599999999,0.9955037844,0.19999999999999996
ViSmish_07959,1,1,0.99960905,True,1.0,real,Tuyển dụng giả,1.0,0.99612162,0.003878379999999959,0.19999999999999996
ViSmish_07960,1,1,0.99814475,True,1.0,real,Đòi nợ / Đe dọa,1.0,0.99173382,0.008266180000000012,0.19999999999999996
ViSmish_07961,0,0,0.999276,True,1.0,synthetic,Dịch vụ công thật,1.0,0.005242440799999999,0.9947575592,0.19999999999999996
ViSmish_07962,0,0,0.99949443,True,1.0,synthetic,Thương mại điện tử,1.0,0.004399194599999999,0.9956008054,0.19999999999999996
ViSmish_07963,1,1,0.99962175,True,1.0,paraphrased,Giả mạo ngân hàng,1.0,0.996183932,0.003816068000000006,0.19999999999999996
ViSmish_07964,1,1,0.9994986,True,1.0,synthetic_hard_positive,Dịch vụ công giả,1.0,0.9956187599999999,0.004381240000000064,0.19999999999999996
ViSmish_07967,1,1,0.9996226,True,1.0,paraphrased,Cờ bạc / Betting,1.0,0.9961880599999999,0.003811940000000069,0.19999999999999996
ViSmish_07968,1,1,0.99961627,True,1.0,paraphrased,Dịch vụ công giả,1.0,0.996156908,0.0038430919999999924,0.19999999999999996
ViSmish_07971,0,0,0.99945813,True,1.0,synthetic,Tin nhắn cá nhân và OTP,1.0,0.004551085399999999,0.9954489146,0.19999999999999996
ViSmish_07974,0,0,0.99939275,True,1.0,external_real,P2P hội thoại thông thường,1.0,0.004811145999999999,0.995188854,0.19999999999999996
ViSmish_07975,0,0,0.999481,True,1.0,synthetic,Dịch vụ y tế,1.0,0.004456027999999999,0.995543972,0.19999999999999996
ViSmish_07976,1,1,0.99962604,True,1.0,paraphrased,Tuyển dụng giả,1.0,0.996205008,0.003794991999999997,0.19999999999999996
ViSmish_07977,1,1,0.99962485,True,1.0,paraphrased,Giả mạo ngân hàng,1.0,0.99619914,0.003800860000000017,0.19999999999999996
ViSmish_07978,0,0,0.999468,True,1.0,synthetic,Ngân hàng thật,1.0,0.004510212999999999,0.995489787,0.19999999999999996
ViSmish_07979,0,0,0.9994867,True,1.0,synthetic,Ngân hàng thật,1.0,0.004432008799999999,0.9955679912,0.19999999999999996
ViSmish_07980,1,1,0.99954885,True,1.0,synthetic_hard_positive,Tuyển dụng giả,1.0,0.9958393400000001,0.004160659999999927,0.19999999999999996
ViSmish_07984,1,1,0.999608,True,1.0,paraphrased,Nội dung nhạy cảm,1.0,0.99611598,0.003884019999999988,0.19999999999999996
ViSmish_07985,1,1,0.9996159,True,1.0,paraphrased,Đòi nợ / Đe dọa,1.0,0.99615519,0.003844810000000032,0.19999999999999996
ViSmish_07987,1,1,0.9996259,True,1.0,paraphrased,BHXH / Trợ cấp giả,1.0,0.996204352,0.003795647999999985,0.19999999999999996
ViSmish_07989,1,1,0.99951994,True,1.0,paraphrased,Đòi nợ / Đe dọa,1.0,0.99571064,0.00428936000000002,0.19999999999999996
ViSmish_07990,1,1,0.9995957,True,1.0,paraphrased,Cờ bạc / Betting,1.0,0.996057128,0.003942871999999986,0.19999999999999996
ViSmish_07991,1,1,0.9996068,True,1.0,paraphrased,Dịch vụ công giả,1.0,0.99611057,0.0038894299999999715,0.19999999999999996
ViSmish_07992,1,1,0.9996209,True,1.0,paraphrased,Dịch vụ công giả,1.0,0.9961798399999999,0.0038201600000000724,0.19999999999999996
ViSmish_07993,1,1,0.9996074,True,1.0,paraphrased,Nội dung nhạy cảm,1.0,0.9961133799999999,0.003886620000000063,0.19999999999999996
ViSmish_07995,1,1,0.99960583,True,1.0,paraphrased,Crypto / Đầu tư giả,1.0,0.9961055,0.003894500000000023,0.19999999999999996
ViSmish_07998,1,1,0.99961036,True,1.0,paraphrased,Giả mạo ngân hàng,1.0,0.9961279519999999,0.0038720480000000723,0.19999999999999996
ViSmish_07999,1,1,0.9995906,True,1.0,paraphrased,BHXH / Trợ cấp giả,1.0,0.9960327,0.003967300000000007,0.19999999999999996
ViSmish_08002,1,1,0.99959046,True,1.0,paraphrased,Nội dung nhạy cảm,1.0,0.9960321599999999,0.003967840000000056,0.19999999999999996
ViSmish_08004,0,0,0.999471,True,1.0,synthetic,Tin nhắn cá nhân và OTP,1.0,0.004497582399999998,0.9955024176,0.19999999999999996
ViSmish_08005,0,0,0.99944144,True,1.0,external_curated,P2P hard negative,1.0,0.004619037799999999,0.9953809622,0.19999999999999996
ViSmish_08006,1,1,0.99961495,True,1.0,paraphrased,Tuyển dụng giả,1.0,0.9961504999999999,0.003849500000000061,0.19999999999999996
ViSmish_08008,0,0,0.99940336,True,1.0,real,Khác,1.0,0.004770379599999999,0.9952296204,0.19999999999999996
ViSmish_08009,1,1,0.99959856,True,1.0,paraphrased,Tuyển dụng giả,1.0,0.9960706,0.003929399999999972,0.19999999999999996
ViSmish_08010,0,0,0.9994374,True,1.0,real,Khác,1.0,0.004635136199999999,0.9953648638,0.19999999999999996
ViSmish_08012,1,1,0.9996151,True,1.0,paraphrased,Cờ bạc / Betting,1.0,0.9961509,0.0038491000000000497,0.19999999999999996
ViSmish_08015,1,1,0.99961406,True,1.0,paraphrased,Crypto / Đầu tư giả,1.0,0.99614569,0.0038543100000000274,0.19999999999999996
ViSmish_08018,0,0,0.9991824,True,1.0,external_real,P2P hội thoại thông thường,1.0,0.005561859599999999,0.9944381404,0.19999999999999996
ViSmish_08019,1,1,0.9995956,True,1.0,paraphrased,Cờ bạc / Betting,1.0,0.99605648,0.003943519999999978,0.19999999999999996
ViSmish_08021,0,0,0.99943084,True,1.0,external_real,P2P hội thoại thông thường,1.0,0.004661275399999999,0.9953387246,0.19999999999999996
ViSmish_08022,0,0,0.9994591,True,1.0,external_curated,P2P hard negative,1.0,0.004547099399999999,0.9954529006,0.19999999999999996
ViSmish_08023,1,1,0.9996276,True,1.0,paraphrased,Cờ bạc / Betting,1.0,0.99621264,0.0037873600000000174,0.19999999999999996
ViSmish_08024,1,1,0.9994617,True,1.0,synthetic_hard_positive,Đòi nợ / Đe dọa,1.0,0.995463634,0.004536365999999958,0.19999999999999996
ViSmish_08025,1,1,0.9995931,True,1.0,paraphrased,Đòi nợ / Đe dọa,1.0,0.99604476,0.0039552400000000265,0.19999999999999996
ViSmish_08027,1,1,0.9995485,True,1.0,paraphrased,Đòi nợ / Đe dọa,1.0,0.9958376520000001,0.004162347999999927,0.19999999999999996
ViSmish_08028,1,1,0.99957305,True,1.0,paraphrased,Crypto / Đầu tư giả,1.0,0.9959503000000001,0.004049699999999934,0.19999999999999996
ViSmish_08029,0,0,0.71739763,True,0.7,real,Dịch vụ công thật,0.7,0.05398568559999998,0.9460143144000001,0.13999999999999996
ViSmish_08030,1,1,0.999608,True,1.0,paraphrased,Tuyển dụng giả,1.0,0.99611609,0.0038839099999999904,0.19999999999999996
ViSmish_08032,1,1,0.99943787,True,1.0,synthetic_hard_positive,Khác,1.0,0.99536682,0.0046331800000000145,0.19999999999999996
ViSmish_08033,1,1,0.9995357,True,1.0,synthetic_hard_positive,Khác,1.0,0.99578011,0.004219890000000004,0.19999999999999996
ViSmish_08034,1,1,0.9996253,True,1.0,paraphrased,Tuyển dụng giả,1.0,0.99620182,0.0037981799999999843,0.19999999999999996
ViSmish_08036,1,1,0.9995803,True,1.0,paraphrased,Nội dung nhạy cảm,1.0,0.995984412,0.004015588000000014,0.19999999999999996
ViSmish_08037,1,1,0.9996289,True,1.0,paraphrased,BHXH / Trợ cấp giả,1.0,0.9962192400000001,0.0037807599999999386,0.19999999999999996
ViSmish_08038,0,0,0.9994168,True,1.0,external_curated,P2P hard negative,1.0,0.004717527799999999,0.9952824722,0.19999999999999996
ViSmish_08039,1,1,0.9996182,True,1.0,paraphrased,BHXH / Trợ cấp giả,1.0,0.99616604,0.003833960000000025,0.19999999999999996
ViSmish_08040,0,0,0.9992636,True,1.0,external_curated,P2P hard negative,1.0,0.005285765599999999,0.9947142344,0.19999999999999996
ViSmish_08042,1,1,0.9970284,True,1.0,real,Cờ bạc / Betting,1.0,0.98964656,0.010353440000000047,0.19999999999999996
ViSmish_08043,0,0,0.99906117,True,1.0,synthetic,Quảng cáo hợp lệ,1.0,0.005948639199999999,0.9940513608,0.19999999999999996
ViSmish_08046,0,0,0.99938035,True,1.0,real,Viễn thông,1.0,0.004859134599999999,0.9951408654,0.19999999999999996
ViSmish_08047,1,1,0.9996088,True,1.0,paraphrased,Nội dung nhạy cảm,1.0,0.99612006,0.003879940000000026,0.19999999999999996
ViSmish_08051,1,1,0.9995951,True,1.0,paraphrased,Giả mạo ngân hàng,1.0,0.9960542,0.003945799999999999,0.19999999999999996
ViSmish_08052,1,1,0.99950504,True,1.0,synthetic_hard_positive,Dịch vụ công giả,1.0,0.995646166,0.004353834000000001,0.19999999999999996
ViSmish_08054,1,1,0.8009825,True,1.0,real,Giả mạo ngân hàng,1.0,0.93346998,0.06653001999999997,0.19999999999999996
ViSmish_08057,1,1,0.99954104,True,1.0,real,Tuyển dụng giả,1.0,0.995803892,0.004196108000000032,0.19999999999999996
ViSmish_08058,1,1,0.9995653,True,1.0,paraphrased,Nội dung nhạy cảm,1.0,0.9959142400000001,0.004085759999999938,0.19999999999999996
ViSmish_08059,0,0,0.9994286,True,1.0,external_real,P2P hội thoại thông thường,1.0,0.004670698199999999,0.9953293018,0.19999999999999996
ViSmish_08060,0,0,0.99747854,True,1.0,external_real,P2P hội thoại thông thường,1.0,0.009574159999999998,0.99042584,0.19999999999999996
ViSmish_08061,1,1,0.9996069,True,1.0,paraphrased,Tuyển dụng giả,1.0,0.996110774,0.003889225999999968,0.19999999999999996
ViSmish_08063,1,1,0.9995536,True,1.0,paraphrased,Nội dung nhạy cảm,1.0,0.9958612920000001,0.0041387079999999354,0.19999999999999996
ViSmish_08064,0,0,0.99939907,True,1.0,synthetic,Ngân hàng thật,1.0,0.004786965199999999,0.9952130348,0.19999999999999996
ViSmish_08066,0,0,0.9993517,True,1.0,external_real,P2P hội thoại thông thường,1.0,0.004967715199999999,0.9950322848,0.19999999999999996
ViSmish_08069,0,0,0.9993254,True,1.0,real,Quảng cáo hợp lệ,1.0,0.0050650444,0.9949349556,0.19999999999999996
ViSmish_08071,0,0,0.9994524,True,1.0,synthetic,Dịch vụ y tế,1.0,0.004574187399999999,0.9954258126,0.19999999999999996
ViSmish_08072,0,0,0.9994517,True,1.0,synthetic,Quảng cáo hợp lệ,1.0,0.004577367399999999,0.9954226326,0.19999999999999996
ViSmish_08073,0,0,0.9983935,True,1.0,external_curated,P2P hard negative,1.0,0.007713255999999998,0.992286744,0.19999999999999996
ViSmish_08074,1,1,0.9995994,True,1.0,paraphrased,Tuyển dụng giả,1.0,0.9960745799999999,0.003925420000000068,0.19999999999999996
ViSmish_08077,0,0,0.9994281,True,1.0,synthetic,Ngân hàng thật,1.0,0.004672253199999999,0.9953277468,0.19999999999999996
ViSmish_08078,0,0,0.9994677,True,1.0,real,Khác,1.0,0.004511473799999999,0.9954885262,0.19999999999999996
ViSmish_08079,1,1,0.999613,True,1.0,paraphrased,Nội dung nhạy cảm,1.0,0.996140766,0.003859233999999989,0.19999999999999996
ViSmish_08080,0,0,0.99944526,True,1.0,external_curated,P2P hard negative,1.0,0.004603211599999999,0.9953967884,0.19999999999999996
ViSmish_08081,0,0,0.999448,True,1.0,external_curated,P2P hard negative,1.0,0.0045923019999999995,0.995407698,0.19999999999999996
ViSmish_08082,0,0,0.99758565,True,1.0,external_curated,P2P hard negative,1.0,0.009377666599999997,0.9906223334,0.19999999999999996
ViSmish_08083,0,0,0.9994766,True,1.0,synthetic,Viễn thông,1.0,0.0044746679999999985,0.995525332,0.19999999999999996
ViSmish_08084,0,0,0.9988115,True,1.0,real,Khác,1.0,0.006668928999999998,0.993331071,0.19999999999999996
ViSmish_08085,1,1,0.9996244,True,1.0,paraphrased,BHXH / Trợ cấp giả,1.0,0.99619684,0.0038031600000000276,0.19999999999999996
ViSmish_08086,0,0,0.9994754,True,1.0,real,Viễn thông,1.0,0.004479377799999999,0.9955206222,0.19999999999999996
ViSmish_08087,0,0,0.9993432,True,1.0,synthetic,Thương mại điện tử,1.0,0.004999071399999999,0.9950009286,0.19999999999999996
ViSmish_08088,1,1,0.9995863,True,1.0,paraphrased,Tuyển dụng giả,1.0,0.9960123599999999,0.00398764000000007,0.19999999999999996
ViSmish_08092,0,0,0.99897516,True,1.0,external_curated,P2P hard negative,1.0,0.006207003999999999,0.993792996,0.19999999999999996
ViSmish_08093,1,1,0.9996203,True,1.0,paraphrased,Dịch vụ công giả,1.0,0.9961766599999999,0.003823340000000064,0.19999999999999996
ViSmish_08095,0,0,0.99943334,True,1.0,external_real,P2P hội thoại thông thường,1.0,0.004651572599999999,0.9953484274,0.19999999999999996
ViSmish_08096,0,0,0.9994874,True,1.0,synthetic,Thương mại điện tử,1.0,0.004429027999999999,0.995570972,0.19999999999999996
ViSmish_08098,0,0,0.9993594,True,1.0,external_curated,P2P hard negative,1.0,0.004938702999999999,0.995061297,0.19999999999999996
ViSmish_08101,0,0,0.99947983,True,1.0,synthetic,Tin nhắn cá nhân và OTP,1.0,0.0044611267999999996,0.9955388732,0.19999999999999996
ViSmish_08103,0,0,0.9994628,True,1.0,synthetic,Viễn thông,1.0,0.004532041999999999,0.995467958,0.19999999999999996
ViSmish_08104,0,0,0.9992724,True,1.0,external_real,P2P hội thoại thông thường,1.0,0.005255101599999998,0.9947448984,0.19999999999999996
ViSmish_08105,0,0,0.99947864,True,1.0,synthetic,Vận chuyển,1.0,0.004466004199999998,0.9955339958,0.19999999999999996
ViSmish_08106,0,0,0.9994456,True,1.0,synthetic,Ngân hàng thật,1.0,0.004601785999999999,0.995398214,0.19999999999999996
ViSmish_08107,0,0,0.9993425,True,1.0,real,Viễn thông,1.0,0.005001852199999999,0.9949981478,0.19999999999999996
ViSmish_08108,1,1,0.9996132,True,1.0,paraphrased,BHXH / Trợ cấp giả,1.0,0.996141886,0.0038581140000000236,0.19999999999999996
ViSmish_08109,1,1,0.99961036,True,1.0,paraphrased,Crypto / Đầu tư giả,1.0,0.99612786,0.003872140000000024,0.19999999999999996
ViSmish_08111,0,0,0.9994363,True,1.0,external_real,P2P hội thoại thông thường,1.0,0.004639279,0.995360721,0.19999999999999996
ViSmish_08112,1,1,0.99962306,True,1.0,paraphrased,Dịch vụ công giả,1.0,0.99619042,0.003809579999999979,0.19999999999999996
ViSmish_08113,1,1,0.9994862,True,1.0,paraphrased,Nội dung nhạy cảm,1.0,0.99556595,0.004434049999999967,0.19999999999999996
ViSmish_08114,0,0,0.9994873,True,1.0,synthetic,Thương mại điện tử,1.0,0.004429298599999999,0.9955707014,0.19999999999999996
ViSmish_08115,1,1,0.9996159,True,1.0,paraphrased,Tuyển dụng giả,1.0,0.99615537,0.0038446300000000155,0.19999999999999996
ViSmish_08116,1,1,0.99961615,True,1.0,paraphrased,BHXH / Trợ cấp giả,1.0,0.996156288,0.003843711999999999,0.19999999999999996
ViSmish_08117,1,1,0.9996092,True,1.0,paraphrased,Crypto / Đầu tư giả,1.0,0.9961217,0.003878300000000001,0.19999999999999996
ViSmish_08118,0,0,0.99947244,True,1.0,synthetic,Dịch vụ công thật,1.0,0.004491722199999999,0.9955082778,0.19999999999999996
ViSmish_08120,0,0,0.99948174,True,1.0,synthetic,Thương mại điện tử,1.0,0.004453230199999999,0.9955467698,0.19999999999999996
ViSmish_08121,1,1,0.99961746,True,1.0,paraphrased,Nội dung nhạy cảm,1.0,0.9961629599999999,0.0038370400000000693,0.19999999999999996
ViSmish_08123,0,0,0.99936765,True,1.0,real,Quảng cáo hợp lệ,1.0,0.004907409399999999,0.9950925906,0.19999999999999996
ViSmish_08125,0,0,0.9994487,True,1.0,synthetic,Viễn thông,1.0,0.004589310999999999,0.995410689,0.19999999999999996
ViSmish_08128,1,1,0.9996221,True,1.0,paraphrased,Cờ bạc / Betting,1.0,0.99618574,0.0038142599999999582,0.19999999999999996
ViSmish_08129,0,0,0.9994247,True,1.0,real,Viễn thông,1.0,0.004685982599999999,0.9953140174,0.19999999999999996
ViSmish_08130,1,1,0.99955326,True,1.0,synthetic_hard_positive,Khác,1.0,0.9958594000000001,0.004140599999999939,0.19999999999999996
ViSmish_08133,0,0,0.9994381,True,1.0,synthetic,Quảng cáo hợp lệ,1.0,0.004632266199999999,0.9953677338,0.19999999999999996
ViSmish_08134,1,1,0.9996177,True,1.0,paraphrased,Dịch vụ công giả,1.0,0.99616381,0.003836190000000017,0.19999999999999996
ViSmish_08135,0,0,0.99946636,True,1.0,synthetic,Tin nhắn cá nhân và OTP,1.0,0.0045172289999999985,0.995482771,0.19999999999999996
ViSmish_08136,1,1,0.9995227,True,1.0,synthetic_hard_positive,Khác,1.0,0.995723032,0.004276967999999992,0.19999999999999996
ViSmish_08138,1,1,0.9996183,True,1.0,paraphrased,Tuyển dụng giả,1.0,0.99616673,0.0038332699999999997,0.19999999999999996
ViSmish_08139,1,1,0.9996245,True,1.0,paraphrased,Dịch vụ công giả,1.0,0.99619768,0.0038023200000000257,0.19999999999999996
ViSmish_08140,1,1,0.9996282,True,1.0,paraphrased,Dịch vụ công giả,1.0,0.9962155939999999,0.0037844060000000734,0.19999999999999996
ViSmish_08141,1,1,0.9996178,True,1.0,paraphrased,Đòi nợ / Đe dọa,1.0,0.99616452,0.0038354800000000022,0.19999999999999996
ViSmish_08143,0,0,0.9994549,True,1.0,synthetic,Tin nhắn cá nhân và OTP,1.0,0.004563972999999999,0.995436027,0.19999999999999996
ViSmish_08144,0,0,0.99946016,True,1.0,real,Tin nhắn cá nhân và OTP,1.0,0.004542543399999999,0.9954574566,0.19999999999999996
ViSmish_08145,1,1,0.9995134,True,1.0,synthetic_hard_positive,Dịch vụ công giả,1.0,0.99568208,0.004317919999999975,0.19999999999999996
ViSmish_08146,1,1,0.9996158,True,1.0,paraphrased,Nội dung nhạy cảm,1.0,0.99615475,0.0038452500000000223,0.19999999999999996
ViSmish_08147,0,0,0.999368,True,1.0,real,Viễn thông,1.0,0.004906079999999999,0.99509392,0.19999999999999996
ViSmish_08148,1,1,0.9994659,True,1.0,paraphrased,Nội dung nhạy cảm,1.0,0.995481194,0.004518805999999986,0.19999999999999996
ViSmish_08150,1,1,0.99956495,True,1.0,paraphrased,Cờ bạc / Betting,1.0,0.99591276,0.0040872400000000475,0.19999999999999996
ViSmish_08153,1,1,0.9995127,True,1.0,synthetic_hard_positive,Tuyển dụng giả,1.0,0.99567944,0.004320560000000029,0.19999999999999996
ViSmish_08154,1,1,0.99949,True,1.0,synthetic_hard_positive,Tuyển dụng giả,1.0,0.995582008,0.004417992000000037,0.19999999999999996
ViSmish_08157,1,1,0.9996253,True,1.0,paraphrased,Dịch vụ công giả,1.0,0.99620138,0.003798619999999975,0.19999999999999996
ViSmish_08158,0,0,0.99935406,True,1.0,synthetic,Viễn thông,1.0,0.004958470999999999,0.995041529,0.19999999999999996
ViSmish_08159,1,1,0.9996184,True,1.0,paraphrased,Giả mạo ngân hàng,1.0,0.9961675,0.0038325000000000164,0.19999999999999996
ViSmish_08161,1,1,0.99961925,True,1.0,paraphrased,Dịch vụ công giả,1.0,0.99617157,0.0038284299999999938,0.19999999999999996
ViSmish_08162,1,1,0.9993771,True,1.0,synthetic_hard_positive,Khác,1.0,0.99512818,0.004871819999999971,0.19999999999999996
ViSmish_08163,1,1,0.99961203,True,1.0,paraphrased,Crypto / Đầu tư giả,1.0,0.99613568,0.003864320000000032,0.19999999999999996
ViSmish_08165,1,1,0.99961674,True,1.0,paraphrased,Dịch vụ công giả,1.0,0.99615944,0.003840559999999993,0.19999999999999996
ViSmish_08166,0,0,0.99946207,True,1.0,synthetic,Ngân hàng thật,1.0,0.004534703199999999,0.9954652968,0.19999999999999996
ViSmish_08170,1,1,0.99961925,True,1.0,paraphrased,Tuyển dụng giả,1.0,0.9961716,0.003828399999999954,0.19999999999999996
ViSmish_08171,0,0,0.9994548,True,1.0,real,Khác,1.0,0.004564591199999999,0.9954354088,0.19999999999999996
ViSmish_08172,0,0,0.999468,True,1.0,real,Viễn thông,1.0,0.004510257799999999,0.9954897422,0.19999999999999996
ViSmish_08174,1,1,0.9995461,True,1.0,paraphrased,Crypto / Đầu tư giả,1.0,0.99582714,0.004172859999999945,0.19999999999999996
ViSmish_08176,1,1,0.99961394,True,1.0,paraphrased,Tuyển dụng giả,1.0,0.99614542,0.003854580000000052,0.19999999999999996
ViSmish_08177,0,0,0.99944335,True,1.0,synthetic,Tin nhắn cá nhân và OTP,1.0,0.004611056599999999,0.9953889434,0.19999999999999996
ViSmish_08178,1,1,0.99961674,True,1.0,paraphrased,Tuyển dụng giả,1.0,0.9961589399999999,0.0038410600000000628,0.19999999999999996
ViSmish_08179,1,1,0.9996111,True,1.0,paraphrased,Crypto / Đầu tư giả,1.0,0.996131408,0.003868592000000004,0.19999999999999996
ViSmish_08181,1,1,0.99959487,True,1.0,paraphrased,Tuyển dụng giả,1.0,0.99605296,0.003947040000000013,0.19999999999999996
ViSmish_08182,1,1,0.99952424,True,1.0,synthetic_hard_positive,Giả mạo ngân hàng,1.0,0.99572952,0.004270479999999965,0.19999999999999996
ViSmish_08183,1,1,0.9996258,True,1.0,paraphrased,Nội dung nhạy cảm,1.0,0.9962042799999999,0.003795720000000058,0.19999999999999996
ViSmish_08184,0,0,0.99944705,True,1.0,external_curated,P2P hard negative,1.0,0.004596202799999999,0.9954037972,0.19999999999999996
ViSmish_08188,1,1,0.9996283,True,1.0,paraphrased,Tuyển dụng giả,1.0,0.9962162139999999,0.0037837860000000667,0.19999999999999996
ViSmish_08190,0,0,0.99949086,True,1.0,synthetic,Tin nhắn cá nhân và OTP,1.0,0.004414250799999998,0.9955857492,0.19999999999999996
ViSmish_08192,0,0,0.99938166,True,1.0,real,Viễn thông,1.0,0.004853773399999999,0.9951462266,0.19999999999999996
ViSmish_08193,1,1,0.9995704,True,1.0,paraphrased,Cờ bạc / Betting,1.0,0.99593792,0.004062079999999968,0.19999999999999996
ViSmish_08194,0,0,0.9993573,True,1.0,synthetic,Dịch vụ công thật,1.0,0.004946583999999999,0.995053416,0.19999999999999996
ViSmish_08196,1,1,0.99961805,True,1.0,paraphrased,Giả mạo ngân hàng,1.0,0.9961655739999999,0.0038344260000000574,0.19999999999999996
ViSmish_08199,1,1,0.9996197,True,1.0,paraphrased,Cờ bạc / Betting,1.0,0.99617376,0.0038262399999999808,0.19999999999999996
ViSmish_08200,0,0,0.9994098,True,1.0,real,Khác,1.0,0.0047450389999999995,0.995254961,0.19999999999999996
ViSmish_08201,0,0,0.99948704,True,1.0,synthetic,Vận chuyển,1.0,0.004430645799999999,0.9955693542,0.19999999999999996
ViSmish_08203,1,1,0.99961,True,1.0,paraphrased,Tuyển dụng giả,1.0,0.99612592,0.003874080000000002,0.19999999999999996
ViSmish_08204,1,1,0.99960583,True,1.0,paraphrased,Crypto / Đầu tư giả,1.0,0.9961057600000001,0.0038942399999999378,0.19999999999999996
ViSmish_08205,1,1,0.9995203,True,1.0,paraphrased,Nội dung nhạy cảm,1.0,0.995712412,0.004287587999999953,0.19999999999999996
ViSmish_08207,1,1,0.9996111,True,1.0,paraphrased,Nội dung nhạy cảm,1.0,0.996131134,0.0038688660000000263,0.19999999999999996
ViSmish_08209,0,0,0.99934524,True,1.0,real,Viễn thông,1.0,0.004991725999999998,0.995008274,0.19999999999999996
ViSmish_08212,0,0,0.9994654,True,1.0,synthetic,Thương mại điện tử,1.0,0.004521038799999998,0.9954789612,0.19999999999999996
ViSmish_08213,0,0,0.99936694,True,1.0,synthetic,Quảng cáo hợp lệ,1.0,0.004910001999999999,0.995089998,0.19999999999999996
ViSmish_08214,1,1,0.9995602,True,1.0,synthetic_hard_positive,BHXH / Trợ cấp giả,1.0,0.9958907,0.004109299999999982,0.19999999999999996
ViSmish_08215,0,0,0.9994735,True,1.0,real,Viễn thông,1.0,0.004487310999999999,0.995512689,0.19999999999999996
ViSmish_08216,0,0,0.99940777,True,1.0,synthetic,Quảng cáo hợp lệ,1.0,0.004752885199999999,0.9952471148,0.19999999999999996
ViSmish_08217,0,0,0.9994597,True,1.0,real,Khác,1.0,0.004544555399999999,0.9954554446,0.19999999999999996
ViSmish_08218,1,1,0.9995603,True,1.0,paraphrased,Crypto / Đầu tư giả,1.0,0.99589125,0.004108749999999994,0.19999999999999996
ViSmish_08219,1,1,0.9995134,True,1.0,paraphrased,Giả mạo ngân hàng,1.0,0.9956822599999999,0.00431774000000007,0.19999999999999996
ViSmish_08221,1,0,0.99825424,False,0.3,real,Khác,0.0,1.0,0.0,0.0
ViSmish_08222,1,1,0.9994961,True,1.0,paraphrased,Nội dung nhạy cảm,1.0,0.99560786,0.004392139999999989,0.19999999999999996
ViSmish_08224,1,1,0.999468,True,1.0,synthetic_hard_positive,Đòi nợ / Đe dọa,1.0,0.995489932,0.004510067999999978,0.19999999999999996
ViSmish_08225,0,0,0.9994636,True,1.0,synthetic,Tin nhắn cá nhân và OTP,1.0,0.004528537999999999,0.995471462,0.19999999999999996
ViSmish_08227,1,1,0.9995504,True,1.0,synthetic_hard_positive,Tuyển dụng giả,1.0,0.995846272,0.004153728000000023,0.19999999999999996
ViSmish_08229,1,1,0.99956006,True,1.0,paraphrased,Đòi nợ / Đe dọa,1.0,0.99589036,0.0041096400000000255,0.19999999999999996
ViSmish_08233,1,1,0.99956983,True,1.0,paraphrased,Đòi nợ / Đe dọa,1.0,0.995935308,0.004064692000000036,0.19999999999999996
ViSmish_08234,1,1,0.99962234,True,1.0,paraphrased,Dịch vụ công giả,1.0,0.996186792,0.003813207999999957,0.19999999999999996
ViSmish_08235,1,1,0.9995845,True,1.0,paraphrased,Nội dung nhạy cảm,1.0,0.996003712,0.003996287999999959,0.19999999999999996
ViSmish_08236,1,1,0.9995679,True,1.0,paraphrased,Cờ bạc / Betting,1.0,0.9959264999999999,0.004073500000000063,0.19999999999999996
ViSmish_08238,1,1,0.999617,True,1.0,paraphrased,Đòi nợ / Đe dọa,1.0,0.99616014,0.0038398600000000283,0.19999999999999996
ViSmish_08239,0,0,0.9994795,True,1.0,synthetic,Dịch vụ công thật,1.0,0.004462714399999999,0.9955372856,0.19999999999999996
ViSmish_08240,1,1,0.99962187,True,1.0,paraphrased,BHXH / Trợ cấp giả,1.0,0.99618473,0.0038152700000000372,0.19999999999999996
ViSmish_08241,1,1,0.9995957,True,1.0,paraphrased,Nội dung nhạy cảm,1.0,0.996057152,0.003942847999999999,0.19999999999999996
ViSmish_08242,0,0,0.9993262,True,1.0,real,Viễn thông,1.0,0.005062030599999999,0.9949379694,0.19999999999999996
ViSmish_08243,1,1,0.99960905,True,1.0,paraphrased,BHXH / Trợ cấp giả,1.0,0.996121048,0.003878951999999991,0.19999999999999996
ViSmish_08244,1,1,0.99961615,True,1.0,paraphrased,BHXH / Trợ cấp giả,1.0,0.99615604,0.0038439599999999796,0.19999999999999996
ViSmish_08245,1,1,0.9996222,True,1.0,paraphrased,Giả mạo ngân hàng,1.0,0.99618612,0.0038138800000000472,0.19999999999999996
ViSmish_08246,0,0,0.9994623,True,1.0,real,Viễn thông,1.0,0.004533631399999999,0.9954663686,0.19999999999999996
ViSmish_08247,0,0,0.99947053,True,1.0,synthetic,Vận chuyển,1.0,0.004499712199999999,0.9955002878,0.19999999999999996
ViSmish_08248,1,1,0.9996124,True,1.0,paraphrased,Tuyển dụng giả,1.0,0.99613774,0.0038622600000000062,0.19999999999999996
ViSmish_08249,1,1,0.99955267,True,1.0,synthetic_hard_positive,Giả mạo ngân hàng,1.0,0.99585688,0.004143119999999945,0.19999999999999996
ViSmish_08251,0,0,0.99939895,True,1.0,external_real,P2P hội thoại thông thường,1.0,0.004787466599999999,0.9952125334,0.19999999999999996
ViSmish_08252,1,1,0.9996182,True,1.0,paraphrased,Crypto / Đầu tư giả,1.0,0.99616611,0.0038338900000000065,0.19999999999999996
ViSmish_08254,0,0,0.9994456,True,1.0,synthetic,Tin nhắn cá nhân và OTP,1.0,0.004602116799999999,0.9953978832,0.19999999999999996
ViSmish_08255,1,1,0.99963176,True,1.0,paraphrased,Đòi nợ / Đe dọa,1.0,0.996234048,0.0037659519999999613,0.19999999999999996
ViSmish_08256,1,1,0.9996289,True,1.0,paraphrased,BHXH / Trợ cấp giả,1.0,0.99621922,0.003780780000000039,0.19999999999999996
ViSmish_08257,0,0,0.99946254,True,1.0,synthetic,Tin nhắn cá nhân và OTP,1.0,0.004532654599999999,0.9954673454,0.19999999999999996
ViSmish_08258,1,1,0.99959916,True,1.0,paraphrased,Nội dung nhạy cảm,1.0,0.99607366,0.003926340000000028,0.19999999999999996
ViSmish_08259,1,1,0.9996043,True,1.0,paraphrased,Giả mạo ngân hàng,1.0,0.9960979400000001,0.0039020599999999295,0.19999999999999996
ViSmish_08260,0,0,0.9994918,True,1.0,synthetic,Viễn thông,1.0,0.004410218799999999,0.9955897812,0.19999999999999996
ViSmish_08262,1,1,0.9994597,True,1.0,synthetic_hard_positive,Khác,1.0,0.995455254,0.004544745999999988,0.19999999999999996
ViSmish_08265,0,0,0.99947065,True,1.0,synthetic,Tin nhắn cá nhân và OTP,1.0,0.0044991779999999995,0.995500822,0.19999999999999996
ViSmish_08266,0,0,0.99872977,True,1.0,external_curated,P2P hard negative,1.0,0.0068870519999999985,0.993112948,0.19999999999999996
ViSmish_08268,0,0,0.9994823,True,1.0,synthetic,Dịch vụ y tế,1.0,0.0044504895999999995,0.9955495104,0.19999999999999996
ViSmish_08269,1,1,0.9015568,True,1.0,real,Nội dung nhạy cảm,1.0,0.9503258800000001,0.04967411999999993,0.19999999999999996
ViSmish_08271,0,0,0.99904543,True,1.0,external_real,P2P hội thoại thông thường,1.0,0.005996837399999998,0.9940031626,0.19999999999999996
ViSmish_08272,0,0,0.99945384,True,1.0,synthetic,Vận chuyển,1.0,0.004568604399999999,0.9954313956,0.19999999999999996
ViSmish_08276,1,1,0.99962306,True,1.0,paraphrased,Cờ bạc / Betting,1.0,0.99619046,0.00380954,0.19999999999999996
ViSmish_08277,1,1,0.99961543,True,1.0,paraphrased,Tuyển dụng giả,1.0,0.996152854,0.0038471460000000235,0.19999999999999996
ViSmish_08278,0,0,0.9994454,True,1.0,synthetic,Quảng cáo hợp lệ,1.0,0.004602865999999999,0.995397134,0.19999999999999996
ViSmish_08280,0,0,0.99945325,True,1.0,real,Tin nhắn cá nhân và OTP,1.0,0.004570787399999999,0.9954292126,0.19999999999999996
ViSmish_08281,0,0,0.99938524,True,1.0,external_curated,P2P hard negative,1.0,0.004840282999999999,0.995159717,0.19999999999999996
ViSmish_08282,1,1,0.9995788,True,1.0,paraphrased,Nội dung nhạy cảm,1.0,0.995977152,0.004022847999999968,0.19999999999999996
ViSmish_08283,0,0,0.9994716,True,1.0,real,Khác,1.0,0.0044954114,0.9955045886,0.19999999999999996
ViSmish_08284,0,0,0.9994216,True,1.0,external_real,P2P hội thoại thông thường,1.0,0.0046985123999999994,0.9953014876,0.19999999999999996
ViSmish_08286,1,1,0.9996344,True,1.0,paraphrased,BHXH / Trợ cấp giả,1.0,0.99624688,0.003753120000000054,0.19999999999999996
ViSmish_08287,1,1,0.99961144,True,1.0,paraphrased,Đòi nợ / Đe dọa,1.0,0.99613272,0.0038672800000000285,0.19999999999999996
ViSmish_08288,0,0,0.9994783,True,1.0,synthetic,Vận chuyển,1.0,0.004467647199999999,0.9955323528,0.19999999999999996
ViSmish_08289,1,1,0.99954945,True,1.0,paraphrased,Crypto / Đầu tư giả,1.0,0.995841932,0.004158067999999959,0.19999999999999996
ViSmish_08291,1,1,0.9996195,True,1.0,paraphrased,BHXH / Trợ cấp giả,1.0,0.9961728,0.0038272000000000306,0.19999999999999996
ViSmish_08292,0,0,0.9982796,True,1.0,real,Quảng cáo hợp lệ,1.0,0.007971973999999998,0.992028026,0.19999999999999996
ViSmish_08293,1,1,0.99961495,True,1.0,paraphrased,Giả mạo ngân hàng,1.0,0.99615042,0.003849580000000019,0.19999999999999996
ViSmish_08294,1,1,0.9993142,True,1.0,real,Giả mạo ngân hàng,1.0,0.99489414,0.005105860000000018,0.19999999999999996
ViSmish_08295,0,0,0.9993749,True,1.0,synthetic,Ngân hàng thật,1.0,0.004880024399999999,0.9951199756,0.19999999999999996
ViSmish_08296,0,0,0.9994425,True,1.0,external_real,P2P hội thoại thông thường,1.0,0.004614420599999999,0.9953855794,0.19999999999999996
ViSmish_08297,0,0,0.9993808,True,1.0,external_real,P2P hội thoại thông thường,1.0,0.004857316999999999,0.995142683,0.19999999999999996
ViSmish_08298,1,1,0.99954385,True,1.0,real,Dịch vụ công giả,1.0,0.995816826,0.004183174000000012,0.19999999999999996
ViSmish_08299,1,1,0.99960667,True,1.0,paraphrased,Dịch vụ công giả,1.0,0.9961097720000001,0.00389022799999994,0.19999999999999996
ViSmish_08302,0,0,0.9991866,True,1.0,external_curated,P2P hard negative,1.0,0.005548075199999999,0.9944519248,0.19999999999999996
ViSmish_08303,0,0,0.99944216,True,1.0,synthetic,Tin nhắn cá nhân và OTP,1.0,0.004616085999999998,0.995383914,0.19999999999999996
ViSmish_08304,0,0,0.99924314,True,1.0,synthetic,Quảng cáo hợp lệ,1.0,0.005356826599999999,0.9946431734,0.19999999999999996
ViSmish_08305,1,1,0.9995722,True,1.0,paraphrased,Nội dung nhạy cảm,1.0,0.995946432,0.004053568000000007,0.19999999999999996
ViSmish_08306,0,0,0.99935144,True,1.0,real,Quảng cáo hợp lệ,1.0,0.004968547999999999,0.995031452,0.19999999999999996
ViSmish_08307,1,1,0.999524,True,1.0,synthetic_hard_positive,Khác,1.0,0.99572862,0.004271380000000047,0.19999999999999996
ViSmish_08308,1,1,0.9995865,True,1.0,paraphrased,Tuyển dụng giả,1.0,0.9960134860000001,0.003986513999999941,0.19999999999999996
ViSmish_08309,0,0,0.99947387,True,1.0,synthetic,Thương mại điện tử,1.0,0.0044859264,0.9955140736,0.19999999999999996
ViSmish_08310,0,0,0.9994099,True,1.0,external_real,P2P hội thoại thông thường,1.0,0.0047446039999999995,0.995255396,0.19999999999999996
ViSmish_08312,1,1,0.9995623,True,1.0,paraphrased,Đòi nợ / Đe dọa,1.0,0.99590066,0.004099340000000007,0.19999999999999996
ViSmish_08313,1,1,0.9996239,True,1.0,paraphrased,Giả mạo ngân hàng,1.0,0.996194386,0.0038056140000000127,0.19999999999999996
ViSmish_08314,1,1,0.99961406,True,1.0,paraphrased,Dịch vụ công giả,1.0,0.99614578,0.0038542200000000193,0.19999999999999996
ViSmish_08315,1,1,0.9996107,True,1.0,paraphrased,Giả mạo ngân hàng,1.0,0.99612972,0.0038702800000000037,0.19999999999999996
ViSmish_08317,1,1,0.9995864,True,1.0,paraphrased,Đòi nợ / Đe dọa,1.0,0.996012592,0.00398740799999997,0.19999999999999996
ViSmish_08318,1,1,0.9996076,True,1.0,paraphrased,Đòi nợ / Đe dọa,1.0,0.996114552,0.0038854480000000136,0.19999999999999996
ViSmish_08319,1,1,0.9996196,True,1.0,paraphrased,BHXH / Trợ cấp giả,1.0,0.99617312,0.003826879999999977,0.19999999999999996
ViSmish_08320,0,0,0.9994711,True,1.0,synthetic,Vận chuyển,1.0,0.004497132799999999,0.9955028672,0.19999999999999996
ViSmish_08322,0,0,0.99933904,True,1.0,real,Viễn thông,1.0,0.005014495999999999,0.994985504,0.19999999999999996
ViSmish_08325,1,1,0.99955493,True,1.0,paraphrased,Nội dung nhạy cảm,1.0,0.99586692,0.004133080000000011,0.19999999999999996
ViSmish_08326,0,0,0.9994777,True,1.0,synthetic,Vận chuyển,1.0,0.004470039199999999,0.9955299608,0.19999999999999996
ViSmish_08327,0,0,0.9993401,True,1.0,synthetic,Dịch vụ công thật,1.0,0.005010556399999999,0.9949894436,0.19999999999999996
ViSmish_08328,0,0,0.99945384,True,1.0,real,Tin nhắn cá nhân và OTP,1.0,0.0045684023999999985,0.9954315976,0.19999999999999996
ViSmish_08329,0,0,0.99931884,True,1.0,external_curated,P2P hard negative,1.0,0.005088885199999999,0.9949111148,0.19999999999999996
ViSmish_08330,1,1,0.9996146,True,1.0,paraphrased,Nội dung nhạy cảm,1.0,0.996148694,0.0038513060000000543,0.19999999999999996
ViSmish_08331,0,0,0.999435,True,1.0,external_curated,P2P hard negative,1.0,0.004644965799999999,0.9953550342,0.19999999999999996
ViSmish_08333,1,1,0.99954706,True,1.0,paraphrased,Crypto / Đầu tư giả,1.0,0.9958316,0.004168399999999961,0.19999999999999996
ViSmish_08334,0,0,0.9994708,True,1.0,synthetic,Quảng cáo hợp lệ,1.0,0.0044988191999999995,0.9955011808,0.19999999999999996
ViSmish_08338,0,0,0.99933606,True,1.0,real,Viễn thông,1.0,0.005025614799999999,0.9949743852,0.19999999999999996
ViSmish_08339,1,1,0.9996124,True,1.0,paraphrased,BHXH / Trợ cấp giả,1.0,0.99613734,0.0038626600000000177,0.19999999999999996
ViSmish_08340,1,1,0.99962294,True,1.0,paraphrased,Tuyển dụng giả,1.0,0.996190012,0.0038099879999999864,0.19999999999999996
ViSmish_08341,1,1,0.999607,True,1.0,paraphrased,BHXH / Trợ cấp giả,1.0,0.99611142,0.0038885800000000303,0.19999999999999996
ViSmish_08342,0,0,0.99918455,True,1.0,real,Viễn thông,1.0,0.005554983399999999,0.9944450166,0.19999999999999996
ViSmish_08343,1,1,0.9996302,True,1.0,paraphrased,Giả mạo ngân hàng,1.0,0.996226192,0.003773808000000045,0.19999999999999996
ViSmish_08344,0,0,0.9994454,True,1.0,external_curated,P2P hard negative,1.0,0.0046030479999999985,0.995396952,0.19999999999999996
ViSmish_08348,0,0,0.9994593,True,1.0,synthetic,Tin nhắn cá nhân và OTP,1.0,0.0045461415999999985,0.9954538584,0.19999999999999996
ViSmish_08349,0,0,0.9994288,True,1.0,external_curated,P2P hard negative,1.0,0.004669769199999999,0.9953302308,0.19999999999999996
ViSmish_08351,0,0,0.99932253,True,1.0,real,Quảng cáo hợp lệ,1.0,0.0050751953999999995,0.9949248046,0.19999999999999996
ViSmish_08352,1,1,0.9996215,True,1.0,paraphrased,Dịch vụ công giả,1.0,0.9961825,0.003817500000000029,0.19999999999999996
ViSmish_08353,0,0,0.99945885,True,1.0,synthetic,Dịch vụ y tế,1.0,0.004547825999999999,0.995452174,0.19999999999999996
ViSmish_08355,0,0,0.9994647,True,1.0,synthetic,Ngân hàng thật,1.0,0.004523847199999999,0.9954761528,0.19999999999999996
ViSmish_08356,1,1,0.9994721,True,1.0,real,Cờ bạc / Betting,1.0,0.995506788,0.004493211999999969,0.19999999999999996
ViSmish_08357,1,1,0.9995432,True,1.0,synthetic_hard_positive,Tuyển dụng giả,1.0,0.995813786,0.004186213999999966,0.19999999999999996
ViSmish_08358,1,1,0.9996171,True,1.0,paraphrased,Crypto / Đầu tư giả,1.0,0.99616083,0.003839170000000003,0.19999999999999996
ViSmish_08359,1,1,0.99962735,True,1.0,paraphrased,Tuyển dụng giả,1.0,0.9962115,0.0037884999999999724,0.19999999999999996
ViSmish_08360,1,1,0.99961287,True,1.0,paraphrased,Dịch vụ công giả,1.0,0.9961397519999999,0.003860248000000066,0.19999999999999996
ViSmish_08362,0,0,0.9994492,True,1.0,synthetic,Viễn thông,1.0,0.004587447999999999,0.995412552,0.19999999999999996
ViSmish_08366,0,0,0.99947196,True,1.0,real,Khác,1.0,0.004493723999999999,0.995506276,0.19999999999999996
ViSmish_08369,0,0,0.99948287,True,1.0,real,Tin nhắn cá nhân và OTP,1.0,0.0044480091999999985,0.9955519908,0.19999999999999996
ViSmish_08370,1,1,0.9995913,True,1.0,paraphrased,Nội dung nhạy cảm,1.0,0.9960361600000001,0.003963839999999941,0.19999999999999996
ViSmish_08371,1,1,0.9995844,True,1.0,paraphrased,Tuyển dụng giả,1.0,0.99600336,0.003996639999999996,0.19999999999999996
ViSmish_08373,1,1,0.9996032,True,1.0,paraphrased,Crypto / Đầu tư giả,1.0,0.99609313,0.003906870000000007,0.19999999999999996
ViSmish_08378,0,0,0.99947566,True,1.0,synthetic,Tin nhắn cá nhân và OTP,1.0,0.004478285999999999,0.995521714,0.19999999999999996
ViSmish_08379,1,1,0.9996113,True,1.0,paraphrased,Nội dung nhạy cảm,1.0,0.996132148,0.0038678519999999494,0.19999999999999996
ViSmish_08383,1,0,0.89583117,False,0.3,real,Giả mạo ngân hàng,0.0,1.0,0.0,0.0
ViSmish_08385,1,1,0.99961674,True,1.0,paraphrased,Dịch vụ công giả,1.0,0.99615897,0.003841030000000023,0.19999999999999996
ViSmish_08386,1,1,0.99905986,True,1.0,paraphrased,Dịch vụ công giả,1.0,0.994047152,0.005952847999999955,0.19999999999999996
ViSmish_08387,1,1,0.9996075,True,1.0,paraphrased,Tuyển dụng giả,1.0,0.9961139800000001,0.0038860199999999345,0.19999999999999996
ViSmish_08391,1,1,0.9995783,True,1.0,paraphrased,Tuyển dụng giả,1.0,0.99597494,0.004025060000000025,0.19999999999999996
ViSmish_08392,1,1,0.999608,True,1.0,paraphrased,BHXH / Trợ cấp giả,1.0,0.99611596,0.0038840399999999775,0.19999999999999996
ViSmish_08393,0,0,0.9994573,True,1.0,synthetic,Tin nhắn cá nhân và OTP,1.0,0.004554162599999999,0.9954458374,0.19999999999999996
ViSmish_08394,1,1,0.99961346,True,1.0,paraphrased,Dịch vụ công giả,1.0,0.9961428999999999,0.0038571000000000577,0.19999999999999996
ViSmish_08395,0,0,0.9993998,True,1.0,external_real,P2P hội thoại thông thường,1.0,0.004784054599999999,0.9952159454,0.19999999999999996
ViSmish_08396,0,0,0.99946994,True,1.0,synthetic,Thương mại điện tử,1.0,0.004502144399999999,0.9954978556,0.19999999999999996
ViSmish_08397,0,0,0.99938273,True,1.0,external_curated,P2P hard negative,1.0,0.004849674999999999,0.995150325,0.19999999999999996
ViSmish_08398,1,1,0.99960095,True,1.0,paraphrased,Crypto / Đầu tư giả,1.0,0.9960821,0.00391790000000003,0.19999999999999996
ViSmish_08400,1,1,0.99962485,True,1.0,paraphrased,Dịch vụ công giả,1.0,0.996199072,0.003800927999999981,0.19999999999999996
ViSmish_08403,1,1,0.99960583,True,1.0,paraphrased,Crypto / Đầu tư giả,1.0,0.996105528,0.0038944720000000377,0.19999999999999996
ViSmish_08404,1,1,0.99961555,True,1.0,paraphrased,Nội dung nhạy cảm,1.0,0.9961535340000001,0.0038464659999999373,0.19999999999999996
ViSmish_08405,0,0,0.9991254,True,1.0,synthetic,Quảng cáo hợp lệ,1.0,0.005747372599999999,0.9942526274,0.19999999999999996
ViSmish_08406,1,1,0.9995049,True,1.0,synthetic_hard_positive,Khác,1.0,0.99564568,0.004354320000000023,0.19999999999999996
ViSmish_08407,1,1,0.9996166,True,1.0,paraphrased,Cờ bạc / Betting,1.0,0.9961584,0.0038416000000000006,0.19999999999999996
ViSmish_08408,1,1,0.999488,True,1.0,paraphrased,Crypto / Đầu tư giả,1.0,0.99557345,0.004426550000000029,0.19999999999999996
ViSmish_08409,0,0,0.9994319,True,1.0,real,Viễn thông,1.0,0.004657328599999999,0.9953426714,0.19999999999999996
ViSmish_08411,1,1,0.9995988,True,1.0,paraphrased,Dịch vụ công giả,1.0,0.996071946,0.003928053999999959,0.19999999999999996
ViSmish_08415,1,1,0.9994618,True,1.0,paraphrased,Đòi nợ / Đe dọa,1.0,0.99546429,0.004535709999999971,0.19999999999999996
ViSmish_08416,0,0,0.9994537,True,1.0,real,Viễn thông,1.0,0.004568921799999999,0.9954310782,0.19999999999999996
ViSmish_08417,1,1,0.99961555,True,1.0,paraphrased,Dịch vụ công giả,1.0,0.99615356,0.0038464400000000065,0.19999999999999996
ViSmish_08418,1,1,0.99958485,True,1.0,paraphrased,Nội dung nhạy cảm,1.0,0.9960053,0.003994700000000018,0.19999999999999996
ViSmish_08419,0,0,0.99941874,True,1.0,real,Viễn thông,1.0,0.004709898999999999,0.995290101,0.19999999999999996
ViSmish_08421,1,1,0.9996101,True,1.0,paraphrased,Giả mạo ngân hàng,1.0,0.9961264599999999,0.003873540000000064,0.19999999999999996
ViSmish_08422,0,0,0.99947065,True,1.0,synthetic,Tin nhắn cá nhân và OTP,1.0,0.004499110599999999,0.9955008894,0.19999999999999996
ViSmish_08423,1,1,0.99948883,True,1.0,real,Giả mạo ngân hàng,1.0,0.9955774,0.004422600000000054,0.19999999999999996
ViSmish_08424,1,1,0.99961346,True,1.0,paraphrased,Dịch vụ công giả,1.0,0.9961431000000001,0.003856899999999941,0.19999999999999996
ViSmish_08425,1,1,0.99959606,True,1.0,paraphrased,Cờ bạc / Betting,1.0,0.9960584,0.0039415999999999896,0.19999999999999996
ViSmish_08427,0,0,0.9994105,True,1.0,real,Dịch vụ công thật,1.0,0.0047422659999999985,0.995257734,0.19999999999999996
ViSmish_08429,0,0,0.99927944,True,1.0,external_real,P2P hội thoại thông thường,1.0,0.005230193599999999,0.9947698064,0.19999999999999996
ViSmish_08430,0,0,0.9994449,True,1.0,synthetic,Quảng cáo hợp lệ,1.0,0.004605079999999999,0.99539492,0.19999999999999996
ViSmish_08431,1,1,0.99961436,True,1.0,paraphrased,Cờ bạc / Betting,1.0,0.99614742,0.0038525799999999943,0.19999999999999996
ViSmish_08432,0,0,0.999488,True,1.0,synthetic,Viễn thông,1.0,0.004426169399999999,0.9955738306,0.19999999999999996
ViSmish_08433,0,0,0.9994773,True,1.0,real,Khác,1.0,0.004471357999999999,0.995528642,0.19999999999999996
ViSmish_08434,0,0,0.99943787,True,1.0,real,Viễn thông,1.0,0.004633261199999999,0.9953667388,0.19999999999999996
ViSmish_08436,1,1,0.99962807,True,1.0,paraphrased,Giả mạo ngân hàng,1.0,0.99621502,0.003784980000000049,0.19999999999999996
ViSmish_08438,0,0,0.9994821,True,1.0,real,Viễn thông,1.0,0.0044515267999999985,0.9955484732,0.19999999999999996
ViSmish_08440,1,1,0.9995957,True,1.0,paraphrased,Cờ bạc / Betting,1.0,0.996057034,0.003942965999999992,0.19999999999999996
ViSmish_08442,0,0,0.9962274,True,1.0,real,Dịch vụ công thật,1.0,0.011594192599999997,0.9884058074,0.19999999999999996
ViSmish_08443,0,0,0.99946636,True,1.0,real,Ngân hàng thật,1.0,0.004517254199999999,0.9954827458,0.19999999999999996
ViSmish_08445,1,1,0.99951863,True,1.0,synthetic_hard_positive,Khác,1.0,0.99570512,0.004294880000000001,0.19999999999999996
ViSmish_08446,1,1,0.9996119,True,1.0,paraphrased,BHXH / Trợ cấp giả,1.0,0.996135032,0.003864968000000024,0.19999999999999996
ViSmish_08448,0,0,0.9994209,True,1.0,real,Viễn thông,1.0,0.0047014679999999994,0.995298532,0.19999999999999996
ViSmish_08449,0,0,0.9994752,True,1.0,synthetic,Ngân hàng thật,1.0,0.004480521999999999,0.995519478,0.19999999999999996
ViSmish_08451,0,0,0.9994431,True,1.0,real,Ngân hàng thật,1.0,0.004612112399999999,0.9953878876,0.19999999999999996
ViSmish_08452,1,1,0.9990048,True,1.0,real,Giả mạo ngân hàng,1.0,0.9938805399999999,0.0061194600000000765,0.19999999999999996
ViSmish_08453,1,1,0.9996277,True,1.0,paraphrased,BHXH / Trợ cấp giả,1.0,0.996213508,0.00378649200000003,0.19999999999999996
ViSmish_08454,0,0,0.99940646,True,1.0,external_curated,P2P hard negative,1.0,0.004757935999999999,0.995242064,0.19999999999999996
ViSmish_08455,1,1,0.99962854,True,1.0,paraphrased,Cờ bạc / Betting,1.0,0.99621782,0.0037821799999999683,0.19999999999999996
ViSmish_08457,1,1,0.999613,True,1.0,paraphrased,Tuyển dụng giả,1.0,0.9961404,0.003859599999999963,0.19999999999999996
ViSmish_08458,0,0,0.9992348,True,1.0,external_curated,P2P hard negative,1.0,0.005385748199999998,0.9946142518,0.19999999999999996
ViSmish_08459,0,0,0.99934405,True,1.0,real,Viễn thông,1.0,0.004996004799999999,0.9950039952,0.19999999999999996
ViSmish_08462,1,1,0.99960715,True,1.0,paraphrased,BHXH / Trợ cấp giả,1.0,0.99611199,0.003888010000000053,0.19999999999999996
ViSmish_08463,1,1,0.9996252,True,1.0,paraphrased,Dịch vụ công giả,1.0,0.996200788,0.0037992119999999963,0.19999999999999996
ViSmish_08464,1,1,0.9992567,True,1.0,paraphrased,BHXH / Trợ cấp giả,1.0,0.9946900000000001,0.005309999999999926,0.19999999999999996
ViSmish_08465,0,0,0.9994838,True,1.0,synthetic,Tin nhắn cá nhân và OTP,1.0,0.004443843199999999,0.9955561568,0.19999999999999996
ViSmish_08466,1,1,0.99962723,True,1.0,paraphrased,BHXH / Trợ cấp giả,1.0,0.9962114,0.003788600000000031,0.19999999999999996
ViSmish_08467,1,1,0.99945945,True,1.0,synthetic_hard_positive,Đòi nợ / Đe dọa,1.0,0.99545436,0.0045456400000000174,0.19999999999999996
ViSmish_08469,0,0,0.9994436,True,1.0,real,Viễn thông,1.0,0.004610189399999999,0.9953898106,0.19999999999999996
ViSmish_08470,0,0,0.9992937,True,1.0,external_curated,P2P hard negative,1.0,0.005179422999999998,0.994820577,0.19999999999999996
ViSmish_08471,1,1,0.9995617,True,1.0,synthetic_hard_positive,BHXH / Trợ cấp giả,1.0,0.99589789,0.004102110000000048,0.19999999999999996
ViSmish_08472,1,1,0.99959236,True,1.0,paraphrased,Nội dung nhạy cảm,1.0,0.99604118,0.0039588200000000295,0.19999999999999996
ViSmish_08473,0,0,0.99934584,True,1.0,synthetic,Viễn thông,1.0,0.004989221999999999,0.995010778,0.19999999999999996
ViSmish_08476,1,1,0.99962497,True,1.0,paraphrased,BHXH / Trợ cấp giả,1.0,0.99619972,0.0038002799999999892,0.19999999999999996
ViSmish_08477,0,0,0.9994823,True,1.0,real,Tin nhắn cá nhân và OTP,1.0,0.004450646399999999,0.9955493536,0.19999999999999996
ViSmish_08479,1,1,0.99962676,True,1.0,paraphrased,BHXH / Trợ cấp giả,1.0,0.99620887,0.003791129999999976,0.19999999999999996
ViSmish_08480,0,0,0.9994617,True,1.0,synthetic,Tin nhắn cá nhân và OTP,1.0,0.004536330399999999,0.9954636696,0.19999999999999996
ViSmish_08481,0,0,0.9994758,True,1.0,synthetic,Thương mại điện tử,1.0,0.004478012399999998,0.9955219876,0.19999999999999996
ViSmish_08482,1,1,0.99956495,True,1.0,synthetic_hard_positive,Khác,1.0,0.9959128740000001,0.004087125999999941,0.19999999999999996
ViSmish_08483,0,0,0.99946696,True,1.0,synthetic,Thương mại điện tử,1.0,0.004514360399999999,0.9954856396,0.19999999999999996
ViSmish_08484,0,0,0.9992955,True,1.0,synthetic,Quảng cáo hợp lệ,1.0,0.005172821199999999,0.9948271788,0.19999999999999996
ViSmish_08485,0,0,0.9993918,True,1.0,real,Viễn thông,1.0,0.004815131399999999,0.9951848686,0.19999999999999996
ViSmish_08488,0,0,0.9994929,True,1.0,synthetic,Vận chuyển,1.0,0.004405727199999999,0.9955942728,0.19999999999999996
ViSmish_08489,0,0,0.99938107,True,1.0,external_curated,P2P hard negative,1.0,0.004856230599999999,0.9951437694,0.19999999999999996
ViSmish_08490,0,0,0.99934715,True,1.0,real,Viễn thông,1.0,0.004984348199999999,0.9950156518,0.19999999999999996
ViSmish_08491,1,1,0.9996137,True,1.0,paraphrased,BHXH / Trợ cấp giả,1.0,0.9961437200000001,0.003856279999999934,0.19999999999999996
ViSmish_08492,0,0,0.99944896,True,1.0,synthetic,Tin nhắn cá nhân và OTP,1.0,0.004588202799999999,0.9954117972,0.19999999999999996
ViSmish_08494,0,0,0.99936575,True,1.0,synthetic,Ngân hàng thật,1.0,0.004914614999999999,0.995085385,0.19999999999999996
ViSmish_08495,0,0,0.9994823,True,1.0,real,Viễn thông,1.0,0.004450602799999999,0.9955493972,0.19999999999999996
ViSmish_08496,0,0,0.9994721,True,1.0,synthetic,Dịch vụ công thật,1.0,0.004493366599999999,0.9955066334,0.19999999999999996
ViSmish_08497,1,1,0.9994155,True,1.0,synthetic_hard_positive,Giả mạo ngân hàng,1.0,0.99527769,0.004722310000000007,0.19999999999999996
ViSmish_08499,1,1,0.99960846,True,1.0,paraphrased,Dịch vụ công giả,1.0,0.9961181800000001,0.0038818199999999248,0.19999999999999996
ViSmish_08501,1,1,0.9996158,True,1.0,paraphrased,Tuyển dụng giả,1.0,0.9961548,0.003845199999999993,0.19999999999999996
ViSmish_08503,1,1,0.9996208,True,1.0,paraphrased,Giả mạo ngân hàng,1.0,0.99617914,0.003820860000000037,0.19999999999999996
ViSmish_08506,0,0,0.9994517,True,1.0,real,Vận chuyển,1.0,0.004577209799999999,0.9954227902,0.19999999999999996
ViSmish_08508,1,1,0.99960726,True,1.0,paraphrased,Cờ bạc / Betting,1.0,0.996112608,0.0038873919999999895,0.19999999999999996
ViSmish_08509,0,0,0.9994504,True,1.0,real,Tin nhắn cá nhân và OTP,1.0,0.004582710599999999,0.9954172894,0.19999999999999996
ViSmish_08510,0,0,0.99941826,True,1.0,synthetic,Thương mại điện tử,1.0,0.004711506599999998,0.9952884934,0.19999999999999996
ViSmish_08511,0,0,0.9994949,True,1.0,real,Tin nhắn cá nhân và OTP,1.0,0.0043973096,0.9956026904,0.19999999999999996
ViSmish_08512,0,0,0.99945265,True,1.0,external_real,P2P hội thoại thông thường,1.0,0.004573177199999999,0.9954268228,0.19999999999999996
ViSmish_08513,1,1,0.99954444,True,1.0,paraphrased,Nội dung nhạy cảm,1.0,0.9958198899999999,0.00418011000000007,0.19999999999999996
ViSmish_08514,0,0,0.99948406,True,1.0,real,Tin nhắn cá nhân và OTP,1.0,0.0044432073999999995,0.9955567926,0.19999999999999996
ViSmish_08516,1,1,0.99961096,True,1.0,paraphrased,Dịch vụ công giả,1.0,0.99613061,0.0038693899999999726,0.19999999999999996
ViSmish_08517,0,0,0.9994616,True,1.0,synthetic,Tin nhắn cá nhân và OTP,1.0,0.0045367255999999995,0.9954632744,0.19999999999999996
ViSmish_08519,1,1,0.9995327,True,1.0,synthetic_hard_positive,Khác,1.0,0.995767152,0.004232848000000011,0.19999999999999996
ViSmish_08520,0,0,0.99949884,True,1.0,synthetic,Vận chuyển,1.0,0.0043801475999999985,0.9956198524,0.19999999999999996
ViSmish_08521,0,0,0.99934274,True,1.0,synthetic,Dịch vụ công thật,1.0,0.005000912799999999,0.9949990872,0.19999999999999996
ViSmish_08524,0,0,0.9994506,True,1.0,external_curated,P2P hard negative,1.0,0.004581409599999999,0.9954185904,0.19999999999999996
ViSmish_08525,1,1,0.99961925,True,1.0,paraphrased,Crypto / Đầu tư giả,1.0,0.99617168,0.003828319999999996,0.19999999999999996
ViSmish_08526,1,1,0.9996189,True,1.0,paraphrased,BHXH / Trợ cấp giả,1.0,0.996169686,0.0038303140000000013,0.19999999999999996
ViSmish_08528,0,0,0.9994431,True,1.0,external_real,P2P hội thoại thông thường,1.0,0.004611959599999999,0.9953880404,0.19999999999999996
ViSmish_08529,0,0,0.99941623,True,1.0,external_real,P2P hội thoại thông thường,1.0,0.004719643599999999,0.9952803564,0.19999999999999996
ViSmish_08530,0,0,0.99947613,True,1.0,real,Viễn thông,1.0,0.004476240199999999,0.9955237598,0.19999999999999996
ViSmish_08533,1,1,0.9995987,True,1.0,paraphrased,Crypto / Đầu tư giả,1.0,0.996071494,0.003928506000000054,0.19999999999999996
ViSmish_08535,0,0,0.9989818,True,1.0,external_real,P2P hội thoại thông thường,1.0,0.0061874869999999985,0.993812513,0.19999999999999996
ViSmish_08536,1,1,0.99958426,True,1.0,paraphrased,Cờ bạc / Betting,1.0,0.9960028400000001,0.003997159999999944,0.19999999999999996
ViSmish_08537,0,0,0.9994759,True,1.0,real,Khác,1.0,0.004477530999999999,0.995522469,0.19999999999999996
ViSmish_08539,1,1,0.9995378,True,1.0,paraphrased,Dịch vụ công giả,1.0,0.9957898000000001,0.004210199999999942,0.19999999999999996
ViSmish_08540,1,1,0.99953794,True,1.0,paraphrased,Crypto / Đầu tư giả,1.0,0.9957903,0.004209699999999983,0.19999999999999996
ViSmish_08541,0,0,0.99943024,True,1.0,real,Viễn thông,1.0,0.004663765999999999,0.995336234,0.19999999999999996
ViSmish_08542,1,1,0.99960464,True,1.0,paraphrased,Dịch vụ công giả,1.0,0.99609982,0.003900180000000031,0.19999999999999996
ViSmish_08543,0,0,0.9993992,True,1.0,external_real,P2P hội thoại thông thường,1.0,0.004786330799999999,0.9952136692,0.19999999999999996
ViSmish_08544,0,0,0.9994349,True,1.0,external_real,P2P hội thoại thông thường,1.0,0.004645348399999999,0.9953546516,0.19999999999999996
ViSmish_08545,1,1,0.9996257,True,1.0,paraphrased,Dịch vụ công giả,1.0,0.99620334,0.0037966600000000073,0.19999999999999996
ViSmish_08546,1,1,0.9993303,True,1.0,paraphrased,Đòi nợ / Đe dọa,1.0,0.99495316,0.005046839999999997,0.19999999999999996
ViSmish_08547,0,0,0.9994087,True,1.0,synthetic,Ngân hàng thật,1.0,0.004749037599999999,0.9952509624,0.19999999999999996
ViSmish_08548,0,0,0.9992945,True,1.0,real,Tin nhắn cá nhân và OTP,1.0,0.005176357199999999,0.9948236428,0.19999999999999996
ViSmish_08550,1,1,0.9994685,True,1.0,paraphrased,Dịch vụ công giả,1.0,0.99549192,0.004508080000000025,0.19999999999999996
ViSmish_08551,0,0,0.9994916,True,1.0,real,Viễn thông,1.0,0.004411465399999999,0.9955885346,0.19999999999999996
ViSmish_08552,1,1,0.99961984,True,1.0,paraphrased,Dịch vụ công giả,1.0,0.99617418,0.00382581999999998,0.19999999999999996
ViSmish_08553,1,1,0.99961877,True,1.0,paraphrased,Giả mạo ngân hàng,1.0,0.99616912,0.003830879999999981,0.19999999999999996
ViSmish_08554,1,1,0.9996093,True,1.0,paraphrased,Dịch vụ công giả,1.0,0.996122586,0.003877413999999968,0.19999999999999996
ViSmish_08555,1,1,0.99958926,True,1.0,paraphrased,BHXH / Trợ cấp giả,1.0,0.99602618,0.003973820000000017,0.19999999999999996
ViSmish_08559,1,1,0.999616,True,1.0,paraphrased,BHXH / Trợ cấp giả,1.0,0.99615562,0.0038443799999999806,0.19999999999999996
ViSmish_08560,1,1,0.99962103,True,1.0,paraphrased,Nội dung nhạy cảm,1.0,0.9961801880000001,0.0038198119999999225,0.19999999999999996
ViSmish_08561,0,0,0.9990269,True,1.0,external_curated,P2P hard negative,1.0,0.006052909799999999,0.9939470902,0.19999999999999996
ViSmish_08562,1,1,0.99961984,True,1.0,paraphrased,Cờ bạc / Betting,1.0,0.9961746,0.003825399999999979,0.19999999999999996
ViSmish_08563,0,0,0.99947256,True,1.0,external_curated,P2P hard negative,1.0,0.004491140999999999,0.995508859,0.19999999999999996
ViSmish_08567,1,1,0.9996171,True,1.0,paraphrased,Đòi nợ / Đe dọa,1.0,0.9961607,0.00383929999999999,0.19999999999999996
ViSmish_08569,0,0,0.9993356,True,1.0,real,Quảng cáo hợp lệ,1.0,0.005027320199999999,0.9949726798,0.19999999999999996
ViSmish_08570,1,1,0.9996196,True,1.0,paraphrased,Giả mạo ngân hàng,1.0,0.9961732400000001,0.003826759999999929,0.19999999999999996
ViSmish_08571,0,0,0.9994704,True,1.0,synthetic,Dịch vụ y tế,1.0,0.004500425999999998,0.995499574,0.19999999999999996
ViSmish_08572,0,0,0.99946314,True,1.0,real,Viễn thông,1.0,0.004530233999999999,0.995469766,0.19999999999999996
ViSmish_08573,1,1,0.99959797,True,1.0,paraphrased,Crypto / Đầu tư giả,1.0,0.99606774,0.003932260000000021,0.19999999999999996
ViSmish_08574,1,1,0.99949753,True,1.0,synthetic_hard_positive,Khác,1.0,0.99561402,0.0043859800000000115,0.19999999999999996
ViSmish_08575,1,1,0.9995278,True,1.0,synthetic_hard_positive,Khác,1.0,0.995745646,0.00425435399999996,0.19999999999999996
ViSmish_08576,1,1,0.999627,True,1.0,paraphrased,Tuyển dụng giả,1.0,0.99620967,0.003790329999999953,0.19999999999999996
ViSmish_08578,0,0,0.99944395,True,1.0,synthetic,Ngân hàng thật,1.0,0.004608944799999999,0.9953910552,0.19999999999999996
ViSmish_08580,0,0,0.9994823,True,1.0,synthetic,Dịch vụ y tế,1.0,0.004450718999999999,0.995549281,0.19999999999999996
ViSmish_08581,0,0,0.99945325,True,1.0,synthetic,Quảng cáo hợp lệ,1.0,0.004570990399999999,0.9954290096,0.19999999999999996
ViSmish_08582,1,1,0.99961334,True,1.0,paraphrased,Cờ bạc / Betting,1.0,0.99614203,0.0038579699999999884,0.19999999999999996
ViSmish_08584,1,1,0.99962103,True,1.0,paraphrased,Tuyển dụng giả,1.0,0.9961800940000001,0.0038199059999999285,0.19999999999999996
ViSmish_08586,1,1,0.99947184,True,1.0,synthetic_hard_positive,Giả mạo ngân hàng,1.0,0.99550554,0.004494459999999978,0.19999999999999996
ViSmish_08587,1,1,0.9996164,True,1.0,paraphrased,Giả mạo ngân hàng,1.0,0.9961576,0.0038424000000000236,0.19999999999999996
ViSmish_08588,1,1,0.9996136,True,1.0,paraphrased,Tuyển dụng giả,1.0,0.99614326,0.003856740000000025,0.19999999999999996
ViSmish_08590,0,0,0.9994529,True,1.0,synthetic,Dịch vụ y tế,1.0,0.004572196599999999,0.9954278034,0.19999999999999996
ViSmish_08591,0,0,0.999102,True,1.0,real,Quảng cáo hợp lệ,1.0,0.005821556599999999,0.9941784434000001,0.19999999999999996
ViSmish_08593,0,0,0.9993612,True,1.0,synthetic,Dịch vụ công thật,1.0,0.004931901999999998,0.995068098,0.19999999999999996
ViSmish_08595,1,1,0.99946433,True,1.0,real,Cờ bạc / Betting,1.0,0.99547474,0.004525259999999975,0.19999999999999996
ViSmish_08596,1,1,0.99957436,True,1.0,synthetic_hard_positive,Tuyển dụng giả,1.0,0.9959566479999999,0.004043352000000056,0.19999999999999996
ViSmish_08597,1,1,0.99960905,True,1.0,paraphrased,BHXH / Trợ cấp giả,1.0,0.99612148,0.0038785199999999964,0.19999999999999996
ViSmish_08598,1,1,0.99961674,True,1.0,paraphrased,BHXH / Trợ cấp giả,1.0,0.99615934,0.0038406600000000513,0.19999999999999996
ViSmish_08601,0,0,0.9994555,True,1.0,external_curated,P2P hard negative,1.0,0.0045617919999999985,0.995438208,0.19999999999999996
ViSmish_08602,1,1,0.9995976,True,1.0,paraphrased,Crypto / Đầu tư giả,1.0,0.9960659000000001,0.00393409999999994,0.19999999999999996
ViSmish_08604,0,0,0.99948114,True,1.0,synthetic,Quảng cáo hợp lệ,1.0,0.004455431599999999,0.9955445684,0.19999999999999996
ViSmish_08605,0,0,0.9994155,True,1.0,synthetic,Viễn thông,1.0,0.004722501399999999,0.9952774986,0.19999999999999996
ViSmish_08607,0,0,0.9994764,True,1.0,synthetic,Thương mại điện tử,1.0,0.0044753139999999985,0.995524686,0.19999999999999996
ViSmish_08609,1,1,0.99962616,True,1.0,paraphrased,Nội dung nhạy cảm,1.0,0.9962057200000001,0.0037942799999999277,0.19999999999999996
ViSmish_08610,1,1,0.99957985,True,1.0,paraphrased,Tuyển dụng giả,1.0,0.9959819599999999,0.004018040000000056,0.19999999999999996
ViSmish_08611,1,1,0.9995932,True,1.0,paraphrased,Tuyển dụng giả,1.0,0.99604528,0.003954719999999967,0.19999999999999996
ViSmish_08613,0,0,0.99941814,True,1.0,synthetic,Dịch vụ công thật,1.0,0.004712070599999999,0.9952879294,0.19999999999999996
ViSmish_08614,1,1,0.99961877,True,1.0,paraphrased,Tuyển dụng giả,1.0,0.9961690400000001,0.003830959999999939,0.19999999999999996
ViSmish_08615,1,1,0.99955195,True,1.0,paraphrased,Crypto / Đầu tư giả,1.0,0.995853448,0.0041465520000000256,0.19999999999999996
ViSmish_08616,0,0,0.999479,True,1.0,synthetic,Dịch vụ y tế,1.0,0.004464496999999999,0.995535503,0.19999999999999996
ViSmish_08618,0,0,0.9994184,True,1.0,synthetic,Tin nhắn cá nhân và OTP,1.0,0.004711053599999999,0.9952889464,0.19999999999999996
ViSmish_08621,1,1,0.99954456,True,1.0,synthetic_hard_positive,Dịch vụ công giả,1.0,0.9958203919999999,0.004179608000000057,0.19999999999999996
ViSmish_08622,0,0,0.99937016,True,1.0,external_curated,P2P hard negative,1.0,0.004898226999999999,0.995101773,0.19999999999999996
ViSmish_08623,0,0,0.9994941,True,1.0,synthetic,Dịch vụ y tế,1.0,0.004400367999999999,0.995599632,0.19999999999999996
ViSmish_08624,1,1,0.9995783,True,1.0,paraphrased,Cờ bạc / Betting,1.0,0.99597484,0.004025159999999972,0.19999999999999996
ViSmish_08625,1,1,0.99962306,True,1.0,paraphrased,Đòi nợ / Đe dọa,1.0,0.996190166,0.003809834000000012,0.19999999999999996
ViSmish_08628,0,0,0.999469,True,1.0,real,Viễn thông,1.0,0.004506220999999999,0.995493779,0.19999999999999996
ViSmish_08629,0,0,0.99947315,True,1.0,synthetic,Vận chuyển,1.0,0.004488891999999999,0.995511108,0.19999999999999996
ViSmish_08630,1,1,0.9996006,True,1.0,paraphrased,Nội dung nhạy cảm,1.0,0.99608064,0.003919360000000038,0.19999999999999996
ViSmish_08631,0,0,0.9994722,True,1.0,real,Khác,1.0,0.004492968399999998,0.9955070316,0.19999999999999996
ViSmish_08632,1,1,0.9996112,True,1.0,paraphrased,Dịch vụ công giả,1.0,0.996131552,0.003868447999999969,0.19999999999999996
ViSmish_08633,0,0,0.9962913,True,1.0,real,Dịch vụ công thật,1.0,0.011500767999999998,0.988499232,0.19999999999999996
ViSmish_08634,0,0,0.99368614,True,1.0,real,Viễn thông,1.0,0.014765367999999997,0.985234632,0.19999999999999996
ViSmish_08637,1,1,0.9996263,True,1.0,paraphrased,Tuyển dụng giả,1.0,0.99620639,0.003793610000000003,0.19999999999999996
ViSmish_08638,1,1,0.99962044,True,1.0,paraphrased,Crypto / Đầu tư giả,1.0,0.99617758,0.003822419999999993,0.19999999999999996
ViSmish_08639,0,0,0.99942505,True,1.0,real,Viễn thông,1.0,0.004684752599999999,0.9953152474,0.19999999999999996
ViSmish_08641,1,1,0.9995926,True,1.0,paraphrased,Tuyển dụng giả,1.0,0.996042192,0.003957808000000007,0.19999999999999996
ViSmish_08643,0,0,0.9993381,True,1.0,synthetic,Tin nhắn cá nhân và OTP,1.0,0.005017872799999999,0.9949821272,0.19999999999999996
ViSmish_08645,1,1,0.9996278,True,1.0,paraphrased,Cờ bạc / Betting,1.0,0.99621421,0.003785790000000011,0.19999999999999996
ViSmish_08646,1,1,0.99962294,True,1.0,paraphrased,Giả mạo ngân hàng,1.0,0.9961895199999999,0.0038104800000000605,0.19999999999999996
ViSmish_08647,0,0,0.99919444,True,1.0,real,Viễn thông,1.0,0.005522093599999999,0.9944779064,0.19999999999999996
ViSmish_08649,0,0,0.9994504,True,1.0,external_curated,P2P hard negative,1.0,0.004582501999999999,0.995417498,0.19999999999999996
ViSmish_08650,1,1,0.9996213,True,1.0,paraphrased,Cờ bạc / Betting,1.0,0.996181452,0.0038185480000000327,0.19999999999999996
ViSmish_08651,0,0,0.9994815,True,1.0,synthetic,Quảng cáo hợp lệ,1.0,0.004454227199999999,0.9955457728,0.19999999999999996
ViSmish_08653,1,1,0.99962234,True,1.0,paraphrased,Giả mạo ngân hàng,1.0,0.99618666,0.0038133399999999984,0.19999999999999996
ViSmish_08655,1,1,0.9996101,True,1.0,paraphrased,Nội dung nhạy cảm,1.0,0.99612639,0.003873609999999972,0.19999999999999996
ViSmish_08656,1,1,0.9995254,True,1.0,synthetic_hard_positive,Giả mạo ngân hàng,1.0,0.99573481,0.00426519000000003,0.19999999999999996
ViSmish_08657,0,0,0.9994659,True,1.0,synthetic,Tin nhắn cá nhân và OTP,1.0,0.004519162599999999,0.9954808374,0.19999999999999996
ViSmish_08660,1,1,0.99956316,True,1.0,paraphrased,BHXH / Trợ cấp giả,1.0,0.995904386,0.004095614000000025,0.19999999999999996
ViSmish_08661,1,1,0.9996092,True,1.0,paraphrased,Nội dung nhạy cảm,1.0,0.99612214,0.0038778600000000107,0.19999999999999996
ViSmish_08662,1,1,0.9995623,True,1.0,paraphrased,Cờ bạc / Betting,1.0,0.995900512,0.00409948800000004,0.19999999999999996
ViSmish_08663,0,0,0.9994703,True,1.0,synthetic,Quảng cáo hợp lệ,1.0,0.00450074,0.99549926,0.19999999999999996
ViSmish_08664,0,0,0.9994844,True,1.0,external_curated,P2P hard negative,1.0,0.004441609999999999,0.99555839,0.19999999999999996
ViSmish_08666,1,1,0.99961406,True,1.0,paraphrased,Dịch vụ công giả,1.0,0.99614576,0.0038542400000000088,0.19999999999999996
ViSmish_08668,0,0,0.99935657,True,1.0,external_curated,P2P hard negative,1.0,0.004949247999999999,0.995050752,0.19999999999999996
ViSmish_08672,0,0,0.9994618,True,1.0,real,Ngân hàng thật,1.0,0.004535493999999999,0.995464506,0.19999999999999996
ViSmish_08675,0,0,0.99929714,True,1.0,external_curated,P2P hard negative,1.0,0.005167008999999999,0.994832991,0.19999999999999996
ViSmish_08676,0,0,0.99943584,True,1.0,real,Viễn thông,1.0,0.004641459999999999,0.99535854,0.19999999999999996
ViSmish_08677,0,0,0.9994381,True,1.0,synthetic,Dịch vụ y tế,1.0,0.004632205599999999,0.9953677944,0.19999999999999996
ViSmish_08678,1,1,0.9996111,True,1.0,paraphrased,BHXH / Trợ cấp giả,1.0,0.996131432,0.0038685680000000167,0.19999999999999996
ViSmish_08680,0,0,0.9994836,True,1.0,synthetic,Vận chuyển,1.0,0.004444984799999999,0.9955550152,0.19999999999999996
ViSmish_08681,1,1,0.9996202,True,1.0,paraphrased,Tuyển dụng giả,1.0,0.99617606,0.00382393999999997,0.19999999999999996
ViSmish_08683,1,1,0.99960846,True,1.0,paraphrased,Dịch vụ công giả,1.0,0.99611845,0.0038815500000000114,0.19999999999999996
ViSmish_08685,0,0,0.9993843,True,1.0,real,Tin nhắn cá nhân và OTP,1.0,0.0048438961999999995,0.9951561038,0.19999999999999996
ViSmish_08686,0,0,0.99948716,True,1.0,real,Viễn thông,1.0,0.004429897599999999,0.9955701024,0.19999999999999996
ViSmish_08687,0,0,0.99877256,True,1.0,real,Dịch vụ công thật,1.0,0.006773876399999999,0.9932261236,0.19999999999999996
ViSmish_08688,0,0,0.99943477,True,1.0,real,Khác,1.0,0.004645876199999999,0.9953541238,0.19999999999999996
ViSmish_08689,0,0,0.9991246,True,1.0,synthetic,Quảng cáo hợp lệ,1.0,0.005749993799999999,0.9942500062,0.19999999999999996
ViSmish_08690,1,1,0.99958223,True,1.0,paraphrased,Tuyển dụng giả,1.0,0.99599304,0.004006960000000004,0.19999999999999996
ViSmish_08691,1,1,0.99961346,True,1.0,paraphrased,Cờ bạc / Betting,1.0,0.99614271,0.003857290000000013,0.19999999999999996
ViSmish_08692,1,1,0.99960417,True,1.0,paraphrased,Dịch vụ công giả,1.0,0.9960977799999999,0.0039022200000000673,0.19999999999999996
ViSmish_08693,1,1,0.99960095,True,1.0,paraphrased,Giả mạo ngân hàng,1.0,0.99608233,0.003917669999999984,0.19999999999999996
ViSmish_08694,1,1,0.99960667,True,1.0,paraphrased,Tuyển dụng giả,1.0,0.9961099259999999,0.0038900740000000766,0.19999999999999996
ViSmish_08695,0,0,0.9993445,True,1.0,external_curated,P2P hard negative,1.0,0.0049943611999999984,0.9950056388,0.19999999999999996
ViSmish_08696,0,0,0.9993673,True,1.0,synthetic,Viễn thông,1.0,0.004909008799999999,0.9950909912,0.19999999999999996
ViSmish_08697,0,0,0.99934536,True,1.0,external_curated,P2P hard negative,1.0,0.0049912709999999985,0.995008729,0.19999999999999996
ViSmish_08698,0,0,0.9994842,True,1.0,synthetic,Thương mại điện tử,1.0,0.004442666399999999,0.9955573336,0.19999999999999996
ViSmish_08701,0,0,0.9981635,True,1.0,real,Khác,1.0,0.008225901999999998,0.991774098,0.19999999999999996
ViSmish_08702,0,0,0.9994754,True,1.0,external_real,P2P hội thoại thông thường,1.0,0.004479202199999999,0.9955207978,0.19999999999999996
ViSmish_08705,0,0,0.9992112,True,1.0,real,Khác,1.0,0.0054656587999999985,0.9945343412,0.19999999999999996
ViSmish_08707,1,1,0.9995608,True,1.0,paraphrased,Crypto / Đầu tư giả,1.0,0.995893908,0.004106092000000006,0.19999999999999996
ViSmish_08711,0,0,0.9994299,True,1.0,synthetic,Quảng cáo hợp lệ,1.0,0.004665124799999999,0.9953348752,0.19999999999999996
ViSmish_08712,0,0,0.9994666,True,1.0,real,Khác,1.0,0.004516259199999999,0.9954837408,0.19999999999999996
ViSmish_08715,0,0,0.9993481,True,1.0,real,Viễn thông,1.0,0.004980871999999999,0.995019128,0.19999999999999996
ViSmish_08716,1,1,0.99953055,True,1.0,paraphrased,Crypto / Đầu tư giả,1.0,0.99575738,0.004242619999999975,0.19999999999999996
ViSmish_08718,0,0,0.99937016,True,1.0,external_curated,P2P hard negative,1.0,0.004897886799999999,0.9951021132,0.19999999999999996
ViSmish_08722,1,1,0.9995939,True,1.0,paraphrased,Cờ bạc / Betting,1.0,0.99604824,0.003951759999999971,0.19999999999999996
ViSmish_08723,0,0,0.99949276,True,1.0,synthetic,Vận chuyển,1.0,0.004406025199999999,0.9955939748,0.19999999999999996
ViSmish_08724,1,1,0.99962044,True,1.0,paraphrased,Giả mạo ngân hàng,1.0,0.9961776,0.0038224000000000036,0.19999999999999996
ViSmish_08725,0,0,0.9994529,True,1.0,synthetic,Ngân hàng thật,1.0,0.004572436199999998,0.9954275638,0.19999999999999996
ViSmish_08726,1,1,0.99958926,True,1.0,paraphrased,Cờ bạc / Betting,1.0,0.996026408,0.003973592000000026,0.19999999999999996
ViSmish_08727,1,1,0.9995327,True,1.0,synthetic_hard_positive,Khác,1.0,0.99576686,0.004233139999999969,0.19999999999999996
ViSmish_08729,0,0,0.99861455,True,1.0,real,Khác,1.0,0.007181851999999998,0.992818148,0.19999999999999996
ViSmish_08730,0,1,0.7746987,False,0.3,real,Tin nhắn cá nhân và OTP,0.3,0.038979227999999984,0.961020772,0.059999999999999984
ViSmish_08734,1,1,0.9996094,True,1.0,paraphrased,Nội dung nhạy cảm,1.0,0.9961230400000001,0.0038769599999999294,0.19999999999999996
ViSmish_08736,0,0,0.9994698,True,1.0,synthetic,Tin nhắn cá nhân và OTP,1.0,0.004502752799999999,0.9954972472,0.19999999999999996
ViSmish_08737,1,1,0.9996196,True,1.0,paraphrased,BHXH / Trợ cấp giả,1.0,0.99617342,0.003826580000000024,0.19999999999999996
ViSmish_08738,1,1,0.9996069,True,1.0,paraphrased,BHXH / Trợ cấp giả,1.0,0.9961110719999999,0.0038889280000000692,0.19999999999999996
ViSmish_08739,0,0,0.9994417,True,1.0,synthetic,Dịch vụ công thật,1.0,0.004617925399999999,0.9953820746,0.19999999999999996
ViSmish_08741,1,1,0.99962056,True,1.0,paraphrased,BHXH / Trợ cấp giả,1.0,0.99617778,0.0038222199999999873,0.19999999999999996
ViSmish_08742,0,0,0.99948704,True,1.0,synthetic,Viễn thông,1.0,0.004430432999999999,0.995569567,0.19999999999999996
ViSmish_08743,1,1,0.9995685,True,1.0,paraphrased,Nội dung nhạy cảm,1.0,0.99592906,0.004070939999999967,0.19999999999999996
ViSmish_08744,1,1,0.9996247,True,1.0,paraphrased,BHXH / Trợ cấp giả,1.0,0.9961986,0.003801399999999955,0.19999999999999996
ViSmish_08745,1,1,0.9995963,True,1.0,paraphrased,Dịch vụ công giả,1.0,0.996060014,0.003939986000000006,0.19999999999999996
ViSmish_08746,0,0,0.9994567,True,1.0,synthetic,Thương mại điện tử,1.0,0.004556944599999999,0.9954430554,0.19999999999999996
ViSmish_08747,1,1,0.9995938,True,1.0,paraphrased,Cờ bạc / Betting,1.0,0.99604801,0.003951990000000016,0.19999999999999996
ViSmish_08749,1,1,0.9995598,True,1.0,paraphrased,Dịch vụ công giả,1.0,0.99588958,0.004110419999999948,0.19999999999999996
ViSmish_08750,0,0,0.98832256,True,1.0,external_curated,P2P hard negative,1.0,0.019608364999999996,0.980391635,0.19999999999999996
ViSmish_08753,1,1,0.9996289,True,1.0,paraphrased,BHXH / Trợ cấp giả,1.0,0.996219468,0.0037805319999999476,0.19999999999999996
ViSmish_08755,0,0,0.9994773,True,1.0,synthetic,Thương mại điện tử,1.0,0.004471581399999999,0.9955284186,0.19999999999999996
ViSmish_08756,1,1,0.99946576,True,1.0,paraphrased,Crypto / Đầu tư giả,1.0,0.995480252,0.00451974799999999,0.19999999999999996
ViSmish_08758,1,1,0.9989882,True,1.0,real,Khác,1.0,0.9938315520000001,0.0061684479999999375,0.19999999999999996
ViSmish_08759,1,1,0.99961287,True,1.0,paraphrased,Crypto / Đầu tư giả,1.0,0.99614017,0.0038598300000000085,0.19999999999999996
ViSmish_08760,1,1,0.999456,True,1.0,paraphrased,BHXH / Trợ cấp giả,1.0,0.9954403199999999,0.004559680000000066,0.19999999999999996
ViSmish_08761,0,0,0.99938715,True,1.0,synthetic,Dịch vụ công thật,1.0,0.004832946799999999,0.9951670532,0.19999999999999996
ViSmish_08762,1,1,0.9996233,True,1.0,paraphrased,Tuyển dụng giả,1.0,0.99619182,0.00380818000000005,0.19999999999999996
ViSmish_08764,1,1,0.9995394,True,1.0,synthetic_hard_positive,BHXH / Trợ cấp giả,1.0,0.995796788,0.004203211999999956,0.19999999999999996
ViSmish_08765,1,1,0.99950945,True,1.0,synthetic_hard_positive,Tuyển dụng giả,1.0,0.9956654,0.004334599999999966,0.19999999999999996
ViSmish_08766,1,1,0.9995883,True,1.0,paraphrased,Nội dung nhạy cảm,1.0,0.99602208,0.003977919999999968,0.19999999999999996
ViSmish_08767,0,0,0.9994529,True,1.0,synthetic,Tin nhắn cá nhân và OTP,1.0,0.004572432399999999,0.9954275676,0.19999999999999996
ViSmish_08768,0,0,0.99947244,True,1.0,synthetic,Tin nhắn cá nhân và OTP,1.0,0.004491684999999999,0.995508315,0.19999999999999996
ViSmish_08769,0,0,0.99947494,True,1.0,synthetic,Thương mại điện tử,1.0,0.004481177999999999,0.995518822,0.19999999999999996
ViSmish_08770,0,0,0.99943894,True,1.0,synthetic,Dịch vụ công thật,1.0,0.004628896399999999,0.9953711036,0.19999999999999996
ViSmish_08771,1,1,0.9996228,True,1.0,paraphrased,Tuyển dụng giả,1.0,0.99618922,0.0038107800000000136,0.19999999999999996
ViSmish_08772,1,1,0.9995741,True,1.0,synthetic_hard_positive,Khác,1.0,0.9959551799999999,0.00404482000000006,0.19999999999999996
ViSmish_08775,1,1,0.9996196,True,1.0,paraphrased,Tuyển dụng giả,1.0,0.99617342,0.003826580000000024,0.19999999999999996
ViSmish_08776,1,1,0.9991898,True,1.0,paraphrased,Cờ bạc / Betting,1.0,0.994462728,0.005537271999999982,0.19999999999999996
ViSmish_08781,1,1,0.9995858,True,1.0,paraphrased,Cờ bạc / Betting,1.0,0.99601012,0.003989880000000001,0.19999999999999996
ViSmish_08782,0,0,0.99948406,True,1.0,synthetic,Tin nhắn cá nhân và OTP,1.0,0.004442773399999999,0.9955572266,0.19999999999999996
ViSmish_08783,1,1,0.999595,True,1.0,paraphrased,Dịch vụ công giả,1.0,0.996053552,0.003946447999999991,0.19999999999999996
ViSmish_08784,0,0,0.99774975,True,1.0,external_curated,P2P hard negative,1.0,0.009067378999999999,0.990932621,0.19999999999999996
ViSmish_08785,1,1,0.9995927,True,1.0,paraphrased,Nội dung nhạy cảm,1.0,0.996042788,0.003957211999999988,0.19999999999999996
ViSmish_08786,0,0,0.9994037,True,1.0,synthetic,Viễn thông,1.0,0.004768583599999999,0.9952314164,0.19999999999999996
ViSmish_08787,0,0,0.9994504,True,1.0,synthetic,Tin nhắn cá nhân và OTP,1.0,0.004582371999999999,0.995417628,0.19999999999999996
ViSmish_08788,0,0,0.9994325,True,1.0,real,Dịch vụ công thật,1.0,0.004654573599999999,0.9953454264,0.19999999999999996
ViSmish_08790,1,1,0.99950874,True,1.0,synthetic_hard_positive,Khác,1.0,0.995662248,0.0043377519999999725,0.19999999999999996
ViSmish_08792,0,0,0.9994622,True,1.0,synthetic,Dịch vụ y tế,1.0,0.004534440799999999,0.9954655592,0.19999999999999996
ViSmish_08793,1,1,0.9996195,True,1.0,paraphrased,Dịch vụ công giả,1.0,0.99617278,0.00382722000000002,0.19999999999999996
ViSmish_08797,1,1,0.9996209,True,1.0,paraphrased,BHXH / Trợ cấp giả,1.0,0.996180034,0.003819966000000008,0.19999999999999996
ViSmish_08798,0,0,0.9994229,True,1.0,external_real,P2P hội thoại thông thường,1.0,0.004693363199999999,0.9953066368,0.19999999999999996
ViSmish_08799,1,1,0.999619,True,1.0,paraphrased,Crypto / Đầu tư giả,1.0,0.99617058,0.0038294199999999723,0.19999999999999996
ViSmish_08801,0,0,0.9994849,True,1.0,real,Tin nhắn cá nhân và OTP,1.0,0.0044395241999999994,0.9955604758,0.19999999999999996
ViSmish_08803,0,0,0.99948287,True,1.0,synthetic,Quảng cáo hợp lệ,1.0,0.004448084999999999,0.995551915,0.19999999999999996
ViSmish_08804,1,1,0.9995732,True,1.0,paraphrased,Nội dung nhạy cảm,1.0,0.99595095,0.0040490499999999985,0.19999999999999996
ViSmish_08806,1,1,0.9996184,True,1.0,paraphrased,Nội dung nhạy cảm,1.0,0.99616734,0.0038326600000000433,0.19999999999999996
ViSmish_08807,0,1,0.9971589,False,0.3,synthetic,Ngân hàng thật,0.3,0.05695962299999998,0.943040377,0.059999999999999984
ViSmish_08809,0,0,0.99944264,True,1.0,external_real,P2P hội thoại thông thường,1.0,0.0046139072,0.9953860928,0.19999999999999996
ViSmish_08810,1,1,0.9995664,True,1.0,synthetic_hard_positive,Giả mạo ngân hàng,1.0,0.9959192,0.0040807999999999955,0.19999999999999996
ViSmish_08811,0,0,0.9994035,True,1.0,external_curated,P2P hard negative,1.0,0.004769759999999999,0.99523024,0.19999999999999996
ViSmish_08813,0,0,0.99940956,True,1.0,real,Viễn thông,1.0,0.004746072399999999,0.9952539276,0.19999999999999996
ViSmish_08815,0,0,0.99945146,True,1.0,synthetic,Tin nhắn cá nhân và OTP,1.0,0.0045781144,0.9954218856,0.19999999999999996
ViSmish_08817,0,0,0.99948955,True,1.0,synthetic,Vận chuyển,1.0,0.004419804399999999,0.9955801956,0.19999999999999996
ViSmish_08818,0,0,0.9991509,True,1.0,external_curated,P2P hard negative,1.0,0.005665289199999999,0.9943347108,0.19999999999999996
ViSmish_08819,0,0,0.9993555,True,1.0,synthetic,Tin nhắn cá nhân và OTP,1.0,0.004953422799999999,0.9950465772,0.19999999999999996
ViSmish_08820,1,1,0.99957734,True,1.0,paraphrased,Nội dung nhạy cảm,1.0,0.9959705400000001,0.004029459999999929,0.19999999999999996
ViSmish_08822,1,1,0.999613,True,1.0,paraphrased,Dịch vụ công giả,1.0,0.99614074,0.003859260000000031,0.19999999999999996
ViSmish_08823,0,0,0.99947566,True,1.0,synthetic,Viễn thông,1.0,0.004478623999999999,0.995521376,0.19999999999999996
ViSmish_08825,0,0,0.99941504,True,1.0,external_real,P2P hội thoại thông thường,1.0,0.004724562599999999,0.9952754374,0.19999999999999996
ViSmish_08826,1,1,0.999619,True,1.0,paraphrased,BHXH / Trợ cấp giả,1.0,0.996170532,0.003829467999999947,0.19999999999999996
ViSmish_08828,1,1,0.9996165,True,1.0,paraphrased,BHXH / Trợ cấp giả,1.0,0.99615778,0.0038422200000000073,0.19999999999999996
ViSmish_08830,0,0,0.9994856,True,1.0,synthetic,Vận chuyển,1.0,0.004436564799999999,0.9955634352,0.19999999999999996
ViSmish_08831,1,1,0.9995166,True,1.0,paraphrased,Crypto / Đầu tư giả,1.0,0.995696068,0.00430393200000001,0.19999999999999996
ViSmish_08833,0,0,0.9994186,True,1.0,synthetic,Vận chuyển,1.0,0.004710271999999999,0.995289728,0.19999999999999996
ViSmish_08834,0,0,0.9994894,True,1.0,real,Tin nhắn cá nhân và OTP,1.0,0.0044203583999999985,0.9955796416,0.19999999999999996
ViSmish_08835,1,1,0.9996189,True,1.0,paraphrased,Giả mạo ngân hàng,1.0,0.99616971,0.003830290000000014,0.19999999999999996
ViSmish_08836,0,0,0.99940133,True,1.0,real,Viễn thông,1.0,0.004777965599999999,0.9952220344,0.19999999999999996
ViSmish_08837,0,0,0.9994868,True,1.0,real,Tin nhắn cá nhân và OTP,1.0,0.004431251999999999,0.995568748,0.19999999999999996
ViSmish_08838,1,1,0.9994374,True,1.0,paraphrased,Đòi nợ / Đe dọa,1.0,0.9953647999999999,0.0046352000000000615,0.19999999999999996
ViSmish_08839,1,1,0.9996246,True,1.0,paraphrased,Dịch vụ công giả,1.0,0.996197926,0.0038020739999999886,0.19999999999999996
ViSmish_08840,1,1,0.99949,True,1.0,synthetic_hard_positive,Dịch vụ công giả,1.0,0.99558216,0.004417840000000006,0.19999999999999996
ViSmish_08841,0,0,0.99941766,True,1.0,external_real,P2P hội thoại thông thường,1.0,0.004713895199999998,0.9952861048,0.19999999999999996
ViSmish_08842,1,1,0.99760014,True,1.0,paraphrased,Nội dung nhạy cảm,1.0,0.99064916,0.009350839999999971,0.19999999999999996
ViSmish_08843,1,1,0.9996228,True,1.0,paraphrased,Dịch vụ công giả,1.0,0.9961892720000001,0.00381072799999993,0.19999999999999996
ViSmish_08844,1,1,0.9996221,True,1.0,paraphrased,Cờ bạc / Betting,1.0,0.99618538,0.003814619999999991,0.19999999999999996
ViSmish_08845,1,1,0.9996283,True,1.0,paraphrased,BHXH / Trợ cấp giả,1.0,0.996216166,0.0037838340000000414,0.19999999999999996
ViSmish_08846,0,0,0.99929595,True,1.0,synthetic,Quảng cáo hợp lệ,1.0,0.005171353999999999,0.994828646,0.19999999999999996
ViSmish_08847,0,0,0.9994717,True,1.0,real,Viễn thông,1.0,0.004494867199999999,0.9955051328,0.19999999999999996
ViSmish_08848,0,0,0.9995024,True,1.0,synthetic,Thương mại điện tử,1.0,0.004364721999999999,0.995635278,0.19999999999999996
ViSmish_08853,0,0,0.99948454,True,1.0,synthetic,Vận chuyển,1.0,0.004441145999999999,0.995558854,0.19999999999999996
ViSmish_08854,1,1,0.9994916,True,1.0,synthetic_hard_positive,Khác,1.0,0.995588732,0.004411268000000024,0.19999999999999996
ViSmish_08855,1,1,0.9996007,True,1.0,paraphrased,BHXH / Trợ cấp giả,1.0,0.996080888,0.003919111999999947,0.19999999999999996
ViSmish_08856,1,1,0.99950933,True,1.0,synthetic_hard_positive,Giả mạo ngân hàng,1.0,0.9956648459999999,0.004335154000000063,0.19999999999999996
ViSmish_08857,1,1,0.9996283,True,1.0,paraphrased,BHXH / Trợ cấp giả,1.0,0.996216392,0.003783607999999994,0.19999999999999996
ViSmish_08858,1,1,0.99962354,True,1.0,paraphrased,Nội dung nhạy cảm,1.0,0.996192872,0.0038071280000000485,0.19999999999999996
ViSmish_08859,0,0,0.9994912,True,1.0,real,Tin nhắn cá nhân và OTP,1.0,0.004412922199999999,0.9955870778,0.19999999999999996
ViSmish_08861,0,0,0.9992994,True,1.0,real,Viễn thông,1.0,0.005159143799999999,0.9948408562,0.19999999999999996
ViSmish_08862,1,1,0.99950016,True,1.0,synthetic_hard_positive,Khác,1.0,0.995625294,0.004374706000000006,0.19999999999999996
ViSmish_08865,0,0,0.99939823,True,1.0,synthetic,Tin nhắn cá nhân và OTP,1.0,0.004790248799999999,0.9952097512,0.19999999999999996
ViSmish_08866,1,1,0.99959046,True,1.0,paraphrased,Giả mạo ngân hàng,1.0,0.99603178,0.003968219999999967,0.19999999999999996
ViSmish_08867,1,1,0.9995479,True,1.0,paraphrased,Crypto / Đầu tư giả,1.0,0.99583528,0.004164720000000011,0.19999999999999996
ViSmish_08868,0,0,0.9994216,True,1.0,synthetic,Dịch vụ công thật,1.0,0.004698463199999999,0.9953015368,0.19999999999999996
ViSmish_08869,1,1,0.99960893,True,1.0,paraphrased,Tuyển dụng giả,1.0,0.9961209,0.003879100000000024,0.19999999999999996
ViSmish_08870,1,1,0.9996088,True,1.0,paraphrased,Crypto / Đầu tư giả,1.0,0.99611994,0.003880059999999963,0.19999999999999996
ViSmish_08872,1,1,0.9994604,True,1.0,paraphrased,Đòi nợ / Đe dọa,1.0,0.99545858,0.004541420000000018,0.19999999999999996
ViSmish_08873,0,0,0.9994867,True,1.0,real,Tin nhắn cá nhân và OTP,1.0,0.0044319923999999985,0.9955680076,0.19999999999999996
ViSmish_08874,0,0,0.99890137,True,1.0,external_curated,P2P hard negative,1.0,0.006419905999999999,0.993580094,0.19999999999999996
ViSmish_08875,1,1,0.9996207,True,1.0,paraphrased,Dịch vụ công giả,1.0,0.99617865,0.0038213499999999456,0.19999999999999996
ViSmish_08876,1,1,0.99962354,True,1.0,paraphrased,BHXH / Trợ cấp giả,1.0,0.996192492,0.0038075079999999595,0.19999999999999996
ViSmish_08877,1,1,0.99960357,True,1.0,paraphrased,Nội dung nhạy cảm,1.0,0.99609478,0.0039052200000000425,0.19999999999999996
ViSmish_08878,1,1,0.99951375,True,1.0,paraphrased,Dịch vụ công giả,1.0,0.995684112,0.0043158880000000455,0.19999999999999996
ViSmish_08879,0,0,0.99947137,True,1.0,real,Khác,1.0,0.004496485799999999,0.9955035142,0.19999999999999996
ViSmish_08880,1,1,0.99963546,True,1.0,paraphrased,BHXH / Trợ cấp giả,1.0,0.9962523,0.0037477000000000205,0.19999999999999996
ViSmish_08881,1,1,0.9995617,True,1.0,synthetic_hard_positive,Đòi nợ / Đe dọa,1.0,0.99589784,0.004102159999999966,0.19999999999999996
ViSmish_08882,1,1,0.9995788,True,1.0,paraphrased,Cờ bạc / Betting,1.0,0.995976948,0.004023051999999971,0.19999999999999996
ViSmish_08883,0,0,0.9994357,True,1.0,synthetic,Dịch vụ công thật,1.0,0.0046417071999999985,0.9953582928,0.19999999999999996
ViSmish_08885,0,0,0.9994462,True,1.0,synthetic,Ngân hàng thật,1.0,0.0045995175999999985,0.9954004824,0.19999999999999996
ViSmish_08886,1,1,0.9996245,True,1.0,paraphrased,Đòi nợ / Đe dọa,1.0,0.99619742,0.00380258,0.19999999999999996
ViSmish_08887,1,1,0.99961746,True,1.0,paraphrased,Dịch vụ công giả,1.0,0.99616266,0.0038373400000000224,0.19999999999999996
ViSmish_08888,1,1,0.9994367,True,1.0,paraphrased,Cờ bạc / Betting,1.0,0.99536216,0.004637840000000004,0.19999999999999996
ViSmish_08889,1,1,0.99962413,True,1.0,paraphrased,Dịch vụ công giả,1.0,0.9961957,0.0038042999999999827,0.19999999999999996
ViSmish_08890,1,1,0.99961495,True,1.0,paraphrased,Dịch vụ công giả,1.0,0.99615044,0.0038495600000000296,0.19999999999999996
ViSmish_08891,1,1,0.9996007,True,1.0,paraphrased,Crypto / Đầu tư giả,1.0,0.99608104,0.003918960000000027,0.19999999999999996
ViSmish_08892,0,0,0.9994691,True,1.0,real,Viễn thông,1.0,0.004505483999999999,0.995494516,0.19999999999999996
ViSmish_08895,0,0,0.99943155,True,1.0,external_curated,P2P hard negative,1.0,0.004658510599999999,0.9953414894,0.19999999999999996
ViSmish_08897,1,1,0.9996172,True,1.0,paraphrased,Giả mạo ngân hàng,1.0,0.996161568,0.0038384320000000027,0.19999999999999996
ViSmish_08898,1,1,0.9996226,True,1.0,paraphrased,BHXH / Trợ cấp giả,1.0,0.9961879,0.003812099999999985,0.19999999999999996
ViSmish_08899,0,0,0.99943286,True,1.0,synthetic,Thương mại điện tử,1.0,0.004653331199999999,0.9953466688,0.19999999999999996
ViSmish_08902,0,0,0.9994856,True,1.0,synthetic,Tin nhắn cá nhân và OTP,1.0,0.004436467199999999,0.9955635328,0.19999999999999996
ViSmish_08904,1,1,0.9996228,True,1.0,paraphrased,BHXH / Trợ cấp giả,1.0,0.9961888999999999,0.003811100000000067,0.19999999999999996
ViSmish_08907,0,0,0.9994784,True,1.0,synthetic,Thương mại điện tử,1.0,0.004466923999999999,0.995533076,0.19999999999999996
ViSmish_08910,1,1,0.99943775,True,1.0,paraphrased,BHXH / Trợ cấp giả,1.0,0.99536649,0.004633510000000007,0.19999999999999996
ViSmish_08911,1,1,0.9995851,True,1.0,paraphrased,Cờ bạc / Betting,1.0,0.9960064399999999,0.003993560000000063,0.19999999999999996
ViSmish_08912,0,0,0.9994733,True,1.0,synthetic,Tin nhắn cá nhân và OTP,1.0,0.004488421999999999,0.995511578,0.19999999999999996
ViSmish_08913,1,1,0.9995603,True,1.0,paraphrased,Crypto / Đầu tư giả,1.0,0.995891392,0.004108608000000014,0.19999999999999996
ViSmish_08914,1,1,0.99950624,True,1.0,synthetic_hard_positive,Khác,1.0,0.99565116,0.0043488400000000205,0.19999999999999996
ViSmish_08915,0,0,0.9994325,True,1.0,real,Viễn thông,1.0,0.004654931999999999,0.995345068,0.19999999999999996
ViSmish_08916,1,1,0.99962354,True,1.0,paraphrased,Giả mạo ngân hàng,1.0,0.99619255,0.0038074500000000455,0.19999999999999996
ViSmish_08918,1,1,0.99963033,True,1.0,paraphrased,Tuyển dụng giả,1.0,0.99622666,0.0037733399999999584,0.19999999999999996
ViSmish_08919,1,1,0.99957544,True,1.0,paraphrased,Cờ bạc / Betting,1.0,0.995961308,0.004038691999999955,0.19999999999999996
ViSmish_08920,1,1,0.9995863,True,1.0,paraphrased,Cờ bạc / Betting,1.0,0.9960121399999999,0.003987860000000065,0.19999999999999996
ViSmish_08922,1,1,0.9995517,True,1.0,paraphrased,Crypto / Đầu tư giả,1.0,0.995852446,0.004147553999999998,0.19999999999999996
ViSmish_08927,0,0,0.99940073,True,1.0,external_curated,P2P hard negative,1.0,0.004780432999999999,0.995219567,0.19999999999999996
ViSmish_08929,0,0,0.9993774,True,1.0,real,Tin nhắn cá nhân và OTP,1.0,0.004870479199999999,0.9951295208000001,0.19999999999999996
ViSmish_08930,1,1,0.9995751,True,1.0,synthetic_hard_positive,Khác,1.0,0.99595989,0.004040110000000041,0.19999999999999996
ViSmish_08931,0,0,0.99946076,True,1.0,synthetic,Thương mại điện tử,1.0,0.004540109999999999,0.99545989,0.19999999999999996
ViSmish_08932,0,0,0.9993754,True,1.0,real,Viễn thông,1.0,0.004878118999999999,0.995121881,0.19999999999999996
ViSmish_08933,0,0,0.99698997,True,1.0,external_curated,P2P hard negative,1.0,0.010416895999999998,0.989583104,0.19999999999999996
ViSmish_08934,1,1,0.9994642,True,1.0,paraphrased,Đòi nợ / Đe dọa,1.0,0.99547434,0.004525659999999987,0.19999999999999996
ViSmish_08935,1,1,0.99959284,True,1.0,paraphrased,Nội dung nhạy cảm,1.0,0.99604314,0.003956859999999951,0.19999999999999996
ViSmish_08938,1,1,0.9996166,True,1.0,paraphrased,Tuyển dụng giả,1.0,0.99615856,0.0038414399999999738,0.19999999999999996
ViSmish_08939,1,1,0.9996209,True,1.0,paraphrased,Tuyển dụng giả,1.0,0.99617952,0.003820480000000015,0.19999999999999996
ViSmish_08940,0,0,0.99942577,True,1.0,synthetic,Viễn thông,1.0,0.004682042399999999,0.9953179576,0.19999999999999996
ViSmish_08941,1,1,0.9994778,True,1.0,paraphrased,Crypto / Đầu tư giả,1.0,0.9955303799999999,0.004469620000000063,0.19999999999999996
ViSmish_08944,0,0,0.9994068,True,1.0,real,Viễn thông,1.0,0.0047568891999999995,0.9952431108,0.19999999999999996
ViSmish_08945,0,0,0.999423,True,1.0,external_real,P2P hội thoại thông thường,1.0,0.004692955399999999,0.9953070446,0.19999999999999996
ViSmish_08947,1,1,0.9993494,True,1.0,paraphrased,BHXH / Trợ cấp giả,1.0,0.99502393,0.004976069999999999,0.19999999999999996
ViSmish_08948,1,1,0.999622,True,1.0,paraphrased,Giả mạo ngân hàng,1.0,0.996185326,0.003814674000000018,0.19999999999999996
ViSmish_08949,1,1,0.99961025,True,1.0,paraphrased,Giả mạo ngân hàng,1.0,0.99612698,0.003873020000000005,0.19999999999999996
ViSmish_08951,1,1,0.99924076,True,1.0,real,Khác,1.0,0.994634688,0.005365312000000011,0.19999999999999996
ViSmish_08952,0,0,0.9994783,True,1.0,synthetic,Ngân hàng thật,1.0,0.004467421999999999,0.995532578,0.19999999999999996
ViSmish_08954,0,0,0.99911445,True,1.0,real,Viễn thông,1.0,0.005781931399999998,0.9942180686,0.19999999999999996
ViSmish_08955,0,0,0.99944717,True,1.0,real,Viễn thông,1.0,0.004595557199999999,0.9954044428,0.19999999999999996
ViSmish_08956,1,1,0.99960583,True,1.0,paraphrased,BHXH / Trợ cấp giả,1.0,0.9961059800000001,0.0038940199999999425,0.19999999999999996
ViSmish_08957,0,0,0.9470706,True,1.0,real,Vận chuyển,1.0,0.03824074799999999,0.961759252,0.19999999999999996
ViSmish_08958,0,0,0.99932384,True,1.0,external_real,P2P hội thoại thông thường,1.0,0.005070427999999998,0.994929572,0.19999999999999996
ViSmish_08961,1,1,0.99961096,True,1.0,paraphrased,Đòi nợ / Đe dọa,1.0,0.99613066,0.0038693400000000544,0.19999999999999996
ViSmish_08964,1,1,0.9979298,True,1.0,paraphrased,Crypto / Đầu tư giả,1.0,0.9912875800000001,0.008712419999999943,0.19999999999999996
ViSmish_08965,1,1,0.99962676,True,1.0,paraphrased,Cờ bạc / Betting,1.0,0.99620864,0.0037913600000000214,0.19999999999999996
ViSmish_08966,1,1,0.99961406,True,1.0,paraphrased,BHXH / Trợ cấp giả,1.0,0.996145606,0.0038543939999999832,0.19999999999999996
ViSmish_08967,1,1,0.99962044,True,1.0,paraphrased,Dịch vụ công giả,1.0,0.99617736,0.0038226399999999883,0.19999999999999996
ViSmish_08968,0,0,0.9994666,True,1.0,real,Viễn thông,1.0,0.004516085599999999,0.9954839144,0.19999999999999996
ViSmish_08969,0,0,0.99940467,True,1.0,synthetic,Tin nhắn cá nhân và OTP,1.0,0.004765090799999999,0.9952349092,0.19999999999999996
ViSmish_08972,1,1,0.99951816,True,1.0,paraphrased,Đòi nợ / Đe dọa,1.0,0.99570308,0.004296920000000037,0.19999999999999996
ViSmish_08973,0,0,0.9994931,True,1.0,synthetic,Thương mại điện tử,1.0,0.004404609599999999,0.9955953904,0.19999999999999996
ViSmish_08974,0,0,0.9994727,True,1.0,real,Khác,1.0,0.004490803999999999,0.995509196,0.19999999999999996
ViSmish_08975,0,0,0.99934286,True,1.0,real,Viễn thông,1.0,0.005000477199999999,0.9949995228,0.19999999999999996
ViSmish_08977,1,1,0.9995671,True,1.0,synthetic_hard_positive,BHXH / Trợ cấp giả,1.0,0.995922732,0.004077267999999967,0.19999999999999996
ViSmish_08978,1,1,0.9995047,True,1.0,paraphrased,Nội dung nhạy cảm,1.0,0.99564463,0.0043553699999999695,0.19999999999999996
ViSmish_08981,0,0,0.99947685,True,1.0,synthetic,Tin nhắn cá nhân và OTP,1.0,0.0044734805999999995,0.9955265194,0.19999999999999996
ViSmish_08982,0,0,0.9994742,True,1.0,synthetic,Vận chuyển,1.0,0.0044842599999999995,0.99551574,0.19999999999999996
ViSmish_08983,0,0,0.9994215,True,1.0,external_curated,P2P hard negative,1.0,0.004698999199999999,0.9953010008,0.19999999999999996
ViSmish_08985,1,1,0.9995845,True,1.0,synthetic_hard_positive,Khác,1.0,0.99600383,0.003996169999999966,0.19999999999999996
ViSmish_08986,1,1,0.999624,True,1.0,paraphrased,Tuyển dụng giả,1.0,0.99619526,0.003804739999999973,0.19999999999999996
ViSmish_08988,1,1,0.99947363,True,1.0,synthetic_hard_positive,Tuyển dụng giả,1.0,0.99551294,0.004487059999999987,0.19999999999999996
ViSmish_08989,1,1,0.999635,True,1.0,paraphrased,BHXH / Trợ cấp giả,1.0,0.9962502,0.0037498000000000253,0.19999999999999996
ViSmish_08990,1,1,0.9995359,True,1.0,synthetic_hard_positive,Tuyển dụng giả,1.0,0.995781028,0.0042189719999999875,0.19999999999999996
ViSmish_08991,1,1,0.99952066,True,1.0,paraphrased,Đòi nợ / Đe dọa,1.0,0.995714152,0.004285847999999981,0.19999999999999996
ViSmish_08992,0,0,0.9994294,True,1.0,external_real,P2P hội thoại thông thường,1.0,0.004666970599999999,0.9953330294,0.19999999999999996
ViSmish_08993,1,1,0.9996094,True,1.0,paraphrased,Dịch vụ công giả,1.0,0.99612302,0.00387698000000003,0.19999999999999996
ViSmish_08994,1,1,0.99963,True,1.0,paraphrased,BHXH / Trợ cấp giả,1.0,0.99622468,0.0037753200000000264,0.19999999999999996
ViSmish_08995,1,1,0.9996302,True,1.0,paraphrased,Cờ bạc / Betting,1.0,0.996226108,0.003773892000000001,0.19999999999999996
ViSmish_08998,1,1,0.9993649,True,1.0,paraphrased,Cờ bạc / Betting,1.0,0.9950821400000001,0.004917859999999941,0.19999999999999996
ViSmish_09000,1,1,0.999607,True,1.0,paraphrased,Cờ bạc / Betting,1.0,0.9961113,0.003888699999999967,0.19999999999999996
ViSmish_09001,0,0,0.9994881,True,1.0,synthetic,Dịch vụ y tế,1.0,0.0044259626,0.9955740374,0.19999999999999996
ViSmish_09002,0,0,0.99936086,True,1.0,external_curated,P2P hard negative,1.0,0.004932940799999999,0.9950670592,0.19999999999999996
ViSmish_09004,0,0,0.99944156,True,1.0,synthetic,Quảng cáo hợp lệ,1.0,0.004618214399999999,0.9953817856,0.19999999999999996
ViSmish_09005,1,1,0.9996275,True,1.0,paraphrased,BHXH / Trợ cấp giả,1.0,0.99621224,0.003787760000000029,0.19999999999999996
ViSmish_09007,1,1,0.99958557,True,1.0,paraphrased,Crypto / Đầu tư giả,1.0,0.996009052,0.003990947999999994,0.19999999999999996
ViSmish_09009,0,0,0.9994659,True,1.0,synthetic,Tin nhắn cá nhân và OTP,1.0,0.004518812799999999,0.9954811872,0.19999999999999996
ViSmish_09011,0,0,0.99949706,True,1.0,synthetic,Tin nhắn cá nhân và OTP,1.0,0.004388156599999998,0.9956118434,0.19999999999999996
ViSmish_09013,1,1,0.9996184,True,1.0,paraphrased,Tuyển dụng giả,1.0,0.99616758,0.0038324199999999475,0.19999999999999996
ViSmish_09014,0,0,0.9994622,True,1.0,synthetic,Tin nhắn cá nhân và OTP,1.0,0.004534401399999999,0.9954655986000001,0.19999999999999996
ViSmish_09015,0,0,0.9994542,True,1.0,synthetic,Tin nhắn cá nhân và OTP,1.0,0.004567236399999999,0.9954327636,0.19999999999999996
ViSmish_09016,0,0,0.9994759,True,1.0,synthetic,Quảng cáo hợp lệ,1.0,0.004477420399999999,0.9955225796,0.19999999999999996
ViSmish_09017,1,1,0.9995289,True,1.0,paraphrased,Đòi nợ / Đe dọa,1.0,0.9957499599999999,0.004250040000000066,0.19999999999999996
ViSmish_09018,0,0,0.9986273,True,1.0,real,Khác,1.0,0.007150098599999999,0.9928499014,0.19999999999999996
ViSmish_09021,0,0,0.9994554,True,1.0,external_curated,P2P hard negative,1.0,0.0045622423999999995,0.9954377576,0.19999999999999996
ViSmish_09022,0,0,0.9994444,True,1.0,external_curated,P2P hard negative,1.0,0.004606911999999999,0.995393088,0.19999999999999996
ViSmish_09023,0,0,0.99933124,True,1.0,real,Viễn thông,1.0,0.005043445999999999,0.994956554,0.19999999999999996
ViSmish_09024,1,1,0.99959785,True,1.0,synthetic_hard_positive,Tuyển dụng giả,1.0,0.9960672500000001,0.003932749999999929,0.19999999999999996
ViSmish_09025,0,0,0.9994473,True,1.0,synthetic,Dịch vụ y tế,1.0,0.004595365799999999,0.9954046342,0.19999999999999996
ViSmish_09027,0,0,0.99801445,True,1.0,synthetic,Thương mại điện tử,1.0,0.008539834599999999,0.9914601654,0.19999999999999996
ViSmish_09028,0,0,0.9994628,True,1.0,synthetic,Tin nhắn cá nhân và OTP,1.0,0.004531859599999999,0.9954681404,0.19999999999999996
ViSmish_09029,1,1,0.99944645,True,1.0,paraphrased,Cờ bạc / Betting,1.0,0.9954012,0.004598800000000014,0.19999999999999996
ViSmish_09031,0,0,0.9993599,True,1.0,real,Viễn thông,1.0,0.004936747199999999,0.9950632528,0.19999999999999996
ViSmish_09032,1,1,0.9995995,True,1.0,paraphrased,Tuyển dụng giả,1.0,0.99607552,0.003924480000000008,0.19999999999999996
ViSmish_09033,0,0,0.9994424,True,1.0,external_real,P2P hội thoại thông thường,1.0,0.004614861399999999,0.9953851386,0.19999999999999996
ViSmish_09034,1,1,0.9995945,True,1.0,paraphrased,Crypto / Đầu tư giả,1.0,0.9960511,0.003948900000000033,0.19999999999999996
ViSmish_09037,0,0,0.99943906,True,1.0,synthetic,Ngân hàng thật,1.0,0.004628439599999999,0.9953715604,0.19999999999999996
ViSmish_09038,1,1,0.9996207,True,1.0,paraphrased,Tuyển dụng giả,1.0,0.99617842,0.003821579999999991,0.19999999999999996
ViSmish_09042,0,0,0.9993987,True,1.0,real,Viễn thông,1.0,0.004788186399999999,0.9952118136,0.19999999999999996
ViSmish_09044,0,0,0.99947387,True,1.0,synthetic,Vận chuyển,1.0,0.004485884399999999,0.9955141156,0.19999999999999996
ViSmish_09045,1,1,0.9996171,True,1.0,paraphrased,Dịch vụ công giả,1.0,0.99616115,0.0038388499999999492,0.19999999999999996
ViSmish_09046,0,0,0.9993895,True,1.0,real,Viễn thông,1.0,0.004823985999999999,0.995176014,0.19999999999999996
ViSmish_09047,1,1,0.999519,True,1.0,synthetic_hard_positive,Dịch vụ công giả,1.0,0.995706714,0.004293286000000007,0.19999999999999996
ViSmish_09048,0,0,0.9994648,True,1.0,synthetic,Tin nhắn cá nhân và OTP,1.0,0.004523294799999999,0.9954767052,0.19999999999999996
ViSmish_09051,0,0,0.99948764,True,1.0,real,Khác,1.0,0.004428051399999999,0.9955719486,0.19999999999999996
ViSmish_09053,0,0,0.9993687,True,1.0,external_curated,P2P hard negative,1.0,0.004903560799999999,0.9950964392,0.19999999999999996
ViSmish_09054,1,1,0.9996282,True,1.0,paraphrased,Giả mạo ngân hàng,1.0,0.99621569,0.003784310000000013,0.19999999999999996
ViSmish_09055,0,0,0.9994356,True,1.0,external_curated,P2P hard negative,1.0,0.004642548799999999,0.9953574512,0.19999999999999996
ViSmish_09057,0,0,0.99947804,True,1.0,synthetic,Ngân hàng thật,1.0,0.0044682685999999985,0.9955317314,0.19999999999999996
ViSmish_09058,1,1,0.99958676,True,1.0,paraphrased,Cờ bạc / Betting,1.0,0.996014308,0.003985691999999985,0.19999999999999996
ViSmish_09060,0,0,0.999432,True,1.0,real,Quảng cáo hợp lệ,1.0,0.004656901599999999,0.9953430984,0.19999999999999996
ViSmish_09061,1,1,0.9996088,True,1.0,real,BHXH / Trợ cấp giả,1.0,0.996120108,0.0038798920000000514,0.19999999999999996
ViSmish_09062,1,1,0.9995493,True,1.0,synthetic_hard_positive,Khác,1.0,0.9958416800000001,0.004158319999999938,0.19999999999999996
ViSmish_09063,1,1,0.999574,True,1.0,paraphrased,Crypto / Đầu tư giả,1.0,0.995954514,0.004045485999999987,0.19999999999999996
ViSmish_09064,1,1,0.99963105,True,1.0,paraphrased,Tuyển dụng giả,1.0,0.99623046,0.00376953999999996,0.19999999999999996
ViSmish_09069,1,1,0.9996283,True,1.0,paraphrased,BHXH / Trợ cấp giả,1.0,0.996216488,0.0037835120000000444,0.19999999999999996
ViSmish_09070,1,1,0.9995943,True,1.0,synthetic_hard_positive,Khác,1.0,0.9960503700000001,0.003949629999999926,0.19999999999999996
ViSmish_09071,1,1,0.9995546,True,1.0,paraphrased,Crypto / Đầu tư giả,1.0,0.99586568,0.004134320000000025,0.19999999999999996
ViSmish_09072,0,0,0.9994733,True,1.0,real,Viễn thông,1.0,0.004488145999999998,0.995511854,0.19999999999999996
ViSmish_09074,0,0,0.99934274,True,1.0,real,Tin nhắn cá nhân và OTP,1.0,0.005000808399999999,0.9949991916,0.19999999999999996
ViSmish_09076,1,1,0.99955696,True,1.0,paraphrased,Đòi nợ / Đe dọa,1.0,0.995876026,0.004123973999999975,0.19999999999999996
ViSmish_09079,1,1,0.99962914,True,1.0,paraphrased,Cờ bạc / Betting,1.0,0.9962207599999999,0.0037792400000000725,0.19999999999999996
ViSmish_09080,1,1,0.99952245,True,1.0,paraphrased,Đòi nợ / Đe dọa,1.0,0.99572164,0.004278360000000037,0.19999999999999996
ViSmish_09081,0,0,0.99948114,True,1.0,real,Viễn thông,1.0,0.004455619999999999,0.99554438,0.19999999999999996
ViSmish_09083,0,0,0.9994468,True,1.0,synthetic,Ngân hàng thật,1.0,0.004596881599999999,0.9954031184,0.19999999999999996
ViSmish_09085,0,0,0.9990345,True,1.0,external_real,P2P hội thoại thông thường,1.0,0.0060302099999999985,0.99396979,0.19999999999999996
ViSmish_09086,0,0,0.99949133,True,1.0,synthetic,Ngân hàng thật,1.0,0.004412472999999999,0.995587527,0.19999999999999996
ViSmish_09087,0,0,0.99948704,True,1.0,synthetic,Thương mại điện tử,1.0,0.0044301559999999985,0.995569844,0.19999999999999996
ViSmish_09089,1,1,0.9996263,True,1.0,paraphrased,BHXH / Trợ cấp giả,1.0,0.99620652,0.0037934800000000157,0.19999999999999996
ViSmish_09090,1,1,0.99962974,True,1.0,paraphrased,Cờ bạc / Betting,1.0,0.99622358,0.0037764200000000026,0.19999999999999996
ViSmish_09091,0,0,0.9994843,True,1.0,synthetic,Ngân hàng thật,1.0,0.004442126999999999,0.995557873,0.19999999999999996
ViSmish_09092,1,1,0.99960655,True,1.0,paraphrased,Crypto / Đầu tư giả,1.0,0.9961089599999999,0.0038910400000000678,0.19999999999999996
ViSmish_09093,0,0,0.9993918,True,1.0,synthetic,Ngân hàng thật,1.0,0.004814812599999999,0.9951851874,0.19999999999999996
ViSmish_09094,1,1,0.99958915,True,1.0,paraphrased,Đòi nợ / Đe dọa,1.0,0.9960258120000001,0.003974187999999934,0.19999999999999996
ViSmish_09095,0,0,0.9994711,True,1.0,real,Quảng cáo hợp lệ,1.0,0.004497478999999999,0.995502521,0.19999999999999996
ViSmish_09096,1,1,0.9996063,True,1.0,paraphrased,Crypto / Đầu tư giả,1.0,0.99610826,0.0038917400000000324,0.19999999999999996
ViSmish_09097,1,1,0.9993957,True,1.0,synthetic_hard_positive,Giả mạo ngân hàng,1.0,0.9952001699999999,0.0047998300000000604,0.19999999999999996
ViSmish_09098,1,1,0.99962103,True,1.0,paraphrased,Tuyển dụng giả,1.0,0.99618054,0.0038194599999999967,0.19999999999999996
ViSmish_09099,1,1,0.9996182,True,1.0,paraphrased,Tuyển dụng giả,1.0,0.99616622,0.003833780000000009,0.19999999999999996
ViSmish_09100,0,0,0.9994629,True,1.0,synthetic,Ngân hàng thật,1.0,0.004531245599999999,0.9954687544,0.19999999999999996
ViSmish_09102,0,0,0.9994722,True,1.0,synthetic,Dịch vụ y tế,1.0,0.004492749199999999,0.9955072508,0.19999999999999996
ViSmish_09105,1,1,0.9996278,True,1.0,paraphrased,Dịch vụ công giả,1.0,0.996214128,0.0037858720000000234,0.19999999999999996
ViSmish_09106,1,1,0.99961865,True,1.0,paraphrased,Dịch vụ công giả,1.0,0.9961688200000001,0.003831179999999934,0.19999999999999996
ViSmish_09107,0,0,0.9994598,True,1.0,synthetic,Vận chuyển,1.0,0.004544071999999999,0.995455928,0.19999999999999996
ViSmish_09108,0,0,0.9994728,True,1.0,real,Tin nhắn cá nhân và OTP,1.0,0.004490415999999999,0.995509584,0.19999999999999996
ViSmish_09109,1,1,0.9979577,True,1.0,paraphrased,Cờ bạc / Betting,1.0,0.99134392,0.008656079999999955,0.19999999999999996
ViSmish_09110,0,0,0.99946123,True,1.0,real,Viễn thông,1.0,0.004538225799999999,0.9954617742,0.19999999999999996
ViSmish_09112,1,1,0.99956053,True,1.0,real,Cờ bạc / Betting,1.0,0.99589246,0.004107540000000021,0.19999999999999996
ViSmish_09113,1,1,0.9995933,True,1.0,paraphrased,Crypto / Đầu tư giả,1.0,0.99604553,0.003954470000000043,0.19999999999999996
ViSmish_09115,1,1,0.9996265,True,1.0,paraphrased,Tuyển dụng giả,1.0,0.9962074000000001,0.003792599999999924,0.19999999999999996
ViSmish_09116,1,1,0.9996124,True,1.0,paraphrased,Nội dung nhạy cảm,1.0,0.9961376399999999,0.0038623600000000646,0.19999999999999996
ViSmish_09117,1,1,0.9996101,True,1.0,paraphrased,Giả mạo ngân hàng,1.0,0.99612639,0.003873609999999972,0.19999999999999996
ViSmish_09122,1,1,0.9996228,True,1.0,paraphrased,Crypto / Đầu tư giả,1.0,0.99618914,0.0038108599999999715,0.19999999999999996
ViSmish_09123,0,0,0.999373,True,1.0,synthetic,Quảng cáo hợp lệ,1.0,0.004887341799999999,0.9951126582,0.19999999999999996
ViSmish_09124,1,1,0.99957854,True,1.0,paraphrased,Tuyển dụng giả,1.0,0.99597558,0.0040244200000000285,0.19999999999999996
ViSmish_09126,1,1,0.99960464,True,1.0,paraphrased,Cờ bạc / Betting,1.0,0.9960997,0.0039002999999999677,0.19999999999999996
ViSmish_09128,1,1,0.9995555,True,1.0,real,Tuyển dụng giả,1.0,0.99586953,0.004130469999999997,0.19999999999999996
ViSmish_09129,0,0,0.99946374,True,1.0,synthetic,Tin nhắn cá nhân và OTP,1.0,0.004527799399999999,0.9954722006,0.19999999999999996
ViSmish_09130,1,1,0.9995938,True,1.0,paraphrased,Tuyển dụng giả,1.0,0.9960479600000001,0.0039520399999999345,0.19999999999999996
ViSmish_09132,0,0,0.9994784,True,1.0,synthetic,Vận chuyển,1.0,0.004466899399999998,0.9955331006,0.19999999999999996
ViSmish_09133,0,0,0.9988642,True,1.0,real,Khác,1.0,0.006524356399999999,0.9934756436,0.19999999999999996
ViSmish_09134,0,0,0.9993426,True,1.0,synthetic,Viễn thông,1.0,0.005001265199999999,0.9949987348,0.19999999999999996
ViSmish_09136,1,1,0.9996136,True,1.0,paraphrased,Tuyển dụng giả,1.0,0.9961434,0.003856599999999988,0.19999999999999996
ViSmish_09138,1,1,0.9996277,True,1.0,paraphrased,Tuyển dụng giả,1.0,0.9962132100000001,0.003786789999999929,0.19999999999999996
ViSmish_09139,1,1,0.9996069,True,1.0,paraphrased,Đòi nợ / Đe dọa,1.0,0.9961111899999999,0.003888810000000076,0.19999999999999996
ViSmish_09141,1,1,0.9996136,True,1.0,paraphrased,Tuyển dụng giả,1.0,0.99614338,0.0038566199999999773,0.19999999999999996
ViSmish_09142,1,1,0.9996201,True,1.0,paraphrased,Tuyển dụng giả,1.0,0.99617567,0.0038243300000000424,0.19999999999999996
ViSmish_09145,1,1,0.99957174,True,1.0,synthetic_hard_positive,Khác,1.0,0.9959439880000001,0.004056011999999942,0.19999999999999996
ViSmish_09146,1,1,0.99959546,True,1.0,paraphrased,Tuyển dụng giả,1.0,0.99605571,0.0039442899999999614,0.19999999999999996
ViSmish_09149,1,1,0.9996008,True,1.0,paraphrased,Đòi nợ / Đe dọa,1.0,0.9960813,0.003918700000000053,0.19999999999999996
ViSmish_09151,1,1,0.999566,True,1.0,paraphrased,Cờ bạc / Betting,1.0,0.99591751,0.00408249000000005,0.19999999999999996
ViSmish_09154,1,1,0.9995029,True,1.0,paraphrased,Dịch vụ công giả,1.0,0.99563726,0.004362740000000032,0.19999999999999996
ViSmish_09155,1,1,0.9996159,True,1.0,paraphrased,Crypto / Đầu tư giả,1.0,0.99615524,0.0038447600000000026,0.19999999999999996
ViSmish_09156,1,1,0.99962294,True,1.0,paraphrased,Giả mạo ngân hàng,1.0,0.9961896,0.0038103999999999916,0.19999999999999996
ViSmish_09157,1,1,0.9996259,True,1.0,paraphrased,Giả mạo ngân hàng,1.0,0.9962046259999999,0.0037953740000000735,0.19999999999999996
ViSmish_09159,0,0,0.999496,True,1.0,synthetic,Dịch vụ y tế,1.0,0.004392595599999999,0.9956074044,0.19999999999999996
ViSmish_09160,1,1,0.9995988,True,1.0,paraphrased,Crypto / Đầu tư giả,1.0,0.99607156,0.003928440000000033,0.19999999999999996
ViSmish_09161,0,0,0.99949646,True,1.0,synthetic,Vận chuyển,1.0,0.004390577599999999,0.9956094224,0.19999999999999996
ViSmish_09162,0,0,0.9994661,True,1.0,synthetic,Quảng cáo hợp lệ,1.0,0.004518089999999999,0.99548191,0.19999999999999996
ViSmish_09165,1,1,0.99961334,True,1.0,paraphrased,Giả mạo ngân hàng,1.0,0.99614218,0.003857820000000012,0.19999999999999996
ViSmish_09166,1,1,0.99953365,True,1.0,paraphrased,Crypto / Đầu tư giả,1.0,0.99577106,0.004228939999999959,0.19999999999999996
ViSmish_09167,0,0,0.99876773,True,1.0,real,Khác,1.0,0.006786810599999998,0.9932131894,0.19999999999999996
ViSmish_09168,1,1,0.9995598,True,1.0,paraphrased,Crypto / Đầu tư giả,1.0,0.9958892,0.00411079999999997,0.19999999999999996
ViSmish_09169,1,1,0.9996209,True,1.0,paraphrased,Giả mạo ngân hàng,1.0,0.996179712,0.003820288000000005,0.19999999999999996
ViSmish_09170,0,0,0.9994462,True,1.0,synthetic,Tin nhắn cá nhân và OTP,1.0,0.004599666999999999,0.995400333,0.19999999999999996
ViSmish_09172,0,0,0.9994524,True,1.0,external_curated,P2P hard negative,1.0,0.004574332799999999,0.9954256672,0.19999999999999996
ViSmish_09174,1,1,0.99954444,True,1.0,paraphrased,Dịch vụ công giả,1.0,0.995819808,0.0041801919999999715,0.19999999999999996
ViSmish_09175,1,1,0.99962723,True,1.0,paraphrased,Giả mạo ngân hàng,1.0,0.996210814,0.003789186,0.19999999999999996
ViSmish_09177,1,1,0.9995951,True,1.0,paraphrased,Crypto / Đầu tư giả,1.0,0.99605408,0.003945920000000047,0.19999999999999996
ViSmish_09178,1,1,0.9996141,True,1.0,paraphrased,Cờ bạc / Betting,1.0,0.996146106,0.0038538940000000244,0.19999999999999996
ViSmish_09179,0,0,0.999426,True,1.0,real,Dịch vụ công thật,1.0,0.004680959999999999,0.99531904,0.19999999999999996
ViSmish_09180,1,1,0.9994931,True,1.0,real,Khác,1.0,0.995595252,0.004404748000000014,0.19999999999999996
ViSmish_09182,0,0,0.9994535,True,1.0,external_real,P2P hội thoại thông thường,1.0,0.004570062799999999,0.9954299372,0.19999999999999996
ViSmish_09183,0,0,0.9994286,True,1.0,synthetic,Tin nhắn cá nhân và OTP,1.0,0.004670695599999999,0.9953293044,0.19999999999999996
ViSmish_09185,0,0,0.9994535,True,1.0,synthetic,Quảng cáo hợp lệ,1.0,0.004569987199999999,0.9954300128,0.19999999999999996
ViSmish_09190,1,1,0.99963224,True,1.0,paraphrased,Dịch vụ công giả,1.0,0.996236408,0.0037635919999999823,0.19999999999999996
ViSmish_09191,0,0,0.9992446,True,1.0,real,Quảng cáo hợp lệ,1.0,0.005352227999999999,0.994647772,0.19999999999999996
ViSmish_09192,0,0,0.99945,True,1.0,synthetic,Dịch vụ y tế,1.0,0.004584142999999999,0.995415857,0.19999999999999996
ViSmish_09193,1,1,0.9996141,True,1.0,paraphrased,Cờ bạc / Betting,1.0,0.99614626,0.00385374000000005,0.19999999999999996
ViSmish_09195,1,1,0.9996283,True,1.0,paraphrased,Tuyển dụng giả,1.0,0.99621631,0.003783690000000006,0.19999999999999996
ViSmish_09196,1,1,0.9996271,True,1.0,paraphrased,Tuyển dụng giả,1.0,0.996210408,0.0037895919999999528,0.19999999999999996
ViSmish_09198,1,1,0.999617,True,1.0,paraphrased,BHXH / Trợ cấp giả,1.0,0.996160328,0.003839672000000016,0.19999999999999996
ViSmish_09199,1,1,0.99960977,True,1.0,paraphrased,Dịch vụ công giả,1.0,0.996124672,0.003875328000000011,0.19999999999999996
ViSmish_09200,1,1,0.9996288,True,1.0,paraphrased,BHXH / Trợ cấp giả,1.0,0.9962185800000001,0.0037814199999999243,0.19999999999999996
ViSmish_09201,0,0,0.9994672,True,1.0,real,Viễn thông,1.0,0.004513534,0.995486466,0.19999999999999996
ViSmish_09202,0,0,0.99942565,True,1.0,synthetic,Tin nhắn cá nhân và OTP,1.0,0.004682306199999999,0.9953176938,0.19999999999999996
ViSmish_09203,0,0,0.99930716,True,1.0,real,Tin nhắn cá nhân và OTP,1.0,0.005130958599999998,0.9948690414,0.19999999999999996
ViSmish_09204,0,0,0.99943584,True,1.0,external_real,P2P hội thoại thông thường,1.0,0.004641457599999999,0.9953585424,0.19999999999999996
ViSmish_09206,0,0,0.99947363,True,1.0,external_real,P2P hội thoại thông thường,1.0,0.004486926199999999,0.9955130738,0.19999999999999996
ViSmish_09209,1,1,0.9996166,True,1.0,paraphrased,Crypto / Đầu tư giả,1.0,0.99615842,0.003841580000000011,0.19999999999999996
ViSmish_09210,1,1,0.99961925,True,1.0,paraphrased,Crypto / Đầu tư giả,1.0,0.99617148,0.003828520000000002,0.19999999999999996
ViSmish_09212,0,0,0.9994005,True,1.0,synthetic,Dịch vụ y tế,1.0,0.0047812939999999984,0.995218706,0.19999999999999996
ViSmish_09213,0,0,0.9994381,True,1.0,synthetic,Ngân hàng thật,1.0,0.004632442399999999,0.9953675576,0.19999999999999996
ViSmish_09214,0,0,0.99946445,True,1.0,synthetic,Quảng cáo hợp lệ,1.0,0.0045247104,0.9954752896,0.19999999999999996
ViSmish_09215,1,1,0.9995865,True,1.0,paraphrased,Crypto / Đầu tư giả,1.0,0.996013332,0.0039866680000000265,0.19999999999999996
ViSmish_09216,0,0,0.999466,True,1.0,external_real,P2P hội thoại thông thường,1.0,0.004518600599999999,0.9954813994,0.19999999999999996
ViSmish_09218,1,1,0.99960905,True,1.0,paraphrased,Đòi nợ / Đe dọa,1.0,0.996121574,0.0038784259999999904,0.19999999999999996
ViSmish_09219,0,0,0.99942386,True,1.0,synthetic,Ngân hàng thật,1.0,0.0046895869999999985,0.995310413,0.19999999999999996
ViSmish_09220,0,0,0.9993581,True,1.0,synthetic,Ngân hàng thật,1.0,0.004943504599999999,0.9950564954,0.19999999999999996
ViSmish_09221,0,0,0.99943954,True,1.0,synthetic,Tin nhắn cá nhân và OTP,1.0,0.004626512599999999,0.9953734874,0.19999999999999996
ViSmish_09222,0,0,0.9993812,True,1.0,external_real,P2P hội thoại thông thường,1.0,0.004855919999999999,0.99514408,0.19999999999999996
ViSmish_09223,0,0,0.99941397,True,1.0,real,Viễn thông,1.0,0.0047284599999999994,0.99527154,0.19999999999999996
ViSmish_09224,1,1,0.9996137,True,1.0,paraphrased,Giả mạo ngân hàng,1.0,0.99614388,0.0038561200000000184,0.19999999999999996
ViSmish_09226,1,1,0.9995968,True,1.0,paraphrased,Cờ bạc / Betting,1.0,0.996062,0.003937999999999997,0.19999999999999996
ViSmish_09227,0,0,0.9994685,True,1.0,synthetic,Vận chuyển,1.0,0.004508094799999999,0.9954919052,0.19999999999999996
ViSmish_09228,1,1,0.9996288,True,1.0,paraphrased,BHXH / Trợ cấp giả,1.0,0.99621906,0.003780939999999955,0.19999999999999996
ViSmish_09230,1,1,0.99961674,True,1.0,paraphrased,Giả mạo ngân hàng,1.0,0.99615934,0.0038406600000000513,0.19999999999999996
ViSmish_09232,1,1,0.99948955,True,1.0,paraphrased,Crypto / Đầu tư giả,1.0,0.9955799599999999,0.0044200400000000695,0.19999999999999996
ViSmish_09233,0,0,0.9994374,True,1.0,synthetic,Tin nhắn cá nhân và OTP,1.0,0.004634933599999998,0.9953650664,0.19999999999999996
ViSmish_09235,1,1,0.9996063,True,1.0,paraphrased,Nội dung nhạy cảm,1.0,0.99610816,0.0038918399999999798,0.19999999999999996
ViSmish_09236,0,0,0.99936384,True,1.0,real,Viễn thông,1.0,0.004921884799999999,0.9950781152,0.19999999999999996
ViSmish_09239,1,1,0.9995869,True,1.0,synthetic_hard_positive,Khác,1.0,0.996015226,0.003984773999999969,0.19999999999999996
ViSmish_09240,0,0,0.99948823,True,1.0,synthetic,Tin nhắn cá nhân và OTP,1.0,0.0044254403999999985,0.9955745596,0.19999999999999996
ViSmish_09241,1,1,0.99961627,True,1.0,paraphrased,BHXH / Trợ cấp giả,1.0,0.99615688,0.0038431199999999777,0.19999999999999996
ViSmish_09242,0,0,0.9993051,True,1.0,synthetic,Quảng cáo hợp lệ,1.0,0.0051383055999999995,0.9948616944,0.19999999999999996
ViSmish_09243,0,0,0.99916613,True,1.0,external_curated,P2P hard negative,1.0,0.005615657999999998,0.994384342,0.19999999999999996
ViSmish_09245,1,1,0.99950886,True,1.0,paraphrased,Đòi nợ / Đe dọa,1.0,0.9956628000000001,0.00433719999999993,0.19999999999999996
ViSmish_09247,1,1,0.9991511,True,1.0,synthetic_hard_positive,Khác,1.0,0.99433556,0.005664439999999993,0.19999999999999996
ViSmish_09249,0,0,0.9994215,True,1.0,synthetic,Dịch vụ y tế,1.0,0.004698952999999999,0.995301047,0.19999999999999996
ViSmish_09250,0,0,0.99940443,True,1.0,external_curated,P2P hard negative,1.0,0.004766078199999999,0.9952339218,0.19999999999999996
ViSmish_09252,1,1,0.9996165,True,1.0,paraphrased,BHXH / Trợ cấp giả,1.0,0.99615824,0.0038417600000000274,0.19999999999999996
ViSmish_09253,0,0,0.99946505,True,1.0,external_curated,P2P hard negative,1.0,0.004522356399999999,0.9954776436,0.19999999999999996
ViSmish_09254,1,1,0.9995523,True,1.0,paraphrased,Crypto / Đầu tư giả,1.0,0.99585524,0.00414475999999997,0.19999999999999996
ViSmish_09255,0,0,0.9993772,True,1.0,external_real,P2P hội thoại thông thường,1.0,0.004871514799999999,0.9951284852,0.19999999999999996
ViSmish_09256,0,0,0.9985637,True,1.0,synthetic,Ngân hàng thật,1.0,0.007308026399999999,0.9926919736,0.19999999999999996
ViSmish_09259,1,1,0.9995121,True,1.0,synthetic_hard_positive,Tuyển dụng giả,1.0,0.995676828,0.004323171999999986,0.19999999999999996
ViSmish_09261,0,0,0.9994469,True,1.0,external_real,P2P hội thoại thông thường,1.0,0.004596651399999999,0.9954033486,0.19999999999999996
ViSmish_09262,0,0,0.9991726,True,1.0,real,Quảng cáo hợp lệ,1.0,0.005593946199999999,0.9944060538,0.19999999999999996
ViSmish_09263,1,1,0.9996113,True,1.0,paraphrased,Dịch vụ công giả,1.0,0.99613246,0.0038675400000000026,0.19999999999999996
ViSmish_09264,0,0,0.9992893,True,1.0,real,Viễn thông,1.0,0.005195231999999999,0.994804768,0.19999999999999996
ViSmish_09265,0,0,0.999373,True,1.0,external_real,P2P hội thoại thông thường,1.0,0.004887214399999999,0.9951127856,0.19999999999999996
ViSmish_09266,1,1,0.99949074,True,1.0,synthetic_hard_positive,Dịch vụ công giả,1.0,0.9955853100000001,0.004414689999999943,0.19999999999999996
ViSmish_09268,0,0,0.9993837,True,1.0,external_curated,P2P hard negative,1.0,0.004846043999999999,0.995153956,0.19999999999999996
ViSmish_09271,1,1,0.9996283,True,1.0,paraphrased,BHXH / Trợ cấp giả,1.0,0.9962167399999999,0.003783260000000066,0.19999999999999996
ViSmish_09273,0,0,0.9993729,True,1.0,real,Viễn thông,1.0,0.004887653999999999,0.995112346,0.19999999999999996
ViSmish_09275,0,0,0.99909294,True,1.0,real,Viễn thông,1.0,0.005849922399999999,0.9941500776,0.19999999999999996
ViSmish_09278,0,0,0.999481,True,1.0,synthetic,Thương mại điện tử,1.0,0.004456173999999999,0.995543826,0.19999999999999996
ViSmish_09280,0,0,0.9994123,True,1.0,synthetic,Tin nhắn cá nhân và OTP,1.0,0.0047353479999999995,0.995264652,0.19999999999999996
ViSmish_09282,0,0,0.9994005,True,1.0,external_real,P2P hội thoại thông thường,1.0,0.004781395599999998,0.9952186044,0.19999999999999996
ViSmish_09283,0,0,0.99948454,True,1.0,synthetic,Ngân hàng thật,1.0,0.004440738199999999,0.9955592618,0.19999999999999996
ViSmish_09285,1,1,0.99962986,True,1.0,paraphrased,BHXH / Trợ cấp giả,1.0,0.996224428,0.003775572000000005,0.19999999999999996
ViSmish_09287,1,1,0.999613,True,1.0,paraphrased,Crypto / Đầu tư giả,1.0,0.99614024,0.00385975999999999,0.19999999999999996
ViSmish_09288,0,0,0.99927264,True,1.0,real,Khác,1.0,0.005254235999999999,0.994745764,0.19999999999999996
ViSmish_09290,1,1,0.9995834,True,1.0,paraphrased,Cờ bạc / Betting,1.0,0.99599876,0.004001240000000017,0.19999999999999996
ViSmish_09292,0,0,0.99939466,True,1.0,synthetic,Dịch vụ y tế,1.0,0.004804090799999999,0.9951959092,0.19999999999999996
ViSmish_09293,0,0,0.99890685,True,1.0,external_real,P2P hội thoại thông thường,1.0,0.006404269399999998,0.9935957306,0.19999999999999996
ViSmish_09294,0,0,0.9994004,True,1.0,external_curated,P2P hard negative,1.0,0.004781921999999999,0.995218078,0.19999999999999996
ViSmish_09295,1,1,0.9996201,True,1.0,paraphrased,Dịch vụ công giả,1.0,0.996175348,0.0038246520000000395,0.19999999999999996
ViSmish_09297,1,1,0.9996228,True,1.0,paraphrased,Giả mạo ngân hàng,1.0,0.9961891199999999,0.003810880000000072,0.19999999999999996
ViSmish_09298,1,1,0.99961156,True,1.0,paraphrased,Tuyển dụng giả,1.0,0.99613332,0.0038666800000000112,0.19999999999999996
ViSmish_09299,0,0,0.99944097,True,1.0,external_curated,P2P hard negative,1.0,0.004620736399999999,0.9953792636,0.19999999999999996
ViSmish_09300,1,1,0.99956864,True,1.0,paraphrased,Cờ bạc / Betting,1.0,0.9959297540000001,0.004070245999999944,0.19999999999999996
ViSmish_09302,1,1,0.9996208,True,1.0,paraphrased,Tuyển dụng giả,1.0,0.9961789,0.0038211000000000217,0.19999999999999996
ViSmish_09303,1,1,0.9996111,True,1.0,paraphrased,Giả mạo ngân hàng,1.0,0.996131432,0.0038685680000000167,0.19999999999999996
ViSmish_09304,0,0,0.9994572,True,1.0,synthetic,Dịch vụ công thật,1.0,0.004554739599999999,0.9954452604,0.19999999999999996
ViSmish_09305,0,0,0.99942786,True,1.0,external_curated,P2P hard negative,1.0,0.004673267999999999,0.995326732,0.19999999999999996
ViSmish_09306,1,1,0.9994802,True,1.0,paraphrased,BHXH / Trợ cấp giả,1.0,0.99554056,0.004459439999999981,0.19999999999999996
ViSmish_09307,0,0,0.99938786,True,1.0,synthetic,Thương mại điện tử,1.0,0.004830169599999999,0.9951698304,0.19999999999999996
ViSmish_09308,0,0,0.9994822,True,1.0,real,Viễn thông,1.0,0.004450810799999999,0.9955491892,0.19999999999999996
ViSmish_09309,0,0,0.9994356,True,1.0,external_curated,P2P hard negative,1.0,0.0046424067999999985,0.9953575932000001,0.19999999999999996
ViSmish_09310,0,0,0.99911946,True,1.0,external_real,P2P hội thoại thông thường,1.0,0.005766029199999999,0.9942339708,0.19999999999999996
ViSmish_09311,1,1,0.99960524,True,1.0,paraphrased,Giả mạo ngân hàng,1.0,0.99610287,0.0038971300000000264,0.19999999999999996
ViSmish_09312,1,1,0.9996069,True,1.0,paraphrased,Cờ bạc / Betting,1.0,0.9961111,0.003888899999999973,0.19999999999999996
ViSmish_09313,0,0,0.9994444,True,1.0,synthetic,Dịch vụ y tế,1.0,0.004606918199999999,0.9953930818,0.19999999999999996
ViSmish_09315,1,1,0.9995869,True,1.0,synthetic_hard_positive,Khác,1.0,0.9960153199999999,0.003984680000000074,0.19999999999999996
ViSmish_09316,1,1,0.9996226,True,1.0,paraphrased,BHXH / Trợ cấp giả,1.0,0.99618826,0.0038117399999999524,0.19999999999999996
ViSmish_09317,1,1,0.99958426,True,1.0,paraphrased,Đòi nợ / Đe dọa,1.0,0.99600296,0.003997040000000007,0.19999999999999996
ViSmish_09321,1,1,0.9996214,True,1.0,paraphrased,Tuyển dụng giả,1.0,0.9961821,0.0038179000000000407,0.19999999999999996
ViSmish_09322,0,0,0.99942136,True,1.0,synthetic,Vận chuyển,1.0,0.004699370999999999,0.995300629,0.19999999999999996
ViSmish_09323,0,0,0.9993175,True,1.0,real,Quảng cáo hợp lệ,1.0,0.005093439199999999,0.9949065608,0.19999999999999996
ViSmish_09324,0,0,0.9994174,True,1.0,synthetic,Ngân hàng thật,1.0,0.0047147709999999995,0.995285229,0.19999999999999996
ViSmish_09325,0,0,0.99949217,True,1.0,synthetic,Vận chuyển,1.0,0.004408626199999999,0.9955913738,0.19999999999999996
ViSmish_09326,1,1,0.999627,True,1.0,paraphrased,BHXH / Trợ cấp giả,1.0,0.99620972,0.0037902800000000347,0.19999999999999996
ViSmish_09327,0,0,0.99925107,True,1.0,real,Tin nhắn cá nhân và OTP,1.0,0.005329513999999999,0.994670486,0.19999999999999996
ViSmish_09328,0,0,0.9994875,True,1.0,synthetic,Vận chuyển,1.0,0.004428148999999999,0.995571851,0.19999999999999996
ViSmish_09330,1,1,0.9996183,True,1.0,paraphrased,Tuyển dụng giả,1.0,0.99616704,0.0038329599999999964,0.19999999999999996
ViSmish_09331,1,1,0.99962723,True,1.0,paraphrased,Dịch vụ công giả,1.0,0.99621098,0.003789020000000032,0.19999999999999996
ViSmish_09332,1,1,0.99961334,True,1.0,paraphrased,Giả mạo ngân hàng,1.0,0.99614214,0.0038578599999999907,0.19999999999999996
ViSmish_09334,0,0,0.9993795,True,1.0,real,Viễn thông,1.0,0.0048620209999999985,0.995137979,0.19999999999999996
ViSmish_09337,1,1,0.9996024,True,1.0,paraphrased,Đòi nợ / Đe dọa,1.0,0.99608906,0.003910940000000029,0.19999999999999996
ViSmish_09340,0,0,0.99943405,True,1.0,external_real,P2P hội thoại thông thường,1.0,0.0046486719999999995,0.995351328,0.19999999999999996
ViSmish_09343,0,0,0.9994436,True,1.0,synthetic,Tin nhắn cá nhân và OTP,1.0,0.0046103379999999985,0.995389662,0.19999999999999996
ViSmish_09344,0,0,0.99933964,True,1.0,external_real,P2P hội thoại thông thường,1.0,0.005012263799999999,0.9949877362,0.19999999999999996
ViSmish_09345,0,0,0.9994561,True,1.0,synthetic,Ngân hàng thật,1.0,0.0045593275999999995,0.9954406724,0.19999999999999996
ViSmish_09346,0,0,0.9994747,True,1.0,real,Khác,1.0,0.0044822323999999985,0.9955177676,0.19999999999999996
ViSmish_09347,1,1,0.9995351,True,1.0,synthetic_hard_positive,Khác,1.0,0.9957776899999999,0.004222310000000062,0.19999999999999996
ViSmish_09348,0,0,0.9993812,True,1.0,real,Viễn thông,1.0,0.004855836599999999,0.9951441634,0.19999999999999996
ViSmish_09349,1,1,0.99955446,True,1.0,paraphrased,Đòi nợ / Đe dọa,1.0,0.9958648800000001,0.004135119999999937,0.19999999999999996
ViSmish_09350,1,1,0.99951875,True,1.0,paraphrased,Đòi nợ / Đe dọa,1.0,0.99570564,0.004294360000000053,0.19999999999999996
ViSmish_09352,1,1,0.99961674,True,1.0,paraphrased,Nội dung nhạy cảm,1.0,0.99615946,0.0038405400000000034,0.19999999999999996
ViSmish_09353,0,0,0.9994191,True,1.0,synthetic,Dịch vụ công thật,1.0,0.004708458799999999,0.9952915412,0.19999999999999996
ViSmish_09354,0,0,0.9994868,True,1.0,synthetic,Vận chuyển,1.0,0.004431599799999999,0.9955684002,0.19999999999999996
ViSmish_09355,0,0,0.9994673,True,1.0,synthetic,Dịch vụ y tế,1.0,0.004512996199999999,0.9954870038,0.19999999999999996
ViSmish_09356,0,0,0.9994154,True,1.0,external_curated,P2P hard negative,1.0,0.004723048599999999,0.9952769514,0.19999999999999996
ViSmish_09357,0,0,0.99945074,True,1.0,synthetic,Viễn thông,1.0,0.004581010399999998,0.9954189896,0.19999999999999996
ViSmish_09358,0,0,0.99945515,True,1.0,real,Khác,1.0,0.004562888599999999,0.9954371114,0.19999999999999996
ViSmish_09359,0,0,0.9994199,True,1.0,synthetic,Quảng cáo hợp lệ,1.0,0.004704949999999999,0.99529505,0.19999999999999996
ViSmish_09361,0,0,0.99947816,True,1.0,synthetic,Ngân hàng thật,1.0,0.004468040599999999,0.9955319594,0.19999999999999996
ViSmish_09362,1,1,0.99961746,True,1.0,paraphrased,Cờ bạc / Betting,1.0,0.9961629599999999,0.0038370400000000693,0.19999999999999996
ViSmish_09363,0,0,0.99947315,True,1.0,real,Khác,1.0,0.004489094399999999,0.9955109056,0.19999999999999996
ViSmish_09365,1,1,0.999616,True,1.0,paraphrased,Crypto / Đầu tư giả,1.0,0.99615572,0.0038442800000000332,0.19999999999999996
ViSmish_09366,1,1,0.99956673,True,1.0,paraphrased,Crypto / Đầu tư giả,1.0,0.9959209920000001,0.00407900799999994,0.19999999999999996
ViSmish_09367,0,0,0.9994885,True,1.0,synthetic,Ngân hàng thật,1.0,0.004424124999999999,0.995575875,0.19999999999999996
ViSmish_09368,0,0,0.9992741,True,1.0,real,Vận chuyển,1.0,0.005249224199999999,0.9947507758,0.19999999999999996
ViSmish_09369,0,0,0.9994555,True,1.0,synthetic,Dịch vụ y tế,1.0,0.0045617107999999995,0.9954382892,0.19999999999999996
ViSmish_09370,0,0,0.9994386,True,1.0,synthetic,Dịch vụ công thật,1.0,0.004630564599999999,0.9953694354,0.19999999999999996
ViSmish_09371,0,0,0.9989773,True,1.0,real,Dịch vụ công thật,1.0,0.006200731599999999,0.9937992684,0.19999999999999996
ViSmish_09372,1,1,0.99961627,True,1.0,paraphrased,Tuyển dụng giả,1.0,0.99615698,0.0038430200000000303,0.19999999999999996
ViSmish_09373,0,0,0.9994861,True,1.0,synthetic,Vận chuyển,1.0,0.004434331599999999,0.9955656684,0.19999999999999996
ViSmish_09374,1,1,0.99959177,True,1.0,paraphrased,BHXH / Trợ cấp giả,1.0,0.996038246,0.003961753999999984,0.19999999999999996
ViSmish_09376,1,1,0.9995865,True,1.0,paraphrased,Nội dung nhạy cảm,1.0,0.99601338,0.003986620000000052,0.19999999999999996
ViSmish_09379,1,1,0.999617,True,1.0,paraphrased,Giả mạo ngân hàng,1.0,0.996160412,0.0038395879999999494,0.19999999999999996
ViSmish_09380,1,1,0.9993711,True,1.0,real,Khác,1.0,0.99510548,0.004894520000000013,0.19999999999999996
ViSmish_09381,0,0,0.9994247,True,1.0,external_real,P2P hội thoại thông thường,1.0,0.004686340599999999,0.9953136594,0.19999999999999996
ViSmish_09382,0,0,0.9991534,True,1.0,real,Dịch vụ công thật,1.0,0.005657181999999999,0.994342818,0.19999999999999996
ViSmish_09384,1,1,0.99940205,True,1.0,synthetic_hard_positive,BHXH / Trợ cấp giả,1.0,0.9952248340000001,0.004775165999999942,0.19999999999999996
ViSmish_09386,0,0,0.99943274,True,1.0,synthetic,Dịch vụ y tế,1.0,0.004653839799999999,0.9953461602,0.19999999999999996
ViSmish_09388,0,0,0.9995028,True,1.0,synthetic,Dịch vụ y tế,1.0,0.004363547199999999,0.9956364528,0.19999999999999996
ViSmish_09389,1,1,0.99957436,True,1.0,paraphrased,Cờ bạc / Betting,1.0,0.9959564000000001,0.004043599999999925,0.19999999999999996
ViSmish_09393,1,1,0.9996118,True,1.0,paraphrased,Nội dung nhạy cảm,1.0,0.99613483,0.0038651699999999733,0.19999999999999996
ViSmish_09394,1,1,0.9992834,True,1.0,synthetic_hard_positive,Khác,1.0,0.99478358,0.005216419999999999,0.19999999999999996
ViSmish_09395,0,0,0.9994966,True,1.0,real,Tin nhắn cá nhân và OTP,1.0,0.004390035199999999,0.9956099648,0.19999999999999996
ViSmish_09399,0,0,0.99949276,True,1.0,synthetic,Dịch vụ y tế,1.0,0.004406019599999999,0.9955939804,0.19999999999999996
ViSmish_09400,0,0,0.9994369,True,1.0,synthetic,Dịch vụ công thật,1.0,0.004636867999999999,0.995363132,0.19999999999999996
ViSmish_09401,1,1,0.9995902,True,1.0,paraphrased,Nội dung nhạy cảm,1.0,0.9960310800000001,0.003968919999999931,0.19999999999999996
ViSmish_09402,1,1,0.9996165,True,1.0,paraphrased,BHXH / Trợ cấp giả,1.0,0.996158052,0.0038419480000000394,0.19999999999999996
ViSmish_09403,0,0,0.9994917,True,1.0,real,Khác,1.0,0.004410794799999999,0.9955892052,0.19999999999999996
ViSmish_09404,0,0,0.99943167,True,1.0,real,Khác,1.0,0.0046582631999999985,0.9953417368,0.19999999999999996
ViSmish_09405,1,1,0.9996099,True,1.0,real,Tuyển dụng giả,1.0,0.9961253800000001,0.0038746199999999398,0.19999999999999996
ViSmish_09407,0,0,0.99936885,True,1.0,external_curated,P2P hard negative,1.0,0.004902911599999999,0.9950970884,0.19999999999999996
ViSmish_09408,1,1,0.99961996,True,1.0,paraphrased,Nội dung nhạy cảm,1.0,0.9961751,0.00382490000000002,0.19999999999999996
ViSmish_09409,1,1,0.9996213,True,1.0,paraphrased,Dịch vụ công giả,1.0,0.9961815199999999,0.0038184800000000685,0.19999999999999996
ViSmish_09410,1,1,0.9992067,True,1.0,real,Giả mạo ngân hàng,1.0,0.99451926,0.005480739999999984,0.19999999999999996
ViSmish_09415,1,1,0.9996063,True,1.0,paraphrased,Cờ bạc / Betting,1.0,0.99610786,0.003892140000000044,0.19999999999999996
ViSmish_09417,0,0,0.9994611,True,1.0,synthetic,Quảng cáo hợp lệ,1.0,0.004538652399999999,0.9954613476,0.19999999999999996
ViSmish_09418,0,0,0.999238,True,1.0,real,Dịch vụ công thật,1.0,0.005374492399999999,0.9946255076,0.19999999999999996
ViSmish_09419,0,0,0.9988219,True,1.0,external_curated,P2P hard negative,1.0,0.006640479999999999,0.99335952,0.19999999999999996
ViSmish_09420,1,1,0.9989687,True,1.0,paraphrased,Nội dung nhạy cảm,1.0,0.9937739720000001,0.006226027999999939,0.19999999999999996
ViSmish_09421,1,1,0.99959785,True,1.0,paraphrased,Cờ bạc / Betting,1.0,0.99606707,0.003932929999999946,0.19999999999999996
ViSmish_09423,0,0,0.99947244,True,1.0,real,Viễn thông,1.0,0.004491716199999999,0.9955082838,0.19999999999999996
ViSmish_09424,0,0,0.9992489,True,1.0,synthetic,Dịch vụ y tế,1.0,0.005336734199999998,0.9946632658,0.19999999999999996
ViSmish_09425,1,1,0.99954814,True,1.0,paraphrased,Nội dung nhạy cảm,1.0,0.9958360079999999,0.004163992000000061,0.19999999999999996
ViSmish_09426,0,0,0.9992536,True,1.0,real,Viễn thông,1.0,0.0053205907999999994,0.9946794092,0.19999999999999996
ViSmish_09427,0,0,0.99949086,True,1.0,synthetic,Ngân hàng thật,1.0,0.004414053999999999,0.995585946,0.19999999999999996
ViSmish_09428,1,1,0.99961036,True,1.0,paraphrased,Dịch vụ công giả,1.0,0.99612776,0.0038722399999999713,0.19999999999999996
ViSmish_09429,1,1,0.99746907,True,1.0,paraphrased,Nội dung nhạy cảm,1.0,0.9904086,0.009591400000000028,0.19999999999999996
ViSmish_09430,1,1,0.99961877,True,1.0,paraphrased,Giả mạo ngân hàng,1.0,0.996169,0.003831000000000029,0.19999999999999996
ViSmish_09431,0,0,0.99865735,True,1.0,real,Khác,1.0,0.007073934399999998,0.9929260656,0.19999999999999996
ViSmish_09432,0,0,0.99949265,True,1.0,synthetic,Dịch vụ công thật,1.0,0.004406542999999999,0.995593457,0.19999999999999996
ViSmish_09433,1,1,0.9996246,True,1.0,paraphrased,Đòi nợ / Đe dọa,1.0,0.99619778,0.0038022199999999673,0.19999999999999996
ViSmish_09435,1,1,0.99961746,True,1.0,paraphrased,Đòi nợ / Đe dọa,1.0,0.9961627120000001,0.0038372879999999387,0.19999999999999996
ViSmish_09436,1,1,0.99961555,True,1.0,paraphrased,Crypto / Đầu tư giả,1.0,0.996153128,0.003846872000000001,0.19999999999999996
ViSmish_09437,1,1,0.99961543,True,1.0,paraphrased,Giả mạo ngân hàng,1.0,0.9961530080000001,0.003846991999999938,0.19999999999999996
ViSmish_09438,1,1,0.9995877,True,1.0,paraphrased,Đòi nợ / Đe dọa,1.0,0.9960191,0.003980899999999954,0.19999999999999996
ViSmish_09439,0,0,0.99862456,True,1.0,synthetic,Quảng cáo hợp lệ,1.0,0.007156770599999998,0.9928432294,0.19999999999999996
ViSmish_09441,1,1,0.9995578,True,1.0,synthetic_hard_positive,Khác,1.0,0.99588002,0.004119980000000023,0.19999999999999996
ViSmish_09442,1,1,0.9996189,True,1.0,paraphrased,Đòi nợ / Đe dọa,1.0,0.996169734,0.0038302660000000266,0.19999999999999996
ViSmish_09444,0,0,0.9992391,True,1.0,synthetic,Viễn thông,1.0,0.005370801599999998,0.9946291984,0.19999999999999996
ViSmish_09445,0,0,0.99945444,True,1.0,synthetic,Dịch vụ công thật,1.0,0.004566164599999999,0.9954338354,0.19999999999999996
ViSmish_09446,1,1,0.9995969,True,1.0,paraphrased,Đòi nợ / Đe dọa,1.0,0.996062768,0.003937231999999957,0.19999999999999996
ViSmish_09447,0,0,0.99941206,True,1.0,real,Viễn thông,1.0,0.004736020399999999,0.9952639796,0.19999999999999996
ViSmish_09448,0,0,0.9994342,True,1.0,external_real,P2P hội thoại thông thường,1.0,0.004648063999999999,0.995351936,0.19999999999999996
ViSmish_09449,1,1,0.999622,True,1.0,paraphrased,Dịch vụ công giả,1.0,0.996185,0.003815000000000013,0.19999999999999996
ViSmish_09450,1,1,0.9995902,True,1.0,paraphrased,Crypto / Đầu tư giả,1.0,0.99603106,0.003968940000000032,0.19999999999999996
ViSmish_09451,1,1,0.99952745,True,1.0,synthetic_hard_positive,Đòi nợ / Đe dọa,1.0,0.9957436319999999,0.004256368000000066,0.19999999999999996
ViSmish_09452,1,1,0.9996257,True,1.0,paraphrased,BHXH / Trợ cấp giả,1.0,0.99620347,0.00379653000000002,0.19999999999999996
ViSmish_09454,0,0,0.9994742,True,1.0,synthetic,Vận chuyển,1.0,0.0044845115999999985,0.9955154884,0.19999999999999996
ViSmish_09455,1,1,0.9995529,True,1.0,paraphrased,Nội dung nhạy cảm,1.0,0.99585805,0.00414194999999995,0.19999999999999996
ViSmish_09456,1,1,0.9996057,True,1.0,paraphrased,Dịch vụ công giả,1.0,0.996105,0.003894999999999982,0.19999999999999996
ViSmish_09457,1,1,0.9996082,True,1.0,paraphrased,Nội dung nhạy cảm,1.0,0.9961175,0.003882500000000011,0.19999999999999996
ViSmish_09458,0,0,0.99943787,True,1.0,external_real,P2P hội thoại thông thường,1.0,0.004633156999999999,0.995366843,0.19999999999999996
ViSmish_09459,0,0,0.9994843,True,1.0,real,Khác,1.0,0.004442022399999999,0.9955579776,0.19999999999999996
ViSmish_09460,1,1,0.9996251,True,1.0,paraphrased,BHXH / Trợ cấp giả,1.0,0.9962006999999999,0.003799300000000061,0.19999999999999996
ViSmish_09461,0,0,0.9987471,True,1.0,real,Dịch vụ công thật,1.0,0.006841458399999998,0.9931585416,0.19999999999999996
ViSmish_09462,0,0,0.9994467,True,1.0,real,Ngân hàng thật,1.0,0.004597439599999999,0.9954025604,0.19999999999999996
ViSmish_09463,1,1,0.9996032,True,1.0,paraphrased,Tuyển dụng giả,1.0,0.996092808,0.003907192000000004,0.19999999999999996
ViSmish_09465,1,1,0.9996245,True,1.0,paraphrased,Tuyển dụng giả,1.0,0.996197308,0.003802692000000052,0.19999999999999996
ViSmish_09466,0,0,0.99927276,True,1.0,real,Dịch vụ công thật,1.0,0.005253711799999999,0.9947462882,0.19999999999999996
ViSmish_09467,1,1,0.9996195,True,1.0,paraphrased,Nội dung nhạy cảm,1.0,0.9961726399999999,0.0038273600000000574,0.19999999999999996
ViSmish_09468,0,0,0.99944764,True,1.0,synthetic,Dịch vụ y tế,1.0,0.004593549599999999,0.9954064504,0.19999999999999996
ViSmish_09469,1,1,0.99956614,True,1.0,paraphrased,Giả mạo ngân hàng,1.0,0.995918548,0.004081451999999985,0.19999999999999996
ViSmish_09470,0,0,0.9994499,True,1.0,external_curated,P2P hard negative,1.0,0.0045845977999999996,0.9954154022,0.19999999999999996
ViSmish_09471,0,0,0.9994758,True,1.0,real,Khác,1.0,0.004478176999999999,0.995521823,0.19999999999999996
ViSmish_09472,0,0,0.9993412,True,1.0,real,Viễn thông,1.0,0.005006480999999999,0.994993519,0.19999999999999996
ViSmish_09473,1,1,0.9995969,True,1.0,paraphrased,Nội dung nhạy cảm,1.0,0.99606292,0.003937080000000037,0.19999999999999996
ViSmish_09474,0,0,0.9994184,True,1.0,real,Vận chuyển,1.0,0.004711121399999999,0.9952888786,0.19999999999999996
ViSmish_09475,0,0,0.99947864,True,1.0,real,Viễn thông,1.0,0.004465859399999999,0.9955341406,0.19999999999999996
ViSmish_09476,0,0,0.99945027,True,1.0,synthetic,Dịch vụ công thật,1.0,0.004583098399999999,0.9954169016,0.19999999999999996
ViSmish_09477,1,1,0.9996239,True,1.0,paraphrased,Dịch vụ công giả,1.0,0.9961945999999999,0.00380540000000007,0.19999999999999996
ViSmish_09479,1,1,0.99962604,True,1.0,paraphrased,Tuyển dụng giả,1.0,0.9962051279999999,0.00379487200000006,0.19999999999999996
ViSmish_09481,1,1,0.9996007,True,1.0,paraphrased,Dịch vụ công giả,1.0,0.99608103,0.003918969999999966,0.19999999999999996
ViSmish_09482,0,0,0.99946874,True,1.0,synthetic,Dịch vụ công thật,1.0,0.004507121399999999,0.9954928786,0.19999999999999996
ViSmish_09483,0,0,0.9993574,True,1.0,real,Viễn thông,1.0,0.004945947999999999,0.995054052,0.19999999999999996
ViSmish_09484,0,0,0.9994186,True,1.0,external_real,P2P hội thoại thông thường,1.0,0.004710245999999999,0.995289754,0.19999999999999996
ViSmish_09486,0,0,0.9994816,True,1.0,synthetic,Thương mại điện tử,1.0,0.004453597199999999,0.9955464028,0.19999999999999996
ViSmish_09488,0,0,0.9994005,True,1.0,real,Khác,1.0,0.004781409999999999,0.99521859,0.19999999999999996
ViSmish_09489,1,1,0.99957997,True,1.0,paraphrased,Tuyển dụng giả,1.0,0.9959823,0.004017700000000013,0.19999999999999996
ViSmish_09490,1,1,0.9996278,True,1.0,paraphrased,Dịch vụ công giả,1.0,0.99621424,0.0037857599999999714,0.19999999999999996
ViSmish_09491,0,0,0.9994128,True,1.0,synthetic,Dịch vụ y tế,1.0,0.004733331599999999,0.9952666684,0.19999999999999996
ViSmish_09493,1,1,0.99961215,True,1.0,paraphrased,Tuyển dụng giả,1.0,0.996136272,0.0038637280000000107,0.19999999999999996
ViSmish_09494,1,1,0.9996245,True,1.0,paraphrased,Nội dung nhạy cảm,1.0,0.9961975599999999,0.0038024400000000735,0.19999999999999996
ViSmish_09495,1,1,0.999603,True,1.0,paraphrased,Nội dung nhạy cảm,1.0,0.996091748,0.003908252000000001,0.19999999999999996
ViSmish_09496,1,1,0.99955434,True,1.0,synthetic_hard_positive,Khác,1.0,0.99586445,0.004135549999999988,0.19999999999999996
ViSmish_09497,1,1,0.9996025,True,1.0,paraphrased,Cờ bạc / Betting,1.0,0.996089506,0.003910493999999987,0.19999999999999996
ViSmish_09498,0,0,0.99945945,True,1.0,synthetic,Viễn thông,1.0,0.004545664799999999,0.9954543352,0.19999999999999996
ViSmish_09499,1,1,0.9996062,True,1.0,paraphrased,Crypto / Đầu tư giả,1.0,0.99610762,0.0038923800000000286,0.19999999999999996
ViSmish_09500,1,1,0.99962044,True,1.0,paraphrased,Tuyển dụng giả,1.0,0.9961773,0.0038226999999999567,0.19999999999999996
ViSmish_09502,1,1,0.999524,True,1.0,synthetic_hard_positive,Giả mạo ngân hàng,1.0,0.995728648,0.0042713519999999505,0.19999999999999996
ViSmish_09503,1,1,0.9996203,True,1.0,paraphrased,Nội dung nhạy cảm,1.0,0.99617698,0.0038230200000000103,0.19999999999999996
ViSmish_09505,1,1,0.9996196,True,1.0,paraphrased,Giả mạo ngân hàng,1.0,0.9961732400000001,0.003826759999999929,0.19999999999999996
ViSmish_09506,0,0,0.99944896,True,1.0,real,Khác,1.0,0.004588403999999999,0.995411596,0.19999999999999996
ViSmish_09507,1,1,0.9995041,True,1.0,synthetic_hard_positive,Đòi nợ / Đe dọa,1.0,0.99564238,0.004357619999999951,0.19999999999999996
ViSmish_09508,1,1,0.9996282,True,1.0,paraphrased,Tuyển dụng giả,1.0,0.99621614,0.0037838599999999722,0.19999999999999996
ViSmish_09511,1,1,0.99955565,True,1.0,paraphrased,Crypto / Đầu tư giả,1.0,0.995870328,0.004129672000000029,0.19999999999999996
ViSmish_09513,0,0,0.9994517,True,1.0,synthetic,Tin nhắn cá nhân và OTP,1.0,0.004577319399999999,0.9954226806,0.19999999999999996
ViSmish_09515,0,0,0.9994211,True,1.0,synthetic,Vận chuyển,1.0,0.004700205199999999,0.9952997948,0.19999999999999996
ViSmish_09516,0,0,0.99947435,True,1.0,synthetic,Thương mại điện tử,1.0,0.004483792999999999,0.995516207,0.19999999999999996
ViSmish_09517,0,0,0.9994454,True,1.0,external_real,P2P hội thoại thông thường,1.0,0.004602920599999999,0.9953970794,0.19999999999999996
ViSmish_09518,1,1,0.9996221,True,1.0,paraphrased,Dịch vụ công giả,1.0,0.99618553,0.0038144700000000142,0.19999999999999996
ViSmish_09520,0,0,0.99946445,True,1.0,synthetic,Viễn thông,1.0,0.004524761999999999,0.995475238,0.19999999999999996
ViSmish_09521,0,0,0.99936146,True,1.0,external_real,P2P hội thoại thông thường,1.0,0.004930917199999999,0.9950690828,0.19999999999999996
ViSmish_09522,1,1,0.9996061,True,1.0,paraphrased,Crypto / Đầu tư giả,1.0,0.996106828,0.003893171999999945,0.19999999999999996
ViSmish_09523,1,1,0.99961084,True,1.0,paraphrased,Tuyển dụng giả,1.0,0.99612976,0.0038702400000000248,0.19999999999999996
ViSmish_09524,0,0,0.99947447,True,1.0,real,Khác,1.0,0.0044832527999999995,0.9955167472,0.19999999999999996
ViSmish_09525,0,0,0.9993374,True,1.0,synthetic,Dịch vụ y tế,1.0,0.005020430599999999,0.9949795694,0.19999999999999996
ViSmish_09526,0,0,0.9994649,True,1.0,synthetic,Tin nhắn cá nhân và OTP,1.0,0.004523077599999999,0.9954769224,0.19999999999999996
ViSmish_09527,1,1,0.99959034,True,1.0,paraphrased,Nội dung nhạy cảm,1.0,0.9960316300000001,0.003968369999999943,0.19999999999999996
ViSmish_09528,1,1,0.9996357,True,1.0,paraphrased,Giả mạo ngân hàng,1.0,0.99625332,0.0037466800000000022,0.19999999999999996
ViSmish_09530,1,1,0.9996275,True,1.0,paraphrased,BHXH / Trợ cấp giả,1.0,0.9962123199999999,0.003787680000000071,0.19999999999999996
ViSmish_09531,1,1,0.9996132,True,1.0,paraphrased,Đòi nợ / Đe dọa,1.0,0.99614141,0.003858589999999995,0.19999999999999996
ViSmish_09532,1,1,0.99961555,True,1.0,paraphrased,Crypto / Đầu tư giả,1.0,0.9961533300000001,0.003846669999999941,0.19999999999999996
ViSmish_09533,1,1,0.9996145,True,1.0,paraphrased,Nội dung nhạy cảm,1.0,0.996148312,0.0038516880000000198,0.19999999999999996
ViSmish_09534,0,0,0.99947566,True,1.0,synthetic,Quảng cáo hợp lệ,1.0,0.004478550799999999,0.9955214492,0.19999999999999996
ViSmish_09536,1,1,0.9996165,True,1.0,paraphrased,Giả mạo ngân hàng,1.0,0.99615824,0.0038417600000000274,0.19999999999999996
ViSmish_09537,0,0,0.99939847,True,1.0,synthetic,Dịch vụ công thật,1.0,0.004789043199999999,0.9952109568,0.19999999999999996
ViSmish_09538,1,1,0.99960595,True,1.0,paraphrased,Nội dung nhạy cảm,1.0,0.99610653,0.0038934699999999545,0.19999999999999996
ViSmish_09539,1,1,0.99962556,True,1.0,paraphrased,BHXH / Trợ cấp giả,1.0,0.9962029,0.0037970999999999977,0.19999999999999996
ViSmish_09540,1,1,0.99955016,True,1.0,paraphrased,Đòi nợ / Đe dọa,1.0,0.99584527,0.004154729999999995,0.19999999999999996
ViSmish_09541,0,0,0.9994165,True,1.0,external_curated,P2P hard negative,1.0,0.004718595799999999,0.9952814042,0.19999999999999996
ViSmish_09544,1,1,0.99957365,True,1.0,paraphrased,Crypto / Đầu tư giả,1.0,0.9959530480000001,0.004046951999999937,0.19999999999999996
ViSmish_09545,1,1,0.99963355,True,1.0,paraphrased,Tuyển dụng giả,1.0,0.9962424599999999,0.003757540000000059,0.19999999999999996
ViSmish_09546,0,0,0.99937755,True,1.0,external_curated,P2P hard negative,1.0,0.004869890199999999,0.9951301098,0.19999999999999996
ViSmish_09547,1,1,0.99962664,True,1.0,paraphrased,BHXH / Trợ cấp giả,1.0,0.9962084,0.003791600000000006,0.19999999999999996
ViSmish_09550,0,0,0.99945337,True,1.0,synthetic,Dịch vụ công thật,1.0,0.004570534799999999,0.9954294652,0.19999999999999996
ViSmish_09552,0,0,0.99938416,True,1.0,real,Khác,1.0,0.004844570599999999,0.9951554294,0.19999999999999996
ViSmish_09554,1,1,0.9995852,True,1.0,paraphrased,Crypto / Đầu tư giả,1.0,0.99600724,0.00399276000000004,0.19999999999999996
ViSmish_09555,1,1,0.99961084,True,1.0,paraphrased,Đòi nợ / Đe dọa,1.0,0.996130312,0.0038696879999999823,0.19999999999999996
ViSmish_09556,1,1,0.9996049,True,1.0,paraphrased,Nội dung nhạy cảm,1.0,0.996101188,0.0038988119999999737,0.19999999999999996
ViSmish_09557,0,0,0.9994673,True,1.0,real,Viễn thông,1.0,0.0045130933999999985,0.9954869066,0.19999999999999996
ViSmish_09558,0,0,0.99946064,True,1.0,external_real,P2P hội thoại thông thường,1.0,0.004540715999999999,0.995459284,0.19999999999999996
ViSmish_09561,1,1,0.99955565,True,1.0,paraphrased,Cờ bạc / Betting,1.0,0.995870232,0.004129767999999978,0.19999999999999996
ViSmish_09562,0,0,0.9994332,True,1.0,synthetic,Dịch vụ công thật,1.0,0.004651882799999999,0.9953481172,0.19999999999999996
ViSmish_09563,1,1,0.9995802,True,1.0,paraphrased,Crypto / Đầu tư giả,1.0,0.9959836479999999,0.004016352000000056,0.19999999999999996
ViSmish_09564,1,1,0.99961996,True,1.0,paraphrased,BHXH / Trợ cấp giả,1.0,0.9961748,0.003825199999999973,0.19999999999999996
ViSmish_09565,0,0,0.9994142,True,1.0,real,Ngân hàng thật,1.0,0.004727825199999999,0.9952721748,0.19999999999999996
ViSmish_09566,1,1,0.9996145,True,1.0,paraphrased,Cờ bạc / Betting,1.0,0.99614804,0.0038519599999999876,0.19999999999999996
ViSmish_09567,1,1,0.9994981,True,1.0,paraphrased,Đòi nợ / Đe dọa,1.0,0.995616686,0.004383314000000027,0.19999999999999996
ViSmish_09568,1,1,0.9995939,True,1.0,paraphrased,Nội dung nhạy cảm,1.0,0.9960486,0.003951400000000049,0.19999999999999996
ViSmish_09569,1,1,0.99962056,True,1.0,paraphrased,Nội dung nhạy cảm,1.0,0.9961778,0.003822199999999998,0.19999999999999996
ViSmish_09570,1,1,0.99962986,True,1.0,paraphrased,Tuyển dụng giả,1.0,0.99622406,0.003775940000000033,0.19999999999999996
ViSmish_09572,1,1,0.99958056,True,1.0,paraphrased,Dịch vụ công giả,1.0,0.99598544,0.00401456,0.19999999999999996
ViSmish_09576,0,0,0.99948335,True,1.0,synthetic,Vận chuyển,1.0,0.004446027399999999,0.9955539726,0.19999999999999996
ViSmish_09577,1,1,0.9996189,True,1.0,paraphrased,Cờ bạc / Betting,1.0,0.99616984,0.003830160000000027,0.19999999999999996
ViSmish_09578,0,0,0.99937075,True,1.0,external_real,P2P hội thoại thông thường,1.0,0.004895895999999999,0.995104104,0.19999999999999996
ViSmish_09579,0,0,0.9994962,True,1.0,real,Tin nhắn cá nhân và OTP,1.0,0.004391420199999999,0.9956085798,0.19999999999999996
ViSmish_09580,0,0,0.99904805,True,1.0,synthetic,Dịch vụ công thật,1.0,0.005988632599999998,0.9940113674,0.19999999999999996
ViSmish_09581,1,1,0.9992773,True,1.0,paraphrased,Crypto / Đầu tư giả,1.0,0.99476217,0.005237829999999999,0.19999999999999996
ViSmish_09583,1,1,0.99935323,True,1.0,paraphrased,Cờ bạc / Betting,1.0,0.995038366,0.004961634000000048,0.19999999999999996
ViSmish_09584,1,1,0.9996152,True,1.0,paraphrased,Cờ bạc / Betting,1.0,0.9961514,0.00384859999999998,0.19999999999999996
ViSmish_09585,1,1,0.99958867,True,1.0,paraphrased,Nội dung nhạy cảm,1.0,0.996023452,0.003976548000000024,0.19999999999999996
ViSmish_09586,1,1,0.99956936,True,1.0,paraphrased,Nội dung nhạy cảm,1.0,0.99593336,0.00406664000000001,0.19999999999999996
ViSmish_09588,0,0,0.9993562,True,1.0,real,Tin nhắn cá nhân và OTP,1.0,0.004950795999999999,0.995049204,0.19999999999999996
ViSmish_09590,0,0,0.9994599,True,1.0,real,Khác,1.0,0.004543590599999999,0.9954564094,0.19999999999999996
ViSmish_09591,0,0,0.99948883,True,1.0,real,Tin nhắn cá nhân và OTP,1.0,0.0044229961999999986,0.9955770038,0.19999999999999996
ViSmish_09592,0,0,0.9994636,True,1.0,real,Ngân hàng thật,1.0,0.004528483399999999,0.9954715166,0.19999999999999996
ViSmish_09594,0,0,0.9994398,True,1.0,synthetic,Thương mại điện tử,1.0,0.004625641999999999,0.995374358,0.19999999999999996
ViSmish_09595,0,0,0.99947613,True,1.0,synthetic,Vận chuyển,1.0,0.004476661599999999,0.9955233384,0.19999999999999996
ViSmish_09597,1,1,0.99953055,True,1.0,paraphrased,Cờ bạc / Betting,1.0,0.99575738,0.004242619999999975,0.19999999999999996
ViSmish_09599,0,0,0.9994466,True,1.0,external_real,P2P hội thoại thông thường,1.0,0.0045982513999999995,0.9954017486,0.19999999999999996
ViSmish_09601,0,0,0.9992285,True,1.0,synthetic,Dịch vụ công thật,1.0,0.005407305999999999,0.994592694,0.19999999999999996
ViSmish_09602,1,1,0.9996106,True,1.0,paraphrased,Cờ bạc / Betting,1.0,0.996128928,0.003871072000000031,0.19999999999999996
ViSmish_09607,1,1,0.9996371,True,1.0,paraphrased,Tuyển dụng giả,1.0,0.99626072,0.0037392800000000115,0.19999999999999996
ViSmish_09608,1,1,0.9996099,True,1.0,paraphrased,Nội dung nhạy cảm,1.0,0.996125352,0.003874648000000036,0.19999999999999996
ViSmish_09610,1,1,0.999617,True,1.0,paraphrased,Tuyển dụng giả,1.0,0.99616014,0.0038398600000000283,0.19999999999999996
ViSmish_09613,0,0,0.99946946,True,1.0,synthetic,Tin nhắn cá nhân và OTP,1.0,0.004504232399999999,0.9954957676,0.19999999999999996
ViSmish_09614,1,1,0.9992711,True,1.0,paraphrased,Nội dung nhạy cảm,1.0,0.994740308,0.0052596919999999825,0.19999999999999996
ViSmish_09615,1,1,0.99961865,True,1.0,paraphrased,Dịch vụ công giả,1.0,0.996168674,0.0038313260000000238,0.19999999999999996
ViSmish_09617,1,1,0.9996012,True,1.0,paraphrased,Nội dung nhạy cảm,1.0,0.996083152,0.003916848000000028,0.19999999999999996
ViSmish_09618,1,1,0.99962044,True,1.0,paraphrased,BHXH / Trợ cấp giả,1.0,0.996177232,0.003822768000000032,0.19999999999999996
ViSmish_09619,0,0,0.99939287,True,1.0,external_real,P2P hội thoại thông thường,1.0,0.004810725999999999,0.995189274,0.19999999999999996
ViSmish_09620,1,1,0.9996151,True,1.0,paraphrased,Tuyển dụng giả,1.0,0.99615106,0.003848940000000023,0.19999999999999996
ViSmish_09621,0,0,0.99944156,True,1.0,synthetic,Tin nhắn cá nhân và OTP,1.0,0.004618226,0.995381774,0.19999999999999996
ViSmish_09623,1,1,0.9996238,True,1.0,paraphrased,Crypto / Đầu tư giả,1.0,0.99619406,0.0038059400000000077,0.19999999999999996
ViSmish_09627,1,1,0.9995851,True,1.0,paraphrased,Crypto / Đầu tư giả,1.0,0.9960065,0.003993499999999983,0.19999999999999996
ViSmish_09630,0,0,0.9993443,True,1.0,real,Viễn thông,1.0,0.004995154599999999,0.9950048454,0.19999999999999996
ViSmish_09631,0,0,0.9994765,True,1.0,synthetic,Viễn thông,1.0,0.0044750343999999985,0.9955249656,0.19999999999999996
ViSmish_09633,1,1,0.99957067,True,1.0,paraphrased,Crypto / Đầu tư giả,1.0,0.99593898,0.004061019999999971,0.19999999999999996
ViSmish_09634,0,0,0.9994715,True,1.0,synthetic,Thương mại điện tử,1.0,0.0044955763999999995,0.9955044236,0.19999999999999996
ViSmish_09635,0,0,0.99947923,True,1.0,synthetic,Vận chuyển,1.0,0.004463645999999999,0.995536354,0.19999999999999996
ViSmish_09636,0,0,0.9993837,True,1.0,external_real,P2P hội thoại thông thường,1.0,0.004846435399999999,0.9951535646,0.19999999999999996
ViSmish_09637,1,1,0.999443,True,1.0,synthetic_hard_positive,Khác,1.0,0.99538758,0.0046124199999999504,0.19999999999999996
ViSmish_09639,1,1,0.9996301,True,1.0,paraphrased,Đòi nợ / Đe dọa,1.0,0.996225166,0.0037748340000000047,0.19999999999999996
ViSmish_09640,1,1,0.99962604,True,1.0,paraphrased,BHXH / Trợ cấp giả,1.0,0.9962051519999999,0.003794848000000073,0.19999999999999996
ViSmish_09641,1,1,0.9996126,True,1.0,paraphrased,Crypto / Đầu tư giả,1.0,0.996138608,0.003861392000000019,0.19999999999999996
ViSmish_09642,0,0,0.9994649,True,1.0,synthetic,Ngân hàng thật,1.0,0.004523131999999999,0.995476868,0.19999999999999996
ViSmish_09643,1,1,0.99962246,True,1.0,paraphrased,Tuyển dụng giả,1.0,0.996187412,0.00381258799999995,0.19999999999999996
ViSmish_09644,1,1,0.9995334,True,1.0,paraphrased,Cờ bạc / Betting,1.0,0.99577038,0.004229620000000045,0.19999999999999996
ViSmish_09645,0,0,0.99945027,True,1.0,real,Khác,1.0,0.0045833051999999985,0.9954166948000001,0.19999999999999996
ViSmish_09646,0,0,0.99927455,True,1.0,synthetic,Thương mại điện tử,1.0,0.005247282599999999,0.9947527174,0.19999999999999996
ViSmish_09647,1,1,0.9995894,True,1.0,paraphrased,Nội dung nhạy cảm,1.0,0.99602718,0.003972819999999988,0.19999999999999996
ViSmish_09649,1,1,0.9996288,True,1.0,paraphrased,Đòi nợ / Đe dọa,1.0,0.99621882,0.0037811800000000506,0.19999999999999996
ViSmish_09650,0,0,0.99943525,True,1.0,external_real,P2P hội thoại thông thường,1.0,0.004643758799999999,0.9953562412,0.19999999999999996
ViSmish_09651,0,0,0.99939144,True,1.0,synthetic,Ngân hàng thật,1.0,0.004816323999999999,0.995183676,0.19999999999999996
ViSmish_09652,0,0,0.9994553,True,1.0,real,Ngân hàng thật,1.0,0.004562848399999999,0.9954371516,0.19999999999999996
ViSmish_09653,0,0,0.99936026,True,1.0,real,Viễn thông,1.0,0.004935390799999999,0.9950646092,0.19999999999999996
ViSmish_09655,0,0,0.99938893,True,1.0,synthetic,Quảng cáo hợp lệ,1.0,0.004826165399999999,0.9951738346,0.19999999999999996
ViSmish_09656,1,1,0.999571,True,1.0,paraphrased,Crypto / Đầu tư giả,1.0,0.9959408519999999,0.004059148000000068,0.19999999999999996
ViSmish_09657,0,0,0.99947757,True,1.0,synthetic,Thương mại điện tử,1.0,0.004470230199999999,0.9955297698,0.19999999999999996
ViSmish_09659,1,1,0.9996209,True,1.0,paraphrased,Crypto / Đầu tư giả,1.0,0.9961795680000001,0.0038204319999999292,0.19999999999999996
ViSmish_09660,1,1,0.9995066,True,1.0,paraphrased,Nội dung nhạy cảm,1.0,0.995652866,0.004347133999999975,0.19999999999999996
ViSmish_09662,1,1,0.9996308,True,1.0,paraphrased,Tuyển dụng giả,1.0,0.99622924,0.003770759999999984,0.19999999999999996
ViSmish_09663,1,1,0.9995913,True,1.0,paraphrased,Nội dung nhạy cảm,1.0,0.99603584,0.003964159999999994,0.19999999999999996
ViSmish_09664,1,1,0.99958795,True,1.0,paraphrased,Đòi nợ / Đe dọa,1.0,0.996020388,0.003979611999999966,0.19999999999999996
ViSmish_09665,0,0,0.9994789,True,1.0,synthetic,Viễn thông,1.0,0.004464771999999999,0.995535228,0.19999999999999996
ViSmish_09667,1,1,0.999527,True,1.0,paraphrased,Giả mạo ngân hàng,1.0,0.995741486,0.004258513999999991,0.19999999999999996
ViSmish_09668,1,1,0.99961543,True,1.0,paraphrased,BHXH / Trợ cấp giả,1.0,0.99615271,0.0038472899999999477,0.19999999999999996
ViSmish_09669,1,1,0.99951756,True,1.0,synthetic_hard_positive,Tuyển dụng giả,1.0,0.995700408,0.004299591999999963,0.19999999999999996
ViSmish_09670,1,1,0.9996055,True,1.0,paraphrased,Cờ bạc / Betting,1.0,0.99610422,0.0038957800000000153,0.19999999999999996
ViSmish_09671,1,1,0.9996228,True,1.0,paraphrased,Đòi nợ / Đe dọa,1.0,0.9961892720000001,0.00381072799999993,0.19999999999999996
ViSmish_09672,1,1,0.9996313,True,1.0,paraphrased,BHXH / Trợ cấp giả,1.0,0.99623122,0.003768780000000027,0.19999999999999996
ViSmish_09675,1,1,0.99959224,True,1.0,paraphrased,Nội dung nhạy cảm,1.0,0.996040512,0.003959488000000011,0.19999999999999996
ViSmish_09677,1,1,0.9994673,True,1.0,paraphrased,Nội dung nhạy cảm,1.0,0.99548707,0.004512929999999971,0.19999999999999996
ViSmish_09679,0,0,0.9994531,True,1.0,synthetic,Dịch vụ y tế,1.0,0.004571605199999999,0.9954283948,0.19999999999999996
ViSmish_09680,1,1,0.99961275,True,1.0,paraphrased,Tuyển dụng giả,1.0,0.9961394800000001,0.003860519999999923,0.19999999999999996
ViSmish_09682,1,1,0.9994717,True,1.0,paraphrased,Cờ bạc / Betting,1.0,0.9955054,0.004494600000000015,0.19999999999999996
ViSmish_09683,1,1,0.9996081,True,1.0,paraphrased,Cờ bạc / Betting,1.0,0.9961165599999999,0.0038834400000000713,0.19999999999999996
ViSmish_09684,1,1,0.99956876,True,1.0,paraphrased,Dịch vụ công giả,1.0,0.9959304,0.0040696000000000065,0.19999999999999996
ViSmish_09687,0,0,0.99949014,True,1.0,synthetic,Tin nhắn cá nhân và OTP,1.0,0.004417397399999998,0.9955826026,0.19999999999999996
ViSmish_09692,1,1,0.9996025,True,1.0,paraphrased,Cờ bạc / Betting,1.0,0.9960898,0.003910199999999975,0.19999999999999996
ViSmish_09693,1,1,0.99962044,True,1.0,paraphrased,Nội dung nhạy cảm,1.0,0.99617718,0.0038228200000000045,0.19999999999999996
ViSmish_09694,0,0,0.99947256,True,1.0,synthetic,Dịch vụ y tế,1.0,0.004491340399999998,0.9955086596,0.19999999999999996
ViSmish_09695,0,0,0.99945265,True,1.0,real,Tin nhắn cá nhân và OTP,1.0,0.004573395399999999,0.9954266046,0.19999999999999996
ViSmish_09699,0,0,0.99946684,True,1.0,synthetic,Dịch vụ công thật,1.0,0.0045152149999999995,0.995484785,0.19999999999999996
ViSmish_09700,1,1,0.9996012,True,1.0,paraphrased,Nội dung nhạy cảm,1.0,0.9960831800000001,0.003916819999999932,0.19999999999999996
ViSmish_09702,1,1,0.9996082,True,1.0,paraphrased,Crypto / Đầu tư giả,1.0,0.9961172,0.003882799999999964,0.19999999999999996
ViSmish_09704,0,0,0.9994629,True,1.0,real,Khác,1.0,0.004531292999999999,0.995468707,0.19999999999999996
ViSmish_09705,1,1,0.9996118,True,1.0,paraphrased,Cờ bạc / Betting,1.0,0.99613478,0.0038652200000000025,0.19999999999999996
ViSmish_09706,1,1,0.999622,True,1.0,paraphrased,BHXH / Trợ cấp giả,1.0,0.996185,0.003815000000000013,0.19999999999999996
ViSmish_09708,0,0,0.99947256,True,1.0,synthetic,Quảng cáo hợp lệ,1.0,0.004491409199999999,0.9955085908,0.19999999999999996
ViSmish_09709,1,1,0.99961543,True,1.0,paraphrased,Cờ bạc / Betting,1.0,0.99615248,0.003847519999999993,0.19999999999999996
ViSmish_09712,1,1,0.9995547,True,1.0,paraphrased,Crypto / Đầu tư giả,1.0,0.995866,0.004133999999999971,0.19999999999999996
ViSmish_09716,1,1,0.99953663,True,1.0,paraphrased,Crypto / Đầu tư giả,1.0,0.995784474,0.0042155259999999695,0.19999999999999996
ViSmish_09717,0,0,0.9993272,True,1.0,external_real,P2P hội thoại thông thường,1.0,0.005058338399999999,0.9949416616,0.19999999999999996
ViSmish_09718,0,0,0.9994729,True,1.0,synthetic,Tin nhắn cá nhân và OTP,1.0,0.004489777999999999,0.9955102220000001,0.19999999999999996
ViSmish_09719,1,1,0.99960834,True,1.0,paraphrased,BHXH / Trợ cấp giả,1.0,0.9961175600000001,0.0038824399999999315,0.19999999999999996
ViSmish_09720,1,1,0.99962175,True,1.0,paraphrased,Crypto / Đầu tư giả,1.0,0.996183694,0.003816306000000047,0.19999999999999996
ViSmish_09723,0,0,0.99947315,True,1.0,synthetic,Vận chuyển,1.0,0.0044888353999999984,0.9955111646,0.19999999999999996
ViSmish_09725,1,1,0.9996189,True,1.0,paraphrased,BHXH / Trợ cấp giả,1.0,0.99616976,0.0038302399999999848,0.19999999999999996
ViSmish_09726,0,0,0.99944896,True,1.0,real,Viễn thông,1.0,0.004588293199999999,0.9954117068,0.19999999999999996
ViSmish_09727,1,1,0.99957615,True,1.0,paraphrased,Cờ bạc / Betting,1.0,0.99596461,0.004035389999999972,0.19999999999999996
ViSmish_09728,1,1,0.99957734,True,1.0,paraphrased,Cờ bạc / Betting,1.0,0.9959701400000001,0.004029859999999941,0.19999999999999996
ViSmish_09730,0,0,0.99925345,True,1.0,external_real,P2P hội thoại thông thường,1.0,0.005321093199999999,0.9946789068,0.19999999999999996
ViSmish_09731,1,1,0.99954045,True,1.0,synthetic_hard_positive,Khác,1.0,0.99580154,0.004198460000000015,0.19999999999999996
ViSmish_09732,1,1,0.99941957,True,1.0,real,Khác,1.0,0.99529342,0.004706580000000016,0.19999999999999996
ViSmish_09733,1,1,0.99941826,True,1.0,real,Cờ bạc / Betting,1.0,0.9952884,0.004711600000000038,0.19999999999999996
ViSmish_09735,0,0,0.999485,True,1.0,synthetic,Vận chuyển,1.0,0.004438990999999999,0.995561009,0.19999999999999996
ViSmish_09736,1,1,0.9996159,True,1.0,paraphrased,Giả mạo ngân hàng,1.0,0.99615498,0.003845019999999977,0.19999999999999996
ViSmish_09737,0,0,0.99948007,True,1.0,synthetic,Vận chuyển,1.0,0.004459838999999999,0.995540161,0.19999999999999996
ViSmish_09738,0,0,0.9994295,True,1.0,real,Khác,1.0,0.004666729599999999,0.9953332704,0.19999999999999996
ViSmish_09739,0,0,0.99929416,True,1.0,synthetic,Dịch vụ công thật,1.0,0.005177759399999999,0.9948222406,0.19999999999999996
ViSmish_09740,1,1,0.9996288,True,1.0,paraphrased,BHXH / Trợ cấp giả,1.0,0.99621855,0.003781449999999964,0.19999999999999996
ViSmish_09741,0,0,0.99948114,True,1.0,synthetic,Thương mại điện tử,1.0,0.004455530999999999,0.995544469,0.19999999999999996
ViSmish_09742,0,0,0.9994222,True,1.0,external_real,P2P hội thoại thông thường,1.0,0.004696223999999999,0.995303776,0.19999999999999996
ViSmish_09743,1,1,0.99959797,True,1.0,paraphrased,Crypto / Đầu tư giả,1.0,0.9960678199999999,0.003932180000000063,0.19999999999999996
ViSmish_09744,0,0,0.9994879,True,1.0,synthetic,Dịch vụ y tế,1.0,0.004427127599999999,0.9955728724,0.19999999999999996
ViSmish_09745,0,0,0.99932635,True,1.0,synthetic,Quảng cáo hợp lệ,1.0,0.005061181199999999,0.9949388188,0.19999999999999996
ViSmish_09747,0,0,0.9994394,True,1.0,real,Viễn thông,1.0,0.004626923999999999,0.995373076,0.19999999999999996
ViSmish_09748,1,1,0.999546,True,1.0,paraphrased,Giả mạo ngân hàng,1.0,0.99582684,0.004173160000000009,0.19999999999999996
ViSmish_09749,0,0,0.9994017,True,1.0,real,Viễn thông,1.0,0.004776546,0.995223454,0.19999999999999996
ViSmish_09750,1,1,0.9996153,True,1.0,paraphrased,Giả mạo ngân hàng,1.0,0.99615212,0.0038478800000000257,0.19999999999999996
ViSmish_09752,0,0,0.9994305,True,1.0,real,Ngân hàng thật,1.0,0.004662955999999999,0.995337044,0.19999999999999996
ViSmish_09753,1,1,0.99955446,True,1.0,paraphrased,Crypto / Đầu tư giả,1.0,0.9958647,0.004135299999999953,0.19999999999999996
ViSmish_09754,1,1,0.99950004,True,1.0,synthetic_hard_positive,Dịch vụ công giả,1.0,0.99562502,0.004374980000000028,0.19999999999999996
ViSmish_09756,1,1,0.9996332,True,1.0,paraphrased,Tuyển dụng giả,1.0,0.99624084,0.0037591599999999836,0.19999999999999996
ViSmish_09758,0,0,0.9993887,True,1.0,synthetic,Viễn thông,1.0,0.004827039999999999,0.99517296,0.19999999999999996
ViSmish_09759,0,0,0.99946195,True,1.0,real,Tin nhắn cá nhân và OTP,1.0,0.004535355999999999,0.995464644,0.19999999999999996
ViSmish_09763,1,1,0.9995253,True,1.0,real,BHXH / Trợ cấp giả,1.0,0.9957344539999999,0.0042655460000000645,0.19999999999999996
ViSmish_09764,0,0,0.9993042,True,1.0,real,Quảng cáo hợp lệ,1.0,0.005141744799999999,0.9948582552,0.19999999999999996
ViSmish_09765,0,0,0.9954255,True,1.0,real,Khác,1.0,0.012697311999999997,0.987302688,0.19999999999999996
ViSmish_09766,1,1,0.9996152,True,1.0,paraphrased,BHXH / Trợ cấp giả,1.0,0.9961513399999999,0.0038486600000000593,0.19999999999999996
ViSmish_09767,0,0,0.99937457,True,1.0,real,Quảng cáo hợp lệ,1.0,0.004881101399999999,0.9951188986,0.19999999999999996
ViSmish_09768,1,1,0.99955374,True,1.0,paraphrased,Crypto / Đầu tư giả,1.0,0.99586164,0.004138360000000008,0.19999999999999996
ViSmish_09770,0,0,0.9994821,True,1.0,synthetic,Thương mại điện tử,1.0,0.0044514056,0.9955485944,0.19999999999999996
ViSmish_09771,1,1,0.999627,True,1.0,paraphrased,Tuyển dụng giả,1.0,0.996210086,0.00378991399999995,0.19999999999999996
ViSmish_09773,1,1,0.99962306,True,1.0,paraphrased,Đòi nợ / Đe dọa,1.0,0.9961901200000001,0.003809879999999932,0.19999999999999996
ViSmish_09774,1,1,0.9995859,True,1.0,paraphrased,Dịch vụ công giả,1.0,0.9960105,0.003989499999999979,0.19999999999999996
ViSmish_09777,1,1,0.999579,True,1.0,paraphrased,Cờ bạc / Betting,1.0,0.99597795,0.004022049999999999,0.19999999999999996
ViSmish_09778,1,1,0.9995951,True,1.0,paraphrased,Crypto / Đầu tư giả,1.0,0.9960538800000001,0.003946119999999942,0.19999999999999996
ViSmish_09779,1,1,0.9996196,True,1.0,paraphrased,Dịch vụ công giả,1.0,0.99617354,0.003826459999999976,0.19999999999999996
ViSmish_09780,0,0,0.9988967,True,1.0,external_curated,P2P hard negative,1.0,0.006432799199999999,0.9935672008,0.19999999999999996
ViSmish_09781,0,0,0.99938333,True,1.0,real,Viễn thông,1.0,0.0048477244,0.9951522756,0.19999999999999996
ViSmish_09782,0,0,0.9994548,True,1.0,synthetic,Ngân hàng thật,1.0,0.004564653799999999,0.9954353462,0.19999999999999996
ViSmish_09783,0,0,0.999313,True,1.0,external_real,P2P hội thoại thông thường,1.0,0.005109903199999999,0.9948900968,0.19999999999999996
ViSmish_09784,0,0,0.9992636,True,1.0,external_real,P2P hội thoại thông thường,1.0,0.005285927599999999,0.9947140724,0.19999999999999996
ViSmish_09785,1,1,0.99959666,True,1.0,paraphrased,Dịch vụ công giả,1.0,0.99606168,0.003938320000000051,0.19999999999999996
ViSmish_09787,1,1,0.99961793,True,1.0,paraphrased,Tuyển dụng giả,1.0,0.99616493,0.0038350700000000515,0.19999999999999996
ViSmish_09788,0,0,0.9992186,True,1.0,real,Khác,1.0,0.005440797999999999,0.994559202,0.19999999999999996
ViSmish_09790,1,1,0.9996182,True,1.0,paraphrased,Nội dung nhạy cảm,1.0,0.99616652,0.0038334799999999447,0.19999999999999996
ViSmish_09791,0,0,0.99947983,True,1.0,synthetic,Tin nhắn cá nhân và OTP,1.0,0.004461001599999999,0.9955389984,0.19999999999999996
ViSmish_09792,0,0,0.9994572,True,1.0,synthetic,Quảng cáo hợp lệ,1.0,0.004554892999999999,0.995445107,0.19999999999999996
ViSmish_09793,0,0,0.9986272,True,1.0,external_real,P2P hội thoại thông thường,1.0,0.007150229999999999,0.99284977,0.19999999999999996
ViSmish_09794,0,0,0.9993808,True,1.0,real,Viễn thông,1.0,0.004857129199999999,0.9951428708,0.19999999999999996
ViSmish_09795,1,1,0.9996151,True,1.0,paraphrased,Tuyển dụng giả,1.0,0.9961508800000001,0.003849119999999928,0.19999999999999996
ViSmish_09796,0,0,0.99934477,True,1.0,real,Viễn thông,1.0,0.0049932065999999985,0.9950067934,0.19999999999999996
ViSmish_09797,1,1,0.9996207,True,1.0,paraphrased,Tuyển dụng giả,1.0,0.9961783,0.003821700000000039,0.19999999999999996
ViSmish_09798,0,0,0.9994517,True,1.0,external_real,P2P hội thoại thông thường,1.0,0.004577475999999999,0.995422524,0.19999999999999996
ViSmish_09799,0,0,0.99936765,True,1.0,real,Viễn thông,1.0,0.004907549199999999,0.9950924508,0.19999999999999996
ViSmish_09800,1,1,0.99960274,True,1.0,paraphrased,Đòi nợ / Đe dọa,1.0,0.9960906,0.003909399999999952,0.19999999999999996
ViSmish_09801,0,0,0.99942446,True,1.0,real,Viễn thông,1.0,0.004687254799999999,0.9953127452,0.19999999999999996
ViSmish_09802,1,1,0.99951243,True,1.0,paraphrased,Crypto / Đầu tư giả,1.0,0.9956780000000001,0.004321999999999937,0.19999999999999996
ViSmish_09803,1,1,0.99961686,True,1.0,paraphrased,Giả mạo ngân hàng,1.0,0.996159732,0.0038402680000000355,0.19999999999999996
ViSmish_09804,1,1,0.99958664,True,1.0,paraphrased,Cờ bạc / Betting,1.0,0.996013712,0.0039862880000000045,0.19999999999999996
ViSmish_09808,0,0,0.99945277,True,1.0,real,Tin nhắn cá nhân và OTP,1.0,0.004572697999999999,0.995427302,0.19999999999999996
ViSmish_09809,1,1,0.9996332,True,1.0,paraphrased,BHXH / Trợ cấp giả,1.0,0.996241068,0.0037589319999999926,0.19999999999999996
ViSmish_09811,0,0,0.99940765,True,1.0,real,Quảng cáo hợp lệ,1.0,0.004753559399999999,0.9952464406,0.19999999999999996
ViSmish_09812,0,0,0.9994604,True,1.0,real,Khác,1.0,0.004541586799999999,0.9954584132,0.19999999999999996
ViSmish_09813,1,1,0.99959534,True,1.0,paraphrased,Cờ bạc / Betting,1.0,0.996055472,0.003944528000000003,0.19999999999999996
ViSmish_09816,1,1,0.99961156,True,1.0,paraphrased,Nội dung nhạy cảm,1.0,0.99613347,0.0038665300000000347,0.19999999999999996
ViSmish_09817,1,1,0.9996131,True,1.0,paraphrased,Cờ bạc / Betting,1.0,0.99614085,0.0038591500000000334,0.19999999999999996
ViSmish_09819,0,0,0.99940825,True,1.0,real,Quảng cáo hợp lệ,1.0,0.004750836999999999,0.995249163,0.19999999999999996
ViSmish_09821,1,1,0.99960655,True,1.0,paraphrased,Cờ bạc / Betting,1.0,0.9961091,0.0038909000000000304,0.19999999999999996
ViSmish_09822,1,1,0.99961096,True,1.0,paraphrased,Crypto / Đầu tư giả,1.0,0.99613058,0.0038694200000000123,0.19999999999999996
ViSmish_09824,0,0,0.9992052,True,1.0,external_real,P2P hội thoại thông thường,1.0,0.005486139999999999,0.99451386,0.19999999999999996
ViSmish_09825,0,0,0.99946874,True,1.0,real,Ngân hàng thật,1.0,0.0045072915999999985,0.9954927084,0.19999999999999996
ViSmish_09826,1,1,0.99952614,True,1.0,paraphrased,Đòi nợ / Đe dọa,1.0,0.99573822,0.004261779999999993,0.19999999999999996
ViSmish_09829,1,0,0.9984419,False,0.3,real,Khác,0.0,1.0,0.0,0.0
ViSmish_09832,0,0,0.99946743,True,1.0,synthetic,Ngân hàng thật,1.0,0.004512376399999999,0.9954876236,0.19999999999999996
ViSmish_09834,0,0,0.99948645,True,1.0,real,Khác,1.0,0.0044329852,0.9955670148,0.19999999999999996
ViSmish_09835,0,0,0.9994362,True,1.0,real,Quảng cáo hợp lệ,1.0,0.004640108999999999,0.995359891,0.19999999999999996
ViSmish_09836,1,1,0.9995503,True,1.0,paraphrased,Nội dung nhạy cảm,1.0,0.995845974,0.004154026000000033,0.19999999999999996
ViSmish_09837,1,1,0.99962044,True,1.0,paraphrased,Giả mạo ngân hàng,1.0,0.99617734,0.0038226599999999777,0.19999999999999996
ViSmish_09838,1,1,0.99961936,True,1.0,paraphrased,Dịch vụ công giả,1.0,0.99617216,0.0038278400000000268,0.19999999999999996
ViSmish_09840,0,0,0.99937516,True,1.0,real,Viễn thông,1.0,0.004879169599999999,0.9951208304,0.19999999999999996
ViSmish_09844,0,0,0.9992779,True,1.0,external_real,P2P hội thoại thông thường,1.0,0.005235726399999999,0.9947642736,0.19999999999999996
ViSmish_09845,0,0,0.99938595,True,1.0,synthetic,Dịch vụ y tế,1.0,0.004837322199999999,0.9951626778,0.19999999999999996
ViSmish_09846,0,0,0.9994665,True,1.0,synthetic,Tin nhắn cá nhân và OTP,1.0,0.004516553999999999,0.995483446,0.19999999999999996
ViSmish_09850,0,0,0.9994504,True,1.0,synthetic,Dịch vụ công thật,1.0,0.004582453599999999,0.9954175464,0.19999999999999996
ViSmish_09851,0,0,0.99943477,True,1.0,real,Khác,1.0,0.004645618799999999,0.9953543812,0.19999999999999996
ViSmish_09855,1,1,0.9996012,True,1.0,paraphrased,Cờ bạc / Betting,1.0,0.996083068,0.003916931999999984,0.19999999999999996
ViSmish_09856,1,1,0.9995571,True,1.0,paraphrased,Nội dung nhạy cảm,1.0,0.995876754,0.004123246000000025,0.19999999999999996
ViSmish_09857,1,1,0.99956816,True,1.0,paraphrased,Crypto / Đầu tư giả,1.0,0.9959275400000001,0.0040724599999999445,0.19999999999999996
ViSmish_09859,1,1,0.99962103,True,1.0,paraphrased,Giả mạo ngân hàng,1.0,0.99618054,0.0038194599999999967,0.19999999999999996
ViSmish_09861,1,1,0.9996259,True,1.0,paraphrased,BHXH / Trợ cấp giả,1.0,0.9962048299999999,0.00379517000000007,0.19999999999999996
ViSmish_09862,1,1,0.99962676,True,1.0,paraphrased,Đòi nợ / Đe dọa,1.0,0.99620882,0.003791180000000005,0.19999999999999996
ViSmish_09864,1,1,0.99946386,True,1.0,synthetic_hard_positive,Khác,1.0,0.99547244,0.004527559999999986,0.19999999999999996
ViSmish_09867,0,0,0.9994653,True,1.0,synthetic,Tin nhắn cá nhân và OTP,1.0,0.004521717999999999,0.995478282,0.19999999999999996
ViSmish_09868,1,1,0.99955887,True,1.0,paraphrased,Nội dung nhạy cảm,1.0,0.9958848,0.0041151999999999855,0.19999999999999996
ViSmish_09871,1,1,0.99962735,True,1.0,paraphrased,Giả mạo ngân hàng,1.0,0.9962116,0.003788400000000025,0.19999999999999996
ViSmish_09872,0,0,0.99946004,True,1.0,synthetic,Tin nhắn cá nhân và OTP,1.0,0.004543057999999999,0.995456942,0.19999999999999996
ViSmish_09874,0,0,0.99933404,True,1.0,synthetic,Viễn thông,1.0,0.005033133199999999,0.9949668668,0.19999999999999996
ViSmish_09875,1,1,0.99959844,True,1.0,paraphrased,Crypto / Đầu tư giả,1.0,0.9960702539999999,0.003929746000000067,0.19999999999999996
ViSmish_09877,0,0,0.9994431,True,1.0,synthetic,Viễn thông,1.0,0.004612180599999999,0.9953878194,0.19999999999999996
ViSmish_09878,0,0,0.9994548,True,1.0,synthetic,Ngân hàng thật,1.0,0.004564508799999999,0.9954354912,0.19999999999999996
ViSmish_09879,1,1,0.9996238,True,1.0,paraphrased,BHXH / Trợ cấp giả,1.0,0.99619396,0.003806039999999955,0.19999999999999996
ViSmish_09881,1,1,0.99959534,True,1.0,paraphrased,Tuyển dụng giả,1.0,0.9960553400000001,0.003944659999999933,0.19999999999999996
ViSmish_09883,1,1,0.99956614,True,1.0,paraphrased,Giả mạo ngân hàng,1.0,0.99591852,0.004081479999999971,0.19999999999999996
ViSmish_09884,1,1,0.9996176,True,1.0,paraphrased,Đòi nợ / Đe dọa,1.0,0.99616346,0.0038365399999999994,0.19999999999999996
ViSmish_09888,1,1,0.9995814,True,1.0,paraphrased,Nội dung nhạy cảm,1.0,0.995989514,0.00401048599999998,0.19999999999999996
ViSmish_09889,1,1,0.99952507,True,1.0,paraphrased,Nội dung nhạy cảm,1.0,0.9957335119999999,0.004266488000000068,0.19999999999999996
ViSmish_09890,0,0,0.9994529,True,1.0,real,Viễn thông,1.0,0.004572614999999999,0.995427385,0.19999999999999996
ViSmish_09891,1,1,0.99961615,True,1.0,paraphrased,Crypto / Đầu tư giả,1.0,0.996156312,0.0038436880000000118,0.19999999999999996
ViSmish_09892,1,1,0.9996177,True,1.0,paraphrased,Tuyển dụng giả,1.0,0.99616376,0.0038362400000000463,0.19999999999999996
ViSmish_09893,0,0,0.99948287,True,1.0,synthetic,Vận chuyển,1.0,0.004447849399999999,0.9955521506,0.19999999999999996
ViSmish_09894,1,1,0.9996276,True,1.0,paraphrased,Giả mạo ngân hàng,1.0,0.996212614,0.003787385999999948,0.19999999999999996
ViSmish_09895,1,1,0.9996145,True,1.0,paraphrased,Tuyển dụng giả,1.0,0.9961478,0.0038521999999999723,0.19999999999999996
ViSmish_09896,0,0,0.9994672,True,1.0,real,Khác,1.0,0.004513396999999999,0.995486603,0.19999999999999996
ViSmish_09897,1,1,0.99962676,True,1.0,paraphrased,BHXH / Trợ cấp giả,1.0,0.996209,0.003790999999999989,0.19999999999999996
ViSmish_09899,1,1,0.9996146,True,1.0,paraphrased,Nội dung nhạy cảm,1.0,0.9961484899999999,0.003851510000000058,0.19999999999999996
ViSmish_09900,1,1,0.9995623,True,1.0,paraphrased,Giả mạo ngân hàng,1.0,0.9959005400000001,0.004099459999999944,0.19999999999999996
ViSmish_09901,1,1,0.99960893,True,1.0,paraphrased,Tuyển dụng giả,1.0,0.9961205399999999,0.0038794600000000568,0.19999999999999996
ViSmish_09902,0,0,0.999423,True,1.0,external_real,P2P hội thoại thông thường,1.0,0.00469294,0.99530706,0.19999999999999996
ViSmish_09904,0,0,0.9994609,True,1.0,real,Khác,1.0,0.004539811599999999,0.9954601884000001,0.19999999999999996
ViSmish_09905,0,0,0.99941635,True,1.0,real,Viễn thông,1.0,0.004718986599999999,0.9952810134,0.19999999999999996
ViSmish_09906,0,0,0.99925476,True,1.0,external_real,P2P hội thoại thông thường,1.0,0.005316597599999999,0.9946834024,0.19999999999999996
ViSmish_09908,0,0,0.9987948,True,1.0,real,Khác,1.0,0.006714219999999998,0.99328578,0.19999999999999996
ViSmish_09910,1,1,0.9995747,True,1.0,paraphrased,Nội dung nhạy cảm,1.0,0.99595822,0.004041779999999995,0.19999999999999996
ViSmish_09911,1,1,0.99961334,True,1.0,paraphrased,Crypto / Đầu tư giả,1.0,0.996142352,0.0038576479999999913,0.19999999999999996
ViSmish_09913,1,1,0.99960345,True,1.0,paraphrased,Nội dung nhạy cảm,1.0,0.9960942500000001,0.00390574999999993,0.19999999999999996
ViSmish_09914,1,1,0.99952865,True,1.0,synthetic_hard_positive,Khác,1.0,0.99574918,0.0042508199999999885,0.19999999999999996
ViSmish_09915,1,1,0.99957305,True,1.0,paraphrased,Đòi nợ / Đe dọa,1.0,0.99595026,0.004049740000000024,0.19999999999999996
ViSmish_09916,1,1,0.99958605,True,1.0,paraphrased,Giả mạo ngân hàng,1.0,0.996011126,0.003988874000000031,0.19999999999999996
ViSmish_09917,0,0,0.9993793,True,1.0,real,Khác,1.0,0.004863223399999999,0.9951367766,0.19999999999999996
ViSmish_09919,1,1,0.9995585,True,1.0,paraphrased,Crypto / Đầu tư giả,1.0,0.99588316,0.0041168400000000105,0.19999999999999996
ViSmish_09920,0,0,0.999451,True,1.0,synthetic,Dịch vụ công thật,1.0,0.0045801617999999995,0.9954198382,0.19999999999999996
ViSmish_09921,1,1,0.9996277,True,1.0,paraphrased,Đòi nợ / Đe dọa,1.0,0.99621374,0.0037862600000000413,0.19999999999999996
ViSmish_09922,1,1,0.99960643,True,1.0,paraphrased,Cờ bạc / Betting,1.0,0.99610864,0.0038913600000000104,0.19999999999999996
ViSmish_09924,0,0,0.99948126,True,1.0,synthetic,Quảng cáo hợp lệ,1.0,0.0044550705999999995,0.9955449294000001,0.19999999999999996
ViSmish_09926,0,0,0.9994574,True,1.0,real,Tin nhắn cá nhân và OTP,1.0,0.004554016799999999,0.9954459832,0.19999999999999996
ViSmish_09927,0,0,0.99935657,True,1.0,real,Viễn thông,1.0,0.004949199399999999,0.9950508006,0.19999999999999996
ViSmish_09928,0,0,0.99815637,True,1.0,external_curated,P2P hard negative,1.0,0.008241165999999998,0.991758834,0.19999999999999996
ViSmish_09930,1,1,0.9995976,True,1.0,paraphrased,Nội dung nhạy cảm,1.0,0.99606588,0.003934120000000041,0.19999999999999996
ViSmish_09933,0,0,0.9994821,True,1.0,synthetic,Dịch vụ y tế,1.0,0.004451512999999999,0.995548487,0.19999999999999996
ViSmish_09934,0,0,0.9993893,True,1.0,real,Dịch vụ công thật,1.0,0.004824644399999999,0.9951753556,0.19999999999999996
ViSmish_09935,0,0,0.9994752,True,1.0,synthetic,Ngân hàng thật,1.0,0.004480519999999999,0.99551948,0.19999999999999996
ViSmish_09936,1,1,0.9995203,True,1.0,paraphrased,Crypto / Đầu tư giả,1.0,0.995712506,0.004287493999999947,0.19999999999999996
ViSmish_09938,1,1,0.999607,True,1.0,paraphrased,Tuyển dụng giả,1.0,0.9961113,0.003888699999999967,0.19999999999999996
ViSmish_09940,0,0,0.99945766,True,1.0,synthetic,Thương mại điện tử,1.0,0.0045530293999999985,0.9954469706,0.19999999999999996
ViSmish_09941,1,1,0.99949026,True,1.0,synthetic_hard_positive,Khác,1.0,0.99558326,0.00441674000000003,0.19999999999999996
ViSmish_09943,1,1,0.9996216,True,1.0,paraphrased,Đòi nợ / Đe dọa,1.0,0.99618352,0.003816480000000011,0.19999999999999996
ViSmish_09944,1,1,0.99948186,True,1.0,paraphrased,Nội dung nhạy cảm,1.0,0.9955476,0.004452400000000023,0.19999999999999996
ViSmish_09945,1,1,0.9995697,True,1.0,synthetic_hard_positive,Khác,1.0,0.99593504,0.004064960000000006,0.19999999999999996
ViSmish_09948,1,1,0.9996203,True,1.0,paraphrased,Tuyển dụng giả,1.0,0.99617672,0.0038232799999999845,0.19999999999999996
ViSmish_09950,1,1,0.9995552,True,1.0,paraphrased,Crypto / Đầu tư giả,1.0,0.99586794,0.004132059999999993,0.19999999999999996
ViSmish_09951,1,1,0.99956244,True,1.0,paraphrased,Nội dung nhạy cảm,1.0,0.9959012,0.004098799999999958,0.19999999999999996
ViSmish_09953,1,1,0.99961746,True,1.0,paraphrased,Nội dung nhạy cảm,1.0,0.9961629599999999,0.0038370400000000693,0.19999999999999996
ViSmish_09957,1,1,0.99962187,True,1.0,paraphrased,BHXH / Trợ cấp giả,1.0,0.9961843,0.0038156999999999774,0.19999999999999996
ViSmish_09958,0,0,0.9994487,True,1.0,synthetic,Tin nhắn cá nhân và OTP,1.0,0.004589150399999999,0.9954108496,0.19999999999999996
ViSmish_09959,0,0,0.99937755,True,1.0,synthetic,Thương mại điện tử,1.0,0.004870103599999999,0.9951298964,0.19999999999999996
ViSmish_09960,0,0,0.9994386,True,1.0,synthetic,Dịch vụ công thật,1.0,0.004630320599999999,0.9953696794,0.19999999999999996
ViSmish_09961,1,1,0.999617,True,1.0,paraphrased,BHXH / Trợ cấp giả,1.0,0.99616046,0.0038395399999999746,0.19999999999999996
ViSmish_09963,1,1,0.99961036,True,1.0,paraphrased,Cờ bạc / Betting,1.0,0.9961279279999999,0.0038720720000000597,0.19999999999999996
ViSmish_09964,0,0,0.99871755,True,1.0,external_curated,P2P hard negative,1.0,0.006919042799999998,0.9930809572,0.19999999999999996
ViSmish_09966,1,1,0.99961853,True,1.0,paraphrased,Giả mạo ngân hàng,1.0,0.99616808,0.0038319199999999887,0.19999999999999996
ViSmish_09967,1,1,0.9992982,True,1.0,synthetic_hard_positive,Khác,1.0,0.99483694,0.005163059999999997,0.19999999999999996
ViSmish_09968,0,0,0.99932957,True,1.0,external_curated,P2P hard negative,1.0,0.005049482399999999,0.9949505176,0.19999999999999996
ViSmish_09969,0,0,0.999471,True,1.0,synthetic,Tin nhắn cá nhân và OTP,1.0,0.0044976975999999995,0.9955023024,0.19999999999999996
ViSmish_09970,1,1,0.99960834,True,1.0,paraphrased,Cờ bạc / Betting,1.0,0.996118128,0.0038818720000000084,0.19999999999999996
ViSmish_09971,1,1,0.99961394,True,1.0,paraphrased,Giả mạo ngân hàng,1.0,0.99614512,0.003854880000000005,0.19999999999999996
ViSmish_09972,1,1,0.9994822,True,1.0,paraphrased,Cờ bạc / Betting,1.0,0.99554922,0.0044507799999999875,0.19999999999999996
ViSmish_09973,1,1,0.9996107,True,1.0,paraphrased,BHXH / Trợ cấp giả,1.0,0.99612937,0.003870629999999986,0.19999999999999996
ViSmish_09974,0,0,0.99949193,True,1.0,real,Tin nhắn cá nhân và OTP,1.0,0.004409640599999999,0.9955903594,0.19999999999999996
ViSmish_09975,1,1,0.99962246,True,1.0,paraphrased,BHXH / Trợ cấp giả,1.0,0.99618714,0.003812860000000029,0.19999999999999996
ViSmish_09978,0,0,0.99933904,True,1.0,synthetic,Quảng cáo hợp lệ,1.0,0.005014551399999999,0.9949854486,0.19999999999999996
ViSmish_09981,0,0,0.999456,True,1.0,real,Viễn thông,1.0,0.004559511999999999,0.995440488,0.19999999999999996
ViSmish_09985,0,0,0.999483,True,1.0,synthetic,Vận chuyển,1.0,0.004447310799999999,0.9955526892,0.19999999999999996
ViSmish_09986,0,0,0.9994861,True,1.0,synthetic,Vận chuyển,1.0,0.004434411199999998,0.9955655888,0.19999999999999996
ViSmish_09989,1,1,0.9995908,True,1.0,synthetic_hard_positive,Khác,1.0,0.99603346,0.003966539999999963,0.19999999999999996
ViSmish_09990,0,0,0.9994854,True,1.0,synthetic,Tin nhắn cá nhân và OTP,1.0,0.004437333399999999,0.9955626666,0.19999999999999996
ViSmish_09991,0,0,0.987857,True,1.0,real,Dịch vụ công thật,1.0,0.019960991999999997,0.980039008,0.19999999999999996
ViSmish_09992,0,0,0.999295,True,1.0,external_curated,P2P hard negative,1.0,0.005174672199999999,0.9948253278,0.19999999999999996
ViSmish_09993,0,0,0.9993837,True,1.0,real,Viễn thông,1.0,0.004846351599999999,0.9951536484,0.19999999999999996
ViSmish_09995,1,1,0.9994685,True,1.0,paraphrased,Nội dung nhạy cảm,1.0,0.99549162,0.0045083799999999785,0.19999999999999996
ViSmish_09996,1,1,0.99962544,True,1.0,paraphrased,Tuyển dụng giả,1.0,0.996202,0.003797999999999968,0.19999999999999996
ViSmish_09997,1,1,0.9996227,True,1.0,paraphrased,Tuyển dụng giả,1.0,0.99618888,0.0038111199999999457,0.19999999999999996
ViSmish_09998,1,1,0.99962497,True,1.0,paraphrased,Tuyển dụng giả,1.0,0.996200014,0.0037999859999999774,0.19999999999999996
ViSmish_10000,1,1,0.99955875,True,1.0,paraphrased,Cờ bạc / Betting,1.0,0.9958843,0.004115700000000055,0.19999999999999996
ViSmish_10001,1,1,0.9996171,True,1.0,paraphrased,Nội dung nhạy cảm,1.0,0.9961608,0.0038392000000000426,0.19999999999999996
ViSmish_10003,1,1,0.8844671,True,1.0,real,Dịch vụ công giả,1.0,0.94690546,0.05309454000000002,0.19999999999999996
ViSmish_10004,0,0,0.999385,True,1.0,external_real,P2P hội thoại thông thường,1.0,0.004841036399999998,0.9951589636,0.19999999999999996
ViSmish_10005,1,1,0.99960667,True,1.0,paraphrased,Crypto / Đầu tư giả,1.0,0.9961097800000001,0.0038902199999999443,0.19999999999999996
ViSmish_10006,0,0,0.99946254,True,1.0,synthetic,Tin nhắn cá nhân và OTP,1.0,0.004532801799999999,0.9954671982,0.19999999999999996
ViSmish_10008,1,1,0.99961734,True,1.0,paraphrased,Tuyển dụng giả,1.0,0.9961622720000001,0.003837727999999929,0.19999999999999996
ViSmish_10009,0,0,0.999495,True,1.0,synthetic,Vận chuyển,1.0,0.004396458999999998,0.995603541,0.19999999999999996
ViSmish_10010,0,0,0.99947137,True,1.0,real,Viễn thông,1.0,0.0044962271999999985,0.9955037728,0.19999999999999996
ViSmish_10011,0,0,0.99946433,True,1.0,real,Quảng cáo hợp lệ,1.0,0.004525310999999999,0.995474689,0.19999999999999996
ViSmish_10013,1,1,0.99956256,True,1.0,paraphrased,Giả mạo ngân hàng,1.0,0.995901752,0.0040982480000000265,0.19999999999999996
ViSmish_10014,0,0,0.99935883,True,1.0,external_real,P2P hội thoại thông thường,1.0,0.004940830999999999,0.995059169,0.19999999999999996
ViSmish_10015,1,1,0.99961674,True,1.0,paraphrased,Đòi nợ / Đe dọa,1.0,0.99615922,0.003840779999999988,0.19999999999999996
ViSmish_10016,0,0,0.9994554,True,1.0,real,Khác,1.0,0.004562016999999999,0.995437983,0.19999999999999996
ViSmish_10017,1,1,0.9996051,True,1.0,paraphrased,Crypto / Đầu tư giả,1.0,0.99610232,0.0038976800000000145,0.19999999999999996
ViSmish_10018,1,1,0.99957067,True,1.0,synthetic_hard_positive,Khác,1.0,0.99593906,0.004060940000000013,0.19999999999999996
ViSmish_10019,0,0,0.9993864,True,1.0,external_real,P2P hội thoại thông thường,1.0,0.00483548,0.99516452,0.19999999999999996
ViSmish_10020,1,1,0.9995901,True,1.0,paraphrased,BHXH / Trợ cấp giả,1.0,0.9960304799999999,0.00396952000000006,0.19999999999999996
ViSmish_10023,0,0,0.99946934,True,1.0,real,Viễn thông,1.0,0.004504828999999998,0.995495171,0.19999999999999996
ViSmish_10024,1,1,0.9995801,True,1.0,paraphrased,Cờ bạc / Betting,1.0,0.99598304,0.004016959999999958,0.19999999999999996
ViSmish_10025,0,0,0.9994773,True,1.0,synthetic,Viễn thông,1.0,0.004471461999999999,0.995528538,0.19999999999999996
ViSmish_10026,0,0,0.99947125,True,1.0,external_curated,P2P hard negative,1.0,0.004496613199999999,0.9955033868000001,0.19999999999999996
ViSmish_10027,1,1,0.99949825,True,1.0,synthetic_hard_positive,Dịch vụ công giả,1.0,0.99561716,0.004382839999999999,0.19999999999999996
ViSmish_10030,0,0,0.999488,True,1.0,synthetic,Vận chuyển,1.0,0.004426228599999998,0.9955737714,0.19999999999999996
ViSmish_10031,0,0,0.99934334,True,1.0,real,Viễn thông,1.0,0.004998798199999999,0.9950012018,0.19999999999999996
ViSmish_10034,0,0,0.99942577,True,1.0,synthetic,Tin nhắn cá nhân và OTP,1.0,0.004681975399999999,0.9953180246,0.19999999999999996
ViSmish_10035,0,0,0.99941015,True,1.0,external_curated,P2P hard negative,1.0,0.004743453399999999,0.9952565466,0.19999999999999996
ViSmish_10036,1,1,0.99962723,True,1.0,paraphrased,BHXH / Trợ cấp giả,1.0,0.996211112,0.0037888879999999903,0.19999999999999996
ViSmish_10038,0,0,0.99946314,True,1.0,external_curated,P2P hard negative,1.0,0.004530186999999999,0.995469813,0.19999999999999996
ViSmish_10039,1,1,0.9996113,True,1.0,paraphrased,Cờ bạc / Betting,1.0,0.9961324,0.003867599999999971,0.19999999999999996
ViSmish_10040,1,1,0.9995671,True,1.0,paraphrased,Cờ bạc / Betting,1.0,0.99592256,0.004077439999999988,0.19999999999999996
ViSmish_10042,0,0,0.9994691,True,1.0,synthetic,Dịch vụ y tế,1.0,0.004505500599999999,0.9954944994,0.19999999999999996
ViSmish_10043,0,0,0.9994209,True,1.0,real,Dịch vụ công thật,1.0,0.004701340999999999,0.995298659,0.19999999999999996
ViSmish_10045,0,0,0.9994825,True,1.0,real,Tin nhắn cá nhân và OTP,1.0,0.004449655999999999,0.995550344,0.19999999999999996
ViSmish_10046,1,1,0.9996113,True,1.0,paraphrased,Đòi nợ / Đe dọa,1.0,0.996132552,0.003867448000000051,0.19999999999999996
ViSmish_10047,1,1,0.9996107,True,1.0,paraphrased,Cờ bạc / Betting,1.0,0.9961295,0.003870499999999999,0.19999999999999996
ViSmish_10048,0,0,0.99938035,True,1.0,real,Viễn thông,1.0,0.004858875999999999,0.995141124,0.19999999999999996
ViSmish_10049,0,0,0.99941003,True,1.0,real,Tin nhắn cá nhân và OTP,1.0,0.0047438535999999995,0.9952561464,0.19999999999999996
ViSmish_10050,0,0,0.9994118,True,1.0,real,Ngân hàng thật,1.0,0.004737188599999999,0.9952628114,0.19999999999999996
ViSmish_10052,0,0,0.9993819,True,1.0,real,Vận chuyển,1.0,0.004853035999999999,0.995146964,0.19999999999999996
ViSmish_10053,1,1,0.9996082,True,1.0,paraphrased,BHXH / Trợ cấp giả,1.0,0.996117532,0.003882468000000028,0.19999999999999996
ViSmish_10055,1,1,0.9995763,True,1.0,paraphrased,Crypto / Đầu tư giả,1.0,0.99596536,0.004034639999999978,0.19999999999999996
ViSmish_10056,1,1,0.9995603,True,1.0,paraphrased,Crypto / Đầu tư giả,1.0,0.99589142,0.004108580000000028,0.19999999999999996
ViSmish_10057,1,1,0.99946266,True,1.0,paraphrased,Đòi nợ / Đe dọa,1.0,0.99546766,0.004532340000000024,0.19999999999999996
ViSmish_10061,1,1,0.99959487,True,1.0,paraphrased,BHXH / Trợ cấp giả,1.0,0.99605278,0.003947220000000029,0.19999999999999996
ViSmish_10062,0,0,0.9994685,True,1.0,synthetic,Vận chuyển,1.0,0.004508256599999999,0.9954917434,0.19999999999999996
ViSmish_10063,1,1,0.99950564,True,1.0,real,Khác,1.0,0.99564902,0.004350980000000004,0.19999999999999996
ViSmish_10064,1,1,0.9995819,True,1.0,paraphrased,BHXH / Trợ cấp giả,1.0,0.99599172,0.004008279999999975,0.19999999999999996
ViSmish_10065,0,0,0.9992336,True,1.0,external_real,P2P hội thoại thông thường,1.0,0.005389659399999999,0.9946103406,0.19999999999999996
ViSmish_10067,0,0,0.9994941,True,1.0,real,Viễn thông,1.0,0.004400773399999999,0.9955992266,0.19999999999999996
ViSmish_10068,0,0,0.99921155,True,1.0,synthetic,Quảng cáo hợp lệ,1.0,0.005464545999999999,0.994535454,0.19999999999999996
ViSmish_10070,0,0,0.9994467,True,1.0,external_real,P2P hội thoại thông thường,1.0,0.0045974959999999995,0.995402504,0.19999999999999996
ViSmish_10071,0,0,0.99937904,True,1.0,real,Viễn thông,1.0,0.0048640075999999985,0.9951359924,0.19999999999999996
ViSmish_10072,1,1,0.99962795,True,1.0,paraphrased,Dịch vụ công giả,1.0,0.9962145099999999,0.003785490000000058,0.19999999999999996
ViSmish_10073,1,1,0.9995715,True,1.0,paraphrased,Crypto / Đầu tư giả,1.0,0.9959433200000001,0.004056679999999924,0.19999999999999996
ViSmish_10074,0,0,0.9994634,True,1.0,synthetic,Tin nhắn cá nhân và OTP,1.0,0.004529412399999998,0.9954705876,0.19999999999999996
ViSmish_10076,1,1,0.9995372,True,1.0,synthetic_hard_positive,Đòi nợ / Đe dọa,1.0,0.9957870799999999,0.004212920000000064,0.19999999999999996
ViSmish_10077,0,0,0.9994449,True,1.0,synthetic,Viễn thông,1.0,0.004604978399999999,0.9953950216,0.19999999999999996
ViSmish_10078,1,1,0.99949884,True,1.0,synthetic_hard_positive,Dịch vụ công giả,1.0,0.995619834,0.004380166000000019,0.19999999999999996
ViSmish_10079,0,0,0.9994436,True,1.0,synthetic,Tin nhắn cá nhân và OTP,1.0,0.004610185599999999,0.9953898144,0.19999999999999996
ViSmish_10081,0,0,0.9994753,True,1.0,synthetic,Quảng cáo hợp lệ,1.0,0.004479726799999999,0.9955202732,0.19999999999999996
ViSmish_10082,1,1,0.99963176,True,1.0,paraphrased,Tuyển dụng giả,1.0,0.996233928,0.003766072000000009,0.19999999999999996
ViSmish_10083,0,0,0.9994199,True,1.0,real,Ngân hàng thật,1.0,0.004704908199999999,0.9952950918,0.19999999999999996
ViSmish_10084,1,1,0.9995782,True,1.0,paraphrased,BHXH / Trợ cấp giả,1.0,0.9959742659999999,0.0040257340000000585,0.19999999999999996
ViSmish_10087,0,0,0.9994771,True,1.0,real,Viễn thông,1.0,0.004472360799999998,0.9955276392,0.19999999999999996
ViSmish_10088,1,1,0.9995602,True,1.0,paraphrased,Crypto / Đầu tư giả,1.0,0.995890892,0.0041091079999999724,0.19999999999999996
ViSmish_10090,0,0,0.99931526,True,1.0,external_real,P2P hội thoại thông thường,1.0,0.005101857799999999,0.9948981422,0.19999999999999996
ViSmish_10091,1,1,0.99962485,True,1.0,paraphrased,Dịch vụ công giả,1.0,0.996198952,0.003801048000000029,0.19999999999999996
ViSmish_10093,0,0,0.9989729,True,1.0,real,Khác,1.0,0.006213799199999999,0.9937862008,0.19999999999999996
ViSmish_10096,0,0,0.9993357,True,1.0,synthetic,Ngân hàng thật,1.0,0.005026967399999999,0.9949730326,0.19999999999999996
ViSmish_10098,1,1,0.9996088,True,1.0,paraphrased,Nội dung nhạy cảm,1.0,0.9961199199999999,0.0038800800000000635,0.19999999999999996
ViSmish_10099,1,1,0.9995629,True,1.0,synthetic_hard_positive,Tuyển dụng giả,1.0,0.9959034920000001,0.004096507999999943,0.19999999999999996
ViSmish_10101,0,0,0.9993492,True,1.0,real,Khác,1.0,0.004976692799999999,0.9950233072,0.19999999999999996
ViSmish_10103,1,1,0.9995881,True,1.0,paraphrased,Crypto / Đầu tư giả,1.0,0.996020472,0.00397952800000001,0.19999999999999996
ViSmish_10105,1,1,0.999534,True,1.0,synthetic_hard_positive,Khác,1.0,0.99577298,0.00422701999999997,0.19999999999999996
ViSmish_10106,0,0,0.999446,True,1.0,real,Viễn thông,1.0,0.004600455999999999,0.995399544,0.19999999999999996
ViSmish_10107,0,0,0.99922824,True,1.0,synthetic,Quảng cáo hợp lệ,1.0,0.005407929999999998,0.99459207,0.19999999999999996
ViSmish_10108,0,0,0.99943227,True,1.0,synthetic,Dịch vụ y tế,1.0,0.004655602599999999,0.9953443974,0.19999999999999996
ViSmish_10109,0,0,0.9993119,True,1.0,synthetic,Viễn thông,1.0,0.005113752199999998,0.9948862478,0.19999999999999996
ViSmish_10110,1,1,0.9995958,True,1.0,paraphrased,Nội dung nhạy cảm,1.0,0.996057308,0.00394269199999997,0.19999999999999996
ViSmish_10111,1,1,0.99961627,True,1.0,paraphrased,Dịch vụ công giả,1.0,0.9961565800000001,0.0038434199999999308,0.19999999999999996
ViSmish_10112,1,1,0.9996159,True,1.0,paraphrased,Nội dung nhạy cảm,1.0,0.9961551200000001,0.0038448799999999395,0.19999999999999996
ViSmish_10113,1,1,0.99940693,True,1.0,synthetic_hard_positive,Dịch vụ công giả,1.0,0.9952438,0.004756199999999988,0.19999999999999996
ViSmish_10117,0,0,0.999461,True,1.0,synthetic,Tin nhắn cá nhân và OTP,1.0,0.004539109399999999,0.9954608906,0.19999999999999996
ViSmish_10119,0,0,0.99948704,True,1.0,synthetic,Vận chuyển,1.0,0.0044305175999999995,0.9955694824,0.19999999999999996
ViSmish_10122,0,0,0.99937755,True,1.0,real,Viễn thông,1.0,0.004869910399999999,0.9951300896,0.19999999999999996
ViSmish_10125,0,0,0.99935895,True,1.0,external_curated,P2P hard negative,1.0,0.0049404483999999985,0.9950595516,0.19999999999999996
ViSmish_10127,1,1,0.9995448,True,1.0,paraphrased,Nội dung nhạy cảm,1.0,0.995821488,0.004178511999999968,0.19999999999999996
ViSmish_10128,1,1,0.9995617,True,1.0,paraphrased,Đòi nợ / Đe dọa,1.0,0.995898,0.00410200000000005,0.19999999999999996
ViSmish_10132,0,0,0.99926645,True,1.0,synthetic,Ngân hàng thật,1.0,0.005275805199999999,0.9947241948,0.19999999999999996
ViSmish_10133,1,1,0.9994904,True,1.0,synthetic_hard_positive,Dịch vụ công giả,1.0,0.995583832,0.004416167999999998,0.19999999999999996
ViSmish_10134,0,0,0.9992448,True,1.0,real,Viễn thông,1.0,0.005351255999999999,0.994648744,0.19999999999999996
ViSmish_10135,0,0,0.999253,True,1.0,synthetic,Dịch vụ công thật,1.0,0.005322809199999999,0.9946771908,0.19999999999999996
ViSmish_10137,0,0,0.9993654,True,1.0,real,Viễn thông,1.0,0.004916030999999999,0.995083969,0.19999999999999996
ViSmish_10138,1,1,0.99962544,True,1.0,paraphrased,BHXH / Trợ cấp giả,1.0,0.99620244,0.0037975599999999776,0.19999999999999996
ViSmish_10139,1,1,0.9995421,True,1.0,paraphrased,Nội dung nhạy cảm,1.0,0.9958091,0.004190899999999997,0.19999999999999996
ViSmish_10140,1,1,0.9996215,True,1.0,paraphrased,Dịch vụ công giả,1.0,0.9961827999999999,0.003817200000000076,0.19999999999999996
ViSmish_10142,0,0,0.9994506,True,1.0,external_real,P2P hội thoại thông thường,1.0,0.004581490999999999,0.995418509,0.19999999999999996
ViSmish_10143,1,1,0.9996191,True,1.0,paraphrased,Đòi nợ / Đe dọa,1.0,0.99617122,0.003828779999999976,0.19999999999999996
ViSmish_10146,0,0,0.9994824,True,1.0,synthetic,Ngân hàng thật,1.0,0.004449755399999999,0.9955502446,0.19999999999999996
ViSmish_10148,0,0,0.99886984,True,1.0,external_curated,P2P hard negative,1.0,0.006508535999999998,0.993491464,0.19999999999999996
ViSmish_10150,1,1,0.9996105,True,1.0,paraphrased,Cờ bạc / Betting,1.0,0.996128548,0.003871452000000053,0.19999999999999996
ViSmish_10152,0,0,0.99947876,True,1.0,synthetic,Thương mại điện tử,1.0,0.004465523799999999,0.9955344762,0.19999999999999996
ViSmish_10153,0,0,0.99947613,True,1.0,synthetic,Ngân hàng thật,1.0,0.004476567799999999,0.9955234322,0.19999999999999996
ViSmish_10155,0,0,0.9992811,True,1.0,real,Dịch vụ y tế,1.0,0.005224478199999999,0.9947755218,0.19999999999999996
ViSmish_10158,1,1,0.99949634,True,1.0,paraphrased,Nội dung nhạy cảm,1.0,0.99560884,0.0043911599999999495,0.19999999999999996
ViSmish_10159,0,0,0.9994248,True,1.0,external_curated,P2P hard negative,1.0,0.004685800599999999,0.9953141994,0.19999999999999996
ViSmish_10160,0,0,0.99946827,True,1.0,external_curated,P2P hard negative,1.0,0.004509278799999999,0.9954907212,0.19999999999999996
ViSmish_10161,1,1,0.99959856,True,1.0,paraphrased,Giả mạo ngân hàng,1.0,0.996070408,0.003929591999999982,0.19999999999999996
ViSmish_10162,0,0,0.99947745,True,1.0,real,Viễn thông,1.0,0.004470728799999999,0.9955292712,0.19999999999999996
ViSmish_10164,0,0,0.9993469,True,1.0,external_real,P2P hội thoại thông thường,1.0,0.004985149199999999,0.9950148508,0.19999999999999996
ViSmish_10166,1,1,0.9995976,True,1.0,paraphrased,Cờ bạc / Betting,1.0,0.99606598,0.0039340199999999825,0.19999999999999996
ViSmish_10168,1,1,0.99961495,True,1.0,paraphrased,Tuyển dụng giả,1.0,0.996150148,0.003849851999999987,0.19999999999999996
ViSmish_10169,0,0,0.9994791,True,1.0,synthetic,Tin nhắn cá nhân và OTP,1.0,0.004463961799999999,0.9955360382,0.19999999999999996
ViSmish_10170,1,1,0.99962056,True,1.0,paraphrased,BHXH / Trợ cấp giả,1.0,0.99617771,0.003822290000000006,0.19999999999999996
ViSmish_10171,1,1,0.99960893,True,1.0,paraphrased,Crypto / Đầu tư giả,1.0,0.99612078,0.003879219999999961,0.19999999999999996
ViSmish_10172,1,1,0.9995765,True,1.0,paraphrased,Crypto / Đầu tư giả,1.0,0.99596642,0.004033579999999981,0.19999999999999996
ViSmish_10174,1,1,0.99956447,True,1.0,paraphrased,Nội dung nhạy cảm,1.0,0.995910668,0.0040893319999999456,0.19999999999999996
ViSmish_10177,1,1,0.99960953,True,1.0,paraphrased,Cờ bạc / Betting,1.0,0.996123612,0.0038763880000000084,0.19999999999999996
ViSmish_10178,1,1,0.999607,True,1.0,paraphrased,Dịch vụ công giả,1.0,0.99611144,0.003888560000000041,0.19999999999999996
ViSmish_10179,1,1,0.9996074,True,1.0,paraphrased,Crypto / Đầu tư giả,1.0,0.9961133799999999,0.003886620000000063,0.19999999999999996
ViSmish_10181,0,0,0.9994704,True,1.0,synthetic,Viễn thông,1.0,0.004500349199999999,0.9954996508,0.19999999999999996
ViSmish_10182,1,1,0.9996069,True,1.0,paraphrased,Nội dung nhạy cảm,1.0,0.9961111,0.003888899999999973,0.19999999999999996
ViSmish_10183,1,1,0.9995184,True,1.0,paraphrased,Đòi nợ / Đe dọa,1.0,0.995704352,0.004295648000000041,0.19999999999999996
ViSmish_10184,0,0,0.9991748,True,1.0,real,Viễn thông,1.0,0.0055872093999999985,0.9944127906,0.19999999999999996
ViSmish_10185,1,1,0.99956614,True,1.0,paraphrased,BHXH / Trợ cấp giả,1.0,0.995918548,0.004081451999999985,0.19999999999999996
ViSmish_10186,1,1,0.99961394,True,1.0,paraphrased,Dịch vụ công giả,1.0,0.99614504,0.003854959999999963,0.19999999999999996
ViSmish_10187,1,1,0.99961436,True,1.0,paraphrased,Cờ bạc / Betting,1.0,0.9961477519999999,0.003852248000000058,0.19999999999999996
ViSmish_10188,1,1,0.9996296,True,1.0,paraphrased,Giả mạo ngân hàng,1.0,0.99622296,0.0037770400000000093,0.19999999999999996
ViSmish_10189,0,0,0.9994049,True,1.0,real,Viễn thông,1.0,0.004764271999999999,0.995235728,0.19999999999999996
ViSmish_10190,0,0,0.99940526,True,1.0,external_curated,P2P hard negative,1.0,0.004762658799999999,0.9952373412,0.19999999999999996
ViSmish_10191,1,1,0.9996234,True,1.0,paraphrased,Tuyển dụng giả,1.0,0.996192026,0.0038079739999999918,0.19999999999999996
ViSmish_10195,0,0,0.99940395,True,1.0,synthetic,Ngân hàng thật,1.0,0.004767983999999999,0.995232016,0.19999999999999996
ViSmish_10196,1,1,0.9995629,True,1.0,paraphrased,BHXH / Trợ cấp giả,1.0,0.99590356,0.004096439999999979,0.19999999999999996
ViSmish_10197,0,0,0.99946064,True,1.0,synthetic,Dịch vụ công thật,1.0,0.004540837999999998,0.995459162,0.19999999999999996
ViSmish_10199,1,1,0.9996018,True,1.0,paraphrased,Cờ bạc / Betting,1.0,0.996085954,0.003914046000000004,0.19999999999999996
ViSmish_10200,1,1,0.9996137,True,1.0,paraphrased,Nội dung nhạy cảm,1.0,0.9961439,0.003856100000000029,0.19999999999999996
ViSmish_10201,0,0,0.9994369,True,1.0,external_real,P2P hội thoại thông thường,1.0,0.004637119199999999,0.9953628808,0.19999999999999996
ViSmish_10203,0,0,0.9994542,True,1.0,real,Tin nhắn cá nhân và OTP,1.0,0.004566791599999999,0.9954332084,0.19999999999999996
ViSmish_10204,1,1,0.9996171,True,1.0,paraphrased,Giả mạo ngân hàng,1.0,0.99616092,0.0038390799999999947,0.19999999999999996
ViSmish_10207,1,1,0.9996043,True,1.0,paraphrased,Nội dung nhạy cảm,1.0,0.9960983800000001,0.003901619999999939,0.19999999999999996
ViSmish_10208,1,1,0.9996147,True,1.0,paraphrased,Tuyển dụng giả,1.0,0.996149254,0.003850746000000016,0.19999999999999996
ViSmish_10210,0,0,0.99945325,True,1.0,real,Tin nhắn cá nhân và OTP,1.0,0.004571077199999999,0.9954289228,0.19999999999999996
ViSmish_10212,1,1,0.99962056,True,1.0,paraphrased,Giả mạo ngân hàng,1.0,0.99617796,0.003822039999999971,0.19999999999999996
ViSmish_10213,1,1,0.9996252,True,1.0,paraphrased,Tuyển dụng giả,1.0,0.99620104,0.003798960000000018,0.19999999999999996
ViSmish_10214,1,1,0.99959224,True,1.0,paraphrased,Cờ bạc / Betting,1.0,0.99604072,0.0039592800000000095,0.19999999999999996
ViSmish_10215,0,0,0.9994985,True,1.0,synthetic,Dịch vụ y tế,1.0,0.004381888399999999,0.9956181116,0.19999999999999996
ViSmish_10217,1,1,0.9992354,True,1.0,synthetic_hard_positive,Dịch vụ công giả,1.0,0.99461648,0.005383519999999975,0.19999999999999996
ViSmish_10218,1,1,0.99961746,True,1.0,paraphrased,Nội dung nhạy cảm,1.0,0.99616294,0.0038370599999999477,0.19999999999999996
ViSmish_10222,1,1,0.99961215,True,1.0,paraphrased,Cờ bạc / Betting,1.0,0.99613662,0.003863379999999972,0.19999999999999996
ViSmish_10223,1,1,0.99956924,True,1.0,paraphrased,Crypto / Đầu tư giả,1.0,0.99593286,0.004067139999999969,0.19999999999999996
ViSmish_10224,1,1,0.99958533,True,1.0,paraphrased,Nội dung nhạy cảm,1.0,0.9960079079999999,0.003992092000000058,0.19999999999999996
ViSmish_10225,0,0,0.9993185,True,1.0,real,Viễn thông,1.0,0.005090057999999999,0.994909942,0.19999999999999996
ViSmish_10226,1,1,0.99960977,True,1.0,paraphrased,Cờ bạc / Betting,1.0,0.99612492,0.0038750800000000307,0.19999999999999996
ViSmish_10227,1,1,0.9996125,True,1.0,paraphrased,Dịch vụ công giả,1.0,0.996138168,0.0038618320000000095,0.19999999999999996
ViSmish_10228,1,1,0.9995702,True,1.0,paraphrased,Crypto / Đầu tư giả,1.0,0.9959369,0.004063099999999986,0.19999999999999996
ViSmish_10230,0,0,0.9994093,True,1.0,real,Viễn thông,1.0,0.0047470255999999995,0.9952529744,0.19999999999999996
ViSmish_10231,0,0,0.99819165,True,1.0,real,Dịch vụ công thật,1.0,0.008164996599999998,0.9918350034,0.19999999999999996
ViSmish_10232,0,0,0.99947876,True,1.0,synthetic,Vận chuyển,1.0,0.004465523799999999,0.9955344762,0.19999999999999996
ViSmish_10233,1,1,0.99963117,True,1.0,paraphrased,BHXH / Trợ cấp giả,1.0,0.996230948,0.003769051999999995,0.19999999999999996
ViSmish_10235,0,0,0.9992507,True,1.0,external_curated,P2P hard negative,1.0,0.0053307521999999994,0.9946692478,0.19999999999999996
ViSmish_10236,1,1,0.999595,True,1.0,paraphrased,Cờ bạc / Betting,1.0,0.99605341,0.003946589999999972,0.19999999999999996
ViSmish_10237,1,1,0.999622,True,1.0,paraphrased,Đòi nợ / Đe dọa,1.0,0.9961853,0.0038146999999999487,0.19999999999999996
ViSmish_10239,0,0,0.9994704,True,1.0,real,Viễn thông,1.0,0.004500092199999999,0.9954999078,0.19999999999999996
ViSmish_10240,0,0,0.99944395,True,1.0,synthetic,Tin nhắn cá nhân và OTP,1.0,0.004608544399999999,0.9953914556,0.19999999999999996
ViSmish_10241,1,1,0.9996055,True,1.0,paraphrased,Cờ bạc / Betting,1.0,0.99610387,0.0038961299999999977,0.19999999999999996
ViSmish_10242,1,1,0.99961865,True,1.0,paraphrased,Tuyển dụng giả,1.0,0.99616842,0.0038315799999999456,0.19999999999999996
ViSmish_10245,1,1,0.99961406,True,1.0,paraphrased,Crypto / Đầu tư giả,1.0,0.9961458599999999,0.0038541400000000614,0.19999999999999996
ViSmish_10246,1,1,0.9996164,True,1.0,paraphrased,BHXH / Trợ cấp giả,1.0,0.99615758,0.003842420000000013,0.19999999999999996
ViSmish_10247,0,0,0.9994802,True,1.0,external_curated,P2P hard negative,1.0,0.004459323999999999,0.995540676,0.19999999999999996
ViSmish_10248,1,1,0.9996006,True,1.0,paraphrased,Crypto / Đầu tư giả,1.0,0.996080292,0.003919707999999966,0.19999999999999996
ViSmish_10249,1,1,0.9995795,True,1.0,paraphrased,Đòi nợ / Đe dọa,1.0,0.99598043,0.004019569999999972,0.19999999999999996
ViSmish_10250,1,1,0.99956745,True,1.0,paraphrased,Đòi nợ / Đe dọa,1.0,0.995924128,0.004075872000000036,0.19999999999999996
ViSmish_10252,0,0,0.9994592,True,1.0,synthetic,Viễn thông,1.0,0.0045463553999999995,0.9954536446,0.19999999999999996
ViSmish_10253,0,0,0.99942577,True,1.0,real,Khác,1.0,0.004681664999999999,0.995318335,0.19999999999999996
ViSmish_10254,0,0,0.9994917,True,1.0,synthetic,Ngân hàng thật,1.0,0.004410509399999998,0.9955894906,0.19999999999999996
ViSmish_10255,0,0,0.99933237,True,1.0,external_real,P2P hội thoại thông thường,1.0,0.005038875399999999,0.9949611246,0.19999999999999996
ViSmish_10256,0,0,0.9993839,True,1.0,real,Tin nhắn cá nhân và OTP,1.0,0.004845259999999999,0.99515474,0.19999999999999996
ViSmish_10257,0,0,0.99918574,True,1.0,external_real,P2P hội thoại thông thường,1.0,0.005550873599999999,0.9944491264,0.19999999999999996
ViSmish_10258,0,0,0.9994773,True,1.0,synthetic,Tin nhắn cá nhân và OTP,1.0,0.004471567599999999,0.9955284324,0.19999999999999996
ViSmish_10259,0,0,0.99925524,True,1.0,external_real,P2P hội thoại thông thường,1.0,0.005314779999999999,0.99468522,0.19999999999999996
ViSmish_10261,0,0,0.9994603,True,1.0,synthetic,Thương mại điện tử,1.0,0.0045421409999999995,0.9954578590000001,0.19999999999999996
ViSmish_10263,0,0,0.9994523,True,1.0,real,Viễn thông,1.0,0.004574801399999998,0.9954251986,0.19999999999999996
ViSmish_10265,0,0,0.99936277,True,1.0,real,Viễn thông,1.0,0.004925959599999999,0.9950740404,0.19999999999999996
ViSmish_10266,1,1,0.99961424,True,1.0,paraphrased,Dịch vụ công giả,1.0,0.99614718,0.003852819999999979,0.19999999999999996
ViSmish_10267,0,0,0.99945647,True,1.0,synthetic,Dịch vụ công thật,1.0,0.004557785999999999,0.995442214,0.19999999999999996
ViSmish_10268,0,0,0.99939287,True,1.0,real,Tin nhắn cá nhân và OTP,1.0,0.004811011999999999,0.995188988,0.19999999999999996
ViSmish_10270,1,1,0.99961346,True,1.0,paraphrased,Nội dung nhạy cảm,1.0,0.99614298,0.003857019999999989,0.19999999999999996
ViSmish_10271,1,1,0.9996275,True,1.0,paraphrased,Đòi nợ / Đe dọa,1.0,0.9962123199999999,0.003787680000000071,0.19999999999999996
ViSmish_10272,0,0,0.99941945,True,1.0,real,Khác,1.0,0.0047070008,0.9952929992,0.19999999999999996
ViSmish_10273,0,0,0.99942786,True,1.0,external_real,P2P hội thoại thông thường,1.0,0.004673191199999999,0.9953268088,0.19999999999999996
ViSmish_10276,1,1,0.99947613,True,1.0,synthetic_hard_positive,Dịch vụ công giả,1.0,0.9955234,0.004476600000000053,0.19999999999999996
ViSmish_10278,1,1,0.9996165,True,1.0,paraphrased,Nội dung nhạy cảm,1.0,0.996158266,0.0038417339999999855,0.19999999999999996
ViSmish_10279,0,0,0.99919647,True,1.0,real,Dịch vụ công thật,1.0,0.005515349999999999,0.99448465,0.19999999999999996
ViSmish_10280,0,0,0.9994679,True,1.0,synthetic,Ngân hàng thật,1.0,0.004510509599999999,0.9954894904,0.19999999999999996
ViSmish_10281,1,1,0.9995024,True,1.0,paraphrased,Crypto / Đầu tư giả,1.0,0.995634914,0.0043650859999999625,0.19999999999999996
ViSmish_10282,1,1,0.9996152,True,1.0,paraphrased,Giả mạo ngân hàng,1.0,0.996151674,0.0038483259999999575,0.19999999999999996
ViSmish_10283,0,0,0.99935263,True,1.0,synthetic,Dịch vụ công thật,1.0,0.0049641261999999985,0.9950358738,0.19999999999999996
ViSmish_10285,1,1,0.9996271,True,1.0,paraphrased,Tuyển dụng giả,1.0,0.9962107060000001,0.003789293999999943,0.19999999999999996
ViSmish_10286,0,0,0.99947697,True,1.0,real,Tin nhắn cá nhân và OTP,1.0,0.004472937399999999,0.9955270626,0.19999999999999996
ViSmish_10287,0,0,0.99942315,True,1.0,synthetic,Tin nhắn cá nhân và OTP,1.0,0.004692477399999999,0.9953075226,0.19999999999999996
ViSmish_10290,0,0,0.99947745,True,1.0,real,Khác,1.0,0.0044707179999999985,0.995529282,0.19999999999999996
ViSmish_10293,1,1,0.9995053,True,1.0,paraphrased,Cờ bạc / Betting,1.0,0.99564724,0.0043527599999999556,0.19999999999999996
ViSmish_10294,1,1,0.9995989,True,1.0,paraphrased,Tuyển dụng giả,1.0,0.99607266,0.003927339999999946,0.19999999999999996
ViSmish_10295,0,0,0.9846235,True,1.0,external_curated,P2P hard negative,1.0,0.022216969999999996,0.97778303,0.19999999999999996
ViSmish_10296,1,1,0.99959403,True,1.0,synthetic_hard_positive,Khác,1.0,0.99604898,0.003951020000000027,0.19999999999999996
ViSmish_10297,0,0,0.99936897,True,1.0,synthetic,Ngân hàng thật,1.0,0.0049024507999999994,0.9950975492,0.19999999999999996
ViSmish_10299,0,0,0.99945384,True,1.0,synthetic,Dịch vụ công thật,1.0,0.004568249799999999,0.9954317502,0.19999999999999996
ViSmish_10300,1,1,0.9996208,True,1.0,paraphrased,Giả mạo ngân hàng,1.0,0.99617922,0.003820779999999968,0.19999999999999996
ViSmish_10301,1,1,0.9995857,True,1.0,paraphrased,Nội dung nhạy cảm,1.0,0.99600935,0.0039906499999999845,0.19999999999999996
ViSmish_10304,1,1,0.9996247,True,1.0,paraphrased,Tuyển dụng giả,1.0,0.99619852,0.0038014800000000237,0.19999999999999996
ViSmish_10306,0,0,0.999461,True,1.0,real,Khác,1.0,0.004538979999999999,0.99546102,0.19999999999999996
ViSmish_10307,1,1,0.9994479,True,1.0,paraphrased,Crypto / Đầu tư giả,1.0,0.9954071600000001,0.004592839999999931,0.19999999999999996
ViSmish_10308,0,0,0.99948066,True,1.0,synthetic,Vận chuyển,1.0,0.0044576215999999995,0.9955423784,0.19999999999999996
ViSmish_10311,0,0,0.99937016,True,1.0,external_curated,P2P hard negative,1.0,0.004897823199999998,0.9951021768,0.19999999999999996
ViSmish_10312,1,1,0.99956995,True,1.0,paraphrased,Giả mạo ngân hàng,1.0,0.99593566,0.00406434,0.19999999999999996
ViSmish_10314,0,0,0.9993217,True,1.0,real,Viễn thông,1.0,0.005078166799999999,0.9949218332,0.19999999999999996
ViSmish_10315,1,1,0.9996222,True,1.0,paraphrased,Tuyển dụng giả,1.0,0.99618622,0.003813779999999989,0.19999999999999996
ViSmish_10316,1,1,0.9996136,True,1.0,paraphrased,Cờ bạc / Betting,1.0,0.99614352,0.003856480000000051,0.19999999999999996
ViSmish_10317,0,0,0.999313,True,1.0,synthetic,Dịch vụ công thật,1.0,0.005110173999999999,0.994889826,0.19999999999999996
ViSmish_10318,0,0,0.99931014,True,1.0,synthetic,Ngân hàng thật,1.0,0.005120269999999999,0.99487973,0.19999999999999996
ViSmish_10320,1,1,0.9995389,True,1.0,paraphrased,Nội dung nhạy cảm,1.0,0.99579452,0.004205479999999984,0.19999999999999996
ViSmish_10321,1,1,0.99956745,True,1.0,paraphrased,Nội dung nhạy cảm,1.0,0.9959245800000001,0.004075419999999941,0.19999999999999996
ViSmish_10322,1,1,0.9996123,True,1.0,paraphrased,Tuyển dụng giả,1.0,0.996137166,0.0038628339999999817,0.19999999999999996
ViSmish_10323,1,1,0.9995647,True,1.0,paraphrased,Cờ bạc / Betting,1.0,0.9959115199999999,0.004088480000000061,0.19999999999999996
ViSmish_10324,0,0,0.99947053,True,1.0,synthetic,Dịch vụ y tế,1.0,0.004499821999999999,0.995500178,0.19999999999999996
ViSmish_10325,0,0,0.9994727,True,1.0,synthetic,Viễn thông,1.0,0.004490645999999999,0.995509354,0.19999999999999996
ViSmish_10326,1,1,0.9996147,True,1.0,paraphrased,Cờ bạc / Betting,1.0,0.99614934,0.0038506600000000057,0.19999999999999996
ViSmish_10327,1,1,0.9995178,True,1.0,synthetic_hard_positive,BHXH / Trợ cấp giả,1.0,0.995701528,0.004298471999999998,0.19999999999999996
ViSmish_10329,0,0,0.9993604,True,1.0,real,Viễn thông,1.0,0.004934795199999999,0.9950652048,0.19999999999999996
ViSmish_10330,1,1,0.9995478,True,1.0,synthetic_hard_positive,Giả mạo ngân hàng,1.0,0.99583456,0.004165439999999965,0.19999999999999996
ViSmish_10331,1,1,0.9996296,True,1.0,paraphrased,Tuyển dụng giả,1.0,0.9962227699999999,0.003777230000000076,0.19999999999999996
ViSmish_10332,0,0,0.9994717,True,1.0,real,Viễn thông,1.0,0.0044946629999999994,0.995505337,0.19999999999999996
ViSmish_10334,1,1,0.999632,True,1.0,paraphrased,Giả mạo ngân hàng,1.0,0.99623499,0.0037650099999999576,0.19999999999999996
ViSmish_10335,1,1,0.9996207,True,1.0,paraphrased,Tuyển dụng giả,1.0,0.99617865,0.0038213499999999456,0.19999999999999996
ViSmish_10336,1,1,0.9996043,True,1.0,paraphrased,Giả mạo ngân hàng,1.0,0.9960983800000001,0.003901619999999939,0.19999999999999996
ViSmish_10337,0,0,0.99943525,True,1.0,synthetic,Tin nhắn cá nhân và OTP,1.0,0.004644005799999999,0.9953559942,0.19999999999999996
ViSmish_10338,1,1,0.9994997,True,1.0,paraphrased,Crypto / Đầu tư giả,1.0,0.99562342,0.004376579999999963,0.19999999999999996
ViSmish_10339,0,0,0.99943787,True,1.0,synthetic,Viễn thông,1.0,0.0046332861999999995,0.9953667138,0.19999999999999996
ViSmish_10340,1,1,0.99961734,True,1.0,paraphrased,Tuyển dụng giả,1.0,0.99616232,0.0038376799999999545,0.19999999999999996
ViSmish_10341,1,1,0.99959046,True,1.0,paraphrased,Crypto / Đầu tư giả,1.0,0.99603178,0.003968219999999967,0.19999999999999996
ViSmish_10342,1,1,0.9996202,True,1.0,paraphrased,BHXH / Trợ cấp giả,1.0,0.99617602,0.003823979999999949,0.19999999999999996
ViSmish_10343,1,1,0.99959534,True,1.0,paraphrased,Dịch vụ công giả,1.0,0.99605524,0.003944759999999992,0.19999999999999996
ViSmish_10346,1,1,0.99962354,True,1.0,paraphrased,Tuyển dụng giả,1.0,0.99619255,0.0038074500000000455,0.19999999999999996
ViSmish_10347,0,0,0.999482,True,1.0,synthetic,Thương mại điện tử,1.0,0.004451864199999999,0.9955481358,0.19999999999999996
ViSmish_10348,0,0,0.99946624,True,1.0,synthetic,Viễn thông,1.0,0.0045176639999999985,0.995482336,0.19999999999999996
ViSmish_10349,0,0,0.99936336,True,1.0,real,Viễn thông,1.0,0.004923755399999999,0.9950762446,0.19999999999999996
ViSmish_10350,1,1,0.999624,True,1.0,paraphrased,BHXH / Trợ cấp giả,1.0,0.996195006,0.003804994000000006,0.19999999999999996
ViSmish_10351,0,0,0.9994325,True,1.0,real,Quảng cáo hợp lệ,1.0,0.004654971599999998,0.9953450284,0.19999999999999996
ViSmish_10352,1,1,0.99961215,True,1.0,paraphrased,Tuyển dụng giả,1.0,0.99613632,0.003863680000000036,0.19999999999999996
ViSmish_10354,1,1,0.9996203,True,1.0,paraphrased,Tuyển dụng giả,1.0,0.99617691,0.003823090000000029,0.19999999999999996
ViSmish_10356,0,0,0.9992347,True,1.0,real,Viễn thông,1.0,0.005385891399999999,0.9946141086,0.19999999999999996
ViSmish_10357,1,1,0.9996265,True,1.0,paraphrased,BHXH / Trợ cấp giả,1.0,0.99620776,0.0037922400000000023,0.19999999999999996
ViSmish_10360,0,0,0.99946064,True,1.0,real,Khác,1.0,0.004540485999999999,0.995459514,0.19999999999999996
ViSmish_10361,1,1,0.9996057,True,1.0,paraphrased,Dịch vụ công giả,1.0,0.99610498,0.0038950199999999713,0.19999999999999996
ViSmish_10362,1,1,0.9995484,True,1.0,paraphrased,Crypto / Đầu tư giả,1.0,0.995837128,0.004162871999999984,0.19999999999999996
ViSmish_10363,0,0,0.9993748,True,1.0,real,Viễn thông,1.0,0.0048805286,0.9951194714,0.19999999999999996
ViSmish_10364,0,0,0.99949026,True,1.0,synthetic,Vận chuyển,1.0,0.004416691599999999,0.9955833084,0.19999999999999996
ViSmish_10365,1,1,0.9995964,True,1.0,paraphrased,Nội dung nhạy cảm,1.0,0.9960604200000001,0.003939579999999943,0.19999999999999996
ViSmish_10366,1,1,0.99957806,True,1.0,paraphrased,Dịch vụ công giả,1.0,0.9959736,0.0040263999999999855,0.19999999999999996
ViSmish_10368,1,1,0.99961674,True,1.0,paraphrased,Dịch vụ công giả,1.0,0.996159268,0.0038407320000000134,0.19999999999999996
ViSmish_10369,1,1,0.9996253,True,1.0,paraphrased,Crypto / Đầu tư giả,1.0,0.99620173,0.0037982699999999925,0.19999999999999996
ViSmish_10371,1,1,0.9995223,True,1.0,paraphrased,Đòi nợ / Đe dọa,1.0,0.99572116,0.004278840000000006,0.19999999999999996
ViSmish_10372,0,0,0.9994879,True,1.0,synthetic,Vận chuyển,1.0,0.004426629399999999,0.9955733706,0.19999999999999996
ViSmish_10373,1,1,0.99961925,True,1.0,paraphrased,BHXH / Trợ cấp giả,1.0,0.9961715,0.0038285000000000124,0.19999999999999996
ViSmish_10374,1,1,0.99962115,True,1.0,paraphrased,Tuyển dụng giả,1.0,0.9961810600000001,0.0038189399999999374,0.19999999999999996
ViSmish_10375,0,0,0.99944717,True,1.0,external_curated,P2P hard negative,1.0,0.004595851599999999,0.9954041484,0.19999999999999996
ViSmish_10376,1,1,0.99931276,True,1.0,paraphrased,Nội dung nhạy cảm,1.0,0.99488904,0.005110959999999998,0.19999999999999996
ViSmish_10378,1,1,0.9995741,True,1.0,paraphrased,Crypto / Đầu tư giả,1.0,0.9959551600000001,0.0040448399999999385,0.19999999999999996
ViSmish_10379,1,1,0.9996178,True,1.0,paraphrased,Đòi nợ / Đe dọa,1.0,0.9961647,0.003835299999999986,0.19999999999999996
ViSmish_10390,1,1,0.9996203,True,1.0,paraphrased,Cờ bạc / Betting,1.0,0.99617654,0.0038234600000000007,0.19999999999999996
ViSmish_10391,1,1,0.99961144,True,1.0,paraphrased,Crypto / Đầu tư giả,1.0,0.996132672,0.003867328000000003,0.19999999999999996
ViSmish_10392,0,0,0.9994343,True,1.0,real,Dịch vụ công thật,1.0,0.004647469199999999,0.9953525308,0.19999999999999996
ViSmish_10393,1,1,0.9996215,True,1.0,paraphrased,Cờ bạc / Betting,1.0,0.996182548,0.0038174520000000545,0.19999999999999996
ViSmish_10394,1,1,0.99959725,True,1.0,paraphrased,Đòi nợ / Đe dọa,1.0,0.99606414,0.003935860000000013,0.19999999999999996
ViSmish_10395,1,1,0.9996074,True,1.0,paraphrased,Tuyển dụng giả,1.0,0.9961129799999999,0.0038870200000000743,0.19999999999999996
ViSmish_10396,0,0,0.9991831,True,1.0,synthetic,Viễn thông,1.0,0.005559523799999999,0.9944404762,0.19999999999999996
ViSmish_10397,1,1,0.99963117,True,1.0,paraphrased,Cờ bạc / Betting,1.0,0.996230948,0.003769051999999995,0.19999999999999996
ViSmish_10398,0,0,0.99944,True,1.0,synthetic,Tin nhắn cá nhân và OTP,1.0,0.004624691599999999,0.9953753084,0.19999999999999996
ViSmish_10400,1,1,0.9996283,True,1.0,paraphrased,Dịch vụ công giả,1.0,0.9962162139999999,0.0037837860000000667,0.19999999999999996
ViSmish_10401,0,0,0.9993344,True,1.0,real,Dịch vụ y tế,1.0,0.005031472799999999,0.9949685272,0.19999999999999996
ViSmish_10402,1,1,0.9996245,True,1.0,paraphrased,Dịch vụ công giả,1.0,0.99619726,0.0038027400000000267,0.19999999999999996
ViSmish_10405,0,0,0.99945813,True,1.0,synthetic,Tin nhắn cá nhân và OTP,1.0,0.0045511599999999985,0.99544884,0.19999999999999996
ViSmish_10407,1,1,0.99961483,True,1.0,paraphrased,BHXH / Trợ cấp giả,1.0,0.99614968,0.0038503199999999627,0.19999999999999996
ViSmish_10408,0,0,0.99942553,True,1.0,external_curated,P2P hard negative,1.0,0.004682876599999999,0.9953171234,0.19999999999999996
ViSmish_10409,0,0,0.9993488,True,1.0,external_curated,P2P hard negative,1.0,0.004978322999999999,0.995021677,0.19999999999999996
ViSmish_10410,1,1,0.9996082,True,1.0,paraphrased,Cờ bạc / Betting,1.0,0.99611742,0.003882579999999969,0.19999999999999996
ViSmish_10413,1,1,0.9996137,True,1.0,paraphrased,Nội dung nhạy cảm,1.0,0.9961441520000001,0.0038558479999999395,0.19999999999999996
ViSmish_10414,1,1,0.9996138,True,1.0,paraphrased,Tuyển dụng giả,1.0,0.99614432,0.003855680000000028,0.19999999999999996
ViSmish_10415,0,0,0.9987155,True,1.0,synthetic,Quảng cáo hợp lệ,1.0,0.006924345999999999,0.993075654,0.19999999999999996
ViSmish_10416,1,1,0.99947256,True,1.0,real,Khác,1.0,0.995508552,0.004491448000000009,0.19999999999999996
ViSmish_10419,1,1,0.99961036,True,1.0,paraphrased,Giả mạo ngân hàng,1.0,0.99612744,0.003872560000000025,0.19999999999999996
ViSmish_10420,1,1,0.99960583,True,1.0,paraphrased,Nội dung nhạy cảm,1.0,0.9961059,0.0038941000000000114,0.19999999999999996
ViSmish_10423,0,0,0.99941504,True,1.0,external_real,P2P hội thoại thông thường,1.0,0.004724576599999999,0.9952754234,0.19999999999999996
ViSmish_10424,0,0,0.99938715,True,1.0,real,Khác,1.0,0.0048330883999999985,0.9951669116,0.19999999999999996
ViSmish_10425,1,1,0.99962807,True,1.0,paraphrased,BHXH / Trợ cấp giả,1.0,0.996215546,0.003784454000000048,0.19999999999999996
ViSmish_10426,0,0,0.99945694,True,1.0,real,Khác,1.0,0.0045560411999999995,0.9954439588,0.19999999999999996
ViSmish_10427,0,0,0.999483,True,1.0,synthetic,Ngân hàng thật,1.0,0.004447661999999999,0.995552338,0.19999999999999996
ViSmish_10429,1,1,0.9996087,True,1.0,paraphrased,Tuyển dụng giả,1.0,0.9961196059999999,0.0038803940000000647,0.19999999999999996
ViSmish_10430,1,1,0.9996106,True,1.0,paraphrased,Đòi nợ / Đe dọa,1.0,0.996128928,0.003871072000000031,0.19999999999999996
ViSmish_10432,1,1,0.99961334,True,1.0,paraphrased,Dịch vụ công giả,1.0,0.996142352,0.0038576479999999913,0.19999999999999996
ViSmish_10433,1,1,0.9996166,True,1.0,paraphrased,Tuyển dụng giả,1.0,0.99615874,0.0038412599999999575,0.19999999999999996
ViSmish_10434,0,0,0.99937755,True,1.0,external_real,P2P hội thoại thông thường,1.0,0.004870013999999999,0.995129986,0.19999999999999996
ViSmish_10435,1,1,0.99958664,True,1.0,paraphrased,Cờ bạc / Betting,1.0,0.9960142000000001,0.003985799999999928,0.19999999999999996
ViSmish_10437,1,1,0.999603,True,1.0,paraphrased,Dịch vụ công giả,1.0,0.99609216,0.003907839999999996,0.19999999999999996
ViSmish_10438,1,1,0.99961925,True,1.0,paraphrased,Cờ bạc / Betting,1.0,0.9961713999999999,0.003828600000000071,0.19999999999999996
ViSmish_10440,0,0,0.99946934,True,1.0,synthetic,Tin nhắn cá nhân và OTP,1.0,0.004504741,0.995495259,0.19999999999999996
ViSmish_10441,1,1,0.9996147,True,1.0,paraphrased,Tuyển dụng giả,1.0,0.9961495,0.003850499999999979,0.19999999999999996
ViSmish_10442,1,1,0.99954885,True,1.0,paraphrased,Dịch vụ công giả,1.0,0.9958393,0.004160700000000017,0.19999999999999996
ViSmish_10443,0,0,0.9979232,True,1.0,real,Dịch vụ công thật,1.0,0.008725781999999998,0.991274218,0.19999999999999996
ViSmish_10444,1,1,0.99962306,True,1.0,paraphrased,Dịch vụ công giả,1.0,0.99619024,0.0038097599999999954,0.19999999999999996
ViSmish_10445,1,1,0.99962413,True,1.0,paraphrased,BHXH / Trợ cấp giả,1.0,0.99619565,0.003804350000000012,0.19999999999999996
ViSmish_10447,0,0,0.99732107,True,1.0,real,Khác,1.0,0.009854834599999997,0.9901451654,0.19999999999999996
ViSmish_10449,0,0,0.99945015,True,1.0,synthetic,Ngân hàng thật,1.0,0.004583335199999999,0.9954166648,0.19999999999999996
ViSmish_10450,0,0,0.99942064,True,1.0,real,Tin nhắn cá nhân và OTP,1.0,0.004702084799999999,0.9952979152,0.19999999999999996
ViSmish_10451,0,0,0.999451,True,1.0,synthetic,Tin nhắn cá nhân và OTP,1.0,0.0045800823999999985,0.9954199176,0.19999999999999996
ViSmish_10452,1,1,0.99961275,True,1.0,paraphrased,BHXH / Trợ cấp giả,1.0,0.996139408,0.003860591999999996,0.19999999999999996
ViSmish_10453,1,1,0.9996051,True,1.0,paraphrased,Tuyển dụng giả,1.0,0.99610248,0.0038975199999999877,0.19999999999999996
ViSmish_10454,1,1,0.9995732,True,1.0,paraphrased,Crypto / Đầu tư giả,1.0,0.995951032,0.004048967999999986,0.19999999999999996
ViSmish_10455,0,0,0.9994803,True,1.0,synthetic,Dịch vụ y tế,1.0,0.004459151599999999,0.9955408484,0.19999999999999996
ViSmish_10456,1,1,0.99961334,True,1.0,paraphrased,Giả mạo ngân hàng,1.0,0.99614253,0.0038574700000000295,0.19999999999999996
ViSmish_10458,1,1,0.9996007,True,1.0,paraphrased,Cờ bạc / Betting,1.0,0.99608094,0.003919059999999974,0.19999999999999996
ViSmish_10460,0,0,0.9993831,True,1.0,real,Viễn thông,1.0,0.004848279999999999,0.99515172,0.19999999999999996
ViSmish_10461,1,1,0.99938166,True,1.0,synthetic_hard_positive,Dịch vụ công giả,1.0,0.995146012,0.004853988000000031,0.19999999999999996
ViSmish_10462,0,0,0.9994868,True,1.0,real,Khác,1.0,0.004431642599999999,0.9955683574,0.19999999999999996
ViSmish_10463,1,1,0.99960023,True,1.0,paraphrased,BHXH / Trợ cấp giả,1.0,0.99607868,0.003921320000000006,0.19999999999999996
ViSmish_10465,0,0,0.99948007,True,1.0,synthetic,Vận chuyển,1.0,0.004459925399999998,0.9955400746,0.19999999999999996
ViSmish_10466,0,0,0.9994836,True,1.0,real,Viễn thông,1.0,0.004445133399999999,0.9955548666,0.19999999999999996
ViSmish_10469,1,1,0.99953485,True,1.0,real,Cờ bạc / Betting,1.0,0.99577662,0.004223379999999999,0.19999999999999996
ViSmish_10470,0,0,0.99942845,True,1.0,external_real,P2P hội thoại thông thường,1.0,0.004671151999999999,0.995328848,0.19999999999999996
ViSmish_10471,1,1,0.9996289,True,1.0,paraphrased,Tuyển dụng giả,1.0,0.99621934,0.0037806599999999912,0.19999999999999996
ViSmish_10472,1,1,0.9995697,True,1.0,paraphrased,Nội dung nhạy cảm,1.0,0.995934654,0.00406534599999997,0.19999999999999996
ViSmish_10473,1,1,0.9995128,True,1.0,synthetic_hard_positive,Đòi nợ / Đe dọa,1.0,0.995679748,0.004320251999999969,0.19999999999999996
ViSmish_10474,1,1,0.99958354,True,1.0,paraphrased,Nội dung nhạy cảm,1.0,0.995999312,0.0040006879999999745,0.19999999999999996
ViSmish_10475,0,0,0.9994332,True,1.0,synthetic,Tin nhắn cá nhân và OTP,1.0,0.004651678999999999,0.995348321,0.19999999999999996
ViSmish_10480,0,0,0.9994566,True,1.0,synthetic,Quảng cáo hợp lệ,1.0,0.004557303399999999,0.9954426966,0.19999999999999996
ViSmish_10481,1,1,0.99961203,True,1.0,paraphrased,Đòi nợ / Đe dọa,1.0,0.99613558,0.0038644199999999795,0.19999999999999996
ViSmish_10482,0,0,0.9994273,True,1.0,synthetic,Quảng cáo hợp lệ,1.0,0.004675650199999999,0.9953243498,0.19999999999999996
ViSmish_10483,0,0,0.9993863,True,1.0,external_real,P2P hội thoại thông thường,1.0,0.004836102999999999,0.995163897,0.19999999999999996
ViSmish_10484,1,1,0.999597,True,1.0,paraphrased,Tuyển dụng giả,1.0,0.9960635,0.0039365000000000094,0.19999999999999996
ViSmish_10485,0,0,0.99947506,True,1.0,external_real,P2P hội thoại thông thường,1.0,0.004481120399999999,0.9955188796,0.19999999999999996
ViSmish_10486,1,1,0.9995871,True,1.0,paraphrased,Nội dung nhạy cảm,1.0,0.99601642,0.003983579999999987,0.19999999999999996
ViSmish_10487,0,0,0.99933904,True,1.0,external_real,P2P hội thoại thông thường,1.0,0.005014550399999999,0.9949854496,0.19999999999999996
ViSmish_10488,1,1,0.9996338,True,1.0,paraphrased,Dịch vụ công giả,1.0,0.9962439000000001,0.003756099999999929,0.19999999999999996
ViSmish_10491,1,1,0.9996358,True,1.0,paraphrased,BHXH / Trợ cấp giả,1.0,0.996253992,0.003746008000000023,0.19999999999999996
ViSmish_10492,0,0,0.9994312,True,1.0,external_curated,P2P hard negative,1.0,0.004659784199999999,0.9953402158,0.19999999999999996
ViSmish_10494,1,1,0.9995167,True,1.0,paraphrased,Crypto / Đầu tư giả,1.0,0.995696592,0.004303407999999953,0.19999999999999996
ViSmish_10496,0,0,0.99947494,True,1.0,real,Khác,1.0,0.0044815939999999985,0.995518406,0.19999999999999996
ViSmish_10497,0,0,0.99947566,True,1.0,synthetic,Vận chuyển,1.0,0.004478500399999999,0.9955214996,0.19999999999999996
ViSmish_10499,1,1,0.99961746,True,1.0,paraphrased,BHXH / Trợ cấp giả,1.0,0.9961628920000001,0.0038371079999999225,0.19999999999999996
ViSmish_10501,0,0,0.99947053,True,1.0,real,Viễn thông,1.0,0.004499641399999999,0.9955003586,0.19999999999999996
ViSmish_10502,0,0,0.99934405,True,1.0,real,Viễn thông,1.0,0.004996070999999999,0.995003929,0.19999999999999996
ViSmish_10503,1,1,0.9995932,True,1.0,paraphrased,Đòi nợ / Đe dọa,1.0,0.99604512,0.003954879999999994,0.19999999999999996
ViSmish_10504,0,0,0.99933916,True,1.0,real,Viễn thông,1.0,0.005014119199999999,0.9949858808,0.19999999999999996
ViSmish_10506,1,1,0.9996069,True,1.0,paraphrased,Dịch vụ công giả,1.0,0.9961110479999999,0.0038889520000000566,0.19999999999999996
ViSmish_10507,0,0,0.99939585,True,1.0,synthetic,Viễn thông,1.0,0.004799338399999999,0.9952006616,0.19999999999999996
ViSmish_10509,0,0,0.9994748,True,1.0,synthetic,Quảng cáo hợp lệ,1.0,0.004481928,0.995518072,0.19999999999999996
ViSmish_10510,1,1,0.9996112,True,1.0,paraphrased,Tuyển dụng giả,1.0,0.99613173,0.003868270000000007,0.19999999999999996
ViSmish_10511,1,1,0.99958247,True,1.0,paraphrased,Tuyển dụng giả,1.0,0.99599446,0.004005539999999974,0.19999999999999996
ViSmish_10512,1,1,0.99960595,True,1.0,paraphrased,Cờ bạc / Betting,1.0,0.996106172,0.0038938280000000436,0.19999999999999996
ViSmish_10513,0,0,0.99948454,True,1.0,synthetic,Thương mại điện tử,1.0,0.004440903999999999,0.995559096,0.19999999999999996
ViSmish_10514,1,1,0.9996094,True,1.0,paraphrased,Dịch vụ công giả,1.0,0.996123112,0.0038768879999999672,0.19999999999999996
ViSmish_10517,0,0,0.99937916,True,1.0,external_curated,P2P hard negative,1.0,0.004863668999999999,0.995136331,0.19999999999999996
ViSmish_10518,0,0,0.9994697,True,1.0,synthetic,Dịch vụ y tế,1.0,0.004503437199999999,0.9954965628,0.19999999999999996
ViSmish_10519,0,0,0.99945515,True,1.0,external_curated,P2P hard negative,1.0,0.004563329799999999,0.9954366702,0.19999999999999996
ViSmish_10520,0,0,0.9995041,True,1.0,synthetic,Dịch vụ y tế,1.0,0.004358039799999999,0.9956419602,0.19999999999999996
ViSmish_10522,0,0,0.99935347,True,1.0,synthetic,Dịch vụ công thật,1.0,0.004960750399999998,0.9950392496,0.19999999999999996
ViSmish_10524,1,1,0.99962246,True,1.0,paraphrased,Cờ bạc / Betting,1.0,0.9961873880000001,0.0038126119999999375,0.19999999999999996
ViSmish_10525,1,1,0.999445,True,1.0,paraphrased,Nội dung nhạy cảm,1.0,0.995395672,0.004604327999999991,0.19999999999999996
ViSmish_10526,0,0,0.99946076,True,1.0,real,Viễn thông,1.0,0.0045401648,0.9954598352,0.19999999999999996
ViSmish_10527,0,0,0.9994311,True,1.0,external_real,P2P hội thoại thông thường,1.0,0.004660368399999999,0.9953396316,0.19999999999999996
ViSmish_10528,1,1,0.9996177,True,1.0,paraphrased,Tuyển dụng giả,1.0,0.99616406,0.003835939999999982,0.19999999999999996
ViSmish_10529,1,1,0.99956495,True,1.0,paraphrased,Đòi nợ / Đe dọa,1.0,0.9959127059999999,0.004087294000000075,0.19999999999999996
ViSmish_10531,1,1,0.99962723,True,1.0,paraphrased,BHXH / Trợ cấp giả,1.0,0.99621135,0.003788649999999949,0.19999999999999996
ViSmish_10534,0,0,0.9994671,True,1.0,synthetic,Dịch vụ công thật,1.0,0.004514013999999999,0.995485986,0.19999999999999996
ViSmish_10535,1,1,0.99955136,True,1.0,paraphrased,Crypto / Đầu tư giả,1.0,0.99585108,0.00414892,0.19999999999999996
ViSmish_10537,0,0,0.9907238,True,1.0,external_real,P2P hội thoại thông thường,1.0,0.017645157999999994,0.982354842,0.19999999999999996
ViSmish_10538,1,1,0.9996146,True,1.0,paraphrased,Dịch vụ công giả,1.0,0.99614854,0.0038514600000000287,0.19999999999999996
ViSmish_10539,0,0,0.99929726,True,1.0,synthetic,Quảng cáo hợp lệ,1.0,0.005166605999999999,0.994833394,0.19999999999999996
ViSmish_10541,1,1,0.9996282,True,1.0,paraphrased,BHXH / Trợ cấp giả,1.0,0.9962157,0.0037842999999999627,0.19999999999999996
ViSmish_10542,0,0,0.99942636,True,1.0,real,Khác,1.0,0.004679523399999999,0.9953204766,0.19999999999999996
ViSmish_10543,1,1,0.999561,True,1.0,paraphrased,Crypto / Đầu tư giả,1.0,0.99589456,0.004105440000000016,0.19999999999999996
ViSmish_10544,0,0,0.99936146,True,1.0,real,Dịch vụ công thật,1.0,0.004930680999999999,0.995069319,0.19999999999999996
ViSmish_10545,0,0,0.9992817,True,1.0,real,Viễn thông,1.0,0.005222377199999999,0.9947776228,0.19999999999999996
ViSmish_10546,1,1,0.9996289,True,1.0,paraphrased,Tuyển dụng giả,1.0,0.996219468,0.0037805319999999476,0.19999999999999996
ViSmish_10548,1,1,0.99957603,True,1.0,real,Cờ bạc / Betting,1.0,0.99596392,0.0040360799999999974,0.19999999999999996
ViSmish_10550,1,1,0.99962664,True,1.0,paraphrased,Tuyển dụng giả,1.0,0.996207952,0.0037920479999999923,0.19999999999999996
ViSmish_10551,1,1,0.9996006,True,1.0,paraphrased,Tuyển dụng giả,1.0,0.99608041,0.003919589999999973,0.19999999999999996
ViSmish_10552,0,0,0.99948573,True,1.0,synthetic,Viễn thông,1.0,0.004435939799999999,0.9955640602,0.19999999999999996
ViSmish_10554,1,1,0.99957925,True,1.0,paraphrased,Crypto / Đầu tư giả,1.0,0.99597894,0.004021060000000021,0.19999999999999996
ViSmish_10557,1,1,0.99960786,True,1.0,paraphrased,Cờ bạc / Betting,1.0,0.996115768,0.0038842319999999875,0.19999999999999996
ViSmish_10558,1,1,0.9995264,True,1.0,paraphrased,Đòi nợ / Đe dọa,1.0,0.99573886,0.004261139999999997,0.19999999999999996
ViSmish_10559,1,1,0.99963546,True,1.0,paraphrased,BHXH / Trợ cấp giả,1.0,0.99625238,0.0037476199999999515,0.19999999999999996
ViSmish_10560,0,0,0.99921656,True,1.0,real,Dịch vụ công thật,1.0,0.005447441399999998,0.9945525586,0.19999999999999996
ViSmish_10561,1,1,0.99962294,True,1.0,paraphrased,Dịch vụ công giả,1.0,0.9961898,0.003810199999999986,0.19999999999999996
