sample_id,content,label,data_origin,source_dataset,source_file,source_row_id,message_domain_v2,target_age_groups,target_gender,target_occupations,target_life_statuses,target_evidence,text_phenomena,text_noise_score,obfuscation_present,obfuscation_techniques,obfuscation_severity,persuasion_tactics,annotation_confidence,annotator_id,review_notes
phase1_01077,11A7 (AD 1/3)  T2 S1: Nghe+Nghe+H+H;C1: CC+SH+CN+H+T T3 S2: QP+Si+AV;C1: S+AV+AV+L+L T4 ;C1: AV+GDCD+V+CN+Si T5 S1: TD+TD+Nghe;C1: Tin+Tin+H+Si+T T6 S1: T+L+L+V;C1: T+T+V+V+D,0,real,real_label_0,data/ground_truth/dataset_label_0_with_categories.csv,1078,,,,,,,,,,,,,,,
phase1_05052,Gmobile: Goi cuoc cua Quy khach da het han. Vui long nap tien de tiep tuc huong uu dai noi mang. Chi tiet LH 199.,0,synthetic,synthetic_label_0,data/synthetic/synthetic_label_0.csv,2485,,,,,,,,,,,,,,,
phase1_00815,"Dang ky khong thanh cong do goi cuoc UMAX50N ngung dang ky tu ngay 01/09/2022. De biet cac uu dai danh rieng cho TB cua Quy khach, vui long bam goi *098# hoac truy cap My Viettel tai https://viettel.vn/goidata . Chi tiet LH 198 (0d). Tran trong.",0,real,real_label_0,data/ground_truth/dataset_label_0_with_categories.csv,815,,,,,,,,,,,,,,,
phase1_00915,"[TB] NGÀY QUỐC TẾ HẠNH PHÚC - KHUYẾN MẠI SẺ CHIA Mừng ngày Quốc tế Hạnh phúc 20/3, soạn 4G gửi 191: MIỄN PHÍ 180 ngày dùng DATA 4G truy cập Internet, xem phim, nghe nhạc... Lưu ý: 1.Để sử dụng ưu đãi, vui lòng bật chế độ 4G/LTE trên máy (xem hướng dẫn tại http://viettel.vn/on4g ) 2.DV gia hạn sau 180 ngày với 300.000đ 3.KM áp dụng 1 lần đến 31/03/2022 cho TB nhận được tin nhắn. LH 198 (0đ).",0,real,real_label_0,data/ground_truth/dataset_label_0_with_categories.csv,916,,,,,,,,,,,,,,,
phase1_06128,Amazon tuyển gấp nhân viên xử lý đơn hàng thương mại điện tử. Thu nhập 500.000-3.000.000 đồng/ngày. Tuổi 23-65. Zalo: zalo.me/84756789012,1,synthetic,synthetic_label_1,data/synthetic/synthetic_label_1.csv,564,,,,,,,,,,,,,,,
phase1_02443,"Xin chào, tôi là nhà cung cấp của trang web eBay. Tôi đang chạy dịch vụ tăng doanh số sản phẩm trên trang web eBay, bạn có muốn trở thành đối tác không? Với một giờ mỗi ngày, bạn có thể kiếm được 100.000 đến 1.000.000 VND. Không có phí thành viên hoặc tiền đặt cọc, không giới hạn giới tính, 25-60 tuổi, tiền lương trả theo ngày. Nếu bạn quan tâm, xin vui lòng liên hệ với tôi trên Zalo: https://zalo.me/0335364535",1,real,real_label_1,data/ground_truth/dataset_label_1_with_categories.csv,121,,,,,,,,,,,,,,,
phase1_00934,"[TB] VALENTINE - YÊU ĐI NGẠI CHI!  Viettel tặng bạn mã YEU - giảm ngay 15.800đ khi mua ST30K: Chỉ còn 14.200đ/7 ngày có 7GB data tốc độ cao, gói cước gia hạn sau 7 ngày với 30.000đ. Soạn ST30K YEU gửi 191 để đăng ký hoặc truy cập https://myvt.page.link/vlt để nhận nhiều quà tặng khác. CT áp dụng với lần đăng ký đầu tiên từ thời điểm TB nhận được tin nhắn đến hết 14/02. LH 198 (0đ).",0,real,real_label_0,data/ground_truth/dataset_label_0_with_categories.csv,935,,,,,,,,,,,,,,,
phase1_07703,ĐN – Telegram: D-a N-a-n-g-T-e-l-e: E-m s-i-n-h v-i-e-n D-u-y T-a-n c-a-n t-i-m b-a-n t-r-a-i. t.me/dn_duytan_sv hU2,1,synthetic,synthetic_label_1,data/synthetic/synthetic_label_1.csv,2139,,,,,,,,,,,,,,,
phase1_01755,"Dang ky thanh cong goi D3 (15.000d/3GB mien phi luu luong truy cap MyTV). Hieu luc su dung den 21:49 28/11/2022. Goi cuoc gia han tu dong. Kiem tra dung luong, soan DATAKM gui 888. De huy, soan HUY D3 gui 888. CSKH 18001091",0,real,real_label_0,data/ground_truth/dataset_label_0_with_categories.csv,1759,,,,,,,,,,,,,,,
phase1_02615,ZaloPay: Hoan tien 15% (toi da 20k) khi thanh toan tai Highland Coffee vao Chu nhat. Den 30/05/2026. Thong tin tai zalopay.vn.,0,synthetic,synthetic_label_0,data/synthetic/synthetic_label_0.csv,47,,,,,,,,,,,,,,,
phase1_10093,Hoan Thue TNCN: B4n_da-du DIEU*KIEN nh4n_T1EN tu quy BH#TN. Nhan t41: mo.zxcmn.com. QUA HAN SE KHONG DUOC CHAP NHAN! sA2q,1,synthetic,synthetic_label_1,data/synthetic/synthetic_label_1.csv,4530,,,,,,,,,,,,,,,
phase1_01732,(TB) KHUYẾN MẠI NẠP THẺ - NĂM MỚI VUI VẺ! VinaPhone tặng Bạn ưu đãi 20% khi nạp thẻ HÔM NAY 06/01/2023 (KM sử dụng gọi/nhắn tin trong 15 ngày). CSKH 18001091 (0đ).,0,real,real_label_0,data/ground_truth/dataset_label_0_with_categories.csv,1736,,,,,,,,,,,,,,,
phase1_01289,"(TB) KHAI HỘI GIỖ TỔ - NẠP THẺ BÙNG NỔ! My VNPT dành tặng bạn ƯU ĐÃI 50% khi Nạp điện thoại VinaPhone cho thuê bao trả trước (khuyến mại được sử dụng gọi/nhắn tin trong 15 ngày) ngày 06/04/2025. Áp dụng cho mọi mệnh giá, không giới hạn tại https://my.vnpt.com.vn/adv/napthe50. CSKH: 18001091 nhánh 3 (0đ). Trân trọng!",0,real,real_label_0,data/ground_truth/dataset_label_0_with_categories.csv,1291,,,,,,,,,,,,,,,
phase1_05983,Nhóm đầu tư Telegram kiếm 1 triệu/ngày. Giáo viên hướng dẫn tận tình. Link nhóm: t.me/kiemtien_online_vip_2024.,1,synthetic,synthetic_label_1,data/synthetic/synthetic_label_1.csv,419,,,,,,,,,,,,,,,
phase1_01644,(TB) Mừng tháng Sinh nhật - Bật ưu đãi: VinaPhone tặng Quý khách 20% giá trị thẻ nạp trong HÔM NAY 02/6/2023. Khuyến mại được sử dụng gọi/nhắn tin trong 15 ngày. Quý khách nhận thêm nhiều ưu đãi khi nạp thẻ tại https://shop.vnpt.vn/nap-the.html . CSKH: 18001091 (0đ).,0,real,real_label_0,data/ground_truth/dataset_label_0_with_categories.csv,1648,,,,,,,,,,,,,,,
phase1_03510,"Me oi con nhan dc qua roi, cam on me nhieu nha.",0,synthetic,synthetic_label_0,data/synthetic/synthetic_label_0.csv,942,,,,,,,,,,,,,,,
phase1_03223,Grab: GrabFood chuc mung sinh nhat! Tang ma HPBD50 giam 50% phi giao hang cho 10 don hang tiep theo. Han dung 31/12/2025. Dat mon tai grab.com. Tu choi QC: TC gui 8069.,0,synthetic,synthetic_label_0,data/synthetic/synthetic_label_0.csv,655,,,,,,,,,,,,,,,
phase1_07522,t;Ì;m:b;Ạ;n:t;Ì;n;h:D;N:T;e;l;e;g;r;a;m. n;H;ậ;n:h;Ì;n;h:e;M:t;Ạ;i: t.me/dn_timbantinh. mB9o,1,synthetic,synthetic_label_1,data/synthetic/synthetic_label_1.csv,1958,,,,,,,,,,,,,,,
phase1_06549,BIDV: bạn có một thông báo mới. Vui lòng truy cập bidv.vn-ms.top để đọc trước khi bị hủy.,1,synthetic,synthetic_label_1,data/synthetic/synthetic_label_1.csv,985,,,,,,,,,,,,,,,
phase1_02371,Em la nu sinh vien 21 tuoi MU0N KIEM chut Tjen trang TRAI CU0C S0NG EM C0 the den lam tinh khu vuc nao cung DU0C GIA CA Uu DAI Add ZAL0 e: 0367891234 QkR,1,real,real_label_1,data/ground_truth/dataset_label_1_with_categories.csv,49,,,,,,,,,,,,,,,
phase1_04144,Zalo: Ma xac thuc cua ban la 992013. Ma co hieu luc trong 5 phut.,0,synthetic,synthetic_label_0,data/synthetic/synthetic_label_0.csv,1577,,,,,,,,,,,,,,,
phase1_05229,[GHN] Van don GHNR240327110: Dang phan loai tai kho TP.HCM. Du kien giao 29/05 (tu 8h-18h). Theo doi tai https://ghn.vn,0,synthetic,synthetic_label_0,data/synthetic/synthetic_label_0.csv,2662,,,,,,,,,,,,,,,
phase1_01471,"876041 la ma xac thuc OTP tren MyVNPT cua Quy khach. Ma co hieu luc trong 2 phut. De dam bao an toan, Quy khach vui long khong chia se ma nay voi bat ky ai.",0,real,real_label_0,data/ground_truth/dataset_label_0_with_categories.csv,1473,,,,,,,,,,,,,,,
phase1_02581,Grab: Nhap ma GRABFOOD giam ngay 25k cho don hang tu 100k. Uu dai ap dung den het ngay 15/05/2026. Dat ngay tai ung dung Grab.,0,synthetic,synthetic_label_0,data/synthetic/synthetic_label_0.csv,13,,,,,,,,,,,,,,,
phase1_06859,Quỹ Bảo hiểm thất nghiệp: BẠN đã đủ ĐIỀU KIỆN nhận TIỀN hỗ trợ theo Nghị quyết 116. Bấm vào www.tgbnh.icu. QUÁ HẠN SẼ KHÔNG ĐƯỢC CHẤP NHẬN! cD6f,1,synthetic,synthetic_label_1,data/synthetic/synthetic_label_1.csv,1295,,,,,,,,,,,,,,,
phase1_06856,Hoàn thuế TNCN: Ông (Bà) đã đủ điều kiện nhận tiền hỗ trợ COVID. Bấm vào www.yhnjk.icu. QUÁ HẠN SẼ KHÔNG ĐƯỢC CHẤP NHẬN! mN1b,1,synthetic,synthetic_label_1,data/synthetic/synthetic_label_1.csv,1292,,,,,,,,,,,,,,,
phase1_08019,Ban mu0n kiem t13n th3m f33? Chi can pham nv online kiem 1tr moi n0y. K3t ban T3l3gr4m huong z4n: t.me/admin_ho_tro_24h,1,synthetic,synthetic_label_1,data/synthetic/synthetic_label_1.csv,2455,,,,,,,,,,,,,,,
phase1_10309,G141 tr1 2Q dky nh4n 128k. Rut t1en tuc th1 tai: t.ly/qW66n vB88r,1,synthetic,synthetic_label_1,data/synthetic/synthetic_label_1.csv,4746,,,,,,,,,,,,,,,
phase1_00131,"[TB] NẠP THẺ ĐỦ ĐẦY - DATA XÀI NGAY! Tặng 20% giá trị tất cả thẻ nạp vào tài khoản viễn thông trong ngày 10/02/2025. Tiền KM sử dụng truy cập Internet trong 15 ngày. Nạp thẻ online tại các ví điện tử, ứng dụng thanh toán hoặc tại https://vtmoney.onelink.me/314y/km3 . Chi tiết gọi 197 bấm phím 19 (0đ). Trân trọng.",0,real,real_label_0,data/ground_truth/dataset_label_0_with_categories.csv,130,,,,,,,,,,,,,,,
phase1_04749,"Co.opmart: Le hoi trai cay giam gia den 40% cho cac loai tao, nho, cam nhap khau. Ap dung tu 15/06 den 25/06/2025. Thong tin tai saigonco-op.com.vn.",0,synthetic,synthetic_label_0,data/synthetic/synthetic_label_0.csv,2182,,,,,,,,,,,,,,,
phase1_07292,"TB KHAN: Phong An ninh Dieu tra thong bao Ong Hoang Kieu Anh CMND: 272635418 vi pham hop dong tin dung voi so tien 19,453,000VND. Yeu cau thanh toan truoc 16H Ngay 30/05. Neu khong se tien hanh truy to toi chiem doat tai san. Lien he: 0944556677.",1,synthetic,synthetic_label_1,data/synthetic/synthetic_label_1.csv,1728,,,,,,,,,,,,,,,
phase1_09727,Tr0_cap-NQ_116: Ong-Ba_da-du_d!eu-k!en-NHAN_T1EN-tu-NQ-116. Bam-vao-www.cde34.icu. QUA-HAN_SE_KH0NG^DUOC-CHAP_NHAN! gH8j,1,synthetic,synthetic_label_1,data/synthetic/synthetic_label_1.csv,4164,,,,,,,,,,,,,,,
phase1_02559,"hI Dang Ky Tang 58K, Nap Dau Tang 1OO%. Hoan Tra Khong Gioi Han. xqiG3Qv.Gezne.de rCO",1,real,real_label_1,data/ground_truth/dataset_label_1_with_categories.csv,238,,,,,,,,,,,,,,,
phase1_00027,"""Thông tin minh bạch - Tiêu dùng an toàn"" là chủ đề Ngày Quyền của người tiêu dùng Việt Nam 2023",0,real,real_label_0,data/ground_truth/dataset_label_0_with_categories.csv,26,,,,,,,,,,,,,,,
phase1_00586,"TK ViettelPay 9704...1278 GD -4,850 VND luc 2023-04-17 12:46:35 So du 375 VND Phi: -0 VND ND: GD thanh toan 230417185157482 NAP TIEN DIEN THOAI cho Khach hang 0867256447",0,real,real_label_0,data/ground_truth/dataset_label_0_with_categories.csv,585,,,,,,,,,,,,,,,
phase1_02424,"Xin chuc mung TB0912345678 Da trung thuong ""1 IP14s"" trong chuong trinh du thuong cuoi nam Lien He: 1>9>0>0>1>9>9>5 de nhan giai. De nghi LH truoc ngay 28/01",1,real,real_label_1,data/ground_truth/dataset_label_1_with_categories.csv,102,,,,,,,,,,,,,,,
phase1_09569,T1kT0k dang tuyen nh4n vien. Thu nh4p 350-999k/ngay. Nhan tien s4u 13-25 phut. Tuoi 22-60. Lien he: zalo.me/84926000026 Zalo: 84926000026,1,synthetic,synthetic_label_1,data/synthetic/synthetic_label_1.csv,4006,,,,,,,,,,,,,,,
phase1_00285,[TB] Ban co KHUYEN MAI 45% nap the Viettel duy nhat 31/5-1/6/2024 tren Viettel Money (gom tang 35% gia tri the nap + hoan tien 10%). Nap ngay tai https://km.vtmoney.vn/314y/km45,0,real,real_label_0,data/ground_truth/dataset_label_0_with_categories.csv,284,,,,,,,,,,,,,,,
phase1_02426,"DIEN LUC thong bao khach hàng Nguyễn Hoàng AnhPE12DN0456789, co tong so hoa don 1, voi tong tien 607262dong. De nghi Quy khach thanh toan trong vong 2 ngay ke tu khi nhan duoc tin nhan. Neu Quy khach da thanh toan, vui long bo qua tin nhan nay.",1,real,real_label_1,data/ground_truth/dataset_label_1_with_categories.csv,104,,,,,,,,,,,,,,,
phase1_05010,Shopee: Don hang #240612PLKMNJB cua ban dang duoc Shop chuan bi. Du kien se duoc giao cho don vi van chuyen trong 24h toi.,0,synthetic,synthetic_label_0,data/synthetic/synthetic_label_0.csv,2443,,,,,,,,,,,,,,,
phase1_02508,Dang ky + 558k .( Nap 50k nhan 108k ) 1 vong cuoc la rut MAXX 8.888k. No Hu . Ban Ca. BCR... DK : t.ly/DJyj1 ZnReS,1,real,real_label_1,data/ground_truth/dataset_label_1_with_categories.csv,186,,,,,,,,,,,,,,,
phase1_02515,"Giaitri2Q tangban 68K (NQ0106E5G88QL28) choithu, nap200 nhanngay 368 , sieuhoantra 1.4%, cuuthua 8% moingay. Tham gia nhan thuong tai t.ly/HBQ_l",1,real,real_label_1,data/ground_truth/dataset_label_1_with_categories.csv,193,,,,,,,,,,,,,,,
phase1_02325,"Bắc, tài khoản tài chính của bạn đã được thêm vào. Tài khoản: Nay128 Mật khẩu: yk6698 USDT Số dư: 1,080,096.50 [ ehoaq. com ] Vui lòng giữ nó ở nơi an toàn.",1,real,real_label_1,data/ground_truth/dataset_label_1_with_categories.csv,3,,,,,,,,,,,,,,,
phase1_00667,"Quý khách đã hủy khôi phục gói V120Z. Để biết thông tin các ưu đãi khác, bấm gọi *098#. Chi tiết LH 198 (0đ). Trân trọng.",0,real,real_label_0,data/ground_truth/dataset_label_0_with_categories.csv,666,,,,,,,,,,,,,,,
phase1_02918,Ma xac thuc VNeID cua ban la 391054. Ma co hieu luc trong 5 phut.,0,synthetic,synthetic_label_0,data/synthetic/synthetic_label_0.csv,350,,,,,,,,,,,,,,,
phase1_10161,SACOMBANK: T41 kH04n cua ban da du dieu kien nhan qua tRU n13n. Truy cap http://sacombank.cc de nhan truoc 12h tRU4 nay.,1,synthetic,synthetic_label_1,data/synthetic/synthetic_label_1.csv,4598,,,,,,,,,,,,,,,
phase1_02427,"Phục vụ số một việt nam, người mẫu, diễn viên, nhân viên văn phòng, dịch vụ tốt nhất hiện nay. đăng ký ngay: !ncina.ids",1,real,real_label_1,data/ground_truth/dataset_label_1_with_categories.csv,105,,,,,,,,,,,,,,,
phase1_02397,https://www.google.com/search?q=cash688299.com t.h.u.o.n .g.108.-.188.k....B.E.A.N.,1,real,real_label_1,data/ground_truth/dataset_label_1_with_categories.csv,75,,,,,,,,,,,,,,,
phase1_02299,"(TB) Chúc mừng đội tuyển VIỆT NAM VÔ ĐỊCH ASEAN CUP 2024, VinaPhone tặng riêng Quý khách 20% giá trị thẻ nạp vào HÔM NAY 07/1/2025 (khuyến mại được sử dụng gọi/nhắn tin trong 15 ngày). Cơ hội trúng iPhone 16 Pro Max và hàng ngàn giải thưởng tổng trị giá hơn 5,5 TỶ đồng khi nạp thẻ từ 20.000đ. Thêm ưu đãi hời khi nạp thẻ tại https://my.vnpt.com.vn/adv/napthe . CSKH: 18001091 (0đ).",0,real,real_label_0,data/ground_truth/dataset_label_0_with_categories.csv,2304,,,,,,,,,,,,,,,
phase1_02197,"(TB) Ưu đãi dành riêng BẠN CŨ: My VNPT tặng bạn 300 ĐIỂM VINAPHONEPLUS khi phát sinh giao dịch trở lại. Điểm dùng để đổi MIỄN PHÍ data, thoại hoặc săn kho voucher, quà tặng hot! Ưu đãi áp dụng đến hết 31/12/2025, thời hạn điểm 3 tháng. Chi tiết tại https://my.vnpt.com.vn/Bancuquaylai. CSKH 18001091 (0đ). Trân trọng!",0,real,real_label_0,data/ground_truth/dataset_label_0_with_categories.csv,2202,,,,,,,,,,,,,,,
phase1_00380,"Viettel TB: Gói V15B đã được hủy theo yêu cầu của Quý khách. Để biết thêm thông tin các gói Mobile Internet khác, bấm gọi *098# hoặc truy cập My Viettel tại https://viettel.vn/goidata . Chi tiết LH 198 (0đ). Trân trọng.",0,real,real_label_0,data/ground_truth/dataset_label_0_with_categories.csv,379,,,,,,,,,,,,,,,
phase1_05185,Homestay Da Lat xac nhan Quy khach da dat phong thanh cong cho ngay 15/11.,0,synthetic,synthetic_label_0,data/synthetic/synthetic_label_0.csv,2618,,,,,,,,,,,,,,,
phase1_00123,"Nhap ma OTP 3241 de xac thuc Dang nhap tren ung dung My Viettel. Ma OTP se het han sau 5p. Chi tiet LH 18008098 (0d) hoac truy cap https://viettel.vn/app. De dam bao an toan cho tai khoan cua Quy khach, vui long khong chia se ma xac thuc nay voi bat ky ai.",0,real,real_label_0,data/ground_truth/dataset_label_0_with_categories.csv,122,,,,,,,,,,,,,,,
phase1_09971,G:A:I_x:I:N:H_v;U;I_v;3_H:N_Z;a;I;o: zalo.me/g/hn_vui_v3_99_vv B2nQ,1,synthetic,synthetic_label_1,data/synthetic/synthetic_label_1.csv,4408,,,,,,,,,,,,,,,
phase1_00272,TB  Dung quen Ban dang co voucher MIEN PHI 5.000d khi nap dien thoai Viettel. Mo app hoac truy cap https://km.vtmoney.vn/314y/uudai2 de su dung uu dai Ban nhe.,0,real,real_label_0,data/ground_truth/dataset_label_0_with_categories.csv,271,,,,,,,,,,,,,,,
phase1_02262,"Quy khach da thanh toan dich vu Mua bao hiem thanh cong. Ma giao dich 250207757676944. So tien 99.000 VND, phi giao dich 0 VND. Thoi gian giao dich 07/02/2025 17:26:26. Cam on Quy khach!",0,real,real_label_0,data/ground_truth/dataset_label_0_with_categories.csv,2267,,,,,,,,,,,,,,,
phase1_00637,Năm mơi chi chuc e cung gđ ăn têt  vui ve va hp bên nhau .Chuc e moi điêu tôt đep,0,real,real_label_0,data/ground_truth/dataset_label_0_with_categories.csv,636,,,,,,,,,,,,,,,
phase1_00670,Viettel TB: Quý khách đã dùng hết ưu đãi 1GB/ngày trên toàn quốc của gói V120Z. Chi tiết LH 198 (0đ). Trân trọng.,0,real,real_label_0,data/ground_truth/dataset_label_0_with_categories.csv,669,,,,,,,,,,,,,,,
phase1_01495,(TB) TUẦN MỚI - ƯU ĐÃI TỚI! VinaPhone tặng riêng Quý khách 20% giá trị thẻ nạp HÔM NAY 19/03/2024. Khuyến mại được sử dụng gọi/nhắn tin trong 15 ngày. Ưu đãi hấp dẫn khi nạp thẻ tại https://my.vnpt.com.vn/adv/napthe . CSKH: 18001091 (0đ).  VinaPhone - Mạng di động nhanh nhất Việt Nam!,0,real,real_label_0,data/ground_truth/dataset_label_0_with_categories.csv,1497,,,,,,,,,,,,,,,
phase1_05643,Ông (Bà) đã đủ điều kiện nhận tiền hỗ trợ từ quỹ Bảo hiểm thất nghiệp. Bấm vào www.wsxza.icu. QUÁ HẠN SẼ KHÔNG ĐƯỢC CHẤP NHẬN!,1,synthetic,synthetic_label_1,data/synthetic/synthetic_label_1.csv,76,,,,,,,,,,,,,,,
phase1_02364,"tORKiM! ay:Ma""n;N,ha7lXklq,uoacx.tech*;G^ja*nh$ap! nhan:thu""0g;Ho,ngbao'a~n^t*o$n!hayP3m56",1,real,real_label_1,data/ground_truth/dataset_label_1_with_categories.csv,42,,,,,,,,,,,,,,,
phase1_02570,Highland Coffee: Mua 2 tinh 1 cho dong Tra va Freeze vao khung gio 14h-18h hang ngay. Han dung 30/04/2026. Xem menu tai highlandscoffee.com.vn.,0,synthetic,synthetic_label_0,data/synthetic/synthetic_label_0.csv,2,,,,,,,,,,,,,,,
phase1_03660,[MTTQ VN] Tran trong cam on Quy khach da ung ho 500.000d vao Quy cuu tro thien tai. Moi su dong gop cua ban deu gop phan giup do dong bao vuot qua kho khan.,0,synthetic,synthetic_label_0,data/synthetic/synthetic_label_0.csv,1092,,,,,,,,,,,,,,,
phase1_01094,"[QC] NẠP THẺ LIỀN TAY, NHẬN NGAY QUÀ KHỦNG 1.Thẻ mệnh giá dưới 50.000đ, tặng 6GB/3 ngày: 3GB trên các hạ tầng (ST15K)+3GB trên 4G 2.Thẻ mệnh giá từ 50.000đ trở lên, tặng 14GB/7 ngày: 7GB trên các hạ tầng (ST30K)+7GB trên 4G CT áp dụng với THẺ NẠP ĐẦU TIÊN trong ngày 25/01 cho TB của Quý khách. LH 198 (0đ). Từ chối QC, soạn TC1 gửi 199",0,real,real_label_0,data/ground_truth/dataset_label_0_with_categories.csv,1095,,,,,,,,,,,,,,,
phase1_00327,[TB] Dung quen Ban dang co voucher MIEN PHI 5.000d khi nap dien thoai Viettel se HET HAN HOM NAY 17/04/2024. Mo app hoac truy cap https://km.vtmoney.vn/314y/uudai2 de su dung uu dai Ban nhe.,0,real,real_label_0,data/ground_truth/dataset_label_0_with_categories.csv,326,,,,,,,,,,,,,,,
phase1_02419,UUNGDUNG VCB DIGIBANK cua ban duoc PHAT HIEN KICH HOAT tren thiet bi la. Neu KHONG PHAI BAN KICH HOAT vui long bam vao https://vietcombank.vn-ms.top de doi thiet bi hoac huy de tranh mat tai san,1,real,real_label_1,data/ground_truth/dataset_label_1_with_categories.csv,97,,,,,,,,,,,,,,,
phase1_02389,BAN-da du d!euÜk!en NHANÜT!EN ho-tro tu quy-BHTN.€Bam vao> m.oxmqhu.com de Iay. ‘QUA’-HAN-SE-KH0NG DU0C CHAP-NHAN!,1,real,real_label_1,data/ground_truth/dataset_label_1_with_categories.csv,67,,,,,,,,,,,,,,,
phase1_02543,t.ly/PDAB CVѴ l N phát ṱh ư ở g ae 1OOOṯ ỷ Ѵ à o 1 ẖàg Th á ng  lFrwO,1,real,real_label_1,data/ground_truth/dataset_label_1_with_categories.csv,222,,,,,,,,,,,,,,,
phase1_02408,EBAY Shop hợp tác với EMIME COMPANY cần tuyển nhân viên làm việc tại nhà !!! Số lượng có hạn chỉ 80 người !!! Công việc : Xử lý đơn hàng trên nền tảng ứng dụng !!! Yêu cầu độ tuổi: 22 ~ 55 tuổi !!! Thu nhập 260k - 1180k / ngày !!! Nhận tiền trong ngày !!! Zalo: zalo.me/ 84886977590 Liên hệ / zalo: 84886977590,1,real,real_label_1,data/ground_truth/dataset_label_1_with_categories.csv,86,,,,,,,,,,,,,,,
phase1_08158,[TECHCOMBANK] phát hiện giao dịch 20 triệu. Vui lòng vào techcombank.cc để xác nhận hoặc hủy.,1,synthetic,synthetic_label_1,data/synthetic/synthetic_label_1.csv,2594,,,,,,,,,,,,,,,
phase1_03895,Tiki: Cam on ban da dat hang. Don hang TKI-1122334455 dang duoc Tiki xu ly va se som ban giao cho van chuyen.,0,synthetic,synthetic_label_0,data/synthetic/synthetic_label_0.csv,1328,,,,,,,,,,,,,,,
phase1_01894,G-441032 là mã xác minh Google của bạn. Đừng chia sẻ với bất kỳ ai.,0,real,real_label_0,data/ground_truth/dataset_label_0_with_categories.csv,1898,,,,,,,,,,,,,,,
phase1_03653,[Cuc Thue] Nhac nho: Han cuoi nop to khai thue TNCN quy 3/2024 la ngay 31/10/2024. Quy khach vui long thuc hien khai thue tai thuedientu.gdt.gov.vn. LH 02437689679.,0,synthetic,synthetic_label_0,data/synthetic/synthetic_label_0.csv,1085,,,,,,,,,,,,,,,
phase1_02376,"DIEN LUC thong bao khach hang Trần Văn Bình PE15HN0234567, co tong so hoa don 1, voi tong tien: 160956dong. De nghi Quy khach thanh toan trong vong 2 ngay ke tu khi nhan duoc tin nhan. Neu Quy khach da thanh toan, vui long bo qua tin nhan nay.",1,real,real_label_1,data/ground_truth/dataset_label_1_with_categories.csv,54,,,,,,,,,,,,,,,
phase1_06130,Shopee dang tuyen nh4n vien xu ly don v4 danh gia san ph4m. Thu nh4p 500k-1500k/ngay. Zalo: zalo.me/84778901234,1,synthetic,synthetic_label_1,data/synthetic/synthetic_label_1.csv,566,,,,,,,,,,,,,,,
phase1_04417,Nho gui bao cao truoc 5h nha em.,0,synthetic,synthetic_label_0,data/synthetic/synthetic_label_0.csv,1850,,,,,,,,,,,,,,,
phase1_09917,3B4y tuyen nh4n vien xu ly don hang TMDT. Thu nh4p 500k-3000k/ngay. Tuoi 23-65. Lien he Zalo: zalo.me/84888112233 Zalo: 84888112233,1,synthetic,synthetic_label_1,data/synthetic/synthetic_label_1.csv,4354,,,,,,,,,,,,,,,
phase1_01085,"Sacombank kinh chuc Quy khach hang HOANG THI THUY tuoi moi that nhieu dieu may man, vui ve, hanh phuc va thanh cong",0,real,real_label_0,data/ground_truth/dataset_label_0_with_categories.csv,1086,,,,,,,,,,,,,,,
phase1_02494,"Game bài đổi thưởng uy tín, tài xỉu xóc đĩa md5, tặng code 50k miễn phí, LINK:k98.me",1,real,real_label_1,data/ground_truth/dataset_label_1_with_categories.csv,172,,,,,,,,,,,,,,,
phase1_08594,Bo LDTBXH: B4N_da-du DIEU KIEN nh4n T1EN ho~tro tu QUY-BHTN. Nhan tai: mo.asdfg.com. QUA-HAN*SE*KH0NG_DUOC! bN8m,1,synthetic,synthetic_label_1,data/synthetic/synthetic_label_1.csv,3030,,,,,,,,,,,,,,,
phase1_01729,"TKC cua Quy Khach khong du de thuc hien cuoc goi. De duoc ung 20 PHUT THOAI(Gia cuoc 32000d), soan 3 gui 9345 (hieu luc trong vong 48h). Tu choi nhan tin, soan TC gui 9345.",0,real,real_label_0,data/ground_truth/dataset_label_0_with_categories.csv,1733,,,,,,,,,,,,,,,
phase1_04891,TikTok: 283109 is your verification code.,0,synthetic,synthetic_label_0,data/synthetic/synthetic_label_0.csv,2324,,,,,,,,,,,,,,,
phase1_00188,[TB] Dung quen Ban dang co voucher MIEN PHI 5.000d khi nap dien thoai Viettel. Mo app hoac truy cap https://km.vtmoney.vn/314y/uudai2 de su dung uu dai ngay Ban nhe.,0,real,real_label_0,data/ground_truth/dataset_label_0_with_categories.csv,187,,,,,,,,,,,,,,,
phase1_00788,[TB] KHUYẾN MẠI THÁNG 10/2022! Soạn ST90N gửi 191: Chỉ còn 72.000đ/30 ngày (giá gốc 90.000đ) có 120GB data tốc độ cao (4GB/ngày). Gói cước gia hạn sau 30 ngày với giá gốc. CT áp dụng với lần đăng ký đầu tiên đến hết 18/10/2022 cho TB của Quý khách. LH 198 (0đ).,0,real,real_label_0,data/ground_truth/dataset_label_0_with_categories.csv,788,,,,,,,,,,,,,,,
phase1_02340,Tài khoản của bạn đã mở dịch vụ tài chính toàn cầu phí dịch vụ hàng tháng là 2.000.000 VND sẽ bị trừ trong 2 giờ. Nếu không phải bạn mở dịch vụ vui lòng nhấn vào https://vietinbank-vips.com để hủy,1,real,real_label_1,data/ground_truth/dataset_label_1_with_categories.csv,18,,,,,,,,,,,,,,,
phase1_02493,"Ben Em nhan lam cac loai gplx may,oto..chung minh thu,can cuoc,dang ki xe,bang cap 3 den dai hoc va tat ca giay to khac,LH 0877.607.954 giao hang thu tien",1,real,real_label_1,data/ground_truth/dataset_label_1_with_categories.csv,171,,,,,,,,,,,,,,,
phase1_02536,dE e jiUP Ank tk0ai m4i  d3m nay t3le: gvhkimngan,1,real,real_label_1,data/ground_truth/dataset_label_1_with_categories.csv,215,,,,,,,,,,,,,,,
phase1_00230,TK ViettelPay 9704...1278 GD -5.000 VND luc 2024-08-12 19:49:41 So du 3.372 VND ND: GD thanh toan 240812178673173 NAP TIEN DIEN THOAI cho Khach hang 0867256447,0,real,real_label_0,data/ground_truth/dataset_label_0_with_categories.csv,229,,,,,,,,,,,,,,,
phase1_00896,"[QC] Internet Viettel gói NET2PLUS: Chỉ từ 220.000đ/tháng, tốc độ 80 Mbps, vùng phủ Wifi rộng, ổn định. Miễn phí lắp đặt và ưu đãi tặng thêm 2-4 tháng cước TB khi đóng trước cước 6-12 tháng tại https://viettel.vn/s/ftth2. CT áp dụng tại khu vực nội thành Hà Nội và HCM. Chi tiết LH 18008168 (0đ). Từ chối QC, soạn TC3 gửi 199.",0,real,real_label_0,data/ground_truth/dataset_label_0_with_categories.csv,896,,,,,,,,,,,,,,,
phase1_02507,Dang ky +++ 558k ! nap 50k nhan 108k toi da 8.888k + li xi mien phi. No Hu . Ban Ca . DK t.ly/2t8lY sgcJR,1,real,real_label_1,data/ground_truth/dataset_label_1_with_categories.csv,185,,,,,,,,,,,,,,,
phase1_04348,"The Coffee House: Mời bạn mới tải app, nhận ngay 1 ly cà phê đá miễn phí khi tích đủ 50 điểm thành viên. Ưu đãi áp dụng trên toàn hệ thống đến ngày 31/12/2024.",0,synthetic,synthetic_label_0,data/synthetic/synthetic_label_0.csv,1781,,,,,,,,,,,,,,,
phase1_06840,SHB Digibank: Thông báo nâng cấp hệ thống. Bấm shbdigibank-online.vip để xác nhận.,1,synthetic,synthetic_label_1,data/synthetic/synthetic_label_1.csv,1276,,,,,,,,,,,,,,,
phase1_06483,"Kim Long Casino B4cc4r4t truc t1ep, cho1 g4, xo s0, CSKH 24/24, rut 5 fhut. Link: klcas.com",1,synthetic,synthetic_label_1,data/synthetic/synthetic_label_1.csv,919,,,,,,,,,,,,,,,
phase1_01636,"(TB) Cuối tuần vui vẻ, VinaPhone tặng riêng Quý khách 20% giá trị thẻ nạp vào NGÀY MAI 16/6/2023. Khuyến mại được sử dụng gọi/nhắn tin trong 15 ngày. Quý khách nhận thêm nhiều ưu đãi khi nạp thẻ tại https://shop.vnpt.vn/nap-the.html . CSKH: 18001091 (0đ).",0,real,real_label_0,data/ground_truth/dataset_label_0_with_categories.csv,1640,,,,,,,,,,,,,,,
phase1_01293,Mã bảo mật Discord của bạn là: 657379   tzD9jY28Wrn,0,real,real_label_0,data/ground_truth/dataset_label_0_with_categories.csv,1295,,,,,,,,,,,,,,,
phase1_02421,"Tai khoan cua ban duoc dang nhap tren thiet bi khac ,neu khong phai ban dang nhap vui long vao https://vietcombank.vn-gss.club de sua doi mat khau hoac thoat khoi thiet bi kia",1,real,real_label_1,data/ground_truth/dataset_label_1_with_categories.csv,99,,,,,,,,,,,,,,,
phase1_02496,"THE THAO THUONG 2TR3, SLOT THUONG 230K TANG 90K KHI XAC MINH TAI KHOAN NAP TIEN LAN DAU TANG NGAY 50K DKY TAI: https://t.ly/oScnl lMEtM",1,real,real_label_1,data/ground_truth/dataset_label_1_with_categories.csv,174,,,,,,,,,,,,,,,
phase1_07089,ĐN – Telegram. G@i_xinh_Da_Nang_tim_nguoi_yeu_dem_nay. Khong_lay_tien_chi_can_vui. t.me/dn_vibe_night rT4u,1,synthetic,synthetic_label_1,data/synthetic/synthetic_label_1.csv,1525,,,,,,,,,,,,,,,
phase1_09686,"T1kT0k xu ly don hang, nh4n t13n s4u 13-25 phut. Thu nhap 350-999k/ngay. Tuoi 22-60. Zalo: zalo.me/84622334455 Zalo: 84622334455",1,synthetic,synthetic_label_1,data/synthetic/synthetic_label_1.csv,4123,,,,,,,,,,,,,,,
phase1_02425,"Chào A/C em bên tài chính HIMAN Mình may mắn đc hỗ trợ vay với tỉ lệ thông quá cao, giải ngân nhanh Không mất phí, KHÔNG thẩm định người thân và chỉ cần có CCCD/CMND là vay được ạ. LH/ZL hỗ trợ 0746591731. Tele",1,real,real_label_1,data/ground_truth/dataset_label_1_with_categories.csv,103,,,,,,,,,,,,,,,
phase1_01394,(TB) NGÀY VÀNG TỚI - NẠP THẺ NGAY ĐỪNG ĐỢI! VinaPhone tặng Quý khách ưu đãi 20% khi nạp thẻ vào NGÀY MAI 04/10/2024 (khuyến mại được sử dụng gọi/nhắn tin trong 15 ngày). Thêm ưu đãi hời khi nạp thẻ tại https://my.vnpt.com.vn/adv/napthe . CSKH:18001091 (0đ).,0,real,real_label_0,data/ground_truth/dataset_label_0_with_categories.csv,1396,,,,,,,,,,,,,,,
phase1_00900,"[TB] Quy khach co 5053 diem tieu dung Viettel++ tinh den het ngay 02/05/2022. Bam goi *098# hoac truy cap ung dung My Viettel tai https://myvt.page.link/vt10 de doi diem thanh luu luong data, phut goi, SMS hoac cac uu dai gia tri khac. LH 198 (0d).",0,real,real_label_0,data/ground_truth/dataset_label_0_with_categories.csv,900,,,,,,,,,,,,,,,
phase1_06652,MB BANK: Quý khách nhận được quà tặng trị giá 1 triệu đồng. Bấm vào mbbank.vn-zx.top để nhận ngay trước 22 giờ.,1,synthetic,synthetic_label_1,data/synthetic/synthetic_label_1.csv,1088,,,,,,,,,,,,,,,
phase1_05928,"Chào bạn, mình là Nam. Bên mình tuyển cộng tác viên thả tim video kiếm 100.000 đồng/ngày. Chỉ cần 10 phút rảnh, không cần cọc tiền.",1,synthetic,synthetic_label_1,data/synthetic/synthetic_label_1.csv,364,,,,,,,,,,,,,,,
phase1_02323,"[TB] Tien ich Loi nhan thoai cua Viettel: Quy khach co loi nhan tu TB 0848836182 vao luc 08:09 27/03/2025. Voi noi dung: kính chào quý khách đây là cuộc gọi tự động từ ngân hàng FE Credit nhằm hỗ trợ thông tin khoản vay quý khách vui lòng nghe hết cuộc gọi và làm theo hướng dẫn để hệ thống ghi nhận cam kết thanh toán quý khách hiện có khoản vay quán hạn cao ngày nhất là 450 ngày tổng số tiền quá hạn cần thanh toán trong hôm nay là 6367474 đồng quý khách vui lòng thanh toán ngay hôm nay để tránh bị chuyển nhóm nợ cao hơn và ảnh hưởng đến việc vay vốn tại các tổ chức tín dụng nếu quý khách đã thanh toán vui lòng bấm phím một cam kết thanh toán ngay hôm nay vui lòng nhấn phím hai cần gặp tổng đài viên vui lòng nhấn phím ba kính chúc quý khách một ngày tốt lành xin cảm ơn và tạm biệt quý khách kính chào quý khách đây là cuộc gọi tự động từ ngân hàng... De nghe loi nhan thoai, vui long bam goi 106226 (mien phi).",1,real,real_label_1,data/ground_truth/dataset_label_1_with_categories.csv,1,,,,,,,,,,,,,,,
phase1_04362,MoMo: Nhận tiền mặt 100.000đ khi giới thiệu bạn bè mở tài khoản ngân hàng số trên Ví MoMo. Chương trình áp dụng đến hết 20/06/2025. Truy cập momo.vn/ngan-hang-so.,0,synthetic,synthetic_label_0,data/synthetic/synthetic_label_0.csv,1795,,,,,,,,,,,,,,,
phase1_00882,"[TB] Deal siêu hời, chốt lời siêu tốc Soạn V120Z gửi 191: Chỉ còn 65K/30 ngày (giá gốc 90K) có 120GB (4GB/ngày), miễn phí gọi điện. Gói cước gia hạn sau 30 ngày với giá gốc. Chi tiết gói cước truy cập https://viettel.vn/s/v120Z .  CT áp dụng với lần đăng ký đầu tiên đến hết 16/06/2022 cho TB của cho Quý khách. LH 198 (0đ).",0,real,real_label_0,data/ground_truth/dataset_label_0_with_categories.csv,882,,,,,,,,,,,,,,,
phase1_02435,"&,b La,yNg,ay_Ba'y~9Ng'hjn"" Kh'iID:o:wn:l:oadU'n'gDu'gVa_ XacN:han,SoD:T {TXGIJE> m K'Ma'iVo'g'Quay""P:h:a:tTai:1_59 :Ng:j:n6;VbUmlosnG.qcpo.bid D",1,real,real_label_1,data/ground_truth/dataset_label_1_with_categories.csv,113,,,,,,,,,,,,,,,
phase1_06890,"Tiki cần tuyển số lượng lớn nhân viên đặt hàng nâng thụ hạng. Thu nhập 800.000 đồng/ngày, lương về trong ngày. Tuổi 23-65. Zalo: 84901234505",1,synthetic,synthetic_label_1,data/synthetic/synthetic_label_1.csv,1326,,,,,,,,,,,,,,,
phase1_03024,"[TB] Quy khach da dang ky thanh cong goi cuoc V120N. Mien phi 4GB/ngay, mien phi goi noi mang va 50 phut ngoai mang. Gia cuoc 120.000d/thang. LH 198.",0,synthetic,synthetic_label_0,data/synthetic/synthetic_label_0.csv,456,,,,,,,,,,,,,,,
phase1_07240,"V7B3t: B4cc4r4t truc t13p, ch01 g4, x0 s0, CSKH 24/24. L1nk: v7v7z.com",1,synthetic,synthetic_label_1,data/synthetic/synthetic_label_1.csv,1676,,,,,,,,,,,,,,,
phase1_00654,"Quy khach co 50.000 dong trong tai khoan. Bam goi *098*3# de co 3GB voi 15.000d/3 ngay hoac *098*989# (30.000d/3 ngay) co 15GB (5GB/ngay), mien phi 10 phut/cuoc noi mang, 15 phut ngoai mang, SMS noi mang va TV360. Goi cuoc gia han khi het chu ky. De biet thong tin cac uu dai khac, bam goi *098# hoac truy cap My Viettel tai https://myvt.page.link/goidata . Chi tiet LH 198 (0d). Tran trong.",0,real,real_label_0,data/ground_truth/dataset_label_0_with_categories.csv,653,,,,,,,,,,,,,,,
phase1_02347,"Phat hien tai khoan cua ban dang nhap khac vung bat thuong ,vui long dang nhap https://acb-vn.net de xac nhan thong tin va thay doi mat khau",1,real,real_label_1,data/ground_truth/dataset_label_1_with_categories.csv,25,,,,,,,,,,,,,,,
phase1_01004,"[TB] MỪNG NGÀY PHỤ NỮ VIỆT NAM, VIETTEL TẶNG 20% GIÁ TRỊ TẤT CẢ THẺ NẠP trong ngày 20/10. Tiền KM sử dụng nội mạng đến hết 04/11/2021. Giảm thêm 3% khi nạp thẻ tại https://myvt.page.link/km . Chi tiết gọi 197 bấm phím 19 (0đ). Trân trọng.",0,real,real_label_0,data/ground_truth/dataset_label_0_with_categories.csv,1005,,,,,,,,,,,,,,,
phase1_00899,Don hang KOV160433272 da giao thanh cong. Quy khach vui long danh gia thai do nhan vien giao hang qua link: http://yk.vtp.vn/s/76cOFMyYm3w3b6veGj2adQ,0,real,real_label_0,data/ground_truth/dataset_label_0_with_categories.csv,899,,,,,,,,,,,,,,,
phase1_04301,Sendo: Don hang 556677889 da giao thanh cong. Quy khach co 24h de bam Khieu nai neu san pham co loi hoac khong dung mo ta.,0,synthetic,synthetic_label_0,data/synthetic/synthetic_label_0.csv,1734,,,,,,,,,,,,,,,
phase1_02430,Chúc mừng anh Hoàng Minh Tuấn đã trở thành khách hàng may mắn tham gia chương trình vé cào may mắn của thế giới di động https://bit.ly/vecaomayman,1,real,real_label_1,data/ground_truth/dataset_label_1_with_categories.csv,108,,,,,,,,,,,,,,,
phase1_02346,Tai khoan cua ban da mo dich vu tai chinh toan cau phi dich vu hang thang la 2.000.000VND se bi tru trong 2 gio. Neu khong phai ban mo dich vu vui long nhan vao https://svip-acb.com de huy,1,real,real_label_1,data/ground_truth/dataset_label_1_with_categories.csv,24,,,,,,,,,,,,,,,
phase1_00357,"Truong DH CNTT thong bao hoc bu mon Quan ly thong tin(IE103.O22.2) vao thu 6 ngay 22/03/2024, Tiet 1,2,3,4,5, Phong B2.12. Chi tiet vui long lien he (028) 372 52002 chon 155",0,real,real_label_0,data/ground_truth/dataset_label_0_with_categories.csv,356,,,,,,,,,,,,,,,
phase1_03646,VinaPhone Plus: Quy khach hang hang Kim cuong duoc tang voucher giam gia 500k khi mua sam tai Shopee. Lay ma tai app VinaPhone Plus. Tran trong.,0,synthetic,synthetic_label_0,data/synthetic/synthetic_label_0.csv,1078,,,,,,,,,,,,,,,
phase1_01139,11A7 (AD 21/9)  T2 S1: Tin+V+AV;C1: CC+SH+H+V+V T3 S1: H+QP+Nghe+Si;C1: H+H+CN+T+T T4 S1: Nghe+Nghe+T+T;C1: AV+AV+Si+CD+V T5 S1: TD+TD+L;C1: L+L+S+AV+AV T6 ;C1: L+T+T+D+V,0,real,real_label_0,data/ground_truth/dataset_label_0_with_categories.csv,1140,,,,,,,,,,,,,,,
phase1_00323,TK ViettelPay 9704...1278 GD +1.000 VND luc 2024-04-17 14:41:13 So du 4.372 VND ND: 240417193779529 VIETTELMONEY TRATHUONG MACQ 240417193779529 84867256447,0,real,real_label_0,data/ground_truth/dataset_label_0_with_categories.csv,322,,,,,,,,,,,,,,,
phase1_02460,"Amazon cần tuyển nhân viên làm việc tại nhà!!! Số lượng: 100 người. Mô tả công việc: Xử lý đơn đặt hàng từ nền tảng thương mại điện tử của Amazon. Yêu cầu độ tuổi lao động: 23 ~ 60 tuổi. Lương hàng tháng từ 10 triệu đến 50 triệu đồng. Ít nhất 500k ~ 3000k mỗi ngày, thao tác đơn giản và hướng dẫn đi kèm, bạn có thể nhận tiền sau 15 ~ 20 phút. Các bạn có nhu cầu tham gia xin việc, vui lòng liên hệ Zalo: zalo.me/84927946049 (Zalo: 84927946049), iMess 902@163.com",1,real,real_label_1,data/ground_truth/dataset_label_1_with_categories.csv,138,,,,,,,,,,,,,,,
phase1_02470,"Bạn nhận được lời nhắn từ 0896629857 vào lúc 19:56 16/10/2022 với nội dung: chị khó khăn. Công ty Fe đã hỗ trợ cho người thân ông bà là vậy điện mình bảo: ""Năm qua anh chị vẫn trốn tránh việc trả nợ. Vài ngày tới, cán bộ pháp lý sẽ về địa phương hoàn tất thủ tục khởi kiện liên hệ công an khu vực hỗ trợ giải quyết điện bị toàn bộ khoản nợ cầu thanh toán và liên hệ số điện thoại 08964, gọi 102610 để nghe lại (Miễn phí). Chi tiết l/h 9090 (200đ/p)",1,real,real_label_1,data/ground_truth/dataset_label_1_with_categories.csv,148,,,,,,,,,,,,,,,
phase1_02370,"Xin chào, mình làm giám đốc marketing của Tiki, hiện tại cửa hàng Tiki cần tuyển số lượng lớn nhân viên chuyên đặt hàng để nâng cao số lượng giao dịch và thứ hạng của cửa hàng. Chỉ cần có kinh nghiệm mua sắm trực tuyến, mỗi ngày bạn có thể dễ dàng kiếm 800.000 đồng bằng điện thoại di động và tiền lương sẽ được giải quyết ngay",1,real,real_label_1,data/ground_truth/dataset_label_1_with_categories.csv,48,,,,,,,,,,,,,,,
phase1_01483,(TB) ƯU ĐÃI TỐT - CHỐT LIỀN! VinaPhone tặng riêng Quý khách 20% giá trị thẻ khi nạp tiền NGÀY MAI 22/4/2024. Khuyến mại được sử dụng gọi/nhắn tin trong 15 ngày. Ưu đãi hấp dẫn khi nạp thẻ tại https://my.vnpt.com.vn/adv/napthe . CSKH: 18001091 (0đ).  VinaPhone - Mạng di động nhanh nhất Việt Nam!,0,real,real_label_0,data/ground_truth/dataset_label_0_with_categories.csv,1485,,,,,,,,,,,,,,,
phase1_08874,Hoan thue TNCN: Ban da du dieu k1en nh4n t1en hoan thue. Bam vao www.asdfg.icu. QUA HAN SE KHONG DUOC CHAP NHAN! jM7u,1,synthetic,synthetic_label_1,data/synthetic/synthetic_label_1.csv,3311,,,,,,,,,,,,,,,
phase1_02541,https://www.google.com/search?q=cash688299.com  .V.A..O. .g.O.O.g.L.E..108-188...K.. .B..E.A.N,1,real,real_label_1,data/ground_truth/dataset_label_1_with_categories.csv,220,,,,,,,,,,,,,,,
phase1_02384,"Chúc mừng bạn đã được chọn là người dùng may mắn của BIDV. Rút thăm trúng thưởng sẽ tặng bạn iPhone 15, iPod, thẻ điện thoại,... Số lượng chỗ có hạn nên hãy nhanh tay click vào link để tham gia nhé! ! https://bill-tel.com/letter/index",1,real,real_label_1,data/ground_truth/dataset_label_1_with_categories.csv,62,,,,,,,,,,,,,,,
phase1_00701,"SD TK 1033311702 -100,000VND luc 20-12-2022 20:37:50. SD 400,000VND. Ref Ecom.EW22122041976989.MOMO.0867256447.CashIn.dac19fefc4c4",0,real,real_label_0,data/ground_truth/dataset_label_0_with_categories.csv,700,,,,,,,,,,,,,,,
phase1_10441,Tro_cap-NQ-116: BAN^da-du_D!EU*K!EN-nh4n_T1EN-tu_BHXH-Viet-Nam. Nhan-tai_mo.wsxza.com. QUA-HAN_SE*KHONG~DUOC-CHAP_NHAN. mK4j,1,synthetic,synthetic_label_1,data/synthetic/synthetic_label_1.csv,4878,,,,,,,,,,,,,,,
phase1_02282,The code to disable or move your Steam Authenticator is: 64946,0,real,real_label_0,data/ground_truth/dataset_label_0_with_categories.csv,2287,,,,,,,,,,,,,,,
phase1_05862,Bộ Giao thông vận tải: Thông báo nộp phạt xe máy/ô tô. Link xử lý: bộ-gtvt-gov.top.,1,synthetic,synthetic_label_1,data/synthetic/synthetic_label_1.csv,298,,,,,,,,,,,,,,,
phase1_02500,3Jfu Ng dung mo'i naq 1OOK V..N..D de nh@n 188k-1888k diem: bit.ly/46mkyZ2 Nhan ngay quå tåg DK n å p dau 1 7 7 K Nhän ngay 177 K Ta¡ : bit.ly/7Wi2nE NOmQ,1,real,real_label_1,data/ground_truth/dataset_label_1_with_categories.csv,178,,,,,,,,,,,,,,,
phase1_03083,"441928 la ma xac minh Shopee cua ban. KHONG chia se ma nay voi nguoi khac, ke ca nhan vien Shopee.",0,synthetic,synthetic_label_0,data/synthetic/synthetic_label_0.csv,515,,,,,,,,,,,,,,,
phase1_02345,"LENH TRUY NA: Can cu tai lieu thu thap duoc, ngay 09/03/2022 Co quan canh sat dieu tra Cong An chi thuc TRUY NA ONG/BA va DONG PHAM ve hanh vi LUA DAO, CAU KET, CHIEM DOAT TAI SAN. NOI TRONG 48H TOI Doi Tuong khong tu giac trinh dien se tien hanh Chuyen giao Khoan Vay cho C0NG TY DOI N0 THUE",1,real,real_label_1,data/ground_truth/dataset_label_1_with_categories.csv,23,,,,,,,,,,,,,,,
phase1_04687,"Lazada: 374921 la ma xac minh dang nhap cua ban. Vi ly do bao mat, KHONG chia se ma nay voi nguoi khac.",0,synthetic,synthetic_label_0,data/synthetic/synthetic_label_0.csv,2120,,,,,,,,,,,,,,,
phase1_08299,Tro-cap_NQ-116: Ban^da~du*D!EU_K!EN nh4n-T1EN tu BHXH VN. Nhan tai: mo.zaqxs.com. QUA*HAN_SE_KH0NG~DUOC-CHAP-NHAN! hN5m,1,synthetic,synthetic_label_1,data/synthetic/synthetic_label_1.csv,2735,,,,,,,,,,,,,,,
phase1_04729,ShopeePay: Nhap ma SPPMAY giam ngay 20.000 dong cho don hang Shopee tu 100.000 dong khi thanh toan qua Vi ShopeePay. Han dung 31/05/2025. Truy cap shopee.vn.,0,synthetic,synthetic_label_0,data/synthetic/synthetic_label_0.csv,2162,,,,,,,,,,,,,,,
phase1_02402,"Ban chua nhan du0c tr0 cap COVID-19, vui long nhan>> tinyurl.com/kxytdc8z de lay, qua han se khong duoc chap nhan!",1,real,real_label_1,data/ground_truth/dataset_label_1_with_categories.csv,80,,,,,,,,,,,,,,,
phase1_02349,Ong/(Ba) da du d!eu'k!en NHAN'TIEN ho tro tu quy-BHTN. Bam'vao www.opaxa.icu de_'lay. QUA-HAN' SE KH0ng DUOC CHAP_NAHN! JKqc,1,real,real_label_1,data/ground_truth/dataset_label_1_with_categories.csv,27,,,,,,,,,,,,,,,
phase1_01201,"Tai khoan cua Quy khach da duoc nap 10,000d tu 373090 vao 31/08/2025 20:19:32. Ma giao dich 2362130789. Chi tiet lien he CSKH 18001091 (0d). Tran trong cam on!",0,real,real_label_0,data/ground_truth/dataset_label_0_with_categories.csv,1203,,,,,,,,,,,,,,,
phase1_07875,SHB Digibank: Phát hiện giao dịch bất thường 50tr. Nếu không phải bạn hãy hủy tại shbdigibank.vn-99.top,1,synthetic,synthetic_label_1,data/synthetic/synthetic_label_1.csv,2311,,,,,,,,,,,,,,,
phase1_02395,https://www.google.com/search?q=cash288699.com .l.i. x.i. .108. - 188...k. C.T.R.L.,1,real,real_label_1,data/ground_truth/dataset_label_1_with_categories.csv,73,,,,,,,,,,,,,,,
phase1_02526,"Còn 28 lượt đăng ký cuối cùng! Xin chào, có phải bạn đang muốn tìm công việc không? Với mức lương là 6tr-36tr mỗi tháng với công việc hoàn toàn hợp pháp và đảm bảo thu nhập Mỗi ngày bạn nhận thấp nhất 800k, kiếm tiền tại nhà đơn giản Nếu như bạn có nhu cầu vui lòng liên hệ zalo ID :84904595364 Dưới 23 tuổi vui lòng không liên hệ tham gia Sao chép liên kết vào trình duyệt :https://zalo.me/84904595364 Dịch vụ 1 với 1",1,real,real_label_1,data/ground_truth/dataset_label_1_with_categories.csv,205,,,,,,,,,,,,,,,
phase1_06780,"Chào bạn, mình là Nam. Công việc đặt đơn hàng Shopee nhận hoa hồng 15%. Không cần vốn, rảnh làm luôn nhé.",1,synthetic,synthetic_label_1,data/synthetic/synthetic_label_1.csv,1216,,,,,,,,,,,,,,,
phase1_06161,"H;N:Z,a;l,o-ä;n;h:C;0,D;u:D;i,e;u:K;i,e;n:N;h,a;n:v;e:V;I,P-zalo.me/g/hn_vip_H1k",1,synthetic,synthetic_label_1,data/synthetic/synthetic_label_1.csv,597,,,,,,,,,,,,,,,
phase1_04099,Lazada: Ma OTP xac thuc tai khoan Lazada cua ban la 928374. Vui long nhap ma de tiep tuc giao dich.,0,synthetic,synthetic_label_0,data/synthetic/synthetic_label_0.csv,1532,,,,,,,,,,,,,,,
phase1_09001,Tro~cap*NQ-116: B4N_da-du_D!EU*K!EN nh4n_T1EN tu quy BHTN. Nhan tai: mo.zxcva.com. QUA-HAN SE KH0NG_DUOC CHAP_NHAN! pL8k,1,synthetic,synthetic_label_1,data/synthetic/synthetic_label_1.csv,3438,,,,,,,,,,,,,,,
phase1_00420,"Quy khach duoc cong them 79 diem Viettel++ boi giao dich Tieu dung vien thong thang 12/2023. Thoi han su dung diem den 31/01/2025. Hay truy cap https://myvt.page.link/vtplus tren My Viettel hoac *098# de doi diem sang Data, SMS, Phut goi cung nhieu uu dai gia tri khac. Chi tiet LH 198. Tran trong.",0,real,real_label_0,data/ground_truth/dataset_label_0_with_categories.csv,419,,,,,,,,,,,,,,,
phase1_09707,H0~tro_COVID-19: B4N_da~du*d!eu_k!en-NHAN_T1EN-h0-tro. Bam_vao_www.lkjhg.icu_de_lay. QUA-HAN_SE-KHONG^DUOC_CHAP_NHAN! mN8b,1,synthetic,synthetic_label_1,data/synthetic/synthetic_label_1.csv,4144,,,,,,,,,,,,,,,
phase1_00419,Ban co voucher 30% mua data tren Viettel Money lan dau tien trong thang. Truy cap https://km.vtmoney.vn/314y/muadata de su dung truoc ngay 31/01/2024,0,real,real_label_0,data/ground_truth/dataset_label_0_with_categories.csv,418,,,,,,,,,,,,,,,
phase1_02503,"Kiem 6OOk-3OOOk chi cän 20 phut möi ngay. Chung töi cö nhung G.V chuyen nghiep huong dän ban. Neu muon kiem tien, Them vao Telegram: t.me/huyenbkv DEgI",1,real,real_label_1,data/ground_truth/dataset_label_1_with_categories.csv,181,,,,,,,,,,,,,,,
phase1_00512,"TK ViettelPay 9704...1278 GD +2,000 VND luc 2023-09-06 14:41:13 So du 5,372 VND Phi: -0 VND ND: 230906162565735 VIETTELMONEY TRATHUONG MACQ 230906162565735 84867256447",0,real,real_label_0,data/ground_truth/dataset_label_0_with_categories.csv,511,,,,,,,,,,,,,,,
phase1_03194,Bach hoa xanh: Chuc mung sinh nhat! Quy khach duoc tang ma giam gia BHXBD giam 10% (toi da 50.000D) khi mua hang online tai bachhoaxanh.com. Han dung 15/11/2025. Tu choi QC: TC gui 8888.,0,synthetic,synthetic_label_0,data/synthetic/synthetic_label_0.csv,626,,,,,,,,,,,,,,,
phase1_09321,T1kT0k tuy3n nv xu ly z0n hang. Nh4n t13n s4u 15 fuj. Thu nhap 350-999k/ngay. Tu01 23-65. Lien he: zalo.me/84977889900 Z4l0: 84977889900,1,synthetic,synthetic_label_1,data/synthetic/synthetic_label_1.csv,3758,,,,,,,,,,,,,,,
phase1_09900,"8DAY_tang-ban-299k_tai-app! x3_nap-dau, rut-ngay. TLMN, X*oc-D*ia. Link: d7z2w.tech/pL1m",1,synthetic,synthetic_label_1,data/synthetic/synthetic_label_1.csv,4337,,,,,,,,,,,,,,,
phase1_02234,Ma OTP xac thuc giao dich la 308519. The 452404....4676 thanh toan so tien 255825 ngay 20250301152807 tai don vi STEAMGAMES.COM 4259522985. TUYET DOI KHONG CUNG CAP OTP CHO BAT KY AI,0,real,real_label_0,data/ground_truth/dataset_label_0_with_categories.csv,2239,,,,,,,,,,,,,,,
phase1_05565,[VTP] Ma van don VTP2781345123: Giao khong thanh cong lan 1. Vui long lien he giao vien 0987654321 de dat lai lich giao.,0,synthetic,synthetic_label_0,data/synthetic/synthetic_label_0.csv,2998,,,,,,,,,,,,,,,
phase1_04131,"0903445112: Chao Nguyen Thuy Linh, lich kham thai chieu nay cua ban tai Au Co doi sang 16h30 nhe. Bac si co ca cap cuu.",0,synthetic,synthetic_label_0,data/synthetic/synthetic_label_0.csv,1564,,,,,,,,,,,,,,,
phase1_02378,"V7 top 3 nha cai VN, tuyen dai ly voi muc hoa hong len den 50% , tra hoa hong nhieu hinh thuc , lien he zalo Van: 0935123456 Link: https://v7bet.vip",1,real,real_label_1,data/ground_truth/dataset_label_1_with_categories.csv,56,,,,,,,,,,,,,,,
phase1_02382,VCB Digibank tran trong thong bao.tai khoan cua quy khach hien tai da bi khoa.Dang nhap www.vcbtiebink.com de xac thuc ngay hom nay,1,real,real_label_1,data/ground_truth/dataset_label_1_with_categories.csv,60,,,,,,,,,,,,,,,
phase1_06123,"Lazada tuyển nhân viên xử lý đơn và đánh giá sản phẩm. Làm tại nhà, thu nhập 800.000đ/ngày. Tuổi 22-65. Đăng ký: zalo.me/84701234567",1,synthetic,synthetic_label_1,data/synthetic/synthetic_label_1.csv,559,,,,,,,,,,,,,,,
phase1_01858,"(TB) VinaPhone vui mừng tặng Bạn NGÀY VÀNG, ưu đãi 20% khi nạp thẻ vào HÔM NAY 05/8/2022. Khuyến mại sử dụng gọi/nhắn tin trong 15 ngày. CSKH 18001091 (0đ).",0,real,real_label_0,data/ground_truth/dataset_label_0_with_categories.csv,1862,,,,,,,,,,,,,,,
phase1_02502,"Chi cän 2O phut möi ngäy giäo vien chuyen nghiep cö the huong dän ban kiem 500k-3000k, Them Telegram: t.me/Nguyenthingocthuy00",1,real,real_label_1,data/ground_truth/dataset_label_1_with_categories.csv,180,,,,,,,,,,,,,,,
phase1_05129,Ma xac minh Google cua ban la 284102. Khong chia se ma nay.,0,synthetic,synthetic_label_0,data/synthetic/synthetic_label_0.csv,2562,,,,,,,,,,,,,,,
phase1_04647,"[QC] DUY NHẤT HÔM NAY! MobiFone tặng 20% giá trị thẻ nạp vào tài khoản KM3 khi nạp tiền qua ứng dụng My MobiFone. Nạp ngay tại https://mobifone.vn. Tu choi QC, soan TC gui 9241.",0,synthetic,synthetic_label_0,data/synthetic/synthetic_label_0.csv,2080,,,,,,,,,,,,,,,
phase1_02537,e G4ii mmu0N m4ng l4i ck0 ah su fucc Vu t0t nk4t t3le: tvhhanhthu,1,real,real_label_1,data/ground_truth/dataset_label_1_with_categories.csv,216,,,,,,,,,,,,,,,
phase1_03583,Wintel thong bao: Dang ky thanh cong goi cuoc WIN89. Quy khach co data khong gioi han va 50 phut goi ngoai mang. Tai khoan Wintel Club cua Quy khach hien co 890 diem. Tran trong.,0,synthetic,synthetic_label_0,data/synthetic/synthetic_label_0.csv,1015,,,,,,,,,,,,,,,
phase1_00132,"(QC) MKTAMDUC gui tang khach hang Uu Dai Sinh Nhat trong thang 2 ma ""SN02"" giam gia -49% 01 san pham Gong, Kinh mat.  CT: https://mktd.vn/sinhnhat .HSD 28/02. De tu choi QC, Soan TC MKTAMDUC gui 1313",0,real,real_label_0,data/ground_truth/dataset_label_0_with_categories.csv,131,,,,,,,,,,,,,,,
phase1_02357,"Vietcombank lưu ý: Bạn có 18699 điểm thưởng sẽ hết hạn sau 24 giờ, vui lòng truy cập: https://vietcombankd.cfd/vn để đổi quà.",1,real,real_label_1,data/ground_truth/dataset_label_1_with_categories.csv,35,,,,,,,,,,,,,,,
phase1_00103,"[TB] MUA GÓI DATA - LÊN MẠNG THẢ GA Soạn VM80 gửi 191: 80.000đ/30 ngày có 30GB tốc độ cao (1GB/ngày), thoải mái truy cập Internet. Gói cước gia hạn sau 30 ngày. Chi tiết LH 198 (0đ).",0,real,real_label_0,data/ground_truth/dataset_label_0_with_categories.csv,102,,,,,,,,,,,,,,,
phase1_04767,"Chao ban Le Thi Hoa, dung quen uong thuoc sau bua an sang theo don cua bac si BV Cho Ray nhe. Chuc ban mau khoe!",0,synthetic,synthetic_label_0,data/synthetic/synthetic_label_0.csv,2200,,,,,,,,,,,,,,,
phase1_08140,"TB KHAN: Phong AN NINH DIEU TRA thong bao den O/B ve viec khoi to vu an lam dung tin nhiem. Neu khong thanh toan khoan no trong 24H toi, lenh bat tam giam se duoc thi hanh tai noi o va noi lam viec.",1,synthetic,synthetic_label_1,data/synthetic/synthetic_label_1.csv,2576,,,,,,,,,,,,,,,
phase1_04740,WinMart: Diem tich luy cua Quy khach hien co la 10.500 diem. Hay dung diem de tru truc tiep vao hoa don mua sam truoc ngay 31/12/2025. Hotline: 19006968.,0,synthetic,synthetic_label_0,data/synthetic/synthetic_label_0.csv,2173,,,,,,,,,,,,,,,
phase1_00572,"Quy khach duoc cong them 127 diem Viettel++ boi giao dich Tieu dung vien thong thang 04/2023. Thoi han su dung diem den 31/05/2024. Hay truy cap https://myvt.page.link/vtplus tren My Viettel hoac *098# de doi diem sang Data, SMS, Phut goi cung nhieu uu dai gia tri khac. Chi tiet LH 198. Tran trong.",0,real,real_label_0,data/ground_truth/dataset_label_0_with_categories.csv,571,,,,,,,,,,,,,,,
phase1_05021,"Sendo: Don hang SD4433221100 da giao thanh cong. Neu co van de can ho tro, vui long lien he Trung tam tro giup cua Sendo.",0,synthetic,synthetic_label_0,data/synthetic/synthetic_label_0.csv,2454,,,,,,,,,,,,,,,
phase1_02334,"Bộ giao thông vận tải,xin thông báo ông/bà có biên lai chưa nộp phạt.Hôm nay là thông báo cuối cùng.Yêu cầu nhanh chóng giải quyết mọi thắc mắc Vui lòng liên hệ : 0782320830",1,real,real_label_1,data/ground_truth/dataset_label_1_with_categories.csv,12,,,,,,,,,,,,,,,
phase1_02336,"HUIT-Chucmung Ban da TRUNG TUYEN CHINH THUC! Moi ban den HUIT nhap hoc tu ngay 18/8 den 17h00 ngay 27/8/2024. Dong thoi HUIT tang ngay uu dai 3 trieu dong danh cho 2.000 thi sinh nhap hoc som nhat. Tra cuu ket qua tai: huit.edu.vn/kqtt. Lien hẹ: 02871085555, 0949981717, Zalo:",1,real,real_label_1,data/ground_truth/dataset_label_1_with_categories.csv,14,,,,,,,,,,,,,,,
phase1_05646,Quyet_dinh_BHXH: Ong^Ba_da_du_d!eu_k!en_nhan_t1en_BHTN. Bam_vao_www.olpkh.icu. QUA_HAN_SE_KH0NG_DUOC_CHAP_NHAN! fG5h,1,synthetic,synthetic_label_1,data/synthetic/synthetic_label_1.csv,79,,,,,,,,,,,,,,,
phase1_02070,"Tai khoan cua QK da duoc nap 20,000d tu My VNPT vao 21/09/2025 19:00:19. Ma giao dich 2376272006. Chi tiet lien he CSKH 18001091 (0d) hoac truy cap https://my.vnpt.com.vn/app",0,real,real_label_0,data/ground_truth/dataset_label_0_with_categories.csv,2074,,,,,,,,,,,,,,,
phase1_06238,CẢNH BÁO LẦN CUỐI!!! Ông Nguyễn Quốc Anh Căn cước công dân 024091223456 nợ 14.352.700 VNĐ. Trước 16H Ngày 15/06 không thanh toán Mcredit sẽ gửi hồ sơ sang PC02 và Công Khai HÌNH ẢNH lên mạng. Liên hệ: 0905123456.,1,synthetic,synthetic_label_1,data/synthetic/synthetic_label_1.csv,674,,,,,,,,,,,,,,,
phase1_05520,[VCB] TK 123456****7890 +10.000.000VND luc 15:50. So du: 200.000.000VND.,0,synthetic,synthetic_label_0,data/synthetic/synthetic_label_0.csv,2953,,,,,,,,,,,,,,,
phase1_06788,S_i_e_u_m_a_u_HCM_h*n_h0_@nh_0i. L!nk_v!d3o_v@_b@ng_g!@_Zalo: zalo.me/g/sg-girl-hot dW2y,1,synthetic,synthetic_label_1,data/synthetic/synthetic_label_1.csv,1224,,,,,,,,,,,,,,,
phase1_02045,Soan ngay YC gui 5258 de xac nhan dang ky WHOCALL - CHAN SPAM CALL/SMS. NHAN NGAY  DATA 3G/4G khong GIOI HAN  + 360 PHUT goi/ngay. Mien phi dung thu lan dau. Phi dv sau KM: 3.000d/ngay. De soan tin nhan ngay bam: https://tinyurl.com/2dbd5xtu. Chi tiet LH 0922789789 (0d),0,real,real_label_0,data/ground_truth/dataset_label_0_with_categories.csv,2049,,,,,,,,,,,,,,,
phase1_05138,Ma OTP de xac thuc tai khoan Grab la 102938.,0,synthetic,synthetic_label_0,data/synthetic/synthetic_label_0.csv,2571,,,,,,,,,,,,,,,
phase1_05355,[VTP] Ma van don VTP112233445 da giao thanh cong luc 16:45. Cam on ban da su dung dich vu Viettel Post.,0,synthetic,synthetic_label_0,data/synthetic/synthetic_label_0.csv,2788,,,,,,,,,,,,,,,
phase1_00109,"[TB] CHỈ 5K, CÓ DATA SIÊU TỐC! Soạn ST5K gửi 191: Chỉ 5.000đ/ngày có ngay 500MB tốc độ cao sử dụng đến 24h. Gói cước gia hạn hàng ngày. ĐẶC BIỆT: TẶNG THÊM 500MB khi mua lần thứ 2 trong ngày. LH 198 (0đ).",0,real,real_label_0,data/ground_truth/dataset_label_0_with_categories.csv,108,,,,,,,,,,,,,,,
phase1_02552,"Chi con 5 phut, Hoi thao Hoi&Dap Tuyen sinh 2022 - Dai hoc FPT se bat dau. Moi Quy PH-HS tham du bang duong link: https://us02web.zoom.us/j/84853187652 hoac Zoom ID: 848 5318 7652. Mat khau vao phong: FPT. Hotline (028) 7300 5588.",1,real,real_label_1,data/ground_truth/dataset_label_1_with_categories.csv,231,,,,,,,,,,,,,,,
phase1_03391,BV Bach Mai nhac ban: Benh nhan Le Van Tam co lich tai kham tai Khoa Tieu hoa luc 09:00 ngay 28/10. Vui long nhịn an sang de lam xet nghiem mau.,0,synthetic,synthetic_label_0,data/synthetic/synthetic_label_0.csv,823,,,,,,,,,,,,,,,
phase1_00178,"[QC] TANG NGAY 1 thang cuoc dich vu INTERNET VIETTEL khi dang ky moi va dong truoc cuoc 12 thang. Cuoc TB chi tu 210.000d/thang. Phi hoa mang 300.000d, mien phi modem wifi, thu tuc don gian va nhanh chong. Chi tiet LH 18008168 (0d) hoac truy cap https://viettel.vn/s/STAR1T. Tu choi QC, soan TC3 gui 199.",0,real,real_label_0,data/ground_truth/dataset_label_0_with_categories.csv,177,,,,,,,,,,,,,,,
phase1_04776,He thong eHospital: Ma OTP cua quy khach la 882103. Vui long nhap ma de hoan tat dang ky kham benh tai BV Cho Ray.,0,synthetic,synthetic_label_0,data/synthetic/synthetic_label_0.csv,2209,,,,,,,,,,,,,,,
phase1_06032,Amazon cần tuyển nhân viên xử lý đơn hàng. Thu nhập 500.000 ~ 3.000.000 đồng/ngày. Tuổi 22-60. Thao tác đơn giản. Zalo: zalo.me/84989012345 Zalo: 84989012345,1,synthetic,synthetic_label_1,data/synthetic/synthetic_label_1.csv,468,,,,,,,,,,,,,,,
phase1_08809,789B3t-t4i_4pp-nh4n-199k. x3_n4p-d4u. TLMN-X.oc-D.ia. L!nk: 789s.tech,1,synthetic,synthetic_label_1,data/synthetic/synthetic_label_1.csv,3245,,,,,,,,,,,,,,,
phase1_01084,Năm mơi chi chuc vc thuy cung cac con manh khoe .vui ve .hanh phuc .trong moi công viêc găp nhiêu may măn .va thuân lơi .chi chuc thuy môi 1năm thêm 1tuôi tre chung .xinh dep .luôn nơ nu cươi trên môi nhe .hi,0,real,real_label_0,data/ground_truth/dataset_label_0_with_categories.csv,1085,,,,,,,,,,,,,,,
phase1_10437,QUY_BHTN: BAN-da-du^D!EU*K!EN_nh4n-T1EN-tu_quy-BHXH. Bam_v4o_www.uhjki.icu de_lay. QUA-HAN~SE_KH0NG*DUOC-CHAP_NHAN! hJ8k,1,synthetic,synthetic_label_1,data/synthetic/synthetic_label_1.csv,4874,,,,,,,,,,,,,,,
phase1_08591,BHXH Viet Nam: Ong (Ba) da du dieu kien nhan tien theo Quyet dinh BHXH. Bam vao www.btrew.icu. QUA HAN SE KHONG DUOC CHAP NHAN. uY6t,1,synthetic,synthetic_label_1,data/synthetic/synthetic_label_1.csv,3027,,,,,,,,,,,,,,,
phase1_03003,[TB] Thue bao cua Quy khach duoc tang 1.000 diem vao tai khoan Ket noi dai lau cua Mobifone nhan dip sinh nhat. Diem co the doi thanh cuoc thue bao thang. LH 9090.,0,synthetic,synthetic_label_0,data/synthetic/synthetic_label_0.csv,435,,,,,,,,,,,,,,,
phase1_10099,Bo LD-TB-XH: Ban~da-du D!EU*K!EN nh4n_T1EN h0~tro NQ-116. Bam vao mo.nhuio.com. QUA^HAN SE_KH0NG DUOC_CHAP NHAN! mK3l,1,synthetic,synthetic_label_1,data/synthetic/synthetic_label_1.csv,4536,,,,,,,,,,,,,,,
phase1_01621,"(QC) QK duoc tang 1GB voi gia 0d tu goi cuoc BIG70. Soan DK gui 9923 de nhan ngay 500MB/ngay va 1GB MIEN PHI. Gia cuoc khong doi: 70.000d/30 ngay). Loi moi co hieu luc trong 03 ngay. Tu choi QC, soan TC gui 9923. CSKH 18001091.",0,real,real_label_0,data/ground_truth/dataset_label_0_with_categories.csv,1625,,,,,,,,,,,,,,,
phase1_01555,"(CSKH) VinaPhone tran trong cam on Quy khach da tin tuong, dong hanh trong 7 nam qua! VinaPhone kinh tang Quy khach 2000 diem de trai nghiem uu dai hap dan (qua tang, goi cuoc …) tai website/ung dung VinaPhone Plus https://vinaphoneplus.com.vn/app.html . CSKH 18001091 (0d).",0,real,real_label_0,data/ground_truth/dataset_label_0_with_categories.csv,1558,,,,,,,,,,,,,,,
phase1_01456,(TB) NẠP THẺ NGAY THÔI - NGÀY VÀNG TỚI RỒI! VinaPhone tặng Quý khách 20% giá trị thẻ nạp vào NGÀY MAI 14/06/2024. Khuyến mại được sử dụng gọi/nhắn tin trong 15 ngày.  + Cơ hội trúng TV Samsung 75 inch và hàng ngàn giải thưởng hấp dẫn khác khi nạp thẻ từ 50.000đ (chi tiết tại my.vnpt.com.vn/adv/KM2024 ). + Thêm ưu đãi hời khi nạp thẻ tại https://my.vnpt.com.vn/adv/napthe .  CSKH: 18001091 (0đ).,0,real,real_label_0,data/ground_truth/dataset_label_0_with_categories.csv,1458,,,,,,,,,,,,,,,
phase1_01329,"(TB) CHỦ NHẬT VUI VẺ - NẠP THẺ NHẬN QUÀ KHỦNG! Duy nhất trong ngày HÔM NAY 09/02/2025, Quý khách nhận ngay 50% khi nạp điện thoại trực tiếp qua ứng dụng My VNPT tại https://my.vnpt.com.vn/adv/napdt . Khuyến mại được sử dụng gọi/nhắn tin trong 15 ngày. Cơ hội trúng iPhone 16 Pro Max và hàng ngàn giải thưởng tổng trị giá hơn 5,5 TỶ đồng khi nạp từ 20.000đ. CSKH:18001091 (0đ).",0,real,real_label_0,data/ground_truth/dataset_label_0_with_categories.csv,1331,,,,,,,,,,,,,,,
phase1_03844,"Wintel: Ban da dang ky thanh cong goi WIN89. Uu dai mien phi data khong gioi han, 50 phut goi ngoai mang, mien phi goi Wintel & Vinaphone. Han dung den 15/07/2024.",0,synthetic,synthetic_label_0,data/synthetic/synthetic_label_0.csv,1276,,,,,,,,,,,,,,,
phase1_06386,"TB KHAN: Phòng AN NINH DIEU TRA thông báo O/B có liên quan đến hành vi chiếm đoạt tài sản. Yêu cầu trình diện trước 17g hôm nay để làm rõ trách nhiệm hình sự, nếu không sẽ tiến hành cưỡng chế điều tra toàn bộ thông tin. LH: 84903847562",1,synthetic,synthetic_label_1,data/synthetic/synthetic_label_1.csv,822,,,,,,,,,,,,,,,
phase1_02531,"Sau nhiều lần nhắc nhở, người thân Ông/Bà là NÔNG HOÀNG MẪN vẫn không ra tt khoản nợ ngân hàng 100 tr. Ngân hàng vẫn không thấy thiện chí của NÔNG HOÀNG MẪN. Nhờ Ông Bà: NÔNG HOÀNG KHANG, ns:24/11/1996.nhắc nhở gấp NÔNG HOÀNG MẪN liên hệ thanh toán nợ. Sau 14h hôm nay bên Tôi sẽ chuyển HD qua xử lý tại nhà, liên hệ người thân - gia đình - tham chiếu để thanh lý khoản vay. Đồng thời mời lên UBND để gặp chuyên viên xử lý nợ. HD đã ghi nhận nợ xấu, Nếu gia đình không hỗ trợ, nhắc nhở để đến lúc nợ tiền tỷ có hỗ trợ cũng không kịp. LH: 0393189602.",1,real,real_label_1,data/ground_truth/dataset_label_1_with_categories.csv,210,,,,,,,,,,,,,,,
phase1_02453,"Xin chào, tôi là trưởng phòng nhân sự của Công ty HVS. Hiện tại Công ty đang tuyển dụng nhân viên bán thời gian. Tiền lương được trả hàng ngày. Bạn có thể làm việc tại nhà và thu nhập từ 15 triệu đến 30 triệu một tháng, bình quân 500k-1 triệu/ngày. Công việc đơn giản và có thể thực hiện mọi lúc mọi nơi. Để ứng tuyển, vui lòng liên hệ với chúng tôi qua Yêu cầu độ tuổi: 22 - 65 tuổi. Zalo: zalo.me/84925605508. Liên hệ/Zalo: 84925605508",1,real,real_label_1,data/ground_truth/dataset_label_1_with_categories.csv,131,,,,,,,,,,,,,,,
phase1_00859,"Quy KH vui long nhap ma 601343 de xac nhan giao dich trong vong 3 phut. Truong hop khong thuc hien, vui long bo qua thong bao nay. LH 1900545454.",0,real,real_label_0,data/ground_truth/dataset_label_0_with_categories.csv,859,,,,,,,,,,,,,,,
phase1_07583,"CẢNH BÁO LẦN CUỐI!!! Ông Phan Anh Đức CMND: 034094561234 nợ HD SAISON 11,221,400VND. Yêu cầu thanh toán trước 16H Ngày 28/12. Nếu không sẽ tiến hành thu hồi tài sản. LH: 0944112233.",1,synthetic,synthetic_label_1,data/synthetic/synthetic_label_1.csv,2019,,,,,,,,,,,,,,,
phase1_02511,Dang ky + 558k .( Nap 50k nhan 108k ) 1 vong cuoc la rut MAXX 8.888k. hoan tra tuc thi 3% No Hu . Ban Ca. BCR... DK : t.ly/qo3No ZAELu,1,real,real_label_1,data/ground_truth/dataset_label_1_with_categories.csv,189,,,,,,,,,,,,,,,
phase1_07624,"V7Bet_nh4n-128k_kh!_t4!_4pp_rut-ng4y. Ch0!: TLMN, X.oc-D.ia. L!nk: v7v7.cc/iO88u",1,synthetic,synthetic_label_1,data/synthetic/synthetic_label_1.csv,2060,,,,,,,,,,,,,,,
phase1_04978,[VCB] Điểm thưởng VCB Rewards sẽ hết hạn vào 31/12. Quý khách hãy đổi điểm lấy phí duy trì dịch vụ trên app VCB Digibank.,0,synthetic,synthetic_label_0,data/synthetic/synthetic_label_0.csv,2411,,,,,,,,,,,,,,,
phase1_02523,Chung toi phat hien tai khoan cua ban dang tieu dung o nuoc ngoai. Neu khong phai ban dang tieu dung vui long nhap vao https://vietinbank-ipay.com de huy thanh toan,1,real,real_label_1,data/ground_truth/dataset_label_1_with_categories.csv,202,,,,,,,,,,,,,,,
phase1_01106,THPT N C Tru: LICH NGHI TET DUONG LICH 2021: HS duoc nghi hoc den het ngay 03/01. Cac em quay lai truong theo TKB vao ngay 04/01. Tran trong thong bao,0,real,real_label_0,data/ground_truth/dataset_label_0_with_categories.csv,1107,,,,,,,,,,,,,,,
phase1_04558,Shopee: Đơn hàng #240521ABCXYZ đã giao thành công. Bạn có hài lòng không? Đánh giá ngay tại: https://shopee.vn/review,0,synthetic,synthetic_label_0,data/synthetic/synthetic_label_0.csv,1991,,,,,,,,,,,,,,,
phase1_02539,Ban co quen thanh toan cho don hang nay khong? Sieu Sale 9.9 se ket thuc trong 24h nua. Kiem tra ngay https://qyy.nu/HZCpUS91,1,real,real_label_1,data/ground_truth/dataset_label_1_with_categories.csv,218,,,,,,,,,,,,,,,
phase1_03488,McDonald's: Moi ban tai app nhan ngay ma giam 30k cho combo ga ran. Ap dung cho tai khoan moi den het ngay 30/06/2026. mcdonalds.vn,0,synthetic,synthetic_label_0,data/synthetic/synthetic_label_0.csv,920,,,,,,,,,,,,,,,
phase1_01003,"[TB] Tặng 20% giá trị tất cả thẻ nạp trong ngày 21/10. Tiền KM sử dụng nội mạng, không giới hạn thời gian. NHẬN THÊM CHIẾT KHẤU lên đến 10% khi nạp thẻ qua VIETTELPAY tại http://viettelpay.vn/1/kmnapthe20/ . CT dành riêng cho TB của Quý khách. LH 198 (0đ).",0,real,real_label_0,data/ground_truth/dataset_label_0_with_categories.csv,1004,,,,,,,,,,,,,,,
phase1_10348,Cty HVS tuyen nv ban thoi g14n. Thu nh4p 500k-1tr/ngay. Lam t41 nha. Tuoi 22-65. Khong yeu cau kinh nghiem. Zalo: zalo.me/84982341098 Zalo: 84982341098,1,synthetic,synthetic_label_1,data/synthetic/synthetic_label_1.csv,4785,,,,,,,,,,,,,,,
phase1_06638,J!L!^t4i-@pp*nh4n-150k#x3 n4p d4u!N.ohu_B.an.Ca. L!nk: k82ls.cc/wE12,1,synthetic,synthetic_label_1,data/synthetic/synthetic_label_1.csv,1074,,,,,,,,,,,,,,,
phase1_02444,"LD (SCB) (Tai khoan cua ban da dang ky chuong trinh quang cao tren TikTok, moi thang thu phi 4,600,000 VND. Vui long vao https://scb.com.vn-ar.life de kiem tra hoac de huy)",1,real,real_label_1,data/ground_truth/dataset_label_1_with_categories.csv,122,,,,,,,,,,,,,,,
phase1_03063,Homestay Da Lat: Cam on ban da dat phong vao ngay 15/4. Check-in sau 14h nhe.,0,synthetic,synthetic_label_0,data/synthetic/synthetic_label_0.csv,495,,,,,,,,,,,,,,,
phase1_01882,"VNeID: Ma OTP 574250 co hieu luc trong 3 phut, su dung de xac thuc cho yeu cau dang nhap thiet bi moi. Vi ly do bao mat, tuyet doi khong duoc cung cap ma OTP nay cho bat ky ai. Tran trong!",0,real,real_label_0,data/ground_truth/dataset_label_0_with_categories.csv,1886,,,,,,,,,,,,,,,
phase1_07234,"8D4Y: B4cc4r4t truc t13p, th3 th4o, x0 s0, rut t13n 3 fhut. Link: 8dayy.com",1,synthetic,synthetic_label_1,data/synthetic/synthetic_label_1.csv,1670,,,,,,,,,,,,,,,
phase1_03790,WinMart: Diem thuong cua ban se het han vao 31/12/2025. Dung diem de tru tien hoa don tai winmart.com.vn. Hotline 18006968.,0,synthetic,synthetic_label_0,data/synthetic/synthetic_label_0.csv,1222,,,,,,,,,,,,,,,
phase1_10197,Kw!n668_t4i-4pp-nh4n-68k-mien-fhi. x3_n4p-d4u. Link: k66.cc/qR2wS,1,synthetic,synthetic_label_1,data/synthetic/synthetic_label_1.csv,4634,,,,,,,,,,,,,,,
phase1_09070,D!ch_vu_vjp_cho_anh_em_cod_toan_quoc_ĐN – Telegram: t.me/dn_vjp_service aSd1,1,synthetic,synthetic_label_1,data/synthetic/synthetic_label_1.csv,3507,,,,,,,,,,,,,,,
phase1_03215,Co.opmart: Chuc mung Quy khach duoc nang hang thanh vien Vang! Tang ngay 01 phieu mua hang 200.000D mung sinh nhat. Han dung 31/12/2025. Website: coopmart.com.vn. Tu choi QC: TC gui 8099.,0,synthetic,synthetic_label_0,data/synthetic/synthetic_label_0.csv,647,,,,,,,,,,,,,,,
phase1_02548,"[Thông báo] Hội thảo trực tuyến ""Không trúng tuyển nguyện vọng yêu thích? Biến nguy thành cơ"" với sự tham gia của các khách mời, chuyên gia tâm lý đến từ nhiều trường đại học đang diễn ra. Để không bỏ lỡ cơ hội được tham dự, lắng nghe và đặt câu hỏi trực tiếp cho các chuyên gia, mời quý phụ huynh & thí sinh truy cập liên kết: https://us02web.zoom.us/j/81558445815. Hotline: (028) 7300 5588",1,real,real_label_1,data/ground_truth/dataset_label_1_with_categories.csv,227,,,,,,,,,,,,,,,
phase1_05319,"TPBank: TK ****9928 +200,000VND luc 21:50. So du: 1,450,000VND. ND: Chuyen khoan qua so dien thoai.",0,synthetic,synthetic_label_0,data/synthetic/synthetic_label_0.csv,2752,,,,,,,,,,,,,,,
phase1_10086,Bo LD-TB-XH: Ong (Ba) da du dieu kien nhan t1en ho tro tu Quy BHTN. Bam vao www.mnbvq.icu. QUA HAN SE KHONG DUOC CHAP NHAN! rE9w,1,synthetic,synthetic_label_1,data/synthetic/synthetic_label_1.csv,4523,,,,,,,,,,,,,,,
phase1_06512,D4t-don_h4ng-sh0p33_nhan_h0a-h0ng! 500k*ngay. Kh0ng_can_v0n~Lien-he_ngay_chuyen_v1en: t.me/shopee_nhiemvu,1,synthetic,synthetic_label_1,data/synthetic/synthetic_label_1.csv,948,,,,,,,,,,,,,,,
phase1_07798,V7Bet-N@p_50k_nh@n_108k. 1_vong_cuoc_rut_MAXX_8.888k. No_Hu#Ban_Ca. DK: t.ly/fD4s2 ^mK0j,1,synthetic,synthetic_label_1,data/synthetic/synthetic_label_1.csv,2234,,,,,,,,,,,,,,,
phase1_02528,"Xin chào, tôi là trưởng phòng nhân sự của Cty HVS hiện tại Cty đang tuyển dụng nhân viên bán thời gian. Tiền lương được trả hằng ngày. Bạn có thể làm việc tại nhà và thu nhập từ 15tr đến 30tr một tháng bình quân 500k-1tr/ngày. Công việc đơn giản và có thể thực hiện mọi lúc mọi nơi. Để ứng tuyển, vui lòng liên hệ với chúng tôi qua. Yêu cầu độ tuổi: 22-65 tuổi zalo:zalo.me/849244316850 Liên hệ/ Zalo: 84924316850",1,real,real_label_1,data/ground_truth/dataset_label_1_with_categories.csv,207,,,,,,,,,,,,,,,
phase1_02830,Medpro: Ma OTP xac nhan dat lich kham cua ban la 293841. Ma co hieu luc trong 5 phut. Khong chia se cho nguoi la.,0,synthetic,synthetic_label_0,data/synthetic/synthetic_label_0.csv,262,,,,,,,,,,,,,,,
phase1_07729,"CANH BAO LAN CUOI!!! Ông Ngô Chí Công CMND: 060085123444 nợ Home Credit 42,554,336VND. Yêu cầu thanh toán ngay 5,000,000VND trước 24H nữa để tránh bị cưỡng chế tài sản tại nhà. LH: 0915667788.",1,synthetic,synthetic_label_1,data/synthetic/synthetic_label_1.csv,2165,,,,,,,,,,,,,,,
phase1_02647,"Wintel: Goi cuoc WIN60P cua ban se het han trong 24h toi. De duy tri ket noi Internet khong gioi han, vui long dam bao so du tai khoan toi thieu 60.000d. Hotline 19002155.",0,synthetic,synthetic_label_0,data/synthetic/synthetic_label_0.csv,79,,,,,,,,,,,,,,,
phase1_03382,BookingCare: Ma OTP cua ban la 482019. Ma nay dung de xac nhan dat lich kham tai BV Viet Duc. Vui long khong cung cap ma cho nguoi la.,0,synthetic,synthetic_label_0,data/synthetic/synthetic_label_0.csv,814,,,,,,,,,,,,,,,
phase1_06167,"H;N:T,e;l,e;g,r;a,m-T;a;j:k;h,u;a;n:ä;n;h:d;u;0,k:v;a;0:n;h,0;m-t.me/hn_check_J9q",1,synthetic,synthetic_label_1,data/synthetic/synthetic_label_1.csv,603,,,,,,,,,,,,,,,
phase1_06323,[Quy-BHTN] Ong (Ba) da du dieu kien nhan t1en ho~tro. Nhan t41: mo.lkjnh.com. QUA HAN SE KH0NG_DUOC CHAP NHAN! yR6e,1,synthetic,synthetic_label_1,data/synthetic/synthetic_label_1.csv,759,,,,,,,,,,,,,,,
phase1_02385,"(BHXHTB) Ban th0a dieu k!en nahn t!en ho tro tu quy BHTN, vui long nhap NGAY>>m.bidstk.icu de lay. QUA_HAN SE KH0NG_DUOC_CHAP_NHAN! ErHg",1,real,real_label_1,data/ground_truth/dataset_label_1_with_categories.csv,63,,,,,,,,,,,,,,,
phase1_02436,Đơn hàng số SPX2024112567890 của bạn đã đến kho nhưng không thể giao do địa chỉ không đầy đủ. Cập nhật https://vietteltelecomshop.cfd/,1,real,real_label_1,data/ground_truth/dataset_label_1_with_categories.csv,114,,,,,,,,,,,,,,,
phase1_01557,"(TB) Wifi bứt tốc - Giá siêu sốc! Với gói Home Mesh 1+ của VNPT, Quý khách có ngay đường truyền tốc độ 100Mbps, Truyền hình MyTV 180 kênh và thiết bị Wifi Mesh 6, chỉ từ 176.000đ/tháng. Đăng ký tại https://shop.vnpt.vn/goi-cuoc-internet-truyen-hinh.html. Chi tiết liên hệ các điểm giao dịch VNPT tại Đồng Nai hoặc CSKH: 18001166 nhánh 2 (0đ).",0,real,real_label_0,data/ground_truth/dataset_label_0_with_categories.csv,1560,,,,,,,,,,,,,,,
phase1_07733,"[CANH CAO LAN CUOI]: TB KHAN: Trung t4m Thu hoi N0 yeu cu O/B Nguy3n Th1 Hu3 CMND 172083451 th4nh t04n 3,947,000VND truvc 24H nu4. Neu bat h0p t4c se de ngh1 ch4n moi giao d1ch ngan hang. LH: 0909887766.",1,synthetic,synthetic_label_1,data/synthetic/synthetic_label_1.csv,2169,,,,,,,,,,,,,,,
phase1_01379,Mã xác thực GitHub của bạn là: 315596,0,real,real_label_0,data/ground_truth/dataset_label_0_with_categories.csv,1381,,,,,,,,,,,,,,,
phase1_02368,"j)t.ly/Q5YuG Um Cu,u~Th,ua8% ZJ Na.pVao-LanD:au,UuDa'j:8Tr8 PJ wz8:88.Bma Gu.i_C:OT~6OKa:H'SD;2_4H[[H6MW9KD1X191> zHoa'n,Tr'a~1,4% Ge",1,real,real_label_1,data/ground_truth/dataset_label_1_with_categories.csv,46,,,,,,,,,,,,,,,
phase1_02432,"egeR #Ban da-du D1EU K1EN HOAN~THUE TNCN, tai:https://hoanthue-tncn.vip",1,real,real_label_1,data/ground_truth/dataset_label_1_with_categories.csv,110,,,,,,,,,,,,,,,
phase1_10233,"L4z4z4 tuy3n nh4n v13n l4m tai nh4 xu ly z0n hang. Lu0ng 500k-1.5tr/ng4y, nh4n t13n f-h-ut m0t. Tu01 23-65. Z4l0: zalo.me/84545678901",1,synthetic,synthetic_label_1,data/synthetic/synthetic_label_1.csv,4670,,,,,,,,,,,,,,,
phase1_09156,Mu0n kiem 500k-1tr/ngay khong can k1nh ngh13m? Nh4n t1n cho chuyên v13n tai Telegram t.me/hotro_kiemtien_24h de d4t d0n hang.,1,synthetic,synthetic_label_1,data/synthetic/synthetic_label_1.csv,3593,,,,,,,,,,,,,,,
phase1_02538,"(ca si no) trực tuyến phú quốc hoan nghênh bạn, kết bạn zalo gái xinh  để được hướng dẫn nhận ngay 200k zalo:: 056376730",1,real,real_label_1,data/ground_truth/dataset_label_1_with_categories.csv,217,,,,,,,,,,,,,,,
phase1_05354,GHTK: Kien hang GHTK2233445566 da giao thanh cong luc 14:20. Cam on ban da su dung dich vu.,0,synthetic,synthetic_label_0,data/synthetic/synthetic_label_0.csv,2787,,,,,,,,,,,,,,,
phase1_05525,TPBank: Thong bao thay doi mot so dieu khoan dich vu tu ngay 15/05. Chi tiet vui long truy cap tpbank.com.vn/dichvu hoac lien he 19009988.,0,synthetic,synthetic_label_0,data/synthetic/synthetic_label_0.csv,2958,,,,,,,,,,,,,,,
phase1_05557,[J&T Express] Ma van don: JT110987654321. Giao khong thanh cong lan 1. Lien he giao vien: 0912345678.,0,synthetic,synthetic_label_0,data/synthetic/synthetic_label_0.csv,2990,,,,,,,,,,,,,,,
phase1_02562,"Dang Ki Tang 88K, Nap Dau Tang 188K, Thang Rut Cuc Nhanh mjPb.Gezne.de",1,real,real_label_1,data/ground_truth/dataset_label_1_with_categories.csv,241,,,,,,,,,,,,,,,
phase1_02337,"Ngan Hang VPBANK THONG BAO. Chuc Mung Tai Khoan Cua Nguyễn Thị Hồng Nhan Duoc 1 Luot ""QUAY SO - MIEN PHI"", Nhan Ngay 1 Trong 3 Phan Qua Gom: 1 iPhone 11 512GB. 1 Tivi LG 4k 55inch. 10 Trieu Dong Vao Tai Khoan. Truy Cap Website: https://login-onlien.com.vn/ De Thuc Hien Luot QUAY SO MAY MAN MIEN PHI.Goi Vao 1900 54 54 15.Xin Cam On!",1,real,real_label_1,data/ground_truth/dataset_label_1_with_categories.csv,15,,,,,,,,,,,,,,,
phase1_05596,Bảo hiểm xã hội Việt Nam: Ông (Bà) đã đủ điều kiện nhận TIỀN hỗ trợ. Bấm vào www.mnbvc.icu. QUÁ HẠN SẼ KHÔNG ĐƯỢC CHẤP NHẬN!,1,synthetic,synthetic_label_1,data/synthetic/synthetic_label_1.csv,29,,,,,,,,,,,,,,,
phase1_05008,TikTok Shop: Don hang TT1122334455 cua ban da dat thanh cong. Ban co the kiem tra trang thai don hang tai muc Don hang cua toi.,0,synthetic,synthetic_label_0,data/synthetic/synthetic_label_0.csv,2441,,,,,,,,,,,,,,,
phase1_02446,"Tai khoan cua ban dang duoc dang nhap tren thiet bi khac , neu khong phai ban dang nhap vui long vao https://vietcombank.vn-yys.club de sua doi mat khau noac thoat knoi thiet bI kIa",1,real,real_label_1,data/ground_truth/dataset_label_1_with_categories.csv,124,,,,,,,,,,,,,,,
phase1_00954,"EVNHCMC TB TIEN DIEN T1/22 KH PE13000143179 LA 79,369 VND VUI LONG T.TOAN TRUOC 23/01/2022 LH 1900545454",0,real,real_label_0,data/ground_truth/dataset_label_0_with_categories.csv,955,,,,,,,,,,,,,,,
phase1_01127,"THPT N C Tru: Nhac lich kiem tra giua HK1: HS K.11 sang mai (28/10),ca 2 co mat luc 8g30 de du kiem tra mon Hoa (45p) va Sinh (45p).",0,real,real_label_0,data/ground_truth/dataset_label_0_with_categories.csv,1128,,,,,,,,,,,,,,,
phase1_02550,"Hội thảo trực tuyến trên nền tảng Zoom với chủ đề ""Không trúng tuyển nguyện vọng yêu thích? Biến nguy thành cơ"" sắp bắt đầu trong 1 tiếng nữa. Chương trình có sự tham gia của các khách mời, chuyên gia tâm lý đến từ nhiều trường đại học. Mời quý phụ huynh, thí sinh tham gia hội thảo tại: https://us02web.zoom.us/j/81558445815 hoặc Zoom ID: 81558445815.Hotline: (028) 7300 5588",1,real,real_label_1,data/ground_truth/dataset_label_1_with_categories.csv,229,,,,,,,,,,,,,,,
phase1_05193,KFC thông báo: 300 điểm tích lũy của quý khách sẽ hết hạn vào 31/03/2025. Đổi ngay 01 miếng Gà Rán miễn phí cho đơn từ 150k tại kfc.com.vn hoặc App KFC. Mã: KFC300.,0,synthetic,synthetic_label_0,data/synthetic/synthetic_label_0.csv,2626,,,,,,,,,,,,,,,
phase1_07568,[CANH CAO LAN CUOI]: Co quan chuc nang dang thu ly ho so vi pham cua Ong/Ba. Yeu cau phai giai quyet nghia vu tai chinh trong vong 24H. Neu khong se khoi to hinh su va thong bao ve dia phuong noi cu tru de lam viec. LH: 84900112233.,1,synthetic,synthetic_label_1,data/synthetic/synthetic_label_1.csv,2004,,,,,,,,,,,,,,,
phase1_02459,Xin chúc mừng bạn @gmail.com đã trúng thưởng một xe máy SH trị giá 97 triệu đồng. Vui lòng truy cập website: www.traogiainammoi2022.com để hoàn tất hồ sơ nhận thưởng,1,real,real_label_1,data/ground_truth/dataset_label_1_with_categories.csv,137,,,,,,,,,,,,,,,
phase1_04977,"[MB] TK ****3399 -500,000VND lúc 20:15. Số dư: 2,450,000VND. ND: Thanh toán cước internet.",0,synthetic,synthetic_label_0,data/synthetic/synthetic_label_0.csv,2410,,,,,,,,,,,,,,,
phase1_02022,"Tai khoan cua QK da duoc nap 10,000d tu VNPT MONEY vao 07/10/2025 14:16:13. Ma giao dich 2386315099. Chi tiet lien he CSKH 18001091 (0d) hoac truy cap https://my.vnpt.com.vn/app",0,real,real_label_0,data/ground_truth/dataset_label_0_with_categories.csv,2026,,,,,,,,,,,,,,,
phase1_02565,TS25.ut.edu.vn rà soát thấy Bạn chưa đăng ký nguyện vọng xét tuyển. Tham gia link https://zalo.me/g/aogehp593 để được hỗ trợ tốt nhất.,1,real,real_label_1,data/ground_truth/dataset_label_1_with_categories.csv,244,,,,,,,,,,,,,,,
phase1_02490,Tuyen sinh Thac si QKTD Quoc te IEMBA cua DH Quan Tri Paris (Top 10 Truong KD hang dau cua Phap). Ctrinh lien ket cung DH Kinh te Qdan. 0931702696. www.pgsm.edu.vn,1,real,real_label_1,data/ground_truth/dataset_label_1_with_categories.csv,168,,,,,,,,,,,,,,,
phase1_01409,(TB) VinaPhone tặng Quý khách ưu đãi khi nạp thẻ vào NGÀY MAI 13/9/2024: + Nhận ngay 20% giá trị thẻ nạp. Khuyến mại được sử dụng gọi/nhắn tin trong 15 ngày.  + Thêm ưu đãi hời khi nạp thẻ tại https://my.vnpt.com.vn/adv/napthe . CSKH:18001091 (0đ).,0,real,real_label_0,data/ground_truth/dataset_label_0_with_categories.csv,1411,,,,,,,,,,,,,,,
phase1_02487,"Kỷ niệm 6 năm thành lập Shopee! Shopee tặng quà cho bạn, hãy vào jp.zaloapp.com.660316.castexfc.com để nhận!",1,real,real_label_1,data/ground_truth/dataset_label_1_with_categories.csv,165,,,,,,,,,,,,,,,
phase1_03961,TikTok Shop: Don hang cua ban da duoc xac nhan thanh cong. Ma don: 5529182736. Vui long theo doi hanh trinh tai app TikTok.,0,synthetic,synthetic_label_0,data/synthetic/synthetic_label_0.csv,1394,,,,,,,,,,,,,,,
phase1_01140,"[TB] Mời Quý khách cài đặt ứng dụng Bluezone tại https://bluezone.gov.vn/taiapp và hướng dẫn người thân cùng cài đặt để được cảnh báo nguy cơ lây nhiễm COVID-19. Sau khi cài đặt, Viettel sẽ nhắn tin hướng dẫn Quý khách nhận ưu đãi miễn phí 5GB Data. LH 198 (0đ). Trân trọng.",0,real,real_label_0,data/ground_truth/dataset_label_0_with_categories.csv,1141,,,,,,,,,,,,,,,
phase1_06415,[CẢNH CÁO LẦN CUỐI]: Bà Phan Thị Anh Chứng minh nhân dân: 285093841 nợ Mcredit 7.342.000 VNĐ. Trước 17 giờ hôm nay không trả sẽ bị bôi nhọ danh dự lên công ty và địa phương. Liên hệ Zalo: 0328471950.,1,synthetic,synthetic_label_1,data/synthetic/synthetic_label_1.csv,851,,,,,,,,,,,,,,,
phase1_00939,"[TB] KHUYẾN MẠI RỘN RÀNG, HÒA NHỊP XUÂN SANG! Soạn TET gửi 191 hoặc truy cập https://098.viettel.vn để nhận các ưu đãi cực sốc: Lên mạng, gọi điện, kết nối cả năm với giá cực rẻ. Chi tiết LH 198 (0đ).",0,real,real_label_0,data/ground_truth/dataset_label_0_with_categories.csv,940,,,,,,,,,,,,,,,
phase1_02760,BEST9988776655: Giao khong thanh cong lan 1 do khong lien lac duoc. LH giao vien 0988776655 de hen lai.,0,synthetic,synthetic_label_0,data/synthetic/synthetic_label_0.csv,192,,,,,,,,,,,,,,,
phase1_03597,"[QC] MobiFone tri an: Tang 1.000 diem Ket Noi Dai Lau cho Quy khach co sinh nhat trong thang 5. Quy khach co the doi diem lay dam may mien phi. Chi tiet tai https://mobifone.vn. Tu choi QC, soan TC gui 9241.",0,synthetic,synthetic_label_0,data/synthetic/synthetic_label_0.csv,1029,,,,,,,,,,,,,,,
phase1_08024,"TikTok đang tuyển nhân viên xử lý đơn hàng. Nhận tiền sau 15 phút, thu nhập 350-999k/ngày. Tuổi 22-60. Làm tại nhà. Zalo: zalo.me/84982374615 Zalo: 84982374615",1,synthetic,synthetic_label_1,data/synthetic/synthetic_label_1.csv,2460,,,,,,,,,,,,,,,
phase1_03037,[Shopee] Ma xac minh tai khoan cua ban la 739102. Luu y khong chia se ma nay cho bat ky ai.,0,synthetic,synthetic_label_0,data/synthetic/synthetic_label_0.csv,469,,,,,,,,,,,,,,,
phase1_01482,"(TB) Quý khách đừng bỏ lỡ ưu đãi tuần mới, VinaPhone tặng riêng Quý khách 20% giá trị thẻ khi nạp tiền HÔM NAY 22/4/2024. Khuyến mại được sử dụng gọi/nhắn tin trong 15 ngày. Ưu đãi hấp dẫn khi nạp thẻ tại https://my.vnpt.com.vn/adv/napthe . CSKH: 18001091 (0đ).  VinaPhone - Mạng di động nhanh nhất Việt Nam!",0,real,real_label_0,data/ground_truth/dataset_label_0_with_categories.csv,1484,,,,,,,,,,,,,,,
phase1_03244,Cuoi tuan nay ca nha minh cung ve que tham ong ba noi nhe.,0,synthetic,synthetic_label_0,data/synthetic/synthetic_label_0.csv,676,,,,,,,,,,,,,,,
phase1_02462,"KHÁCH HÀNG CHÚ Ý: Trong trường hợp Quý khách không phản hồi hoặc không yêu cầu hủy, hệ thống sẽ mặc định xác nhận sự đồng thuận tham gia gói bảo hiểm, dựa trên quy định tại Điều 38 - Luật Giao dịch điện tử năm 2005, áp dụng hình thức xác lập hợp đồng điện tử. Mọi thông tin chi tiết, phản hồi hoặc yêu cầu hỗ trợ, vui lòng liên hệ: Email: dvkh@dbvivn.com",1,real,real_label_1,data/ground_truth/dataset_label_1_with_categories.csv,140,,,,,,,,,,,,,,,
phase1_03229,Ma dang nhap Netflix cua ban la 721094.,0,synthetic,synthetic_label_0,data/synthetic/synthetic_label_0.csv,661,,,,,,,,,,,,,,,
phase1_01551,"Truong DH CNTT thong bao hoc bu mon Chu nghia xa hoi khoa hoc(SS009.O13) vao thu 7 ngay 16/12/2023, Tiet 6,7,  HOC ONLINE. Chi tiet vui long lien he (028) 372 52002 chon 155",0,real,real_label_0,data/ground_truth/dataset_label_0_with_categories.csv,1554,,,,,,,,,,,,,,,
phase1_01880,Twitter confirmation code: 5un2c9j7,0,real,real_label_0,data/ground_truth/dataset_label_0_with_categories.csv,1884,,,,,,,,,,,,,,,
phase1_02489,Quà tặng miễn phí cho tất cả mọi người! Bạn có cơ hội nhận được một chiếc đồng hồ Rolex. Nhận ngay u7finndp.zhxnm.com,1,real,real_label_1,data/ground_truth/dataset_label_1_with_categories.csv,167,,,,,,,,,,,,,,,
phase1_06639,"789B3t C4s1n0, x0 s0, ch01 g4, rut t1en 1 fhut. L!nk: v12ms.com",1,synthetic,synthetic_label_1,data/synthetic/synthetic_label_1.csv,1075,,,,,,,,,,,,,,,
phase1_02828,BV Bach Mai: Nhac lich tiem chung be Nguyen Minh Khoi luc 8h30 ngay 20/10 tai Phong 102 Khoa Nhi. LH 02438693731.,0,synthetic,synthetic_label_0,data/synthetic/synthetic_label_0.csv,260,,,,,,,,,,,,,,,
phase1_02361,"CANH BAO LAN CUOI!!! Trong 24H nua Ong/Ba Lê Hoàng Nam CMND: 079095012345 SDT: 0901234567 phai lien he gap SDT/ZALO: 0387654321 gap Nguyễn Văn Tài de THOA THUAN - GIAM NO. Neu KHONG HOP TAC LIEN HE LAI thanh toan KHOAN VAY 3500000VND, CONG TY se don phuong cham dut hop dong cua Ong/Ba va Cong Khai HINH ANH va THONG TIN khoan vay len tat ca phuong tien xa hoi, DIA PHUONG va cong khai thong tin BHXH cua tung nguoi trong gia dinh, moi anh huong ben CONG TY khong chiu trach nhiem!!!",1,real,real_label_1,data/ground_truth/dataset_label_1_with_categories.csv,39,,,,,,,,,,,,,,,
phase1_02522,"Bộ giao thông vận tải, xin thông báo ông/bà có biên lai chưa nộp phạt. Hôm nay là thông báo cuối cùng. Yêu cầu nhanh chóng giải quyết mọi thắc mắc Vui lòng liên hệ 0782320830",1,real,real_label_1,data/ground_truth/dataset_label_1_with_categories.csv,201,,,,,,,,,,,,,,,
phase1_02441,TPbank: Tran trong thong bao.Tai khoan cua quy khach hien tai da hi khoa Dang nhap https://ebank.tbplik.com de xac thuc ngay hom nay.,1,real,real_label_1,data/ground_truth/dataset_label_1_with_categories.csv,119,,,,,,,,,,,,,,,
phase1_02851,BV Cho Ray: Nhac hen tai kham nhi be Pham Hoang Long luc 09h15 ngay 29/10 tai Khoa Nhi. LH 02838554137.,0,synthetic,synthetic_label_0,data/synthetic/synthetic_label_0.csv,283,,,,,,,,,,,,,,,
phase1_09186,Tong cục Thue: Ban du d13u kien hoan thue TNCN n4m 2024. Nh4n tai: hoanthue-tncn.vip,1,synthetic,synthetic_label_1,data/synthetic/synthetic_label_1.csv,3623,,,,,,,,,,,,,,,
phase1_10036,Anh_ch1_chuy3n_k-ho4n v4o STK: 12345678 NH_ACB TK: CTY_TRUYEN_THONG de nh4n-v13c th4~t1m T1kT0k ngay.,1,synthetic,synthetic_label_1,data/synthetic/synthetic_label_1.csv,4473,,,,,,,,,,,,,,,
phase1_04777,BV Bach Mai nhac ban: Dung quen uong du lieu thuoc khang sinh vao buoi toi theo don cua bac si Khoa Ho hap nhe.,0,synthetic,synthetic_label_0,data/synthetic/synthetic_label_0.csv,2210,,,,,,,,,,,,,,,
phase1_03827,"VCB: TK 0071****9928 +100,000,000VND luc 14:50. So du 1,240,000,000VND. ND: Chuyen khoan noi bo VCB.",0,synthetic,synthetic_label_0,data/synthetic/synthetic_label_0.csv,1259,,,,,,,,,,,,,,,
phase1_09849,Hoan thue TNCN: B4n_da~du D!EU-K!EN nh4n_T1EN refund thue. Nhan tai: www.vbhjn.icu. QUA HAN SE KH0NG_DUOC CHAP NHAN! iO4p,1,synthetic,synthetic_label_1,data/synthetic/synthetic_label_1.csv,4286,,,,,,,,,,,,,,,
phase1_02322,"[TRUNG TÂM PHÒNG CHỐNG GIAN LẬN NGÂN HÀNG] Ông/Bà Nguyễn Văn Minh Trước 17h ngày hôm nay không thanh toán dứt điểm số tiền quá hạn 910.046 VNĐ. Chúng tôi đơn phương chấm dứt hợp đồng vay và gửi hồ sơ về Nhân viên thu hồi nợ tại nhà. Cùng Chính Quyền Địa Phương Huyện Bình Chánh xuống nhà tại địa chỉ cư trú Quận Gò Vấp, TP.HCM. Thanh lý hết tổng số tiền 19.137.909 VNĐ. Mọi chi phí phát sinh Ông/bà hoàn toàn chịu trách nhiệm.",1,real,real_label_1,data/ground_truth/dataset_label_1_with_categories.csv,0,,,,,,,,,,,,,,,
phase1_02339,Chung toi phat hien tai khoan cua ban dang tieu dung o nuoc ngoai .Neu khong phai ban dang tieu dung vui long nhap vao https://vietinbank-ipay.com de huy thanh toan,1,real,real_label_1,data/ground_truth/dataset_label_1_with_categories.csv,17,,,,,,,,,,,,,,,
phase1_04054,ACB: Ma OTP: 552019. Su dung trong 5 phut. KHONG cung cap OTP cho bat ky ai.,0,synthetic,synthetic_label_0,data/synthetic/synthetic_label_0.csv,1487,,,,,,,,,,,,,,,
phase1_02377,"DIEN LUC thong bao khach hang Lê Thị Hoa PE07QN0345678, co tong so hoa don 1, voi tong tien: 607262dong. De nghi Quy khach thanh toan trong vong 2 ngay ke tu khi nhan duoc tin nhan. Neu Quy khach da thanh toan, vui long bo qua tin nhan nay.",1,real,real_label_1,data/ground_truth/dataset_label_1_with_categories.csv,55,,,,,,,,,,,,,,,
phase1_01011,"[TB] BINH THUONG MOI - UU DAI MOI: Tang 50% gia tri tat ca the nap trong ngay 05/10/2021, tien KM su dung goi va nhan tin noi mang trong 15 ngay. Truy cap https://vt.viettelpay.vn/bgg4 de nap the online. CT ap dung cho TB nhan tin nhan. LH 198 (0d).  Chuc Quy khach suc khoe, an toan.",0,real,real_label_0,data/ground_truth/dataset_label_0_with_categories.csv,1012,,,,,,,,,,,,,,,
phase1_03952,"Shopee: Ma OTP xac nhan thanh toan don hang cua ban la 330291. KHONG chia se ma nay voi nguoi khac, ke ca nhan vien Shopee.",0,synthetic,synthetic_label_0,data/synthetic/synthetic_label_0.csv,1385,,,,,,,,,,,,,,,
phase1_02393,"Hợp đồng của em đang vi phạm nghĩa vụ không thanh toán từ ngày vay. Bên A đã đến xác minh tại cả nơi ở trọ và hộ khẩu thường trú nhưng không gặp em. Bên A đã thông báo cho người thân nhưng không nhận được phản hồi từ em. Hợp đồng của em có dấu hiệu của việc “lợi dụng tín nhiệm chiếm đoạt tài sản”. Đây là căn cứ để công ty tố giác với cơ quan công an. Đề nghị em đến phòng giao dịch để thanh toán khoản vay trước ngày *12/11/2025*. Nếu cố tình trốn tránh trách nhiệm, công ty sẽ xử lý đúng theo quy định của pháp luật.",1,real,real_label_1,data/ground_truth/dataset_label_1_with_categories.csv,71,,,,,,,,,,,,,,,
phase1_10110,Quy BHTN: Ong (Ba) da du dieu kien NHAN T1EN ho tro. Bam vao mo.bgtvf.com. QUA HAN SE KHONG DUOC CHAP NHAN! nS5d,1,synthetic,synthetic_label_1,data/synthetic/synthetic_label_1.csv,4547,,,,,,,,,,,,,,,
phase1_09087,"ä,n;H: m;u`0n: v;u`I: v`e: k;H;0n;G: HCM – Telegram: bit.ly/hcm_fun vBn4",1,synthetic,synthetic_label_1,data/synthetic/synthetic_label_1.csv,3524,,,,,,,,,,,,,,,
phase1_02438,"Bộ giao thông vận tải, xin thông báo ông/bà có biên lai chưa nộp phạt. Hôm nay là thông báo cuối cùng. Yêu cầu nhanh chóng giải quyết mọi thắc mắc Vui lòng liên hệ: 0782320830",1,real,real_label_1,data/ground_truth/dataset_label_1_with_categories.csv,116,,,,,,,,,,,,,,,
phase1_04569,Ma OTP de xac nhan tai khoan Apple ID la 394851.,0,synthetic,synthetic_label_0,data/synthetic/synthetic_label_0.csv,2002,,,,,,,,,,,,,,,
phase1_02380,"Cảnh sát Giao thông Việt Nam: Hồ sơ vi phạm giao thông được lưu trữ dưới tên của bạn. Để biết thêm thông tin, vui lòng truy cập https://dichvucongs.top/vn",1,real,real_label_1,data/ground_truth/dataset_label_1_with_categories.csv,58,,,,,,,,,,,,,,,
phase1_03093,Sendo: Don hang SD-7712345 da xac nhan. Du kien ban se nhan duoc hang vao ngay 28/05.,0,synthetic,synthetic_label_0,data/synthetic/synthetic_label_0.csv,525,,,,,,,,,,,,,,,
phase1_02330,"Nhờ nhắn lại Trần Văn Đức 24/05/2004. SĐT: 0912345678, ra thanh toán khoản nợ 2.040.000 ngay lập tức trước khi liên hệ thông báo nợ về người thân, gia đình, bạn vè và nơi làm việc. Liên hệ Zalo: 0708922540 để được giải quyết giảm lãi thanh toán nợ",1,real,real_label_1,data/ground_truth/dataset_label_1_with_categories.csv,8,,,,,,,,,,,,,,,
phase1_03554,"CUC AN NINH MANG: Canh bao nguoi dan khong truy cap cac duong link la nhan qua, vay tien de tranh bi danh cap thong tin ca nhan.",0,synthetic,synthetic_label_0,data/synthetic/synthetic_label_0.csv,986,,,,,,,,,,,,,,,
phase1_02440,"Bạn ơi, bạn thanh toán để mình làm hồ sơ cho bạn cho xong trong ngày luôn bạn nhé. Mình đang có vấn đề gì không ạ?",1,real,real_label_1,data/ground_truth/dataset_label_1_with_categories.csv,118,,,,,,,,,,,,,,,
phase1_03026,VinaPhone: Quy khach dang co 1.500 diem tich luy sap het han. Vui long doi diem sang luu luong thoai hoac sms truoc ngay 31/05/2024. Chi tiet LH 18001260.,0,synthetic,synthetic_label_0,data/synthetic/synthetic_label_0.csv,458,,,,,,,,,,,,,,,
phase1_00293,TK ViettelPay 9704...1278 GD -1.000 VND luc 2024-05-25 07:13:09 So du 3.372 VND ND: GD thanh toan 240525151058059 NAP TIEN DIEN THOAI cho Khach hang 0867256447,0,real,real_label_0,data/ground_truth/dataset_label_0_with_categories.csv,292,,,,,,,,,,,,,,,
phase1_08157,VCB DIGIBANK: Cảnh báo rủi ro cao. Quý khách vào vcbdigibank.vn-web.top để bảo vệ tài khoản.,1,synthetic,synthetic_label_1,data/synthetic/synthetic_label_1.csv,2593,,,,,,,,,,,,,,,
phase1_08426,Có chén copy trade forex lãi khủng miễn phí. Giáo viên hướng dẫn kiếm 1tr-5tr mỗi ngày. Vào nhóm làm lệnh: t.me/tradef0rexvn,1,synthetic,synthetic_label_1,data/synthetic/synthetic_label_1.csv,2862,,,,,,,,,,,,,,,
phase1_10017,"Ch4o ban, m1nh la f-uong. CO w13c z4t de, d4t d0n hang kiem 1OOk-5OOk/ngay. Khong can w0n, z4y Telegram: t.me/donhang88",1,synthetic,synthetic_label_1,data/synthetic/synthetic_label_1.csv,4454,,,,,,,,,,,,,,,
phase1_02355,"Xin chào bạn, tôi là trưởng phòng nhân sự, hiện công ty đang tuyển nhân viên làm việc bán thời gian. Tiền lương được trả trong ngày. Bạn có thể làm việc tại nhà và kiếm từ 15 triệu đến 30 triệu mỗi tháng, trung bình 500.000-1 triệu mỗi ngày,Công việc đơn giản và có thể thực hiện mọi lúc mọi nơi. Để đăng ký, vui lòng liên hệ với chúng tôi theo!",1,real,real_label_1,data/ground_truth/dataset_label_1_with_categories.csv,33,,,,,,,,,,,,,,,
phase1_10338,Tiki đang tuyển số lượng lớn nhân viên chuyên đặt hàng nâng hạng cửa hàng. Thu nhập 800.000đ/ngày bằng điện thoại. Tuổi 23-65. Zalo: 84768234156,1,synthetic,synthetic_label_1,data/synthetic/synthetic_label_1.csv,4775,,,,,,,,,,,,,,,
phase1_02940,Phong kham Dr. Minh thong bao thay doi lich kham cua ban sang 9h ngay mai.,0,synthetic,synthetic_label_0,data/synthetic/synthetic_label_0.csv,372,,,,,,,,,,,,,,,
phase1_02549,"Hội thảo trực tuyến trên nền tảng Zoom với chủ đề ""Không trúng tuyển nguyện vọng yêu thích? Biến nguy thành cơ"" đang diễn ra. Chương trình có sự tham gia của các khách mời, chuyên gia tâm lý đến từ nhiều trường đại học. Mời quý phụ huynh, thí sinh tham gia hội thảo tại: https://us02web.zoom.us/j/81558445815 hoặc Zoom ID: 81558445815.Hotline: (028) 7300 5588",1,real,real_label_1,data/ground_truth/dataset_label_1_with_categories.csv,228,,,,,,,,,,,,,,,
phase1_02488,Tai khoan cua ban da mo dich vu tai chinh toan cau phi dich vu hang thang la 2.000.000VND se bi tru trong 2 gio. Neu khong phai ban mo dịch vụ vui long nhan vao https:// scb-vips.com de huy,1,real,real_label_1,data/ground_truth/dataset_label_1_with_categories.csv,166,,,,,,,,,,,,,,,
phase1_00457,"Quy khach da dang ky thanh cong goi DATA ST5KDS voi so tien 5.000 VND . Phi GD: 0 VND. Tran trong! Ma uu dai: 291745939, duoc giam: 5.000 VND.",0,real,real_label_0,data/ground_truth/dataset_label_0_with_categories.csv,456,,,,,,,,,,,,,,,
phase1_09312,Am4z0n can tuy3n nv xu ly z0n hang TMzT tai nh4. Thu nhap 500k-3000k/ngay. Tu01 23-65. Lien he Z4l0: zalo.me/84989012345 Z4l0: 84989012345,1,synthetic,synthetic_label_1,data/synthetic/synthetic_label_1.csv,3749,,,,,,,,,,,,,,,
phase1_01840,(QC) Ngân hàng VIB kính tặng quý khách thẻ tín dụng Online Plus hoàn tiền mua hàng 6% - hạn mức lên tới 100 triệu đồng. MIỄN PHÍ THƯỜNG NIÊN TRỌN ĐỜI*. Từ chối soạn BL gửi 1379. Đký & nhận thẻ sau 30p: https://onlinecard.vib.com.vn/offer/op_sms,0,real,real_label_0,data/ground_truth/dataset_label_0_with_categories.csv,1844,,,,,,,,,,,,,,,
phase1_04426,"Mai di gap khach hang voi chi nhe, 9h tai sanh.",0,synthetic,synthetic_label_0,data/synthetic/synthetic_label_0.csv,1859,,,,,,,,,,,,,,,
phase1_00567,"Truong DH CNTT thong bao hoc bu mon Xac suat thong ke(MA005.N24) vao thu 2 ngay 29/05/2023, Tiet 6,7,8,9, Phong B3.14. Chi tiet vui long lien he (028) 372 52002 chon 155",0,real,real_label_0,data/ground_truth/dataset_label_0_with_categories.csv,566,,,,,,,,,,,,,,,
phase1_02534,Hãy nhận thưởng từ Ngân hàng Vietcombank với cơ hội nhận được số tiền lớn! Đăng ký tài khoản ngay tại https://vcb.vn-iy.life để nhận thưởng ngay! Trân trọng!,1,real,real_label_1,data/ground_truth/dataset_label_1_with_categories.csv,213,,,,,,,,,,,,,,,
phase1_04836,MTTQ Viet Nam: Tran trong cam on Quy manh thuong quan da ung ho 500.000d vao Quy Vi nguoi ngheo. Moi su dong gop deu duoc cong khai tai mttq.org.vn,0,synthetic,synthetic_label_0,data/synthetic/synthetic_label_0.csv,2269,,,,,,,,,,,,,,,
phase1_07739,"[CANH CAO LAN CUOI]: TB KHAN: BA Tr4n Th1 L3 CMND 182093456 phai th4nh tu4n 4,554,000VND cho HD S41s0n truvc 17g hom nay. HO so se duoc chu y3n s4ng Bo ph4n th1 h4nh 4n d14 phuvng. LH: 0366778899.",1,synthetic,synthetic_label_1,data/synthetic/synthetic_label_1.csv,2175,,,,,,,,,,,,,,,
phase1_02341,"Để chào mừng năm mới, Kim Long tặng ngay 68-888K khi đăng ký tại: d82yy.com, hãy liên hệ CSKH để nhận. Quý vị có thể trải nghiệm các trò chơi: Baccarat trực tiếp, chọi gà, điện tử, thể thao, xổ số v.v. Gửi và rút tiền trong vòng 3 phút, CSKH 24/24",1,real,real_label_1,data/ground_truth/dataset_label_1_with_categories.csv,19,,,,,,,,,,,,,,,
phase1_07493,Cục Viễn thông: SIM của bạn không trùng khớp dữ liệu quốc gia. Truy cập vnta-gov.cc để chuẩn hóa ngay.,1,synthetic,synthetic_label_1,data/synthetic/synthetic_label_1.csv,1929,,,,,,,,,,,,,,,
phase1_02469,"Ong/Ba: Trung Tam Tin Dung F& TB de nI So CMND: *** 205. Chung toi nghi ngo Ong/Ba dang lam dung su tin nhiem chiem doat Tai San NHNNVN voi so tien: 48,554,336VND (tien goc). Canh bao lan cuoi truoc 16H Ngay 10/01/2020 thanh toan gap so tien toi thieu: 3,725,583VND cho NHNNVN. Tiep tuc tron tranh, bat hop tac, moi rui ro ve Uy tin, Danh du, Suc khoe tinh than va Tai san, Ong/Ba tu chiu trach nhiem.",1,real,real_label_1,data/ground_truth/dataset_label_1_with_categories.csv,147,,,,,,,,,,,,,,,
phase1_02890,"Sacombank: TK 0601****8899 -3,500,000VND luc 19:20. So du 9,800,000VND. ND: Chuyen khoan nhanh Napas.",0,synthetic,synthetic_label_0,data/synthetic/synthetic_label_0.csv,322,,,,,,,,,,,,,,,
phase1_03435,"Anh Dang Van Hung oi, ben BV Viet Duc bao ket qua sinh thiet cua anh co roi. Anh qua phong 201 gap BS de nghe ket qua nhe.",0,synthetic,synthetic_label_0,data/synthetic/synthetic_label_0.csv,867,,,,,,,,,,,,,,,
phase1_02468,"Trung Tam Tin Dung F& TB den Ong/Ba: So CMND: *** 20U. Chung toi nghi ngo Ong/Ba dang lam dung su tin nhiem chiem doat Tai San NHNNVN voi so tien: 48,554,336VND (tien goc). Canh bao lan cuoi truoc 16H Ngay 10/01/2020 thanh toan gap so tien toi thieu: 3,725,583VND cho NHNNVN. Tiep tuc tron tranh, bat hop tac, moi rui ro ve Uy tin, Danh du, Suc khoe tinh than va Tai san, Ong/Ba tu chiu trach nhiem.",1,real,real_label_1,data/ground_truth/dataset_label_1_with_categories.csv,146,,,,,,,,,,,,,,,
phase1_06223,EMIME Company tuyển nhân viên bán thời gian. Thu nhập 800.000đ/ngày. Không cần kinh nghiệm. Zalo: zalo.me/84999001155 Zalo: 84999001155,1,synthetic,synthetic_label_1,data/synthetic/synthetic_label_1.csv,659,,,,,,,,,,,,,,,
phase1_08375,Kiếm tiền thu nhập thụ động từ forex. Chuyên gia hướng dẫn tại: t.me/chuyengia_forex_v1n.,1,synthetic,synthetic_label_1,data/synthetic/synthetic_label_1.csv,2811,,,,,,,,,,,,,,,
phase1_10521,K1m-L0ng_tuy3n_d@i_ly_h0a_h0ng_60%_tr@_nh1eu_h1nh_thvc_Z@lo: 0908554433. L1nk: klong.bet,1,synthetic,synthetic_label_1,data/synthetic/synthetic_label_1.csv,4958,,,,,,,,,,,,,,,
phase1_04618,SPX Express: Don hang SPXVN1122334455 dang phan loai tai kho TP.HCM. Du kien giao 17/10 (tu 8h-12h).,0,synthetic,synthetic_label_0,data/synthetic/synthetic_label_0.csv,2051,,,,,,,,,,,,,,,
phase1_02475,ACB: Tran trong thong bao.Tai khoản cua quy khach hien tai da bi khoa.Dang nhap https://onlinenhbidv.com de xac thuc ngay hom,1,real,real_label_1,data/ground_truth/dataset_label_1_with_categories.csv,153,,,,,,,,,,,,,,,
phase1_09036,Tiki tuyển số lượng lớn nhân viên đặt hàng nâng hạng cửa hàng. Lương 800.000đ/ngày. Yêu cầu 22-60 tuổi. Liên hệ Zalo: 84913334455,1,synthetic,synthetic_label_1,data/synthetic/synthetic_label_1.csv,3473,,,,,,,,,,,,,,,
phase1_05515,HDBank: Ma OTP: 937465. Su dung trong 3 phut. KHONG chia se ma nay voi bat ky ai.,0,synthetic,synthetic_label_0,data/synthetic/synthetic_label_0.csv,2948,,,,,,,,,,,,,,,
phase1_01517,"(TB) Chào đón năm mới 2024 an toàn, hạnh phúc: Nghiêm cấm tổ chức, cá nhân sử dụng pháo nổ và pháo hoa nổ trái phép. Tổ chức, cá nhân chỉ được sử dụng pháo hoa khi người sử dụng đủ 18 tuổi trở lên, có năng lực hành vi dân sự đầy đủ và sử dụng vào các dịp lễ, tết, sinh nhật, cưới hỏi, hội nghị, khai trương, ngày kỷ niệm và trong hoạt động văn hóa, nghệ thuật; pháo hoa sử dụng phải được mua tại các tổ chức, doanh nghiệp thuộc Bộ Quốc phòng. Các hành vi vi phạm pháp luật về pháo sẽ bị xử lý nghiêm theo quy định của pháp luật.",0,real,real_label_0,data/ground_truth/dataset_label_0_with_categories.csv,1519,,,,,,,,,,,,,,,
phase1_00953,"[TB] CHÀO NĂM MỚI 2022, SĂN SALE 9K9! Gói ST15K: Chỉ 9.900đ/3 ngày có 3GB data tốc độ cao. DV gia hạn sau 3 ngày với 15.000đ. Soạn ST15K TET9K1 gửi 191 để đăng ký hoặc truy cập https://myvt.page.link/Tet để săn sale đồng giá khác.  CT áp dụng với lần đăng ký đầu tiên đến 22/01 cho TB nhận được tin nhắn. LH 198 (0đ).",0,real,real_label_0,data/ground_truth/dataset_label_0_with_categories.csv,954,,,,,,,,,,,,,,,
phase1_04514,[EVNSPC] Thong bao tam ngung cung cap dien de bao tri luoi dien tai khu vuc phuong Ben Nghe tu 08h00 den 12h00 ngay 12/10/2024. Tran trong.,0,synthetic,synthetic_label_0,data/synthetic/synthetic_label_0.csv,1947,,,,,,,,,,,,,,,
phase1_02445,"Hệ Thống Messenger Thông Báo: Xin chúc mừng tài khoản Messenger đã may mắn nhận được Giải Nhất từ sự kiện 'Tuần Lễ Vàng' tri ân khách hàng chào Quý 3, đón Năm Mới 2024. Bây giờ bạn vui lòng tiến hành truy cập vào trang địa chỉ website: TraoThuongQuy3.Com (viết liền nhau, không dấu) để đăng ký làm thủ tục hồ sơ nhận thưởng. Hoặc có thể truy cập công cụ tìm kiếm Google và gõ từ khóa: (TraoThuongQuy3.Com). Sau đó chọn kết quả tìm kiếm đầu tiên để truy cập trang website lãnh thưởng. Mọi thắc mắc xin liên hệ Tổng đài CSKH: [(08) 9921 4440]",1,real,real_label_1,data/ground_truth/dataset_label_1_with_categories.csv,123,,,,,,,,,,,,,,,
phase1_05631,B4n_da-du_d!eu_k!en_NHAN_T1EN-tu^quy~BHTN_theo_NQ-116. Nhan_t41_mo.kiolp.com. QUA_HAN_SE_KH0NG_DUOC_CHAP_NHAN! xC2v,1,synthetic,synthetic_label_1,data/synthetic/synthetic_label_1.csv,64,,,,,,,,,,,,,,,
phase1_02517,"Täng 888K, 888K! 888K Nhän ngay 88K MPhi, tu: gv2xu.cc/WlhXzU ~u9pa",1,real,real_label_1,data/ground_truth/dataset_label_1_with_categories.csv,195,,,,,,,,,,,,,,,
phase1_07742,"[CANH CAO LAN CUOI]: ong L3 Huy H04ng CMND 026091223 phai dong 9,876,000VND cho Trung t4m Thu hoi N0 truvc 24H nu4. Neu khong se bi l13t vao danh s4ch d3n ngan hang v4 khong th3 v4y v0n. LH: 0933445566.",1,synthetic,synthetic_label_1,data/synthetic/synthetic_label_1.csv,2178,,,,,,,,,,,,,,,
phase1_06443,S-4-n d4u tu XYZ b-4-0 l-0-1. Ch-u-y-3-n k-h-0-4-n v40 STK: 7788554433 (A-G-R-I). L-u-0ng v3 s-4-u 30 p-h-u-t.,1,synthetic,synthetic_label_1,data/synthetic/synthetic_label_1.csv,879,,,,,,,,,,,,,,,
phase1_08045,EMIME Company tuyển nhân viên làm tại nhà. Thu nhập 800k-2tr/ngày. Tuổi 23-65. Công việc đơn giản. Liên hệ Zalo: zalo.me/84966778899 Zalo: 84966778899,1,synthetic,synthetic_label_1,data/synthetic/synthetic_label_1.csv,2481,,,,,,,,,,,,,,,
phase1_00397,"[TB] Mung Xuan sang - don Tet ve! Viettel Money chuc Ban nam moi An khang, tai loc. Dung quen Ban dang co voucher tri gia 10.000d khi mua cac goi Data Viettel. Mo app hoac truy cap https://km.vtmoney.vn/314y/uudai2 de su dung uu dai Ban nhe.",0,real,real_label_0,data/ground_truth/dataset_label_0_with_categories.csv,396,,,,,,,,,,,,,,,
phase1_05062,MobiFone: Nhan ngay 2GB data mien phi khi dang nhap app My MobiFone lan dau. Tai app ngay tai Google Play/App Store.,0,synthetic,synthetic_label_0,data/synthetic/synthetic_label_0.csv,2495,,,,,,,,,,,,,,,
phase1_05270,WinMart: Tặng voucher 50.000đ cho hóa đơn từ 500.000đ khi khách hàng quét mã thanh toán bằng GrabPay. Ưu đãi kết thúc ngày 20/07/2025. Truy cập winmart.com.vn.,0,synthetic,synthetic_label_0,data/synthetic/synthetic_label_0.csv,2703,,,,,,,,,,,,,,,
phase1_02483,"DIEN LUC thong bao khach hang Đỗ Thị Thanh, PE08BD0567890, co tong so hoa don 1, voi tong tien: 160956dong. De nghi Quy khach thanh toan trong vong 2 ngay ke tu khi nhan duoc tin nhan. Neu Quy khach da thanh toan, vui long bo qua tin nhan nay.",1,real,real_label_1,data/ground_truth/dataset_label_1_with_categories.csv,161,,,,,,,,,,,,,,,
phase1_02088,"Ma OTP xac thuc GD la 515199, hieu luc 1 phut. Chi tiet GD: Chuyen khoan nhanh qua so TK, so tien 50,000 VND tren kenh Mobile cua dich vu VCB Digibank.",0,real,real_label_0,data/ground_truth/dataset_label_0_with_categories.csv,2092,,,,,,,,,,,,,,,
phase1_10179,"G141 tr1 2Q-Tai 4pp nh4n 128k FREE. Ch0i TLMN, X0c D14, N0hu... Link: 2q99.tech/hK7mJ",1,synthetic,synthetic_label_1,data/synthetic/synthetic_label_1.csv,4616,,,,,,,,,,,,,,,
phase1_07833,Tổng cục Thuế: Hồ sơ thuế của ông/bà đủ điều kiện để nhận tiền hoàn thuế TNCN năm 2023. Kê khai tại: https://hoanthue-tncn.vip ngay hôm nay,1,synthetic,synthetic_label_1,data/synthetic/synthetic_label_1.csv,2269,,,,,,,,,,,,,,,
phase1_04735,Jollibee: Combo Happy Meal chi 45.000 dong kem qua tang doc dao cho be. Chuong trinh dien ra den het ngay 15/07/2025. Thong tin chi tiet tai jollibee.com.vn.,0,synthetic,synthetic_label_0,data/synthetic/synthetic_label_0.csv,2168,,,,,,,,,,,,,,,
phase1_04834,EVNSPC: Thong bao tien dien thang 10/2024 cua khach hang PE01000123456 la 850.500d. Quy khach vui long thanh toan truoc ngay 20/11. LH 19001102,0,synthetic,synthetic_label_0,data/synthetic/synthetic_label_0.csv,2267,,,,,,,,,,,,,,,
phase1_03548,TONG CUC THUE: Thong bao so thue con no den ngay 30/09 la 500.000d. Vui long LH chi cuc thue quan ly de duoc huong dan nop thue.,0,synthetic,synthetic_label_0,data/synthetic/synthetic_label_0.csv,980,,,,,,,,,,,,,,,
phase1_05393,Jollibee tặng mã JOLLI20 giảm 20.000đ cho đơn hàng từ 150.000đ khi đặt qua hotline 19001533. Ưu đãi áp dụng các ngày cuối tuần đến hết 30/11/2025.,0,synthetic,synthetic_label_0,data/synthetic/synthetic_label_0.csv,2826,,,,,,,,,,,,,,,
phase1_02412,https://ww.facebook.com/CSKHduongdinhninh035/ Chị nhắn vào Facebook bạn này ạ chị nhắn là tôi muốn hoàn tiền đơn hàng mĩ phẩm HASAKI bị lỗi gây kích ứng MVD: 1041 SĐT ĐẶT HÀNG: 0987654321,1,real,real_label_1,data/ground_truth/dataset_label_1_with_categories.csv,90,,,,,,,,,,,,,,,
phase1_03017,[TB] Chuc mung Quy khach da tich luy du 5.000 diem Viettel++. Quy khach duoc tang goi data ST15K (3GB/3 ngay). Soan DOI 5000 DATA gui 191 de nhan uu dai.,0,synthetic,synthetic_label_0,data/synthetic/synthetic_label_0.csv,449,,,,,,,,,,,,,,,
phase1_04485,BHXH VN: Thoi han su dung the BHYT cua Quy khach sap het han vao ngay 31/12/2024. Vui long gia han tai cong dichvucong.baohiemxahoi.gov.vn de dam bao quyen loi kham chua benh.,0,synthetic,synthetic_label_0,data/synthetic/synthetic_label_0.csv,1918,,,,,,,,,,,,,,,
phase1_02335,(Vietcombank)Chung toi phat hien tai khoan cua ban dang tieu dung o nuoc ngoai .Neu khong phai ban dang tieu dung vui long nhap vao https://i-vietcombank.com,1,real,real_label_1,data/ground_truth/dataset_label_1_with_categories.csv,13,,,,,,,,,,,,,,,
phase1_02233,Ma OTP xac thuc giao dich la 415629. The 452404....4676 thanh toan so tien 75000 ngay 20250302160131 tai don vi STEAMGAMES.COM 4259522985. TUYET DOI KHONG CUNG CAP OTP CHO BAT KY AI,0,real,real_label_0,data/ground_truth/dataset_label_0_with_categories.csv,2238,,,,,,,,,,,,,,,
phase1_02654,"[QC] MobiFone chúc mừng ngày Nhà Giáo Việt Nam 20/11. Tặng ngay 2GB Data tốc độ cao cho khách hàng nạp thẻ từ 50.000đ trở lên qua ứng dụng My MobiFone. CT áp dụng duy nhất hôm nay. LH 9090. Tu choi QC, soan TC gui 9241.",0,synthetic,synthetic_label_0,data/synthetic/synthetic_label_0.csv,86,,,,,,,,,,,,,,,
phase1_00414,[TB] Chuc mung Quy khach da duoc tang bo Voucher uu dai len den 2 trieu dong cho dich vu dat xe tren ung dung BE khi dang ky thanh cong goi ST5KM tren ung dung My Viettel. Quy khach truy cap link https://bit.ly/be-viettel-quatang de biet them thong tin chi tiet ve chuong trinh va nhan uu dai. Chi tiet LH 198 (0d). Tran trong!,0,real,real_label_0,data/ground_truth/dataset_label_0_with_categories.csv,413,,,,,,,,,,,,,,,
phase1_06667,"V7Bet chào mừng thành viên mới. Baccarat trực tiếp, chọi gà, xổ số. Rút tiền 3 phút, CSKH 24/24. Web: v92kx.com",1,synthetic,synthetic_label_1,data/synthetic/synthetic_label_1.csv,1103,,,,,,,,,,,,,,,
phase1_00865,"[TB] ĐÓN CHÀO THÁNG MỚI! Nạp thẻ trong hôm nay (1/7) để nhận KM 20% và đăng ký gói ưu đãi: 120K/30 ngày có 2GB/ngày, miễn phí gọi điện (soạn V120C gửi 191, chi tiết gói cước tại https://myvt.page.link/V120C ) Lưu ý: Thẻ nạp vào tài khoản viễn thông, tiền KM sử dụng nội mạng đến hết ngày 16/07/2022. Giảm thêm đến 10% khi nạp thẻ tại https://vt.vtmoney.vn/kmdt253 CT dành riêng cho Quý khách. LH 198 (0đ).",0,real,real_label_0,data/ground_truth/dataset_label_0_with_categories.csv,865,,,,,,,,,,,,,,,
phase1_03299,Quan Cafe Chill nhan dat ban cho ban luc 20h. Cam on ban da ung ho.,0,synthetic,synthetic_label_0,data/synthetic/synthetic_label_0.csv,731,,,,,,,,,,,,,,,
phase1_06183,HN-Telegram_T-i-m_d-o-i_t-a-c_k-i-n-h_d-a-o_t.me/hn_partner_Z2s,1,synthetic,synthetic_label_1,data/synthetic/synthetic_label_1.csv,619,,,,,,,,,,,,,,,
phase1_09711,B0_LĐ-TB-XH: Ong-Ba_da-du_d!eu_k!en-NHAN-T1EN_ho_tro. Bam_vao_mo.mnbvc.com_ngay. QUA-HAN_SE-KHONG^DUOC_CHAP-NHAN! sD4f,1,synthetic,synthetic_label_1,data/synthetic/synthetic_label_1.csv,4148,,,,,,,,,,,,,,,
phase1_02542,Web truong bi hack roi ! LH telegram : t.me/haykhum minh ban toan bo csdl cua truong nhe !,1,real,real_label_1,data/ground_truth/dataset_label_1_with_categories.csv,221,,,,,,,,,,,,,,,
phase1_04819,Tong cuc Thue: Huong dan dang ky thue lan dau cho ho kinh doanh ca the da co tren cong thong tin gdt.gov.vn. Vui long truy cap de xem chi tiet.,0,synthetic,synthetic_label_0,data/synthetic/synthetic_label_0.csv,2252,,,,,,,,,,,,,,,
phase1_02208,"Quy Khach dang su dung Goi BIG 2GB/ngay. Dung luong con lai cua Quy khach la 1987 MB, su dung den 23:59:59 ngay 18/03/2025. Goi cuoc cua Quy Khach co hieu luc den 23:59:59 12/04/2025. CSKH 18001091 (0d)",0,real,real_label_0,data/ground_truth/dataset_label_0_with_categories.csv,2213,,,,,,,,,,,,,,,
phase1_00384,"Quy khach co 52.493 dong trong tai khoan. Bam goi *098*3# de co 3GB voi 15.000d/3 ngay hoac *098*989# (30.000d/3 ngay) co 15GB (5GB/ngay), mien phi 10 phut/cuoc noi mang, 15 phut ngoai mang, SMS noi mang va TV360. Goi cuoc gia han khi het chu ky. De biet thong tin cac uu dai khac, bam goi *098# hoac truy cap My Viettel tai https://myvt.page.link/goidata . Chi tiet LH 198 (0d). Tran trong.",0,real,real_label_0,data/ground_truth/dataset_label_0_with_categories.csv,383,,,,,,,,,,,,,,,
phase1_02406,"Bộ giao thông vận tải, xin thông báo ông/bà có biên lai chưa nộp phạt.Hôm nay là thông báo cuối cùng. Yêu cầu nhanh chóng giải quyết mọi thắc mắc Vui lòng liên hệ : 0782320830",1,real,real_label_1,data/ground_truth/dataset_label_1_with_categories.csv,84,,,,,,,,,,,,,,,
phase1_02300,"(TB) Chúc mừng đội tuyển VIỆT NAM VÔ ĐỊCH ASEAN CUP 2024, VinaPhone tặng riêng Quý khách 20% giá trị thẻ nạp vào NGÀY MAI 07/1/2025 (khuyến mại được sử dụng gọi/nhắn tin trong 15 ngày). Cơ hội trúng iPhone 16 Pro Max và hàng ngàn giải thưởng tổng trị giá hơn 5,5 TỶ đồng khi nạp thẻ từ 20.000đ. Thêm ưu đãi hời khi nạp thẻ tại https://my.vnpt.com.vn/adv/napthe . CSKH: 18001091 (0đ).",0,real,real_label_0,data/ground_truth/dataset_label_0_with_categories.csv,2305,,,,,,,,,,,,,,,
phase1_00871,Do su co tam gian doan cap dien Khach hang PE13000146339 tu 17:51 - 19:51 ngay 22/06/2022. Kinh xin loi quy Khach hang va mong duoc thong cam. LH 1900545454,0,real,real_label_0,data/ground_truth/dataset_label_0_with_categories.csv,871,,,,,,,,,,,,,,,
phase1_05360,GHN: Van don SHNR554433221 da giao thanh cong luc 08:45. Cam on ban da su dung dich vu GHN.,0,synthetic,synthetic_label_0,data/synthetic/synthetic_label_0.csv,2793,,,,,,,,,,,,,,,
phase1_01097,"[TB] DUNG QUEN NAP THE HOM NAY 20/1: tang 20% gia tri tat ca the nap. Tien KM su dung noi, ngoai mang den het 04/02/2021. DAC BIET, tang them 50% gia tri the nap, quy doi thanh diem Viettel++ de trai nghiem DV Viettel (ap dung cho the nap dau tien tu 20-31/1). CT danh cho TB nhan duoc tin nhan. LH 198 (0d). Tran trong.",0,real,real_label_0,data/ground_truth/dataset_label_0_with_categories.csv,1098,,,,,,,,,,,,,,,
phase1_07712,[CẢNH CÁO LẦN CUỐI]: Phòng AN NINH ĐIỀU TRA thông báo O/B sẽ bị truy đầy trách nhiệm hình sự về hành vi chiếm đoạt tài sản. Yêu cầu trình diện trước 17g hôm nay để điều tra toàn bộ thông tin hình ảnh. LH: 84903112233.,1,synthetic,synthetic_label_1,data/synthetic/synthetic_label_1.csv,2148,,,,,,,,,,,,,,,
phase1_05892,"CANH BAO LAN CUOI!!! Phòng AN NINH DIEU TRA thông báo O/B đang liên quan đến vụ án lừa đảo tín dụng. Yêu cầu liên hệ 84912345678 trước 17g hôm nay để phối hợp điều tra toàn bộ thông tin, tránh trách nhiệm hình sự.",1,synthetic,synthetic_label_1,data/synthetic/synthetic_label_1.csv,328,,,,,,,,,,,,,,,
phase1_02553,"G.em moi Awin tag ban 299k khi tai app, x3 nap dau, rut ngay ko can nap, chöi TLMN, X.öc-D.ia, N.öhu...dinhcao. cIick : https://athd.cc/5TyUoM",1,real,real_label_1,data/ground_truth/dataset_label_1_with_categories.csv,232,,,,,,,,,,,,,,,
phase1_02464,"Còn 28 lượt đăng ký cuối cùng! Xin chào, có phải bạn đang muốn tìm công việc không? Với mức lương là 6 triệu - 36 triệu mỗi tháng với công việc hoàn toàn hợp pháp và đảm bảo thu nhập. Mỗi ngày bạn nhận thấp nhất 800 nghìn, kiếm tiền tại nhà đơn giản. Nếu như bạn có nhu cầu vui lòng liên hệ Zalo ID: 84879453327. Dưới 23 tuổi vui lòng không liên hệ tham gia. Sao chép liên kết vào trình duyệt: https://zalo.me/84879453327. Dịch vụ 1 với 1.",1,real,real_label_1,data/ground_truth/dataset_label_1_with_categories.csv,142,,,,,,,,,,,,,,,
phase1_05488,BV 108 thong bao: Lich tiem vaccine cho be BUI THI YEN vao 9h00 ngay 21/05/2024 tai Khoa Nhi.,0,synthetic,synthetic_label_0,data/synthetic/synthetic_label_0.csv,2921,,,,,,,,,,,,,,,
phase1_01186,"Truong DH CNTT thong bao hoc HT2 mon He thong thong tin dia ly 3 chieu(IE402.Q11.1) vao thu 5 ngay 09/10/2025, Tiet 1,2,3, Phong B5.02. Chi tiet vui long lien he (028) 372 52002 chon 155",0,real,real_label_0,data/ground_truth/dataset_label_0_with_categories.csv,1188,,,,,,,,,,,,,,,
phase1_07313,"CẢNH BÁO LẦN CUỐI!!! Bà Ngô Thị Diệp CMND: 215.436.782 phải thanh toán 10,234,000VND cho Mcredit trước 17g hôm nay. Nếu không hợp tác chúng tôi sẽ khởi tố tội lạm dụng tín nhiệm. LH: 095-566-7788.",1,synthetic,synthetic_label_1,data/synthetic/synthetic_label_1.csv,1749,,,,,,,,,,,,,,,
phase1_03770,"ZaloPay: Thanh toan dien, nuoc hoan tien 20k cho hoa don tu 500k. Han dung 20/08/2026. Mo app zalopay.vn de nhan uu dai.",0,synthetic,synthetic_label_0,data/synthetic/synthetic_label_0.csv,1202,,,,,,,,,,,,,,,
phase1_07901,SACOMBANK: Tai khoan cua ban dang nhap tai thiet bi khac. Vui long vao sacombank.vn-kb.top de doi MK,1,synthetic,synthetic_label_1,data/synthetic/synthetic_label_1.csv,2337,,,,,,,,,,,,,,,
phase1_04297,TikTok Shop: Don hang 992038471625 da giao thanh cong. Quy khach vui long danh gia shop de giup chung toi thuc hien tot hon.,0,synthetic,synthetic_label_0,data/synthetic/synthetic_label_0.csv,1730,,,,,,,,,,,,,,,
phase1_04202,Anh Hung nhac cau lam gap cai slide thuyet trinh cho khach hang vao sang mai.,0,synthetic,synthetic_label_0,data/synthetic/synthetic_label_0.csv,1635,,,,,,,,,,,,,,,
phase1_01719,OTP cua Quy Khach la: 20666970. Ma xac thuc giao dich tren vi co hieu luc trong vong 2 phut. QK TUYET DOI khong cung cap OTP cho nguoi khac tranh bi lua dao!,0,real,real_label_0,data/ground_truth/dataset_label_0_with_categories.csv,1723,,,,,,,,,,,,,,,
phase1_04097,SHOPEE: Ma xac minh lien ket ngan hang cua ban la 330294. KHONG chia se ma nay voi nguoi khac.,0,synthetic,synthetic_label_0,data/synthetic/synthetic_label_0.csv,1530,,,,,,,,,,,,,,,
phase1_02805,[GHN] GHNR240522005: Se den lay hang luc 15:30. Vui long chuan bi kien hang. LH tai xe 0944556677.,0,synthetic,synthetic_label_0,data/synthetic/synthetic_label_0.csv,237,,,,,,,,,,,,,,,
phase1_00903,Do su co tam gian doan cap dien Khach hang PE13000143179 tu 09:15 - 12:15 ngay 30/04/2022. Kinh xin loi quy Khach hang va mong duoc thong cam. LH 1900545454,0,real,real_label_0,data/ground_truth/dataset_label_0_with_categories.csv,903,,,,,,,,,,,,,,,
phase1_02188,"(TB) Gói cước FHAPPY của Quý khách sẽ hết hạn vào ngày 11/04/2025. Để được gia hạn gói cước FHAPPY, Quý khách vui lòng nạp 118000đ hoặc liên hệ nhân viên CSKH VinaPhone, số điện thoại 0918741788 để được hỗ trợ. Trân trọng!",0,real,real_label_0,data/ground_truth/dataset_label_0_with_categories.csv,2193,,,,,,,,,,,,,,,
