setup,seed,sample_id,content,label,has_url,has_phone_number,sender_type,category,obfuscation_level,data_origin,source_dataset,source_file,source_row_id,eval_subset,true_label,pred_label,prob_label0,prob_label1,is_correct,error_type,source_error_file,variant_key,threshold,variant,case_id,suggested_reason
A_real_only,123,phase1_02429,Chuc mung ban da nhan duoc 1 chiec dien thoai E770i tu chuong trinh Quay So Ngau Nhien cua Mobifone. SoanTin: XU E770i31 va gui 4 lan den 6769 de xem chi tiet,1,0.0,0.0,shortcode,Khác,NONE,real,real_label_1,data/ground_truth/dataset_label_1_with_categories.csv,107.0,real_test,1,0,0.99942744,0.0005725466,False,FN,setup_results\setup_a_results\setup_a_seed_123_real_test_errors.csv,A_real_only,,,phase1_02429,FN_obfuscation_or_leet
A_real_only,123,phase1_01845,Chao Quy PH-HS da dang ky tham gia Hoi thao Hoi&Dap Tuyen sinh 2022 - Dai hoc FPT. Chuong trinh se bat dau luc 19:00 toi nay. Moi Quy PH-HS tham du bang duong link: https://us02web.zoom.us/j/84853187652 hoac Zoom ID: 848 5318 7652. Mat khau vao phong: FPT. Hotline (028) 7300 5588.,0,1.0,1.0,brandname,Khác,NONE,real,real_label_0,data/ground_truth/dataset_label_0_with_categories.csv,1849.0,real_test,0,1,0.15746048,0.8425395,False,FP,setup_results\setup_a_results\setup_a_seed_123_real_test_errors.csv,A_real_only,,,phase1_01845,FP_legitimate_recruitment_like
A_real_only,123,phase1_02442,"TNEX Ma OTP cua ban 632900, se het han sau 2 phut. Vui long KHONG chia se ma cho bat ky ai voi bat ky ly do nao https//vi.ecmjJ7U4frh",1,1.0,0.0,personal_number,Giả mạo ngân hàng,NONE,real,real_label_1,data/ground_truth/dataset_label_1_with_categories.csv,120.0,real_test,1,0,0.5994851,0.40051487,False,FN,setup_results\setup_a_results\setup_a_seed_123_real_test_errors.csv,A_real_only,,,phase1_02442,FN_obfuscation_or_leet
A_real_only,123,phase1_02534,Hãy nhận thưởng từ Ngân hàng Vietcombank với cơ hội nhận được số tiền lớn! Đăng ký tài khoản ngay tại https://vcb.vn-iy.life để nhận thưởng ngay! Trân trọng!,1,1.0,0.0,brandname,Giả mạo ngân hàng,NONE,real,real_label_1,data/ground_truth/dataset_label_1_with_categories.csv,213.0,real_test,1,0,0.9800913,0.01990879,False,FN,setup_results\setup_a_results\setup_a_seed_123_real_test_errors.csv,A_real_only,,,phase1_02534,FN_obfuscation_or_leet
A_real_only,123,phase1_00942,"Nhan dip Tet Nham Dan,BLD va Ban Dai dien CMHS truong THPT Nguyen Cong Tru kinh chuc Quy PHHS va toan the gia dinh suc khoe,hanh phuc,binh an,van su nhu y",0,0.0,0.0,brandname,Khác,NONE,real,real_label_0,data/ground_truth/dataset_label_0_with_categories.csv,943.0,real_test,0,1,0.025516601,0.9744834,False,FP,setup_results\setup_a_results\setup_a_seed_123_real_test_errors.csv,A_real_only,,,phase1_00942,FP_official_brandlike
A_real_only,123,phase1_02077,"Moi ban tao tai khoan S-Student de nhan dac quyen: giam them den 10%, tro gia den 5tr khi len doi va giam phi giao hang. Tao tai khoan ngay: https://go.cps.onl/5n7dsskw",0,1.0,0.0,brandname,Khác,NONE,real,real_label_0,data/ground_truth/dataset_label_0_with_categories.csv,2081.0,real_test,0,1,0.005899603,0.9941004,False,FP,setup_results\setup_a_results\setup_a_seed_123_real_test_errors.csv,A_real_only,,,phase1_02077,FP_legitimate_promotion_reward
A_real_only,123,phase1_01145,Bạn đã yêu cầu Google khôi phục quyền truy cập cho duyj4f2004@gmail.com? Nếu không phải thì hãy kiểm tra email để tìm hiểu cách DỪNG yêu cầu này.,0,1.0,0.0,brandname,Khác,NONE,real,real_label_0,data/ground_truth/dataset_label_0_with_categories.csv,1146.0,real_test,0,1,0.36254594,0.6374541,False,FP,setup_results\setup_a_results\setup_a_seed_123_real_test_errors.csv,A_real_only,,,phase1_01145,FP_legitimate_with_url
A_real_only,2025,phase1_02429,Chuc mung ban da nhan duoc 1 chiec dien thoai E770i tu chuong trinh Quay So Ngau Nhien cua Mobifone. SoanTin: XU E770i31 va gui 4 lan den 6769 de xem chi tiet,1,0.0,0.0,shortcode,Khác,NONE,real,real_label_1,data/ground_truth/dataset_label_1_with_categories.csv,107.0,real_test,1,0,0.9947595,0.005240449,False,FN,setup_results\setup_a_results\setup_a_seed_2025_real_test_errors.csv,A_real_only,,,phase1_02429,FN_obfuscation_or_leet
A_real_only,2025,phase1_01845,Chao Quy PH-HS da dang ky tham gia Hoi thao Hoi&Dap Tuyen sinh 2022 - Dai hoc FPT. Chuong trinh se bat dau luc 19:00 toi nay. Moi Quy PH-HS tham du bang duong link: https://us02web.zoom.us/j/84853187652 hoac Zoom ID: 848 5318 7652. Mat khau vao phong: FPT. Hotline (028) 7300 5588.,0,1.0,1.0,brandname,Khác,NONE,real,real_label_0,data/ground_truth/dataset_label_0_with_categories.csv,1849.0,real_test,0,1,0.10194652,0.89805347,False,FP,setup_results\setup_a_results\setup_a_seed_2025_real_test_errors.csv,A_real_only,,,phase1_01845,FP_legitimate_recruitment_like
A_real_only,2025,phase1_02445,"Hệ Thống Messenger Thông Báo: Xin chúc mừng tài khoản Messenger đã may mắn nhận được Giải Nhất từ sự kiện 'Tuần Lễ Vàng' tri ân khách hàng chào Quý 3, đón Năm Mới 2024. Bây giờ bạn vui lòng tiến hành truy cập vào trang địa chỉ website: TraoThuongQuy3.Com (viết liền nhau, không dấu) để đăng ký làm thủ tục hồ sơ nhận thưởng. Hoặc có thể truy cập công cụ tìm kiếm Google và gõ từ khóa: (TraoThuongQuy3.Com). Sau đó chọn kết quả tìm kiếm đầu tiên để truy cập trang website lãnh thưởng. Mọi thắc mắc xin liên hệ Tổng đài CSKH: [(08) 9921 4440]",1,0.0,0.0,personal_number,Khác,NONE,real,real_label_1,data/ground_truth/dataset_label_1_with_categories.csv,123.0,real_test,1,0,0.578597,0.42140296,False,FN,setup_results\setup_a_results\setup_a_seed_2025_real_test_errors.csv,A_real_only,,,phase1_02445,FN_obfuscation_or_leet
A_real_only,2025,phase1_00810,"Cam on quy khach da mo dich vu ngan hang dien tu VPBank. Luu y KHONG tiet lo mat khau khoi tao cho bat ky ai, bao gom ca Ngan hang. Mat khau khoi tao la xbmB7qab",0,0.0,0.0,brandname,Ngân hàng thật,NONE,real,real_label_0,data/ground_truth/dataset_label_0_with_categories.csv,810.0,real_test,0,1,0.010130412,0.98986953,False,FP,setup_results\setup_a_results\setup_a_seed_2025_real_test_errors.csv,A_real_only,,,phase1_00810,FP_official_brandlike
A_real_only,2025,phase1_02412,https://ww.facebook.com/CSKHduongdinhninh035/ Chị nhắn vào Facebook bạn này ạ chị nhắn là tôi muốn hoàn tiền đơn hàng mĩ phẩm HASAKI bị lỗi gây kích ứng MVD: 1041 SĐT ĐẶT HÀNG: 0987654321,1,1.0,1.0,personal_number,Khác,NONE,real,real_label_1,data/ground_truth/dataset_label_1_with_categories.csv,90.0,real_test,1,0,0.6725468,0.32745323,False,FN,setup_results\setup_a_results\setup_a_seed_2025_real_test_errors.csv,A_real_only,,,phase1_02412,FN_obfuscation_or_leet
A_real_only,2025,phase1_01955,"[KHAO SAT] Quy khach co dong y voi y kien ""Nhan vien Cua hang Viettel da ho tro tich cuc de giup Quy khach giai quyet van de gap phai mot cach de dang"" theo thang diem tu 1 den 7 (1-3: Khong dong y; 4: Binh thuong; 5-7: Dong y) bang cach nhap so diem va phan hoi lai tin nhan nay (mien phi).",0,0.0,0.0,shortcode,Khác,NONE,real,real_label_0,data/ground_truth/dataset_label_0_with_categories.csv,1959.0,real_test,0,1,0.09451042,0.9054896,False,FP,setup_results\setup_a_results\setup_a_seed_2025_real_test_errors.csv,A_real_only,,,phase1_01955,FP_official_brandlike
A_real_only,2025,phase1_01145,Bạn đã yêu cầu Google khôi phục quyền truy cập cho duyj4f2004@gmail.com? Nếu không phải thì hãy kiểm tra email để tìm hiểu cách DỪNG yêu cầu này.,0,1.0,0.0,brandname,Khác,NONE,real,real_label_0,data/ground_truth/dataset_label_0_with_categories.csv,1146.0,real_test,0,1,0.08953418,0.91046584,False,FP,setup_results\setup_a_results\setup_a_seed_2025_real_test_errors.csv,A_real_only,,,phase1_01145,FP_legitimate_with_url
A_real_only,42,phase1_02429,Chuc mung ban da nhan duoc 1 chiec dien thoai E770i tu chuong trinh Quay So Ngau Nhien cua Mobifone. SoanTin: XU E770i31 va gui 4 lan den 6769 de xem chi tiet,1,0.0,0.0,shortcode,Khác,NONE,real,real_label_1,data/ground_truth/dataset_label_1_with_categories.csv,107.0,real_test,1,0,0.9995216,0.00047842562,False,FN,setup_results\setup_a_results\setup_a_seed_42_real_test_errors.csv,A_real_only,,,phase1_02429,FN_obfuscation_or_leet
A_real_only,42,phase1_01845,Chao Quy PH-HS da dang ky tham gia Hoi thao Hoi&Dap Tuyen sinh 2022 - Dai hoc FPT. Chuong trinh se bat dau luc 19:00 toi nay. Moi Quy PH-HS tham du bang duong link: https://us02web.zoom.us/j/84853187652 hoac Zoom ID: 848 5318 7652. Mat khau vao phong: FPT. Hotline (028) 7300 5588.,0,1.0,1.0,brandname,Khác,NONE,real,real_label_0,data/ground_truth/dataset_label_0_with_categories.csv,1849.0,real_test,0,1,0.027091902,0.9729081,False,FP,setup_results\setup_a_results\setup_a_seed_42_real_test_errors.csv,A_real_only,,,phase1_01845,FP_legitimate_recruitment_like
A_real_only,42,phase1_02442,"TNEX Ma OTP cua ban 632900, se het han sau 2 phut. Vui long KHONG chia se ma cho bat ky ai voi bat ky ly do nao https//vi.ecmjJ7U4frh",1,1.0,0.0,personal_number,Giả mạo ngân hàng,NONE,real,real_label_1,data/ground_truth/dataset_label_1_with_categories.csv,120.0,real_test,1,0,0.99897975,0.0010202174,False,FN,setup_results\setup_a_results\setup_a_seed_42_real_test_errors.csv,A_real_only,,,phase1_02442,FN_obfuscation_or_leet
A_real_only,42,phase1_02445,"Hệ Thống Messenger Thông Báo: Xin chúc mừng tài khoản Messenger đã may mắn nhận được Giải Nhất từ sự kiện 'Tuần Lễ Vàng' tri ân khách hàng chào Quý 3, đón Năm Mới 2024. Bây giờ bạn vui lòng tiến hành truy cập vào trang địa chỉ website: TraoThuongQuy3.Com (viết liền nhau, không dấu) để đăng ký làm thủ tục hồ sơ nhận thưởng. Hoặc có thể truy cập công cụ tìm kiếm Google và gõ từ khóa: (TraoThuongQuy3.Com). Sau đó chọn kết quả tìm kiếm đầu tiên để truy cập trang website lãnh thưởng. Mọi thắc mắc xin liên hệ Tổng đài CSKH: [(08) 9921 4440]",1,0.0,0.0,personal_number,Khác,NONE,real,real_label_1,data/ground_truth/dataset_label_1_with_categories.csv,123.0,real_test,1,0,0.9912717,0.008728267,False,FN,setup_results\setup_a_results\setup_a_seed_42_real_test_errors.csv,A_real_only,,,phase1_02445,FN_obfuscation_or_leet
A_real_only,42,phase1_00810,"Cam on quy khach da mo dich vu ngan hang dien tu VPBank. Luu y KHONG tiet lo mat khau khoi tao cho bat ky ai, bao gom ca Ngan hang. Mat khau khoi tao la xbmB7qab",0,0.0,0.0,brandname,Ngân hàng thật,NONE,real,real_label_0,data/ground_truth/dataset_label_0_with_categories.csv,810.0,real_test,0,1,0.005169658,0.9948303,False,FP,setup_results\setup_a_results\setup_a_seed_42_real_test_errors.csv,A_real_only,,,phase1_00810,FP_official_brandlike
A_real_only,42,phase1_01145,Bạn đã yêu cầu Google khôi phục quyền truy cập cho duyj4f2004@gmail.com? Nếu không phải thì hãy kiểm tra email để tìm hiểu cách DỪNG yêu cầu này.,0,1.0,0.0,brandname,Khác,NONE,real,real_label_0,data/ground_truth/dataset_label_0_with_categories.csv,1146.0,real_test,0,1,0.056548137,0.9434519,False,FP,setup_results\setup_a_results\setup_a_seed_42_real_test_errors.csv,A_real_only,,,phase1_01145,FP_legitimate_with_url
B1_class_weight_default,123,phase1_02429,Chuc mung ban da nhan duoc 1 chiec dien thoai E770i tu chuong trinh Quay So Ngau Nhien cua Mobifone. SoanTin: XU E770i31 va gui 4 lan den 6769 de xem chi tiet,1,0.0,0.0,shortcode,Khác,NONE,real,real_label_1,data/ground_truth/dataset_label_1_with_categories.csv,107.0,real_test,1,0,0.9988508,0.0011491554,False,FN,setup_results\setup_b_results\setup_b_B1_class_weight_default_seed_123_real_test_errors.csv,B1_class_weight_default,0.5,,phase1_02429,FN_obfuscation_or_leet
B1_class_weight_default,123,phase1_02442,"TNEX Ma OTP cua ban 632900, se het han sau 2 phut. Vui long KHONG chia se ma cho bat ky ai voi bat ky ly do nao https//vi.ecmjJ7U4frh",1,1.0,0.0,personal_number,Giả mạo ngân hàng,NONE,real,real_label_1,data/ground_truth/dataset_label_1_with_categories.csv,120.0,real_test,1,0,0.99884856,0.0011513996,False,FN,setup_results\setup_b_results\setup_b_B1_class_weight_default_seed_123_real_test_errors.csv,B1_class_weight_default,0.5,,phase1_02442,FN_obfuscation_or_leet
B1_class_weight_default,123,phase1_02445,"Hệ Thống Messenger Thông Báo: Xin chúc mừng tài khoản Messenger đã may mắn nhận được Giải Nhất từ sự kiện 'Tuần Lễ Vàng' tri ân khách hàng chào Quý 3, đón Năm Mới 2024. Bây giờ bạn vui lòng tiến hành truy cập vào trang địa chỉ website: TraoThuongQuy3.Com (viết liền nhau, không dấu) để đăng ký làm thủ tục hồ sơ nhận thưởng. Hoặc có thể truy cập công cụ tìm kiếm Google và gõ từ khóa: (TraoThuongQuy3.Com). Sau đó chọn kết quả tìm kiếm đầu tiên để truy cập trang website lãnh thưởng. Mọi thắc mắc xin liên hệ Tổng đài CSKH: [(08) 9921 4440]",1,0.0,0.0,personal_number,Khác,NONE,real,real_label_1,data/ground_truth/dataset_label_1_with_categories.csv,123.0,real_test,1,0,0.9730621,0.02693789,False,FN,setup_results\setup_b_results\setup_b_B1_class_weight_default_seed_123_real_test_errors.csv,B1_class_weight_default,0.5,,phase1_02445,FN_obfuscation_or_leet
B1_class_weight_default,123,phase1_00942,"Nhan dip Tet Nham Dan,BLD va Ban Dai dien CMHS truong THPT Nguyen Cong Tru kinh chuc Quy PHHS va toan the gia dinh suc khoe,hanh phuc,binh an,van su nhu y",0,0.0,0.0,brandname,Khác,NONE,real,real_label_0,data/ground_truth/dataset_label_0_with_categories.csv,943.0,real_test,0,1,0.04560694,0.954393,False,FP,setup_results\setup_b_results\setup_b_B1_class_weight_default_seed_123_real_test_errors.csv,B1_class_weight_default,0.5,,phase1_00942,FP_official_brandlike
B1_class_weight_default,123,phase1_02077,"Moi ban tao tai khoan S-Student de nhan dac quyen: giam them den 10%, tro gia den 5tr khi len doi va giam phi giao hang. Tao tai khoan ngay: https://go.cps.onl/5n7dsskw",0,1.0,0.0,brandname,Khác,NONE,real,real_label_0,data/ground_truth/dataset_label_0_with_categories.csv,2081.0,real_test,0,1,0.001364362,0.9986356,False,FP,setup_results\setup_b_results\setup_b_B1_class_weight_default_seed_123_real_test_errors.csv,B1_class_weight_default,0.5,,phase1_02077,FP_legitimate_promotion_reward
B1_class_weight_default,123,phase1_01145,Bạn đã yêu cầu Google khôi phục quyền truy cập cho duyj4f2004@gmail.com? Nếu không phải thì hãy kiểm tra email để tìm hiểu cách DỪNG yêu cầu này.,0,1.0,0.0,brandname,Khác,NONE,real,real_label_0,data/ground_truth/dataset_label_0_with_categories.csv,1146.0,real_test,0,1,0.094594024,0.90540594,False,FP,setup_results\setup_b_results\setup_b_B1_class_weight_default_seed_123_real_test_errors.csv,B1_class_weight_default,0.5,,phase1_01145,FP_legitimate_with_url
B1_class_weight_default,2025,phase1_02429,Chuc mung ban da nhan duoc 1 chiec dien thoai E770i tu chuong trinh Quay So Ngau Nhien cua Mobifone. SoanTin: XU E770i31 va gui 4 lan den 6769 de xem chi tiet,1,0.0,0.0,shortcode,Khác,NONE,real,real_label_1,data/ground_truth/dataset_label_1_with_categories.csv,107.0,real_test,1,0,0.98942953,0.010570489,False,FN,setup_results\setup_b_results\setup_b_B1_class_weight_default_seed_2025_real_test_errors.csv,B1_class_weight_default,0.5,,phase1_02429,FN_obfuscation_or_leet
B1_class_weight_default,2025,phase1_01845,Chao Quy PH-HS da dang ky tham gia Hoi thao Hoi&Dap Tuyen sinh 2022 - Dai hoc FPT. Chuong trinh se bat dau luc 19:00 toi nay. Moi Quy PH-HS tham du bang duong link: https://us02web.zoom.us/j/84853187652 hoac Zoom ID: 848 5318 7652. Mat khau vao phong: FPT. Hotline (028) 7300 5588.,0,1.0,1.0,brandname,Khác,NONE,real,real_label_0,data/ground_truth/dataset_label_0_with_categories.csv,1849.0,real_test,0,1,0.008660931,0.991339,False,FP,setup_results\setup_b_results\setup_b_B1_class_weight_default_seed_2025_real_test_errors.csv,B1_class_weight_default,0.5,,phase1_01845,FP_legitimate_recruitment_like
B1_class_weight_default,2025,phase1_01017,Ban da dang ky giao dich dien tu BHXH thanh cong. Tai khoan: 7936728646 - Mat khau: 526669,0,0.0,0.0,brandname,Dịch vụ công thật,NONE,real,real_label_0,data/ground_truth/dataset_label_0_with_categories.csv,1018.0,real_test,0,1,0.28532216,0.7146778,False,FP,setup_results\setup_b_results\setup_b_B1_class_weight_default_seed_2025_real_test_errors.csv,B1_class_weight_default,0.5,,phase1_01017,FP_official_brandlike
B1_class_weight_default,2025,phase1_02445,"Hệ Thống Messenger Thông Báo: Xin chúc mừng tài khoản Messenger đã may mắn nhận được Giải Nhất từ sự kiện 'Tuần Lễ Vàng' tri ân khách hàng chào Quý 3, đón Năm Mới 2024. Bây giờ bạn vui lòng tiến hành truy cập vào trang địa chỉ website: TraoThuongQuy3.Com (viết liền nhau, không dấu) để đăng ký làm thủ tục hồ sơ nhận thưởng. Hoặc có thể truy cập công cụ tìm kiếm Google và gõ từ khóa: (TraoThuongQuy3.Com). Sau đó chọn kết quả tìm kiếm đầu tiên để truy cập trang website lãnh thưởng. Mọi thắc mắc xin liên hệ Tổng đài CSKH: [(08) 9921 4440]",1,0.0,0.0,personal_number,Khác,NONE,real,real_label_1,data/ground_truth/dataset_label_1_with_categories.csv,123.0,real_test,1,0,0.80147004,0.19852991,False,FN,setup_results\setup_b_results\setup_b_B1_class_weight_default_seed_2025_real_test_errors.csv,B1_class_weight_default,0.5,,phase1_02445,FN_obfuscation_or_leet
B1_class_weight_default,2025,phase1_01801,"Cam on ban da quan tam den DH Cong nghe Mien Dong (MIT), truong tiep tuc xet tuyen NVBS den 10/10. Ban Dang ky online tai dangky.mit.vn . DT/Zalo: 0981767568",0,1.0,1.0,brandname,Khác,NONE,real,real_label_0,data/ground_truth/dataset_label_0_with_categories.csv,1805.0,real_test,0,1,0.38496992,0.61503005,False,FP,setup_results\setup_b_results\setup_b_B1_class_weight_default_seed_2025_real_test_errors.csv,B1_class_weight_default,0.5,,phase1_01801,FP_legitimate_recruitment_like
B1_class_weight_default,2025,phase1_00803,(TPBank) QK vui long truy cap https://evocard.tpb.vn/UiK3Qrnc de hoan tat dang ky mo the TPBank EVO va tan huong uu dai khong gioi han. LH 1900585885,0,1.0,1.0,brandname,Ngân hàng thật,NONE,real,real_label_0,data/ground_truth/dataset_label_0_with_categories.csv,803.0,real_test,0,1,0.16885696,0.8311431,False,FP,setup_results\setup_b_results\setup_b_B1_class_weight_default_seed_2025_real_test_errors.csv,B1_class_weight_default,0.5,,phase1_00803,FP_legitimate_url_and_phone
B1_class_weight_default,2025,phase1_01145,Bạn đã yêu cầu Google khôi phục quyền truy cập cho duyj4f2004@gmail.com? Nếu không phải thì hãy kiểm tra email để tìm hiểu cách DỪNG yêu cầu này.,0,1.0,0.0,brandname,Khác,NONE,real,real_label_0,data/ground_truth/dataset_label_0_with_categories.csv,1146.0,real_test,0,1,0.00206277,0.9979372,False,FP,setup_results\setup_b_results\setup_b_B1_class_weight_default_seed_2025_real_test_errors.csv,B1_class_weight_default,0.5,,phase1_01145,FP_legitimate_with_url
B1_class_weight_default,42,phase1_02429,Chuc mung ban da nhan duoc 1 chiec dien thoai E770i tu chuong trinh Quay So Ngau Nhien cua Mobifone. SoanTin: XU E770i31 va gui 4 lan den 6769 de xem chi tiet,1,0.0,0.0,shortcode,Khác,NONE,real,real_label_1,data/ground_truth/dataset_label_1_with_categories.csv,107.0,real_test,1,0,0.9991391,0.0008609261,False,FN,setup_results\setup_b_results\setup_b_B1_class_weight_default_seed_42_real_test_errors.csv,B1_class_weight_default,0.5,,phase1_02429,FN_obfuscation_or_leet
B1_class_weight_default,42,phase1_01845,Chao Quy PH-HS da dang ky tham gia Hoi thao Hoi&Dap Tuyen sinh 2022 - Dai hoc FPT. Chuong trinh se bat dau luc 19:00 toi nay. Moi Quy PH-HS tham du bang duong link: https://us02web.zoom.us/j/84853187652 hoac Zoom ID: 848 5318 7652. Mat khau vao phong: FPT. Hotline (028) 7300 5588.,0,1.0,1.0,brandname,Khác,NONE,real,real_label_0,data/ground_truth/dataset_label_0_with_categories.csv,1849.0,real_test,0,1,0.005260852,0.9947391,False,FP,setup_results\setup_b_results\setup_b_B1_class_weight_default_seed_42_real_test_errors.csv,B1_class_weight_default,0.5,,phase1_01845,FP_legitimate_recruitment_like
B1_class_weight_default,42,phase1_02442,"TNEX Ma OTP cua ban 632900, se het han sau 2 phut. Vui long KHONG chia se ma cho bat ky ai voi bat ky ly do nao https//vi.ecmjJ7U4frh",1,1.0,0.0,personal_number,Giả mạo ngân hàng,NONE,real,real_label_1,data/ground_truth/dataset_label_1_with_categories.csv,120.0,real_test,1,0,0.9605466,0.039453376,False,FN,setup_results\setup_b_results\setup_b_B1_class_weight_default_seed_42_real_test_errors.csv,B1_class_weight_default,0.5,,phase1_02442,FN_obfuscation_or_leet
B1_class_weight_default,42,phase1_02445,"Hệ Thống Messenger Thông Báo: Xin chúc mừng tài khoản Messenger đã may mắn nhận được Giải Nhất từ sự kiện 'Tuần Lễ Vàng' tri ân khách hàng chào Quý 3, đón Năm Mới 2024. Bây giờ bạn vui lòng tiến hành truy cập vào trang địa chỉ website: TraoThuongQuy3.Com (viết liền nhau, không dấu) để đăng ký làm thủ tục hồ sơ nhận thưởng. Hoặc có thể truy cập công cụ tìm kiếm Google và gõ từ khóa: (TraoThuongQuy3.Com). Sau đó chọn kết quả tìm kiếm đầu tiên để truy cập trang website lãnh thưởng. Mọi thắc mắc xin liên hệ Tổng đài CSKH: [(08) 9921 4440]",1,0.0,0.0,personal_number,Khác,NONE,real,real_label_1,data/ground_truth/dataset_label_1_with_categories.csv,123.0,real_test,1,0,0.9973008,0.0026991665,False,FN,setup_results\setup_b_results\setup_b_B1_class_weight_default_seed_42_real_test_errors.csv,B1_class_weight_default,0.5,,phase1_02445,FN_obfuscation_or_leet
B1_class_weight_default,42,phase1_00810,"Cam on quy khach da mo dich vu ngan hang dien tu VPBank. Luu y KHONG tiet lo mat khau khoi tao cho bat ky ai, bao gom ca Ngan hang. Mat khau khoi tao la xbmB7qab",0,0.0,0.0,brandname,Ngân hàng thật,NONE,real,real_label_0,data/ground_truth/dataset_label_0_with_categories.csv,810.0,real_test,0,1,0.022999303,0.9770007,False,FP,setup_results\setup_b_results\setup_b_B1_class_weight_default_seed_42_real_test_errors.csv,B1_class_weight_default,0.5,,phase1_00810,FP_official_brandlike
B1_class_weight_default,42,phase1_02060,DATA KHONG GIOI HAN - MUA 1 TANG 1: Chi voi 10.000d/ngay! Dang ky goi ProMax 1 ngay bang cach soan DK DU1 gui 123 va huong ngay uu dai MIEN PHI CHU KY GIA HAN TIEP THEO. Khuyen mai ap dung 1 lan cho thue bao dang ky lan dau trong thang. CTLH: 0922789789 (0d).,0,0.0,1.0,brandname,Viễn thông,NONE,real,real_label_0,data/ground_truth/dataset_label_0_with_categories.csv,2064.0,real_test,0,1,0.0016941034,0.9983059,False,FP,setup_results\setup_b_results\setup_b_B1_class_weight_default_seed_42_real_test_errors.csv,B1_class_weight_default,0.5,,phase1_02060,FP_legitimate_promotion_reward
B1_class_weight_default,42,phase1_01145,Bạn đã yêu cầu Google khôi phục quyền truy cập cho duyj4f2004@gmail.com? Nếu không phải thì hãy kiểm tra email để tìm hiểu cách DỪNG yêu cầu này.,0,1.0,0.0,brandname,Khác,NONE,real,real_label_0,data/ground_truth/dataset_label_0_with_categories.csv,1146.0,real_test,0,1,0.109324835,0.8906752,False,FP,setup_results\setup_b_results\setup_b_B1_class_weight_default_seed_42_real_test_errors.csv,B1_class_weight_default,0.5,,phase1_01145,FP_legitimate_with_url
B2_class_weight_threshold,123,phase1_02429,Chuc mung ban da nhan duoc 1 chiec dien thoai E770i tu chuong trinh Quay So Ngau Nhien cua Mobifone. SoanTin: XU E770i31 va gui 4 lan den 6769 de xem chi tiet,1,0.0,0.0,shortcode,Khác,NONE,real,real_label_1,data/ground_truth/dataset_label_1_with_categories.csv,107.0,real_test,1,0,0.9988508,0.0011491554,False,FN,setup_results\setup_b_results\setup_b_B2_class_weight_threshold_seed_123_real_test_errors.csv,B2_class_weight_threshold,0.18,,phase1_02429,FN_obfuscation_or_leet
B2_class_weight_threshold,123,phase1_02442,"TNEX Ma OTP cua ban 632900, se het han sau 2 phut. Vui long KHONG chia se ma cho bat ky ai voi bat ky ly do nao https//vi.ecmjJ7U4frh",1,1.0,0.0,personal_number,Giả mạo ngân hàng,NONE,real,real_label_1,data/ground_truth/dataset_label_1_with_categories.csv,120.0,real_test,1,0,0.99884856,0.0011513996,False,FN,setup_results\setup_b_results\setup_b_B2_class_weight_threshold_seed_123_real_test_errors.csv,B2_class_weight_threshold,0.18,,phase1_02442,FN_obfuscation_or_leet
B2_class_weight_threshold,123,phase1_02445,"Hệ Thống Messenger Thông Báo: Xin chúc mừng tài khoản Messenger đã may mắn nhận được Giải Nhất từ sự kiện 'Tuần Lễ Vàng' tri ân khách hàng chào Quý 3, đón Năm Mới 2024. Bây giờ bạn vui lòng tiến hành truy cập vào trang địa chỉ website: TraoThuongQuy3.Com (viết liền nhau, không dấu) để đăng ký làm thủ tục hồ sơ nhận thưởng. Hoặc có thể truy cập công cụ tìm kiếm Google và gõ từ khóa: (TraoThuongQuy3.Com). Sau đó chọn kết quả tìm kiếm đầu tiên để truy cập trang website lãnh thưởng. Mọi thắc mắc xin liên hệ Tổng đài CSKH: [(08) 9921 4440]",1,0.0,0.0,personal_number,Khác,NONE,real,real_label_1,data/ground_truth/dataset_label_1_with_categories.csv,123.0,real_test,1,0,0.9730621,0.02693789,False,FN,setup_results\setup_b_results\setup_b_B2_class_weight_threshold_seed_123_real_test_errors.csv,B2_class_weight_threshold,0.18,,phase1_02445,FN_obfuscation_or_leet
B2_class_weight_threshold,123,phase1_00942,"Nhan dip Tet Nham Dan,BLD va Ban Dai dien CMHS truong THPT Nguyen Cong Tru kinh chuc Quy PHHS va toan the gia dinh suc khoe,hanh phuc,binh an,van su nhu y",0,0.0,0.0,brandname,Khác,NONE,real,real_label_0,data/ground_truth/dataset_label_0_with_categories.csv,943.0,real_test,0,1,0.04560694,0.954393,False,FP,setup_results\setup_b_results\setup_b_B2_class_weight_threshold_seed_123_real_test_errors.csv,B2_class_weight_threshold,0.18,,phase1_00942,FP_official_brandlike
B2_class_weight_threshold,123,phase1_02077,"Moi ban tao tai khoan S-Student de nhan dac quyen: giam them den 10%, tro gia den 5tr khi len doi va giam phi giao hang. Tao tai khoan ngay: https://go.cps.onl/5n7dsskw",0,1.0,0.0,brandname,Khác,NONE,real,real_label_0,data/ground_truth/dataset_label_0_with_categories.csv,2081.0,real_test,0,1,0.001364362,0.9986356,False,FP,setup_results\setup_b_results\setup_b_B2_class_weight_threshold_seed_123_real_test_errors.csv,B2_class_weight_threshold,0.18,,phase1_02077,FP_legitimate_promotion_reward
B2_class_weight_threshold,123,phase1_01145,Bạn đã yêu cầu Google khôi phục quyền truy cập cho duyj4f2004@gmail.com? Nếu không phải thì hãy kiểm tra email để tìm hiểu cách DỪNG yêu cầu này.,0,1.0,0.0,brandname,Khác,NONE,real,real_label_0,data/ground_truth/dataset_label_0_with_categories.csv,1146.0,real_test,0,1,0.094594024,0.90540594,False,FP,setup_results\setup_b_results\setup_b_B2_class_weight_threshold_seed_123_real_test_errors.csv,B2_class_weight_threshold,0.18,,phase1_01145,FP_legitimate_with_url
B2_class_weight_threshold,2025,phase1_02429,Chuc mung ban da nhan duoc 1 chiec dien thoai E770i tu chuong trinh Quay So Ngau Nhien cua Mobifone. SoanTin: XU E770i31 va gui 4 lan den 6769 de xem chi tiet,1,0.0,0.0,shortcode,Khác,NONE,real,real_label_1,data/ground_truth/dataset_label_1_with_categories.csv,107.0,real_test,1,0,0.98942953,0.010570489,False,FN,setup_results\setup_b_results\setup_b_B2_class_weight_threshold_seed_2025_real_test_errors.csv,B2_class_weight_threshold,0.22,,phase1_02429,FN_obfuscation_or_leet
B2_class_weight_threshold,2025,phase1_01845,Chao Quy PH-HS da dang ky tham gia Hoi thao Hoi&Dap Tuyen sinh 2022 - Dai hoc FPT. Chuong trinh se bat dau luc 19:00 toi nay. Moi Quy PH-HS tham du bang duong link: https://us02web.zoom.us/j/84853187652 hoac Zoom ID: 848 5318 7652. Mat khau vao phong: FPT. Hotline (028) 7300 5588.,0,1.0,1.0,brandname,Khác,NONE,real,real_label_0,data/ground_truth/dataset_label_0_with_categories.csv,1849.0,real_test,0,1,0.008660931,0.991339,False,FP,setup_results\setup_b_results\setup_b_B2_class_weight_threshold_seed_2025_real_test_errors.csv,B2_class_weight_threshold,0.22,,phase1_01845,FP_legitimate_recruitment_like
B2_class_weight_threshold,2025,phase1_00836,DH Kinh Te Tp.HCM tuyen sinh Cu nhan Tai Chinh Ung Dung do DH Rennes 1 cap bang. XETTUYEN DOC LAP. Hotline: 0938711627 https://go.ueh.edu.vn/rennes/0389048463,0,1.0,1.0,brandname,Khác,NONE,real,real_label_0,data/ground_truth/dataset_label_0_with_categories.csv,836.0,real_test,0,1,0.534286,0.465714,False,FP,setup_results\setup_b_results\setup_b_B2_class_weight_threshold_seed_2025_real_test_errors.csv,B2_class_weight_threshold,0.22,,phase1_00836,FP_legitimate_recruitment_like
B2_class_weight_threshold,2025,phase1_01017,Ban da dang ky giao dich dien tu BHXH thanh cong. Tai khoan: 7936728646 - Mat khau: 526669,0,0.0,0.0,brandname,Dịch vụ công thật,NONE,real,real_label_0,data/ground_truth/dataset_label_0_with_categories.csv,1018.0,real_test,0,1,0.28532216,0.7146778,False,FP,setup_results\setup_b_results\setup_b_B2_class_weight_threshold_seed_2025_real_test_errors.csv,B2_class_weight_threshold,0.22,,phase1_01017,FP_official_brandlike
B2_class_weight_threshold,2025,phase1_02445,"Hệ Thống Messenger Thông Báo: Xin chúc mừng tài khoản Messenger đã may mắn nhận được Giải Nhất từ sự kiện 'Tuần Lễ Vàng' tri ân khách hàng chào Quý 3, đón Năm Mới 2024. Bây giờ bạn vui lòng tiến hành truy cập vào trang địa chỉ website: TraoThuongQuy3.Com (viết liền nhau, không dấu) để đăng ký làm thủ tục hồ sơ nhận thưởng. Hoặc có thể truy cập công cụ tìm kiếm Google và gõ từ khóa: (TraoThuongQuy3.Com). Sau đó chọn kết quả tìm kiếm đầu tiên để truy cập trang website lãnh thưởng. Mọi thắc mắc xin liên hệ Tổng đài CSKH: [(08) 9921 4440]",1,0.0,0.0,personal_number,Khác,NONE,real,real_label_1,data/ground_truth/dataset_label_1_with_categories.csv,123.0,real_test,1,0,0.80147004,0.19852991,False,FN,setup_results\setup_b_results\setup_b_B2_class_weight_threshold_seed_2025_real_test_errors.csv,B2_class_weight_threshold,0.22,,phase1_02445,FN_obfuscation_or_leet
B2_class_weight_threshold,2025,phase1_01801,"Cam on ban da quan tam den DH Cong nghe Mien Dong (MIT), truong tiep tuc xet tuyen NVBS den 10/10. Ban Dang ky online tai dangky.mit.vn . DT/Zalo: 0981767568",0,1.0,1.0,brandname,Khác,NONE,real,real_label_0,data/ground_truth/dataset_label_0_with_categories.csv,1805.0,real_test,0,1,0.38496992,0.61503005,False,FP,setup_results\setup_b_results\setup_b_B2_class_weight_threshold_seed_2025_real_test_errors.csv,B2_class_weight_threshold,0.22,,phase1_01801,FP_legitimate_recruitment_like
B2_class_weight_threshold,2025,phase1_00803,(TPBank) QK vui long truy cap https://evocard.tpb.vn/UiK3Qrnc de hoan tat dang ky mo the TPBank EVO va tan huong uu dai khong gioi han. LH 1900585885,0,1.0,1.0,brandname,Ngân hàng thật,NONE,real,real_label_0,data/ground_truth/dataset_label_0_with_categories.csv,803.0,real_test,0,1,0.16885696,0.8311431,False,FP,setup_results\setup_b_results\setup_b_B2_class_weight_threshold_seed_2025_real_test_errors.csv,B2_class_weight_threshold,0.22,,phase1_00803,FP_legitimate_url_and_phone
B2_class_weight_threshold,2025,phase1_02060,DATA KHONG GIOI HAN - MUA 1 TANG 1: Chi voi 10.000d/ngay! Dang ky goi ProMax 1 ngay bang cach soan DK DU1 gui 123 va huong ngay uu dai MIEN PHI CHU KY GIA HAN TIEP THEO. Khuyen mai ap dung 1 lan cho thue bao dang ky lan dau trong thang. CTLH: 0922789789 (0d).,0,0.0,1.0,brandname,Viễn thông,NONE,real,real_label_0,data/ground_truth/dataset_label_0_with_categories.csv,2064.0,real_test,0,1,0.539423,0.46057698,False,FP,setup_results\setup_b_results\setup_b_B2_class_weight_threshold_seed_2025_real_test_errors.csv,B2_class_weight_threshold,0.22,,phase1_02060,FP_legitimate_promotion_reward
B2_class_weight_threshold,2025,phase1_01145,Bạn đã yêu cầu Google khôi phục quyền truy cập cho duyj4f2004@gmail.com? Nếu không phải thì hãy kiểm tra email để tìm hiểu cách DỪNG yêu cầu này.,0,1.0,0.0,brandname,Khác,NONE,real,real_label_0,data/ground_truth/dataset_label_0_with_categories.csv,1146.0,real_test,0,1,0.00206277,0.9979372,False,FP,setup_results\setup_b_results\setup_b_B2_class_weight_threshold_seed_2025_real_test_errors.csv,B2_class_weight_threshold,0.22,,phase1_01145,FP_legitimate_with_url
B2_class_weight_threshold,42,phase1_02429,Chuc mung ban da nhan duoc 1 chiec dien thoai E770i tu chuong trinh Quay So Ngau Nhien cua Mobifone. SoanTin: XU E770i31 va gui 4 lan den 6769 de xem chi tiet,1,0.0,0.0,shortcode,Khác,NONE,real,real_label_1,data/ground_truth/dataset_label_1_with_categories.csv,107.0,real_test,1,0,0.9991391,0.0008609261,False,FN,setup_results\setup_b_results\setup_b_B2_class_weight_threshold_seed_42_real_test_errors.csv,B2_class_weight_threshold,0.07,,phase1_02429,FN_obfuscation_or_leet
B2_class_weight_threshold,42,phase1_01845,Chao Quy PH-HS da dang ky tham gia Hoi thao Hoi&Dap Tuyen sinh 2022 - Dai hoc FPT. Chuong trinh se bat dau luc 19:00 toi nay. Moi Quy PH-HS tham du bang duong link: https://us02web.zoom.us/j/84853187652 hoac Zoom ID: 848 5318 7652. Mat khau vao phong: FPT. Hotline (028) 7300 5588.,0,1.0,1.0,brandname,Khác,NONE,real,real_label_0,data/ground_truth/dataset_label_0_with_categories.csv,1849.0,real_test,0,1,0.005260852,0.9947391,False,FP,setup_results\setup_b_results\setup_b_B2_class_weight_threshold_seed_42_real_test_errors.csv,B2_class_weight_threshold,0.07,,phase1_01845,FP_legitimate_recruitment_like
B2_class_weight_threshold,42,phase1_02442,"TNEX Ma OTP cua ban 632900, se het han sau 2 phut. Vui long KHONG chia se ma cho bat ky ai voi bat ky ly do nao https//vi.ecmjJ7U4frh",1,1.0,0.0,personal_number,Giả mạo ngân hàng,NONE,real,real_label_1,data/ground_truth/dataset_label_1_with_categories.csv,120.0,real_test,1,0,0.9605466,0.039453376,False,FN,setup_results\setup_b_results\setup_b_B2_class_weight_threshold_seed_42_real_test_errors.csv,B2_class_weight_threshold,0.07,,phase1_02442,FN_obfuscation_or_leet
B2_class_weight_threshold,42,phase1_02445,"Hệ Thống Messenger Thông Báo: Xin chúc mừng tài khoản Messenger đã may mắn nhận được Giải Nhất từ sự kiện 'Tuần Lễ Vàng' tri ân khách hàng chào Quý 3, đón Năm Mới 2024. Bây giờ bạn vui lòng tiến hành truy cập vào trang địa chỉ website: TraoThuongQuy3.Com (viết liền nhau, không dấu) để đăng ký làm thủ tục hồ sơ nhận thưởng. Hoặc có thể truy cập công cụ tìm kiếm Google và gõ từ khóa: (TraoThuongQuy3.Com). Sau đó chọn kết quả tìm kiếm đầu tiên để truy cập trang website lãnh thưởng. Mọi thắc mắc xin liên hệ Tổng đài CSKH: [(08) 9921 4440]",1,0.0,0.0,personal_number,Khác,NONE,real,real_label_1,data/ground_truth/dataset_label_1_with_categories.csv,123.0,real_test,1,0,0.9973008,0.0026991665,False,FN,setup_results\setup_b_results\setup_b_B2_class_weight_threshold_seed_42_real_test_errors.csv,B2_class_weight_threshold,0.07,,phase1_02445,FN_obfuscation_or_leet
B2_class_weight_threshold,42,phase1_00810,"Cam on quy khach da mo dich vu ngan hang dien tu VPBank. Luu y KHONG tiet lo mat khau khoi tao cho bat ky ai, bao gom ca Ngan hang. Mat khau khoi tao la xbmB7qab",0,0.0,0.0,brandname,Ngân hàng thật,NONE,real,real_label_0,data/ground_truth/dataset_label_0_with_categories.csv,810.0,real_test,0,1,0.022999303,0.9770007,False,FP,setup_results\setup_b_results\setup_b_B2_class_weight_threshold_seed_42_real_test_errors.csv,B2_class_weight_threshold,0.07,,phase1_00810,FP_official_brandlike
B2_class_weight_threshold,42,phase1_00942,"Nhan dip Tet Nham Dan,BLD va Ban Dai dien CMHS truong THPT Nguyen Cong Tru kinh chuc Quy PHHS va toan the gia dinh suc khoe,hanh phuc,binh an,van su nhu y",0,0.0,0.0,brandname,Khác,NONE,real,real_label_0,data/ground_truth/dataset_label_0_with_categories.csv,943.0,real_test,0,1,0.92475563,0.07524433,False,FP,setup_results\setup_b_results\setup_b_B2_class_weight_threshold_seed_42_real_test_errors.csv,B2_class_weight_threshold,0.07,,phase1_00942,FP_official_brandlike
B2_class_weight_threshold,42,phase1_02077,"Moi ban tao tai khoan S-Student de nhan dac quyen: giam them den 10%, tro gia den 5tr khi len doi va giam phi giao hang. Tao tai khoan ngay: https://go.cps.onl/5n7dsskw",0,1.0,0.0,brandname,Khác,NONE,real,real_label_0,data/ground_truth/dataset_label_0_with_categories.csv,2081.0,real_test,0,1,0.7932662,0.20673384,False,FP,setup_results\setup_b_results\setup_b_B2_class_weight_threshold_seed_42_real_test_errors.csv,B2_class_weight_threshold,0.07,,phase1_02077,FP_legitimate_promotion_reward
B2_class_weight_threshold,42,phase1_02060,DATA KHONG GIOI HAN - MUA 1 TANG 1: Chi voi 10.000d/ngay! Dang ky goi ProMax 1 ngay bang cach soan DK DU1 gui 123 va huong ngay uu dai MIEN PHI CHU KY GIA HAN TIEP THEO. Khuyen mai ap dung 1 lan cho thue bao dang ky lan dau trong thang. CTLH: 0922789789 (0d).,0,0.0,1.0,brandname,Viễn thông,NONE,real,real_label_0,data/ground_truth/dataset_label_0_with_categories.csv,2064.0,real_test,0,1,0.0016941034,0.9983059,False,FP,setup_results\setup_b_results\setup_b_B2_class_weight_threshold_seed_42_real_test_errors.csv,B2_class_weight_threshold,0.07,,phase1_02060,FP_legitimate_promotion_reward
B2_class_weight_threshold,42,phase1_01145,Bạn đã yêu cầu Google khôi phục quyền truy cập cho duyj4f2004@gmail.com? Nếu không phải thì hãy kiểm tra email để tìm hiểu cách DỪNG yêu cầu này.,0,1.0,0.0,brandname,Khác,NONE,real,real_label_0,data/ground_truth/dataset_label_0_with_categories.csv,1146.0,real_test,0,1,0.109324835,0.8906752,False,FP,setup_results\setup_b_results\setup_b_B2_class_weight_threshold_seed_42_real_test_errors.csv,B2_class_weight_threshold,0.07,,phase1_01145,FP_legitimate_with_url
E_real_plus_synthetic_label1,123,,Chuc mung ban da nhan duoc 1 chiec dien thoai E770i tu chuong trinh Quay So Ngau Nhien cua Mobifone. SoanTin: XU E770i31 va gui 4 lan den 6769 de xem chi tiet,1,,,,,,,,,,real_test,1,0,0.9333701,0.066629894,False,FN,setup_results\setup_e_results\setup_e_E1_500_seed_123_real_test_errors.csv,E1_500,,E1_500,content_c0649809996f,FN_obfuscation_or_leet
E_real_plus_synthetic_label1,123,,Chao Quy PH-HS da dang ky tham gia Hoi thao Hoi&Dap Tuyen sinh 2022 - Dai hoc FPT. Chuong trinh se bat dau luc 19:00 toi nay. Moi Quy PH-HS tham du bang duong link: https://us02web.zoom.us/j/84853187652 hoac Zoom ID: 848 5318 7652. Mat khau vao phong: FPT. Hotline (028) 7300 5588.,0,,,,,,,,,,real_test,0,1,0.09392703,0.9060729,False,FP,setup_results\setup_e_results\setup_e_E1_500_seed_123_real_test_errors.csv,E1_500,,E1_500,content_e13217d4bd83,FP_legitimate_recruitment_like
E_real_plus_synthetic_label1,123,,"TNEX Ma OTP cua ban 632900, se het han sau 2 phut. Vui long KHONG chia se ma cho bat ky ai voi bat ky ly do nao https//vi.ecmjJ7U4frh",1,,,,,,,,,,real_test,1,0,0.999666,0.00033404317,False,FN,setup_results\setup_e_results\setup_e_E1_500_seed_123_real_test_errors.csv,E1_500,,E1_500,content_b801ef1b377f,FN_obfuscation_or_leet
E_real_plus_synthetic_label1,123,,DH Kinh Te Tp.HCM tuyen sinh Cu nhan Tai Chinh Ung Dung do DH Rennes 1 cap bang. XETTUYEN DOC LAP. Hotline: 0938711627 https://go.ueh.edu.vn/rennes/0389048463,0,,,,,,,,,,real_test,0,1,0.15649123,0.8435088,False,FP,setup_results\setup_e_results\setup_e_E1_500_seed_123_real_test_errors.csv,E1_500,,E1_500,content_ac258ae84c79,FP_legitimate_recruitment_like
E_real_plus_synthetic_label1,123,,"Nhan dip Tet Nham Dan,BLD va Ban Dai dien CMHS truong THPT Nguyen Cong Tru kinh chuc Quy PHHS va toan the gia dinh suc khoe,hanh phuc,binh an,van su nhu y",0,,,,,,,,,,real_test,0,1,0.005544146,0.9944559,False,FP,setup_results\setup_e_results\setup_e_E1_500_seed_123_real_test_errors.csv,E1_500,,E1_500,content_f847a2fa0a0e,FP_other_or_ambiguous
E_real_plus_synthetic_label1,123,,Bạn đã yêu cầu Google khôi phục quyền truy cập cho duyj4f2004@gmail.com? Nếu không phải thì hãy kiểm tra email để tìm hiểu cách DỪNG yêu cầu này.,0,,,,,,,,,,real_test,0,1,0.0022040894,0.99779594,False,FP,setup_results\setup_e_results\setup_e_E1_500_seed_123_real_test_errors.csv,E1_500,,E1_500,content_3b3a74cef614,FP_legitimate_with_url
E_real_plus_synthetic_label1,2025,,"Chuc mung ban da trung tuyen vao truong CD Le Quy Don. Nhap hoc tu 05/09-15/09 tai 538 QL 51, P. Long Binh Tan, TP Bien Hoa, tinh Dong Nai. Lien he: 0973685439.",0,,,,,,,,,,real_test,0,1,0.0028118584,0.99718815,False,FP,setup_results\setup_e_results\setup_e_E1_500_seed_2025_real_test_errors.csv,E1_500,,E1_500,content_8a57b7d41a31,FP_legitimate_recruitment_like
E_real_plus_synthetic_label1,2025,,Chao Quy PH-HS da dang ky tham gia Hoi thao Hoi&Dap Tuyen sinh 2022 - Dai hoc FPT. Chuong trinh se bat dau luc 19:00 toi nay. Moi Quy PH-HS tham du bang duong link: https://us02web.zoom.us/j/84853187652 hoac Zoom ID: 848 5318 7652. Mat khau vao phong: FPT. Hotline (028) 7300 5588.,0,,,,,,,,,,real_test,0,1,0.0035038227,0.99649614,False,FP,setup_results\setup_e_results\setup_e_E1_500_seed_2025_real_test_errors.csv,E1_500,,E1_500,content_e13217d4bd83,FP_legitimate_recruitment_like
E_real_plus_synthetic_label1,2025,,"TNEX Ma OTP cua ban 632900, se het han sau 2 phut. Vui long KHONG chia se ma cho bat ky ai voi bat ky ly do nao https//vi.ecmjJ7U4frh",1,,,,,,,,,,real_test,1,0,0.99963737,0.00036259004,False,FN,setup_results\setup_e_results\setup_e_E1_500_seed_2025_real_test_errors.csv,E1_500,,E1_500,content_b801ef1b377f,FN_obfuscation_or_leet
E_real_plus_synthetic_label1,2025,,"Cam on quy khach da mo dich vu ngan hang dien tu VPBank. Luu y KHONG tiet lo mat khau khoi tao cho bat ky ai, bao gom ca Ngan hang. Mat khau khoi tao la xbmB7qab",0,,,,,,,,,,real_test,0,1,0.07409726,0.92590266,False,FP,setup_results\setup_e_results\setup_e_E1_500_seed_2025_real_test_errors.csv,E1_500,,E1_500,content_90b1d6b3addf,FP_other_or_ambiguous
E_real_plus_synthetic_label1,2025,,"Cam on ban da quan tam den DH Cong nghe Mien Dong (MIT), truong tiep tuc xet tuyen NVBS den 10/10. Ban Dang ky online tai dangky.mit.vn . DT/Zalo: 0981767568",0,,,,,,,,,,real_test,0,1,0.002103369,0.99789655,False,FP,setup_results\setup_e_results\setup_e_E1_500_seed_2025_real_test_errors.csv,E1_500,,E1_500,content_908135caf027,FP_legitimate_recruitment_like
E_real_plus_synthetic_label1,2025,,"Sai cu phap nhan tin. De lay thong tin dich vu Mobile Internet va Dcom, vui long bam goi *098# hoac lien he 198 (mien phi). Tran trong.",0,,,,,,,,,,real_test,0,1,0.0020507437,0.9979493,False,FP,setup_results\setup_e_results\setup_e_E1_500_seed_2025_real_test_errors.csv,E1_500,,E1_500,content_f003942252bd,FP_other_or_ambiguous
E_real_plus_synthetic_label1,2025,,"Nhan dip Tet Nham Dan,BLD va Ban Dai dien CMHS truong THPT Nguyen Cong Tru kinh chuc Quy PHHS va toan the gia dinh suc khoe,hanh phuc,binh an,van su nhu y",0,,,,,,,,,,real_test,0,1,0.008796121,0.9912039,False,FP,setup_results\setup_e_results\setup_e_E1_500_seed_2025_real_test_errors.csv,E1_500,,E1_500,content_f847a2fa0a0e,FP_other_or_ambiguous
E_real_plus_synthetic_label1,2025,,"Moi ban tao tai khoan S-Student de nhan dac quyen: giam them den 10%, tro gia den 5tr khi len doi va giam phi giao hang. Tao tai khoan ngay: https://go.cps.onl/5n7dsskw",0,,,,,,,,,,real_test,0,1,0.024469672,0.9755304,False,FP,setup_results\setup_e_results\setup_e_E1_500_seed_2025_real_test_errors.csv,E1_500,,E1_500,content_a6c4935cfae6,FP_legitimate_promotion_reward
E_real_plus_synthetic_label1,2025,,Bạn đã yêu cầu Google khôi phục quyền truy cập cho duyj4f2004@gmail.com? Nếu không phải thì hãy kiểm tra email để tìm hiểu cách DỪNG yêu cầu này.,0,,,,,,,,,,real_test,0,1,0.0014409429,0.99855906,False,FP,setup_results\setup_e_results\setup_e_E1_500_seed_2025_real_test_errors.csv,E1_500,,E1_500,content_3b3a74cef614,FP_legitimate_with_url
E_real_plus_synthetic_label1,42,,Chuc mung ban da nhan duoc 1 chiec dien thoai E770i tu chuong trinh Quay So Ngau Nhien cua Mobifone. SoanTin: XU E770i31 va gui 4 lan den 6769 de xem chi tiet,1,,,,,,,,,,real_test,1,0,0.9996288,0.00037118542,False,FN,setup_results\setup_e_results\setup_e_E1_500_seed_42_real_test_errors.csv,E1_500,,E1_500,content_c0649809996f,FN_obfuscation_or_leet
E_real_plus_synthetic_label1,42,,Em la nu sinh vien 21 tuoi MU0N KIEM chut Tjen trang TRAI CU0C S0NG EM C0 the den lam tinh khu vuc nao cung DU0C GIA CA Uu DAI Add ZAL0 e: 0367891234 QkR,1,,,,,,,,,,real_test,1,0,0.9991358,0.0008642927,False,FN,setup_results\setup_e_results\setup_e_E1_500_seed_42_real_test_errors.csv,E1_500,,E1_500,content_e04559d5e0ad,FN_obfuscation_or_leet
E_real_plus_synthetic_label1,42,,"TNEX Ma OTP cua ban 632900, se het han sau 2 phut. Vui long KHONG chia se ma cho bat ky ai voi bat ky ly do nao https//vi.ecmjJ7U4frh",1,,,,,,,,,,real_test,1,0,0.99968624,0.0003138109,False,FN,setup_results\setup_e_results\setup_e_E1_500_seed_42_real_test_errors.csv,E1_500,,E1_500,content_b801ef1b377f,FN_obfuscation_or_leet
E_real_plus_synthetic_label1,42,,https://ww.facebook.com/CSKHduongdinhninh035/ Chị nhắn vào Facebook bạn này ạ chị nhắn là tôi muốn hoàn tiền đơn hàng mĩ phẩm HASAKI bị lỗi gây kích ứng MVD: 1041 SĐT ĐẶT HÀNG: 0987654321,1,,,,,,,,,,real_test,1,0,0.99497885,0.0050211498,False,FN,setup_results\setup_e_results\setup_e_E1_500_seed_42_real_test_errors.csv,E1_500,,E1_500,content_a6674ce70f16,FN_obfuscation_or_leet
E_real_plus_synthetic_label1,42,,Bạn đã yêu cầu Google khôi phục quyền truy cập cho duyj4f2004@gmail.com? Nếu không phải thì hãy kiểm tra email để tìm hiểu cách DỪNG yêu cầu này.,0,,,,,,,,,,real_test,0,1,0.0014636011,0.99853635,False,FP,setup_results\setup_e_results\setup_e_E1_500_seed_42_real_test_errors.csv,E1_500,,E1_500,content_3b3a74cef614,FP_legitimate_with_url
E_real_plus_synthetic_label1,123,,Chuc mung ban da nhan duoc 1 chiec dien thoai E770i tu chuong trinh Quay So Ngau Nhien cua Mobifone. SoanTin: XU E770i31 va gui 4 lan den 6769 de xem chi tiet,1,,,,,,,,,,real_test,1,0,0.9992592,0.0007408056,False,FN,setup_results\setup_e_results\setup_e_E2_1000_seed_123_real_test_errors.csv,E2_1000,,E2_1000,content_c0649809996f,FN_obfuscation_or_leet
E_real_plus_synthetic_label1,123,,"TNEX Ma OTP cua ban 632900, se het han sau 2 phut. Vui long KHONG chia se ma cho bat ky ai voi bat ky ly do nao https//vi.ecmjJ7U4frh",1,,,,,,,,,,real_test,1,0,0.99966335,0.0003366622,False,FN,setup_results\setup_e_results\setup_e_E2_1000_seed_123_real_test_errors.csv,E2_1000,,E2_1000,content_b801ef1b377f,FN_obfuscation_or_leet
E_real_plus_synthetic_label1,123,,DH Kinh Te Tp.HCM tuyen sinh Cu nhan Tai Chinh Ung Dung do DH Rennes 1 cap bang. XETTUYEN DOC LAP. Hotline: 0938711627 https://go.ueh.edu.vn/rennes/0389048463,0,,,,,,,,,,real_test,0,1,0.08555635,0.9144437,False,FP,setup_results\setup_e_results\setup_e_E2_1000_seed_123_real_test_errors.csv,E2_1000,,E2_1000,content_ac258ae84c79,FP_legitimate_recruitment_like
E_real_plus_synthetic_label1,123,,Bạn đã yêu cầu Google khôi phục quyền truy cập cho duyj4f2004@gmail.com? Nếu không phải thì hãy kiểm tra email để tìm hiểu cách DỪNG yêu cầu này.,0,,,,,,,,,,real_test,0,1,0.0014607493,0.9985392,False,FP,setup_results\setup_e_results\setup_e_E2_1000_seed_123_real_test_errors.csv,E2_1000,,E2_1000,content_3b3a74cef614,FP_legitimate_with_url
E_real_plus_synthetic_label1,123,,8DAY Thuong Tan Thu Loc 80K (OF67QL411IO) trai nghiem mphi thang rut ngay.HSD Code 24h.HOANTRA 1.3. NAPDAU 200PTRAM. Tham gia tai t.ly/azvVE Dki täng 58K~ 8386K Iink: dsu1d.cc/QV6eCs ~PH4J,1,,,,,,,,,,real_test,1,0,0.93379396,0.066206016,False,FN,setup_results\setup_e_results\setup_e_E2_1000_seed_123_real_test_errors.csv,E2_1000,,E2_1000,content_67793f0d91ff,FN_obfuscation_or_leet
E_real_plus_synthetic_label1,2025,,"Ke tu ngay 01/08/2022, EVNHCMC ngung nhan tin SMS, Quy KH vui long kiem tra ung dung CSKH, Zalo, Email de nhan thong bao tien dien va cac thong tin ve dien khac. De cai dat ung dung EVNHCMC CSKH, Quy KH truy cap cskh.evnhcmc.vn/tuvan/ungdungcskh hoac lien he 1900545454 de duoc ho tro. Tran trong.",0,,,,,,,,,,real_test,0,1,0.10875559,0.8912444,False,FP,setup_results\setup_e_results\setup_e_E2_1000_seed_2025_real_test_errors.csv,E2_1000,,E2_1000,content_add97c167b19,FP_legitimate_with_url
E_real_plus_synthetic_label1,2025,,"Chuc mung ban da trung tuyen vao truong CD Le Quy Don. Nhap hoc tu 05/09-15/09 tai 538 QL 51, P. Long Binh Tan, TP Bien Hoa, tinh Dong Nai. Lien he: 0973685439.",0,,,,,,,,,,real_test,0,1,0.044973567,0.9550264,False,FP,setup_results\setup_e_results\setup_e_E2_1000_seed_2025_real_test_errors.csv,E2_1000,,E2_1000,content_8a57b7d41a31,FP_legitimate_recruitment_like
E_real_plus_synthetic_label1,2025,,Chao Quy PH-HS da dang ky tham gia Hoi thao Hoi&Dap Tuyen sinh 2022 - Dai hoc FPT. Chuong trinh se bat dau luc 19:00 toi nay. Moi Quy PH-HS tham du bang duong link: https://us02web.zoom.us/j/84853187652 hoac Zoom ID: 848 5318 7652. Mat khau vao phong: FPT. Hotline (028) 7300 5588.,0,,,,,,,,,,real_test,0,1,0.004991961,0.995008,False,FP,setup_results\setup_e_results\setup_e_E2_1000_seed_2025_real_test_errors.csv,E2_1000,,E2_1000,content_e13217d4bd83,FP_legitimate_recruitment_like
E_real_plus_synthetic_label1,2025,,"TNEX Ma OTP cua ban 632900, se het han sau 2 phut. Vui long KHONG chia se ma cho bat ky ai voi bat ky ly do nao https//vi.ecmjJ7U4frh",1,,,,,,,,,,real_test,1,0,0.99960953,0.00039051395,False,FN,setup_results\setup_e_results\setup_e_E2_1000_seed_2025_real_test_errors.csv,E2_1000,,E2_1000,content_b801ef1b377f,FN_obfuscation_or_leet
E_real_plus_synthetic_label1,2025,,"Cam on quy khach da mo dich vu ngan hang dien tu VPBank. Luu y KHONG tiet lo mat khau khoi tao cho bat ky ai, bao gom ca Ngan hang. Mat khau khoi tao la xbmB7qab",0,,,,,,,,,,real_test,0,1,0.1466363,0.8533637,False,FP,setup_results\setup_e_results\setup_e_E2_1000_seed_2025_real_test_errors.csv,E2_1000,,E2_1000,content_90b1d6b3addf,FP_other_or_ambiguous
E_real_plus_synthetic_label1,2025,,"Cam on ban da quan tam den DH Cong nghe Mien Dong (MIT), truong tiep tuc xet tuyen NVBS den 10/10. Ban Dang ky online tai dangky.mit.vn . DT/Zalo: 0981767568",0,,,,,,,,,,real_test,0,1,0.09017308,0.90982693,False,FP,setup_results\setup_e_results\setup_e_E2_1000_seed_2025_real_test_errors.csv,E2_1000,,E2_1000,content_908135caf027,FP_legitimate_recruitment_like
E_real_plus_synthetic_label1,2025,,"Sai cu phap nhan tin. De lay thong tin dich vu Mobile Internet va Dcom, vui long bam goi *098# hoac lien he 198 (mien phi). Tran trong.",0,,,,,,,,,,real_test,0,1,0.0017240937,0.9982759,False,FP,setup_results\setup_e_results\setup_e_E2_1000_seed_2025_real_test_errors.csv,E2_1000,,E2_1000,content_f003942252bd,FP_other_or_ambiguous
E_real_plus_synthetic_label1,2025,,"Nhan dip Tet Nham Dan,BLD va Ban Dai dien CMHS truong THPT Nguyen Cong Tru kinh chuc Quy PHHS va toan the gia dinh suc khoe,hanh phuc,binh an,van su nhu y",0,,,,,,,,,,real_test,0,1,0.026835687,0.97316426,False,FP,setup_results\setup_e_results\setup_e_E2_1000_seed_2025_real_test_errors.csv,E2_1000,,E2_1000,content_f847a2fa0a0e,FP_other_or_ambiguous
E_real_plus_synthetic_label1,2025,,Bạn đã yêu cầu Google khôi phục quyền truy cập cho duyj4f2004@gmail.com? Nếu không phải thì hãy kiểm tra email để tìm hiểu cách DỪNG yêu cầu này.,0,,,,,,,,,,real_test,0,1,0.00073791953,0.99926203,False,FP,setup_results\setup_e_results\setup_e_E2_1000_seed_2025_real_test_errors.csv,E2_1000,,E2_1000,content_3b3a74cef614,FP_legitimate_with_url
E_real_plus_synthetic_label1,42,,Chuc mung ban da nhan duoc 1 chiec dien thoai E770i tu chuong trinh Quay So Ngau Nhien cua Mobifone. SoanTin: XU E770i31 va gui 4 lan den 6769 de xem chi tiet,1,,,,,,,,,,real_test,1,0,0.99979335,0.00020662982,False,FN,setup_results\setup_e_results\setup_e_E2_1000_seed_42_real_test_errors.csv,E2_1000,,E2_1000,content_c0649809996f,FN_obfuscation_or_leet
E_real_plus_synthetic_label1,42,,Em la nu sinh vien 21 tuoi MU0N KIEM chut Tjen trang TRAI CU0C S0NG EM C0 the den lam tinh khu vuc nao cung DU0C GIA CA Uu DAI Add ZAL0 e: 0367891234 QkR,1,,,,,,,,,,real_test,1,0,0.99770385,0.002296159,False,FN,setup_results\setup_e_results\setup_e_E2_1000_seed_42_real_test_errors.csv,E2_1000,,E2_1000,content_e04559d5e0ad,FN_obfuscation_or_leet
E_real_plus_synthetic_label1,42,,"TNEX Ma OTP cua ban 632900, se het han sau 2 phut. Vui long KHONG chia se ma cho bat ky ai voi bat ky ly do nao https//vi.ecmjJ7U4frh",1,,,,,,,,,,real_test,1,0,0.9998118,0.00018814205,False,FN,setup_results\setup_e_results\setup_e_E2_1000_seed_42_real_test_errors.csv,E2_1000,,E2_1000,content_b801ef1b377f,FN_obfuscation_or_leet
E_real_plus_synthetic_label1,42,,"Hệ Thống Messenger Thông Báo: Xin chúc mừng tài khoản Messenger đã may mắn nhận được Giải Nhất từ sự kiện 'Tuần Lễ Vàng' tri ân khách hàng chào Quý 3, đón Năm Mới 2024. Bây giờ bạn vui lòng tiến hành truy cập vào trang địa chỉ website: TraoThuongQuy3.Com (viết liền nhau, không dấu) để đăng ký làm thủ tục hồ sơ nhận thưởng. Hoặc có thể truy cập công cụ tìm kiếm Google và gõ từ khóa: (TraoThuongQuy3.Com). Sau đó chọn kết quả tìm kiếm đầu tiên để truy cập trang website lãnh thưởng. Mọi thắc mắc xin liên hệ Tổng đài CSKH: [(08) 9921 4440]",1,,,,,,,,,,real_test,1,0,0.9835496,0.016450368,False,FN,setup_results\setup_e_results\setup_e_E2_1000_seed_42_real_test_errors.csv,E2_1000,,E2_1000,content_ff81b443f178,FN_obfuscation_or_leet
E_real_plus_synthetic_label1,42,,Bạn đã yêu cầu Google khôi phục quyền truy cập cho duyj4f2004@gmail.com? Nếu không phải thì hãy kiểm tra email để tìm hiểu cách DỪNG yêu cầu này.,0,,,,,,,,,,real_test,0,1,0.0004512106,0.99954873,False,FP,setup_results\setup_e_results\setup_e_E2_1000_seed_42_real_test_errors.csv,E2_1000,,E2_1000,content_3b3a74cef614,FP_legitimate_with_url
E_real_plus_synthetic_label1,123,,Chuc mung ban da nhan duoc 1 chiec dien thoai E770i tu chuong trinh Quay So Ngau Nhien cua Mobifone. SoanTin: XU E770i31 va gui 4 lan den 6769 de xem chi tiet,1,,,,,,,,,,real_test,1,0,0.9992679,0.0007321813,False,FN,setup_results\setup_e_results\setup_e_E3_2000_seed_123_real_test_errors.csv,E3_2000,,E3_2000,content_c0649809996f,FN_obfuscation_or_leet
E_real_plus_synthetic_label1,123,,Chao Quy PH-HS da dang ky tham gia Hoi thao Hoi&Dap Tuyen sinh 2022 - Dai hoc FPT. Chuong trinh se bat dau luc 19:00 toi nay. Moi Quy PH-HS tham du bang duong link: https://us02web.zoom.us/j/84853187652 hoac Zoom ID: 848 5318 7652. Mat khau vao phong: FPT. Hotline (028) 7300 5588.,0,,,,,,,,,,real_test,0,1,0.095433734,0.9045662,False,FP,setup_results\setup_e_results\setup_e_E3_2000_seed_123_real_test_errors.csv,E3_2000,,E3_2000,content_e13217d4bd83,FP_legitimate_recruitment_like
E_real_plus_synthetic_label1,123,,Em la nu sinh vien 21 tuoi MU0N KIEM chut Tjen trang TRAI CU0C S0NG EM C0 the den lam tinh khu vuc nao cung DU0C GIA CA Uu DAI Add ZAL0 e: 0367891234 QkR,1,,,,,,,,,,real_test,1,0,0.99724233,0.0027576222,False,FN,setup_results\setup_e_results\setup_e_E3_2000_seed_123_real_test_errors.csv,E3_2000,,E3_2000,content_e04559d5e0ad,FN_obfuscation_or_leet
E_real_plus_synthetic_label1,123,,"TNEX Ma OTP cua ban 632900, se het han sau 2 phut. Vui long KHONG chia se ma cho bat ky ai voi bat ky ly do nao https//vi.ecmjJ7U4frh",1,,,,,,,,,,real_test,1,0,0.9995987,0.00040133504,False,FN,setup_results\setup_e_results\setup_e_E3_2000_seed_123_real_test_errors.csv,E3_2000,,E3_2000,content_b801ef1b377f,FN_obfuscation_or_leet
E_real_plus_synthetic_label1,123,,"Sai cu phap nhan tin. De lay thong tin dich vu Mobile Internet va Dcom, vui long bam goi *098# hoac lien he 198 (mien phi). Tran trong.",0,,,,,,,,,,real_test,0,1,0.0023459073,0.99765414,False,FP,setup_results\setup_e_results\setup_e_E3_2000_seed_123_real_test_errors.csv,E3_2000,,E3_2000,content_f003942252bd,FP_other_or_ambiguous
E_real_plus_synthetic_label1,123,,"Moi ban tao tai khoan S-Student de nhan dac quyen: giam them den 10%, tro gia den 5tr khi len doi va giam phi giao hang. Tao tai khoan ngay: https://go.cps.onl/5n7dsskw",0,,,,,,,,,,real_test,0,1,0.15291561,0.8470844,False,FP,setup_results\setup_e_results\setup_e_E3_2000_seed_123_real_test_errors.csv,E3_2000,,E3_2000,content_a6c4935cfae6,FP_legitimate_promotion_reward
E_real_plus_synthetic_label1,123,,Bạn đã yêu cầu Google khôi phục quyền truy cập cho duyj4f2004@gmail.com? Nếu không phải thì hãy kiểm tra email để tìm hiểu cách DỪNG yêu cầu này.,0,,,,,,,,,,real_test,0,1,0.00077936606,0.9992206,False,FP,setup_results\setup_e_results\setup_e_E3_2000_seed_123_real_test_errors.csv,E3_2000,,E3_2000,content_3b3a74cef614,FP_legitimate_with_url
E_real_plus_synthetic_label1,123,,8DAY Thuong Tan Thu Loc 80K (OF67QL411IO) trai nghiem mphi thang rut ngay.HSD Code 24h.HOANTRA 1.3. NAPDAU 200PTRAM. Tham gia tai t.ly/azvVE Dki täng 58K~ 8386K Iink: dsu1d.cc/QV6eCs ~PH4J,1,,,,,,,,,,real_test,1,0,0.9040592,0.095940754,False,FN,setup_results\setup_e_results\setup_e_E3_2000_seed_123_real_test_errors.csv,E3_2000,,E3_2000,content_67793f0d91ff,FN_obfuscation_or_leet
E_real_plus_synthetic_label1,2025,,"Chuc mung ban da trung tuyen vao truong CD Le Quy Don. Nhap hoc tu 05/09-15/09 tai 538 QL 51, P. Long Binh Tan, TP Bien Hoa, tinh Dong Nai. Lien he: 0973685439.",0,,,,,,,,,,real_test,0,1,0.0010242064,0.9989759,False,FP,setup_results\setup_e_results\setup_e_E3_2000_seed_2025_real_test_errors.csv,E3_2000,,E3_2000,content_8a57b7d41a31,FP_legitimate_recruitment_like
E_real_plus_synthetic_label1,2025,,Chuc mung ban da nhan duoc 1 chiec dien thoai E770i tu chuong trinh Quay So Ngau Nhien cua Mobifone. SoanTin: XU E770i31 va gui 4 lan den 6769 de xem chi tiet,1,,,,,,,,,,real_test,1,0,0.99983203,0.00016799536,False,FN,setup_results\setup_e_results\setup_e_E3_2000_seed_2025_real_test_errors.csv,E3_2000,,E3_2000,content_c0649809996f,FN_obfuscation_or_leet
E_real_plus_synthetic_label1,2025,,Chao Quy PH-HS da dang ky tham gia Hoi thao Hoi&Dap Tuyen sinh 2022 - Dai hoc FPT. Chuong trinh se bat dau luc 19:00 toi nay. Moi Quy PH-HS tham du bang duong link: https://us02web.zoom.us/j/84853187652 hoac Zoom ID: 848 5318 7652. Mat khau vao phong: FPT. Hotline (028) 7300 5588.,0,,,,,,,,,,real_test,0,1,0.00020263407,0.9997974,False,FP,setup_results\setup_e_results\setup_e_E3_2000_seed_2025_real_test_errors.csv,E3_2000,,E3_2000,content_e13217d4bd83,FP_legitimate_recruitment_like
E_real_plus_synthetic_label1,2025,,Em la nu sinh vien 21 tuoi MU0N KIEM chut Tjen trang TRAI CU0C S0NG EM C0 the den lam tinh khu vuc nao cung DU0C GIA CA Uu DAI Add ZAL0 e: 0367891234 QkR,1,,,,,,,,,,real_test,1,0,0.9744348,0.025565214,False,FN,setup_results\setup_e_results\setup_e_E3_2000_seed_2025_real_test_errors.csv,E3_2000,,E3_2000,content_e04559d5e0ad,FN_obfuscation_or_leet
E_real_plus_synthetic_label1,2025,,"TNEX Ma OTP cua ban 632900, se het han sau 2 phut. Vui long KHONG chia se ma cho bat ky ai voi bat ky ly do nao https//vi.ecmjJ7U4frh",1,,,,,,,,,,real_test,1,0,0.9998671,0.00013289992,False,FN,setup_results\setup_e_results\setup_e_E3_2000_seed_2025_real_test_errors.csv,E3_2000,,E3_2000,content_b801ef1b377f,FN_obfuscation_or_leet
E_real_plus_synthetic_label1,2025,,"Sai cu phap nhan tin. De lay thong tin dich vu Mobile Internet va Dcom, vui long bam goi *098# hoac lien he 198 (mien phi). Tran trong.",0,,,,,,,,,,real_test,0,1,0.00022341634,0.99977654,False,FP,setup_results\setup_e_results\setup_e_E3_2000_seed_2025_real_test_errors.csv,E3_2000,,E3_2000,content_f003942252bd,FP_other_or_ambiguous
E_real_plus_synthetic_label1,2025,,Cuc Canh sat QLHC ve TTXH thong bao: Ho so dang ky tai khoan dinh danh dien tu cua ban bi tu choi vi da ton tai tai khoan dinh danh dien tu muc do 2. De nghi lien he Co quan Cong an noi thu nhan ho so cap Can cuoc cong dan hoac lien he tong dai 19000368 de duoc huong dan.,0,,,,,,,,,,real_test,0,1,0.0069576083,0.99304235,False,FP,setup_results\setup_e_results\setup_e_E3_2000_seed_2025_real_test_errors.csv,E3_2000,,E3_2000,content_4fa49c2a1a91,FP_legitimate_promotion_reward
E_real_plus_synthetic_label1,2025,,Bạn đã yêu cầu Google khôi phục quyền truy cập cho duyj4f2004@gmail.com? Nếu không phải thì hãy kiểm tra email để tìm hiểu cách DỪNG yêu cầu này.,0,,,,,,,,,,real_test,0,1,0.00015781863,0.99984217,False,FP,setup_results\setup_e_results\setup_e_E3_2000_seed_2025_real_test_errors.csv,E3_2000,,E3_2000,content_3b3a74cef614,FP_legitimate_with_url
E_real_plus_synthetic_label1,42,,Chuc mung ban da nhan duoc 1 chiec dien thoai E770i tu chuong trinh Quay So Ngau Nhien cua Mobifone. SoanTin: XU E770i31 va gui 4 lan den 6769 de xem chi tiet,1,,,,,,,,,,real_test,1,0,0.9791955,0.020804489,False,FN,setup_results\setup_e_results\setup_e_E3_2000_seed_42_real_test_errors.csv,E3_2000,,E3_2000,content_c0649809996f,FN_obfuscation_or_leet
E_real_plus_synthetic_label1,42,,Em la nu sinh vien 21 tuoi MU0N KIEM chut Tjen trang TRAI CU0C S0NG EM C0 the den lam tinh khu vuc nao cung DU0C GIA CA Uu DAI Add ZAL0 e: 0367891234 QkR,1,,,,,,,,,,real_test,1,0,0.9975177,0.0024822766,False,FN,setup_results\setup_e_results\setup_e_E3_2000_seed_42_real_test_errors.csv,E3_2000,,E3_2000,content_e04559d5e0ad,FN_obfuscation_or_leet
E_real_plus_synthetic_label1,42,,"TNEX Ma OTP cua ban 632900, se het han sau 2 phut. Vui long KHONG chia se ma cho bat ky ai voi bat ky ly do nao https//vi.ecmjJ7U4frh",1,,,,,,,,,,real_test,1,0,0.99922216,0.0007778466,False,FN,setup_results\setup_e_results\setup_e_E3_2000_seed_42_real_test_errors.csv,E3_2000,,E3_2000,content_b801ef1b377f,FN_obfuscation_or_leet
E_real_plus_synthetic_label1,42,,DH Kinh Te Tp.HCM tuyen sinh Cu nhan Tai Chinh Ung Dung do DH Rennes 1 cap bang. XETTUYEN DOC LAP. Hotline: 0938711627 https://go.ueh.edu.vn/rennes/0389048463,0,,,,,,,,,,real_test,0,1,0.093181714,0.90681833,False,FP,setup_results\setup_e_results\setup_e_E3_2000_seed_42_real_test_errors.csv,E3_2000,,E3_2000,content_ac258ae84c79,FP_legitimate_recruitment_like
E_real_plus_synthetic_label1,42,,ĐƠN này 0Đ Kick Thành Công khi nào lấy cổng sau quẹo trái cuối cùng 11h-1h chắc chắn có.,0,,,,,,,,,,real_test,0,1,0.20641372,0.79358625,False,FP,setup_results\setup_e_results\setup_e_E3_2000_seed_42_real_test_errors.csv,E3_2000,,E3_2000,content_7ca8039e2453,FP_other_or_ambiguous
E_real_plus_synthetic_label1,42,,"Moi ban tao tai khoan S-Student de nhan dac quyen: giam them den 10%, tro gia den 5tr khi len doi va giam phi giao hang. Tao tai khoan ngay: https://go.cps.onl/5n7dsskw",0,,,,,,,,,,real_test,0,1,0.06693421,0.93306583,False,FP,setup_results\setup_e_results\setup_e_E3_2000_seed_42_real_test_errors.csv,E3_2000,,E3_2000,content_a6c4935cfae6,FP_legitimate_promotion_reward
E_real_plus_synthetic_label1,42,,Bạn đã yêu cầu Google khôi phục quyền truy cập cho duyj4f2004@gmail.com? Nếu không phải thì hãy kiểm tra email để tìm hiểu cách DỪNG yêu cầu này.,0,,,,,,,,,,real_test,0,1,0.0010608152,0.9989392,False,FP,setup_results\setup_e_results\setup_e_E3_2000_seed_42_real_test_errors.csv,E3_2000,,E3_2000,content_3b3a74cef614,FP_legitimate_with_url
E_real_plus_synthetic_label1,123,,Chuc mung ban da nhan duoc 1 chiec dien thoai E770i tu chuong trinh Quay So Ngau Nhien cua Mobifone. SoanTin: XU E770i31 va gui 4 lan den 6769 de xem chi tiet,1,,,,,,,,,,real_test,1,0,0.9997075,0.00029251014,False,FN,setup_results\setup_e_results\setup_e_E4_all_seed_123_real_test_errors.csv,E4_all,,E4_all,content_c0649809996f,FN_obfuscation_or_leet
E_real_plus_synthetic_label1,123,,Em la nu sinh vien 21 tuoi MU0N KIEM chut Tjen trang TRAI CU0C S0NG EM C0 the den lam tinh khu vuc nao cung DU0C GIA CA Uu DAI Add ZAL0 e: 0367891234 QkR,1,,,,,,,,,,real_test,1,0,0.99723697,0.0027629985,False,FN,setup_results\setup_e_results\setup_e_E4_all_seed_123_real_test_errors.csv,E4_all,,E4_all,content_e04559d5e0ad,FN_obfuscation_or_leet
E_real_plus_synthetic_label1,123,,"TNEX Ma OTP cua ban 632900, se het han sau 2 phut. Vui long KHONG chia se ma cho bat ky ai voi bat ky ly do nao https//vi.ecmjJ7U4frh",1,,,,,,,,,,real_test,1,0,0.99984527,0.00015476662,False,FN,setup_results\setup_e_results\setup_e_E4_all_seed_123_real_test_errors.csv,E4_all,,E4_all,content_b801ef1b377f,FN_obfuscation_or_leet
E_real_plus_synthetic_label1,123,,Bạn đã yêu cầu Google khôi phục quyền truy cập cho duyj4f2004@gmail.com? Nếu không phải thì hãy kiểm tra email để tìm hiểu cách DỪNG yêu cầu này.,0,,,,,,,,,,real_test,0,1,0.00023689508,0.9997631,False,FP,setup_results\setup_e_results\setup_e_E4_all_seed_123_real_test_errors.csv,E4_all,,E4_all,content_3b3a74cef614,FP_legitimate_with_url
E_real_plus_synthetic_label1,2025,,Chuc mung ban da nhan duoc 1 chiec dien thoai E770i tu chuong trinh Quay So Ngau Nhien cua Mobifone. SoanTin: XU E770i31 va gui 4 lan den 6769 de xem chi tiet,1,,,,,,,,,,real_test,1,0,0.99871063,0.0012893282,False,FN,setup_results\setup_e_results\setup_e_E4_all_seed_2025_real_test_errors.csv,E4_all,,E4_all,content_c0649809996f,FN_obfuscation_or_leet
E_real_plus_synthetic_label1,2025,,Em la nu sinh vien 21 tuoi MU0N KIEM chut Tjen trang TRAI CU0C S0NG EM C0 the den lam tinh khu vuc nao cung DU0C GIA CA Uu DAI Add ZAL0 e: 0367891234 QkR,1,,,,,,,,,,real_test,1,0,0.99769044,0.0023096215,False,FN,setup_results\setup_e_results\setup_e_E4_all_seed_2025_real_test_errors.csv,E4_all,,E4_all,content_e04559d5e0ad,FN_obfuscation_or_leet
E_real_plus_synthetic_label1,2025,,"TNEX Ma OTP cua ban 632900, se het han sau 2 phut. Vui long KHONG chia se ma cho bat ky ai voi bat ky ly do nao https//vi.ecmjJ7U4frh",1,,,,,,,,,,real_test,1,0,0.9994363,0.00056367513,False,FN,setup_results\setup_e_results\setup_e_E4_all_seed_2025_real_test_errors.csv,E4_all,,E4_all,content_b801ef1b377f,FN_obfuscation_or_leet
E_real_plus_synthetic_label1,2025,,"Hệ Thống Messenger Thông Báo: Xin chúc mừng tài khoản Messenger đã may mắn nhận được Giải Nhất từ sự kiện 'Tuần Lễ Vàng' tri ân khách hàng chào Quý 3, đón Năm Mới 2024. Bây giờ bạn vui lòng tiến hành truy cập vào trang địa chỉ website: TraoThuongQuy3.Com (viết liền nhau, không dấu) để đăng ký làm thủ tục hồ sơ nhận thưởng. Hoặc có thể truy cập công cụ tìm kiếm Google và gõ từ khóa: (TraoThuongQuy3.Com). Sau đó chọn kết quả tìm kiếm đầu tiên để truy cập trang website lãnh thưởng. Mọi thắc mắc xin liên hệ Tổng đài CSKH: [(08) 9921 4440]",1,,,,,,,,,,real_test,1,0,0.7823301,0.21766995,False,FN,setup_results\setup_e_results\setup_e_E4_all_seed_2025_real_test_errors.csv,E4_all,,E4_all,content_ff81b443f178,FN_obfuscation_or_leet
E_real_plus_synthetic_label1,2025,,Bạn đã yêu cầu Google khôi phục quyền truy cập cho duyj4f2004@gmail.com? Nếu không phải thì hãy kiểm tra email để tìm hiểu cách DỪNG yêu cầu này.,0,,,,,,,,,,real_test,0,1,0.00062389387,0.9993761,False,FP,setup_results\setup_e_results\setup_e_E4_all_seed_2025_real_test_errors.csv,E4_all,,E4_all,content_3b3a74cef614,FP_legitimate_with_url
E_real_plus_synthetic_label1,2025,,8DAY Thuong Tan Thu Loc 80K (OF67QL411IO) trai nghiem mphi thang rut ngay.HSD Code 24h.HOANTRA 1.3. NAPDAU 200PTRAM. Tham gia tai t.ly/azvVE Dki täng 58K~ 8386K Iink: dsu1d.cc/QV6eCs ~PH4J,1,,,,,,,,,,real_test,1,0,0.9959299,0.004070138,False,FN,setup_results\setup_e_results\setup_e_E4_all_seed_2025_real_test_errors.csv,E4_all,,E4_all,content_67793f0d91ff,FN_obfuscation_or_leet
E_real_plus_synthetic_label1,42,,"Chuc mung ban da trung tuyen vao truong CD Le Quy Don. Nhap hoc tu 05/09-15/09 tai 538 QL 51, P. Long Binh Tan, TP Bien Hoa, tinh Dong Nai. Lien he: 0973685439.",0,,,,,,,,,,real_test,0,1,0.00041568943,0.99958426,False,FP,setup_results\setup_e_results\setup_e_E4_all_seed_42_real_test_errors.csv,E4_all,,E4_all,content_8a57b7d41a31,FP_legitimate_recruitment_like
E_real_plus_synthetic_label1,42,,Chuc mung ban da nhan duoc 1 chiec dien thoai E770i tu chuong trinh Quay So Ngau Nhien cua Mobifone. SoanTin: XU E770i31 va gui 4 lan den 6769 de xem chi tiet,1,,,,,,,,,,real_test,1,0,0.99951315,0.00048690566,False,FN,setup_results\setup_e_results\setup_e_E4_all_seed_42_real_test_errors.csv,E4_all,,E4_all,content_c0649809996f,FN_obfuscation_or_leet
E_real_plus_synthetic_label1,42,,Em la nu sinh vien 21 tuoi MU0N KIEM chut Tjen trang TRAI CU0C S0NG EM C0 the den lam tinh khu vuc nao cung DU0C GIA CA Uu DAI Add ZAL0 e: 0367891234 QkR,1,,,,,,,,,,real_test,1,0,0.9992735,0.00072648755,False,FN,setup_results\setup_e_results\setup_e_E4_all_seed_42_real_test_errors.csv,E4_all,,E4_all,content_e04559d5e0ad,FN_obfuscation_or_leet
E_real_plus_synthetic_label1,42,,"TNEX Ma OTP cua ban 632900, se het han sau 2 phut. Vui long KHONG chia se ma cho bat ky ai voi bat ky ly do nao https//vi.ecmjJ7U4frh",1,,,,,,,,,,real_test,1,0,0.9998385,0.0001615606,False,FN,setup_results\setup_e_results\setup_e_E4_all_seed_42_real_test_errors.csv,E4_all,,E4_all,content_b801ef1b377f,FN_obfuscation_or_leet
E_real_plus_synthetic_label1,42,,DH Kinh Te Tp.HCM tuyen sinh Cu nhan Tai Chinh Ung Dung do DH Rennes 1 cap bang. XETTUYEN DOC LAP. Hotline: 0938711627 https://go.ueh.edu.vn/rennes/0389048463,0,,,,,,,,,,real_test,0,1,0.06273176,0.93726826,False,FP,setup_results\setup_e_results\setup_e_E4_all_seed_42_real_test_errors.csv,E4_all,,E4_all,content_ac258ae84c79,FP_legitimate_recruitment_like
E_real_plus_synthetic_label1,42,,Cu phap khong hop le. QK vui long lien he 18001091 de duoc ho tro. Cam on da su dung dich vu VinaPhone - Mang 3G/4G nhanh nhat Viet Nam.,0,,,,,,,,,,real_test,0,1,0.10613344,0.8938666,False,FP,setup_results\setup_e_results\setup_e_E4_all_seed_42_real_test_errors.csv,E4_all,,E4_all,content_27f26ca3ad2e,FP_official_brandlike
E_real_plus_synthetic_label1,42,,ĐƠN này 0Đ Kick Thành Công khi nào lấy cổng sau quẹo trái cuối cùng 11h-1h chắc chắn có.,0,,,,,,,,,,real_test,0,1,0.00071662973,0.9992834,False,FP,setup_results\setup_e_results\setup_e_E4_all_seed_42_real_test_errors.csv,E4_all,,E4_all,content_7ca8039e2453,FP_other_or_ambiguous
E_real_plus_synthetic_label1,42,,Bạn đã yêu cầu Google khôi phục quyền truy cập cho duyj4f2004@gmail.com? Nếu không phải thì hãy kiểm tra email để tìm hiểu cách DỪNG yêu cầu này.,0,,,,,,,,,,real_test,0,1,0.000121008205,0.999879,False,FP,setup_results\setup_e_results\setup_e_E4_all_seed_42_real_test_errors.csv,E4_all,,E4_all,content_3b3a74cef614,FP_legitimate_with_url
G_external_challenge,123,,"Có thể chê phim k hay/dở/sến nhưng t nghĩ kể cả trung niên thì cũng muốn có 1 t/yêu đẹp như mấy b trẻ thôi chứ có gì đâu mà k phù hợp, ngộ ha?",0,,,,,,external_real,,,,external_real,0,1,6.541246e-08,0.9999999,False,FP,setup_results\setup_g_results\setup_g_G0_E4_champion_seed_123_challenge_test_errors.csv,G0_E4_champion,,G0_E4_champion,content_41663bfd8dbe,FP_legitimate_promotion_reward
G_external_challenge,123,,Bạn đã yêu cầu Google khôi phục quyền truy cập cho duyj4f2004@gmail.com? Nếu không phải thì hãy kiểm tra email để tìm hiểu cách DỪNG yêu cầu này.,0,,,,,,real,,,,real,0,1,8.604735e-09,1.0,False,FP,setup_results\setup_g_results\setup_g_G0_E4_champion_seed_123_challenge_test_errors.csv,G0_E4_champion,,G0_E4_champion,content_3b3a74cef614,FP_legitimate_with_url
G_external_challenge,123,,"cái này ý kiến tui thôi nha, tui thấy vũ đạo hơi nhạt ý với bản phối nó ko đẩy cao trào high như bản gốc nhỉ",0,,,,,,external_real,,,,external_real,0,1,2.49152e-08,1.0,False,FP,setup_results\setup_g_results\setup_g_G0_E4_champion_seed_123_challenge_test_errors.csv,G0_E4_champion,,G0_E4_champion,content_a11e9d213455,FP_other_or_ambiguous
G_external_challenge,123,,"nhg nhg~ đứa giấy trắng mặt cux trơ lắm, kn ít mà còn đk lên vị trí cao hơn đứa giỏi  Cái này thì quá ức chế r",0,,,,,,external_real,,,,external_real,0,1,9.060095e-09,1.0,False,FP,setup_results\setup_g_results\setup_g_G0_E4_champion_seed_123_challenge_test_errors.csv,G0_E4_champion,,G0_E4_champion,content_8f75e64c6e3d,FP_other_or_ambiguous
G_external_challenge,123,,chồng t lương 4tr vẫn tung tăng sống chung với vợ và 2 con,0,,,,,,external_curated,,,,external_curated,0,1,3.5811917e-07,0.99999964,False,FP,setup_results\setup_g_results\setup_g_G0_E4_champion_seed_123_challenge_test_errors.csv,G0_E4_champion,,G0_E4_champion,content_ea2fc6ba31ff,FP_legitimate_recruitment_like
G_external_challenge,123,,"Chết thôi, giới trẻ bây giờ kiểu j ấy bác  ạ, bảo lương 10tr mà còn chê k đủ thì như mình sống thế nào đây",0,,,,,,external_curated,,,,external_curated,0,1,1.3696299e-08,1.0,False,FP,setup_results\setup_g_results\setup_g_G0_E4_champion_seed_123_challenge_test_errors.csv,G0_E4_champion,,G0_E4_champion,content_4ab841fd1479,FP_legitimate_recruitment_like
G_external_challenge,123,,"Mình cũng vừa chạy lo đi làm kiếm tiền bươm chải cho gia đình, và cũng rảnh háng ở nhà ôm con chơi với con đầu xù tóc rối, ck mình chỉ 1 việc sáng đi làm tối về, cũng chả nt đt nc tâm sự, về nhà cũng lo tắm gội ăn uống ngủ nghỉ, cũng vô tâm vk mệt vk khổ …",0,,,,,,external_curated,,,,external_curated,0,1,1.2442752e-06,0.9999988,False,FP,setup_results\setup_g_results\setup_g_G0_E4_champion_seed_123_challenge_test_errors.csv,G0_E4_champion,,G0_E4_champion,content_4baaa1128803,FP_other_or_ambiguous
G_external_challenge,123,,Gọi lại liền cho ba nhé,0,,,,,,real,,,,real,0,1,1.3442999e-08,1.0,False,FP,setup_results\setup_g_results\setup_g_G0_E4_champion_seed_123_challenge_test_errors.csv,G0_E4_champion,,G0_E4_champion,content_354c77367c9d,FP_other_or_ambiguous
G_external_challenge,123,,"Game củ c, 1 ngày chơi 4 5 tiếng, cả tháng trời ddeoooo quaaa",0,,,,,,external_curated,,,,external_curated,0,1,1.0695087e-08,1.0,False,FP,setup_results\setup_g_results\setup_g_G0_E4_champion_seed_123_challenge_test_errors.csv,G0_E4_champion,,G0_E4_champion,content_463cf17c6acb,FP_legitimate_promotion_reward
G_external_challenge,123,,ở nhà ăn thế đã bị bố mẹ chửi cho tới bến r chứ đừng nói đến nhà ngyeu ăn cơm mà thế .,0,,,,,,external_real,,,,external_real,0,1,8.042341e-08,0.9999999,False,FP,setup_results\setup_g_results\setup_g_G0_E4_champion_seed_123_challenge_test_errors.csv,G0_E4_champion,,G0_E4_champion,content_79525c7509b4,FP_other_or_ambiguous
G_external_challenge,123,,phê pha thư giãn với 2$ là thật nhưng nước khác nó đ cần cuốc bộ với 2$ cũng là thật luôn,0,,,,,,external_curated,,,,external_curated,0,1,2.643734e-05,0.99997354,False,FP,setup_results\setup_g_results\setup_g_G0_E4_champion_seed_123_challenge_test_errors.csv,G0_E4_champion,,G0_E4_champion,content_6a2c166b05e8,FP_official_brandlike
G_external_challenge,123,,"bữa ba kiu sao ko kiếm tiền đi, kiếm 1 triệu thôi cũm đc nhưng ba đâu biết t kiếm đc 1 mớ r đâu hâhhahahah",0,,,,,,external_curated,,,,external_curated,0,1,3.3383433e-08,1.0,False,FP,setup_results\setup_g_results\setup_g_G0_E4_champion_seed_123_challenge_test_errors.csv,G0_E4_champion,,G0_E4_champion,content_ff00fa6b1349,FP_other_or_ambiguous
G_external_challenge,123,,ĐƠN này 0Đ Kick Thành Công khi nào lấy cổng sau quẹo trái cuối cùng 11h-1h chắc chắn có.,0,,,,,,real,,,,real,0,1,0.0019004336,0.9980996,False,FP,setup_results\setup_g_results\setup_g_G0_E4_champion_seed_123_challenge_test_errors.csv,G0_E4_champion,,G0_E4_champion,content_7ca8039e2453,FP_other_or_ambiguous
G_external_challenge,123,,"Nói 500 tr nghe khiếp quá, nói nửa tỷ thôi cho nhẹ.",0,,,,,,external_curated,,,,external_curated,0,1,8.251356e-09,1.0,False,FP,setup_results\setup_g_results\setup_g_G0_E4_champion_seed_123_challenge_test_errors.csv,G0_E4_champion,,G0_E4_champion,content_c06a7f396bc1,FP_other_or_ambiguous
G_external_challenge,123,,Ko cho vay thì ngại cho vay oy tới lúc đòi thì sợ giận mà ko đòi ngta cg ko có suy nghĩ muốn trả mà kb lm tn,0,,,,,,external_curated,,,,external_curated,0,1,1.03229425e-08,1.0,False,FP,setup_results\setup_g_results\setup_g_G0_E4_champion_seed_123_challenge_test_errors.csv,G0_E4_champion,,G0_E4_champion,content_96ae0e63f377,FP_other_or_ambiguous
G_external_challenge,123,,"Chơi vs nhau từ lơpd 3 đến khi lấy vợ, hơn 20 năm mà có 50tr bạn cũng đánh đổi",0,,,,,,external_curated,,,,external_curated,0,1,1.1488081e-08,1.0,False,FP,setup_results\setup_g_results\setup_g_G0_E4_champion_seed_123_challenge_test_errors.csv,G0_E4_champion,,G0_E4_champion,content_41738851bde2,FP_other_or_ambiguous
G_external_challenge,123,,Chuc mung ban da nhan duoc 1 chiec dien thoai E770i tu chuong trinh Quay So Ngau Nhien cua Mobifone. SoanTin: XU E770i31 va gui 4 lan den 6769 de xem chi tiet,1,,,,,,real,,,,real,1,0,1.0,1.3530693e-08,False,FN,setup_results\setup_g_results\setup_g_G0_E4_champion_seed_123_challenge_test_errors.csv,G0_E4_champion,,G0_E4_champion,content_c0649809996f,FN_obfuscation_or_leet
G_external_challenge,123,,có 0đ với 1đ chứ làm rì có đỉm cao như thé=)))),0,,,,,,external_curated,,,,external_curated,0,1,2.939847e-08,1.0,False,FP,setup_results\setup_g_results\setup_g_G0_E4_champion_seed_123_challenge_test_errors.csv,G0_E4_champion,,G0_E4_champion,content_e661c895d94d,FP_other_or_ambiguous
G_external_challenge,123,,"Mình lương 4tr, vợ mình lương 4tr nữa là tổng đc 8tr, nuôi 3 đứa con luôn, cơm vẫn thịt cá đầy đủ",0,,,,,,external_curated,,,,external_curated,0,1,9.573803e-09,1.0,False,FP,setup_results\setup_g_results\setup_g_G0_E4_champion_seed_123_challenge_test_errors.csv,G0_E4_champion,,G0_E4_champion,content_6ba01db805d3,FP_legitimate_recruitment_like
G_external_challenge,123,,"bạn mình bị ồi, nhờ CA thì phải chung nhìu tiền.",0,,,,,,external_curated,,,,external_curated,0,1,1.1443206e-08,1.0,False,FP,setup_results\setup_g_results\setup_g_G0_E4_champion_seed_123_challenge_test_errors.csv,G0_E4_champion,,G0_E4_champion,content_8a3ac3e0af91,FP_other_or_ambiguous
G_external_challenge,123,,"chồng tui tăng hơn 10kg sau cưới, giờ gần về form cũ gòi, ngon chán :))))))))))",0,,,,,,external_real,,,,external_real,0,1,1.007176e-08,1.0,False,FP,setup_results\setup_g_results\setup_g_G0_E4_champion_seed_123_challenge_test_errors.csv,G0_E4_champion,,G0_E4_champion,content_f127d0978136,FP_other_or_ambiguous
G_external_challenge,123,,"hihi,tao lương 5 chẹo 1 tháng thôi",0,,,,,,external_curated,,,,external_curated,0,1,9.760934e-09,1.0,False,FP,setup_results\setup_g_results\setup_g_G0_E4_champion_seed_123_challenge_test_errors.csv,G0_E4_champion,,G0_E4_champion,content_c92b08285a5f,FP_legitimate_recruitment_like
G_external_challenge,123,,Lương 5tr chắc 2vk ck tối phải cầm nón ra ngã tư ăn xin mới đủ đóng tiền học cho con nhờ,0,,,,,,external_curated,,,,external_curated,0,1,1.0523053e-08,1.0,False,FP,setup_results\setup_g_results\setup_g_G0_E4_champion_seed_123_challenge_test_errors.csv,G0_E4_champion,,G0_E4_champion,content_dfcbbc666a7c,FP_legitimate_recruitment_like
G_external_challenge,123,,:))))))))) 1 năm rồi đọc lại để giải trí nèoooo,0,,,,,,external_real,,,,external_real,0,1,1.1644224e-08,1.0,False,FP,setup_results\setup_g_results\setup_g_G0_E4_champion_seed_123_challenge_test_errors.csv,G0_E4_champion,,G0_E4_champion,content_825c263344b7,FP_other_or_ambiguous
G_external_challenge,123,,Tưởng nó vay 500k nma nó vay 50tr nên chịu,0,,,,,,external_curated,,,,external_curated,0,1,0.000122205,0.9998778,False,FP,setup_results\setup_g_results\setup_g_G0_E4_champion_seed_123_challenge_test_errors.csv,G0_E4_champion,,G0_E4_champion,content_5f62141591ef,FP_other_or_ambiguous
G_external_challenge,123,,2$ ăn được nhìu món á,0,,,,,,external_real,,,,external_real,0,1,2.2150868e-08,1.0,False,FP,setup_results\setup_g_results\setup_g_G0_E4_champion_seed_123_challenge_test_errors.csv,G0_E4_champion,,G0_E4_champion,content_4c93b2e39365,FP_other_or_ambiguous
G_external_challenge,123,,Gặp bôd mày thì xác nhận thương tật hết cỡ luôn và đéo có chuyện hoà giải gì hết.,0,,,,,,external_curated,,,,external_curated,0,1,8.857006e-09,1.0,False,FP,setup_results\setup_g_results\setup_g_G0_E4_champion_seed_123_challenge_test_errors.csv,G0_E4_champion,,G0_E4_champion,content_1a091cb4c9ef,FP_other_or_ambiguous
G_external_challenge,123,,":)) lương của nó bn, chứ t thấy cu e này khá cá tính, và đặc biệt là nó nói đúng",0,,,,,,external_curated,,,,external_curated,0,1,1.2781514e-07,0.9999999,False,FP,setup_results\setup_g_results\setup_g_G0_E4_champion_seed_123_challenge_test_errors.csv,G0_E4_champion,,G0_E4_champion,content_ae09b6a10835,FP_legitimate_recruitment_like
G_external_challenge,123,,Hs cấp 1 làm éo gì có răng mà đòi ăn xoài xanh chấm muối ớt!,0,,,,,,external_curated,,,,external_curated,0,1,1.989564e-08,1.0,False,FP,setup_results\setup_g_results\setup_g_G0_E4_champion_seed_123_challenge_test_errors.csv,G0_E4_champion,,G0_E4_champion,content_82cc8c36ddc1,FP_other_or_ambiguous
G_external_challenge,123,,Lương 5tr k đủ nuôi mèo,0,,,,,,external_curated,,,,external_curated,0,1,4.209383e-05,0.9999579,False,FP,setup_results\setup_g_results\setup_g_G0_E4_champion_seed_123_challenge_test_errors.csv,G0_E4_champion,,G0_E4_champion,content_51535f1d0870,FP_legitimate_recruitment_like
G_external_challenge,123,,"Sai cu phap nhan tin. De lay thong tin dich vu Mobile Internet va Dcom, vui long bam goi *098# hoac lien he 198 (mien phi). Tran trong.",0,,,,,,real,,,,real,0,1,2.7820429e-08,1.0,False,FP,setup_results\setup_g_results\setup_g_G0_E4_champion_seed_123_challenge_test_errors.csv,G0_E4_champion,,G0_E4_champion,content_f003942252bd,FP_other_or_ambiguous
G_external_challenge,123,,"E mắc chứng hay quên, nên e có nợ nần ai thấy e là phải đòi nha",0,,,,,,external_curated,,,,external_curated,0,1,8.887266e-08,0.9999999,False,FP,setup_results\setup_g_results\setup_g_G0_E4_champion_seed_123_challenge_test_errors.csv,G0_E4_champion,,G0_E4_champion,content_b4e704b4fa82,FP_other_or_ambiguous
G_external_challenge,123,,"2 vc mình tổng lương 20tr,nuôi con hết 5tr,lãi NG hết 5tr,chi phí gia đình rớt vào khoảng 5tr,lương thấp mà gặp phải cô vợ có suy nghĩ què cụt thì nhanh nát gia đình lắm",0,,,,,,external_curated,,,,external_curated,0,1,1.0417568e-08,1.0,False,FP,setup_results\setup_g_results\setup_g_G0_E4_champion_seed_123_challenge_test_errors.csv,G0_E4_champion,,G0_E4_champion,content_8e53409b4dec,FP_legitimate_recruitment_like
G_external_challenge,123,,"Y chang cái đợt đặt phòng gần biển xong chạy tới nơi thấy địa chỉ ảo, ks nằm tít trong thành phố nè :)))",0,,,,,,external_curated,,,,external_curated,0,1,9.036555e-09,1.0,False,FP,setup_results\setup_g_results\setup_g_G0_E4_champion_seed_123_challenge_test_errors.csv,G0_E4_champion,,G0_E4_champion,content_becb013366b2,FP_other_or_ambiguous
G_external_challenge,123,,"Rồi nó vẫn mở, vẫn kiêms tiền đk thôi",0,,,,,,external_curated,,,,external_curated,0,1,1.23433805e-08,1.0,False,FP,setup_results\setup_g_results\setup_g_G0_E4_champion_seed_123_challenge_test_errors.csv,G0_E4_champion,,G0_E4_champion,content_ffa48d224426,FP_other_or_ambiguous
G_external_challenge,123,,"sao xoá bài kia rùi zay, đang có nhiệt mà ta",0,,,,,,external_real,,,,external_real,0,1,2.175888e-08,1.0,False,FP,setup_results\setup_g_results\setup_g_G0_E4_champion_seed_123_challenge_test_errors.csv,G0_E4_champion,,G0_E4_champion,content_444e993bb99f,FP_other_or_ambiguous
G_external_challenge,123,,tha hồ chém ko cần đắn đo và nhất là ko rơi vào trường hợp tự làm đau mình như này :)),0,,,,,,external_real,,,,external_real,0,1,0.007647173,0.9923529,False,FP,setup_results\setup_g_results\setup_g_G0_E4_champion_seed_123_challenge_test_errors.csv,G0_E4_champion,,G0_E4_champion,content_2a22b23f01e2,FP_official_brandlike
G_external_challenge,123,,"Lương 4-5tr vẫn sống bt,nhưng chỉ là bt lúc khoẻ khoắn,còn lúc bme hay vck hay con cái ốm đau phải di viện,lúc ấy mới thấy đồg tiền mức lương nó qtrong tnao",0,,,,,,external_curated,,,,external_curated,0,1,8.932826e-09,1.0,False,FP,setup_results\setup_g_results\setup_g_G0_E4_champion_seed_123_challenge_test_errors.csv,G0_E4_champion,,G0_E4_champion,content_6c44b50ecb17,FP_legitimate_recruitment_like
G_external_challenge,123,,"TNEX Ma OTP cua ban 632900, se het han sau 2 phut. Vui long KHONG chia se ma cho bat ky ai voi bat ky ly do nao https//vi.ecmjJ7U4frh",1,,,,,,real,,,,real,1,0,1.0,7.934373e-09,False,FN,setup_results\setup_g_results\setup_g_G0_E4_champion_seed_123_challenge_test_errors.csv,G0_E4_champion,,G0_E4_champion,content_b801ef1b377f,FN_obfuscation_or_leet
G_external_challenge,123,,"Lương 10 chẹo mà chịu được tính khùng điên của e , thì đc nhá",0,,,,,,external_curated,,,,external_curated,0,1,1.0894885e-08,1.0,False,FP,setup_results\setup_g_results\setup_g_G0_E4_champion_seed_123_challenge_test_errors.csv,G0_E4_champion,,G0_E4_champion,content_6a00179751d4,FP_legitimate_recruitment_like
G_external_challenge,123,,"Xong đ' hiểu câu chuyện ntn mà bả chốt"" đấy e thấy xem nó 20t đã dc như thế rồi còn e thì vẫn ngồi đây""",0,,,,,,external_curated,,,,external_curated,0,1,3.4979596e-08,1.0,False,FP,setup_results\setup_g_results\setup_g_G0_E4_champion_seed_123_challenge_test_errors.csv,G0_E4_champion,,G0_E4_champion,content_8a892d1c1759,FP_other_or_ambiguous
G_external_challenge,123,,"1 bộ cỡ 500k thôi thì nhân lên cũng hơi bị bộn, lm gv mà sắm nhiu đó là cũng hết lương",0,,,,,,external_curated,,,,external_curated,0,1,8.692226e-09,1.0,False,FP,setup_results\setup_g_results\setup_g_G0_E4_champion_seed_123_challenge_test_errors.csv,G0_E4_champion,,G0_E4_champion,content_e963075ff8e1,FP_legitimate_recruitment_like
G_external_challenge,123,,"mỗi tháng 20 trẹo: 5 trẹo lương cứng , 15 trẹo lương tâm",0,,,,,,external_curated,,,,external_curated,0,1,8.482065e-09,1.0,False,FP,setup_results\setup_g_results\setup_g_G0_E4_champion_seed_123_challenge_test_errors.csv,G0_E4_champion,,G0_E4_champion,content_28c6d1743af5,FP_legitimate_recruitment_like
G_external_challenge,123,,"Không rõ là em bạn vay ngân hàng hay cty tín dụng, nhưng thường khoản vay khó đòi thì họ sẽ bán cho bên thứ 3 để bên đó đòi, ngân hàng hay bên toà án không ai làm việc qua tin nhắn.",0,,,,,,external_curated,,,,external_curated,0,1,1.0601297e-08,1.0,False,FP,setup_results\setup_g_results\setup_g_G0_E4_champion_seed_123_challenge_test_errors.csv,G0_E4_champion,,G0_E4_champion,content_9dd9eee4f47f,FP_legitimate_promotion_reward
G_external_challenge,123,,Mình cũng từng gặp trường hợp sếp với nvien như này rồi  nhỉ =)),0,,,,,,external_curated,,,,external_curated,0,1,3.01555e-08,1.0,False,FP,setup_results\setup_g_results\setup_g_G0_E4_champion_seed_123_challenge_test_errors.csv,G0_E4_champion,,G0_E4_champion,content_0efa914fafde,FP_official_brandlike
G_external_challenge,123,,lương 7 củ nên lấy đc vk nghèo.!,0,,,,,,external_curated,,,,external_curated,0,1,3.8241676e-08,1.0,False,FP,setup_results\setup_g_results\setup_g_G0_E4_champion_seed_123_challenge_test_errors.csv,G0_E4_champion,,G0_E4_champion,content_4e513f2104a3,FP_legitimate_recruitment_like
G_external_challenge,123,,"Chứ cưới xong thì vợ/chồng cũng là gia đình riêng của mình rồi, làm sao có thể mù quáng bất chấp tin người nhà xong chửi/giận ngược bạn đời hay đòi ly hôn nvay được.",0,,,,,,external_curated,,,,external_curated,0,1,2.728379e-08,1.0,False,FP,setup_results\setup_g_results\setup_g_G0_E4_champion_seed_123_challenge_test_errors.csv,G0_E4_champion,,G0_E4_champion,content_3d19a7627854,FP_other_or_ambiguous
G_external_challenge,2025,,Bạn đã yêu cầu Google khôi phục quyền truy cập cho duyj4f2004@gmail.com? Nếu không phải thì hãy kiểm tra email để tìm hiểu cách DỪNG yêu cầu này.,0,,,,,,real,,,,real,0,1,6.846932e-09,1.0,False,FP,setup_results\setup_g_results\setup_g_G0_E4_champion_seed_2025_challenge_test_errors.csv,G0_E4_champion,,G0_E4_champion,content_3b3a74cef614,FP_legitimate_with_url
G_external_challenge,2025,,"nhg nhg~ đứa giấy trắng mặt cux trơ lắm, kn ít mà còn đk lên vị trí cao hơn đứa giỏi  Cái này thì quá ức chế r",0,,,,,,external_real,,,,external_real,0,1,2.6032567e-06,0.9999974,False,FP,setup_results\setup_g_results\setup_g_G0_E4_champion_seed_2025_challenge_test_errors.csv,G0_E4_champion,,G0_E4_champion,content_8f75e64c6e3d,FP_other_or_ambiguous
G_external_challenge,2025,,Em la nu sinh vien 21 tuoi MU0N KIEM chut Tjen trang TRAI CU0C S0NG EM C0 the den lam tinh khu vuc nao cung DU0C GIA CA Uu DAI Add ZAL0 e: 0367891234 QkR,1,,,,,,real,,,,real,1,0,1.0,1.10891465e-08,False,FN,setup_results\setup_g_results\setup_g_G0_E4_champion_seed_2025_challenge_test_errors.csv,G0_E4_champion,,G0_E4_champion,content_e04559d5e0ad,FN_obfuscation_or_leet
G_external_challenge,2025,,t cx muốn nuôi capybara!!!!!,0,,,,,,external_real,,,,external_real,0,1,6.84461e-05,0.9999316,False,FP,setup_results\setup_g_results\setup_g_G0_E4_champion_seed_2025_challenge_test_errors.csv,G0_E4_champion,,G0_E4_champion,content_67f436eec329,FP_other_or_ambiguous
G_external_challenge,2025,,"Game củ c, 1 ngày chơi 4 5 tiếng, cả tháng trời ddeoooo quaaa",0,,,,,,external_curated,,,,external_curated,0,1,5.410238e-07,0.9999994,False,FP,setup_results\setup_g_results\setup_g_G0_E4_champion_seed_2025_challenge_test_errors.csv,G0_E4_champion,,G0_E4_champion,content_463cf17c6acb,FP_legitimate_promotion_reward
G_external_challenge,2025,,phê pha thư giãn với 2$ là thật nhưng nước khác nó đ cần cuốc bộ với 2$ cũng là thật luôn,0,,,,,,external_curated,,,,external_curated,0,1,1.4824718e-08,1.0,False,FP,setup_results\setup_g_results\setup_g_G0_E4_champion_seed_2025_challenge_test_errors.csv,G0_E4_champion,,G0_E4_champion,content_6a2c166b05e8,FP_official_brandlike
G_external_challenge,2025,,Anh tìm hiểu các bài viết của TS Lương y Ngô Đức Vượng nói về chữa bệnh ung thư rất hữu ích cho anh .,0,,,,,,external_curated,,,,external_curated,0,1,0.011232268,0.9887678,False,FP,setup_results\setup_g_results\setup_g_G0_E4_champion_seed_2025_challenge_test_errors.csv,G0_E4_champion,,G0_E4_champion,content_5dacdc0836b1,FP_legitimate_recruitment_like
G_external_challenge,2025,,ĐƠN này 0Đ Kick Thành Công khi nào lấy cổng sau quẹo trái cuối cùng 11h-1h chắc chắn có.,0,,,,,,real,,,,real,0,1,1.2663098e-05,0.99998736,False,FP,setup_results\setup_g_results\setup_g_G0_E4_champion_seed_2025_challenge_test_errors.csv,G0_E4_champion,,G0_E4_champion,content_7ca8039e2453,FP_other_or_ambiguous
G_external_challenge,2025,,"Nói 500 tr nghe khiếp quá, nói nửa tỷ thôi cho nhẹ.",0,,,,,,external_curated,,,,external_curated,0,1,1.0762001e-08,1.0,False,FP,setup_results\setup_g_results\setup_g_G0_E4_champion_seed_2025_challenge_test_errors.csv,G0_E4_champion,,G0_E4_champion,content_c06a7f396bc1,FP_other_or_ambiguous
G_external_challenge,2025,,Ko cho vay thì ngại cho vay oy tới lúc đòi thì sợ giận mà ko đòi ngta cg ko có suy nghĩ muốn trả mà kb lm tn,0,,,,,,external_curated,,,,external_curated,0,1,1.0528112e-08,1.0,False,FP,setup_results\setup_g_results\setup_g_G0_E4_champion_seed_2025_challenge_test_errors.csv,G0_E4_champion,,G0_E4_champion,content_96ae0e63f377,FP_other_or_ambiguous
G_external_challenge,2025,,"Chơi vs nhau từ lơpd 3 đến khi lấy vợ, hơn 20 năm mà có 50tr bạn cũng đánh đổi",0,,,,,,external_curated,,,,external_curated,0,1,9.828883e-09,1.0,False,FP,setup_results\setup_g_results\setup_g_G0_E4_champion_seed_2025_challenge_test_errors.csv,G0_E4_champion,,G0_E4_champion,content_41738851bde2,FP_other_or_ambiguous
G_external_challenge,2025,,Chuc mung ban da nhan duoc 1 chiec dien thoai E770i tu chuong trinh Quay So Ngau Nhien cua Mobifone. SoanTin: XU E770i31 va gui 4 lan den 6769 de xem chi tiet,1,,,,,,real,,,,real,1,0,1.0,8.862667e-09,False,FN,setup_results\setup_g_results\setup_g_G0_E4_champion_seed_2025_challenge_test_errors.csv,G0_E4_champion,,G0_E4_champion,content_c0649809996f,FN_obfuscation_or_leet
G_external_challenge,2025,,Px hiền từ đưa cho 1 cọc 1 nghìn,0,,,,,,external_curated,,,,external_curated,0,1,3.8873495e-05,0.99996114,False,FP,setup_results\setup_g_results\setup_g_G0_E4_champion_seed_2025_challenge_test_errors.csv,G0_E4_champion,,G0_E4_champion,content_3eccd9db2dca,FP_other_or_ambiguous
G_external_challenge,2025,,"Mình lương 4tr, vợ mình lương 4tr nữa là tổng đc 8tr, nuôi 3 đứa con luôn, cơm vẫn thịt cá đầy đủ",0,,,,,,external_curated,,,,external_curated,0,1,2.7808176e-06,0.99999726,False,FP,setup_results\setup_g_results\setup_g_G0_E4_champion_seed_2025_challenge_test_errors.csv,G0_E4_champion,,G0_E4_champion,content_6ba01db805d3,FP_legitimate_recruitment_like
G_external_challenge,2025,,"bạn mình bị ồi, nhờ CA thì phải chung nhìu tiền.",0,,,,,,external_curated,,,,external_curated,0,1,1.384232e-08,1.0,False,FP,setup_results\setup_g_results\setup_g_G0_E4_champion_seed_2025_challenge_test_errors.csv,G0_E4_champion,,G0_E4_champion,content_8a3ac3e0af91,FP_other_or_ambiguous
G_external_challenge,2025,,"chồng tui tăng hơn 10kg sau cưới, giờ gần về form cũ gòi, ngon chán :))))))))))",0,,,,,,external_real,,,,external_real,0,1,4.0693685e-05,0.99995935,False,FP,setup_results\setup_g_results\setup_g_G0_E4_champion_seed_2025_challenge_test_errors.csv,G0_E4_champion,,G0_E4_champion,content_f127d0978136,FP_other_or_ambiguous
G_external_challenge,2025,,"hihi,tao lương 5 chẹo 1 tháng thôi",0,,,,,,external_curated,,,,external_curated,0,1,2.3097797e-08,1.0,False,FP,setup_results\setup_g_results\setup_g_G0_E4_champion_seed_2025_challenge_test_errors.csv,G0_E4_champion,,G0_E4_champion,content_c92b08285a5f,FP_legitimate_recruitment_like
G_external_challenge,2025,,Lương 5tr chắc 2vk ck tối phải cầm nón ra ngã tư ăn xin mới đủ đóng tiền học cho con nhờ,0,,,,,,external_curated,,,,external_curated,0,1,1.7242627e-08,1.0,False,FP,setup_results\setup_g_results\setup_g_G0_E4_champion_seed_2025_challenge_test_errors.csv,G0_E4_champion,,G0_E4_champion,content_dfcbbc666a7c,FP_legitimate_recruitment_like
G_external_challenge,2025,,:))))))))) 1 năm rồi đọc lại để giải trí nèoooo,0,,,,,,external_real,,,,external_real,0,1,0.048947785,0.95105225,False,FP,setup_results\setup_g_results\setup_g_G0_E4_champion_seed_2025_challenge_test_errors.csv,G0_E4_champion,,G0_E4_champion,content_825c263344b7,FP_other_or_ambiguous
G_external_challenge,2025,,"Chuc mung ban da trung tuyen vao truong CD Le Quy Don. Nhap hoc tu 05/09-15/09 tai 538 QL 51, P. Long Binh Tan, TP Bien Hoa, tinh Dong Nai. Lien he: 0973685439.",0,,,,,,real,,,,real,0,1,1.7539298e-08,1.0,False,FP,setup_results\setup_g_results\setup_g_G0_E4_champion_seed_2025_challenge_test_errors.csv,G0_E4_champion,,G0_E4_champion,content_8a57b7d41a31,FP_legitimate_recruitment_like
G_external_challenge,2025,,Gặp bôd mày thì xác nhận thương tật hết cỡ luôn và đéo có chuyện hoà giải gì hết.,0,,,,,,external_curated,,,,external_curated,0,1,1.09753735e-08,1.0,False,FP,setup_results\setup_g_results\setup_g_G0_E4_champion_seed_2025_challenge_test_errors.csv,G0_E4_champion,,G0_E4_champion,content_1a091cb4c9ef,FP_other_or_ambiguous
G_external_challenge,2025,,"Sai cu phap nhan tin. De lay thong tin dich vu Mobile Internet va Dcom, vui long bam goi *098# hoac lien he 198 (mien phi). Tran trong.",0,,,,,,real,,,,real,0,1,1.3973895e-08,1.0,False,FP,setup_results\setup_g_results\setup_g_G0_E4_champion_seed_2025_challenge_test_errors.csv,G0_E4_champion,,G0_E4_champion,content_f003942252bd,FP_other_or_ambiguous
G_external_challenge,2025,,"E mắc chứng hay quên, nên e có nợ nần ai thấy e là phải đòi nha",0,,,,,,external_curated,,,,external_curated,0,1,1.2103516e-06,0.9999988,False,FP,setup_results\setup_g_results\setup_g_G0_E4_champion_seed_2025_challenge_test_errors.csv,G0_E4_champion,,G0_E4_champion,content_b4e704b4fa82,FP_other_or_ambiguous
G_external_challenge,2025,,"2 vc mình tổng lương 20tr,nuôi con hết 5tr,lãi NG hết 5tr,chi phí gia đình rớt vào khoảng 5tr,lương thấp mà gặp phải cô vợ có suy nghĩ què cụt thì nhanh nát gia đình lắm",0,,,,,,external_curated,,,,external_curated,0,1,1.8523973e-06,0.9999981,False,FP,setup_results\setup_g_results\setup_g_G0_E4_champion_seed_2025_challenge_test_errors.csv,G0_E4_champion,,G0_E4_champion,content_8e53409b4dec,FP_legitimate_recruitment_like
G_external_challenge,2025,,"Y chang cái đợt đặt phòng gần biển xong chạy tới nơi thấy địa chỉ ảo, ks nằm tít trong thành phố nè :)))",0,,,,,,external_curated,,,,external_curated,0,1,1.265262e-07,0.9999999,False,FP,setup_results\setup_g_results\setup_g_G0_E4_champion_seed_2025_challenge_test_errors.csv,G0_E4_champion,,G0_E4_champion,content_becb013366b2,FP_other_or_ambiguous
G_external_challenge,2025,,"Lương 4-5tr vẫn sống bt,nhưng chỉ là bt lúc khoẻ khoắn,còn lúc bme hay vck hay con cái ốm đau phải di viện,lúc ấy mới thấy đồg tiền mức lương nó qtrong tnao",0,,,,,,external_curated,,,,external_curated,0,1,0.021599205,0.9784008,False,FP,setup_results\setup_g_results\setup_g_G0_E4_champion_seed_2025_challenge_test_errors.csv,G0_E4_champion,,G0_E4_champion,content_6c44b50ecb17,FP_legitimate_recruitment_like
G_external_challenge,2025,,"TNEX Ma OTP cua ban 632900, se het han sau 2 phut. Vui long KHONG chia se ma cho bat ky ai voi bat ky ly do nao https//vi.ecmjJ7U4frh",1,,,,,,real,,,,real,1,0,1.0,8.35802e-09,False,FN,setup_results\setup_g_results\setup_g_G0_E4_champion_seed_2025_challenge_test_errors.csv,G0_E4_champion,,G0_E4_champion,content_b801ef1b377f,FN_obfuscation_or_leet
G_external_challenge,2025,,"1 bộ cỡ 500k thôi thì nhân lên cũng hơi bị bộn, lm gv mà sắm nhiu đó là cũng hết lương",0,,,,,,external_curated,,,,external_curated,0,1,8.658833e-09,1.0,False,FP,setup_results\setup_g_results\setup_g_G0_E4_champion_seed_2025_challenge_test_errors.csv,G0_E4_champion,,G0_E4_champion,content_e963075ff8e1,FP_legitimate_recruitment_like
G_external_challenge,2025,,"mỗi tháng 20 trẹo: 5 trẹo lương cứng , 15 trẹo lương tâm",0,,,,,,external_curated,,,,external_curated,0,1,7.2592474e-09,1.0,False,FP,setup_results\setup_g_results\setup_g_G0_E4_champion_seed_2025_challenge_test_errors.csv,G0_E4_champion,,G0_E4_champion,content_28c6d1743af5,FP_legitimate_recruitment_like
G_external_challenge,2025,,"Không rõ là em bạn vay ngân hàng hay cty tín dụng, nhưng thường khoản vay khó đòi thì họ sẽ bán cho bên thứ 3 để bên đó đòi, ngân hàng hay bên toà án không ai làm việc qua tin nhắn.",0,,,,,,external_curated,,,,external_curated,0,1,1.9281972e-08,1.0,False,FP,setup_results\setup_g_results\setup_g_G0_E4_champion_seed_2025_challenge_test_errors.csv,G0_E4_champion,,G0_E4_champion,content_9dd9eee4f47f,FP_legitimate_promotion_reward
G_external_challenge,42,,"Có thể chê phim k hay/dở/sến nhưng t nghĩ kể cả trung niên thì cũng muốn có 1 t/yêu đẹp như mấy b trẻ thôi chứ có gì đâu mà k phù hợp, ngộ ha?",0,,,,,,external_real,,,,external_real,0,1,3.4049002e-08,1.0,False,FP,setup_results\setup_g_results\setup_g_G0_E4_champion_seed_42_challenge_test_errors.csv,G0_E4_champion,,G0_E4_champion,content_41663bfd8dbe,FP_legitimate_promotion_reward
G_external_challenge,42,,Bạn đã yêu cầu Google khôi phục quyền truy cập cho duyj4f2004@gmail.com? Nếu không phải thì hãy kiểm tra email để tìm hiểu cách DỪNG yêu cầu này.,0,,,,,,real,,,,real,0,1,1.6100921e-08,1.0,False,FP,setup_results\setup_g_results\setup_g_G0_E4_champion_seed_42_challenge_test_errors.csv,G0_E4_champion,,G0_E4_champion,content_3b3a74cef614,FP_legitimate_with_url
G_external_challenge,42,,"cái này ý kiến tui thôi nha, tui thấy vũ đạo hơi nhạt ý với bản phối nó ko đẩy cao trào high như bản gốc nhỉ",0,,,,,,external_real,,,,external_real,0,1,3.3904747e-08,1.0,False,FP,setup_results\setup_g_results\setup_g_G0_E4_champion_seed_42_challenge_test_errors.csv,G0_E4_champion,,G0_E4_champion,content_a11e9d213455,FP_other_or_ambiguous
G_external_challenge,42,,"nhg nhg~ đứa giấy trắng mặt cux trơ lắm, kn ít mà còn đk lên vị trí cao hơn đứa giỏi  Cái này thì quá ức chế r",0,,,,,,external_real,,,,external_real,0,1,1.8881815e-08,1.0,False,FP,setup_results\setup_g_results\setup_g_G0_E4_champion_seed_42_challenge_test_errors.csv,G0_E4_champion,,G0_E4_champion,content_8f75e64c6e3d,FP_other_or_ambiguous
G_external_challenge,42,,Em la nu sinh vien 21 tuoi MU0N KIEM chut Tjen trang TRAI CU0C S0NG EM C0 the den lam tinh khu vuc nao cung DU0C GIA CA Uu DAI Add ZAL0 e: 0367891234 QkR,1,,,,,,real,,,,real,1,0,0.9999999,7.250477e-08,False,FN,setup_results\setup_g_results\setup_g_G0_E4_champion_seed_42_challenge_test_errors.csv,G0_E4_champion,,G0_E4_champion,content_e04559d5e0ad,FN_obfuscation_or_leet
G_external_challenge,42,,"Chết thôi, giới trẻ bây giờ kiểu j ấy bác  ạ, bảo lương 10tr mà còn chê k đủ thì như mình sống thế nào đây",0,,,,,,external_curated,,,,external_curated,0,1,2.1392673e-08,1.0,False,FP,setup_results\setup_g_results\setup_g_G0_E4_champion_seed_42_challenge_test_errors.csv,G0_E4_champion,,G0_E4_champion,content_4ab841fd1479,FP_legitimate_recruitment_like
G_external_challenge,42,,"Mình cũng vừa chạy lo đi làm kiếm tiền bươm chải cho gia đình, và cũng rảnh háng ở nhà ôm con chơi với con đầu xù tóc rối, ck mình chỉ 1 việc sáng đi làm tối về, cũng chả nt đt nc tâm sự, về nhà cũng lo tắm gội ăn uống ngủ nghỉ, cũng vô tâm vk mệt vk khổ …",0,,,,,,external_curated,,,,external_curated,0,1,6.9956604e-06,0.99999297,False,FP,setup_results\setup_g_results\setup_g_G0_E4_champion_seed_42_challenge_test_errors.csv,G0_E4_champion,,G0_E4_champion,content_4baaa1128803,FP_other_or_ambiguous
G_external_challenge,42,,"Game củ c, 1 ngày chơi 4 5 tiếng, cả tháng trời ddeoooo quaaa",0,,,,,,external_curated,,,,external_curated,0,1,1.8569375e-08,1.0,False,FP,setup_results\setup_g_results\setup_g_G0_E4_champion_seed_42_challenge_test_errors.csv,G0_E4_champion,,G0_E4_champion,content_463cf17c6acb,FP_legitimate_promotion_reward
G_external_challenge,42,,tình bạn chúng mình cũng kiểu cảm lạnh zj đó.,0,,,,,,external_real,,,,external_real,0,1,0.008859439,0.99114054,False,FP,setup_results\setup_g_results\setup_g_G0_E4_champion_seed_42_challenge_test_errors.csv,G0_E4_champion,,G0_E4_champion,content_446af114616c,FP_other_or_ambiguous
G_external_challenge,42,,ở nhà ăn thế đã bị bố mẹ chửi cho tới bến r chứ đừng nói đến nhà ngyeu ăn cơm mà thế .,0,,,,,,external_real,,,,external_real,0,1,8.702216e-08,0.9999999,False,FP,setup_results\setup_g_results\setup_g_G0_E4_champion_seed_42_challenge_test_errors.csv,G0_E4_champion,,G0_E4_champion,content_79525c7509b4,FP_other_or_ambiguous
G_external_challenge,42,,phê pha thư giãn với 2$ là thật nhưng nước khác nó đ cần cuốc bộ với 2$ cũng là thật luôn,0,,,,,,external_curated,,,,external_curated,0,1,9.942242e-08,0.9999999,False,FP,setup_results\setup_g_results\setup_g_G0_E4_champion_seed_42_challenge_test_errors.csv,G0_E4_champion,,G0_E4_champion,content_6a2c166b05e8,FP_official_brandlike
G_external_challenge,42,,Anh tìm hiểu các bài viết của TS Lương y Ngô Đức Vượng nói về chữa bệnh ung thư rất hữu ích cho anh .,0,,,,,,external_curated,,,,external_curated,0,1,7.947681e-06,0.999992,False,FP,setup_results\setup_g_results\setup_g_G0_E4_champion_seed_42_challenge_test_errors.csv,G0_E4_champion,,G0_E4_champion,content_5dacdc0836b1,FP_legitimate_recruitment_like
G_external_challenge,42,,ĐƠN này 0Đ Kick Thành Công khi nào lấy cổng sau quẹo trái cuối cùng 11h-1h chắc chắn có.,0,,,,,,real,,,,real,0,1,2.9194734e-08,1.0,False,FP,setup_results\setup_g_results\setup_g_G0_E4_champion_seed_42_challenge_test_errors.csv,G0_E4_champion,,G0_E4_champion,content_7ca8039e2453,FP_other_or_ambiguous
G_external_challenge,42,,"Nói 500 tr nghe khiếp quá, nói nửa tỷ thôi cho nhẹ.",0,,,,,,external_curated,,,,external_curated,0,1,1.8416822e-08,1.0,False,FP,setup_results\setup_g_results\setup_g_G0_E4_champion_seed_42_challenge_test_errors.csv,G0_E4_champion,,G0_E4_champion,content_c06a7f396bc1,FP_other_or_ambiguous
G_external_challenge,42,,Ko cho vay thì ngại cho vay oy tới lúc đòi thì sợ giận mà ko đòi ngta cg ko có suy nghĩ muốn trả mà kb lm tn,0,,,,,,external_curated,,,,external_curated,0,1,2.955623e-08,1.0,False,FP,setup_results\setup_g_results\setup_g_G0_E4_champion_seed_42_challenge_test_errors.csv,G0_E4_champion,,G0_E4_champion,content_96ae0e63f377,FP_other_or_ambiguous
G_external_challenge,42,,"Chơi vs nhau từ lơpd 3 đến khi lấy vợ, hơn 20 năm mà có 50tr bạn cũng đánh đổi",0,,,,,,external_curated,,,,external_curated,0,1,3.4993008e-08,1.0,False,FP,setup_results\setup_g_results\setup_g_G0_E4_champion_seed_42_challenge_test_errors.csv,G0_E4_champion,,G0_E4_champion,content_41738851bde2,FP_other_or_ambiguous
G_external_challenge,42,,Chuc mung ban da nhan duoc 1 chiec dien thoai E770i tu chuong trinh Quay So Ngau Nhien cua Mobifone. SoanTin: XU E770i31 va gui 4 lan den 6769 de xem chi tiet,1,,,,,,real,,,,real,1,0,1.0,4.0461266e-08,False,FN,setup_results\setup_g_results\setup_g_G0_E4_champion_seed_42_challenge_test_errors.csv,G0_E4_champion,,G0_E4_champion,content_c0649809996f,FN_obfuscation_or_leet
G_external_challenge,42,,có 0đ với 1đ chứ làm rì có đỉm cao như thé=)))),0,,,,,,external_curated,,,,external_curated,0,1,1.9320278e-06,0.9999981,False,FP,setup_results\setup_g_results\setup_g_G0_E4_champion_seed_42_challenge_test_errors.csv,G0_E4_champion,,G0_E4_champion,content_e661c895d94d,FP_other_or_ambiguous
G_external_challenge,42,,lên phường ngồi uống trà vs mấy anh c.a thì chả rén vl ra,0,,,,,,external_curated,,,,external_curated,0,1,3.2009245e-07,0.99999964,False,FP,setup_results\setup_g_results\setup_g_G0_E4_champion_seed_42_challenge_test_errors.csv,G0_E4_champion,,G0_E4_champion,content_563f3d3dcbec,FP_other_or_ambiguous
G_external_challenge,42,,"Mình lương 4tr, vợ mình lương 4tr nữa là tổng đc 8tr, nuôi 3 đứa con luôn, cơm vẫn thịt cá đầy đủ",0,,,,,,external_curated,,,,external_curated,0,1,2.2367477e-08,1.0,False,FP,setup_results\setup_g_results\setup_g_G0_E4_champion_seed_42_challenge_test_errors.csv,G0_E4_champion,,G0_E4_champion,content_6ba01db805d3,FP_legitimate_recruitment_like
G_external_challenge,42,,"bạn mình bị ồi, nhờ CA thì phải chung nhìu tiền.",0,,,,,,external_curated,,,,external_curated,0,1,3.7522263e-08,1.0,False,FP,setup_results\setup_g_results\setup_g_G0_E4_champion_seed_42_challenge_test_errors.csv,G0_E4_champion,,G0_E4_champion,content_8a3ac3e0af91,FP_other_or_ambiguous
G_external_challenge,42,,"chồng tui tăng hơn 10kg sau cưới, giờ gần về form cũ gòi, ngon chán :))))))))))",0,,,,,,external_real,,,,external_real,0,1,1.9846597e-08,1.0,False,FP,setup_results\setup_g_results\setup_g_G0_E4_champion_seed_42_challenge_test_errors.csv,G0_E4_champion,,G0_E4_champion,content_f127d0978136,FP_other_or_ambiguous
G_external_challenge,42,,"hihi,tao lương 5 chẹo 1 tháng thôi",0,,,,,,external_curated,,,,external_curated,0,1,4.6693827e-07,0.9999995,False,FP,setup_results\setup_g_results\setup_g_G0_E4_champion_seed_42_challenge_test_errors.csv,G0_E4_champion,,G0_E4_champion,content_c92b08285a5f,FP_legitimate_recruitment_like
G_external_challenge,42,,Lương 5tr chắc 2vk ck tối phải cầm nón ra ngã tư ăn xin mới đủ đóng tiền học cho con nhờ,0,,,,,,external_curated,,,,external_curated,0,1,7.262699e-08,0.9999999,False,FP,setup_results\setup_g_results\setup_g_G0_E4_champion_seed_42_challenge_test_errors.csv,G0_E4_champion,,G0_E4_champion,content_dfcbbc666a7c,FP_legitimate_recruitment_like
G_external_challenge,42,,"Tuyệt vời,chúc mừng e, quá xứng đáng",0,,,,,,external_real,,,,external_real,0,1,6.6629624e-08,0.9999999,False,FP,setup_results\setup_g_results\setup_g_G0_E4_champion_seed_42_challenge_test_errors.csv,G0_E4_champion,,G0_E4_champion,content_139eb248bc55,FP_other_or_ambiguous
G_external_challenge,42,,:))))))))) 1 năm rồi đọc lại để giải trí nèoooo,0,,,,,,external_real,,,,external_real,0,1,4.5193647e-06,0.99999547,False,FP,setup_results\setup_g_results\setup_g_G0_E4_champion_seed_42_challenge_test_errors.csv,G0_E4_champion,,G0_E4_champion,content_825c263344b7,FP_other_or_ambiguous
G_external_challenge,42,,"Chuc mung ban da trung tuyen vao truong CD Le Quy Don. Nhap hoc tu 05/09-15/09 tai 538 QL 51, P. Long Binh Tan, TP Bien Hoa, tinh Dong Nai. Lien he: 0973685439.",0,,,,,,real,,,,real,0,1,6.689908e-08,0.9999999,False,FP,setup_results\setup_g_results\setup_g_G0_E4_champion_seed_42_challenge_test_errors.csv,G0_E4_champion,,G0_E4_champion,content_8a57b7d41a31,FP_legitimate_recruitment_like
G_external_challenge,42,,Gặp bôd mày thì xác nhận thương tật hết cỡ luôn và đéo có chuyện hoà giải gì hết.,0,,,,,,external_curated,,,,external_curated,0,1,2.0884842e-08,1.0,False,FP,setup_results\setup_g_results\setup_g_G0_E4_champion_seed_42_challenge_test_errors.csv,G0_E4_champion,,G0_E4_champion,content_1a091cb4c9ef,FP_other_or_ambiguous
G_external_challenge,42,,":)) lương của nó bn, chứ t thấy cu e này khá cá tính, và đặc biệt là nó nói đúng",0,,,,,,external_curated,,,,external_curated,0,1,2.3500513e-06,0.9999976,False,FP,setup_results\setup_g_results\setup_g_G0_E4_champion_seed_42_challenge_test_errors.csv,G0_E4_champion,,G0_E4_champion,content_ae09b6a10835,FP_legitimate_recruitment_like
G_external_challenge,42,,Hs cấp 1 làm éo gì có răng mà đòi ăn xoài xanh chấm muối ớt!,0,,,,,,external_curated,,,,external_curated,0,1,0.10746666,0.89253336,False,FP,setup_results\setup_g_results\setup_g_G0_E4_champion_seed_42_challenge_test_errors.csv,G0_E4_champion,,G0_E4_champion,content_82cc8c36ddc1,FP_other_or_ambiguous
G_external_challenge,42,,"2 vc mình tổng lương 20tr,nuôi con hết 5tr,lãi NG hết 5tr,chi phí gia đình rớt vào khoảng 5tr,lương thấp mà gặp phải cô vợ có suy nghĩ què cụt thì nhanh nát gia đình lắm",0,,,,,,external_curated,,,,external_curated,0,1,2.0312827e-08,1.0,False,FP,setup_results\setup_g_results\setup_g_G0_E4_champion_seed_42_challenge_test_errors.csv,G0_E4_champion,,G0_E4_champion,content_8e53409b4dec,FP_legitimate_recruitment_like
G_external_challenge,42,,"Y chang cái đợt đặt phòng gần biển xong chạy tới nơi thấy địa chỉ ảo, ks nằm tít trong thành phố nè :)))",0,,,,,,external_curated,,,,external_curated,0,1,1.651396e-08,1.0,False,FP,setup_results\setup_g_results\setup_g_G0_E4_champion_seed_42_challenge_test_errors.csv,G0_E4_champion,,G0_E4_champion,content_becb013366b2,FP_other_or_ambiguous
G_external_challenge,42,,"Rồi nó vẫn mở, vẫn kiêms tiền đk thôi",0,,,,,,external_curated,,,,external_curated,0,1,0.43660155,0.5633985,False,FP,setup_results\setup_g_results\setup_g_G0_E4_champion_seed_42_challenge_test_errors.csv,G0_E4_champion,,G0_E4_champion,content_ffa48d224426,FP_other_or_ambiguous
G_external_challenge,42,,"sao xoá bài kia rùi zay, đang có nhiệt mà ta",0,,,,,,external_real,,,,external_real,0,1,2.3499835e-07,0.99999976,False,FP,setup_results\setup_g_results\setup_g_G0_E4_champion_seed_42_challenge_test_errors.csv,G0_E4_champion,,G0_E4_champion,content_444e993bb99f,FP_other_or_ambiguous
G_external_challenge,42,,"Lần đầu chở mk ra bến buýt để bắt xe về( vì từ nhà hs ra bến buýt hơi xa nên hôm nào mưa cô ấy sẽ đưa mk ra bến), phụ huynh dùng tay gạt chỗ để chân cho mình.",0,,,,,,external_real,,,,external_real,0,1,7.13193e-07,0.9999993,False,FP,setup_results\setup_g_results\setup_g_G0_E4_champion_seed_42_challenge_test_errors.csv,G0_E4_champion,,G0_E4_champion,content_b48fa430d33e,FP_other_or_ambiguous
G_external_challenge,42,,"Hệ Thống Messenger Thông Báo: Xin chúc mừng tài khoản Messenger đã may mắn nhận được Giải Nhất từ sự kiện 'Tuần Lễ Vàng' tri ân khách hàng chào Quý 3, đón Năm Mới 2024. Bây giờ bạn vui lòng tiến hành truy cập vào trang địa chỉ website: TraoThuongQuy3.Com (viết liền nhau, không dấu) để đăng ký làm thủ tục hồ sơ nhận thưởng. Hoặc có thể truy cập công cụ tìm kiếm Google và gõ từ khóa: (TraoThuongQuy3.Com). Sau đó chọn kết quả tìm kiếm đầu tiên để truy cập trang website lãnh thưởng. Mọi thắc mắc xin liên hệ Tổng đài CSKH: [(08) 9921 4440]",1,,,,,,real,,,,real,1,0,0.97323114,0.026768846,False,FN,setup_results\setup_g_results\setup_g_G0_E4_champion_seed_42_challenge_test_errors.csv,G0_E4_champion,,G0_E4_champion,content_ff81b443f178,FN_obfuscation_or_leet
G_external_challenge,42,,"Lương 4-5tr vẫn sống bt,nhưng chỉ là bt lúc khoẻ khoắn,còn lúc bme hay vck hay con cái ốm đau phải di viện,lúc ấy mới thấy đồg tiền mức lương nó qtrong tnao",0,,,,,,external_curated,,,,external_curated,0,1,4.948774e-08,1.0,False,FP,setup_results\setup_g_results\setup_g_G0_E4_champion_seed_42_challenge_test_errors.csv,G0_E4_champion,,G0_E4_champion,content_6c44b50ecb17,FP_legitimate_recruitment_like
G_external_challenge,42,,"TNEX Ma OTP cua ban 632900, se het han sau 2 phut. Vui long KHONG chia se ma cho bat ky ai voi bat ky ly do nao https//vi.ecmjJ7U4frh",1,,,,,,real,,,,real,1,0,1.0,3.1211293e-08,False,FN,setup_results\setup_g_results\setup_g_G0_E4_champion_seed_42_challenge_test_errors.csv,G0_E4_champion,,G0_E4_champion,content_b801ef1b377f,FN_obfuscation_or_leet
G_external_challenge,42,,"Xong đ' hiểu câu chuyện ntn mà bả chốt"" đấy e thấy xem nó 20t đã dc như thế rồi còn e thì vẫn ngồi đây""",0,,,,,,external_curated,,,,external_curated,0,1,4.195954e-06,0.9999958,False,FP,setup_results\setup_g_results\setup_g_G0_E4_champion_seed_42_challenge_test_errors.csv,G0_E4_champion,,G0_E4_champion,content_8a892d1c1759,FP_other_or_ambiguous
G_external_challenge,42,,"1 bộ cỡ 500k thôi thì nhân lên cũng hơi bị bộn, lm gv mà sắm nhiu đó là cũng hết lương",0,,,,,,external_curated,,,,external_curated,0,1,1.813894e-08,1.0,False,FP,setup_results\setup_g_results\setup_g_G0_E4_champion_seed_42_challenge_test_errors.csv,G0_E4_champion,,G0_E4_champion,content_e963075ff8e1,FP_legitimate_recruitment_like
G_external_challenge,42,,"mỗi tháng 20 trẹo: 5 trẹo lương cứng , 15 trẹo lương tâm",0,,,,,,external_curated,,,,external_curated,0,1,1.8796618e-08,1.0,False,FP,setup_results\setup_g_results\setup_g_G0_E4_champion_seed_42_challenge_test_errors.csv,G0_E4_champion,,G0_E4_champion,content_28c6d1743af5,FP_legitimate_recruitment_like
G_external_challenge,42,,"Thế nào đc 9.5 thật đó đỉnh vãi ò, đã v mk điểm cao nhất lớp chứ đc cô thưởng 300k",0,,,,,,external_curated,,,,external_curated,0,1,6.216778e-06,0.9999938,False,FP,setup_results\setup_g_results\setup_g_G0_E4_champion_seed_42_challenge_test_errors.csv,G0_E4_champion,,G0_E4_champion,content_968da035c3a2,FP_legitimate_promotion_reward
G_external_challenge,42,,"Không rõ là em bạn vay ngân hàng hay cty tín dụng, nhưng thường khoản vay khó đòi thì họ sẽ bán cho bên thứ 3 để bên đó đòi, ngân hàng hay bên toà án không ai làm việc qua tin nhắn.",0,,,,,,external_curated,,,,external_curated,0,1,3.6621405e-08,1.0,False,FP,setup_results\setup_g_results\setup_g_G0_E4_champion_seed_42_challenge_test_errors.csv,G0_E4_champion,,G0_E4_champion,content_9dd9eee4f47f,FP_legitimate_promotion_reward
G_external_challenge,42,,Mình cũng từng gặp trường hợp sếp với nvien như này rồi  nhỉ =)),0,,,,,,external_curated,,,,external_curated,0,1,1.2517495e-06,0.9999987,False,FP,setup_results\setup_g_results\setup_g_G0_E4_champion_seed_42_challenge_test_errors.csv,G0_E4_champion,,G0_E4_champion,content_0efa914fafde,FP_official_brandlike
G_external_challenge,42,,DH Kinh Te Tp.HCM tuyen sinh Cu nhan Tai Chinh Ung Dung do DH Rennes 1 cap bang. XETTUYEN DOC LAP. Hotline: 0938711627 https://go.ueh.edu.vn/rennes/0389048463,0,,,,,,real,,,,real,0,1,6.386602e-06,0.99999356,False,FP,setup_results\setup_g_results\setup_g_G0_E4_champion_seed_42_challenge_test_errors.csv,G0_E4_champion,,G0_E4_champion,content_ac258ae84c79,FP_legitimate_recruitment_like
G_external_challenge,42,,lương 7 củ nên lấy đc vk nghèo.!,0,,,,,,external_curated,,,,external_curated,0,1,1.6419618e-07,0.9999999,False,FP,setup_results\setup_g_results\setup_g_G0_E4_champion_seed_42_challenge_test_errors.csv,G0_E4_champion,,G0_E4_champion,content_4e513f2104a3,FP_legitimate_recruitment_like
G_external_challenge,42,,"Chứ cưới xong thì vợ/chồng cũng là gia đình riêng của mình rồi, làm sao có thể mù quáng bất chấp tin người nhà xong chửi/giận ngược bạn đời hay đòi ly hôn nvay được.",0,,,,,,external_curated,,,,external_curated,0,1,3.729885e-08,1.0,False,FP,setup_results\setup_g_results\setup_g_G0_E4_champion_seed_42_challenge_test_errors.csv,G0_E4_champion,,G0_E4_champion,content_3d19a7627854,FP_other_or_ambiguous
G_external_challenge,42,,"T thấy nội dung phim bình thường mà, đâu phải chỉ có tuổi trẻ mới được quyền yêu đương?",0,,,,,,external_real,,,,external_real,0,1,0.29547927,0.7045207,False,FP,setup_results\setup_g_results\setup_g_G0_E4_champion_seed_42_challenge_test_errors.csv,G0_E4_champion,,G0_E4_champion,content_e01366986d3c,FP_other_or_ambiguous
G_external_challenge,123,,Bạn đã yêu cầu Google khôi phục quyền truy cập cho duyj4f2004@gmail.com? Nếu không phải thì hãy kiểm tra email để tìm hiểu cách DỪNG yêu cầu này.,0,,,,,,real,,,,real,0,1,1.254051e-08,1.0,False,FP,setup_results\setup_g_results\setup_g_G1_external_all_seed_123_challenge_test_errors.csv,G1_external_all,,G1_external_all,content_3b3a74cef614,FP_legitimate_with_url
G_external_challenge,123,,Em la nu sinh vien 21 tuoi MU0N KIEM chut Tjen trang TRAI CU0C S0NG EM C0 the den lam tinh khu vuc nao cung DU0C GIA CA Uu DAI Add ZAL0 e: 0367891234 QkR,1,,,,,,real,,,,real,1,0,0.99999976,2.0981729e-07,False,FN,setup_results\setup_g_results\setup_g_G1_external_all_seed_123_challenge_test_errors.csv,G1_external_all,,G1_external_all,content_e04559d5e0ad,FN_obfuscation_or_leet
G_external_challenge,123,,Chao Quy PH-HS da dang ky tham gia Hoi thao Hoi&Dap Tuyen sinh 2022 - Dai hoc FPT. Chuong trinh se bat dau luc 19:00 toi nay. Moi Quy PH-HS tham du bang duong link: https://us02web.zoom.us/j/84853187652 hoac Zoom ID: 848 5318 7652. Mat khau vao phong: FPT. Hotline (028) 7300 5588.,0,,,,,,real,,,,real,0,1,4.0367263e-06,0.99999595,False,FP,setup_results\setup_g_results\setup_g_G1_external_all_seed_123_challenge_test_errors.csv,G1_external_all,,G1_external_all,content_e13217d4bd83,FP_legitimate_recruitment_like
G_external_challenge,123,,Chuc mung ban da nhan duoc 1 chiec dien thoai E770i tu chuong trinh Quay So Ngau Nhien cua Mobifone. SoanTin: XU E770i31 va gui 4 lan den 6769 de xem chi tiet,1,,,,,,real,,,,real,1,0,1.0,2.0613278e-08,False,FN,setup_results\setup_g_results\setup_g_G1_external_all_seed_123_challenge_test_errors.csv,G1_external_all,,G1_external_all,content_c0649809996f,FN_obfuscation_or_leet
G_external_challenge,123,,"Chuc mung ban da trung tuyen vao truong CD Le Quy Don. Nhap hoc tu 05/09-15/09 tai 538 QL 51, P. Long Binh Tan, TP Bien Hoa, tinh Dong Nai. Lien he: 0973685439.",0,,,,,,real,,,,real,0,1,0.04128461,0.9587154,False,FP,setup_results\setup_g_results\setup_g_G1_external_all_seed_123_challenge_test_errors.csv,G1_external_all,,G1_external_all,content_8a57b7d41a31,FP_legitimate_recruitment_like
G_external_challenge,123,,"TNEX Ma OTP cua ban 632900, se het han sau 2 phut. Vui long KHONG chia se ma cho bat ky ai voi bat ky ly do nao https//vi.ecmjJ7U4frh",1,,,,,,real,,,,real,1,0,1.0,1.511512e-08,False,FN,setup_results\setup_g_results\setup_g_G1_external_all_seed_123_challenge_test_errors.csv,G1_external_all,,G1_external_all,content_b801ef1b377f,FN_obfuscation_or_leet
G_external_challenge,123,,DH Kinh Te Tp.HCM tuyen sinh Cu nhan Tai Chinh Ung Dung do DH Rennes 1 cap bang. XETTUYEN DOC LAP. Hotline: 0938711627 https://go.ueh.edu.vn/rennes/0389048463,0,,,,,,real,,,,real,0,1,2.1447119e-07,0.99999976,False,FP,setup_results\setup_g_results\setup_g_G1_external_all_seed_123_challenge_test_errors.csv,G1_external_all,,G1_external_all,content_ac258ae84c79,FP_legitimate_recruitment_like
G_external_challenge,2025,,Bạn đã yêu cầu Google khôi phục quyền truy cập cho duyj4f2004@gmail.com? Nếu không phải thì hãy kiểm tra email để tìm hiểu cách DỪNG yêu cầu này.,0,,,,,,real,,,,real,0,1,8.667262e-09,1.0,False,FP,setup_results\setup_g_results\setup_g_G1_external_all_seed_2025_challenge_test_errors.csv,G1_external_all,,G1_external_all,content_3b3a74cef614,FP_legitimate_with_url
G_external_challenge,2025,,"Ke tu ngay 01/08/2022, EVNHCMC ngung nhan tin SMS, Quy KH vui long kiem tra ung dung CSKH, Zalo, Email de nhan thong bao tien dien va cac thong tin ve dien khac. De cai dat ung dung EVNHCMC CSKH, Quy KH truy cap cskh.evnhcmc.vn/tuvan/ungdungcskh hoac lien he 1900545454 de duoc ho tro. Tran trong.",0,,,,,,real,,,,real,0,1,2.254712e-08,1.0,False,FP,setup_results\setup_g_results\setup_g_G1_external_all_seed_2025_challenge_test_errors.csv,G1_external_all,,G1_external_all,content_add97c167b19,FP_legitimate_with_url
G_external_challenge,2025,,Em la nu sinh vien 21 tuoi MU0N KIEM chut Tjen trang TRAI CU0C S0NG EM C0 the den lam tinh khu vuc nao cung DU0C GIA CA Uu DAI Add ZAL0 e: 0367891234 QkR,1,,,,,,real,,,,real,1,0,0.9997502,0.0002497437,False,FN,setup_results\setup_g_results\setup_g_G1_external_all_seed_2025_challenge_test_errors.csv,G1_external_all,,G1_external_all,content_e04559d5e0ad,FN_obfuscation_or_leet
G_external_challenge,2025,,Chao Quy PH-HS da dang ky tham gia Hoi thao Hoi&Dap Tuyen sinh 2022 - Dai hoc FPT. Chuong trinh se bat dau luc 19:00 toi nay. Moi Quy PH-HS tham du bang duong link: https://us02web.zoom.us/j/84853187652 hoac Zoom ID: 848 5318 7652. Mat khau vao phong: FPT. Hotline (028) 7300 5588.,0,,,,,,real,,,,real,0,1,1.2168598e-08,1.0,False,FP,setup_results\setup_g_results\setup_g_G1_external_all_seed_2025_challenge_test_errors.csv,G1_external_all,,G1_external_all,content_e13217d4bd83,FP_legitimate_recruitment_like
G_external_challenge,2025,,Cuc Canh sat QLHC ve TTXH thong bao: Ho so dang ky tai khoan dinh danh dien tu cua ban bi tu choi vi da ton tai tai khoan dinh danh dien tu muc do 2. De nghi lien he Co quan Cong an noi thu nhan ho so cap Can cuoc cong dan hoac lien he tong dai 19000368 de duoc huong dan.,0,,,,,,real,,,,real,0,1,2.5244356e-08,1.0,False,FP,setup_results\setup_g_results\setup_g_G1_external_all_seed_2025_challenge_test_errors.csv,G1_external_all,,G1_external_all,content_4fa49c2a1a91,FP_legitimate_promotion_reward
G_external_challenge,2025,,"Cam on ban da quan tam den DH Cong nghe Mien Dong (MIT), truong tiep tuc xet tuyen NVBS den 10/10. Ban Dang ky online tai dangky.mit.vn . DT/Zalo: 0981767568",0,,,,,,real,,,,real,0,1,8.201915e-07,0.99999917,False,FP,setup_results\setup_g_results\setup_g_G1_external_all_seed_2025_challenge_test_errors.csv,G1_external_all,,G1_external_all,content_908135caf027,FP_legitimate_recruitment_like
G_external_challenge,2025,,Chuc mung ban da nhan duoc 1 chiec dien thoai E770i tu chuong trinh Quay So Ngau Nhien cua Mobifone. SoanTin: XU E770i31 va gui 4 lan den 6769 de xem chi tiet,1,,,,,,real,,,,real,1,0,0.99992263,7.741075e-05,False,FN,setup_results\setup_g_results\setup_g_G1_external_all_seed_2025_challenge_test_errors.csv,G1_external_all,,G1_external_all,content_c0649809996f,FN_obfuscation_or_leet
G_external_challenge,2025,,"ĐH FPT kính mời quý vị phụ huynh, các em học sinh tham dự hội thảo trực tuyến ""Hỏi & Đáp Tuyển sinh 2022"", kết nối trực tiếp với đội ngũ giảng viên tiêu biểu của tất cả các ngành đang đào tạo tại ĐH FPT. Thời gian: từ 19g - 21g Thứ tư ngày 17/8. Vui lòng đăng ký trước và đặt câu hỏi để được ưu tiên giải đáp: https://bit.ly/Webinar-DHFPT-1708",0,,,,,,real,,,,real,0,1,1.6538901e-07,0.9999999,False,FP,setup_results\setup_g_results\setup_g_G1_external_all_seed_2025_challenge_test_errors.csv,G1_external_all,,G1_external_all,content_72ef30c2bc1f,FP_legitimate_recruitment_like
G_external_challenge,2025,,"Chuc mung ban da trung tuyen vao truong CD Le Quy Don. Nhap hoc tu 05/09-15/09 tai 538 QL 51, P. Long Binh Tan, TP Bien Hoa, tinh Dong Nai. Lien he: 0973685439.",0,,,,,,real,,,,real,0,1,1.0519058e-08,1.0,False,FP,setup_results\setup_g_results\setup_g_G1_external_all_seed_2025_challenge_test_errors.csv,G1_external_all,,G1_external_all,content_8a57b7d41a31,FP_legitimate_recruitment_like
G_external_challenge,2025,,"TNEX Ma OTP cua ban 632900, se het han sau 2 phut. Vui long KHONG chia se ma cho bat ky ai voi bat ky ly do nao https//vi.ecmjJ7U4frh",1,,,,,,real,,,,real,1,0,1.0,1.07049845e-08,False,FN,setup_results\setup_g_results\setup_g_G1_external_all_seed_2025_challenge_test_errors.csv,G1_external_all,,G1_external_all,content_b801ef1b377f,FN_obfuscation_or_leet
G_external_challenge,42,,Bạn đã yêu cầu Google khôi phục quyền truy cập cho duyj4f2004@gmail.com? Nếu không phải thì hãy kiểm tra email để tìm hiểu cách DỪNG yêu cầu này.,0,,,,,,real,,,,real,0,1,1.7224812e-08,1.0,False,FP,setup_results\setup_g_results\setup_g_G1_external_all_seed_42_challenge_test_errors.csv,G1_external_all,,G1_external_all,content_3b3a74cef614,FP_legitimate_with_url
G_external_challenge,42,,Em la nu sinh vien 21 tuoi MU0N KIEM chut Tjen trang TRAI CU0C S0NG EM C0 the den lam tinh khu vuc nao cung DU0C GIA CA Uu DAI Add ZAL0 e: 0367891234 QkR,1,,,,,,real,,,,real,1,0,1.0,1.8973767e-08,False,FN,setup_results\setup_g_results\setup_g_G1_external_all_seed_42_challenge_test_errors.csv,G1_external_all,,G1_external_all,content_e04559d5e0ad,FN_obfuscation_or_leet
G_external_challenge,42,,Chuc mung ban da nhan duoc 1 chiec dien thoai E770i tu chuong trinh Quay So Ngau Nhien cua Mobifone. SoanTin: XU E770i31 va gui 4 lan den 6769 de xem chi tiet,1,,,,,,real,,,,real,1,0,1.0,1.5832354e-08,False,FN,setup_results\setup_g_results\setup_g_G1_external_all_seed_42_challenge_test_errors.csv,G1_external_all,,G1_external_all,content_c0649809996f,FN_obfuscation_or_leet
G_external_challenge,42,,"Khách hàng mới nạp đầu thưởng cao nhất lên đến 446,664K! K8 Tang ban 100k Nap 1trieu tang 1 trieu Link dki: https://t.ly/w0ldg Huong dan tai: https://t.ly/tMcwc Ho tro cskh qua tele: @k8nhacaiso1 LQEbk",1,,,,,,real,,,,real,1,0,0.99999905,9.206212e-07,False,FN,setup_results\setup_g_results\setup_g_G1_external_all_seed_42_challenge_test_errors.csv,G1_external_all,,G1_external_all,content_142142060257,FN_obfuscation_or_leet
G_external_challenge,42,,8DAY Thuong Tan Thu Loc 80K (OF67QL411IO) trai nghiem mphi thang rut ngay.HSD Code 24h.HOANTRA 1.3. NAPDAU 200PTRAM. Tham gia tai t.ly/azvVE Dki täng 58K~ 8386K Iink: dsu1d.cc/QV6eCs ~PH4J,1,,,,,,real,,,,real,1,0,0.9999999,8.410573e-08,False,FN,setup_results\setup_g_results\setup_g_G1_external_all_seed_42_challenge_test_errors.csv,G1_external_all,,G1_external_all,content_67793f0d91ff,FN_obfuscation_or_leet
G_external_challenge,42,,"Hệ Thống Messenger Thông Báo: Xin chúc mừng tài khoản Messenger đã may mắn nhận được Giải Nhất từ sự kiện 'Tuần Lễ Vàng' tri ân khách hàng chào Quý 3, đón Năm Mới 2024. Bây giờ bạn vui lòng tiến hành truy cập vào trang địa chỉ website: TraoThuongQuy3.Com (viết liền nhau, không dấu) để đăng ký làm thủ tục hồ sơ nhận thưởng. Hoặc có thể truy cập công cụ tìm kiếm Google và gõ từ khóa: (TraoThuongQuy3.Com). Sau đó chọn kết quả tìm kiếm đầu tiên để truy cập trang website lãnh thưởng. Mọi thắc mắc xin liên hệ Tổng đài CSKH: [(08) 9921 4440]",1,,,,,,real,,,,real,1,0,0.9999999,6.461451e-08,False,FN,setup_results\setup_g_results\setup_g_G1_external_all_seed_42_challenge_test_errors.csv,G1_external_all,,G1_external_all,content_ff81b443f178,FN_obfuscation_or_leet
G_external_challenge,42,,"TNEX Ma OTP cua ban 632900, se het han sau 2 phut. Vui long KHONG chia se ma cho bat ky ai voi bat ky ly do nao https//vi.ecmjJ7U4frh",1,,,,,,real,,,,real,1,0,1.0,1.561323e-08,False,FN,setup_results\setup_g_results\setup_g_G1_external_all_seed_42_challenge_test_errors.csv,G1_external_all,,G1_external_all,content_b801ef1b377f,FN_obfuscation_or_leet
G_external_challenge,123,,Bạn đã yêu cầu Google khôi phục quyền truy cập cho duyj4f2004@gmail.com? Nếu không phải thì hãy kiểm tra email để tìm hiểu cách DỪNG yêu cầu này.,0,,,,,,real,,,,real,0,1,1.0962297e-08,1.0,False,FP,setup_results\setup_g_results\setup_g_G2_external_curated_seed_123_challenge_test_errors.csv,G2_external_curated,,G2_external_curated,content_3b3a74cef614,FP_legitimate_with_url
G_external_challenge,123,,Em la nu sinh vien 21 tuoi MU0N KIEM chut Tjen trang TRAI CU0C S0NG EM C0 the den lam tinh khu vuc nao cung DU0C GIA CA Uu DAI Add ZAL0 e: 0367891234 QkR,1,,,,,,real,,,,real,1,0,1.0,7.759982e-09,False,FN,setup_results\setup_g_results\setup_g_G2_external_curated_seed_123_challenge_test_errors.csv,G2_external_curated,,G2_external_curated,content_e04559d5e0ad,FN_obfuscation_or_leet
G_external_challenge,123,,Chao Quy PH-HS da dang ky tham gia Hoi thao Hoi&Dap Tuyen sinh 2022 - Dai hoc FPT. Chuong trinh se bat dau luc 19:00 toi nay. Moi Quy PH-HS tham du bang duong link: https://us02web.zoom.us/j/84853187652 hoac Zoom ID: 848 5318 7652. Mat khau vao phong: FPT. Hotline (028) 7300 5588.,0,,,,,,real,,,,real,0,1,2.4878116e-08,1.0,False,FP,setup_results\setup_g_results\setup_g_G2_external_curated_seed_123_challenge_test_errors.csv,G2_external_curated,,G2_external_curated,content_e13217d4bd83,FP_legitimate_recruitment_like
G_external_challenge,123,,Chuc mung ban da nhan duoc 1 chiec dien thoai E770i tu chuong trinh Quay So Ngau Nhien cua Mobifone. SoanTin: XU E770i31 va gui 4 lan den 6769 de xem chi tiet,1,,,,,,real,,,,real,1,0,1.0,8.571825e-09,False,FN,setup_results\setup_g_results\setup_g_G2_external_curated_seed_123_challenge_test_errors.csv,G2_external_curated,,G2_external_curated,content_c0649809996f,FN_obfuscation_or_leet
G_external_challenge,123,,"Chuc mung ban da trung tuyen vao truong CD Le Quy Don. Nhap hoc tu 05/09-15/09 tai 538 QL 51, P. Long Binh Tan, TP Bien Hoa, tinh Dong Nai. Lien he: 0973685439.",0,,,,,,real,,,,real,0,1,3.6542352e-07,0.99999964,False,FP,setup_results\setup_g_results\setup_g_G2_external_curated_seed_123_challenge_test_errors.csv,G2_external_curated,,G2_external_curated,content_8a57b7d41a31,FP_legitimate_recruitment_like
G_external_challenge,123,,"TNEX Ma OTP cua ban 632900, se het han sau 2 phut. Vui long KHONG chia se ma cho bat ky ai voi bat ky ly do nao https//vi.ecmjJ7U4frh",1,,,,,,real,,,,real,1,0,1.0,6.2781385e-09,False,FN,setup_results\setup_g_results\setup_g_G2_external_curated_seed_123_challenge_test_errors.csv,G2_external_curated,,G2_external_curated,content_b801ef1b377f,FN_obfuscation_or_leet
G_external_challenge,123,,DH Kinh Te Tp.HCM tuyen sinh Cu nhan Tai Chinh Ung Dung do DH Rennes 1 cap bang. XETTUYEN DOC LAP. Hotline: 0938711627 https://go.ueh.edu.vn/rennes/0389048463,0,,,,,,real,,,,real,0,1,0.4436414,0.5563586,False,FP,setup_results\setup_g_results\setup_g_G2_external_curated_seed_123_challenge_test_errors.csv,G2_external_curated,,G2_external_curated,content_ac258ae84c79,FP_legitimate_recruitment_like
G_external_challenge,2025,,Bạn đã yêu cầu Google khôi phục quyền truy cập cho duyj4f2004@gmail.com? Nếu không phải thì hãy kiểm tra email để tìm hiểu cách DỪNG yêu cầu này.,0,,,,,,real,,,,real,0,1,1.0073336e-08,1.0,False,FP,setup_results\setup_g_results\setup_g_G2_external_curated_seed_2025_challenge_test_errors.csv,G2_external_curated,,G2_external_curated,content_3b3a74cef614,FP_legitimate_with_url
G_external_challenge,2025,,"Ke tu ngay 01/08/2022, EVNHCMC ngung nhan tin SMS, Quy KH vui long kiem tra ung dung CSKH, Zalo, Email de nhan thong bao tien dien va cac thong tin ve dien khac. De cai dat ung dung EVNHCMC CSKH, Quy KH truy cap cskh.evnhcmc.vn/tuvan/ungdungcskh hoac lien he 1900545454 de duoc ho tro. Tran trong.",0,,,,,,real,,,,real,0,1,0.0033948969,0.99660516,False,FP,setup_results\setup_g_results\setup_g_G2_external_curated_seed_2025_challenge_test_errors.csv,G2_external_curated,,G2_external_curated,content_add97c167b19,FP_legitimate_with_url
G_external_challenge,2025,,Em la nu sinh vien 21 tuoi MU0N KIEM chut Tjen trang TRAI CU0C S0NG EM C0 the den lam tinh khu vuc nao cung DU0C GIA CA Uu DAI Add ZAL0 e: 0367891234 QkR,1,,,,,,real,,,,real,1,0,1.0,3.0765875e-08,False,FN,setup_results\setup_g_results\setup_g_G2_external_curated_seed_2025_challenge_test_errors.csv,G2_external_curated,,G2_external_curated,content_e04559d5e0ad,FN_obfuscation_or_leet
G_external_challenge,2025,,Chao Quy PH-HS da dang ky tham gia Hoi thao Hoi&Dap Tuyen sinh 2022 - Dai hoc FPT. Chuong trinh se bat dau luc 19:00 toi nay. Moi Quy PH-HS tham du bang duong link: https://us02web.zoom.us/j/84853187652 hoac Zoom ID: 848 5318 7652. Mat khau vao phong: FPT. Hotline (028) 7300 5588.,0,,,,,,real,,,,real,0,1,2.7600978e-08,1.0,False,FP,setup_results\setup_g_results\setup_g_G2_external_curated_seed_2025_challenge_test_errors.csv,G2_external_curated,,G2_external_curated,content_e13217d4bd83,FP_legitimate_recruitment_like
G_external_challenge,2025,,"Cam on ban da quan tam den DH Cong nghe Mien Dong (MIT), truong tiep tuc xet tuyen NVBS den 10/10. Ban Dang ky online tai dangky.mit.vn . DT/Zalo: 0981767568",0,,,,,,real,,,,real,0,1,4.1474863e-07,0.99999964,False,FP,setup_results\setup_g_results\setup_g_G2_external_curated_seed_2025_challenge_test_errors.csv,G2_external_curated,,G2_external_curated,content_908135caf027,FP_legitimate_recruitment_like
G_external_challenge,2025,,Chuc mung ban da nhan duoc 1 chiec dien thoai E770i tu chuong trinh Quay So Ngau Nhien cua Mobifone. SoanTin: XU E770i31 va gui 4 lan den 6769 de xem chi tiet,1,,,,,,real,,,,real,1,0,1.0,1.3577485e-08,False,FN,setup_results\setup_g_results\setup_g_G2_external_curated_seed_2025_challenge_test_errors.csv,G2_external_curated,,G2_external_curated,content_c0649809996f,FN_obfuscation_or_leet
G_external_challenge,2025,,"Chuc mung ban da trung tuyen vao truong CD Le Quy Don. Nhap hoc tu 05/09-15/09 tai 538 QL 51, P. Long Binh Tan, TP Bien Hoa, tinh Dong Nai. Lien he: 0973685439.",0,,,,,,real,,,,real,0,1,1.2124856e-08,1.0,False,FP,setup_results\setup_g_results\setup_g_G2_external_curated_seed_2025_challenge_test_errors.csv,G2_external_curated,,G2_external_curated,content_8a57b7d41a31,FP_legitimate_recruitment_like
G_external_challenge,2025,,"Sai cu phap nhan tin. De lay thong tin dich vu Mobile Internet va Dcom, vui long bam goi *098# hoac lien he 198 (mien phi). Tran trong.",0,,,,,,real,,,,real,0,1,1.2662562e-08,1.0,False,FP,setup_results\setup_g_results\setup_g_G2_external_curated_seed_2025_challenge_test_errors.csv,G2_external_curated,,G2_external_curated,content_f003942252bd,FP_other_or_ambiguous
G_external_challenge,2025,,"TNEX Ma OTP cua ban 632900, se het han sau 2 phut. Vui long KHONG chia se ma cho bat ky ai voi bat ky ly do nao https//vi.ecmjJ7U4frh",1,,,,,,real,,,,real,1,0,1.0,1.1620595e-08,False,FN,setup_results\setup_g_results\setup_g_G2_external_curated_seed_2025_challenge_test_errors.csv,G2_external_curated,,G2_external_curated,content_b801ef1b377f,FN_obfuscation_or_leet
G_external_challenge,42,,Bạn đã yêu cầu Google khôi phục quyền truy cập cho duyj4f2004@gmail.com? Nếu không phải thì hãy kiểm tra email để tìm hiểu cách DỪNG yêu cầu này.,0,,,,,,real,,,,real,0,1,8.629602e-09,1.0,False,FP,setup_results\setup_g_results\setup_g_G2_external_curated_seed_42_challenge_test_errors.csv,G2_external_curated,,G2_external_curated,content_3b3a74cef614,FP_legitimate_with_url
G_external_challenge,42,,Em la nu sinh vien 21 tuoi MU0N KIEM chut Tjen trang TRAI CU0C S0NG EM C0 the den lam tinh khu vuc nao cung DU0C GIA CA Uu DAI Add ZAL0 e: 0367891234 QkR,1,,,,,,real,,,,real,1,0,1.0,1.2977343e-08,False,FN,setup_results\setup_g_results\setup_g_G2_external_curated_seed_42_challenge_test_errors.csv,G2_external_curated,,G2_external_curated,content_e04559d5e0ad,FN_obfuscation_or_leet
G_external_challenge,42,,Chuc mung ban da nhan duoc 1 chiec dien thoai E770i tu chuong trinh Quay So Ngau Nhien cua Mobifone. SoanTin: XU E770i31 va gui 4 lan den 6769 de xem chi tiet,1,,,,,,real,,,,real,1,0,1.0,1.2602903e-08,False,FN,setup_results\setup_g_results\setup_g_G2_external_curated_seed_42_challenge_test_errors.csv,G2_external_curated,,G2_external_curated,content_c0649809996f,FN_obfuscation_or_leet
G_external_challenge,42,,"Khách hàng mới nạp đầu thưởng cao nhất lên đến 446,664K! K8 Tang ban 100k Nap 1trieu tang 1 trieu Link dki: https://t.ly/w0ldg Huong dan tai: https://t.ly/tMcwc Ho tro cskh qua tele: @k8nhacaiso1 LQEbk",1,,,,,,real,,,,real,1,0,0.9999999,6.727591e-08,False,FN,setup_results\setup_g_results\setup_g_G2_external_curated_seed_42_challenge_test_errors.csv,G2_external_curated,,G2_external_curated,content_142142060257,FN_obfuscation_or_leet
G_external_challenge,42,,"Hệ Thống Messenger Thông Báo: Xin chúc mừng tài khoản Messenger đã may mắn nhận được Giải Nhất từ sự kiện 'Tuần Lễ Vàng' tri ân khách hàng chào Quý 3, đón Năm Mới 2024. Bây giờ bạn vui lòng tiến hành truy cập vào trang địa chỉ website: TraoThuongQuy3.Com (viết liền nhau, không dấu) để đăng ký làm thủ tục hồ sơ nhận thưởng. Hoặc có thể truy cập công cụ tìm kiếm Google và gõ từ khóa: (TraoThuongQuy3.Com). Sau đó chọn kết quả tìm kiếm đầu tiên để truy cập trang website lãnh thưởng. Mọi thắc mắc xin liên hệ Tổng đài CSKH: [(08) 9921 4440]",1,,,,,,real,,,,real,1,0,0.9703966,0.029603422,False,FN,setup_results\setup_g_results\setup_g_G2_external_curated_seed_42_challenge_test_errors.csv,G2_external_curated,,G2_external_curated,content_ff81b443f178,FN_obfuscation_or_leet
G_external_challenge,42,,"TNEX Ma OTP cua ban 632900, se het han sau 2 phut. Vui long KHONG chia se ma cho bat ky ai voi bat ky ly do nao https//vi.ecmjJ7U4frh",1,,,,,,real,,,,real,1,0,1.0,1.2023572e-08,False,FN,setup_results\setup_g_results\setup_g_G2_external_curated_seed_42_challenge_test_errors.csv,G2_external_curated,,G2_external_curated,content_b801ef1b377f,FN_obfuscation_or_leet
G_external_challenge,123,,Bạn đã yêu cầu Google khôi phục quyền truy cập cho duyj4f2004@gmail.com? Nếu không phải thì hãy kiểm tra email để tìm hiểu cách DỪNG yêu cầu này.,0,,,,,,real,,,,real,0,1,1.4343637e-08,1.0,False,FP,setup_results\setup_g_results\setup_g_G3_external_plus_synthetic_label0_seed_123_challenge_test_errors.csv,G3_external_plus_synthetic_label0,,G3_external_plus_synthetic_label0,content_3b3a74cef614,FP_legitimate_with_url
G_external_challenge,123,,"Nhan dip Tet Nham Dan,BLD va Ban Dai dien CMHS truong THPT Nguyen Cong Tru kinh chuc Quy PHHS va toan the gia dinh suc khoe,hanh phuc,binh an,van su nhu y",0,,,,,,real,,,,real,0,1,5.7298273e-08,1.0,False,FP,setup_results\setup_g_results\setup_g_G3_external_plus_synthetic_label0_seed_123_challenge_test_errors.csv,G3_external_plus_synthetic_label0,,G3_external_plus_synthetic_label0,content_f847a2fa0a0e,FP_other_or_ambiguous
G_external_challenge,123,,Chuc mung ban da nhan duoc 1 chiec dien thoai E770i tu chuong trinh Quay So Ngau Nhien cua Mobifone. SoanTin: XU E770i31 va gui 4 lan den 6769 de xem chi tiet,1,,,,,,real,,,,real,1,0,1.0,1.9196653e-08,False,FN,setup_results\setup_g_results\setup_g_G3_external_plus_synthetic_label0_seed_123_challenge_test_errors.csv,G3_external_plus_synthetic_label0,,G3_external_plus_synthetic_label0,content_c0649809996f,FN_obfuscation_or_leet
G_external_challenge,123,,"Sai cu phap nhan tin. De lay thong tin dich vu Mobile Internet va Dcom, vui long bam goi *098# hoac lien he 198 (mien phi). Tran trong.",0,,,,,,real,,,,real,0,1,3.2482403e-06,0.9999968,False,FP,setup_results\setup_g_results\setup_g_G3_external_plus_synthetic_label0_seed_123_challenge_test_errors.csv,G3_external_plus_synthetic_label0,,G3_external_plus_synthetic_label0,content_f003942252bd,FP_other_or_ambiguous
G_external_challenge,123,,"Chuc mung thi sinh NGUYEN HOANG DUY da trung tuyen vao truong DH CNTT - DHQG-HCM, nganh CONG NGHE THONG TIN. Chi tiet xem trong giay bao trung tuyen va goi nhap hoc tra cuu tai dia chi https://tuyensinh.uit.edu.vn/giaybao-nhaphoc, hotline 0971203246",0,,,,,,real,,,,real,0,1,0.19097012,0.80902994,False,FP,setup_results\setup_g_results\setup_g_G3_external_plus_synthetic_label0_seed_123_challenge_test_errors.csv,G3_external_plus_synthetic_label0,,G3_external_plus_synthetic_label0,content_d12991894aac,FP_legitimate_recruitment_like
G_external_challenge,123,,"Hệ Thống Messenger Thông Báo: Xin chúc mừng tài khoản Messenger đã may mắn nhận được Giải Nhất từ sự kiện 'Tuần Lễ Vàng' tri ân khách hàng chào Quý 3, đón Năm Mới 2024. Bây giờ bạn vui lòng tiến hành truy cập vào trang địa chỉ website: TraoThuongQuy3.Com (viết liền nhau, không dấu) để đăng ký làm thủ tục hồ sơ nhận thưởng. Hoặc có thể truy cập công cụ tìm kiếm Google và gõ từ khóa: (TraoThuongQuy3.Com). Sau đó chọn kết quả tìm kiếm đầu tiên để truy cập trang website lãnh thưởng. Mọi thắc mắc xin liên hệ Tổng đài CSKH: [(08) 9921 4440]",1,,,,,,real,,,,real,1,0,0.91433287,0.0856672,False,FN,setup_results\setup_g_results\setup_g_G3_external_plus_synthetic_label0_seed_123_challenge_test_errors.csv,G3_external_plus_synthetic_label0,,G3_external_plus_synthetic_label0,content_ff81b443f178,FN_obfuscation_or_leet
G_external_challenge,123,,"TNEX Ma OTP cua ban 632900, se het han sau 2 phut. Vui long KHONG chia se ma cho bat ky ai voi bat ky ly do nao https//vi.ecmjJ7U4frh",1,,,,,,real,,,,real,1,0,1.0,1.5446583e-08,False,FN,setup_results\setup_g_results\setup_g_G3_external_plus_synthetic_label0_seed_123_challenge_test_errors.csv,G3_external_plus_synthetic_label0,,G3_external_plus_synthetic_label0,content_b801ef1b377f,FN_obfuscation_or_leet
G_external_challenge,2025,,Bạn đã yêu cầu Google khôi phục quyền truy cập cho duyj4f2004@gmail.com? Nếu không phải thì hãy kiểm tra email để tìm hiểu cách DỪNG yêu cầu này.,0,,,,,,real,,,,real,0,1,1.3895967e-08,1.0,False,FP,setup_results\setup_g_results\setup_g_G3_external_plus_synthetic_label0_seed_2025_challenge_test_errors.csv,G3_external_plus_synthetic_label0,,G3_external_plus_synthetic_label0,content_3b3a74cef614,FP_legitimate_with_url
G_external_challenge,2025,,Em la nu sinh vien 21 tuoi MU0N KIEM chut Tjen trang TRAI CU0C S0NG EM C0 the den lam tinh khu vuc nao cung DU0C GIA CA Uu DAI Add ZAL0 e: 0367891234 QkR,1,,,,,,real,,,,real,1,0,0.9999989,1.0820808e-06,False,FN,setup_results\setup_g_results\setup_g_G3_external_plus_synthetic_label0_seed_2025_challenge_test_errors.csv,G3_external_plus_synthetic_label0,,G3_external_plus_synthetic_label0,content_e04559d5e0ad,FN_obfuscation_or_leet
G_external_challenge,2025,,Chao Quy PH-HS da dang ky tham gia Hoi thao Hoi&Dap Tuyen sinh 2022 - Dai hoc FPT. Chuong trinh se bat dau luc 19:00 toi nay. Moi Quy PH-HS tham du bang duong link: https://us02web.zoom.us/j/84853187652 hoac Zoom ID: 848 5318 7652. Mat khau vao phong: FPT. Hotline (028) 7300 5588.,0,,,,,,real,,,,real,0,1,0.0007848387,0.9992151,False,FP,setup_results\setup_g_results\setup_g_G3_external_plus_synthetic_label0_seed_2025_challenge_test_errors.csv,G3_external_plus_synthetic_label0,,G3_external_plus_synthetic_label0,content_e13217d4bd83,FP_legitimate_recruitment_like
G_external_challenge,2025,,"Nhan dip Tet Nham Dan,BLD va Ban Dai dien CMHS truong THPT Nguyen Cong Tru kinh chuc Quy PHHS va toan the gia dinh suc khoe,hanh phuc,binh an,van su nhu y",0,,,,,,real,,,,real,0,1,0.0108161885,0.9891838,False,FP,setup_results\setup_g_results\setup_g_G3_external_plus_synthetic_label0_seed_2025_challenge_test_errors.csv,G3_external_plus_synthetic_label0,,G3_external_plus_synthetic_label0,content_f847a2fa0a0e,FP_other_or_ambiguous
G_external_challenge,2025,,Chuc mung ban da nhan duoc 1 chiec dien thoai E770i tu chuong trinh Quay So Ngau Nhien cua Mobifone. SoanTin: XU E770i31 va gui 4 lan den 6769 de xem chi tiet,1,,,,,,real,,,,real,1,0,1.0,3.1866115e-08,False,FN,setup_results\setup_g_results\setup_g_G3_external_plus_synthetic_label0_seed_2025_challenge_test_errors.csv,G3_external_plus_synthetic_label0,,G3_external_plus_synthetic_label0,content_c0649809996f,FN_obfuscation_or_leet
G_external_challenge,2025,,"HUIT – Chuc mung Ban da TRUNG TUYEN CHINH THUC! Moi ban den HUI nhap hoc tu ngay 18/8 den 17h00 ngay 27/8/2024. Dong thoi, HUIT tang ngay uu dai 3 trieu dong danh cho 2.000 thi sinh nhap học som nhat. Tra cuu ket qua tai: huit.edu.vn/kqtt. Lien he: 02871085555, 0949981717, Zalo:",1,,,,,,real,,,,real,1,0,1.0,5.4954377e-08,False,FN,setup_results\setup_g_results\setup_g_G3_external_plus_synthetic_label0_seed_2025_challenge_test_errors.csv,G3_external_plus_synthetic_label0,,G3_external_plus_synthetic_label0,content_22a298660f78,FN_obfuscation_or_leet
G_external_challenge,2025,,"Sai cu phap nhan tin. De lay thong tin dich vu Mobile Internet va Dcom, vui long bam goi *098# hoac lien he 198 (mien phi). Tran trong.",0,,,,,,real,,,,real,0,1,1.2162239e-08,1.0,False,FP,setup_results\setup_g_results\setup_g_G3_external_plus_synthetic_label0_seed_2025_challenge_test_errors.csv,G3_external_plus_synthetic_label0,,G3_external_plus_synthetic_label0,content_f003942252bd,FP_other_or_ambiguous
G_external_challenge,2025,,"Hệ Thống Messenger Thông Báo: Xin chúc mừng tài khoản Messenger đã may mắn nhận được Giải Nhất từ sự kiện 'Tuần Lễ Vàng' tri ân khách hàng chào Quý 3, đón Năm Mới 2024. Bây giờ bạn vui lòng tiến hành truy cập vào trang địa chỉ website: TraoThuongQuy3.Com (viết liền nhau, không dấu) để đăng ký làm thủ tục hồ sơ nhận thưởng. Hoặc có thể truy cập công cụ tìm kiếm Google và gõ từ khóa: (TraoThuongQuy3.Com). Sau đó chọn kết quả tìm kiếm đầu tiên để truy cập trang website lãnh thưởng. Mọi thắc mắc xin liên hệ Tổng đài CSKH: [(08) 9921 4440]",1,,,,,,real,,,,real,1,0,0.9440698,0.055930153,False,FN,setup_results\setup_g_results\setup_g_G3_external_plus_synthetic_label0_seed_2025_challenge_test_errors.csv,G3_external_plus_synthetic_label0,,G3_external_plus_synthetic_label0,content_ff81b443f178,FN_obfuscation_or_leet
G_external_challenge,2025,,"TNEX Ma OTP cua ban 632900, se het han sau 2 phut. Vui long KHONG chia se ma cho bat ky ai voi bat ky ly do nao https//vi.ecmjJ7U4frh",1,,,,,,real,,,,real,1,0,1.0,1.844403e-08,False,FN,setup_results\setup_g_results\setup_g_G3_external_plus_synthetic_label0_seed_2025_challenge_test_errors.csv,G3_external_plus_synthetic_label0,,G3_external_plus_synthetic_label0,content_b801ef1b377f,FN_obfuscation_or_leet
G_external_challenge,42,,Bạn đã yêu cầu Google khôi phục quyền truy cập cho duyj4f2004@gmail.com? Nếu không phải thì hãy kiểm tra email để tìm hiểu cách DỪNG yêu cầu này.,0,,,,,,real,,,,real,0,1,4.5879656e-09,1.0,False,FP,setup_results\setup_g_results\setup_g_G3_external_plus_synthetic_label0_seed_42_challenge_test_errors.csv,G3_external_plus_synthetic_label0,,G3_external_plus_synthetic_label0,content_3b3a74cef614,FP_legitimate_with_url
G_external_challenge,42,,Chao Quy PH-HS da dang ky tham gia Hoi thao Hoi&Dap Tuyen sinh 2022 - Dai hoc FPT. Chuong trinh se bat dau luc 19:00 toi nay. Moi Quy PH-HS tham du bang duong link: https://us02web.zoom.us/j/84853187652 hoac Zoom ID: 848 5318 7652. Mat khau vao phong: FPT. Hotline (028) 7300 5588.,0,,,,,,real,,,,real,0,1,2.0797982e-08,1.0,False,FP,setup_results\setup_g_results\setup_g_G3_external_plus_synthetic_label0_seed_42_challenge_test_errors.csv,G3_external_plus_synthetic_label0,,G3_external_plus_synthetic_label0,content_e13217d4bd83,FP_legitimate_recruitment_like
G_external_challenge,42,,"Nhan dip Tet Nham Dan,BLD va Ban Dai dien CMHS truong THPT Nguyen Cong Tru kinh chuc Quy PHHS va toan the gia dinh suc khoe,hanh phuc,binh an,van su nhu y",0,,,,,,real,,,,real,0,1,4.404031e-09,1.0,False,FP,setup_results\setup_g_results\setup_g_G3_external_plus_synthetic_label0_seed_42_challenge_test_errors.csv,G3_external_plus_synthetic_label0,,G3_external_plus_synthetic_label0,content_f847a2fa0a0e,FP_other_or_ambiguous
G_external_challenge,42,,Cuc Canh sat QLHC ve TTXH thong bao: Ho so dang ky tai khoan dinh danh dien tu cua ban bi tu choi vi da ton tai tai khoan dinh danh dien tu muc do 2. De nghi lien he Co quan Cong an noi thu nhan ho so cap Can cuoc cong dan hoac lien he tong dai 19000368 de duoc huong dan.,0,,,,,,real,,,,real,0,1,7.021348e-08,0.9999999,False,FP,setup_results\setup_g_results\setup_g_G3_external_plus_synthetic_label0_seed_42_challenge_test_errors.csv,G3_external_plus_synthetic_label0,,G3_external_plus_synthetic_label0,content_4fa49c2a1a91,FP_legitimate_promotion_reward
G_external_challenge,42,,Chuc mung ban da nhan duoc 1 chiec dien thoai E770i tu chuong trinh Quay So Ngau Nhien cua Mobifone. SoanTin: XU E770i31 va gui 4 lan den 6769 de xem chi tiet,1,,,,,,real,,,,real,1,0,1.0,6.112526e-09,False,FN,setup_results\setup_g_results\setup_g_G3_external_plus_synthetic_label0_seed_42_challenge_test_errors.csv,G3_external_plus_synthetic_label0,,G3_external_plus_synthetic_label0,content_c0649809996f,FN_obfuscation_or_leet
G_external_challenge,42,,"Sai cu phap nhan tin. De lay thong tin dich vu Mobile Internet va Dcom, vui long bam goi *098# hoac lien he 198 (mien phi). Tran trong.",0,,,,,,real,,,,real,0,1,4.9620987e-09,1.0,False,FP,setup_results\setup_g_results\setup_g_G3_external_plus_synthetic_label0_seed_42_challenge_test_errors.csv,G3_external_plus_synthetic_label0,,G3_external_plus_synthetic_label0,content_f003942252bd,FP_other_or_ambiguous
G_external_challenge,42,,"Hệ Thống Messenger Thông Báo: Xin chúc mừng tài khoản Messenger đã may mắn nhận được Giải Nhất từ sự kiện 'Tuần Lễ Vàng' tri ân khách hàng chào Quý 3, đón Năm Mới 2024. Bây giờ bạn vui lòng tiến hành truy cập vào trang địa chỉ website: TraoThuongQuy3.Com (viết liền nhau, không dấu) để đăng ký làm thủ tục hồ sơ nhận thưởng. Hoặc có thể truy cập công cụ tìm kiếm Google và gõ từ khóa: (TraoThuongQuy3.Com). Sau đó chọn kết quả tìm kiếm đầu tiên để truy cập trang website lãnh thưởng. Mọi thắc mắc xin liên hệ Tổng đài CSKH: [(08) 9921 4440]",1,,,,,,real,,,,real,1,0,0.9999999,1.5970679e-07,False,FN,setup_results\setup_g_results\setup_g_G3_external_plus_synthetic_label0_seed_42_challenge_test_errors.csv,G3_external_plus_synthetic_label0,,G3_external_plus_synthetic_label0,content_ff81b443f178,FN_obfuscation_or_leet
G_external_challenge,42,,"TNEX Ma OTP cua ban 632900, se het han sau 2 phut. Vui long KHONG chia se ma cho bat ky ai voi bat ky ly do nao https//vi.ecmjJ7U4frh",1,,,,,,real,,,,real,1,0,1.0,7.1711446e-09,False,FN,setup_results\setup_g_results\setup_g_G3_external_plus_synthetic_label0_seed_42_challenge_test_errors.csv,G3_external_plus_synthetic_label0,,G3_external_plus_synthetic_label0,content_b801ef1b377f,FN_obfuscation_or_leet
