sample_id,label,teacher_pred,teacher_confidence,teacher_agree_label,distill_weight,data_origin,category,effective_distill_weight,soft_target_p1,soft_target_p0,beta
ViSmish_00000,0,0,0.99933076,True,1.0,real,Viễn thông,1.0,0.0025225264999999995,0.9974774735,0.09999999999999998
ViSmish_00001,0,0,0.99947876,True,1.0,real,Khác,1.0,0.0022327212999999992,0.9977672787,0.09999999999999998
ViSmish_00003,1,1,0.99962234,True,1.0,paraphrased,Dịch vụ công giả,1.0,0.998093504,0.0019064960000000353,0.09999999999999998
ViSmish_00004,1,1,0.99962246,True,1.0,paraphrased,Giả mạo ngân hàng,1.0,0.9980936499999999,0.0019063500000000566,0.09999999999999998
ViSmish_00005,0,0,0.99931204,True,1.0,real,Viễn thông,1.0,0.002556688899999999,0.9974433111,0.09999999999999998
ViSmish_00006,1,1,0.9996232,True,1.0,paraphrased,BHXH / Trợ cấp giả,1.0,0.998095405,0.0019045949999999534,0.09999999999999998
ViSmish_00007,0,0,0.9994764,True,1.0,synthetic,Tin nhắn cá nhân và OTP,1.0,0.0022376333999999994,0.9977623666,0.09999999999999998
ViSmish_00008,0,0,0.9994543,True,1.0,real,Viễn thông,1.0,0.0022831816,0.9977168184,0.09999999999999998
ViSmish_00009,1,1,0.99959344,True,1.0,paraphrased,Nội dung nhạy cảm,1.0,0.99802296,0.0019770399999999855,0.09999999999999998
ViSmish_00010,1,1,0.9994766,True,1.0,synthetic_hard_negative,Giả mạo ngân hàng,1.0,0.99776283,0.0022371700000000105,0.09999999999999998
ViSmish_00013,1,1,0.9995912,True,1.0,paraphrased,Crypto / Đầu tư giả,1.0,0.998017764,0.001982236000000026,0.09999999999999998
ViSmish_00014,0,0,0.9993444,True,1.0,real,Dịch vụ công thật,1.0,0.0024973317999999996,0.9975026682,0.09999999999999998
ViSmish_00015,1,1,0.9995932,True,1.0,paraphrased,Cờ bạc / Betting,1.0,0.99802238,0.0019776200000000133,0.09999999999999998
ViSmish_00016,1,1,0.99962044,True,1.0,paraphrased,Tuyển dụng giả,1.0,0.998088616,0.001911384000000016,0.09999999999999998
ViSmish_00017,0,0,0.9994825,True,1.0,synthetic,Vận chuyển,1.0,0.0022246559999999993,0.997775344,0.09999999999999998
ViSmish_00018,0,0,0.99933857,True,1.0,external_curated,P2P hard negative,1.0,0.0025081905999999998,0.9974918094,0.09999999999999998
ViSmish_00019,1,1,0.99962485,True,1.0,paraphrased,Tuyển dụng giả,1.0,0.998099595,0.001900404999999994,0.09999999999999998
ViSmish_00021,0,0,0.9993368,True,1.0,real,Viễn thông,1.0,0.0025113114999999993,0.9974886885,0.09999999999999998
ViSmish_00024,1,1,0.9996247,True,1.0,paraphrased,Nội dung nhạy cảm,1.0,0.99809925,0.0019007500000000066,0.09999999999999998
ViSmish_00025,0,0,0.99945456,True,1.0,external_real,P2P hội thoại thông thường,1.0,0.0022827952999999995,0.9977172047,0.09999999999999998
ViSmish_00028,1,1,0.9996213,True,1.0,paraphrased,Giả mạo ngân hàng,1.0,0.99809063,0.0019093700000000213,0.09999999999999998
ViSmish_00029,0,0,0.99946016,True,1.0,real,Ngân hàng thật,1.0,0.0022712012999999993,0.9977287987,0.09999999999999998
ViSmish_00030,1,1,0.9996158,True,1.0,paraphrased,Tuyển dụng giả,1.0,0.998077136,0.0019228639999999686,0.09999999999999998
ViSmish_00032,1,1,0.9995814,True,1.0,paraphrased,Nội dung nhạy cảm,1.0,0.99799472,0.002005279999999998,0.09999999999999998
ViSmish_00033,1,1,0.9996105,True,1.0,paraphrased,Crypto / Đầu tư giả,1.0,0.998064286,0.0019357140000000328,0.09999999999999998
ViSmish_00034,0,0,0.9994497,True,1.0,synthetic,Tin nhắn cá nhân và OTP,1.0,0.0022926996,0.9977073004,0.09999999999999998
ViSmish_00035,0,0,0.9994326,True,1.0,external_curated,P2P hard negative,1.0,0.0023272526999999995,0.9976727473,0.09999999999999998
ViSmish_00038,0,0,0.9993824,True,1.0,real,Viễn thông,1.0,0.0024255524999999994,0.9975744475,0.09999999999999998
ViSmish_00039,0,0,0.99946755,True,1.0,synthetic,Ngân hàng thật,1.0,0.0022561454999999995,0.9977438545,0.09999999999999998
ViSmish_00040,1,1,0.9996234,True,1.0,paraphrased,Tuyển dụng giả,1.0,0.99809605,0.0019039499999999876,0.09999999999999998
ViSmish_00041,1,1,0.9995914,True,1.0,paraphrased,Dịch vụ công giả,1.0,0.99801823,0.001981769999999994,0.09999999999999998
ViSmish_00043,0,0,0.9970733,True,1.0,external_curated,P2P hard negative,1.0,0.005139405299999999,0.9948605947,0.09999999999999998
ViSmish_00047,1,1,0.9995683,True,1.0,paraphrased,Crypto / Đầu tư giả,1.0,0.997964054,0.0020359460000000107,0.09999999999999998
ViSmish_00048,0,0,0.99929297,True,1.0,external_curated,P2P hard negative,1.0,0.0025909639999999994,0.997409036,0.09999999999999998
ViSmish_00049,1,1,0.9994863,True,1.0,paraphrased,Nội dung nhạy cảm,1.0,0.997783226,0.002216773999999977,0.09999999999999998
ViSmish_00050,0,0,0.999432,True,1.0,synthetic,Tin nhắn cá nhân và OTP,1.0,0.0023283950999999996,0.9976716049,0.09999999999999998
ViSmish_00051,1,1,0.9996056,True,1.0,real,Cờ bạc / Betting,1.0,0.99805238,0.0019476200000000388,0.09999999999999998
ViSmish_00052,0,0,0.99947363,True,1.0,real,Khác,1.0,0.0022433196999999995,0.9977566803,0.09999999999999998
ViSmish_00053,1,1,0.99950945,True,1.0,paraphrased,BHXH / Trợ cấp giả,1.0,0.99783257,0.00216742999999997,0.09999999999999998
ViSmish_00054,0,0,0.99942386,True,1.0,real,Dịch vụ công thật,1.0,0.0023447142999999996,0.9976552857,0.09999999999999998
ViSmish_00055,1,1,0.99940896,True,1.0,synthetic_hard_negative,Khác,1.0,0.997625846,0.0023741539999999617,0.09999999999999998
ViSmish_00058,1,1,0.9996282,True,1.0,paraphrased,Tuyển dụng giả,1.0,0.99810781,0.0018921899999999603,0.09999999999999998
ViSmish_00059,0,0,0.9992812,True,1.0,external_curated,P2P hard negative,1.0,0.0026118585999999992,0.9973881414,0.09999999999999998
ViSmish_00060,0,0,0.99948174,True,1.0,synthetic,Thương mại điện tử,1.0,0.0022264593999999993,0.9977735406,0.09999999999999998
ViSmish_00061,0,0,0.9994796,True,1.0,synthetic,Vận chuyển,1.0,0.0022309969999999993,0.997769003,0.09999999999999998
ViSmish_00064,0,0,0.99946696,True,1.0,synthetic,Thương mại điện tử,1.0,0.0022572347999999993,0.9977427652,0.09999999999999998
ViSmish_00065,1,1,0.99961615,True,1.0,paraphrased,Nội dung nhạy cảm,1.0,0.99807804,0.0019219600000000003,0.09999999999999998
ViSmish_00066,1,1,0.9994783,True,1.0,paraphrased,Cờ bạc / Betting,1.0,0.997766215,0.0022337850000000437,0.09999999999999998
ViSmish_00068,0,0,0.999185,True,1.0,real,Khác,1.0,0.002776572999999999,0.997223427,0.09999999999999998
ViSmish_00069,1,1,0.99950445,True,1.0,synthetic_hard_negative,Khác,1.0,0.997821987,0.0021780129999999787,0.09999999999999998
ViSmish_00074,0,0,0.9994784,True,1.0,synthetic,Tin nhắn cá nhân và OTP,1.0,0.0022335381999999994,0.9977664618,0.09999999999999998
ViSmish_00076,0,0,0.99946624,True,1.0,external_curated,P2P hard negative,1.0,0.0022587397999999995,0.9977412602,0.09999999999999998
ViSmish_00077,1,1,0.99958926,True,1.0,synthetic_hard_negative,Tuyển dụng giả,1.0,0.998013055,0.001986944999999962,0.09999999999999998
ViSmish_00079,0,0,0.9994325,True,1.0,real,Tin nhắn cá nhân và OTP,1.0,0.0023273728999999993,0.9976726271,0.09999999999999998
ViSmish_00080,1,1,0.9996227,True,1.0,paraphrased,Tuyển dụng giả,1.0,0.99809419,0.0019058100000000078,0.09999999999999998
ViSmish_00081,1,1,0.99962354,True,1.0,paraphrased,Tuyển dụng giả,1.0,0.998096234,0.0019037659999999734,0.09999999999999998
ViSmish_00082,0,0,0.9994816,True,1.0,synthetic,Vận chuyển,1.0,0.0022268352999999996,0.9977731647,0.09999999999999998
ViSmish_00083,0,0,0.999474,True,1.0,synthetic,Thương mại điện tử,1.0,0.0022427499999999995,0.99775725,0.09999999999999998
ViSmish_00084,0,0,0.9994931,True,1.0,real,Tin nhắn cá nhân và OTP,1.0,0.0022023819999999993,0.997797618,0.09999999999999998
ViSmish_00085,1,1,0.99948126,True,1.0,synthetic_hard_negative,Dịch vụ công giả,1.0,0.99777254,0.002227459999999959,0.09999999999999998
ViSmish_00087,1,1,0.99960977,True,1.0,paraphrased,Crypto / Đầu tư giả,1.0,0.99806234,0.0019376599999999522,0.09999999999999998
ViSmish_00088,1,1,0.9996315,True,1.0,paraphrased,Giả mạo ngân hàng,1.0,0.99811622,0.0018837800000000016,0.09999999999999998
ViSmish_00089,1,1,0.99961925,True,1.0,paraphrased,BHXH / Trợ cấp giả,1.0,0.99808586,0.0019141400000000086,0.09999999999999998
ViSmish_00090,0,0,0.99948645,True,1.0,synthetic,Dịch vụ y tế,1.0,0.0022165141999999994,0.9977834858,0.09999999999999998
ViSmish_00091,1,1,0.9995882,True,1.0,paraphrased,Tuyển dụng giả,1.0,0.998010755,0.001989244999999973,0.09999999999999998
ViSmish_00092,0,0,0.9994797,True,1.0,synthetic,Dịch vụ y tế,1.0,0.0022306723999999997,0.9977693276,0.09999999999999998
ViSmish_00093,0,0,0.9994816,True,1.0,synthetic,Tin nhắn cá nhân và OTP,1.0,0.0022267022999999993,0.9977732977,0.09999999999999998
ViSmish_00094,1,1,0.9994861,True,1.0,paraphrased,Crypto / Đầu tư giả,1.0,0.997782713,0.0022172870000000122,0.09999999999999998
ViSmish_00096,1,1,0.9995789,True,1.0,paraphrased,Đòi nợ / Đe dọa,1.0,0.997988635,0.002011364999999987,0.09999999999999998
ViSmish_00097,0,0,0.9991443,True,1.0,external_curated,P2P hard negative,1.0,0.002843261999999999,0.997156738,0.09999999999999998
ViSmish_00098,1,1,0.9996208,True,1.0,paraphrased,BHXH / Trợ cấp giả,1.0,0.998089695,0.001910305000000001,0.09999999999999998
ViSmish_00099,1,1,0.9995988,True,1.0,paraphrased,Cờ bạc / Betting,1.0,0.998035944,0.0019640560000000473,0.09999999999999998
ViSmish_00100,1,1,0.99962676,True,1.0,paraphrased,BHXH / Trợ cấp giả,1.0,0.99810448,0.0018955200000000394,0.09999999999999998
ViSmish_00101,0,0,0.99944764,True,1.0,synthetic,Ngân hàng thật,1.0,0.0022969407999999993,0.9977030592,0.09999999999999998
ViSmish_00102,0,0,0.9989231,True,1.0,external_real,P2P hội thoại thông thường,1.0,0.0031788699999999994,0.99682113,0.09999999999999998
ViSmish_00103,1,1,0.99958855,True,1.0,paraphrased,Tuyển dụng giả,1.0,0.998011553,0.0019884470000000043,0.09999999999999998
ViSmish_00105,1,1,0.99959034,True,1.0,synthetic_hard_negative,Tuyển dụng giả,1.0,0.998015666,0.0019843339999999765,0.09999999999999998
ViSmish_00106,0,0,0.9994628,True,1.0,synthetic,Dịch vụ y tế,1.0,0.0022660124999999993,0.9977339875,0.09999999999999998
ViSmish_00107,0,0,0.99935097,True,1.0,synthetic,Ngân hàng thật,1.0,0.0024851740999999993,0.9975148259,0.09999999999999998
ViSmish_00108,0,0,0.99941814,True,1.0,external_real,P2P hội thoại thông thường,1.0,0.0023559743999999995,0.9976440256,0.09999999999999998
ViSmish_00109,1,1,0.9996138,True,1.0,paraphrased,Cờ bạc / Betting,1.0,0.99807233,0.001927670000000048,0.09999999999999998
ViSmish_00111,1,1,0.9995578,True,1.0,paraphrased,Giả mạo ngân hàng,1.0,0.997940034,0.002059966000000024,0.09999999999999998
ViSmish_00112,0,0,0.99947923,True,1.0,real,Tin nhắn cá nhân và OTP,1.0,0.0022318507999999995,0.9977681492,0.09999999999999998
ViSmish_00113,0,0,0.999345,True,1.0,real,Tin nhắn cá nhân và OTP,1.0,0.0024962456999999996,0.9975037543,0.09999999999999998
ViSmish_00114,0,0,0.9994216,True,1.0,external_curated,P2P hard negative,1.0,0.0023491940999999994,0.9976508059,0.09999999999999998
ViSmish_00115,0,0,0.9994742,True,1.0,real,Ngân hàng thật,1.0,0.0022421977999999994,0.9977578022,0.09999999999999998
ViSmish_00117,1,1,0.9995919,True,1.0,paraphrased,Crypto / Đầu tư giả,1.0,0.9980192960000001,0.0019807039999999443,0.09999999999999998
ViSmish_00120,0,0,0.9994166,True,1.0,synthetic,Ngân hàng thật,1.0,0.0023591022999999993,0.9976408977,0.09999999999999998
ViSmish_00121,1,1,0.999629,True,1.0,paraphrased,Cờ bạc / Betting,1.0,0.99811014,0.001889860000000021,0.09999999999999998
ViSmish_00122,0,0,0.99892956,True,1.0,synthetic,Dịch vụ công thật,1.0,0.0031697279999999993,0.996830272,0.09999999999999998
ViSmish_00123,1,1,0.9996057,True,1.0,paraphrased,Crypto / Đầu tư giả,1.0,0.998052466,0.0019475340000000285,0.09999999999999998
ViSmish_00125,1,1,0.9995728,True,1.0,paraphrased,Cờ bạc / Betting,1.0,0.99797466,0.0020253399999999866,0.09999999999999998
ViSmish_00126,1,1,0.9996289,True,1.0,paraphrased,Tuyển dụng giả,1.0,0.998109645,0.0018903550000000102,0.09999999999999998
ViSmish_00127,0,0,0.99947625,True,1.0,real,Viễn thông,1.0,0.0022379930999999994,0.9977620069,0.09999999999999998
ViSmish_00129,0,0,0.99947864,True,1.0,synthetic,Tin nhắn cá nhân và OTP,1.0,0.0022330542999999996,0.9977669457,0.09999999999999998
ViSmish_00130,0,0,0.9994941,True,1.0,real,Tin nhắn cá nhân và OTP,1.0,0.002200257799999999,0.9977997422,0.09999999999999998
ViSmish_00131,0,0,0.9994758,True,1.0,synthetic,Tin nhắn cá nhân và OTP,1.0,0.0022389415999999993,0.9977610584,0.09999999999999998
ViSmish_00132,1,1,0.9995932,True,1.0,paraphrased,Dịch vụ công giả,1.0,0.99802265,0.001977349999999989,0.09999999999999998
ViSmish_00133,0,0,0.99947006,True,1.0,synthetic,Quảng cáo hợp lệ,1.0,0.0022509572999999997,0.9977490427,0.09999999999999998
ViSmish_00136,0,0,0.9994154,True,1.0,real,Viễn thông,1.0,0.0023614735999999996,0.9976385264,0.09999999999999998
ViSmish_00138,0,0,0.99946445,True,1.0,synthetic,Thương mại điện tử,1.0,0.0022624679999999997,0.997737532,0.09999999999999998
ViSmish_00140,1,1,0.9995888,True,1.0,paraphrased,Cờ bạc / Betting,1.0,0.99801195,0.001988050000000019,0.09999999999999998
ViSmish_00142,1,1,0.9994754,True,1.0,synthetic_hard_negative,Giả mạo ngân hàng,1.0,0.997760355,0.002239644999999957,0.09999999999999998
ViSmish_00143,0,0,0.9994247,True,1.0,real,Viễn thông,1.0,0.0023429819999999995,0.997657018,0.09999999999999998
ViSmish_00144,1,1,0.9994772,True,1.0,paraphrased,Dịch vụ công giả,1.0,0.9977639700000001,0.0022360299999999445,0.09999999999999998
ViSmish_00145,0,0,0.9993678,True,1.0,external_real,P2P hội thoại thông thường,1.0,0.0024534793999999994,0.9975465206,0.09999999999999998
ViSmish_00146,0,0,0.99944144,True,1.0,synthetic,Ngân hàng thật,1.0,0.0023094117999999993,0.9976905882,0.09999999999999998
ViSmish_00147,0,0,0.99930334,True,1.0,real,Khác,1.0,0.002572372599999999,0.9974276274,0.09999999999999998
ViSmish_00149,1,1,0.9995989,True,1.0,paraphrased,Cờ bạc / Betting,1.0,0.99803612,0.001963880000000029,0.09999999999999998
ViSmish_00151,1,1,0.9478188,True,1.0,real,Khác,1.0,0.98099554,0.01900446,0.09999999999999998
ViSmish_00152,0,0,0.9993649,True,1.0,real,Viễn thông,1.0,0.0024588303999999992,0.9975411696,0.09999999999999998
ViSmish_00154,1,1,0.9995303,True,1.0,real,Nội dung nhạy cảm,1.0,0.99787813,0.00212186999999997,0.09999999999999998
ViSmish_00155,0,0,0.999481,True,1.0,real,Viễn thông,1.0,0.0022279051999999997,0.9977720948,0.09999999999999998
ViSmish_00156,0,0,0.9994338,True,1.0,real,Viễn thông,1.0,0.0023247284999999996,0.9976752715,0.09999999999999998
ViSmish_00157,0,0,0.99949527,True,1.0,real,Tin nhắn cá nhân và OTP,1.0,0.0021978234999999995,0.9978021765,0.09999999999999998
ViSmish_00159,0,0,0.99935776,True,1.0,synthetic,Ngân hàng thật,1.0,0.0024724972999999994,0.9975275027,0.09999999999999998
ViSmish_00160,1,1,0.9989813,True,1.0,paraphrased,BHXH / Trợ cấp giả,1.0,0.996905565,0.003094434999999951,0.09999999999999998
ViSmish_00161,0,0,0.9994721,True,1.0,real,Khác,1.0,0.0022465889999999994,0.997753411,0.09999999999999998
ViSmish_00164,1,1,0.99962974,True,1.0,paraphrased,Dịch vụ công giả,1.0,0.998111755,0.001888244999999955,0.09999999999999998
ViSmish_00166,1,1,0.9996026,True,1.0,paraphrased,Tuyển dụng giả,1.0,0.99804521,0.001954789999999984,0.09999999999999998
ViSmish_00167,0,0,0.9993962,True,1.0,external_curated,P2P hard negative,1.0,0.0023989658999999993,0.9976010341,0.09999999999999998
ViSmish_00168,0,0,0.9994407,True,1.0,synthetic,Tin nhắn cá nhân và OTP,1.0,0.0023107879,0.9976892121000001,0.09999999999999998
ViSmish_00169,1,1,0.99955314,True,1.0,synthetic_hard_negative,Khác,1.0,0.9979294,0.0020706000000000335,0.09999999999999998
ViSmish_00170,1,1,0.9996325,True,1.0,paraphrased,Cờ bạc / Betting,1.0,0.99811856,0.001881440000000012,0.09999999999999998
ViSmish_00171,1,1,0.9996153,True,1.0,paraphrased,Nội dung nhạy cảm,1.0,0.998076105,0.0019238950000000088,0.09999999999999998
ViSmish_00172,1,1,0.9995245,True,1.0,synthetic_hard_negative,Tuyển dụng giả,1.0,0.99786549,0.0021345099999999784,0.09999999999999998
ViSmish_00173,0,0,0.999416,True,1.0,synthetic,Ngân hàng thật,1.0,0.0023603017999999994,0.9976396982,0.09999999999999998
ViSmish_00175,0,0,0.9979721,True,1.0,real,Dịch vụ công thật,1.0,0.004313362999999999,0.995686637,0.09999999999999998
ViSmish_00176,0,0,0.99948835,True,1.0,synthetic,Ngân hàng thật,1.0,0.0022123222999999997,0.9977876777,0.09999999999999998
ViSmish_00178,1,1,0.9995764,True,1.0,paraphrased,Dịch vụ công giả,1.0,0.99798282,0.002017179999999952,0.09999999999999998
ViSmish_00181,1,1,0.99960274,True,1.0,paraphrased,Dịch vụ công giả,1.0,0.99804545,0.0019545499999999993,0.09999999999999998
ViSmish_00183,0,0,0.9994722,True,1.0,real,Tin nhắn cá nhân và OTP,1.0,0.0022463389999999995,0.997753661,0.09999999999999998
ViSmish_00184,1,1,0.99958235,True,1.0,paraphrased,Giả mạo ngân hàng,1.0,0.99799682,0.0020031799999999933,0.09999999999999998
ViSmish_00186,1,1,0.99961686,True,1.0,paraphrased,Đòi nợ / Đe dọa,1.0,0.9980798399999999,0.0019201600000000596,0.09999999999999998
ViSmish_00187,1,1,0.9994142,True,1.0,paraphrased,Đòi nợ / Đe dọa,1.0,0.99763625,0.002363749999999998,0.09999999999999998
ViSmish_00188,0,0,0.9994709,True,1.0,real,Viễn thông,1.0,0.0022490426999999995,0.9977509573,0.09999999999999998
ViSmish_00189,1,1,0.9996151,True,1.0,paraphrased,Crypto / Đầu tư giả,1.0,0.998075384,0.0019246160000000456,0.09999999999999998
ViSmish_00191,1,1,0.9996107,True,1.0,paraphrased,Nội dung nhạy cảm,1.0,0.998064697,0.0019353029999999993,0.09999999999999998
ViSmish_00192,0,0,0.99933904,True,1.0,real,Tin nhắn cá nhân và OTP,1.0,0.0025072171999999996,0.9974927828,0.09999999999999998
ViSmish_00193,0,0,0.9993357,True,1.0,synthetic,Ngân hàng thật,1.0,0.0025134896999999996,0.9974865103,0.09999999999999998
ViSmish_00194,1,1,0.99963117,True,1.0,paraphrased,BHXH / Trợ cấp giả,1.0,0.99811551,0.0018844900000000164,0.09999999999999998
ViSmish_00198,1,1,0.99962485,True,1.0,paraphrased,Crypto / Đầu tư giả,1.0,0.9980995,0.0019004999999999717,0.09999999999999998
ViSmish_00199,0,0,0.99707913,True,1.0,external_curated,P2P hard negative,1.0,0.005134531999999999,0.994865468,0.09999999999999998
ViSmish_00200,1,1,0.9996117,True,1.0,paraphrased,Đòi nợ / Đe dọa,1.0,0.998067117,0.0019328830000000519,0.09999999999999998
ViSmish_00201,1,1,0.9996233,True,1.0,paraphrased,Giả mạo ngân hàng,1.0,0.99809579,0.0019042099999999618,0.09999999999999998
ViSmish_00202,1,1,0.99961793,True,1.0,paraphrased,Tuyển dụng giả,1.0,0.998082423,0.0019175769999999481,0.09999999999999998
ViSmish_00206,1,1,0.9995933,True,1.0,paraphrased,Đòi nợ / Đe dọa,1.0,0.998022777,0.001977223000000028,0.09999999999999998
ViSmish_00208,1,1,0.9996234,True,1.0,paraphrased,Tuyển dụng giả,1.0,0.9980960130000001,0.0019039869999999404,0.09999999999999998
ViSmish_00209,0,0,0.99948704,True,1.0,real,Viễn thông,1.0,0.0022153109999999993,0.997784689,0.09999999999999998
ViSmish_00211,1,1,0.9996263,True,1.0,paraphrased,Tuyển dụng giả,1.0,0.99810317,0.0018968299999999605,0.09999999999999998
ViSmish_00212,0,0,0.9994549,True,1.0,synthetic,Quảng cáo hợp lệ,1.0,0.0022820123999999996,0.9977179876,0.09999999999999998
ViSmish_00214,1,1,0.9996137,True,1.0,paraphrased,BHXH / Trợ cấp giả,1.0,0.998071873,0.0019281270000000017,0.09999999999999998
ViSmish_00215,1,1,0.9996166,True,1.0,paraphrased,Dịch vụ công giả,1.0,0.99807943,0.0019205700000000103,0.09999999999999998
ViSmish_00216,0,0,0.9994947,True,1.0,synthetic,Vận chuyển,1.0,0.0021989223999999996,0.9978010776,0.09999999999999998
ViSmish_00218,1,1,0.99957496,True,1.0,paraphrased,Tuyển dụng giả,1.0,0.99797952,0.002020479999999991,0.09999999999999998
ViSmish_00219,1,1,0.9996302,True,1.0,paraphrased,BHXH / Trợ cấp giả,1.0,0.998113054,0.001886945999999945,0.09999999999999998
ViSmish_00220,0,0,0.9994487,True,1.0,external_curated,P2P hard negative,1.0,0.0022947331999999994,0.9977052668,0.09999999999999998
ViSmish_00221,1,1,0.999608,True,1.0,paraphrased,Tuyển dụng giả,1.0,0.998057956,0.0019420439999999761,0.09999999999999998
ViSmish_00225,1,1,0.9995234,True,1.0,synthetic_hard_negative,Khác,1.0,0.99786299,0.0021370099999999947,0.09999999999999998
ViSmish_00226,1,1,0.9995565,True,1.0,synthetic_hard_negative,BHXH / Trợ cấp giả,1.0,0.997936994,0.0020630059999999784,0.09999999999999998
ViSmish_00227,0,0,0.9993986,True,1.0,synthetic,Viễn thông,1.0,0.0023943025999999994,0.9976056974,0.09999999999999998
ViSmish_00230,1,1,0.99940217,True,1.0,synthetic_hard_negative,Khác,1.0,0.99761252,0.0023874799999999974,0.09999999999999998
ViSmish_00231,1,1,0.9995223,True,1.0,paraphrased,Crypto / Đầu tư giả,1.0,0.997860605,0.002139395000000044,0.09999999999999998
ViSmish_00232,1,1,0.9995857,True,1.0,paraphrased,Cờ bạc / Betting,1.0,0.99800481,0.0019951900000000355,0.09999999999999998
ViSmish_00233,0,0,0.99948645,True,1.0,synthetic,Viễn thông,1.0,0.0022164530999999998,0.9977835469,0.09999999999999998
ViSmish_00234,1,1,0.9945904,True,1.0,paraphrased,Crypto / Đầu tư giả,1.0,0.99313159,0.006868410000000047,0.09999999999999998
ViSmish_00235,0,0,0.999388,True,1.0,external_curated,P2P hard negative,1.0,0.002414804099999999,0.9975851959,0.09999999999999998
ViSmish_00238,1,1,0.9995834,True,1.0,paraphrased,Tuyển dụng giả,1.0,0.997999346,0.002000654000000046,0.09999999999999998
ViSmish_00241,1,1,0.9995086,True,1.0,synthetic_hard_negative,Tuyển dụng giả,1.0,0.997830814,0.002169186000000045,0.09999999999999998
ViSmish_00242,1,1,0.99962306,True,1.0,paraphrased,Tuyển dụng giả,1.0,0.99809506,0.001904939999999966,0.09999999999999998
ViSmish_00243,1,1,0.9996264,True,1.0,paraphrased,Giả mạo ngân hàng,1.0,0.998103446,0.0018965539999999947,0.09999999999999998
ViSmish_00245,0,0,0.9994822,True,1.0,external_real,P2P hội thoại thông thường,1.0,0.0022253905999999996,0.9977746094,0.09999999999999998
ViSmish_00247,1,1,0.999616,True,1.0,paraphrased,Tuyển dụng giả,1.0,0.998077947,0.0019220530000000347,0.09999999999999998
ViSmish_00250,1,1,0.9995888,True,1.0,paraphrased,Dịch vụ công giả,1.0,0.998012024,0.0019879760000000024,0.09999999999999998
ViSmish_00251,1,1,0.9996158,True,1.0,paraphrased,BHXH / Trợ cấp giả,1.0,0.99807735,0.0019226500000000257,0.09999999999999998
ViSmish_00253,1,1,0.9996239,True,1.0,paraphrased,Tuyển dụng giả,1.0,0.998097163,0.001902837000000046,0.09999999999999998
ViSmish_00256,0,0,0.99936146,True,1.0,real,Viễn thông,1.0,0.0024655403999999993,0.9975344596,0.09999999999999998
ViSmish_00258,1,1,0.9996125,True,1.0,paraphrased,Cờ bạc / Betting,1.0,0.99806903,0.0019309699999999763,0.09999999999999998
ViSmish_00260,1,1,0.9996239,True,1.0,paraphrased,Tuyển dụng giả,1.0,0.99809729,0.0019027099999999741,0.09999999999999998
ViSmish_00262,0,0,0.99904364,True,1.0,real,Dịch vụ công thật,1.0,0.0030010954999999994,0.9969989045,0.09999999999999998
ViSmish_00263,1,1,0.9995689,True,1.0,paraphrased,Crypto / Đầu tư giả,1.0,0.99796546,0.002034540000000029,0.09999999999999998
ViSmish_00264,0,0,0.9994578,True,1.0,real,Viễn thông,1.0,0.0022762044999999997,0.9977237955,0.09999999999999998
ViSmish_00265,1,1,0.99961203,True,1.0,paraphrased,Tuyển dụng giả,1.0,0.998067904,0.0019320959999999943,0.09999999999999998
ViSmish_00266,0,0,0.9994791,True,1.0,synthetic,Tin nhắn cá nhân và OTP,1.0,0.0022321109999999997,0.997767889,0.09999999999999998
ViSmish_00267,1,1,0.99961555,True,1.0,paraphrased,Cờ bạc / Betting,1.0,0.998076814,0.0019231859999999656,0.09999999999999998
ViSmish_00268,0,0,0.99949026,True,1.0,synthetic,Vận chuyển,1.0,0.0022085073999999994,0.9977914926,0.09999999999999998
ViSmish_00269,0,0,0.99944776,True,1.0,real,Tin nhắn cá nhân và OTP,1.0,0.0022967351999999995,0.9977032648,0.09999999999999998
ViSmish_00270,1,1,0.999542,True,1.0,paraphrased,Nội dung nhạy cảm,1.0,0.997904086,0.0020959139999999765,0.09999999999999998
ViSmish_00271,0,0,0.9994636,True,1.0,synthetic,Dịch vụ công thật,1.0,0.0022641695999999992,0.9977358304,0.09999999999999998
ViSmish_00272,1,1,0.9995975,True,1.0,paraphrased,Cờ bạc / Betting,1.0,0.998032653,0.001967347000000008,0.09999999999999998
ViSmish_00273,1,1,0.9996112,True,1.0,paraphrased,Dịch vụ công giả,1.0,0.998065925,0.0019340749999999796,0.09999999999999998
ViSmish_00274,0,0,0.9994235,True,1.0,synthetic,Tin nhắn cá nhân và OTP,1.0,0.0023454496999999997,0.9976545503,0.09999999999999998
ViSmish_00275,0,0,0.99942386,True,1.0,external_curated,P2P hard negative,1.0,0.0023447015999999996,0.9976552984,0.09999999999999998
ViSmish_00276,1,1,0.999613,True,1.0,paraphrased,Dịch vụ công giả,1.0,0.9980702340000001,0.001929765999999944,0.09999999999999998
ViSmish_00281,1,1,0.9996118,True,1.0,paraphrased,Nội dung nhạy cảm,1.0,0.998067427,0.0019325730000000485,0.09999999999999998
ViSmish_00282,0,0,0.9993412,True,1.0,synthetic,Dịch vụ công thật,1.0,0.0025033343999999996,0.9974966656,0.09999999999999998
ViSmish_00283,0,0,0.9994862,True,1.0,real,Khác,1.0,0.0022170396999999994,0.9977829603,0.09999999999999998
ViSmish_00284,1,1,0.9995548,True,1.0,synthetic_hard_negative,Khác,1.0,0.99793326,0.002066739999999956,0.09999999999999998
ViSmish_00286,1,1,0.99960965,True,1.0,paraphrased,Đòi nợ / Đe dọa,1.0,0.99806215,0.0019378500000000187,0.09999999999999998
ViSmish_00287,0,0,0.9994122,True,1.0,external_real,P2P hội thoại thông thường,1.0,0.0023678730999999995,0.9976321269,0.09999999999999998
ViSmish_00288,1,1,0.9996138,True,1.0,paraphrased,Tuyển dụng giả,1.0,0.998072207,0.001927793000000011,0.09999999999999998
ViSmish_00290,1,1,0.9995141,True,1.0,synthetic_hard_negative,Đòi nợ / Đe dọa,1.0,0.997842795,0.002157205000000051,0.09999999999999998
ViSmish_00291,0,0,0.9994572,True,1.0,real,Quảng cáo hợp lệ,1.0,0.0022774271999999995,0.9977225728,0.09999999999999998
ViSmish_00293,1,1,0.99961734,True,1.0,paraphrased,Dịch vụ công giả,1.0,0.99808107,0.0019189299999999854,0.09999999999999998
ViSmish_00294,1,1,0.9995771,True,1.0,paraphrased,Nội dung nhạy cảm,1.0,0.99798448,0.0020155200000000484,0.09999999999999998
ViSmish_00295,0,0,0.99944943,True,1.0,synthetic,Dịch vụ y tế,1.0,0.0022931726999999994,0.9977068273,0.09999999999999998
ViSmish_00296,1,1,0.9996209,True,1.0,paraphrased,Tuyển dụng giả,1.0,0.99808998,0.0019100199999999568,0.09999999999999998
ViSmish_00298,0,0,0.99916434,True,1.0,real,Dịch vụ công thật,1.0,0.0028108193999999993,0.9971891806,0.09999999999999998
ViSmish_00299,0,0,0.99946517,True,1.0,synthetic,Dịch vụ y tế,1.0,0.0022609829999999994,0.997739017,0.09999999999999998
ViSmish_00300,0,0,0.9994636,True,1.0,synthetic,Vận chuyển,1.0,0.002264301,0.997735699,0.09999999999999998
ViSmish_00303,1,1,0.9996068,True,1.0,paraphrased,Nội dung nhạy cảm,1.0,0.99805516,0.0019448399999999477,0.09999999999999998
ViSmish_00304,1,1,0.9995449,True,1.0,paraphrased,Crypto / Đầu tư giả,1.0,0.99791095,0.0020890500000000367,0.09999999999999998
ViSmish_00305,0,0,0.9987571,True,1.0,synthetic,Quảng cáo hợp lệ,1.0,0.0034074429999999996,0.996592557,0.09999999999999998
ViSmish_00306,0,0,0.99946266,True,1.0,real,Viễn thông,1.0,0.0022661439999999995,0.997733856,0.09999999999999998
ViSmish_00307,1,1,0.99959725,True,1.0,paraphrased,Crypto / Đầu tư giả,1.0,0.998032147,0.0019678530000000194,0.09999999999999998
ViSmish_00308,1,1,0.9996263,True,1.0,paraphrased,Tuyển dụng giả,1.0,0.99810306,0.001896939999999958,0.09999999999999998
ViSmish_00310,0,0,0.9993362,True,1.0,external_curated,P2P hard negative,1.0,0.0025124461999999994,0.9974875538,0.09999999999999998
ViSmish_00314,0,0,0.9992668,True,1.0,synthetic,Dịch vụ công thật,1.0,0.0026372804999999994,0.9973627195,0.09999999999999998
ViSmish_00315,0,0,0.9994855,True,1.0,synthetic,Vận chuyển,1.0,0.0022185675999999996,0.9977814324,0.09999999999999998
ViSmish_00318,0,0,0.99947315,True,1.0,synthetic,Quảng cáo hợp lệ,1.0,0.0022443969999999995,0.997755603,0.09999999999999998
ViSmish_00319,0,0,0.9994684,True,1.0,real,Tin nhắn cá nhân và OTP,1.0,0.0022543724999999994,0.9977456275,0.09999999999999998
ViSmish_00320,1,1,0.9996125,True,1.0,paraphrased,Nội dung nhạy cảm,1.0,0.99806919,0.0019308099999999495,0.09999999999999998
ViSmish_00321,1,1,0.9990946,True,1.0,real,Khác,1.0,0.99707756,0.0029224399999999706,0.09999999999999998
ViSmish_00322,1,1,0.9996018,True,1.0,paraphrased,Đòi nợ / Đe dọa,1.0,0.99804303,0.001956969999999947,0.09999999999999998
ViSmish_00323,0,0,0.9993318,True,1.0,real,Viễn thông,1.0,0.0025206630999999994,0.9974793369,0.09999999999999998
ViSmish_00324,0,0,0.9994234,True,1.0,real,Tin nhắn cá nhân và OTP,1.0,0.0023456911999999996,0.9976543088000001,0.09999999999999998
ViSmish_00325,1,1,0.99961036,True,1.0,paraphrased,BHXH / Trợ cấp giả,1.0,0.998063964,0.0019360360000000298,0.09999999999999998
ViSmish_00327,0,0,0.9994666,True,1.0,synthetic,Thương mại điện tử,1.0,0.0022579701999999994,0.9977420298,0.09999999999999998
ViSmish_00329,0,0,0.9992173,True,1.0,external_real,P2P hội thoại thông thường,1.0,0.0027225613999999993,0.9972774386,0.09999999999999998
ViSmish_00330,1,1,0.9996105,True,1.0,paraphrased,Tuyển dụng giả,1.0,0.998064137,0.0019358630000000376,0.09999999999999998
ViSmish_00331,1,1,0.99961543,True,1.0,paraphrased,Cờ bạc / Betting,1.0,0.99807631,0.0019236900000000334,0.09999999999999998
ViSmish_00332,1,1,0.99961,True,1.0,paraphrased,Dịch vụ công giả,1.0,0.9980630699999999,0.0019369300000000589,0.09999999999999998
ViSmish_00334,1,1,0.99961203,True,1.0,paraphrased,Crypto / Đầu tư giả,1.0,0.99806794,0.0019320600000000132,0.09999999999999998
ViSmish_00335,1,1,0.99959093,True,1.0,paraphrased,Crypto / Đầu tư giả,1.0,0.998017234,0.0019827660000000247,0.09999999999999998
ViSmish_00336,1,1,0.9995846,True,1.0,paraphrased,Dịch vụ công giả,1.0,0.998002243,0.0019977570000000444,0.09999999999999998
ViSmish_00338,1,1,0.9995409,True,1.0,paraphrased,Tuyển dụng giả,1.0,0.99790172,0.002098280000000008,0.09999999999999998
ViSmish_00342,1,1,0.9996082,True,1.0,paraphrased,Cờ bạc / Betting,1.0,0.9980587,0.0019413000000000347,0.09999999999999998
ViSmish_00344,0,0,0.999461,True,1.0,synthetic,Dịch vụ y tế,1.0,0.0022696339999999995,0.997730366,0.09999999999999998
ViSmish_00346,1,1,0.99955136,True,1.0,synthetic_hard_negative,Khác,1.0,0.99792539,0.0020746099999999768,0.09999999999999998
ViSmish_00347,1,1,0.9996123,True,1.0,paraphrased,Cờ bạc / Betting,1.0,0.998068607,0.0019313930000000035,0.09999999999999998
ViSmish_00348,1,1,0.99962103,True,1.0,paraphrased,Cờ bạc / Betting,1.0,0.99809012,0.0019098800000000304,0.09999999999999998
ViSmish_00349,0,0,0.9994079,True,1.0,real,Viễn thông,1.0,0.0023761661999999995,0.9976238338,0.09999999999999998
ViSmish_00350,0,0,0.9994616,True,1.0,real,Khác,1.0,0.002268415899999999,0.9977315841,0.09999999999999998
ViSmish_00352,0,0,0.99948895,True,1.0,synthetic,Quảng cáo hợp lệ,1.0,0.0022112939999999995,0.997788706,0.09999999999999998
ViSmish_00353,0,0,0.99943465,True,1.0,external_real,P2P hội thoại thông thường,1.0,0.0023230030999999997,0.9976769969,0.09999999999999998
ViSmish_00355,0,0,0.9994624,True,1.0,synthetic,Tin nhắn cá nhân và OTP,1.0,0.0022666371999999994,0.9977333628,0.09999999999999998
ViSmish_00356,0,0,0.99947804,True,1.0,synthetic,Thương mại điện tử,1.0,0.0022341718999999995,0.9977658281,0.09999999999999998
ViSmish_00358,0,0,0.99936336,True,1.0,external_real,P2P hội thoại thông thường,1.0,0.0024618342999999997,0.9975381657,0.09999999999999998
ViSmish_00359,1,1,0.9996111,True,1.0,paraphrased,Crypto / Đầu tư giả,1.0,0.99806553,0.0019344700000000215,0.09999999999999998
ViSmish_00360,1,1,0.99961567,True,1.0,paraphrased,Giả mạo ngân hàng,1.0,0.99807701,0.0019229899999999578,0.09999999999999998
ViSmish_00361,0,0,0.99924445,True,1.0,external_real,P2P hội thoại thông thường,1.0,0.002676144999999999,0.997323855,0.09999999999999998
ViSmish_00362,0,0,0.99949515,True,1.0,synthetic,Ngân hàng thật,1.0,0.0021978971999999995,0.9978021028,0.09999999999999998
ViSmish_00365,1,1,0.9996271,True,1.0,paraphrased,Tuyển dụng giả,1.0,0.9981053049999999,0.0018946950000000573,0.09999999999999998
ViSmish_00366,0,0,0.99915946,True,1.0,external_real,P2P hội thoại thông thường,1.0,0.0028187829999999996,0.997181217,0.09999999999999998
ViSmish_00367,1,1,0.9994031,True,1.0,real,Giả mạo ngân hàng,1.0,0.997614413,0.0023855870000000223,0.09999999999999998
ViSmish_00369,0,0,0.99926895,True,1.0,synthetic,Dịch vụ công thật,1.0,0.002633620999999999,0.997366379,0.09999999999999998
ViSmish_00370,1,1,0.99958163,True,1.0,paraphrased,Tuyển dụng giả,1.0,0.99799529,0.0020047100000000206,0.09999999999999998
ViSmish_00371,0,0,0.9994623,True,1.0,synthetic,Thương mại điện tử,1.0,0.0022668865999999994,0.9977331134,0.09999999999999998
ViSmish_00373,0,0,0.99723166,True,1.0,external_curated,P2P hard negative,1.0,0.005005048599999999,0.9949949514,0.09999999999999998
ViSmish_00374,0,0,0.99946076,True,1.0,synthetic,Thương mại điện tử,1.0,0.0022700139999999995,0.997729986,0.09999999999999998
ViSmish_00375,0,0,0.9994199,True,1.0,synthetic,Quảng cáo hợp lệ,1.0,0.0023524498999999994,0.9976475501,0.09999999999999998
ViSmish_00377,0,0,0.9992995,True,1.0,synthetic,Dịch vụ y tế,1.0,0.0025791925999999995,0.9974208074,0.09999999999999998
ViSmish_00378,1,1,0.99956936,True,1.0,paraphrased,Crypto / Đầu tư giả,1.0,0.99796648,0.002033520000000011,0.09999999999999998
ViSmish_00380,1,1,0.9996141,True,1.0,paraphrased,Crypto / Đầu tư giả,1.0,0.9980732,0.0019268000000000063,0.09999999999999998
ViSmish_00383,1,1,0.9995566,True,1.0,paraphrased,Tuyển dụng giả,1.0,0.99793732,0.0020626799999999834,0.09999999999999998
ViSmish_00386,1,1,0.99961495,True,1.0,paraphrased,Cờ bạc / Betting,1.0,0.998075163,0.0019248370000000126,0.09999999999999998
ViSmish_00387,1,1,0.9996208,True,1.0,paraphrased,Tuyển dụng giả,1.0,0.99808966,0.0019103400000000104,0.09999999999999998
ViSmish_00392,1,1,0.99962294,True,1.0,paraphrased,Tuyển dụng giả,1.0,0.998095036,0.0019049639999999535,0.09999999999999998
ViSmish_00393,0,0,0.9993999,True,1.0,synthetic,Viễn thông,1.0,0.0023918339999999994,0.997608166,0.09999999999999998
ViSmish_00395,0,0,0.99943906,True,1.0,synthetic,Ngân hàng thật,1.0,0.0023143011999999996,0.9976856988,0.09999999999999998
ViSmish_00396,0,0,0.999482,True,1.0,synthetic,Vận chuyển,1.0,0.0022259693999999997,0.9977740306,0.09999999999999998
ViSmish_00398,1,1,0.9996166,True,1.0,paraphrased,Crypto / Đầu tư giả,1.0,0.99807945,0.0019205500000000209,0.09999999999999998
ViSmish_00402,0,0,0.9993548,True,1.0,external_curated,P2P hard negative,1.0,0.0024779207999999996,0.9975220792,0.09999999999999998
ViSmish_00403,1,1,0.79199004,True,0.7,real,Giả mạo ngân hàng,0.7,0.9762814121000001,0.02371858789999992,0.06999999999999998
ViSmish_00404,1,1,0.9983254,True,1.0,real,Cờ bạc / Betting,1.0,0.99606557,0.003934430000000044,0.09999999999999998
ViSmish_00405,0,0,0.9994522,True,1.0,real,Viễn thông,1.0,0.0022877046999999996,0.9977122953,0.09999999999999998
ViSmish_00406,1,1,0.99961394,True,1.0,paraphrased,Đòi nợ / Đe dọa,1.0,0.99807257,0.0019274299999999522,0.09999999999999998
ViSmish_00408,0,0,0.9994579,True,1.0,external_real,P2P hội thoại thông thường,1.0,0.0022760325999999997,0.9977239674,0.09999999999999998
ViSmish_00409,1,1,0.99959177,True,1.0,paraphrased,Cờ bạc / Betting,1.0,0.998019123,0.0019808770000000475,0.09999999999999998
ViSmish_00410,1,1,0.9996092,True,1.0,paraphrased,Dịch vụ công giả,1.0,0.998061085,0.0019389149999999855,0.09999999999999998
ViSmish_00412,0,0,0.9994312,True,1.0,synthetic,Dịch vụ y tế,1.0,0.002329919999999999,0.99767008,0.09999999999999998
ViSmish_00414,1,1,0.9996239,True,1.0,paraphrased,Tuyển dụng giả,1.0,0.99809717,0.001902830000000022,0.09999999999999998
ViSmish_00415,0,0,0.9993685,True,1.0,external_real,P2P hội thoại thông thường,1.0,0.0024521573999999997,0.9975478426,0.09999999999999998
ViSmish_00416,1,1,0.9996165,True,1.0,paraphrased,Crypto / Đầu tư giả,1.0,0.998078936,0.0019210640000000279,0.09999999999999998
ViSmish_00417,1,1,0.99962723,True,1.0,paraphrased,Tuyển dụng giả,1.0,0.99810543,0.0018945700000000398,0.09999999999999998
ViSmish_00418,1,1,0.9995115,True,1.0,synthetic_hard_negative,Đòi nợ / Đe dọa,1.0,0.99783714,0.0021628599999999887,0.09999999999999998
ViSmish_00419,1,1,0.9995584,True,1.0,paraphrased,Crypto / Đầu tư giả,1.0,0.99794152,0.0020584799999999737,0.09999999999999998
ViSmish_00420,1,1,0.99949884,True,1.0,paraphrased,Đòi nợ / Đe dọa,1.0,0.99780995,0.0021900500000000545,0.09999999999999998
ViSmish_00421,0,0,0.99937564,True,1.0,real,Viễn thông,1.0,0.0024387018999999996,0.9975612981,0.09999999999999998
ViSmish_00422,1,1,0.9996145,True,1.0,paraphrased,Dịch vụ công giả,1.0,0.99807397,0.001926030000000023,0.09999999999999998
ViSmish_00423,0,0,0.999491,True,1.0,real,Tin nhắn cá nhân và OTP,1.0,0.0022068695999999995,0.9977931304,0.09999999999999998
ViSmish_00425,0,0,0.9994868,True,1.0,synthetic,Dịch vụ y tế,1.0,0.0022157749999999997,0.997784225,0.09999999999999998
ViSmish_00427,0,0,0.9994917,True,1.0,synthetic,Ngân hàng thật,1.0,0.0022053899999999998,0.99779461,0.09999999999999998
ViSmish_00428,1,1,0.99963367,True,1.0,paraphrased,Dịch vụ công giả,1.0,0.998121727,0.0018782729999999859,0.09999999999999998
ViSmish_00429,1,1,0.9996191,True,1.0,paraphrased,Dịch vụ công giả,1.0,0.998085487,0.0019145130000000066,0.09999999999999998
ViSmish_00431,1,1,0.99959165,True,1.0,paraphrased,Cờ bạc / Betting,1.0,0.99801876,0.0019812399999999952,0.09999999999999998
ViSmish_00433,1,1,0.99960583,True,1.0,paraphrased,BHXH / Trợ cấp giả,1.0,0.998052776,0.0019472240000000252,0.09999999999999998
ViSmish_00434,0,0,0.99945384,True,1.0,real,Khác,1.0,0.0022842257999999994,0.9977157742,0.09999999999999998
ViSmish_00435,1,1,0.9994307,True,1.0,paraphrased,Cờ bạc / Betting,1.0,0.99766908,0.002330920000000014,0.09999999999999998
ViSmish_00436,1,1,0.9996191,True,1.0,paraphrased,Tuyển dụng giả,1.0,0.99808533,0.0019146700000000072,0.09999999999999998
ViSmish_00437,1,1,0.99961424,True,1.0,paraphrased,BHXH / Trợ cấp giả,1.0,0.99807357,0.0019264300000000345,0.09999999999999998
ViSmish_00438,1,1,0.9995079,True,1.0,paraphrased,Nội dung nhạy cảm,1.0,0.99782924,0.0021707600000000493,0.09999999999999998
ViSmish_00440,1,1,0.9995338,True,1.0,paraphrased,Giả mạo ngân hàng,1.0,0.997886,0.0021139999999999493,0.09999999999999998
ViSmish_00441,1,1,0.99960345,True,1.0,paraphrased,Nội dung nhạy cảm,1.0,0.998047024,0.0019529759999999952,0.09999999999999998
ViSmish_00442,0,0,0.9992341,True,1.0,external_curated,P2P hard negative,1.0,0.0026940112999999997,0.9973059887,0.09999999999999998
ViSmish_00443,0,0,0.99940836,True,1.0,external_real,P2P hội thoại thông thường,1.0,0.0023751887999999993,0.9976248112,0.09999999999999998
ViSmish_00448,1,1,0.99961865,True,1.0,paraphrased,Dịch vụ công giả,1.0,0.998084235,0.0019157650000000137,0.09999999999999998
ViSmish_00453,0,0,0.99946326,True,1.0,synthetic,Quảng cáo hợp lệ,1.0,0.0022648661999999996,0.9977351338,0.09999999999999998
ViSmish_00455,0,0,0.99946135,True,1.0,synthetic,Viễn thông,1.0,0.0022689496999999995,0.9977310503,0.09999999999999998
ViSmish_00456,0,0,0.9993837,True,1.0,synthetic,Ngân hàng thật,1.0,0.0024231645999999996,0.9975768354,0.09999999999999998
ViSmish_00460,1,1,0.99952686,True,1.0,synthetic_hard_negative,BHXH / Trợ cấp giả,1.0,0.99787063,0.0021293700000000193,0.09999999999999998
ViSmish_00462,0,0,0.9994849,True,1.0,real,Tin nhắn cá nhân và OTP,1.0,0.0022197665999999995,0.9977802334,0.09999999999999998
ViSmish_00464,1,1,0.99961686,True,1.0,paraphrased,Nội dung nhạy cảm,1.0,0.99807991,0.001920090000000041,0.09999999999999998
ViSmish_00465,1,1,0.9996118,True,1.0,paraphrased,Nội dung nhạy cảm,1.0,0.9980674,0.001932599999999951,0.09999999999999998
ViSmish_00467,0,0,0.99940705,True,1.0,synthetic,Tin nhắn cá nhân và OTP,1.0,0.0023779153999999997,0.9976220846,0.09999999999999998
ViSmish_00469,1,1,0.9995196,True,1.0,synthetic_hard_negative,Khác,1.0,0.997854555,0.0021454450000000236,0.09999999999999998
ViSmish_00470,0,0,0.99948883,True,1.0,synthetic,Vận chuyển,1.0,0.0022114991999999997,0.9977885008,0.09999999999999998
ViSmish_00474,1,1,0.99956733,True,1.0,paraphrased,Đòi nợ / Đe dọa,1.0,0.99796189,0.002038109999999982,0.09999999999999998
ViSmish_00476,1,1,0.99961084,True,1.0,paraphrased,Đòi nợ / Đe dọa,1.0,0.99806491,0.0019350900000000282,0.09999999999999998
ViSmish_00477,1,1,0.9996165,True,1.0,paraphrased,Nội dung nhạy cảm,1.0,0.99807891,0.0019210899999999587,0.09999999999999998
ViSmish_00478,1,1,0.9996259,True,1.0,paraphrased,Đòi nợ / Đe dọa,1.0,0.998102325,0.001897675000000043,0.09999999999999998
ViSmish_00479,1,1,0.999624,True,1.0,paraphrased,Tuyển dụng giả,1.0,0.998097676,0.0019023240000000108,0.09999999999999998
ViSmish_00480,0,0,0.9989863,True,1.0,synthetic,Quảng cáo hợp lệ,1.0,0.0030871243999999994,0.9969128756,0.09999999999999998
ViSmish_00481,1,1,0.9996245,True,1.0,paraphrased,Dịch vụ công giả,1.0,0.998098594,0.0019014059999999944,0.09999999999999998
ViSmish_00484,0,0,0.9993687,True,1.0,real,Viễn thông,1.0,0.0024516699999999995,0.99754833,0.09999999999999998
ViSmish_00485,0,0,0.9993819,True,1.0,external_real,P2P hội thoại thông thường,1.0,0.0024266042,0.9975733958,0.09999999999999998
ViSmish_00486,0,0,0.9994747,True,1.0,external_curated,P2P hard negative,1.0,0.0022412529999999995,0.997758747,0.09999999999999998
ViSmish_00487,0,0,0.9993981,True,1.0,real,Viễn thông,1.0,0.0023953694999999994,0.9976046305,0.09999999999999998
ViSmish_00490,1,1,0.9996141,True,1.0,paraphrased,Dịch vụ công giả,1.0,0.99807304,0.001926960000000033,0.09999999999999998
ViSmish_00491,1,1,0.9995975,True,1.0,paraphrased,Crypto / Đầu tư giả,1.0,0.99803273,0.0019672699999999654,0.09999999999999998
ViSmish_00492,0,0,0.9994605,True,1.0,synthetic,Vận chuyển,1.0,0.0022704979999999993,0.997729502,0.09999999999999998
ViSmish_00493,1,1,0.999624,True,1.0,paraphrased,BHXH / Trợ cấp giả,1.0,0.9980977,0.0019023000000000234,0.09999999999999998
ViSmish_00494,1,1,0.99961877,True,1.0,paraphrased,BHXH / Trợ cấp giả,1.0,0.9980846,0.0019154000000000115,0.09999999999999998
ViSmish_00497,0,0,0.9994832,True,1.0,real,Tin nhắn cá nhân và OTP,1.0,0.0022233537999999994,0.9977766462,0.09999999999999998
ViSmish_00498,0,0,0.9993235,True,1.0,external_curated,P2P hard negative,1.0,0.0025358999999999994,0.9974641,0.09999999999999998
ViSmish_00499,1,1,0.9996245,True,1.0,paraphrased,Cờ bạc / Betting,1.0,0.99809874,0.0019012600000000157,0.09999999999999998
ViSmish_00501,1,1,0.999617,True,1.0,paraphrased,Nội dung nhạy cảm,1.0,0.998080266,0.0019197340000000063,0.09999999999999998
ViSmish_00502,0,0,0.9994572,True,1.0,synthetic,Dịch vụ công thật,1.0,0.0022774705999999995,0.9977225294,0.09999999999999998
ViSmish_00503,0,0,0.9993605,True,1.0,real,Viễn thông,1.0,0.0024673269999999996,0.997532673,0.09999999999999998
ViSmish_00505,1,1,0.9995894,True,1.0,paraphrased,Crypto / Đầu tư giả,1.0,0.99801333,0.001986669999999968,0.09999999999999998
ViSmish_00506,0,0,0.64971286,True,0.7,real,Khác,0.7,0.029637022799999992,0.9703629772,0.06999999999999998
ViSmish_00510,0,0,0.99941933,True,1.0,synthetic,Dịch vụ y tế,1.0,0.0023536012999999995,0.9976463987,0.09999999999999998
ViSmish_00512,0,0,0.99942315,True,1.0,synthetic,Tin nhắn cá nhân và OTP,1.0,0.0023461826,0.9976538174,0.09999999999999998
ViSmish_00513,1,1,0.99960726,True,1.0,paraphrased,Cờ bạc / Betting,1.0,0.99805643,0.0019435700000000056,0.09999999999999998
ViSmish_00516,0,0,0.9994555,True,1.0,synthetic,Tin nhắn cá nhân và OTP,1.0,0.0022809395999999994,0.9977190604,0.09999999999999998
ViSmish_00520,1,1,0.99959534,True,1.0,paraphrased,Giả mạo ngân hàng,1.0,0.99802767,0.0019723299999999666,0.09999999999999998
ViSmish_00521,1,1,0.99962234,True,1.0,paraphrased,Tuyển dụng giả,1.0,0.99809352,0.0019064800000000437,0.09999999999999998
ViSmish_00522,0,0,0.9994368,True,1.0,synthetic,Dịch vụ công thật,1.0,0.0023188281999999994,0.9976811718,0.09999999999999998
ViSmish_00523,0,0,0.9994886,True,1.0,real,Viễn thông,1.0,0.0022118782999999993,0.9977881217,0.09999999999999998
ViSmish_00524,0,0,0.9994937,True,1.0,synthetic,Vận chuyển,1.0,0.0022009567999999994,0.9977990432,0.09999999999999998
ViSmish_00525,1,1,0.99879885,True,1.0,paraphrased,Dịch vụ công giả,1.0,0.99664847,0.0033515299999999915,0.09999999999999998
ViSmish_00526,0,0,0.9959194,True,1.0,external_real,P2P hội thoại thông thường,1.0,0.0060159392999999985,0.9939840607,0.09999999999999998
ViSmish_00527,0,0,0.9993793,True,1.0,real,Quảng cáo hợp lệ,1.0,0.0024315837999999996,0.9975684162,0.09999999999999998
ViSmish_00530,1,1,0.99952877,True,1.0,paraphrased,Nội dung nhạy cảm,1.0,0.997874886,0.002125114000000039,0.09999999999999998
ViSmish_00531,1,1,0.9996213,True,1.0,paraphrased,Tuyển dụng giả,1.0,0.99809089,0.0019091100000000472,0.09999999999999998
ViSmish_00532,1,1,0.99962425,True,1.0,paraphrased,Giả mạo ngân hàng,1.0,0.998098,0.0019019999999999593,0.09999999999999998
ViSmish_00535,1,1,0.9995865,True,1.0,synthetic_hard_negative,Khác,1.0,0.998006815,0.0019931850000000084,0.09999999999999998
ViSmish_00538,0,0,0.99923337,True,1.0,external_curated,P2P hard negative,1.0,0.0026953348999999996,0.9973046651,0.09999999999999998
ViSmish_00542,0,0,0.9993088,True,1.0,external_curated,P2P hard negative,1.0,0.0025624317999999994,0.9974375682,0.09999999999999998
ViSmish_00543,0,0,0.99930644,True,1.0,synthetic,Quảng cáo hợp lệ,1.0,0.0025667746999999993,0.9974332253,0.09999999999999998
ViSmish_00545,1,1,0.9996039,True,1.0,paraphrased,Dịch vụ công giả,1.0,0.99804837,0.001951629999999982,0.09999999999999998
ViSmish_00546,1,1,0.99962366,True,1.0,paraphrased,Dịch vụ công giả,1.0,0.9980966099999999,0.0019033900000000603,0.09999999999999998
ViSmish_00548,1,1,0.99959594,True,1.0,paraphrased,Crypto / Đầu tư giả,1.0,0.998029053,0.0019709470000000007,0.09999999999999998
ViSmish_00550,1,1,0.99960905,True,1.0,paraphrased,Cờ bạc / Betting,1.0,0.99806074,0.0019392599999999982,0.09999999999999998
ViSmish_00551,0,0,0.99944204,True,1.0,external_curated,P2P hard negative,1.0,0.0023081294999999996,0.9976918705,0.09999999999999998
ViSmish_00554,0,0,0.9993191,True,1.0,external_curated,P2P hard negative,1.0,0.002543964799999999,0.9974560352,0.09999999999999998
ViSmish_00555,1,1,0.9994855,True,1.0,paraphrased,Crypto / Đầu tư giả,1.0,0.99778144,0.0022185599999999805,0.09999999999999998
ViSmish_00556,1,1,0.9995121,True,1.0,synthetic_hard_negative,Khác,1.0,0.99783825,0.0021617499999999623,0.09999999999999998
ViSmish_00559,0,0,0.9994646,True,1.0,real,Viễn thông,1.0,0.0022622081999999996,0.9977377918,0.09999999999999998
ViSmish_00560,0,0,0.9994331,True,1.0,synthetic,Quảng cáo hợp lệ,1.0,0.0023262997999999994,0.9976737002,0.09999999999999998
ViSmish_00566,1,1,0.999613,True,1.0,paraphrased,Dịch vụ công giả,1.0,0.998070383,0.00192961700000005,0.09999999999999998
ViSmish_00567,0,0,0.99949145,True,1.0,real,Tin nhắn cá nhân và OTP,1.0,0.0022058939999999995,0.997794106,0.09999999999999998
ViSmish_00568,0,0,0.999476,True,1.0,real,Ngân hàng thật,1.0,0.0022385803999999993,0.9977614196,0.09999999999999998
ViSmish_00569,1,1,0.9995654,True,1.0,paraphrased,Crypto / Đầu tư giả,1.0,0.99795742,0.002042580000000016,0.09999999999999998
ViSmish_00570,0,0,0.99947935,True,1.0,synthetic,Vận chuyển,1.0,0.0022315680999999993,0.9977684319,0.09999999999999998
ViSmish_00571,1,1,0.99954635,True,1.0,paraphrased,Nội dung nhạy cảm,1.0,0.99791399,0.0020860099999999715,0.09999999999999998
ViSmish_00572,1,1,0.99952817,True,1.0,synthetic_hard_negative,Khác,1.0,0.997873515,0.0021264850000000113,0.09999999999999998
ViSmish_00573,1,1,0.9995252,True,1.0,synthetic_hard_negative,Khác,1.0,0.99786699,0.0021330099999999907,0.09999999999999998
ViSmish_00574,0,0,0.9992624,True,1.0,external_curated,P2P hard negative,1.0,0.0026450853999999994,0.9973549146,0.09999999999999998
ViSmish_00575,0,0,0.9994435,True,1.0,synthetic,Ngân hàng thật,1.0,0.0023053744999999995,0.9976946255,0.09999999999999998
ViSmish_00576,1,1,0.99959713,True,1.0,paraphrased,Cờ bạc / Betting,1.0,0.998032,0.0019679999999999698,0.09999999999999998
ViSmish_00577,0,0,0.99938464,True,1.0,external_curated,P2P hard negative,1.0,0.0024212948999999995,0.9975787051,0.09999999999999998
ViSmish_00578,1,1,0.99962044,True,1.0,paraphrased,Cờ bạc / Betting,1.0,0.99808878,0.0019112199999999913,0.09999999999999998
ViSmish_00579,1,1,0.9996137,True,1.0,paraphrased,Cờ bạc / Betting,1.0,0.99807191,0.001928090000000049,0.09999999999999998
ViSmish_00580,0,0,0.9994783,True,1.0,synthetic,Ngân hàng thật,1.0,0.0022338006999999996,0.9977661993,0.09999999999999998
ViSmish_00581,1,1,0.9996258,True,1.0,paraphrased,Tuyển dụng giả,1.0,0.998102057,0.001897943000000013,0.09999999999999998
ViSmish_00582,1,1,0.999619,True,1.0,paraphrased,Tuyển dụng giả,1.0,0.99808508,0.0019149200000000421,0.09999999999999998
ViSmish_00583,0,0,0.99947864,True,1.0,real,Khác,1.0,0.0022330872999999996,0.9977669127,0.09999999999999998
ViSmish_00587,0,0,0.99947494,True,1.0,synthetic,Tin nhắn cá nhân và OTP,1.0,0.0022406726999999998,0.9977593273,0.09999999999999998
ViSmish_00588,1,1,0.9996124,True,1.0,paraphrased,Cờ bạc / Betting,1.0,0.998068833,0.0019311669999999559,0.09999999999999998
ViSmish_00590,0,0,0.9994172,True,1.0,external_real,P2P hội thoại thông thường,1.0,0.0023579326999999995,0.9976420673,0.09999999999999998
ViSmish_00593,1,1,0.99962497,True,1.0,paraphrased,Giả mạo ngân hàng,1.0,0.99809997,0.0019000300000000525,0.09999999999999998
ViSmish_00594,1,1,0.9995932,True,1.0,paraphrased,Đòi nợ / Đe dọa,1.0,0.998022616,0.0019773840000000265,0.09999999999999998
ViSmish_00595,1,1,0.9994679,True,1.0,synthetic_hard_negative,Dịch vụ công giả,1.0,0.99774473,0.0022552700000000314,0.09999999999999998
ViSmish_00596,1,1,0.9996216,True,1.0,paraphrased,BHXH / Trợ cấp giả,1.0,0.99809176,0.0019082400000000055,0.09999999999999998
ViSmish_00597,1,1,0.9996244,True,1.0,paraphrased,BHXH / Trợ cấp giả,1.0,0.99809841,0.0019015900000000086,0.09999999999999998
ViSmish_00598,1,1,0.9996082,True,1.0,paraphrased,Crypto / Đầu tư giả,1.0,0.99805849,0.0019415099999999796,0.09999999999999998
ViSmish_00599,1,1,0.9995627,True,1.0,paraphrased,Dịch vụ công giả,1.0,0.99795116,0.0020488400000000517,0.09999999999999998
ViSmish_00601,1,1,0.9996191,True,1.0,paraphrased,Tuyển dụng giả,1.0,0.998085576,0.0019144239999999701,0.09999999999999998
ViSmish_00602,1,1,0.9995981,True,1.0,paraphrased,Nội dung nhạy cảm,1.0,0.9980341699999999,0.0019658300000000573,0.09999999999999998
ViSmish_00603,1,1,0.9995852,True,1.0,paraphrased,Cờ bạc / Betting,1.0,0.99800355,0.0019964500000000385,0.09999999999999998
ViSmish_00605,1,1,0.99962246,True,1.0,paraphrased,Giả mạo ngân hàng,1.0,0.998093766,0.0019062340000000066,0.09999999999999998
ViSmish_00606,1,1,0.9996137,True,1.0,paraphrased,Tuyển dụng giả,1.0,0.99807201,0.0019279899999999905,0.09999999999999998
ViSmish_00607,1,1,0.9996007,True,1.0,paraphrased,Dịch vụ công giả,1.0,0.99804042,0.001959579999999961,0.09999999999999998
ViSmish_00608,0,0,0.9993363,True,1.0,real,Khác,1.0,0.0025123737999999994,0.9974876262,0.09999999999999998
ViSmish_00610,0,0,0.99942917,True,1.0,synthetic,Tin nhắn cá nhân và OTP,1.0,0.0023339531999999994,0.9976660468,0.09999999999999998
ViSmish_00611,0,0,0.99918693,True,1.0,synthetic,Quảng cáo hợp lệ,1.0,0.0027734333999999993,0.9972265666,0.09999999999999998
ViSmish_00612,1,1,0.99963474,True,1.0,paraphrased,BHXH / Trợ cấp giả,1.0,0.99812438,0.0018756199999999668,0.09999999999999998
ViSmish_00615,1,1,0.9996092,True,1.0,paraphrased,Crypto / Đầu tư giả,1.0,0.998060876,0.0019391239999999588,0.09999999999999998
ViSmish_00618,0,0,0.99895096,True,1.0,real,Khác,1.0,0.003138877999999999,0.996861122,0.09999999999999998
ViSmish_00619,0,0,0.99936265,True,1.0,external_real,P2P hội thoại thông thường,1.0,0.0024631315999999997,0.9975368684,0.09999999999999998
ViSmish_00622,1,1,0.9996165,True,1.0,paraphrased,Nội dung nhạy cảm,1.0,0.998079073,0.0019209270000000167,0.09999999999999998
ViSmish_00623,1,1,0.9996197,True,1.0,paraphrased,BHXH / Trợ cấp giả,1.0,0.99808699,0.0019130099999999928,0.09999999999999998
ViSmish_00625,1,1,0.99961734,True,1.0,paraphrased,Tuyển dụng giả,1.0,0.99808096,0.001919039999999983,0.09999999999999998
ViSmish_00627,0,0,0.9991435,True,1.0,real,Khác,1.0,0.0028445671999999997,0.9971554328,0.09999999999999998
ViSmish_00629,0,0,0.999458,True,1.0,synthetic,Tin nhắn cá nhân và OTP,1.0,0.0022756842999999993,0.9977243157,0.09999999999999998
ViSmish_00631,1,1,0.9996055,True,1.0,paraphrased,Đòi nợ / Đe dọa,1.0,0.998051935,0.0019480649999999988,0.09999999999999998
ViSmish_00632,0,0,0.9994235,True,1.0,external_curated,P2P hard negative,1.0,0.0023453628999999996,0.9976546371,0.09999999999999998
ViSmish_00634,0,0,0.9994838,True,1.0,real,Tin nhắn cá nhân và OTP,1.0,0.0022220501999999994,0.9977779498,0.09999999999999998
ViSmish_00635,0,1,0.7072377,False,0.3,external_curated,P2P hard negative,0.3,0.018254939999999994,0.9817450600000001,0.029999999999999992
ViSmish_00636,0,0,0.99947363,True,1.0,real,Viễn thông,1.0,0.0022433699999999997,0.99775663,0.09999999999999998
ViSmish_00637,1,1,0.9995906,True,1.0,paraphrased,Cờ bạc / Betting,1.0,0.998016363,0.001983637000000038,0.09999999999999998
ViSmish_00638,1,1,0.99955374,True,1.0,synthetic_hard_negative,Khác,1.0,0.99793075,0.0020692500000000225,0.09999999999999998
ViSmish_00639,0,0,0.99942845,True,1.0,real,Tin nhắn cá nhân và OTP,1.0,0.0023354319999999997,0.997664568,0.09999999999999998
ViSmish_00641,1,1,0.9996314,True,1.0,paraphrased,Giả mạo ngân hàng,1.0,0.998115957,0.001884043000000002,0.09999999999999998
ViSmish_00643,0,0,0.9969405,True,1.0,real,Viễn thông,1.0,0.005249046999999999,0.994750953,0.09999999999999998
ViSmish_00645,0,0,0.9993728,True,1.0,real,Viễn thông,1.0,0.0024440932999999997,0.9975559067,0.09999999999999998
ViSmish_00646,0,0,0.9982674,True,1.0,real,Dịch vụ công thật,1.0,0.0039993673999999995,0.9960006326,0.09999999999999998
ViSmish_00648,1,1,0.9996131,True,1.0,paraphrased,BHXH / Trợ cấp giả,1.0,0.99807051,0.0019294899999999782,0.09999999999999998
ViSmish_00650,0,0,0.9994597,True,1.0,real,Khác,1.0,0.0022721647999999995,0.9977278352,0.09999999999999998
ViSmish_00652,1,1,0.9995338,True,1.0,synthetic_hard_negative,Giả mạo ngân hàng,1.0,0.99788577,0.0021142299999999947,0.09999999999999998
ViSmish_00653,1,1,0.9996226,True,1.0,paraphrased,Nội dung nhạy cảm,1.0,0.998094064,0.001905935999999997,0.09999999999999998
ViSmish_00654,1,1,0.99961287,True,1.0,paraphrased,Nội dung nhạy cảm,1.0,0.9980700730000001,0.0019299269999999424,0.09999999999999998
ViSmish_00655,1,1,0.99928916,True,1.0,paraphrased,BHXH / Trợ cấp giả,1.0,0.99740215,0.0025978500000000126,0.09999999999999998
ViSmish_00656,0,0,0.9993499,True,1.0,real,Viễn thông,1.0,0.0024871279999999995,0.997512872,0.09999999999999998
ViSmish_00657,0,0,0.9994848,True,1.0,external_curated,P2P hard negative,1.0,0.0022200190999999998,0.9977799809,0.09999999999999998
ViSmish_00658,1,1,0.9995148,True,1.0,synthetic_hard_negative,Dịch vụ công giả,1.0,0.997844225,0.002155774999999971,0.09999999999999998
ViSmish_00660,0,0,0.9994704,True,1.0,synthetic,Tin nhắn cá nhân và OTP,1.0,0.0022501619999999996,0.9977498380000001,0.09999999999999998
ViSmish_00661,1,1,0.9995197,True,1.0,paraphrased,Đòi nợ / Đe dọa,1.0,0.99785485,0.00214515000000004,0.09999999999999998
ViSmish_00664,0,0,0.9994844,True,1.0,synthetic,Vận chuyển,1.0,0.0022207356999999995,0.9977792643,0.09999999999999998
ViSmish_00666,0,0,0.99947864,True,1.0,synthetic,Thương mại điện tử,1.0,0.0022329613999999996,0.9977670386,0.09999999999999998
ViSmish_00668,1,1,0.99953604,True,1.0,paraphrased,Giả mạo ngân hàng,1.0,0.99789098,0.002109020000000017,0.09999999999999998
ViSmish_00669,0,0,0.9994968,True,1.0,synthetic,Vận chuyển,1.0,0.0021944906999999993,0.9978055093,0.09999999999999998
ViSmish_00670,0,0,0.99946076,True,1.0,real,Khác,1.0,0.0022701866999999994,0.9977298133,0.09999999999999998
ViSmish_00671,0,0,0.9994746,True,1.0,real,Viễn thông,1.0,0.0022414439999999996,0.997758556,0.09999999999999998
ViSmish_00672,1,1,0.99959964,True,1.0,paraphrased,Cờ bạc / Betting,1.0,0.998037934,0.00196206600000004,0.09999999999999998
ViSmish_00673,1,1,0.99954444,True,1.0,paraphrased,Nội dung nhạy cảm,1.0,0.997909933,0.0020900670000000288,0.09999999999999998
ViSmish_00675,1,1,0.9995999,True,1.0,paraphrased,Đòi nợ / Đe dọa,1.0,0.99803848,0.00196152000000005,0.09999999999999998
ViSmish_00677,1,1,0.9996252,True,1.0,paraphrased,Dịch vụ công giả,1.0,0.998100543,0.0018994570000000488,0.09999999999999998
ViSmish_00678,0,0,0.9995009,True,1.0,synthetic,Quảng cáo hợp lệ,1.0,0.0021857823999999995,0.9978142176,0.09999999999999998
ViSmish_00679,0,0,0.9990852,True,1.0,real,Dịch vụ công thật,1.0,0.0029370815999999996,0.9970629184,0.09999999999999998
ViSmish_00680,0,0,0.99942017,True,1.0,synthetic,Tin nhắn cá nhân và OTP,1.0,0.0023520992999999995,0.9976479007,0.09999999999999998
ViSmish_00681,1,1,0.99865687,True,1.0,paraphrased,Nội dung nhạy cảm,1.0,0.99646235,0.0035376499999999478,0.09999999999999998
ViSmish_00682,0,0,0.9994462,True,1.0,synthetic,Dịch vụ y tế,1.0,0.0022997379999999995,0.997700262,0.09999999999999998
ViSmish_00683,0,0,0.9993906,True,1.0,external_real,P2P hội thoại thông thường,1.0,0.0024098462999999994,0.9975901537,0.09999999999999998
ViSmish_00684,0,0,0.9994097,True,1.0,external_curated,P2P hard negative,1.0,0.0023727870999999995,0.9976272129,0.09999999999999998
ViSmish_00685,0,0,0.99943167,True,1.0,real,Ngân hàng thật,1.0,0.0023290572999999995,0.9976709427,0.09999999999999998
ViSmish_00686,0,0,0.99941754,True,1.0,real,Khác,1.0,0.0023571643999999994,0.9976428356,0.09999999999999998
ViSmish_00687,0,0,0.99937385,True,1.0,real,Viễn thông,1.0,0.0024420589999999995,0.997557941,0.09999999999999998
ViSmish_00688,0,0,0.9993777,True,1.0,real,Viễn thông,1.0,0.0024345181999999993,0.9975654818,0.09999999999999998
ViSmish_00689,0,0,0.99940574,True,1.0,external_curated,P2P hard negative,1.0,0.0023804684999999995,0.9976195315,0.09999999999999998
ViSmish_00690,1,1,0.99925023,True,1.0,paraphrased,Đòi nợ / Đe dọa,1.0,0.997333896,0.0026661040000000025,0.09999999999999998
ViSmish_00691,0,0,0.998292,True,1.0,external_curated,P2P hard negative,1.0,0.003971991999999999,0.996028008,0.09999999999999998
ViSmish_00692,0,0,0.99908185,True,1.0,synthetic,Ngân hàng thật,1.0,0.002942317499999999,0.9970576825,0.09999999999999998
ViSmish_00693,0,0,0.9993849,True,1.0,real,Viễn thông,1.0,0.0024207844999999993,0.9975792155,0.09999999999999998
ViSmish_00696,0,0,0.9994684,True,1.0,synthetic,Tin nhắn cá nhân và OTP,1.0,0.0022542449999999993,0.997745755,0.09999999999999998
ViSmish_00697,1,1,0.9996227,True,1.0,paraphrased,Tuyển dụng giả,1.0,0.998094225,0.0019057749999999984,0.09999999999999998
ViSmish_00700,0,0,0.99945015,True,1.0,synthetic,Dịch vụ công thật,1.0,0.0022918031999999994,0.9977081968,0.09999999999999998
ViSmish_00701,0,0,0.9994186,True,1.0,external_curated,P2P hard negative,1.0,0.0023550789999999995,0.997644921,0.09999999999999998
ViSmish_00704,1,1,0.9996075,True,1.0,paraphrased,BHXH / Trợ cấp giả,1.0,0.99805681,0.0019431899999999835,0.09999999999999998
ViSmish_00705,0,0,0.99948823,True,1.0,synthetic,Ngân hàng thật,1.0,0.0022125744999999994,0.9977874255,0.09999999999999998
ViSmish_00706,0,0,0.9993161,True,1.0,real,Viễn thông,1.0,0.0025494077999999995,0.9974505922,0.09999999999999998
ViSmish_00707,1,1,0.9996238,True,1.0,paraphrased,Đòi nợ / Đe dọa,1.0,0.99809707,0.0019029299999999694,0.09999999999999998
ViSmish_00708,1,1,0.999603,True,1.0,paraphrased,Nội dung nhạy cảm,1.0,0.99804608,0.0019539200000000534,0.09999999999999998
ViSmish_00709,0,0,0.99946016,True,1.0,synthetic,Dịch vụ công thật,1.0,0.0022713204999999996,0.9977286795,0.09999999999999998
ViSmish_00711,1,1,0.99937797,True,1.0,paraphrased,Crypto / Đầu tư giả,1.0,0.997566026,0.0024339740000000054,0.09999999999999998
ViSmish_00712,1,1,0.9996111,True,1.0,paraphrased,Cờ bạc / Betting,1.0,0.99806552,0.0019344799999999607,0.09999999999999998
ViSmish_00713,1,1,0.9995772,True,1.0,paraphrased,BHXH / Trợ cấp giả,1.0,0.997984797,0.002015203000000021,0.09999999999999998
ViSmish_00715,1,1,0.9996195,True,1.0,paraphrased,Tuyển dụng giả,1.0,0.99808622,0.001913779999999976,0.09999999999999998
ViSmish_00716,1,1,0.9995759,True,1.0,paraphrased,Nội dung nhạy cảm,1.0,0.997981733,0.0020182669999999625,0.09999999999999998
ViSmish_00718,1,1,0.9995772,True,1.0,paraphrased,Giả mạo ngân hàng,1.0,0.997984844,0.002015156000000018,0.09999999999999998
ViSmish_00719,1,1,0.999624,True,1.0,paraphrased,Dịch vụ công giả,1.0,0.99809763,0.001902370000000042,0.09999999999999998
ViSmish_00720,0,0,0.9993424,True,1.0,real,Quảng cáo hợp lệ,1.0,0.0025011515,0.9974988485,0.09999999999999998
ViSmish_00721,0,0,0.99943334,True,1.0,real,Khác,1.0,0.0023256392999999997,0.9976743607,0.09999999999999998
ViSmish_00723,1,1,0.99961084,True,1.0,paraphrased,Đòi nợ / Đe dọa,1.0,0.99806489,0.0019351100000000176,0.09999999999999998
ViSmish_00727,0,0,0.999368,True,1.0,synthetic,Dịch vụ công thật,1.0,0.0024531198999999996,0.9975468801,0.09999999999999998
ViSmish_00728,0,0,0.9994943,True,1.0,real,Tin nhắn cá nhân và OTP,1.0,0.0021999089999999995,0.997800091,0.09999999999999998
ViSmish_00729,1,1,0.99961567,True,1.0,paraphrased,Tuyển dụng giả,1.0,0.9980770999999999,0.0019229000000000607,0.09999999999999998
ViSmish_00730,0,0,0.9993259,True,1.0,external_curated,P2P hard negative,1.0,0.0025315947999999997,0.9974684052,0.09999999999999998
ViSmish_00731,1,1,0.9995883,True,1.0,paraphrased,BHXH / Trợ cấp giả,1.0,0.99801088,0.0019891199999999554,0.09999999999999998
ViSmish_00733,0,0,0.99942696,True,1.0,external_curated,P2P hard negative,1.0,0.0023386748999999992,0.9976613251,0.09999999999999998
ViSmish_00734,0,0,0.99944276,True,1.0,external_curated,P2P hard negative,1.0,0.0023067546999999996,0.9976932453,0.09999999999999998
ViSmish_00736,1,1,0.9996112,True,1.0,paraphrased,BHXH / Trợ cấp giả,1.0,0.9980659,0.0019341000000000497,0.09999999999999998
ViSmish_00737,0,0,0.99942553,True,1.0,real,Viễn thông,1.0,0.0023415227999999994,0.9976584772,0.09999999999999998
ViSmish_00738,1,1,0.99953556,True,1.0,paraphrased,Nội dung nhạy cảm,1.0,0.997889817,0.0021101829999999877,0.09999999999999998
ViSmish_00740,1,1,0.9996158,True,1.0,paraphrased,BHXH / Trợ cấp giả,1.0,0.99807717,0.001922830000000042,0.09999999999999998
ViSmish_00741,0,0,0.9994779,True,1.0,external_real,P2P hội thoại thông thường,1.0,0.0022345352999999994,0.9977654647,0.09999999999999998
ViSmish_00745,1,1,0.9996357,True,1.0,paraphrased,BHXH / Trợ cấp giả,1.0,0.998126906,0.0018730940000000196,0.09999999999999998
ViSmish_00747,0,0,0.9991391,True,1.0,synthetic,Ngân hàng thật,1.0,0.0028517109999999994,0.997148289,0.09999999999999998
ViSmish_00749,1,1,0.9996245,True,1.0,paraphrased,BHXH / Trợ cấp giả,1.0,0.99809862,0.0019013799999999526,0.09999999999999998
ViSmish_00750,0,0,0.9994261,True,1.0,external_curated,P2P hard negative,1.0,0.0023402163999999993,0.9976597836,0.09999999999999998
ViSmish_00751,0,0,0.99943274,True,1.0,real,Viễn thông,1.0,0.0023270144999999994,0.9976729855,0.09999999999999998
ViSmish_00752,0,0,0.9994947,True,1.0,synthetic,Vận chuyển,1.0,0.0021991162999999998,0.9978008837,0.09999999999999998
ViSmish_00753,1,1,0.99953175,True,1.0,synthetic_hard_negative,Khác,1.0,0.997881365,0.00211863499999998,0.09999999999999998
ViSmish_00754,1,1,0.99959904,True,1.0,paraphrased,Nội dung nhạy cảm,1.0,0.99803648,0.0019635199999999964,0.09999999999999998
ViSmish_00755,0,0,0.9994641,True,1.0,real,Viễn thông,1.0,0.0022631721999999996,0.9977368278,0.09999999999999998
ViSmish_00756,0,0,0.9994838,True,1.0,synthetic,Vận chuyển,1.0,0.0022220462999999993,0.9977779537,0.09999999999999998
ViSmish_00757,1,1,0.9995815,True,1.0,synthetic_hard_negative,Đòi nợ / Đe dọa,1.0,0.99799493,0.002005070000000053,0.09999999999999998
ViSmish_00759,1,1,0.99962115,True,1.0,paraphrased,Tuyển dụng giả,1.0,0.99809038,0.0019096199999999453,0.09999999999999998
ViSmish_00760,0,0,0.9994443,True,1.0,real,Tin nhắn cá nhân và OTP,1.0,0.0023037125999999996,0.9976962874,0.09999999999999998
ViSmish_00761,1,1,0.9995938,True,1.0,paraphrased,Đòi nợ / Đe dọa,1.0,0.99802389,0.0019761099999999754,0.09999999999999998
ViSmish_00763,1,1,0.9996258,True,1.0,paraphrased,Giả mạo ngân hàng,1.0,0.998102117,0.0018978830000000446,0.09999999999999998
ViSmish_00764,0,0,0.9994112,True,1.0,external_real,P2P hội thoại thông thường,1.0,0.0023697575999999995,0.9976302424,0.09999999999999998
ViSmish_00765,0,0,0.9994136,True,1.0,external_curated,P2P hard negative,1.0,0.0023650729999999992,0.997634927,0.09999999999999998
ViSmish_00766,1,1,0.99952316,True,1.0,paraphrased,Crypto / Đầu tư giả,1.0,0.99786245,0.0021375500000000436,0.09999999999999998
ViSmish_00767,0,0,0.9991278,True,1.0,real,Dịch vụ công thật,1.0,0.002869738599999999,0.9971302614,0.09999999999999998
ViSmish_00769,0,0,0.9994684,True,1.0,synthetic,Vận chuyển,1.0,0.0022544499999999994,0.99774555,0.09999999999999998
ViSmish_00771,1,1,0.9996123,True,1.0,paraphrased,Dịch vụ công giả,1.0,0.99806857,0.0019314299999999562,0.09999999999999998
ViSmish_00772,0,0,0.9994685,True,1.0,real,Viễn thông,1.0,0.0022539685999999996,0.9977460314,0.09999999999999998
ViSmish_00773,1,1,0.99962485,True,1.0,paraphrased,Dịch vụ công giả,1.0,0.9980995,0.0019004999999999717,0.09999999999999998
ViSmish_00774,1,1,0.9996209,True,1.0,paraphrased,Tuyển dụng giả,1.0,0.998089856,0.0019101440000000025,0.09999999999999998
ViSmish_00775,1,1,0.999585,True,1.0,paraphrased,Cờ bạc / Betting,1.0,0.998003036,0.0019969640000000455,0.09999999999999998
ViSmish_00776,1,1,0.99959356,True,1.0,paraphrased,Cờ bạc / Betting,1.0,0.99802327,0.001976729999999982,0.09999999999999998
ViSmish_00777,0,0,0.9993594,True,1.0,synthetic,Viễn thông,1.0,0.0024692115999999996,0.9975307884,0.09999999999999998
ViSmish_00778,1,1,0.9996215,True,1.0,paraphrased,Giả mạo ngân hàng,1.0,0.99809131,0.0019086900000000462,0.09999999999999998
ViSmish_00779,1,1,0.9996166,True,1.0,paraphrased,BHXH / Trợ cấp giả,1.0,0.99807937,0.0019206299999999787,0.09999999999999998
ViSmish_00781,0,0,0.99943346,True,1.0,real,Viễn thông,1.0,0.0023254125999999996,0.9976745874,0.09999999999999998
ViSmish_00782,0,0,0.9992348,True,1.0,external_curated,P2P hard negative,1.0,0.0026927615999999995,0.9973072384,0.09999999999999998
ViSmish_00783,1,1,0.9996247,True,1.0,paraphrased,Tuyển dụng giả,1.0,0.99809945,0.0019005500000000008,0.09999999999999998
ViSmish_00784,0,0,0.9992994,True,1.0,real,Viễn thông,1.0,0.0025794889999999995,0.997420511,0.09999999999999998
ViSmish_00785,0,0,0.9994648,True,1.0,synthetic,Ngân hàng thật,1.0,0.0022617654999999995,0.9977382345,0.09999999999999998
ViSmish_00786,0,0,0.99940145,True,1.0,synthetic,Tin nhắn cá nhân và OTP,1.0,0.0023888824999999995,0.9976111175,0.09999999999999998
ViSmish_00787,0,0,0.9994754,True,1.0,real,Khác,1.0,0.0022397305999999994,0.9977602694,0.09999999999999998
ViSmish_00789,0,0,0.999091,True,1.0,external_curated,P2P hard negative,1.0,0.0029279147999999996,0.9970720852,0.09999999999999998
ViSmish_00790,0,0,0.99902797,True,1.0,real,Quảng cáo hợp lệ,1.0,0.0030248613999999995,0.9969751386,0.09999999999999998
ViSmish_00793,1,1,0.99933356,True,1.0,synthetic_hard_negative,Khác,1.0,0.997482693,0.0025173069999999687,0.09999999999999998
ViSmish_00795,0,0,0.9994573,True,1.0,synthetic,Ngân hàng thật,1.0,0.0022771108999999996,0.9977228891,0.09999999999999998
ViSmish_00797,0,0,0.9994388,True,1.0,external_real,P2P hội thoại thông thường,1.0,0.0023145894999999994,0.9976854105,0.09999999999999998
ViSmish_00800,1,1,0.99962604,True,1.0,paraphrased,Crypto / Đầu tư giả,1.0,0.99810246,0.0018975399999999754,0.09999999999999998
ViSmish_00802,1,1,0.99961346,True,1.0,paraphrased,Nội dung nhạy cảm,1.0,0.99807148,0.0019285199999999891,0.09999999999999998
ViSmish_00803,0,0,0.99938273,True,1.0,external_curated,P2P hard negative,1.0,0.002425026699999999,0.9975749733,0.09999999999999998
ViSmish_00804,1,1,0.9996201,True,1.0,paraphrased,Giả mạo ngân hàng,1.0,0.99808796,0.0019120400000000037,0.09999999999999998
ViSmish_00806,1,1,0.999587,True,1.0,paraphrased,Cờ bạc / Betting,1.0,0.99800791,0.001992090000000002,0.09999999999999998
ViSmish_00807,0,0,0.9994025,True,1.0,real,Viễn thông,1.0,0.0023866146999999994,0.9976133853,0.09999999999999998
ViSmish_00808,1,1,0.9996213,True,1.0,paraphrased,Tuyển dụng giả,1.0,0.99809083,0.0019091700000000156,0.09999999999999998
ViSmish_00809,1,1,0.99952936,True,1.0,synthetic_hard_negative,Khác,1.0,0.997876054,0.0021239459999999877,0.09999999999999998
ViSmish_00810,1,1,0.9994966,True,1.0,paraphrased,Nội dung nhạy cảm,1.0,0.997805005,0.0021949949999999774,0.09999999999999998
ViSmish_00812,1,1,0.99960667,True,1.0,paraphrased,Đòi nợ / Đe dọa,1.0,0.998055,0.0019449999999999745,0.09999999999999998
ViSmish_00813,0,0,0.9993198,True,1.0,synthetic,Viễn thông,1.0,0.002542737499999999,0.9974572625,0.09999999999999998
ViSmish_00815,1,1,0.99953556,True,1.0,paraphrased,Crypto / Đầu tư giả,1.0,0.99788988,0.002110119999999993,0.09999999999999998
ViSmish_00816,1,1,0.99961,True,1.0,paraphrased,Đòi nợ / Đe dọa,1.0,0.998062974,0.0019370260000000084,0.09999999999999998
ViSmish_00817,0,0,0.99864167,True,1.0,real,Tin nhắn cá nhân và OTP,1.0,0.0035569462999999993,0.9964430537,0.09999999999999998
ViSmish_00818,1,1,0.9996044,True,1.0,paraphrased,BHXH / Trợ cấp giả,1.0,0.998049396,0.0019506040000000224,0.09999999999999998
ViSmish_00821,0,0,0.99942505,True,1.0,real,Tin nhắn cá nhân và OTP,1.0,0.0023422803999999992,0.9976577196,0.09999999999999998
ViSmish_00823,0,0,0.9994423,True,1.0,synthetic,Ngân hàng thật,1.0,0.0023076229999999995,0.997692377,0.09999999999999998
ViSmish_00825,0,0,0.9994746,True,1.0,synthetic,Vận chuyển,1.0,0.0022414709999999997,0.997758529,0.09999999999999998
ViSmish_00826,0,0,0.99938667,True,1.0,synthetic,Ngân hàng thật,1.0,0.0024174075999999992,0.9975825924,0.09999999999999998
ViSmish_00828,0,0,0.9991278,True,1.0,external_real,P2P hội thoại thông thường,1.0,0.0028697227999999997,0.9971302772,0.09999999999999998
ViSmish_00830,0,0,0.9982443,True,1.0,real,Dịch vụ công thật,1.0,0.0040250469999999995,0.995974953,0.09999999999999998
ViSmish_00831,0,0,0.9994593,True,1.0,real,Quảng cáo hợp lệ,1.0,0.0022729090999999996,0.9977270909,0.09999999999999998
ViSmish_00833,1,1,0.99961615,True,1.0,paraphrased,Cờ bạc / Betting,1.0,0.99807823,0.0019217700000000448,0.09999999999999998
ViSmish_00834,1,1,0.9995931,True,1.0,paraphrased,BHXH / Trợ cấp giả,1.0,0.99802217,0.0019778299999999582,0.09999999999999998
ViSmish_00835,1,1,0.9995778,True,1.0,paraphrased,Cờ bạc / Betting,1.0,0.99798624,0.0020137599999999756,0.09999999999999998
ViSmish_00836,0,0,0.99941874,True,1.0,external_curated,P2P hard negative,1.0,0.0023549107999999994,0.9976450892,0.09999999999999998
ViSmish_00837,1,1,0.9995223,True,1.0,paraphrased,Crypto / Đầu tư giả,1.0,0.997860545,0.0021394550000000123,0.09999999999999998
ViSmish_00840,1,1,0.9995567,True,1.0,synthetic_hard_negative,BHXH / Trợ cấp giả,1.0,0.997937495,0.0020625050000000478,0.09999999999999998
ViSmish_00841,1,1,0.99959666,True,1.0,paraphrased,Cờ bạc / Betting,1.0,0.99803082,0.001969180000000015,0.09999999999999998
ViSmish_00843,0,0,0.9990128,True,1.0,synthetic,Dịch vụ công thật,1.0,0.0030476714999999994,0.9969523285,0.09999999999999998
ViSmish_00844,1,1,0.99941635,True,1.0,synthetic_hard_negative,Khác,1.0,0.9976403,0.0023596999999999646,0.09999999999999998
ViSmish_00845,0,0,0.9994313,True,1.0,external_curated,P2P hard negative,1.0,0.0023297745999999995,0.9976702254,0.09999999999999998
ViSmish_00846,1,1,0.9996251,True,1.0,paraphrased,BHXH / Trợ cấp giả,1.0,0.99810007,0.0018999299999999941,0.09999999999999998
ViSmish_00850,0,0,0.9992663,True,1.0,synthetic,Quảng cáo hợp lệ,1.0,0.0026380838999999993,0.9973619161,0.09999999999999998
ViSmish_00853,1,1,0.99962497,True,1.0,paraphrased,BHXH / Trợ cấp giả,1.0,0.998099893,0.0019001069999999842,0.09999999999999998
ViSmish_00854,0,0,0.9993703,True,1.0,synthetic,Ngân hàng thật,1.0,0.0024488986999999995,0.9975511013,0.09999999999999998
ViSmish_00859,1,1,0.99957436,True,1.0,paraphrased,Nội dung nhạy cảm,1.0,0.99797823,0.002021770000000034,0.09999999999999998
ViSmish_00860,0,0,0.9994252,True,1.0,real,Viễn thông,1.0,0.0023420417999999994,0.9976579582,0.09999999999999998
ViSmish_00862,1,1,0.99961674,True,1.0,paraphrased,Nội dung nhạy cảm,1.0,0.99807957,0.001920429999999973,0.09999999999999998
ViSmish_00863,0,0,0.999493,True,1.0,synthetic,Thương mại điện tử,1.0,0.0022025206999999997,0.9977974793,0.09999999999999998
ViSmish_00867,0,0,0.9991836,True,1.0,external_real,P2P hội thoại thông thường,1.0,0.0027789690999999992,0.9972210309,0.09999999999999998
ViSmish_00868,0,0,0.9993887,True,1.0,external_real,P2P hội thoại thông thường,1.0,0.0024135112999999994,0.9975864887,0.09999999999999998
ViSmish_00869,1,1,0.9996086,True,1.0,paraphrased,Cờ bạc / Betting,1.0,0.99805964,0.0019403599999999743,0.09999999999999998
ViSmish_00870,1,1,0.9996289,True,1.0,paraphrased,Cờ bạc / Betting,1.0,0.9981096700000001,0.0018903299999999401,0.09999999999999998
ViSmish_00873,0,0,0.9994624,True,1.0,synthetic,Dịch vụ y tế,1.0,0.0022666279999999997,0.997733372,0.09999999999999998
ViSmish_00874,0,0,0.9993736,True,1.0,external_curated,P2P hard negative,1.0,0.0024423984999999994,0.9975576015,0.09999999999999998
ViSmish_00876,0,0,0.9994,True,1.0,real,Viễn thông,1.0,0.0023915444999999995,0.9976084555,0.09999999999999998
ViSmish_00877,0,0,0.9994361,True,1.0,external_curated,P2P hard negative,1.0,0.0023203331999999996,0.9976796668,0.09999999999999998
ViSmish_00881,0,0,0.9994351,True,1.0,real,Tin nhắn cá nhân và OTP,1.0,0.0023221974999999995,0.9976778025,0.09999999999999998
ViSmish_00883,0,0,0.99945503,True,1.0,synthetic,Ngân hàng thật,1.0,0.0022817264999999993,0.9977182735,0.09999999999999998
ViSmish_00884,0,0,0.9994497,True,1.0,synthetic,Vận chuyển,1.0,0.0022926385999999994,0.9977073614,0.09999999999999998
ViSmish_00885,0,0,0.99931276,True,1.0,real,Viễn thông,1.0,0.0025553857999999993,0.9974446142,0.09999999999999998
ViSmish_00886,0,0,0.9994917,True,1.0,synthetic,Ngân hàng thật,1.0,0.0022052471999999997,0.9977947528,0.09999999999999998
ViSmish_00887,1,1,0.99961984,True,1.0,paraphrased,Giả mạo ngân hàng,1.0,0.99808725,0.0019127500000000186,0.09999999999999998
ViSmish_00888,1,1,0.999619,True,1.0,paraphrased,Tuyển dụng giả,1.0,0.998085266,0.0019147339999999735,0.09999999999999998
ViSmish_00889,0,0,0.9993875,True,1.0,real,Viễn thông,1.0,0.0024157277999999997,0.9975842722,0.09999999999999998
ViSmish_00891,0,0,0.99934834,True,1.0,external_curated,P2P hard negative,1.0,0.0024899495999999993,0.9975100504,0.09999999999999998
ViSmish_00892,0,0,0.999418,True,1.0,synthetic,Tin nhắn cá nhân và OTP,1.0,0.0023562700999999993,0.9976437299,0.09999999999999998
ViSmish_00893,0,0,0.9994184,True,1.0,synthetic,Ngân hàng thật,1.0,0.0023556211999999997,0.9976443788,0.09999999999999998
ViSmish_00895,0,0,0.999421,True,1.0,external_real,P2P hội thoại thông thường,1.0,0.0023505027999999994,0.9976494972,0.09999999999999998
ViSmish_00896,1,1,0.99951255,True,1.0,paraphrased,BHXH / Trợ cấp giả,1.0,0.99783945,0.002160550000000039,0.09999999999999998
ViSmish_00897,0,0,0.99947196,True,1.0,synthetic,Thương mại điện tử,1.0,0.0022469154999999997,0.9977530845,0.09999999999999998
ViSmish_00898,1,1,0.9995764,True,1.0,paraphrased,Nội dung nhạy cảm,1.0,0.997982806,0.002017194,0.09999999999999998
ViSmish_00899,1,1,0.9988801,True,1.0,paraphrased,Dịch vụ công giả,1.0,0.9967600759999999,0.0032399240000000606,0.09999999999999998
ViSmish_00900,0,0,0.99948466,True,1.0,synthetic,Tin nhắn cá nhân và OTP,1.0,0.0022201401999999994,0.9977798598,0.09999999999999998
ViSmish_00901,1,1,0.999461,True,1.0,paraphrased,Nội dung nhạy cảm,1.0,0.99773039,0.002269610000000033,0.09999999999999998
ViSmish_00902,1,1,0.9995371,True,1.0,paraphrased,BHXH / Trợ cấp giả,1.0,0.997893345,0.0021066549999999573,0.09999999999999998
ViSmish_00903,0,0,0.9994772,True,1.0,synthetic,Vận chuyển,1.0,0.0022358567999999994,0.9977641432,0.09999999999999998
ViSmish_00904,0,0,0.9995117,True,1.0,synthetic,Tin nhắn cá nhân và OTP,1.0,0.0021623480999999993,0.9978376519,0.09999999999999998
ViSmish_00906,1,1,0.999556,True,1.0,synthetic_hard_negative,BHXH / Trợ cấp giả,1.0,0.997935915,0.0020640849999999933,0.09999999999999998
ViSmish_00907,1,1,0.9996123,True,1.0,paraphrased,Nội dung nhạy cảm,1.0,0.998068446,0.001931554000000002,0.09999999999999998
ViSmish_00910,0,0,0.99939334,True,1.0,synthetic,Ngân hàng thật,1.0,0.0024046191999999994,0.9975953808,0.09999999999999998
ViSmish_00912,0,0,0.999495,True,1.0,real,Tin nhắn cá nhân và OTP,1.0,0.0021982661999999996,0.9978017338,0.09999999999999998
ViSmish_00913,1,1,0.99962366,True,1.0,paraphrased,BHXH / Trợ cấp giả,1.0,0.998096657,0.0019033429999999463,0.09999999999999998
ViSmish_00914,1,1,0.99953556,True,1.0,paraphrased,Crypto / Đầu tư giả,1.0,0.99788992,0.002110080000000014,0.09999999999999998
ViSmish_00915,0,0,0.9993456,True,1.0,real,Viễn thông,1.0,0.0024951481999999996,0.9975048518,0.09999999999999998
ViSmish_00916,1,1,0.9996056,True,1.0,paraphrased,Cờ bạc / Betting,1.0,0.99805226,0.0019477399999999756,0.09999999999999998
ViSmish_00917,1,1,0.99962485,True,1.0,paraphrased,Tuyển dụng giả,1.0,0.9980995500000001,0.0019004499999999425,0.09999999999999998
ViSmish_00918,1,1,0.9995115,True,1.0,synthetic_hard_negative,Dịch vụ công giả,1.0,0.99783716,0.002162839999999999,0.09999999999999998
ViSmish_00919,1,1,0.9996257,True,1.0,paraphrased,Tuyển dụng giả,1.0,0.998101556,0.0018984440000000546,0.09999999999999998
ViSmish_00923,0,0,0.9994168,True,1.0,synthetic,Tin nhắn cá nhân và OTP,1.0,0.0023586869999999995,0.997641313,0.09999999999999998
ViSmish_00924,1,1,0.9996088,True,1.0,paraphrased,Đòi nợ / Đe dọa,1.0,0.99806019,0.0019398099999999863,0.09999999999999998
ViSmish_00926,1,1,0.99960893,True,1.0,paraphrased,BHXH / Trợ cấp giả,1.0,0.9980603299999999,0.00193967000000006,0.09999999999999998
ViSmish_00927,1,1,0.99960154,True,1.0,paraphrased,Crypto / Đầu tư giả,1.0,0.99804238,0.0019576199999999933,0.09999999999999998
ViSmish_00928,0,0,0.9989753,True,1.0,external_real,P2P hội thoại thông thường,1.0,0.0031033519999999993,0.996896648,0.09999999999999998
ViSmish_00929,1,1,0.99960095,True,1.0,paraphrased,Đòi nợ / Đe dọa,1.0,0.99804104,0.001958959999999954,0.09999999999999998
ViSmish_00930,1,1,0.9995171,True,1.0,paraphrased,Nội dung nhạy cảm,1.0,0.99784914,0.0021508599999999767,0.09999999999999998
ViSmish_00932,1,1,0.99959844,True,1.0,paraphrased,Cờ bạc / Betting,1.0,0.998034954,0.001965046000000026,0.09999999999999998
ViSmish_00935,1,1,0.99961436,True,1.0,paraphrased,Nội dung nhạy cảm,1.0,0.998073727,0.0019262730000000339,0.09999999999999998
ViSmish_00937,0,0,0.9994742,True,1.0,real,Khác,1.0,0.0022422601999999995,0.9977577398,0.09999999999999998
ViSmish_00938,0,0,0.99935836,True,1.0,real,Viễn thông,1.0,0.0024713716999999994,0.9975286283,0.09999999999999998
ViSmish_00939,1,1,0.9996177,True,1.0,paraphrased,Cờ bạc / Betting,1.0,0.998082066,0.0019179339999999545,0.09999999999999998
ViSmish_00940,1,1,0.9996013,True,1.0,paraphrased,Đòi nợ / Đe dọa,1.0,0.998042035,0.001957965000000006,0.09999999999999998
ViSmish_00942,0,0,0.9994709,True,1.0,synthetic,Quảng cáo hợp lệ,1.0,0.0022491493999999995,0.9977508506,0.09999999999999998
ViSmish_00943,0,0,0.9993135,True,1.0,synthetic,Thương mại điện tử,1.0,0.0025541981999999993,0.9974458018,0.09999999999999998
ViSmish_00944,0,0,0.9994904,True,1.0,synthetic,Dịch vụ y tế,1.0,0.0022081349999999995,0.9977918650000001,0.09999999999999998
ViSmish_00945,1,1,0.9996278,True,1.0,paraphrased,Giả mạo ngân hàng,1.0,0.99810714,0.0018928599999999962,0.09999999999999998
ViSmish_00946,0,0,0.9993794,True,1.0,real,Viễn thông,1.0,0.0024312424999999994,0.9975687575,0.09999999999999998
ViSmish_00947,0,0,0.9993668,True,1.0,real,Viễn thông,1.0,0.0024552303999999994,0.9975447696,0.09999999999999998
ViSmish_00949,1,1,0.9996253,True,1.0,paraphrased,Tuyển dụng giả,1.0,0.99810067,0.0018993299999999769,0.09999999999999998
ViSmish_00950,1,1,0.9996253,True,1.0,paraphrased,BHXH / Trợ cấp giả,1.0,0.99810073,0.0018992700000000085,0.09999999999999998
ViSmish_00952,1,1,0.99961275,True,1.0,paraphrased,BHXH / Trợ cấp giả,1.0,0.99806958,0.0019304199999999883,0.09999999999999998
ViSmish_00953,1,1,0.99962354,True,1.0,paraphrased,Tuyển dụng giả,1.0,0.9980963350000001,0.0019036649999999433,0.09999999999999998
ViSmish_00957,0,0,0.99948174,True,1.0,real,Viễn thông,1.0,0.0022265809999999996,0.997773419,0.09999999999999998
ViSmish_00958,1,1,0.99959797,True,1.0,paraphrased,Đòi nợ / Đe dọa,1.0,0.998033845,0.0019661549999999695,0.09999999999999998
ViSmish_00959,0,0,0.9994261,True,1.0,external_real,P2P hội thoại thông thường,1.0,0.0023401274999999993,0.9976598725,0.09999999999999998
ViSmish_00960,0,0,0.99948716,True,1.0,synthetic,Vận chuyển,1.0,0.0022148639999999995,0.997785136,0.09999999999999998
ViSmish_00961,0,0,0.99947494,True,1.0,synthetic,Thương mại điện tử,1.0,0.0022406171999999995,0.9977593828,0.09999999999999998
ViSmish_00963,1,1,0.9996159,True,1.0,paraphrased,Cờ bạc / Betting,1.0,0.99807756,0.0019224399999999697,0.09999999999999998
ViSmish_00965,1,1,0.99962556,True,1.0,paraphrased,BHXH / Trợ cấp giả,1.0,0.99810137,0.0018986300000000123,0.09999999999999998
ViSmish_00966,0,0,0.9994679,True,1.0,synthetic,Tin nhắn cá nhân và OTP,1.0,0.0022552834999999996,0.9977447165,0.09999999999999998
ViSmish_00967,1,1,0.99962366,True,1.0,paraphrased,Đòi nợ / Đe dọa,1.0,0.998096585,0.0019034150000000194,0.09999999999999998
ViSmish_00971,0,0,0.9994771,True,1.0,synthetic,Dịch vụ y tế,1.0,0.0022362855999999995,0.9977637144,0.09999999999999998
ViSmish_00972,1,1,0.9996061,True,1.0,paraphrased,Tuyển dụng giả,1.0,0.998053426,0.0019465739999999787,0.09999999999999998
ViSmish_00973,0,0,0.9994185,True,1.0,real,Viễn thông,1.0,0.0023554557999999996,0.9976445442,0.09999999999999998
ViSmish_00974,0,0,0.99942327,True,1.0,external_real,P2P hội thoại thông thường,1.0,0.0023458646999999994,0.9976541353,0.09999999999999998
ViSmish_00975,1,1,0.9996063,True,1.0,paraphrased,Nội dung nhạy cảm,1.0,0.998053885,0.0019461149999999705,0.09999999999999998
ViSmish_00977,0,0,0.9994785,True,1.0,synthetic,Dịch vụ y tế,1.0,0.0022332060999999993,0.9977667939,0.09999999999999998
ViSmish_00978,1,1,0.9996037,True,1.0,paraphrased,Giả mạo ngân hàng,1.0,0.99804771,0.0019522899999999677,0.09999999999999998
ViSmish_00979,1,1,0.99961877,True,1.0,paraphrased,Cờ bạc / Betting,1.0,0.99808445,0.001915549999999988,0.09999999999999998
ViSmish_00980,1,1,0.9996172,True,1.0,paraphrased,BHXH / Trợ cấp giả,1.0,0.99808085,0.0019191499999999806,0.09999999999999998
ViSmish_00981,1,1,0.99957925,True,1.0,paraphrased,Cờ bạc / Betting,1.0,0.99798955,0.002010449999999997,0.09999999999999998
ViSmish_00982,0,0,0.9993525,True,1.0,external_curated,P2P hard negative,1.0,0.0024821958,0.9975178042,0.09999999999999998
ViSmish_00984,0,0,0.99936956,True,1.0,real,Viễn thông,1.0,0.0024502017999999993,0.9975497982,0.09999999999999998
ViSmish_00985,1,1,0.99960846,True,1.0,paraphrased,Giả mạo ngân hàng,1.0,0.99805911,0.001940889999999973,0.09999999999999998
ViSmish_00986,0,0,0.9994043,True,1.0,real,Viễn thông,1.0,0.0023832569999999997,0.997616743,0.09999999999999998
ViSmish_00987,0,0,0.99939966,True,1.0,real,Quảng cáo hợp lệ,1.0,0.0023923711999999995,0.9976076288,0.09999999999999998
ViSmish_00988,1,1,0.9996082,True,1.0,paraphrased,Crypto / Đầu tư giả,1.0,0.9980586300000001,0.0019413699999999423,0.09999999999999998
ViSmish_00989,1,1,0.99960405,True,1.0,real,Giả mạo ngân hàng,1.0,0.99804842,0.0019515799999999528,0.09999999999999998
ViSmish_00991,1,1,0.9996207,True,1.0,paraphrased,Dịch vụ công giả,1.0,0.998089314,0.0019106859999999948,0.09999999999999998
ViSmish_00992,0,0,0.99900454,True,1.0,real,Dịch vụ công thật,1.0,0.003060116599999999,0.9969398834,0.09999999999999998
ViSmish_00993,0,0,0.99937147,True,1.0,synthetic,Dịch vụ công thật,1.0,0.0024465720999999993,0.9975534279,0.09999999999999998
ViSmish_00994,0,0,0.9992015,True,1.0,real,Khác,1.0,0.0027493502999999995,0.9972506497,0.09999999999999998
ViSmish_00995,1,1,0.9996201,True,1.0,paraphrased,Cờ bạc / Betting,1.0,0.99808795,0.001912050000000054,0.09999999999999998
ViSmish_00998,0,0,0.9993716,True,1.0,synthetic,Tin nhắn cá nhân và OTP,1.0,0.0024463455999999997,0.9975536544,0.09999999999999998
ViSmish_00999,0,0,0.9992556,True,1.0,external_real,P2P hội thoại thông thường,1.0,0.0026569233999999995,0.9973430766,0.09999999999999998
ViSmish_01000,0,0,0.9994367,True,1.0,real,Viễn thông,1.0,0.0023190299999999997,0.99768097,0.09999999999999998
ViSmish_01001,1,1,0.9995994,True,1.0,paraphrased,Nội dung nhạy cảm,1.0,0.99803728,0.0019627199999999734,0.09999999999999998
ViSmish_01002,1,1,0.9996226,True,1.0,paraphrased,BHXH / Trợ cấp giả,1.0,0.99809409,0.0019059099999999551,0.09999999999999998
ViSmish_01003,1,1,0.9996138,True,1.0,paraphrased,Giả mạo ngân hàng,1.0,0.99807217,0.0019278299999999637,0.09999999999999998
ViSmish_01004,1,1,0.999602,True,1.0,paraphrased,Cờ bạc / Betting,1.0,0.998043776,0.001956223999999951,0.09999999999999998
ViSmish_01005,1,1,0.9995442,True,1.0,synthetic_hard_negative,BHXH / Trợ cấp giả,1.0,0.997909343,0.0020906569999999958,0.09999999999999998
ViSmish_01007,0,0,0.99948335,True,1.0,synthetic,Dịch vụ y tế,1.0,0.0022228809999999995,0.997777119,0.09999999999999998
ViSmish_01010,0,0,0.99944097,True,1.0,synthetic,Ngân hàng thật,1.0,0.002310358699999999,0.9976896413,0.09999999999999998
ViSmish_01011,0,0,0.99947864,True,1.0,synthetic,Vận chuyển,1.0,0.0022329957999999996,0.9977670042,0.09999999999999998
ViSmish_01013,1,1,0.999627,True,1.0,paraphrased,Dịch vụ công giả,1.0,0.99810501,0.0018949900000000408,0.09999999999999998
ViSmish_01014,0,0,0.99946076,True,1.0,synthetic,Vận chuyển,1.0,0.0022701166999999998,0.9977298833,0.09999999999999998
ViSmish_01015,1,1,0.99955696,True,1.0,paraphrased,Crypto / Đầu tư giả,1.0,0.99793803,0.0020619699999999686,0.09999999999999998
ViSmish_01017,0,0,0.999355,True,1.0,external_curated,P2P hard negative,1.0,0.0024774519999999998,0.997522548,0.09999999999999998
ViSmish_01018,0,0,0.9989084,True,1.0,external_real,P2P hội thoại thông thường,1.0,0.0031999459999999995,0.996800054,0.09999999999999998
ViSmish_01019,1,1,0.9996263,True,1.0,paraphrased,Đòi nợ / Đe dọa,1.0,0.99810308,0.0018969199999999686,0.09999999999999998
ViSmish_01021,1,1,0.99963105,True,1.0,paraphrased,Giả mạo ngân hàng,1.0,0.998114944,0.001885055999999996,0.09999999999999998
ViSmish_01022,1,1,0.9996197,True,1.0,paraphrased,Cờ bạc / Betting,1.0,0.99808704,0.0019129599999999636,0.09999999999999998
ViSmish_01023,1,1,0.99956304,True,1.0,paraphrased,Nội dung nhạy cảm,1.0,0.9979521,0.0020478999999999914,0.09999999999999998
ViSmish_01024,1,1,0.99960893,True,1.0,paraphrased,Nội dung nhạy cảm,1.0,0.99806027,0.0019397300000000284,0.09999999999999998
ViSmish_01025,0,0,0.9994411,True,1.0,synthetic,Tin nhắn cá nhân và OTP,1.0,0.0023101184999999996,0.9976898815,0.09999999999999998
ViSmish_01028,0,0,0.9993641,True,1.0,external_real,P2P hội thoại thông thường,1.0,0.0024605325999999994,0.9975394674,0.09999999999999998
ViSmish_01029,1,1,0.99956614,True,1.0,synthetic_hard_negative,Giả mạo ngân hàng,1.0,0.99795914,0.002040860000000033,0.09999999999999998
ViSmish_01030,0,0,0.9994474,True,1.0,external_real,P2P hội thoại thông thường,1.0,0.0022973803999999996,0.9977026196,0.09999999999999998
ViSmish_01031,1,1,0.9996294,True,1.0,paraphrased,BHXH / Trợ cấp giả,1.0,0.99811081,0.001889189999999985,0.09999999999999998
ViSmish_01032,1,1,0.9996037,True,1.0,paraphrased,BHXH / Trợ cấp giả,1.0,0.998047763,0.0019522370000000233,0.09999999999999998
ViSmish_01033,0,0,0.9994018,True,1.0,synthetic,Viễn thông,1.0,0.0023880162999999994,0.9976119837,0.09999999999999998
ViSmish_01035,0,0,0.9994752,True,1.0,synthetic,Tin nhắn cá nhân và OTP,1.0,0.0022402225,0.9977597775,0.09999999999999998
ViSmish_01038,0,0,0.9994784,True,1.0,synthetic,Viễn thông,1.0,0.0022335454999999997,0.9977664545,0.09999999999999998
ViSmish_01040,1,1,0.99963045,True,1.0,paraphrased,Đòi nợ / Đe dọa,1.0,0.9981135800000001,0.0018864199999999443,0.09999999999999998
ViSmish_01041,0,0,0.9994716,True,1.0,real,Khác,1.0,0.0022476005999999995,0.9977523994,0.09999999999999998
ViSmish_01042,0,0,0.9994174,True,1.0,external_real,P2P hội thoại thông thường,1.0,0.0023575649999999994,0.997642435,0.09999999999999998
ViSmish_01044,1,1,0.99961334,True,1.0,paraphrased,Dịch vụ công giả,1.0,0.99807113,0.0019288699999999714,0.09999999999999998
ViSmish_01045,1,1,0.9996208,True,1.0,paraphrased,Crypto / Đầu tư giả,1.0,0.99808967,0.0019103299999999601,0.09999999999999998
ViSmish_01047,1,1,0.99962485,True,1.0,paraphrased,BHXH / Trợ cấp giả,1.0,0.99809949,0.001900510000000022,0.09999999999999998
ViSmish_01048,0,0,0.999468,True,1.0,synthetic,Tin nhắn cá nhân và OTP,1.0,0.0022550677999999998,0.9977449322,0.09999999999999998
ViSmish_01049,0,0,0.99946135,True,1.0,real,Khác,1.0,0.0022689529999999993,0.997731047,0.09999999999999998
ViSmish_01050,1,1,0.99961853,True,1.0,paraphrased,Tuyển dụng giả,1.0,0.9980839,0.0019160999999999762,0.09999999999999998
ViSmish_01055,1,1,0.9996228,True,1.0,paraphrased,Đòi nợ / Đe dọa,1.0,0.99809461,0.0019053900000000068,0.09999999999999998
ViSmish_01057,0,0,0.9991842,True,1.0,real,Tin nhắn cá nhân và OTP,1.0,0.0027779418999999994,0.9972220581,0.09999999999999998
ViSmish_01058,1,1,0.9995109,True,1.0,synthetic_hard_negative,Tuyển dụng giả,1.0,0.997835606,0.002164394000000014,0.09999999999999998
ViSmish_01060,0,0,0.9994711,True,1.0,real,Khác,1.0,0.0022485855999999993,0.9977514144,0.09999999999999998
ViSmish_01061,0,0,0.99945515,True,1.0,synthetic,Tin nhắn cá nhân và OTP,1.0,0.0022815325999999995,0.9977184674,0.09999999999999998
ViSmish_01062,0,0,0.99918085,True,1.0,synthetic,Dịch vụ công thật,1.0,0.0027834921999999995,0.9972165078,0.09999999999999998
ViSmish_01063,1,1,0.9996172,True,1.0,paraphrased,Cờ bạc / Betting,1.0,0.998080665,0.0019193349999999665,0.09999999999999998
ViSmish_01064,1,1,0.99961984,True,1.0,paraphrased,BHXH / Trợ cấp giả,1.0,0.998087114,0.001912885999999947,0.09999999999999998
ViSmish_01065,0,0,0.99947375,True,1.0,synthetic,Tin nhắn cá nhân và OTP,1.0,0.0022432591999999997,0.9977567408,0.09999999999999998
ViSmish_01067,1,1,0.9996265,True,1.0,paraphrased,Dịch vụ công giả,1.0,0.99810379,0.0018962099999999538,0.09999999999999998
ViSmish_01068,1,1,0.99959093,True,1.0,paraphrased,Crypto / Đầu tư giả,1.0,0.99801702,0.0019829799999999675,0.09999999999999998
ViSmish_01069,0,0,0.9994574,True,1.0,external_real,P2P hội thoại thông thường,1.0,0.0022768069999999996,0.997723193,0.09999999999999998
ViSmish_01070,1,1,0.9994067,True,1.0,paraphrased,Nội dung nhạy cảm,1.0,0.9976214,0.0023786000000000085,0.09999999999999998
ViSmish_01071,1,1,0.9995876,True,1.0,paraphrased,Crypto / Đầu tư giả,1.0,0.998009276,0.0019907239999999993,0.09999999999999998
ViSmish_01072,1,1,0.99962234,True,1.0,paraphrased,BHXH / Trợ cấp giả,1.0,0.998093396,0.0019066039999999784,0.09999999999999998
ViSmish_01073,0,0,0.9994598,True,1.0,synthetic,Dịch vụ y tế,1.0,0.0022720394999999997,0.9977279605,0.09999999999999998
ViSmish_01075,0,0,0.9987459,True,1.0,real,Tin nhắn cá nhân và OTP,1.0,0.003422183499999999,0.9965778165,0.09999999999999998
ViSmish_01078,0,0,0.99935097,True,1.0,real,Viễn thông,1.0,0.0024851425999999994,0.9975148574,0.09999999999999998
ViSmish_01080,0,0,0.9993075,True,1.0,real,Viễn thông,1.0,0.0025648470999999995,0.9974351529,0.09999999999999998
ViSmish_01081,1,1,0.9996213,True,1.0,paraphrased,Tuyển dụng giả,1.0,0.99809076,0.0019092400000000342,0.09999999999999998
ViSmish_01082,0,0,0.9993538,True,1.0,synthetic,Dịch vụ công thật,1.0,0.0024797927999999996,0.9975202072,0.09999999999999998
ViSmish_01084,0,0,0.99947065,True,1.0,synthetic,Quảng cáo hợp lệ,1.0,0.0022495323999999995,0.9977504676,0.09999999999999998
ViSmish_01085,0,0,0.9994424,True,1.0,real,Viễn thông,1.0,0.0023074012,0.9976925988,0.09999999999999998
ViSmish_01088,0,0,0.99943393,True,1.0,real,Viễn thông,1.0,0.0023246325999999994,0.9976753674,0.09999999999999998
ViSmish_01089,1,1,0.9996172,True,1.0,paraphrased,Cờ bạc / Betting,1.0,0.998080873,0.001919126999999965,0.09999999999999998
ViSmish_01091,1,1,0.99962103,True,1.0,paraphrased,Tuyển dụng giả,1.0,0.998090035,0.001909964999999958,0.09999999999999998
ViSmish_01094,0,0,0.99945277,True,1.0,real,Viễn thông,1.0,0.0022864594999999995,0.9977135405,0.09999999999999998
ViSmish_01096,1,1,0.9996088,True,1.0,paraphrased,Crypto / Đầu tư giả,1.0,0.9980602,0.001939800000000047,0.09999999999999998
ViSmish_01098,1,1,0.99961346,True,1.0,paraphrased,Đòi nợ / Đe dọa,1.0,0.99807128,0.0019287199999999949,0.09999999999999998
ViSmish_01099,1,1,0.99942076,True,1.0,paraphrased,Crypto / Đầu tư giả,1.0,0.997649163,0.00235083700000005,0.09999999999999998
ViSmish_01100,1,1,0.9996195,True,1.0,paraphrased,BHXH / Trợ cấp giả,1.0,0.99808631,0.001913689999999968,0.09999999999999998
ViSmish_01101,1,1,0.99961394,True,1.0,paraphrased,BHXH / Trợ cấp giả,1.0,0.998072535,0.0019274649999999616,0.09999999999999998
ViSmish_01102,0,0,0.9993598,True,1.0,real,Quảng cáo hợp lệ,1.0,0.0024686492999999995,0.9975313507,0.09999999999999998
ViSmish_01106,1,1,0.99962115,True,1.0,paraphrased,Giả mạo ngân hàng,1.0,0.998090476,0.0019095239999999958,0.09999999999999998
ViSmish_01107,1,1,0.99960715,True,1.0,paraphrased,Nội dung nhạy cảm,1.0,0.998055935,0.0019440649999999948,0.09999999999999998
ViSmish_01108,1,1,0.9995689,True,1.0,paraphrased,Nội dung nhạy cảm,1.0,0.9979655199999999,0.0020344800000000607,0.09999999999999998
ViSmish_01109,0,0,0.99933225,True,1.0,external_real,P2P hội thoại thông thường,1.0,0.0025197000999999993,0.9974802999,0.09999999999999998
ViSmish_01110,1,1,0.99956614,True,1.0,real,BHXH / Trợ cấp giả,1.0,0.99795909,0.0020409099999999514,0.09999999999999998
ViSmish_01111,0,0,0.99909437,True,1.0,external_real,P2P hội thoại thông thường,1.0,0.0029226943999999997,0.9970773056,0.09999999999999998
ViSmish_01112,0,0,0.999483,True,1.0,synthetic,Vận chuyển,1.0,0.0022238118999999995,0.9977761881,0.09999999999999998
ViSmish_01113,1,1,0.99958867,True,1.0,paraphrased,Crypto / Đầu tư giả,1.0,0.99801176,0.0019882399999999745,0.09999999999999998
ViSmish_01115,1,1,0.9995875,True,1.0,paraphrased,Cờ bạc / Betting,1.0,0.998008955,0.0019910450000000246,0.09999999999999998
ViSmish_01116,1,1,0.99962354,True,1.0,paraphrased,Tuyển dụng giả,1.0,0.99809638,0.0019036199999999948,0.09999999999999998
ViSmish_01117,0,0,0.9993648,True,1.0,real,Dịch vụ công thật,1.0,0.0024591929999999997,0.997540807,0.09999999999999998
ViSmish_01119,1,1,0.9994641,True,1.0,paraphrased,BHXH / Trợ cấp giả,1.0,0.9977367699999999,0.0022632300000000605,0.09999999999999998
ViSmish_01122,0,0,0.99911207,True,1.0,real,Dịch vụ công thật,1.0,0.0028948139999999995,0.997105186,0.09999999999999998
ViSmish_01125,1,1,0.9996151,True,1.0,paraphrased,Tuyển dụng giả,1.0,0.998075646,0.001924354000000017,0.09999999999999998
ViSmish_01126,1,1,0.9995981,True,1.0,paraphrased,Nội dung nhạy cảm,1.0,0.998034316,0.0019656839999999676,0.09999999999999998
ViSmish_01128,1,1,0.9996147,True,1.0,paraphrased,BHXH / Trợ cấp giả,1.0,0.99807453,0.0019254699999999847,0.09999999999999998
ViSmish_01129,0,0,0.99886155,True,1.0,real,Khác,1.0,0.0032657175999999998,0.9967342824,0.09999999999999998
ViSmish_01130,1,1,0.9995185,True,1.0,synthetic_hard_negative,Đòi nợ / Đe dọa,1.0,0.997852296,0.0021477039999999725,0.09999999999999998
ViSmish_01131,1,1,0.9995951,True,1.0,paraphrased,Cờ bạc / Betting,1.0,0.99802721,0.0019727899999999465,0.09999999999999998
ViSmish_01132,1,1,0.99953604,True,1.0,synthetic_hard_negative,Khác,1.0,0.99789089,0.002109110000000025,0.09999999999999998
ViSmish_01133,1,1,0.99962807,True,1.0,paraphrased,Cờ bạc / Betting,1.0,0.998107773,0.001892227000000024,0.09999999999999998
ViSmish_01134,0,0,0.9994467,True,1.0,synthetic,Tin nhắn cá nhân và OTP,1.0,0.0022989145999999993,0.9977010854,0.09999999999999998
ViSmish_01135,0,0,0.9991254,True,1.0,real,Dịch vụ công thật,1.0,0.002873667499999999,0.9971263325,0.09999999999999998
ViSmish_01136,0,0,0.999496,True,1.0,synthetic,Ngân hàng thật,1.0,0.0021962966999999993,0.9978037033,0.09999999999999998
ViSmish_01137,0,0,0.9994722,True,1.0,real,Ngân hàng thật,1.0,0.0022462892999999995,0.9977537107,0.09999999999999998
ViSmish_01139,0,0,0.99940884,True,1.0,real,Quảng cáo hợp lệ,1.0,0.0023744293999999992,0.9976255706,0.09999999999999998
ViSmish_01140,1,1,0.9996246,True,1.0,paraphrased,BHXH / Trợ cấp giả,1.0,0.99809894,0.00190106000000001,0.09999999999999998
ViSmish_01141,1,1,0.9996031,True,1.0,paraphrased,Tuyển dụng giả,1.0,0.99804633,0.0019536700000000184,0.09999999999999998
ViSmish_01142,0,0,0.99942195,True,1.0,real,Tin nhắn cá nhân và OTP,1.0,0.0023484473999999997,0.9976515526,0.09999999999999998
ViSmish_01143,1,1,0.99956936,True,1.0,paraphrased,Crypto / Đầu tư giả,1.0,0.99796652,0.002033480000000032,0.09999999999999998
ViSmish_01144,1,1,0.9995553,True,1.0,paraphrased,Crypto / Đầu tư giả,1.0,0.997934246,0.0020657539999999752,0.09999999999999998
ViSmish_01146,1,1,0.9996081,True,1.0,paraphrased,Giả mạo ngân hàng,1.0,0.99805847,0.0019415299999999691,0.09999999999999998
ViSmish_01147,0,0,0.99942786,True,1.0,external_curated,P2P hard negative,1.0,0.0023367239999999997,0.997663276,0.09999999999999998
ViSmish_01149,0,0,0.9993918,True,1.0,real,Viễn thông,1.0,0.0024074896999999994,0.9975925103,0.09999999999999998
ViSmish_01150,1,1,0.9996265,True,1.0,paraphrased,Dịch vụ công giả,1.0,0.99810379,0.0018962099999999538,0.09999999999999998
ViSmish_01151,0,0,0.999255,True,1.0,real,Viễn thông,1.0,0.0026578209999999994,0.997342179,0.09999999999999998
ViSmish_01152,0,0,0.9994331,True,1.0,synthetic,Vận chuyển,1.0,0.0023262334999999993,0.9976737665,0.09999999999999998
ViSmish_01154,1,1,0.99961686,True,1.0,paraphrased,Đòi nợ / Đe dọa,1.0,0.998079795,0.0019202050000000082,0.09999999999999998
ViSmish_01158,1,1,0.9995963,True,1.0,paraphrased,Cờ bạc / Betting,1.0,0.99802987,0.0019701300000000144,0.09999999999999998
ViSmish_01159,1,1,0.99961406,True,1.0,paraphrased,Dịch vụ công giả,1.0,0.998072743,0.00192725699999996,0.09999999999999998
ViSmish_01160,1,1,0.9995859,True,1.0,paraphrased,Nội dung nhạy cảm,1.0,0.998005265,0.0019947350000000252,0.09999999999999998
ViSmish_01161,0,0,0.99935085,True,1.0,real,Quảng cáo hợp lệ,1.0,0.0024853227999999997,0.9975146772,0.09999999999999998
ViSmish_01162,0,0,0.99919635,True,1.0,synthetic,Dịch vụ công thật,1.0,0.0027577828999999997,0.9972422171,0.09999999999999998
ViSmish_01163,0,0,0.9994752,True,1.0,real,Khác,1.0,0.0022401723999999996,0.9977598276,0.09999999999999998
ViSmish_01164,1,1,0.9996111,True,1.0,paraphrased,Crypto / Đầu tư giả,1.0,0.99806548,0.0019345200000000506,0.09999999999999998
ViSmish_01165,1,1,0.9995908,True,1.0,paraphrased,Nội dung nhạy cảm,1.0,0.99801681,0.0019831900000000235,0.09999999999999998
ViSmish_01166,1,1,0.99960953,True,1.0,paraphrased,BHXH / Trợ cấp giả,1.0,0.998061943,0.0019380570000000485,0.09999999999999998
ViSmish_01167,0,0,0.9994466,True,1.0,external_real,P2P hội thoại thông thường,1.0,0.0022990665999999996,0.9977009334,0.09999999999999998
ViSmish_01170,1,1,0.9995498,True,1.0,paraphrased,Crypto / Đầu tư giả,1.0,0.997921777,0.0020782230000000457,0.09999999999999998
ViSmish_01171,1,1,0.9995414,True,1.0,paraphrased,Đòi nợ / Đe dọa,1.0,0.997902757,0.0020972430000000264,0.09999999999999998
ViSmish_01172,1,1,0.9996107,True,1.0,paraphrased,BHXH / Trợ cấp giả,1.0,0.99806465,0.0019353500000000023,0.09999999999999998
ViSmish_01173,0,0,0.9994665,True,1.0,real,Khác,1.0,0.0022582589999999994,0.997741741,0.09999999999999998
ViSmish_01174,1,1,0.99931884,True,1.0,real,Cờ bạc / Betting,1.0,0.9974556,0.002544400000000002,0.09999999999999998
ViSmish_01175,0,0,0.9994479,True,1.0,synthetic,Tin nhắn cá nhân và OTP,1.0,0.0022964266999999997,0.9977035733,0.09999999999999998
ViSmish_01176,1,1,0.9995834,True,1.0,paraphrased,BHXH / Trợ cấp giả,1.0,0.997999394,0.0020006059999999604,0.09999999999999998
ViSmish_01180,0,0,0.9988404,True,1.0,external_real,P2P hội thoại thông thường,1.0,0.0032950665999999995,0.9967049334,0.09999999999999998
ViSmish_01181,0,0,0.99945337,True,1.0,external_real,P2P hội thoại thông thường,1.0,0.0022853279999999997,0.997714672,0.09999999999999998
ViSmish_01183,0,0,0.9994917,True,1.0,synthetic,Dịch vụ y tế,1.0,0.0022053499999999996,0.99779465,0.09999999999999998
ViSmish_01184,0,0,0.99950767,True,1.0,synthetic,Thương mại điện tử,1.0,0.0021711169999999993,0.997828883,0.09999999999999998
ViSmish_01187,1,1,0.9995952,True,1.0,paraphrased,Đòi nợ / Đe dọa,1.0,0.99802731,0.001972689999999999,0.09999999999999998
ViSmish_01188,0,0,0.999438,True,1.0,real,Ngân hàng thật,1.0,0.0023164749999999997,0.997683525,0.09999999999999998
ViSmish_01189,1,1,0.9994727,True,1.0,synthetic_hard_negative,Đòi nợ / Đe dọa,1.0,0.997754693,0.0022453070000000297,0.09999999999999998
ViSmish_01191,1,1,0.99960846,True,1.0,paraphrased,Cờ bạc / Betting,1.0,0.998059225,0.0019407750000000057,0.09999999999999998
ViSmish_01192,1,1,0.9996153,True,1.0,paraphrased,Tuyển dụng giả,1.0,0.99807608,0.0019239199999999679,0.09999999999999998
ViSmish_01193,1,1,0.99962664,True,1.0,paraphrased,BHXH / Trợ cấp giả,1.0,0.99810417,0.0018958300000000428,0.09999999999999998
ViSmish_01195,1,1,0.9996061,True,1.0,paraphrased,Cờ bạc / Betting,1.0,0.99805331,0.0019466900000000287,0.09999999999999998
ViSmish_01196,1,1,0.9995932,True,1.0,paraphrased,BHXH / Trợ cấp giả,1.0,0.99802239,0.001977609999999963,0.09999999999999998
ViSmish_01198,0,0,0.9994512,True,1.0,synthetic,Tin nhắn cá nhân và OTP,1.0,0.002289492799999999,0.9977105072,0.09999999999999998
ViSmish_01200,0,0,0.9994741,True,1.0,synthetic,Tin nhắn cá nhân và OTP,1.0,0.0022425179999999993,0.997757482,0.09999999999999998
ViSmish_01201,1,1,0.9995677,True,1.0,paraphrased,Dịch vụ công giả,1.0,0.9979627,0.0020373000000000197,0.09999999999999998
ViSmish_01202,1,1,0.99949694,True,1.0,real,Crypto / Đầu tư giả,1.0,0.99780579,0.0021942099999999742,0.09999999999999998
ViSmish_01206,0,0,0.99946254,True,1.0,real,Tin nhắn cá nhân và OTP,1.0,0.0022663343999999993,0.9977336656,0.09999999999999998
ViSmish_01207,0,0,0.99937856,True,1.0,real,Viễn thông,1.0,0.0024330166999999995,0.9975669833,0.09999999999999998
ViSmish_01208,1,1,0.99956304,True,1.0,paraphrased,BHXH / Trợ cấp giả,1.0,0.99795192,0.0020480800000000077,0.09999999999999998
ViSmish_01211,1,1,0.99962056,True,1.0,paraphrased,Dịch vụ công giả,1.0,0.99808899,0.0019110100000000463,0.09999999999999998
ViSmish_01214,1,1,0.99954224,True,1.0,paraphrased,Đòi nợ / Đe dọa,1.0,0.99790476,0.0020952400000000537,0.09999999999999998
ViSmish_01216,1,1,0.9995302,True,1.0,paraphrased,Crypto / Đầu tư giả,1.0,0.99787795,0.0021220499999999864,0.09999999999999998
ViSmish_01218,1,1,0.9995141,True,1.0,synthetic_hard_negative,Giả mạo ngân hàng,1.0,0.99784282,0.0021571799999999808,0.09999999999999998
ViSmish_01219,0,0,0.9994106,True,1.0,synthetic,Dịch vụ y tế,1.0,0.0023709587999999997,0.9976290412,0.09999999999999998
ViSmish_01220,1,1,0.9996107,True,1.0,paraphrased,Đòi nợ / Đe dọa,1.0,0.99806474,0.0019352599999999942,0.09999999999999998
ViSmish_01221,0,0,0.9994836,True,1.0,synthetic,Vận chuyển,1.0,0.0022225857,0.9977774143,0.09999999999999998
ViSmish_01223,0,0,0.999483,True,1.0,synthetic,Thương mại điện tử,1.0,0.0022237879999999995,0.997776212,0.09999999999999998
ViSmish_01224,1,1,0.999308,True,1.0,paraphrased,Cờ bạc / Betting,1.0,0.997436,0.0025640000000000107,0.09999999999999998
ViSmish_01225,1,1,0.999627,True,1.0,paraphrased,Nội dung nhạy cảm,1.0,0.998105055,0.0018949449999999812,0.09999999999999998
ViSmish_01226,0,0,0.9994779,True,1.0,synthetic,Vận chuyển,1.0,0.0022343686,0.9977656314,0.09999999999999998
ViSmish_01229,1,1,0.9994879,True,1.0,synthetic_hard_negative,Dịch vụ công giả,1.0,0.997786635,0.0022133650000000227,0.09999999999999998
ViSmish_01230,0,0,0.99946696,True,1.0,synthetic,Thương mại điện tử,1.0,0.0022572485999999992,0.9977427514,0.09999999999999998
ViSmish_01232,1,1,0.9996043,True,1.0,paraphrased,Dịch vụ công giả,1.0,0.9980491,0.0019508999999999777,0.09999999999999998
ViSmish_01234,1,1,0.99960667,True,1.0,paraphrased,Crypto / Đầu tư giả,1.0,0.998054767,0.0019452330000000462,0.09999999999999998
ViSmish_01236,1,1,0.99942744,True,1.0,paraphrased,Cờ bạc / Betting,1.0,0.99766233,0.0023376699999999584,0.09999999999999998
ViSmish_01238,1,1,0.9996131,True,1.0,paraphrased,Nội dung nhạy cảm,1.0,0.9980706,0.00192939999999997,0.09999999999999998
ViSmish_01239,0,0,0.99945074,True,1.0,synthetic,Tin nhắn cá nhân và OTP,1.0,0.0022904484999999994,0.9977095515,0.09999999999999998
ViSmish_01241,1,1,0.9996123,True,1.0,paraphrased,Dịch vụ công giả,1.0,0.99806857,0.0019314299999999562,0.09999999999999998
ViSmish_01242,0,0,0.99936956,True,1.0,synthetic,Ngân hàng thật,1.0,0.0024500432999999995,0.9975499567,0.09999999999999998
ViSmish_01243,1,1,0.9995852,True,1.0,paraphrased,Nội dung nhạy cảm,1.0,0.99800362,0.00199638000000002,0.09999999999999998
ViSmish_01244,1,1,0.9996202,True,1.0,paraphrased,Crypto / Đầu tư giả,1.0,0.99808822,0.0019117800000000296,0.09999999999999998
ViSmish_01245,0,0,0.99937516,True,1.0,real,Quảng cáo hợp lệ,1.0,0.0024394250999999994,0.9975605749,0.09999999999999998
ViSmish_01246,1,1,0.99958295,True,1.0,paraphrased,Nội dung nhạy cảm,1.0,0.997998327,0.0020016729999999816,0.09999999999999998
ViSmish_01248,1,1,0.99961925,True,1.0,paraphrased,Tuyển dụng giả,1.0,0.99808585,0.0019141499999999478,0.09999999999999998
ViSmish_01250,1,1,0.99960214,True,1.0,paraphrased,Dịch vụ công giả,1.0,0.99804388,0.0019561200000000056,0.09999999999999998
ViSmish_01251,0,0,0.99948114,True,1.0,synthetic,Viễn thông,1.0,0.0022277334999999993,0.9977722665,0.09999999999999998
ViSmish_01252,0,0,0.99947625,True,1.0,synthetic,Vận chuyển,1.0,0.0022378939999999994,0.997762106,0.09999999999999998
ViSmish_01253,1,1,0.99962413,True,1.0,paraphrased,Tuyển dụng giả,1.0,0.998097813,0.0019021869999999996,0.09999999999999998
ViSmish_01254,1,1,0.99962103,True,1.0,paraphrased,Dịch vụ công giả,1.0,0.998090154,0.0019098459999999928,0.09999999999999998
ViSmish_01255,0,0,0.99946743,True,1.0,real,Khác,1.0,0.0022564000999999996,0.9977435999,0.09999999999999998
ViSmish_01258,1,1,0.9996166,True,1.0,paraphrased,Tuyển dụng giả,1.0,0.99807936,0.001920640000000029,0.09999999999999998
ViSmish_01259,0,0,0.9993789,True,1.0,real,Viễn thông,1.0,0.0024321311999999998,0.9975678688,0.09999999999999998
ViSmish_01260,0,0,0.9994629,True,1.0,synthetic,Dịch vụ y tế,1.0,0.0022657045999999997,0.9977342954,0.09999999999999998
ViSmish_01261,0,0,0.9994579,True,1.0,synthetic,Tin nhắn cá nhân và OTP,1.0,0.0022758360999999994,0.9977241639,0.09999999999999998
ViSmish_01262,0,0,0.9993654,True,1.0,synthetic,Quảng cáo hợp lệ,1.0,0.0024580930999999993,0.9975419069,0.09999999999999998
ViSmish_01263,1,1,0.9996176,True,1.0,paraphrased,Đòi nợ / Đe dọa,1.0,0.998081505,0.0019184949999999645,0.09999999999999998
ViSmish_01264,1,1,0.9994837,True,1.0,synthetic_hard_negative,Khác,1.0,0.997777873,0.002222127000000018,0.09999999999999998
ViSmish_01265,1,1,0.999632,True,1.0,paraphrased,Tuyển dụng giả,1.0,0.99811756,0.0018824400000000407,0.09999999999999998
ViSmish_01266,0,0,0.99944276,True,1.0,synthetic,Ngân hàng thật,1.0,0.0023068578999999993,0.9976931421,0.09999999999999998
ViSmish_01267,0,0,0.9993431,True,1.0,real,Viễn thông,1.0,0.0024998414999999993,0.9975001585,0.09999999999999998
ViSmish_01270,1,1,0.9994985,True,1.0,paraphrased,Crypto / Đầu tư giả,1.0,0.99780899,0.0021910099999999932,0.09999999999999998
ViSmish_01271,1,1,0.99943703,True,1.0,paraphrased,Crypto / Đầu tư giả,1.0,0.997681797,0.002318202999999963,0.09999999999999998
ViSmish_01274,0,0,0.99945873,True,1.0,synthetic,Tin nhắn cá nhân và OTP,1.0,0.0022743569999999994,0.997725643,0.09999999999999998
ViSmish_01275,1,1,0.999574,True,1.0,paraphrased,Giả mạo ngân hàng,1.0,0.99797727,0.0020227299999999726,0.09999999999999998
ViSmish_01277,1,1,0.9996197,True,1.0,paraphrased,Đòi nợ / Đe dọa,1.0,0.998086953,0.0019130469999999455,0.09999999999999998
ViSmish_01279,1,1,0.99961805,True,1.0,paraphrased,Nội dung nhạy cảm,1.0,0.998082906,0.0019170939999999526,0.09999999999999998
ViSmish_01281,1,1,0.9996137,True,1.0,paraphrased,Dịch vụ công giả,1.0,0.998071873,0.0019281270000000017,0.09999999999999998
ViSmish_01283,1,1,0.99961096,True,1.0,paraphrased,Giả mạo ngân hàng,1.0,0.9980651700000001,0.001934829999999943,0.09999999999999998
ViSmish_01286,1,1,0.99954104,True,1.0,paraphrased,Crypto / Đầu tư giả,1.0,0.99790218,0.002097820000000028,0.09999999999999998
ViSmish_01287,1,1,0.999551,True,1.0,synthetic_hard_negative,Khác,1.0,0.997924656,0.002075343999999979,0.09999999999999998
ViSmish_01288,0,0,0.99930596,True,1.0,real,Viễn thông,1.0,0.0025677371999999993,0.9974322628,0.09999999999999998
ViSmish_01290,1,1,0.99962175,True,1.0,paraphrased,Crypto / Đầu tư giả,1.0,0.99809187,0.0019081300000000079,0.09999999999999998
ViSmish_01292,1,1,0.99961853,True,1.0,paraphrased,Crypto / Đầu tư giả,1.0,0.998084,0.0019160000000000288,0.09999999999999998
ViSmish_01293,1,1,0.9995926,True,1.0,paraphrased,Đòi nợ / Đe dọa,1.0,0.99802116,0.0019788400000000372,0.09999999999999998
ViSmish_01294,1,1,0.99962306,True,1.0,paraphrased,Nội dung nhạy cảm,1.0,0.9980951849999999,0.0019048150000000597,0.09999999999999998
ViSmish_01295,1,1,0.9995789,True,1.0,synthetic_hard_negative,Crypto / Đầu tư giả,1.0,0.997988826,0.002011173999999949,0.09999999999999998
ViSmish_01296,0,0,0.9992281,True,1.0,real,Viễn thông,1.0,0.002704252299999999,0.9972957477,0.09999999999999998
ViSmish_01298,0,0,0.9993395,True,1.0,real,Viễn thông,1.0,0.0025062800999999992,0.9974937199,0.09999999999999998
ViSmish_01300,0,0,0.9994106,True,1.0,synthetic,Quảng cáo hợp lệ,1.0,0.0023709581999999995,0.9976290418,0.09999999999999998
ViSmish_01301,0,0,0.9993229,True,1.0,synthetic,Thương mại điện tử,1.0,0.0025369742999999997,0.9974630257,0.09999999999999998
ViSmish_01302,1,1,0.99944896,True,1.0,paraphrased,Đòi nợ / Đe dọa,1.0,0.99770577,0.0022942299999999527,0.09999999999999998
ViSmish_01303,0,0,0.99942064,True,1.0,synthetic,Tin nhắn cá nhân và OTP,1.0,0.0023510449999999995,0.997648955,0.09999999999999998
ViSmish_01305,1,1,0.99961215,True,1.0,paraphrased,Cờ bạc / Betting,1.0,0.99806815,0.0019318499999999572,0.09999999999999998
ViSmish_01307,0,0,0.99946374,True,1.0,real,Viễn thông,1.0,0.002263962099999999,0.9977360379,0.09999999999999998
ViSmish_01308,1,1,0.99960774,True,1.0,paraphrased,Đòi nợ / Đe dọa,1.0,0.99805752,0.0019424799999999687,0.09999999999999998
ViSmish_01310,1,1,0.9994655,True,1.0,real,Giả mạo ngân hàng,1.0,0.99773974,0.002260260000000014,0.09999999999999998
ViSmish_01311,0,0,0.9994702,True,1.0,real,Viễn thông,1.0,0.0022507411999999997,0.9977492588,0.09999999999999998
ViSmish_01312,1,1,0.9996101,True,1.0,paraphrased,Cờ bạc / Betting,1.0,0.998063236,0.0019367639999999797,0.09999999999999998
ViSmish_01313,1,1,0.99959046,True,1.0,paraphrased,BHXH / Trợ cấp giả,1.0,0.998015904,0.0019840960000000463,0.09999999999999998
ViSmish_01314,0,0,0.9993641,True,1.0,external_curated,P2P hard negative,1.0,0.0024603989999999994,0.997539601,0.09999999999999998
ViSmish_01315,1,1,0.9996234,True,1.0,paraphrased,Đòi nợ / Đe dọa,1.0,0.99809614,0.0019038599999999795,0.09999999999999998
ViSmish_01316,1,1,0.9996289,True,1.0,paraphrased,BHXH / Trợ cấp giả,1.0,0.998109794,0.0018902060000000054,0.09999999999999998
ViSmish_01318,1,1,0.9995402,True,1.0,paraphrased,Crypto / Đầu tư giả,1.0,0.997900224,0.0020997759999999976,0.09999999999999998
ViSmish_01319,0,0,0.99945277,True,1.0,external_real,P2P hội thoại thông thường,1.0,0.0022865203999999995,0.9977134796,0.09999999999999998
ViSmish_01320,0,0,0.9994789,True,1.0,synthetic,Viễn thông,1.0,0.0022324662999999995,0.9977675337,0.09999999999999998
ViSmish_01321,1,1,0.9996182,True,1.0,paraphrased,Cờ bạc / Betting,1.0,0.9980830430000001,0.0019169569999999414,0.09999999999999998
ViSmish_01322,1,1,0.99961287,True,1.0,paraphrased,Crypto / Đầu tư giả,1.0,0.9980699239999999,0.0019300760000000583,0.09999999999999998
ViSmish_01323,1,1,0.99961615,True,1.0,paraphrased,Đòi nợ / Đe dọa,1.0,0.99807802,0.0019219799999999898,0.09999999999999998
ViSmish_01324,0,0,0.999401,True,1.0,real,Viễn thông,1.0,0.0023897625999999995,0.9976102374,0.09999999999999998
ViSmish_01326,0,0,0.9994431,True,1.0,synthetic,Viễn thông,1.0,0.0023060745999999993,0.9976939254,0.09999999999999998
ViSmish_01328,1,1,0.9996159,True,1.0,paraphrased,Đòi nợ / Đe dọa,1.0,0.998077524,0.0019224759999999508,0.09999999999999998
ViSmish_01330,0,0,0.9994454,True,1.0,real,Viễn thông,1.0,0.0023013805999999998,0.9976986194,0.09999999999999998
ViSmish_01331,0,0,0.99948764,True,1.0,real,Tin nhắn cá nhân và OTP,1.0,0.0022140526999999996,0.9977859473,0.09999999999999998
ViSmish_01334,0,0,0.999332,True,1.0,synthetic,Quảng cáo hợp lệ,1.0,0.0025201797,0.9974798203,0.09999999999999998
ViSmish_01335,0,0,0.9994885,True,1.0,synthetic,Vận chuyển,1.0,0.0022120868999999997,0.9977879131,0.09999999999999998
ViSmish_01337,1,1,0.9996019,True,1.0,paraphrased,Crypto / Đầu tư giả,1.0,0.99804326,0.0019567400000000124,0.09999999999999998
ViSmish_01339,1,1,0.99953365,True,1.0,synthetic_hard_negative,BHXH / Trợ cấp giả,1.0,0.99788553,0.0021144699999999794,0.09999999999999998
ViSmish_01340,0,0,0.999458,True,1.0,synthetic,Dịch vụ y tế,1.0,0.0022756827999999996,0.9977243172,0.09999999999999998
ViSmish_01342,1,1,0.99942255,True,1.0,synthetic_hard_negative,Đòi nợ / Đe dọa,1.0,0.99765261,0.0023473899999999492,0.09999999999999998
ViSmish_01344,1,1,0.9996215,True,1.0,paraphrased,Nội dung nhạy cảm,1.0,0.998091346,0.0019086539999999541,0.09999999999999998
ViSmish_01345,1,1,0.9996074,True,1.0,paraphrased,Nội dung nhạy cảm,1.0,0.9980566399999999,0.0019433600000000606,0.09999999999999998
ViSmish_01346,1,1,0.9996037,True,1.0,paraphrased,Giả mạo ngân hàng,1.0,0.99804771,0.0019522899999999677,0.09999999999999998
ViSmish_01347,1,1,0.99946004,True,1.0,synthetic_hard_negative,Khác,1.0,0.997728515,0.002271484999999962,0.09999999999999998
ViSmish_01350,1,1,0.999617,True,1.0,paraphrased,Đòi nợ / Đe dọa,1.0,0.9980802,0.001919800000000027,0.09999999999999998
ViSmish_01352,1,1,0.9996057,True,1.0,paraphrased,Đòi nợ / Đe dọa,1.0,0.998052615,0.0019473850000000237,0.09999999999999998
ViSmish_01353,1,1,0.99910283,True,1.0,paraphrased,BHXH / Trợ cấp giả,1.0,0.99709047,0.002909530000000049,0.09999999999999998
ViSmish_01354,1,1,0.9995629,True,1.0,paraphrased,Đòi nợ / Đe dọa,1.0,0.99795163,0.0020483700000000216,0.09999999999999998
ViSmish_01355,0,0,0.99940634,True,1.0,real,Quảng cáo hợp lệ,1.0,0.0023792335999999995,0.9976207664,0.09999999999999998
ViSmish_01356,1,1,0.99957865,True,1.0,paraphrased,Crypto / Đầu tư giả,1.0,0.997988325,0.0020116749999999906,0.09999999999999998
ViSmish_01357,1,1,0.9996113,True,1.0,paraphrased,Đòi nợ / Đe dọa,1.0,0.99806615,0.0019338500000000147,0.09999999999999998
ViSmish_01358,1,1,0.99957424,True,1.0,paraphrased,Cờ bạc / Betting,1.0,0.997977877,0.0020221230000000423,0.09999999999999998
ViSmish_01359,1,1,0.9995896,True,1.0,paraphrased,Cờ bạc / Betting,1.0,0.9980141,0.001985899999999985,0.09999999999999998
ViSmish_01360,1,1,0.9996282,True,1.0,paraphrased,Dịch vụ công giả,1.0,0.99810798,0.0018920199999999943,0.09999999999999998
ViSmish_01362,0,0,0.9990773,True,1.0,real,Viễn thông,1.0,0.0029492822999999994,0.9970507177,0.09999999999999998
ViSmish_01363,0,0,0.99948114,True,1.0,synthetic,Ngân hàng thật,1.0,0.0022278153999999994,0.9977721846000001,0.09999999999999998
ViSmish_01364,0,0,0.99924755,True,1.0,external_curated,P2P hard negative,1.0,0.0026708226999999996,0.9973291773,0.09999999999999998
ViSmish_01366,0,0,0.9992981,True,1.0,synthetic,Dịch vụ công thật,1.0,0.0025818064999999996,0.9974181935,0.09999999999999998
ViSmish_01367,0,0,0.9994561,True,1.0,external_real,P2P hội thoại thông thường,1.0,0.0022797131999999997,0.9977202868,0.09999999999999998
ViSmish_01368,1,1,0.9996263,True,1.0,paraphrased,Giả mạo ngân hàng,1.0,0.998103034,0.001896966,0.09999999999999998
ViSmish_01369,1,1,0.9996221,True,1.0,paraphrased,Dịch vụ công giả,1.0,0.99809269,0.0019073099999999954,0.09999999999999998
ViSmish_01372,0,0,0.99927944,True,1.0,external_real,P2P hội thoại thông thường,1.0,0.0026151498999999996,0.9973848501,0.09999999999999998
ViSmish_01373,1,1,0.999495,True,1.0,paraphrased,Đòi nợ / Đe dọa,1.0,0.997801834,0.0021981660000000014,0.09999999999999998
ViSmish_01374,0,0,0.99946517,True,1.0,real,Viễn thông,1.0,0.0022609540999999995,0.9977390459,0.09999999999999998
ViSmish_01377,0,0,0.9993993,True,1.0,real,Viễn thông,1.0,0.0023929036999999994,0.9976070963,0.09999999999999998
ViSmish_01378,1,1,0.99959797,True,1.0,paraphrased,Nội dung nhạy cảm,1.0,0.99803382,0.0019661800000000396,0.09999999999999998
ViSmish_01380,0,0,0.99945325,True,1.0,real,Khác,1.0,0.0022855635999999993,0.9977144364,0.09999999999999998
ViSmish_01382,0,0,0.99946576,True,1.0,real,Viễn thông,1.0,0.0022597444999999995,0.9977402555,0.09999999999999998
ViSmish_01383,1,1,0.9996327,True,1.0,paraphrased,Cờ bạc / Betting,1.0,0.99811917,0.0018808299999999445,0.09999999999999998
ViSmish_01386,1,1,0.9994844,True,1.0,synthetic_hard_negative,Tuyển dụng giả,1.0,0.997779226,0.002220773999999981,0.09999999999999998
ViSmish_01387,1,1,0.99945074,True,1.0,paraphrased,Crypto / Đầu tư giả,1.0,0.997709423,0.002290577000000016,0.09999999999999998
ViSmish_01389,1,1,0.99961156,True,1.0,paraphrased,Dịch vụ công giả,1.0,0.99806682,0.0019331799999999788,0.09999999999999998
ViSmish_01390,0,0,0.9994221,True,1.0,external_real,P2P hội thoại thông thường,1.0,0.0023483944999999995,0.9976516055,0.09999999999999998
ViSmish_01392,1,1,0.8811249,True,1.0,real,Đòi nợ / Đe dọa,1.0,0.97313658,0.02686341999999997,0.09999999999999998
ViSmish_01393,0,0,0.9993186,True,1.0,external_curated,P2P hard negative,1.0,0.0025448461999999995,0.9974551538,0.09999999999999998
ViSmish_01394,1,1,0.9996152,True,1.0,paraphrased,Nội dung nhạy cảm,1.0,0.99807585,0.0019241500000000133,0.09999999999999998
ViSmish_01396,0,0,0.9994548,True,1.0,real,Tin nhắn cá nhân và OTP,1.0,0.0022821926999999995,0.9977178073,0.09999999999999998
ViSmish_01400,0,0,0.9994512,True,1.0,synthetic,Dịch vụ y tế,1.0,0.0022895654999999997,0.9977104345,0.09999999999999998
ViSmish_01402,1,1,0.9996313,True,1.0,paraphrased,BHXH / Trợ cấp giả,1.0,0.99811561,0.001884389999999958,0.09999999999999998
ViSmish_01403,0,0,0.9994773,True,1.0,synthetic,Dịch vụ y tế,1.0,0.0022357629999999996,0.997764237,0.09999999999999998
ViSmish_01405,1,1,0.9996,True,1.0,paraphrased,Cờ bạc / Betting,1.0,0.99803874,0.0019612599999999647,0.09999999999999998
ViSmish_01406,0,0,0.9992017,True,1.0,external_curated,P2P hard negative,1.0,0.0027488223999999994,0.9972511776,0.09999999999999998
ViSmish_01408,1,1,0.999617,True,1.0,paraphrased,Crypto / Đầu tư giả,1.0,0.99808024,0.001919760000000048,0.09999999999999998
ViSmish_01410,1,1,0.9996165,True,1.0,paraphrased,Đòi nợ / Đe dọa,1.0,0.998079073,0.0019209270000000167,0.09999999999999998
ViSmish_01411,0,0,0.99947494,True,1.0,synthetic,Ngân hàng thật,1.0,0.0022405994999999995,0.9977594005,0.09999999999999998
ViSmish_01412,1,1,0.9996164,True,1.0,paraphrased,Đòi nợ / Đe dọa,1.0,0.99807864,0.001921359999999983,0.09999999999999998
ViSmish_01413,0,0,0.9994567,True,1.0,external_curated,P2P hard negative,1.0,0.0022783813999999996,0.9977216186,0.09999999999999998
ViSmish_01415,1,1,0.99962974,True,1.0,paraphrased,Giả mạo ngân hàng,1.0,0.99811173,0.0018882700000000252,0.09999999999999998
ViSmish_01416,1,1,0.9995239,True,1.0,paraphrased,Crypto / Đầu tư giả,1.0,0.99786402,0.0021359800000000373,0.09999999999999998
ViSmish_01417,1,1,0.9995907,True,1.0,paraphrased,Crypto / Đầu tư giả,1.0,0.9980164499999999,0.001983550000000056,0.09999999999999998
ViSmish_01418,1,1,0.99960667,True,1.0,paraphrased,Crypto / Đầu tư giả,1.0,0.99805486,0.0019451400000000119,0.09999999999999998
ViSmish_01420,1,1,0.9996123,True,1.0,paraphrased,Giả mạo ngân hàng,1.0,0.99806842,0.0019315800000000438,0.09999999999999998
ViSmish_01421,1,1,0.9995807,True,1.0,synthetic_hard_negative,Tuyển dụng giả,1.0,0.997992814,0.0020071860000000497,0.09999999999999998
ViSmish_01424,1,1,0.9996138,True,1.0,paraphrased,Crypto / Đầu tư giả,1.0,0.998072433,0.0019275669999999634,0.09999999999999998
ViSmish_01426,1,1,0.99961925,True,1.0,paraphrased,Cờ bạc / Betting,1.0,0.9980859,0.0019141000000000297,0.09999999999999998
ViSmish_01428,0,0,0.99943286,True,1.0,synthetic,Tin nhắn cá nhân và OTP,1.0,0.0023266629999999996,0.997673337,0.09999999999999998
ViSmish_01429,0,0,0.99929047,True,1.0,real,Khác,1.0,0.0025953399999999994,0.99740466,0.09999999999999998
ViSmish_01430,0,0,0.99945873,True,1.0,real,Tin nhắn cá nhân và OTP,1.0,0.0022741144999999996,0.9977258855,0.09999999999999998
ViSmish_01434,0,0,0.99925274,True,1.0,synthetic,Thương mại điện tử,1.0,0.0026617964999999994,0.9973382035,0.09999999999999998
ViSmish_01435,1,1,0.9996197,True,1.0,paraphrased,BHXH / Trợ cấp giả,1.0,0.998086905,0.0019130950000000313,0.09999999999999998
ViSmish_01436,1,1,0.9996203,True,1.0,paraphrased,Tuyển dụng giả,1.0,0.99808847,0.0019115299999999946,0.09999999999999998
ViSmish_01437,1,1,0.9996216,True,1.0,paraphrased,Tuyển dụng giả,1.0,0.998091596,0.0019084040000000302,0.09999999999999998
ViSmish_01439,0,0,0.9993722,True,1.0,synthetic,Tin nhắn cá nhân và OTP,1.0,0.0024452205999999995,0.9975547794,0.09999999999999998
ViSmish_01440,1,1,0.9996113,True,1.0,paraphrased,Cờ bạc / Betting,1.0,0.99806623,0.0019337699999999458,0.09999999999999998
ViSmish_01441,1,1,0.9996227,True,1.0,paraphrased,Tuyển dụng giả,1.0,0.998094326,0.0019056739999999683,0.09999999999999998
ViSmish_01442,0,0,0.99947554,True,1.0,synthetic,Viễn thông,1.0,0.0022395591999999995,0.9977604408,0.09999999999999998
ViSmish_01444,1,1,0.99962175,True,1.0,paraphrased,Cờ bạc / Betting,1.0,0.99809207,0.0019079300000000021,0.09999999999999998
ViSmish_01445,1,1,0.9995604,True,1.0,paraphrased,Đòi nợ / Đe dọa,1.0,0.997946084,0.0020539160000000445,0.09999999999999998
ViSmish_01446,0,0,0.9980579,True,1.0,external_curated,P2P hard negative,1.0,0.004224879299999999,0.9957751207,0.09999999999999998
ViSmish_01447,1,1,0.9995932,True,1.0,paraphrased,BHXH / Trợ cấp giả,1.0,0.99802263,0.0019773699999999783,0.09999999999999998
ViSmish_01449,0,0,0.999453,True,1.0,synthetic,Thương mại điện tử,1.0,0.0022860256999999995,0.9977139743,0.09999999999999998
ViSmish_01451,0,0,0.99944097,True,1.0,external_curated,P2P hard negative,1.0,0.0023103797999999994,0.9976896202,0.09999999999999998
ViSmish_01452,0,0,0.9994677,True,1.0,synthetic,Viễn thông,1.0,0.0022558437999999994,0.9977441562,0.09999999999999998
ViSmish_01453,0,0,0.99943525,True,1.0,real,Ngân hàng thật,1.0,0.0023218932999999995,0.9976781067,0.09999999999999998
ViSmish_01454,0,0,0.9994473,True,1.0,synthetic,Quảng cáo hợp lệ,1.0,0.0022974879999999994,0.997702512,0.09999999999999998
ViSmish_01457,1,1,0.9996275,True,1.0,paraphrased,Tuyển dụng giả,1.0,0.99810612,0.0018938800000000144,0.09999999999999998
ViSmish_01458,1,1,0.9996123,True,1.0,paraphrased,Cờ bạc / Betting,1.0,0.998068476,0.0019315239999999623,0.09999999999999998
ViSmish_01459,1,1,0.9996331,True,1.0,paraphrased,Dịch vụ công giả,1.0,0.99812027,0.0018797299999999684,0.09999999999999998
ViSmish_01460,0,0,0.9991806,True,1.0,synthetic,Quảng cáo hợp lệ,1.0,0.0027839596999999993,0.9972160403,0.09999999999999998
ViSmish_01461,0,0,0.9994548,True,1.0,external_curated,P2P hard negative,1.0,0.0022822152999999994,0.9977177847,0.09999999999999998
ViSmish_01463,1,1,0.9995946,True,1.0,paraphrased,Nội dung nhạy cảm,1.0,0.99802596,0.0019740400000000102,0.09999999999999998
ViSmish_01464,1,1,0.9996146,True,1.0,paraphrased,Đòi nợ / Đe dọa,1.0,0.99807422,0.001925779999999988,0.09999999999999998
ViSmish_01465,0,0,0.99939764,True,1.0,synthetic,Ngân hàng thật,1.0,0.0023962949999999997,0.997603705,0.09999999999999998
ViSmish_01466,1,1,0.9996137,True,1.0,paraphrased,Giả mạo ngân hàng,1.0,0.998072135,0.001927864999999973,0.09999999999999998
ViSmish_01467,0,0,0.9993056,True,1.0,real,Viễn thông,1.0,0.0025684013999999994,0.9974315986,0.09999999999999998
ViSmish_01468,0,0,0.9992562,True,1.0,external_real,P2P hội thoại thông thường,1.0,0.0026558019999999996,0.997344198,0.09999999999999998
ViSmish_01469,0,0,0.99930155,True,1.0,external_real,P2P hội thoại thông thường,1.0,0.0025755566999999995,0.9974244433,0.09999999999999998
ViSmish_01470,0,0,0.99933726,True,1.0,external_real,P2P hội thoại thông thường,1.0,0.0025105479999999996,0.997489452,0.09999999999999998
ViSmish_01471,1,1,0.9996209,True,1.0,paraphrased,Đòi nợ / Đe dọa,1.0,0.998089933,0.0019100669999999598,0.09999999999999998
ViSmish_01472,1,1,0.9996247,True,1.0,paraphrased,Đòi nợ / Đe dọa,1.0,0.99809933,0.0019006700000000487,0.09999999999999998
ViSmish_01473,0,0,0.9994824,True,1.0,synthetic,Thương mại điện tử,1.0,0.0022248841999999995,0.9977751158,0.09999999999999998
ViSmish_01474,1,1,0.99962056,True,1.0,paraphrased,BHXH / Trợ cấp giả,1.0,0.99808888,0.001911120000000044,0.09999999999999998
ViSmish_01475,1,1,0.9687589,True,1.0,paraphrased,Cờ bạc / Betting,1.0,0.984775996,0.015224004000000013,0.09999999999999998
ViSmish_01476,1,1,0.9996191,True,1.0,paraphrased,Cờ bạc / Betting,1.0,0.9980854299999999,0.0019145700000000598,0.09999999999999998
ViSmish_01477,0,0,0.9993717,True,1.0,synthetic,Dịch vụ công thật,1.0,0.0024460486999999995,0.9975539513,0.09999999999999998
ViSmish_01478,1,1,0.99957687,True,1.0,paraphrased,Đòi nợ / Đe dọa,1.0,0.997983974,0.0020160259999999486,0.09999999999999998
ViSmish_01480,1,1,0.99961615,True,1.0,paraphrased,Tuyển dụng giả,1.0,0.99807812,0.0019218800000000424,0.09999999999999998
ViSmish_01481,0,0,0.99934953,True,1.0,external_curated,P2P hard negative,1.0,0.002487773299999999,0.9975122267,0.09999999999999998
ViSmish_01482,1,1,0.9996069,True,1.0,paraphrased,Nội dung nhạy cảm,1.0,0.998055524,0.0019444760000000283,0.09999999999999998
ViSmish_01484,1,1,0.9995976,True,1.0,paraphrased,Cờ bạc / Betting,1.0,0.99803315,0.0019668499999999645,0.09999999999999998
ViSmish_01486,0,0,0.9994747,True,1.0,real,Khác,1.0,0.0022412992999999992,0.9977587007,0.09999999999999998
ViSmish_01487,1,1,0.99952936,True,1.0,paraphrased,Cờ bạc / Betting,1.0,0.99787623,0.0021237699999999693,0.09999999999999998
ViSmish_01488,1,1,0.9996253,True,1.0,paraphrased,BHXH / Trợ cấp giả,1.0,0.99810069,0.0018993099999999874,0.09999999999999998
ViSmish_01490,0,0,0.9994124,True,1.0,real,Viễn thông,1.0,0.0023673959999999995,0.997632604,0.09999999999999998
ViSmish_01492,0,0,0.99948066,True,1.0,synthetic,Dịch vụ y tế,1.0,0.0022286276999999993,0.9977713723,0.09999999999999998
ViSmish_01493,0,0,0.9994198,True,1.0,synthetic,Dịch vụ y tế,1.0,0.0023527075999999997,0.9976472924,0.09999999999999998
ViSmish_01494,1,1,0.999574,True,1.0,paraphrased,BHXH / Trợ cấp giả,1.0,0.99797729,0.002022709999999983,0.09999999999999998
ViSmish_01495,0,0,0.9993362,True,1.0,real,Viễn thông,1.0,0.0025124834999999996,0.9974875165,0.09999999999999998
ViSmish_01498,1,1,0.99962723,True,1.0,paraphrased,Dịch vụ công giả,1.0,0.99810558,0.0018944199999999523,0.09999999999999998
ViSmish_01499,1,1,0.9996308,True,1.0,paraphrased,BHXH / Trợ cấp giả,1.0,0.998114395,0.0018856050000000124,0.09999999999999998
ViSmish_01500,1,1,0.9995939,True,1.0,paraphrased,Nội dung nhạy cảm,1.0,0.998024094,0.0019759059999999717,0.09999999999999998
ViSmish_01502,1,1,0.99962294,True,1.0,paraphrased,Tuyển dụng giả,1.0,0.99809503,0.0019049700000000058,0.09999999999999998
ViSmish_01503,1,1,0.99963236,True,1.0,paraphrased,Giả mạo ngân hàng,1.0,0.998118514,0.0018814860000000433,0.09999999999999998
ViSmish_01504,1,1,0.99960965,True,1.0,paraphrased,Nội dung nhạy cảm,1.0,0.99806198,0.0019380199999999848,0.09999999999999998
ViSmish_01507,1,1,0.9995797,True,1.0,paraphrased,Nội dung nhạy cảm,1.0,0.99799069,0.002009310000000042,0.09999999999999998
ViSmish_01509,1,1,0.9996013,True,1.0,paraphrased,Nội dung nhạy cảm,1.0,0.998041874,0.0019581260000000045,0.09999999999999998
ViSmish_01510,1,1,0.9996183,True,1.0,paraphrased,Tuyển dụng giả,1.0,0.99808352,0.0019164799999999982,0.09999999999999998
ViSmish_01512,1,1,0.99961203,True,1.0,paraphrased,BHXH / Trợ cấp giả,1.0,0.998067814,0.0019321860000000024,0.09999999999999998
ViSmish_01513,1,1,0.9996307,True,1.0,paraphrased,Dịch vụ công giả,1.0,0.9981142,0.0018858000000000485,0.09999999999999998
ViSmish_01515,1,1,0.9995703,True,1.0,paraphrased,Tuyển dụng giả,1.0,0.997968733,0.0020312670000000033,0.09999999999999998
ViSmish_01516,0,0,0.99948776,True,1.0,synthetic,Vận chuyển,1.0,0.0022136371999999997,0.9977863628,0.09999999999999998
ViSmish_01517,0,0,0.99937207,True,1.0,real,Viễn thông,1.0,0.0024452954999999994,0.9975547045000001,0.09999999999999998
ViSmish_01518,0,0,0.9936213,True,1.0,synthetic,Dịch vụ công thật,1.0,0.007417934399999998,0.9925820656,0.09999999999999998
ViSmish_01519,1,1,0.99960417,True,1.0,paraphrased,Tuyển dụng giả,1.0,0.99804868,0.0019513199999999786,0.09999999999999998
ViSmish_01521,0,0,0.99942446,True,1.0,real,Khác,1.0,0.0023436348999999993,0.9976563651,0.09999999999999998
ViSmish_01522,0,0,0.9994254,True,1.0,synthetic,Ngân hàng thật,1.0,0.0023417528999999993,0.9976582471,0.09999999999999998
ViSmish_01523,0,0,0.9994836,True,1.0,real,Khác,1.0,0.0022224287999999992,0.9977775712,0.09999999999999998
ViSmish_01524,0,0,0.9994642,True,1.0,synthetic,Ngân hàng thật,1.0,0.0022629326,0.9977370674,0.09999999999999998
ViSmish_01526,1,1,0.9996057,True,1.0,paraphrased,Crypto / Đầu tư giả,1.0,0.99805252,0.0019474800000000014,0.09999999999999998
ViSmish_01530,0,0,0.9994899,True,1.0,synthetic,Ngân hàng thật,1.0,0.002209213,0.997790787,0.09999999999999998
ViSmish_01531,1,1,0.9992053,True,1.0,real,Nội dung nhạy cảm,1.0,0.99725706,0.0027429399999999715,0.09999999999999998
ViSmish_01532,1,1,0.9996118,True,1.0,paraphrased,Nội dung nhạy cảm,1.0,0.998067456,0.0019325439999999805,0.09999999999999998
ViSmish_01533,1,1,0.9993863,True,1.0,paraphrased,Cờ bạc / Betting,1.0,0.99758194,0.0024180599999999997,0.09999999999999998
ViSmish_01534,0,0,0.9991646,True,1.0,synthetic,Quảng cáo hợp lệ,1.0,0.0028103012999999995,0.9971896987,0.09999999999999998
ViSmish_01535,0,0,0.9994068,True,1.0,external_real,P2P hội thoại thông thường,1.0,0.002378352699999999,0.9976216473,0.09999999999999998
ViSmish_01537,1,1,0.99956995,True,1.0,paraphrased,Crypto / Đầu tư giả,1.0,0.997968024,0.0020319760000000464,0.09999999999999998
ViSmish_01539,0,0,0.999173,True,1.0,real,Tin nhắn cá nhân và OTP,1.0,0.0027965090999999996,0.9972034909,0.09999999999999998
ViSmish_01540,1,1,0.99950814,True,1.0,synthetic_hard_negative,Khác,1.0,0.99782994,0.0021700599999999737,0.09999999999999998
ViSmish_01541,1,1,0.9996189,True,1.0,paraphrased,Tuyển dụng giả,1.0,0.998084736,0.001915263999999972,0.09999999999999998
ViSmish_01542,0,0,0.9994523,True,1.0,external_curated,P2P hard negative,1.0,0.0022873246999999992,0.9977126753,0.09999999999999998
ViSmish_01547,1,1,0.99960405,True,1.0,paraphrased,Crypto / Đầu tư giả,1.0,0.998048466,0.0019515340000000325,0.09999999999999998
ViSmish_01549,0,0,0.9994696,True,1.0,real,Khác,1.0,0.0022519487999999995,0.9977480512,0.09999999999999998
ViSmish_01551,1,1,0.9996191,True,1.0,paraphrased,Dịch vụ công giả,1.0,0.998085487,0.0019145130000000066,0.09999999999999998
ViSmish_01552,0,0,0.99937576,True,1.0,external_curated,P2P hard negative,1.0,0.0024384159999999992,0.997561584,0.09999999999999998
ViSmish_01556,0,0,0.9994843,True,1.0,real,Dịch vụ công thật,1.0,0.0022210929999999995,0.997778907,0.09999999999999998
ViSmish_01557,0,0,0.9994848,True,1.0,synthetic,Thương mại điện tử,1.0,0.0022200522999999994,0.9977799477,0.09999999999999998
ViSmish_01558,1,1,0.99952435,True,1.0,paraphrased,Đòi nợ / Đe dọa,1.0,0.997865,0.002134999999999998,0.09999999999999998
ViSmish_01562,1,1,0.9996234,True,1.0,paraphrased,Dịch vụ công giả,1.0,0.99809615,0.0019038500000000402,0.09999999999999998
ViSmish_01564,1,1,0.99961543,True,1.0,paraphrased,Tuyển dụng giả,1.0,0.99807649,0.0019235100000000172,0.09999999999999998
ViSmish_01565,1,1,0.99950516,True,1.0,paraphrased,Đòi nợ / Đe dọa,1.0,0.9978234,0.002176599999999973,0.09999999999999998
ViSmish_01567,1,1,0.9995617,True,1.0,paraphrased,BHXH / Trợ cấp giả,1.0,0.99794915,0.0020508500000000485,0.09999999999999998
ViSmish_01568,0,0,0.9994679,True,1.0,synthetic,Dịch vụ công thật,1.0,0.0022552865999999998,0.9977447134,0.09999999999999998
ViSmish_01569,0,0,0.99946994,True,1.0,real,Tin nhắn cá nhân và OTP,1.0,0.0022511245999999995,0.9977488754,0.09999999999999998
ViSmish_01570,1,1,0.9996024,True,1.0,paraphrased,Cờ bạc / Betting,1.0,0.99804448,0.0019555199999999884,0.09999999999999998
ViSmish_01575,0,0,0.99948186,True,1.0,synthetic,Vận chuyển,1.0,0.0022261656999999994,0.9977738343,0.09999999999999998
ViSmish_01576,1,1,0.99961334,True,1.0,paraphrased,Đòi nợ / Đe dọa,1.0,0.99807109,0.0019289099999999504,0.09999999999999998
ViSmish_01578,1,1,0.9996191,True,1.0,paraphrased,Giả mạo ngân hàng,1.0,0.99808554,0.0019144599999999512,0.09999999999999998
ViSmish_01579,1,1,0.99891937,True,1.0,paraphrased,Crypto / Đầu tư giả,1.0,0.99681558,0.0031844199999999656,0.09999999999999998
ViSmish_01581,0,0,0.99933213,True,1.0,external_curated,P2P hard negative,1.0,0.0025200793999999994,0.9974799206,0.09999999999999998
ViSmish_01582,1,1,0.99961495,True,1.0,paraphrased,Giả mạo ngân hàng,1.0,0.99807519,0.001924809999999999,0.09999999999999998
ViSmish_01583,0,0,0.9993668,True,1.0,real,Tin nhắn cá nhân và OTP,1.0,0.0024553298999999995,0.9975446701,0.09999999999999998
ViSmish_01584,1,1,0.9995233,True,1.0,paraphrased,Giả mạo ngân hàng,1.0,0.99786281,0.002137190000000011,0.09999999999999998
ViSmish_01586,0,0,0.99948406,True,1.0,synthetic,Viễn thông,1.0,0.0022214246999999994,0.9977785753,0.09999999999999998
ViSmish_01588,0,0,0.99946684,True,1.0,real,Viễn thông,1.0,0.0022576253999999994,0.9977423746,0.09999999999999998
ViSmish_01590,1,1,0.9995577,True,1.0,synthetic_hard_negative,BHXH / Trợ cấp giả,1.0,0.997939885,0.002060115000000029,0.09999999999999998
ViSmish_01591,1,1,0.99960726,True,1.0,paraphrased,Tuyển dụng giả,1.0,0.99805623,0.0019437700000000113,0.09999999999999998
ViSmish_01593,0,0,0.99940777,True,1.0,synthetic,Ngân hàng thật,1.0,0.0023765662999999993,0.9976234337,0.09999999999999998
ViSmish_01594,1,1,0.9996107,True,1.0,paraphrased,Dịch vụ công giả,1.0,0.99806459,0.0019354099999999708,0.09999999999999998
ViSmish_01595,1,1,0.99960524,True,1.0,paraphrased,Crypto / Đầu tư giả,1.0,0.99805141,0.0019485900000000278,0.09999999999999998
ViSmish_01596,0,0,0.99935263,True,1.0,external_curated,P2P hard negative,1.0,0.0024820090999999995,0.9975179909,0.09999999999999998
ViSmish_01597,1,1,0.9995627,True,1.0,paraphrased,BHXH / Trợ cấp giả,1.0,0.99795107,0.002048929999999949,0.09999999999999998
ViSmish_01598,1,1,0.99957925,True,1.0,paraphrased,Giả mạo ngân hàng,1.0,0.99798962,0.0020103799999999783,0.09999999999999998
ViSmish_01600,1,1,0.99950147,True,1.0,synthetic_hard_negative,Tuyển dụng giả,1.0,0.997815394,0.0021846060000000334,0.09999999999999998
ViSmish_01602,0,0,0.99937576,True,1.0,real,Viễn thông,1.0,0.0024383309999999993,0.997561669,0.09999999999999998
ViSmish_01604,0,0,0.9994821,True,1.0,synthetic,Tin nhắn cá nhân và OTP,1.0,0.0022258115999999996,0.9977741884,0.09999999999999998
ViSmish_01606,1,1,0.99957854,True,1.0,paraphrased,Crypto / Đầu tư giả,1.0,0.997987914,0.002012086000000024,0.09999999999999998
ViSmish_01607,1,1,0.999622,True,1.0,paraphrased,Crypto / Đầu tư giả,1.0,0.9980926,0.0019074000000000035,0.09999999999999998
ViSmish_01608,0,0,0.999474,True,1.0,real,Khác,1.0,0.0022427869999999996,0.997757213,0.09999999999999998
ViSmish_01609,0,0,0.99946016,True,1.0,external_real,P2P hội thoại thông thường,1.0,0.0022713684999999995,0.9977286315,0.09999999999999998
ViSmish_01610,0,0,0.99948186,True,1.0,synthetic,Viễn thông,1.0,0.002226117999999999,0.997773882,0.09999999999999998
ViSmish_01612,1,1,0.9995999,True,1.0,paraphrased,Crypto / Đầu tư giả,1.0,0.998038346,0.001961654000000035,0.09999999999999998
ViSmish_01613,1,1,0.99958235,True,1.0,paraphrased,Crypto / Đầu tư giả,1.0,0.9979967359999999,0.00200326400000006,0.09999999999999998
ViSmish_01616,0,0,0.99940586,True,1.0,real,Quảng cáo hợp lệ,1.0,0.0023802205999999995,0.9976197794,0.09999999999999998
ViSmish_01617,1,1,0.99956816,True,1.0,paraphrased,Crypto / Đầu tư giả,1.0,0.99796393,0.0020360699999999454,0.09999999999999998
ViSmish_01619,0,0,0.99933296,True,1.0,synthetic,Dịch vụ công thật,1.0,0.0025183535999999994,0.9974816464,0.09999999999999998
ViSmish_01621,0,0,0.9994566,True,1.0,synthetic,Tin nhắn cá nhân và OTP,1.0,0.0022785344999999993,0.9977214655,0.09999999999999998
ViSmish_01623,1,1,0.9996171,True,1.0,paraphrased,Crypto / Đầu tư giả,1.0,0.998080516,0.0019194839999999713,0.09999999999999998
ViSmish_01624,1,1,0.9670706,True,1.0,real,Cờ bạc / Betting,1.0,0.984421796,0.015578203999999984,0.09999999999999998
ViSmish_01625,0,0,0.9993886,True,1.0,real,Viễn thông,1.0,0.0024137274999999994,0.9975862725,0.09999999999999998
ViSmish_01627,1,1,0.99962556,True,1.0,paraphrased,Tuyển dụng giả,1.0,0.99810136,0.0018986399999999515,0.09999999999999998
ViSmish_01628,0,0,0.9994727,True,1.0,synthetic,Vận chuyển,1.0,0.0022453806999999993,0.9977546193,0.09999999999999998
ViSmish_01629,0,0,0.9993974,True,1.0,real,Viễn thông,1.0,0.0023967187999999993,0.9976032812,0.09999999999999998
ViSmish_01632,1,1,0.9996118,True,1.0,paraphrased,Tuyển dụng giả,1.0,0.99806732,0.00193268000000002,0.09999999999999998
ViSmish_01633,1,1,0.9996136,True,1.0,paraphrased,BHXH / Trợ cấp giả,1.0,0.9980716000000001,0.0019283999999999413,0.09999999999999998
ViSmish_01634,1,1,0.9996141,True,1.0,paraphrased,Tuyển dụng giả,1.0,0.998073214,0.0019267859999999581,0.09999999999999998
ViSmish_01636,1,1,0.99961734,True,1.0,paraphrased,Đòi nợ / Đe dọa,1.0,0.998081136,0.0019188639999999646,0.09999999999999998
ViSmish_01637,1,1,0.9995233,True,1.0,paraphrased,Đòi nợ / Đe dọa,1.0,0.99786275,0.0021372499999999794,0.09999999999999998
ViSmish_01638,1,1,0.99946827,True,1.0,synthetic_hard_negative,Khác,1.0,0.99774545,0.0022545499999999663,0.09999999999999998
ViSmish_01639,0,0,0.9994147,True,1.0,synthetic,Viễn thông,1.0,0.0023629515999999996,0.9976370484,0.09999999999999998
ViSmish_01640,1,1,0.9995652,True,1.0,paraphrased,Crypto / Đầu tư giả,1.0,0.9979569,0.0020430999999999644,0.09999999999999998
ViSmish_01643,0,0,0.99945956,True,1.0,real,Khác,1.0,0.0022724421999999996,0.9977275578,0.09999999999999998
ViSmish_01644,1,1,0.99962425,True,1.0,paraphrased,BHXH / Trợ cấp giả,1.0,0.998098135,0.0019018650000000026,0.09999999999999998
ViSmish_01646,1,1,0.9995945,True,1.0,paraphrased,BHXH / Trợ cấp giả,1.0,0.99802561,0.0019743899999999925,0.09999999999999998
ViSmish_01647,1,1,0.9996056,True,1.0,paraphrased,Crypto / Đầu tư giả,1.0,0.9980523649999999,0.0019476350000000586,0.09999999999999998
ViSmish_01648,1,1,0.99962306,True,1.0,paraphrased,Đòi nợ / Đe dọa,1.0,0.99809513,0.0019048699999999474,0.09999999999999998
ViSmish_01651,0,0,0.9994754,True,1.0,synthetic,Vận chuyển,1.0,0.0022397567999999993,0.9977602432,0.09999999999999998
ViSmish_01652,0,0,0.999466,True,1.0,synthetic,Tin nhắn cá nhân và OTP,1.0,0.0022592337999999997,0.9977407662,0.09999999999999998
ViSmish_01654,0,0,0.9994399,True,1.0,synthetic,Dịch vụ y tế,1.0,0.0023125204999999995,0.9976874795,0.09999999999999998
ViSmish_01655,0,0,0.9988188,True,1.0,real,Dịch vụ công thật,1.0,0.003324520999999999,0.996675479,0.09999999999999998
ViSmish_01656,1,1,0.99962354,True,1.0,paraphrased,Dịch vụ công giả,1.0,0.99809625,0.0019037499999999818,0.09999999999999998
ViSmish_01659,1,1,0.99961406,True,1.0,paraphrased,Đòi nợ / Đe dọa,1.0,0.998072743,0.00192725699999996,0.09999999999999998
ViSmish_01660,0,0,0.9994361,True,1.0,synthetic,Tin nhắn cá nhân và OTP,1.0,0.0023201191999999995,0.9976798808,0.09999999999999998
ViSmish_01661,0,0,0.9993272,True,1.0,real,Viễn thông,1.0,0.0025290926999999995,0.9974709073,0.09999999999999998
ViSmish_01662,0,0,0.9987185,True,1.0,real,Ngân hàng thật,1.0,0.003458212699999999,0.9965417873,0.09999999999999998
ViSmish_01663,1,1,0.9994106,True,1.0,synthetic_hard_negative,Khác,1.0,0.997629136,0.0023708639999999725,0.09999999999999998
ViSmish_01665,0,0,0.9993954,True,1.0,synthetic,Thương mại điện tử,1.0,0.0024005854999999995,0.9975994145,0.09999999999999998
ViSmish_01667,1,1,0.9996264,True,1.0,paraphrased,Tuyển dụng giả,1.0,0.99810333,0.0018966700000000447,0.09999999999999998
ViSmish_01668,0,0,0.99947876,True,1.0,synthetic,Thương mại điện tử,1.0,0.0022326914999999995,0.9977673085,0.09999999999999998
ViSmish_01670,0,0,0.9994758,True,1.0,synthetic,Viễn thông,1.0,0.0022389476999999996,0.9977610523,0.09999999999999998
ViSmish_01671,0,0,0.99946195,True,1.0,synthetic,Dịch vụ công thật,1.0,0.0022676369999999994,0.997732363,0.09999999999999998
ViSmish_01672,1,1,0.99945265,True,1.0,synthetic_hard_negative,Đòi nợ / Đe dọa,1.0,0.997713315,0.002286684999999955,0.09999999999999998
ViSmish_01673,1,1,0.99960047,True,1.0,paraphrased,Đòi nợ / Đe dọa,1.0,0.99804003,0.001959970000000033,0.09999999999999998
ViSmish_01676,0,0,0.99940443,True,1.0,external_curated,P2P hard negative,1.0,0.0023829519999999994,0.997617048,0.09999999999999998
ViSmish_01677,0,0,0.99940825,True,1.0,synthetic,Dịch vụ y tế,1.0,0.0023755141999999996,0.9976244858,0.09999999999999998
ViSmish_01678,0,0,0.9994117,True,1.0,real,Ngân hàng thật,1.0,0.0023686801999999994,0.9976313198,0.09999999999999998
ViSmish_01680,1,1,0.9996232,True,1.0,paraphrased,Dịch vụ công giả,1.0,0.998095495,0.0019045049999999453,0.09999999999999998
ViSmish_01681,0,0,0.99937457,True,1.0,real,Tin nhắn cá nhân và OTP,1.0,0.0024406862999999997,0.9975593137,0.09999999999999998
ViSmish_01684,1,1,0.9996172,True,1.0,paraphrased,Cờ bạc / Betting,1.0,0.998080796,0.0019192040000000077,0.09999999999999998
ViSmish_01685,1,1,0.9994777,True,1.0,synthetic_hard_negative,Khác,1.0,0.997765017,0.0022349830000000237,0.09999999999999998
ViSmish_01687,1,1,0.999597,True,1.0,paraphrased,Dịch vụ công giả,1.0,0.998031646,0.00196835399999995,0.09999999999999998
ViSmish_01688,1,1,0.9995408,True,1.0,synthetic_hard_negative,Giả mạo ngân hàng,1.0,0.99790151,0.002098489999999953,0.09999999999999998
ViSmish_01690,0,0,0.9988023,True,1.0,real,Tin nhắn cá nhân và OTP,1.0,0.0033469452999999997,0.9966530547,0.09999999999999998
ViSmish_01691,1,1,0.99958175,True,1.0,paraphrased,Cờ bạc / Betting,1.0,0.997995454,0.002004545999999996,0.09999999999999998
ViSmish_01692,1,1,0.9995227,True,1.0,paraphrased,Dịch vụ công giả,1.0,0.99786147,0.002138529999999972,0.09999999999999998
ViSmish_01693,0,0,0.9993067,True,1.0,real,Viễn thông,1.0,0.0025664362999999993,0.9974335637,0.09999999999999998
ViSmish_01694,0,0,0.9994252,True,1.0,external_curated,P2P hard negative,1.0,0.0023422015999999997,0.9976577984,0.09999999999999998
ViSmish_01695,1,1,0.9990231,True,1.0,paraphrased,Cờ bạc / Betting,1.0,0.996967715,0.003032284999999968,0.09999999999999998
ViSmish_01696,0,0,0.99943966,True,1.0,real,Quảng cáo hợp lệ,1.0,0.0023130105999999997,0.9976869894,0.09999999999999998
ViSmish_01698,1,1,0.99959356,True,1.0,paraphrased,Dịch vụ công giả,1.0,0.998023325,0.0019766749999999833,0.09999999999999998
ViSmish_01699,0,0,0.9994542,True,1.0,synthetic,Tin nhắn cá nhân và OTP,1.0,0.0022833937999999997,0.9977166062,0.09999999999999998
ViSmish_01700,0,0,0.9990637,True,1.0,synthetic,Quảng cáo hợp lệ,1.0,0.0029704257999999995,0.9970295742,0.09999999999999998
ViSmish_01701,0,0,0.9994191,True,1.0,real,Viễn thông,1.0,0.0023541140999999996,0.9976458859,0.09999999999999998
ViSmish_01704,0,0,0.99946517,True,1.0,synthetic,Ngân hàng thật,1.0,0.0022609181999999994,0.9977390818,0.09999999999999998
ViSmish_01705,1,1,0.9995946,True,1.0,paraphrased,Tuyển dụng giả,1.0,0.99802601,0.001973989999999981,0.09999999999999998
ViSmish_01706,0,0,0.99942964,True,1.0,synthetic,Thương mại điện tử,1.0,0.0023331982999999995,0.9976668017,0.09999999999999998
ViSmish_01709,0,0,0.99930227,True,1.0,real,Viễn thông,1.0,0.0025742612999999997,0.9974257387,0.09999999999999998
ViSmish_01710,1,1,0.9996216,True,1.0,paraphrased,Cờ bạc / Betting,1.0,0.99809168,0.0019083199999999634,0.09999999999999998
ViSmish_01711,1,1,0.9995908,True,1.0,paraphrased,Crypto / Đầu tư giả,1.0,0.99801672,0.0019832800000000317,0.09999999999999998
ViSmish_01712,0,0,0.9993476,True,1.0,external_curated,P2P hard negative,1.0,0.0024912749999999994,0.997508725,0.09999999999999998
ViSmish_01714,0,0,0.9994795,True,1.0,synthetic,Quảng cáo hợp lệ,1.0,0.0022311944999999994,0.9977688055,0.09999999999999998
ViSmish_01715,1,1,0.99947137,True,1.0,synthetic_hard_negative,Đòi nợ / Đe dọa,1.0,0.997751975,0.002248024999999987,0.09999999999999998
ViSmish_01717,1,1,0.9995709,True,1.0,paraphrased,Nội dung nhạy cảm,1.0,0.9979703,0.002029700000000023,0.09999999999999998
ViSmish_01719,0,0,0.99932754,True,1.0,real,Viễn thông,1.0,0.0025285511999999996,0.9974714488,0.09999999999999998
ViSmish_01720,0,0,0.9994804,True,1.0,synthetic,Tin nhắn cá nhân và OTP,1.0,0.0022291349999999997,0.997770865,0.09999999999999998
ViSmish_01721,1,1,0.9995808,True,1.0,paraphrased,Đòi nợ / Đe dọa,1.0,0.997993124,0.0020068760000000463,0.09999999999999998
ViSmish_01725,1,1,0.99961215,True,1.0,paraphrased,Cờ bạc / Betting,1.0,0.99806832,0.0019316799999999912,0.09999999999999998
ViSmish_01726,0,0,0.9993894,True,1.0,synthetic,Dịch vụ công thật,1.0,0.0024121291999999995,0.9975878708,0.09999999999999998
ViSmish_01727,0,0,0.9993876,True,1.0,external_real,P2P hội thoại thông thường,1.0,0.0024155897999999995,0.9975844102,0.09999999999999998
ViSmish_01728,0,0,0.9994956,True,1.0,synthetic,Quảng cáo hợp lệ,1.0,0.0021969399999999997,0.99780306,0.09999999999999998
ViSmish_01729,0,0,0.99935395,True,1.0,synthetic,Quảng cáo hợp lệ,1.0,0.0024795136999999994,0.9975204863,0.09999999999999998
ViSmish_01730,0,0,0.99940574,True,1.0,synthetic,Dịch vụ công thật,1.0,0.0023803389999999995,0.997619661,0.09999999999999998
ViSmish_01732,0,0,0.999466,True,1.0,synthetic,Vận chuyển,1.0,0.0022592994999999995,0.9977407005,0.09999999999999998
ViSmish_01733,1,1,0.9996131,True,1.0,paraphrased,Dịch vụ công giả,1.0,0.998070496,0.0019295040000000263,0.09999999999999998
ViSmish_01734,0,0,0.9993069,True,1.0,external_curated,P2P hard negative,1.0,0.0025660573999999993,0.9974339426,0.09999999999999998
ViSmish_01736,1,1,0.9995493,True,1.0,paraphrased,Cờ bạc / Betting,1.0,0.9979206899999999,0.0020793100000000564,0.09999999999999998
ViSmish_01738,0,0,0.9994411,True,1.0,real,Tin nhắn cá nhân và OTP,1.0,0.0023101184999999996,0.9976898815,0.09999999999999998
ViSmish_01740,1,1,0.9995814,True,1.0,paraphrased,Đòi nợ / Đe dọa,1.0,0.99799457,0.0020054299999999747,0.09999999999999998
ViSmish_01741,1,1,0.9996045,True,1.0,paraphrased,BHXH / Trợ cấp giả,1.0,0.9980496,0.0019504000000000188,0.09999999999999998
ViSmish_01742,1,1,0.99946886,True,1.0,synthetic_hard_negative,Đòi nợ / Đe dọa,1.0,0.99774656,0.002253440000000051,0.09999999999999998
ViSmish_01745,0,0,0.99941194,True,1.0,synthetic,Dịch vụ công thật,1.0,0.0023681871999999995,0.9976318128,0.09999999999999998
ViSmish_01746,1,1,0.9996164,True,1.0,paraphrased,Tuyển dụng giả,1.0,0.99807875,0.0019212499999999855,0.09999999999999998
ViSmish_01747,0,0,0.99939704,True,1.0,real,Viễn thông,1.0,0.0023973447999999994,0.9976026552,0.09999999999999998
ViSmish_01748,1,1,0.9996245,True,1.0,paraphrased,Crypto / Đầu tư giả,1.0,0.99809873,0.001901269999999955,0.09999999999999998
ViSmish_01749,0,0,0.9994487,True,1.0,synthetic,Ngân hàng thật,1.0,0.0022946579999999998,0.997705342,0.09999999999999998
ViSmish_01751,0,0,0.9988978,True,1.0,real,Dịch vụ công thật,1.0,0.003214909999999999,0.99678509,0.09999999999999998
ViSmish_01752,0,0,0.9994867,True,1.0,real,Khác,1.0,0.0022160619999999995,0.997783938,0.09999999999999998
ViSmish_01753,0,0,0.9993734,True,1.0,real,Viễn thông,1.0,0.0024428963999999997,0.9975571036,0.09999999999999998
ViSmish_01754,1,1,0.9996215,True,1.0,paraphrased,Nội dung nhạy cảm,1.0,0.998091274,0.0019087260000000272,0.09999999999999998
ViSmish_01756,0,0,0.99947006,True,1.0,real,Tin nhắn cá nhân và OTP,1.0,0.0022508177999999994,0.9977491822,0.09999999999999998
ViSmish_01757,1,1,0.9994759,True,1.0,synthetic_hard_negative,Khác,1.0,0.997761214,0.002238786000000048,0.09999999999999998
ViSmish_01759,0,0,0.9994603,True,1.0,real,Khác,1.0,0.0022709320999999994,0.9977290679,0.09999999999999998
ViSmish_01760,1,1,0.9996131,True,1.0,paraphrased,BHXH / Trợ cấp giả,1.0,0.998070645,0.0019293550000000215,0.09999999999999998
ViSmish_01761,0,0,0.99941814,True,1.0,real,Viễn thông,1.0,0.0023560203999999996,0.9976439796,0.09999999999999998
ViSmish_01764,0,0,0.99946266,True,1.0,synthetic,Tin nhắn cá nhân và OTP,1.0,0.0022662305999999995,0.9977337694,0.09999999999999998
ViSmish_01766,0,0,0.99945027,True,1.0,synthetic,Ngân hàng thật,1.0,0.0022915577999999995,0.9977084422,0.09999999999999998
ViSmish_01767,1,1,0.9996152,True,1.0,paraphrased,Giả mạo ngân hàng,1.0,0.998075736,0.0019242640000000089,0.09999999999999998
ViSmish_01770,1,1,0.9996101,True,1.0,paraphrased,Giả mạo ngân hàng,1.0,0.99806332,0.001936680000000024,0.09999999999999998
ViSmish_01771,1,1,0.9996024,True,1.0,paraphrased,Tuyển dụng giả,1.0,0.9980445099999999,0.0019554900000000597,0.09999999999999998
ViSmish_01772,1,1,0.999571,True,1.0,paraphrased,Dịch vụ công giả,1.0,0.997970325,0.002029674999999953,0.09999999999999998
ViSmish_01773,1,1,0.9996014,True,1.0,paraphrased,Cờ bạc / Betting,1.0,0.99804231,0.001957690000000012,0.09999999999999998
ViSmish_01775,1,1,0.99960846,True,1.0,paraphrased,Nội dung nhạy cảm,1.0,0.99805926,0.0019407399999999964,0.09999999999999998
ViSmish_01776,1,1,0.99955577,True,1.0,paraphrased,Cờ bạc / Betting,1.0,0.997935337,0.0020646629999999666,0.09999999999999998
ViSmish_01777,0,0,0.99948406,True,1.0,synthetic,Thương mại điện tử,1.0,0.0022215659999999995,0.997778434,0.09999999999999998
ViSmish_01778,1,1,0.9996099,True,1.0,paraphrased,Dịch vụ công giả,1.0,0.99806277,0.001937230000000012,0.09999999999999998
ViSmish_01780,0,0,0.99940276,True,1.0,synthetic,Viễn thông,1.0,0.0023862839999999994,0.997613716,0.09999999999999998
ViSmish_01781,0,0,0.9993498,True,1.0,real,Viễn thông,1.0,0.0024873515999999994,0.9975126484,0.09999999999999998
ViSmish_01782,1,1,0.99088633,True,1.0,real,Cờ bạc / Betting,1.0,0.99124892,0.008751080000000022,0.09999999999999998
ViSmish_01785,1,1,0.9996145,True,1.0,paraphrased,Cờ bạc / Betting,1.0,0.99807412,0.0019258800000000464,0.09999999999999998
ViSmish_01787,1,1,0.9996106,True,1.0,paraphrased,Dịch vụ công giả,1.0,0.99806435,0.0019356499999999555,0.09999999999999998
ViSmish_01789,0,0,0.9994629,True,1.0,synthetic,Dịch vụ y tế,1.0,0.0022656922999999994,0.9977343077,0.09999999999999998
ViSmish_01791,0,0,0.9994916,True,1.0,synthetic,Tin nhắn cá nhân và OTP,1.0,0.002205666699999999,0.9977943333,0.09999999999999998
ViSmish_01793,0,0,0.99947304,True,1.0,synthetic,Vận chuyển,1.0,0.0022447771999999995,0.9977552228,0.09999999999999998
ViSmish_01794,0,0,0.9992225,True,1.0,synthetic,Thương mại điện tử,1.0,0.0027137809999999993,0.997286219,0.09999999999999998
ViSmish_01795,0,0,0.9994246,True,1.0,real,Dịch vụ công thật,1.0,0.0023433045999999994,0.9976566954,0.09999999999999998
ViSmish_01796,0,0,0.99945754,True,1.0,synthetic,Tin nhắn cá nhân và OTP,1.0,0.0022766293999999993,0.9977233706,0.09999999999999998
ViSmish_01797,1,1,0.99957937,True,1.0,paraphrased,Nội dung nhạy cảm,1.0,0.99798993,0.002010069999999975,0.09999999999999998
ViSmish_01798,1,1,0.999554,True,1.0,paraphrased,Nội dung nhạy cảm,1.0,0.997931343,0.0020686570000000293,0.09999999999999998
ViSmish_01802,1,1,0.9994734,True,1.0,synthetic_hard_negative,Khác,1.0,0.997756094,0.0022439060000000177,0.09999999999999998
ViSmish_01805,0,0,0.9994584,True,1.0,synthetic,Dịch vụ công thật,1.0,0.0022749207999999996,0.9977250792,0.09999999999999998
ViSmish_01806,0,0,0.99946636,True,1.0,synthetic,Viễn thông,1.0,0.002258613099999999,0.9977413869,0.09999999999999998
ViSmish_01809,0,0,0.9994752,True,1.0,synthetic,Thương mại điện tử,1.0,0.0022401954999999997,0.9977598045,0.09999999999999998
ViSmish_01811,1,1,0.99948186,True,1.0,synthetic_hard_negative,Đòi nợ / Đe dọa,1.0,0.99777385,0.002226150000000038,0.09999999999999998
ViSmish_01812,0,0,0.99913955,True,1.0,real,Khác,1.0,0.0028509497999999996,0.9971490502,0.09999999999999998
ViSmish_01813,1,1,0.9996093,True,1.0,paraphrased,Tuyển dụng giả,1.0,0.99806131,0.0019386900000000207,0.09999999999999998
ViSmish_01814,1,1,0.9996063,True,1.0,paraphrased,Đòi nợ / Đe dọa,1.0,0.99805414,0.001945859999999966,0.09999999999999998
ViSmish_01815,0,0,0.99944085,True,1.0,real,Ngân hàng thật,1.0,0.0023106600999999996,0.9976893399,0.09999999999999998
ViSmish_01816,1,1,0.9996166,True,1.0,paraphrased,Dịch vụ công giả,1.0,0.99807944,0.00192055999999996,0.09999999999999998
ViSmish_01817,1,1,0.99962854,True,1.0,paraphrased,Tuyển dụng giả,1.0,0.998108816,0.0018911839999999902,0.09999999999999998
ViSmish_01820,1,1,0.9996319,True,1.0,paraphrased,BHXH / Trợ cấp giả,1.0,0.998117214,0.0018827860000000252,0.09999999999999998
ViSmish_01821,1,1,0.999579,True,1.0,synthetic_hard_negative,Tuyển dụng giả,1.0,0.99798911,0.0020108899999999874,0.09999999999999998
ViSmish_01824,1,1,0.99957293,True,1.0,paraphrased,Cờ bạc / Betting,1.0,0.99797484,0.0020251599999999703,0.09999999999999998
ViSmish_01825,0,0,0.99948126,True,1.0,real,Tin nhắn cá nhân và OTP,1.0,0.0022275216999999995,0.9977724783,0.09999999999999998
ViSmish_01826,1,1,0.99953127,True,1.0,paraphrased,Cờ bạc / Betting,1.0,0.99788028,0.002119720000000047,0.09999999999999998
ViSmish_01828,1,1,0.9993599,True,1.0,paraphrased,Đòi nợ / Đe dọa,1.0,0.9975317,0.002468299999999979,0.09999999999999998
ViSmish_01829,1,1,0.9995466,True,1.0,paraphrased,Nội dung nhạy cảm,1.0,0.99791469,0.002085310000000007,0.09999999999999998
ViSmish_01830,0,0,0.99946636,True,1.0,real,Viễn thông,1.0,0.0022585067999999994,0.9977414932,0.09999999999999998
ViSmish_01831,1,1,0.99949896,True,1.0,synthetic_hard_negative,BHXH / Trợ cấp giả,1.0,0.99781024,0.0021897600000000406,0.09999999999999998
ViSmish_01832,0,0,0.9993051,True,1.0,external_curated,P2P hard negative,1.0,0.0025690966999999993,0.9974309033,0.09999999999999998
ViSmish_01834,1,1,0.9996226,True,1.0,paraphrased,Giả mạo ngân hàng,1.0,0.9980939600000001,0.0019060399999999422,0.09999999999999998
ViSmish_01835,1,1,0.9996107,True,1.0,paraphrased,Cờ bạc / Betting,1.0,0.998064846,0.0019351539999999945,0.09999999999999998
ViSmish_01836,1,1,0.9996234,True,1.0,paraphrased,BHXH / Trợ cấp giả,1.0,0.99809598,0.0019040200000000063,0.09999999999999998
ViSmish_01837,0,0,0.99947494,True,1.0,real,Khác,1.0,0.0022406918999999994,0.9977593081,0.09999999999999998
ViSmish_01838,0,0,0.9994343,True,1.0,real,Tin nhắn cá nhân và OTP,1.0,0.0023238999999999994,0.9976761,0.09999999999999998
ViSmish_01839,1,1,0.9995635,True,1.0,synthetic_hard_negative,Giả mạo ngân hàng,1.0,0.99795313,0.002046870000000034,0.09999999999999998
ViSmish_01840,0,0,0.99947983,True,1.0,synthetic,Tin nhắn cá nhân và OTP,1.0,0.0022305333999999995,0.9977694666,0.09999999999999998
ViSmish_01841,0,0,0.9991247,True,1.0,synthetic,Ngân hàng thật,1.0,0.0028747379999999995,0.997125262,0.09999999999999998
ViSmish_01842,0,0,0.9993807,True,1.0,real,Viễn thông,1.0,0.0024288370999999993,0.9975711629,0.09999999999999998
ViSmish_01843,1,1,0.9996319,True,1.0,paraphrased,BHXH / Trợ cấp giả,1.0,0.998117036,0.001882963999999987,0.09999999999999998
ViSmish_01844,1,1,0.99961334,True,1.0,paraphrased,BHXH / Trợ cấp giả,1.0,0.998071265,0.0019287350000000147,0.09999999999999998
ViSmish_01845,0,0,0.99945694,True,1.0,real,Tin nhắn cá nhân và OTP,1.0,0.0022779780999999995,0.9977220219,0.09999999999999998
ViSmish_01846,1,1,0.99962986,True,1.0,paraphrased,BHXH / Trợ cấp giả,1.0,0.99811219,0.0018878100000000453,0.09999999999999998
ViSmish_01847,0,0,0.9994727,True,1.0,synthetic,Tin nhắn cá nhân và OTP,1.0,0.0022454749999999994,0.997754525,0.09999999999999998
ViSmish_01850,0,0,0.9980635,True,1.0,external_curated,P2P hard negative,1.0,0.004218941999999999,0.995781058,0.09999999999999998
ViSmish_01852,0,0,0.9993711,True,1.0,external_curated,P2P hard negative,1.0,0.0024472649999999992,0.997552735,0.09999999999999998
ViSmish_01853,1,1,0.9995123,True,1.0,synthetic_hard_negative,Dịch vụ công giả,1.0,0.9978388,0.0021611999999999743,0.09999999999999998
ViSmish_01855,1,1,0.9988543,True,1.0,paraphrased,Tuyển dụng giả,1.0,0.996724194,0.0032758059999999922,0.09999999999999998
ViSmish_01856,0,0,0.99938524,True,1.0,external_curated,P2P hard negative,1.0,0.0024200396999999995,0.9975799603,0.09999999999999998
ViSmish_01857,1,1,0.9996253,True,1.0,paraphrased,Dịch vụ công giả,1.0,0.9981009,0.0018991000000000424,0.09999999999999998
ViSmish_01859,1,1,0.99962306,True,1.0,paraphrased,Cờ bạc / Betting,1.0,0.99809523,0.00190477,0.09999999999999998
ViSmish_01862,0,0,0.9994542,True,1.0,real,Khác,1.0,0.0022834649999999997,0.997716535,0.09999999999999998
ViSmish_01863,1,1,0.9996244,True,1.0,paraphrased,Dịch vụ công giả,1.0,0.99809842,0.0019015799999999583,0.09999999999999998
ViSmish_01864,1,1,0.99962175,True,1.0,paraphrased,Dịch vụ công giả,1.0,0.998091966,0.0019080339999999474,0.09999999999999998
ViSmish_01865,0,0,0.9994611,True,1.0,synthetic,Quảng cáo hợp lệ,1.0,0.0022692795999999997,0.9977307204,0.09999999999999998
ViSmish_01866,0,0,0.999483,True,1.0,real,Khác,1.0,0.0022236212999999995,0.9977763787,0.09999999999999998
ViSmish_01867,1,1,0.9996136,True,1.0,paraphrased,Crypto / Đầu tư giả,1.0,0.99807165,0.001928350000000023,0.09999999999999998
ViSmish_01869,1,1,0.9996296,True,1.0,paraphrased,Dịch vụ công giả,1.0,0.99811163,0.0018883699999999726,0.09999999999999998
ViSmish_01870,1,1,0.9995983,True,1.0,paraphrased,Nội dung nhạy cảm,1.0,0.99803469,0.001965309999999998,0.09999999999999998
ViSmish_01871,0,0,0.9994167,True,1.0,external_real,P2P hội thoại thông thường,1.0,0.0023588397999999996,0.9976411602,0.09999999999999998
ViSmish_01872,1,1,0.9996151,True,1.0,paraphrased,Giả mạo ngân hàng,1.0,0.99807545,0.0019245500000000249,0.09999999999999998
ViSmish_01873,1,1,0.9995684,True,1.0,paraphrased,Crypto / Đầu tư giả,1.0,0.997964376,0.0020356240000000136,0.09999999999999998
ViSmish_01874,0,0,0.9993937,True,1.0,real,Dịch vụ công thật,1.0,0.0024037273999999997,0.9975962726000001,0.09999999999999998
ViSmish_01875,0,0,0.9992725,True,1.0,real,Dịch vụ công thật,1.0,0.0026273029999999992,0.997372697,0.09999999999999998
ViSmish_01876,1,1,0.99962175,True,1.0,paraphrased,Nội dung nhạy cảm,1.0,0.998091817,0.0019081829999999522,0.09999999999999998
ViSmish_01879,1,1,0.99950564,True,1.0,paraphrased,Crypto / Đầu tư giả,1.0,0.99782453,0.002175469999999957,0.09999999999999998
ViSmish_01880,1,1,0.999584,True,1.0,paraphrased,Giả mạo ngân hàng,1.0,0.998000896,0.0019991040000000293,0.09999999999999998
ViSmish_01881,1,1,0.9996203,True,1.0,paraphrased,Cờ bạc / Betting,1.0,0.99808853,0.0019114700000000262,0.09999999999999998
ViSmish_01884,0,0,0.9994893,True,1.0,synthetic,Vận chuyển,1.0,0.0022103061999999996,0.9977896938,0.09999999999999998
ViSmish_01885,0,0,0.99937767,True,1.0,external_curated,P2P hard negative,1.0,0.0024347725999999993,0.9975652274,0.09999999999999998
ViSmish_01886,1,1,0.99961,True,1.0,paraphrased,Nội dung nhạy cảm,1.0,0.9980630699999999,0.0019369300000000589,0.09999999999999998
ViSmish_01889,1,1,0.9996145,True,1.0,paraphrased,Nội dung nhạy cảm,1.0,0.998074156,0.0019258439999999544,0.09999999999999998
ViSmish_01890,1,1,0.9996158,True,1.0,paraphrased,Crypto / Đầu tư giả,1.0,0.9980772,0.0019228000000000023,0.09999999999999998
ViSmish_01891,1,1,0.99961877,True,1.0,paraphrased,Tuyển dụng giả,1.0,0.998084533,0.001915467000000004,0.09999999999999998
ViSmish_01892,0,0,0.9991867,True,1.0,external_curated,P2P hard negative,1.0,0.0027738956999999996,0.9972261043,0.09999999999999998
ViSmish_01894,0,0,0.99936074,True,1.0,external_curated,P2P hard negative,1.0,0.0024668124999999994,0.9975331875,0.09999999999999998
ViSmish_01895,0,0,0.99947053,True,1.0,synthetic,Thương mại điện tử,1.0,0.0022498670999999996,0.9977501329,0.09999999999999998
ViSmish_01897,0,0,0.9994574,True,1.0,synthetic,Tin nhắn cá nhân và OTP,1.0,0.0022768895999999996,0.9977231104,0.09999999999999998
ViSmish_01898,0,0,0.99940264,True,1.0,real,Viễn thông,1.0,0.0023864857999999992,0.9976135142,0.09999999999999998
ViSmish_01899,0,0,0.9994342,True,1.0,synthetic,Ngân hàng thật,1.0,0.0023240884999999995,0.9976759115,0.09999999999999998
ViSmish_01900,0,0,0.99942964,True,1.0,real,Viễn thông,1.0,0.0023332017999999994,0.9976667982,0.09999999999999998
ViSmish_01901,0,0,0.9994456,True,1.0,real,Viễn thông,1.0,0.0023010159999999995,0.997698984,0.09999999999999998
ViSmish_01902,0,0,0.9991885,True,1.0,external_curated,P2P hard negative,1.0,0.0027709149999999992,0.997229085,0.09999999999999998
ViSmish_01903,0,0,0.99948573,True,1.0,synthetic,Vận chuyển,1.0,0.0022178549999999995,0.997782145,0.09999999999999998
ViSmish_01904,1,1,0.9996197,True,1.0,paraphrased,Tuyển dụng giả,1.0,0.9980868940000001,0.0019131059999999422,0.09999999999999998
ViSmish_01905,1,1,0.9995372,True,1.0,paraphrased,Cờ bạc / Betting,1.0,0.997893655,0.002106344999999954,0.09999999999999998
ViSmish_01913,1,1,0.99944955,True,1.0,paraphrased,Nội dung nhạy cảm,1.0,0.9977071200000001,0.0022928799999999416,0.09999999999999998
ViSmish_01914,1,1,0.99960405,True,1.0,paraphrased,Dịch vụ công giả,1.0,0.998048466,0.0019515340000000325,0.09999999999999998
ViSmish_01916,1,1,0.99961925,True,1.0,paraphrased,Dịch vụ công giả,1.0,0.998085785,0.0019142149999999969,0.09999999999999998
ViSmish_01917,0,0,0.9994518,True,1.0,real,Tin nhắn cá nhân và OTP,1.0,0.0022882833999999996,0.9977117166,0.09999999999999998
ViSmish_01918,1,1,0.99960953,True,1.0,paraphrased,BHXH / Trợ cấp giả,1.0,0.99806193,0.001938070000000014,0.09999999999999998
ViSmish_01919,0,0,0.99912876,True,1.0,real,Dịch vụ công thật,1.0,0.002868371499999999,0.9971316285,0.09999999999999998
ViSmish_01920,1,1,0.9996227,True,1.0,paraphrased,BHXH / Trợ cấp giả,1.0,0.99809425,0.0019057500000000394,0.09999999999999998
ViSmish_01921,0,0,0.9991097,True,1.0,synthetic,Quảng cáo hợp lệ,1.0,0.0028986579999999997,0.997101342,0.09999999999999998
ViSmish_01923,1,1,0.999613,True,1.0,paraphrased,Tuyển dụng giả,1.0,0.998070276,0.0019297240000000215,0.09999999999999998
ViSmish_01924,1,1,0.99961925,True,1.0,paraphrased,Crypto / Đầu tư giả,1.0,0.99808569,0.0019143099999999746,0.09999999999999998
ViSmish_01925,1,1,0.99952185,True,1.0,synthetic_hard_negative,BHXH / Trợ cấp giả,1.0,0.9978597339999999,0.0021402660000000573,0.09999999999999998
ViSmish_01928,1,1,0.9996247,True,1.0,paraphrased,Dịch vụ công giả,1.0,0.9980993499999999,0.0019006500000000592,0.09999999999999998
ViSmish_01929,1,1,0.9996191,True,1.0,paraphrased,Giả mạo ngân hàng,1.0,0.998085356,0.0019146439999999654,0.09999999999999998
ViSmish_01930,1,1,0.9996125,True,1.0,paraphrased,Cờ bạc / Betting,1.0,0.99806903,0.0019309699999999763,0.09999999999999998
ViSmish_01931,0,0,0.99947506,True,1.0,synthetic,Vận chuyển,1.0,0.0022405348999999996,0.9977594651,0.09999999999999998
ViSmish_01932,0,0,0.9994312,True,1.0,real,Khác,1.0,0.002330025499999999,0.9976699745,0.09999999999999998
ViSmish_01933,0,0,0.9994868,True,1.0,real,Tin nhắn cá nhân và OTP,1.0,0.0022156889999999994,0.997784311,0.09999999999999998
ViSmish_01935,1,1,0.99961877,True,1.0,paraphrased,Cờ bạc / Betting,1.0,0.99808456,0.0019154399999999905,0.09999999999999998
ViSmish_01936,1,1,0.9996189,True,1.0,paraphrased,BHXH / Trợ cấp giả,1.0,0.99808497,0.0019150300000000398,0.09999999999999998
ViSmish_01937,1,1,0.99962926,True,1.0,paraphrased,Crypto / Đầu tư giả,1.0,0.99811065,0.0018893500000000119,0.09999999999999998
ViSmish_01938,0,0,0.99938095,True,1.0,real,Viễn thông,1.0,0.0024282562999999994,0.9975717437,0.09999999999999998
ViSmish_01940,1,1,0.9996307,True,1.0,paraphrased,BHXH / Trợ cấp giả,1.0,0.99811427,0.0018857300000000299,0.09999999999999998
ViSmish_01944,0,0,0.9993587,True,1.0,real,Khác,1.0,0.002470685699999999,0.9975293143,0.09999999999999998
ViSmish_01947,1,1,0.9995371,True,1.0,paraphrased,Crypto / Đầu tư giả,1.0,0.997893393,0.0021066069999999826,0.09999999999999998
ViSmish_01948,1,1,0.99951196,True,1.0,synthetic_hard_negative,Khác,1.0,0.99783797,0.002162030000000037,0.09999999999999998
ViSmish_01951,1,1,0.9996308,True,1.0,paraphrased,BHXH / Trợ cấp giả,1.0,0.99811452,0.001885479999999995,0.09999999999999998
ViSmish_01952,1,1,0.9996184,True,1.0,paraphrased,Giả mạo ngân hàng,1.0,0.998083776,0.001916224000000022,0.09999999999999998
ViSmish_01954,1,1,0.99942625,True,1.0,real,Khác,1.0,0.99766003,0.002339969999999969,0.09999999999999998
ViSmish_01955,0,0,0.9994487,True,1.0,external_real,P2P hội thoại thông thường,1.0,0.0022946765999999996,0.9977053234,0.09999999999999998
ViSmish_01956,1,1,0.99949944,True,1.0,synthetic_hard_negative,Tuyển dụng giả,1.0,0.997811073,0.0021889269999999517,0.09999999999999998
ViSmish_01957,1,1,0.9995578,True,1.0,paraphrased,Nội dung nhạy cảm,1.0,0.997939986,0.002060013999999999,0.09999999999999998
ViSmish_01959,0,0,0.9994191,True,1.0,external_real,P2P hội thoại thông thường,1.0,0.0023541865999999996,0.9976458134,0.09999999999999998
ViSmish_01960,1,1,0.99961674,True,1.0,paraphrased,Dịch vụ công giả,1.0,0.998079544,0.0019204560000000148,0.09999999999999998
ViSmish_01962,1,1,0.9995989,True,1.0,paraphrased,Cờ bạc / Betting,1.0,0.99803633,0.001963669999999973,0.09999999999999998
ViSmish_01964,0,0,0.99937457,True,1.0,real,Khác,1.0,0.0024407299999999995,0.99755927,0.09999999999999998
ViSmish_01965,1,1,0.9996019,True,1.0,paraphrased,BHXH / Trợ cấp giả,1.0,0.998043215,0.001956784999999961,0.09999999999999998
ViSmish_01966,0,0,0.9994117,True,1.0,real,Viễn thông,1.0,0.0023688094999999992,0.9976311905,0.09999999999999998
ViSmish_01967,0,0,0.9993851,True,1.0,external_real,P2P hội thoại thông thường,1.0,0.0024203319999999994,0.997579668,0.09999999999999998
ViSmish_01969,0,0,0.9994911,True,1.0,synthetic,Ngân hàng thật,1.0,0.0022066005999999993,0.9977933994,0.09999999999999998
ViSmish_01970,1,1,0.99956006,True,1.0,paraphrased,Crypto / Đầu tư giả,1.0,0.99794517,0.002054829999999952,0.09999999999999998
ViSmish_01971,0,0,0.9994748,True,1.0,real,Viễn thông,1.0,0.0022410505999999994,0.9977589494,0.09999999999999998
ViSmish_01972,0,0,0.9994474,True,1.0,external_curated,P2P hard negative,1.0,0.0022974552999999996,0.9977025447,0.09999999999999998
ViSmish_01973,0,0,0.99940777,True,1.0,synthetic,Quảng cáo hợp lệ,1.0,0.0023764358999999995,0.9976235641,0.09999999999999998
ViSmish_01974,0,0,0.9993455,True,1.0,synthetic,Viễn thông,1.0,0.0024953551999999995,0.9975046448,0.09999999999999998
ViSmish_01975,1,1,0.9993316,True,1.0,paraphrased,Đòi nợ / Đe dọa,1.0,0.99747902,0.002520980000000006,0.09999999999999998
ViSmish_01976,0,0,0.99945265,True,1.0,real,Viễn thông,1.0,0.0022867359999999993,0.997713264,0.09999999999999998
ViSmish_01977,0,0,0.9994548,True,1.0,synthetic,Tin nhắn cá nhân và OTP,1.0,0.0022823749999999997,0.997717625,0.09999999999999998
ViSmish_01978,0,0,0.9993782,True,1.0,synthetic,Viễn thông,1.0,0.0024336177999999993,0.9975663822,0.09999999999999998
ViSmish_01979,0,0,0.99915004,True,1.0,synthetic,Quảng cáo hợp lệ,1.0,0.0028339942999999995,0.9971660057,0.09999999999999998
ViSmish_01982,0,0,0.99937755,True,1.0,external_real,P2P hội thoại thông thường,1.0,0.0024350678999999994,0.9975649321,0.09999999999999998
ViSmish_01983,0,0,0.9993949,True,1.0,real,Viễn thông,1.0,0.0024015534999999996,0.9975984465,0.09999999999999998
ViSmish_01984,0,0,0.99946445,True,1.0,synthetic,Dịch vụ công thật,1.0,0.002262495,0.997737505,0.09999999999999998
ViSmish_01985,0,0,0.9994862,True,1.0,synthetic,Thương mại điện tử,1.0,0.0022169304999999995,0.9977830695,0.09999999999999998
ViSmish_01986,0,0,0.9994562,True,1.0,synthetic,Dịch vụ y tế,1.0,0.0022792648999999995,0.9977207351,0.09999999999999998
ViSmish_01987,0,0,0.9994636,True,1.0,synthetic,Tin nhắn cá nhân và OTP,1.0,0.0022641026999999994,0.9977358973,0.09999999999999998
ViSmish_01988,0,0,0.99946374,True,1.0,synthetic,Vận chuyển,1.0,0.0022640421999999996,0.9977359578,0.09999999999999998
ViSmish_01989,0,0,0.99947125,True,1.0,real,Viễn thông,1.0,0.0022484182999999995,0.9977515817,0.09999999999999998
ViSmish_01990,0,0,0.999331,True,1.0,synthetic,Dịch vụ công thật,1.0,0.0025222574999999997,0.9974777425,0.09999999999999998
ViSmish_01991,0,0,0.99949145,True,1.0,synthetic,Ngân hàng thật,1.0,0.0022059708999999997,0.9977940291,0.09999999999999998
ViSmish_01992,1,1,0.9996099,True,1.0,paraphrased,Crypto / Đầu tư giả,1.0,0.998062676,0.001937324000000018,0.09999999999999998
ViSmish_01993,1,1,0.9996222,True,1.0,paraphrased,Dịch vụ công giả,1.0,0.998093235,0.001906764999999977,0.09999999999999998
ViSmish_01994,1,1,0.9996177,True,1.0,paraphrased,Cờ bạc / Betting,1.0,0.998082,0.0019179999999999753,0.09999999999999998
ViSmish_01995,1,1,0.99963045,True,1.0,paraphrased,Dịch vụ công giả,1.0,0.998113626,0.001886374000000024,0.09999999999999998
ViSmish_01996,0,0,0.9994505,True,1.0,synthetic,Quảng cáo hợp lệ,1.0,0.0022909709999999993,0.997709029,0.09999999999999998
ViSmish_01997,0,0,0.9994665,True,1.0,synthetic,Vận chuyển,1.0,0.0022582726999999993,0.9977417273,0.09999999999999998
ViSmish_01998,0,0,0.9994311,True,1.0,real,Dịch vụ công thật,1.0,0.0023301451999999997,0.9976698548,0.09999999999999998
ViSmish_01999,1,1,0.99952245,True,1.0,synthetic_hard_negative,Dịch vụ công giả,1.0,0.997861016,0.0021389840000000104,0.09999999999999998
ViSmish_02000,1,1,0.999608,True,1.0,paraphrased,Crypto / Đầu tư giả,1.0,0.99805792,0.0019420799999999572,0.09999999999999998
ViSmish_02001,1,1,0.999607,True,1.0,paraphrased,Giả mạo ngân hàng,1.0,0.998055637,0.0019443630000000045,0.09999999999999998
ViSmish_02002,1,1,0.9995914,True,1.0,paraphrased,Tuyển dụng giả,1.0,0.99801813,0.001981870000000052,0.09999999999999998
ViSmish_02004,1,1,0.99948597,True,1.0,synthetic_hard_negative,Giả mạo ngân hàng,1.0,0.9977825,0.0022174999999999834,0.09999999999999998
ViSmish_02005,0,0,0.9994336,True,1.0,synthetic,Tin nhắn cá nhân và OTP,1.0,0.0023251633999999996,0.9976748366,0.09999999999999998
ViSmish_02007,0,0,0.99938524,True,1.0,external_real,P2P hội thoại thông thường,1.0,0.0024200740999999995,0.9975799259,0.09999999999999998
ViSmish_02008,0,0,0.9995034,True,1.0,synthetic,Ngân hàng thật,1.0,0.0021805652999999994,0.9978194347,0.09999999999999998
ViSmish_02009,0,0,0.99944144,True,1.0,external_curated,P2P hard negative,1.0,0.0023094335999999994,0.9976905664,0.09999999999999998
ViSmish_02011,1,1,0.99962544,True,1.0,paraphrased,Tuyển dụng giả,1.0,0.9981010260000001,0.0018989739999999422,0.09999999999999998
ViSmish_02012,1,1,0.9996228,True,1.0,paraphrased,Giả mạo ngân hàng,1.0,0.998094475,0.0019055249999999635,0.09999999999999998
ViSmish_02015,1,1,0.9996159,True,1.0,paraphrased,Cờ bạc / Betting,1.0,0.998077536,0.001922463999999957,0.09999999999999998
ViSmish_02016,1,1,0.9996137,True,1.0,paraphrased,Nội dung nhạy cảm,1.0,0.998072034,0.0019279660000000032,0.09999999999999998
ViSmish_02017,0,0,0.9994369,True,1.0,external_curated,P2P hard negative,1.0,0.0023185718999999996,0.9976814281,0.09999999999999998
ViSmish_02018,1,1,0.99961746,True,1.0,paraphrased,Đòi nợ / Đe dọa,1.0,0.99808122,0.0019187800000000088,0.09999999999999998
ViSmish_02019,0,0,0.99947625,True,1.0,synthetic,Dịch vụ công thật,1.0,0.0022379554999999995,0.9977620445,0.09999999999999998
ViSmish_02020,0,0,0.999458,True,1.0,external_real,P2P hội thoại thông thường,1.0,0.0022757134999999997,0.9977242865,0.09999999999999998
ViSmish_02025,1,1,0.9994667,True,1.0,synthetic_hard_negative,Dịch vụ công giả,1.0,0.99774228,0.0022577200000000186,0.09999999999999998
ViSmish_02027,0,0,0.9994692,True,1.0,real,Khác,1.0,0.0022526967999999996,0.9977473032,0.09999999999999998
ViSmish_02029,0,0,0.99927944,True,1.0,real,Dịch vụ công thật,1.0,0.0026150427999999996,0.9973849572,0.09999999999999998
ViSmish_02030,0,0,0.999482,True,1.0,synthetic,Vận chuyển,1.0,0.002225909599999999,0.9977740904,0.09999999999999998
ViSmish_02032,1,1,0.99958724,True,1.0,paraphrased,Giả mạo ngân hàng,1.0,0.998008406,0.001991594000000041,0.09999999999999998
ViSmish_02033,1,1,0.999617,True,1.0,paraphrased,Cờ bạc / Betting,1.0,0.998080206,0.0019197939999999747,0.09999999999999998
ViSmish_02034,0,0,0.99947923,True,1.0,synthetic,Vận chuyển,1.0,0.0022318362999999997,0.9977681637,0.09999999999999998
ViSmish_02035,1,1,0.99959713,True,1.0,paraphrased,Crypto / Đầu tư giả,1.0,0.998031884,0.0019681160000000197,0.09999999999999998
ViSmish_02036,1,1,0.99961483,True,1.0,paraphrased,Crypto / Đầu tư giả,1.0,0.998074913,0.0019250870000000475,0.09999999999999998
ViSmish_02038,0,0,0.9994783,True,1.0,real,Khác,1.0,0.0022336594999999996,0.9977663405,0.09999999999999998
ViSmish_02039,1,1,0.999627,True,1.0,paraphrased,Cờ bạc / Betting,1.0,0.9981050300000001,0.0018949699999999403,0.09999999999999998
ViSmish_02040,1,1,0.99954885,True,1.0,synthetic_hard_negative,BHXH / Trợ cấp giả,1.0,0.997919834,0.00208016600000005,0.09999999999999998
ViSmish_02041,1,1,0.99962044,True,1.0,paraphrased,BHXH / Trợ cấp giả,1.0,0.998088664,0.0019113360000000412,0.09999999999999998
ViSmish_02044,1,1,0.999607,True,1.0,paraphrased,Crypto / Đầu tư giả,1.0,0.99805571,0.0019442899999999597,0.09999999999999998
ViSmish_02046,1,1,0.99960715,True,1.0,paraphrased,Nội dung nhạy cảm,1.0,0.998056155,0.0019438449999999996,0.09999999999999998
ViSmish_02048,0,0,0.999485,True,1.0,real,Tin nhắn cá nhân và OTP,1.0,0.0022194558999999994,0.9977805441,0.09999999999999998
ViSmish_02050,0,0,0.99945503,True,1.0,synthetic,Dịch vụ công thật,1.0,0.0022817356999999994,0.9977182643,0.09999999999999998
ViSmish_02052,0,0,0.9994856,True,1.0,synthetic,Ngân hàng thật,1.0,0.0022182339999999995,0.997781766,0.09999999999999998
ViSmish_02053,1,1,0.9995425,True,1.0,paraphrased,Nội dung nhạy cảm,1.0,0.997905374,0.0020946259999999883,0.09999999999999998
ViSmish_02054,1,1,0.99958247,True,1.0,paraphrased,Cờ bạc / Betting,1.0,0.99799724,0.0020027599999999923,0.09999999999999998
ViSmish_02056,0,0,0.9994729,True,1.0,synthetic,Tin nhắn cá nhân và OTP,1.0,0.0022449829999999994,0.997755017,0.09999999999999998
ViSmish_02057,0,0,0.9992638,True,1.0,real,Viễn thông,1.0,0.0026425519999999994,0.997357448,0.09999999999999998
ViSmish_02059,0,0,0.99949014,True,1.0,synthetic,Thương mại điện tử,1.0,0.0022085742999999997,0.9977914257,0.09999999999999998
ViSmish_02060,1,1,0.99962234,True,1.0,paraphrased,BHXH / Trợ cấp giả,1.0,0.998093516,0.0019064840000000416,0.09999999999999998
ViSmish_02061,1,1,0.9996137,True,1.0,paraphrased,Đòi nợ / Đe dọa,1.0,0.99807202,0.0019279800000000513,0.09999999999999998
ViSmish_02062,1,1,0.9995745,True,1.0,paraphrased,BHXH / Trợ cấp giả,1.0,0.997978365,0.002021634999999966,0.09999999999999998
ViSmish_02065,0,0,0.9994591,True,1.0,synthetic,Dịch vụ công thật,1.0,0.0022735462999999997,0.9977264537,0.09999999999999998
ViSmish_02066,0,0,0.9993488,True,1.0,synthetic,Quảng cáo hợp lệ,1.0,0.0024891719999999996,0.997510828,0.09999999999999998
ViSmish_02067,1,1,0.99961567,True,1.0,paraphrased,Tuyển dụng giả,1.0,0.99807689,0.0019231100000000056,0.09999999999999998
ViSmish_02069,1,1,0.99961495,True,1.0,paraphrased,BHXH / Trợ cấp giả,1.0,0.998075277,0.001924723000000017,0.09999999999999998
ViSmish_02071,1,1,0.9994351,True,1.0,synthetic_hard_negative,Đòi nợ / Đe dọa,1.0,0.99767795,0.0023220499999999644,0.09999999999999998
ViSmish_02072,1,1,0.9996196,True,1.0,paraphrased,Crypto / Đầu tư giả,1.0,0.99808657,0.0019134299999999937,0.09999999999999998
ViSmish_02075,0,0,0.9994288,True,1.0,external_real,P2P hội thoại thông thường,1.0,0.0023346699999999996,0.99766533,0.09999999999999998
ViSmish_02077,0,0,0.9993418,True,1.0,real,Viễn thông,1.0,0.0025020852999999995,0.9974979147,0.09999999999999998
ViSmish_02079,0,0,0.9994943,True,1.0,real,Tin nhắn cá nhân và OTP,1.0,0.0021998736999999996,0.9978001263,0.09999999999999998
ViSmish_02080,1,1,0.999585,True,1.0,paraphrased,Tuyển dụng giả,1.0,0.9980031,0.001996899999999968,0.09999999999999998
ViSmish_02081,1,1,0.9996125,True,1.0,paraphrased,Dịch vụ công giả,1.0,0.998069155,0.0019308449999999588,0.09999999999999998
ViSmish_02082,0,0,0.99947757,True,1.0,synthetic,Vận chuyển,1.0,0.0022352382999999993,0.9977647617,0.09999999999999998
ViSmish_02084,1,1,0.9995696,True,1.0,paraphrased,Crypto / Đầu tư giả,1.0,0.997967225,0.0020327749999999867,0.09999999999999998
ViSmish_02086,0,0,0.9994629,True,1.0,real,Ngân hàng thật,1.0,0.0022657045999999997,0.9977342954,0.09999999999999998
ViSmish_02088,1,1,0.99956447,True,1.0,paraphrased,Nội dung nhạy cảm,1.0,0.997955304,0.0020446960000000125,0.09999999999999998
ViSmish_02090,0,0,0.99946016,True,1.0,synthetic,Thương mại điện tử,1.0,0.0022714200999999993,0.9977285799,0.09999999999999998
ViSmish_02091,0,0,0.99942577,True,1.0,synthetic,Tin nhắn cá nhân và OTP,1.0,0.0023408637999999993,0.9976591362,0.09999999999999998
ViSmish_02092,0,0,0.9993451,True,1.0,external_real,P2P hội thoại thông thường,1.0,0.0024960565999999993,0.9975039434,0.09999999999999998
ViSmish_02093,1,1,0.99962676,True,1.0,paraphrased,Đòi nợ / Đe dọa,1.0,0.998104274,0.0018957259999999865,0.09999999999999998
ViSmish_02094,0,0,0.99937695,True,1.0,real,Viễn thông,1.0,0.0024361654999999994,0.9975638345,0.09999999999999998
ViSmish_02096,1,1,0.99962044,True,1.0,paraphrased,Dịch vụ công giả,1.0,0.99808864,0.0019113600000000286,0.09999999999999998
ViSmish_02097,1,1,0.9995833,True,1.0,paraphrased,Nội dung nhạy cảm,1.0,0.99799897,0.0020010299999999592,0.09999999999999998
ViSmish_02099,0,0,0.99948704,True,1.0,synthetic,Thương mại điện tử,1.0,0.0022151501999999996,0.9977848498,0.09999999999999998
ViSmish_02100,0,0,0.999466,True,1.0,synthetic,Viễn thông,1.0,0.0022593553999999995,0.9977406446,0.09999999999999998
ViSmish_02101,1,1,0.9996258,True,1.0,paraphrased,BHXH / Trợ cấp giả,1.0,0.99810191,0.0018980899999999634,0.09999999999999998
ViSmish_02102,1,1,0.9992933,True,1.0,synthetic_hard_negative,Khác,1.0,0.99740976,0.002590239999999966,0.09999999999999998
ViSmish_02105,1,1,0.9995839,True,1.0,paraphrased,Crypto / Đầu tư giả,1.0,0.998000526,0.001999474000000001,0.09999999999999998
ViSmish_02107,1,1,0.99956316,True,1.0,paraphrased,Cờ bạc / Betting,1.0,0.99795218,0.0020478200000000335,0.09999999999999998
ViSmish_02108,0,1,0.6174626,False,0.3,real,Khác,0.3,0.016786943099999996,0.9832130569,0.029999999999999992
ViSmish_02111,0,0,0.9984541,True,1.0,synthetic,Dịch vụ công thật,1.0,0.003785912999999999,0.996214087,0.09999999999999998
ViSmish_02112,0,0,0.99935883,True,1.0,external_curated,P2P hard negative,1.0,0.0024704867999999994,0.9975295132,0.09999999999999998
ViSmish_02114,0,0,0.9907267,True,1.0,real,Khác,1.0,0.008821305999999998,0.991178694,0.09999999999999998
ViSmish_02115,0,0,0.999474,True,1.0,external_real,P2P hội thoại thông thường,1.0,0.0022426309999999997,0.997757369,0.09999999999999998
ViSmish_02116,1,1,0.9995962,True,1.0,paraphrased,Đòi nợ / Đe dọa,1.0,0.99802949,0.0019705100000000364,0.09999999999999998
ViSmish_02117,0,0,0.99947006,True,1.0,real,Quảng cáo hợp lệ,1.0,0.0022507477999999994,0.9977492522,0.09999999999999998
ViSmish_02118,1,1,0.999605,True,1.0,paraphrased,Nội dung nhạy cảm,1.0,0.998050976,0.001949023999999966,0.09999999999999998
ViSmish_02119,1,1,0.9995782,True,1.0,paraphrased,Dịch vụ công giả,1.0,0.997987145,0.0020128550000000356,0.09999999999999998
ViSmish_02121,0,0,0.99947315,True,1.0,synthetic,Ngân hàng thật,1.0,0.0022445246999999997,0.9977554753,0.09999999999999998
ViSmish_02122,0,0,0.99943227,True,1.0,real,Tin nhắn cá nhân và OTP,1.0,0.0023278356999999993,0.9976721643,0.09999999999999998
ViSmish_02124,1,1,0.9996137,True,1.0,paraphrased,Cờ bạc / Betting,1.0,0.99807196,0.0019280400000000197,0.09999999999999998
ViSmish_02125,1,0,0.96870047,False,0.3,real,Khác,0.0,1.0,0.0,0.0
ViSmish_02129,0,0,0.99941564,True,1.0,external_real,P2P hội thoại thông thường,1.0,0.0023610202999999994,0.9976389797,0.09999999999999998
ViSmish_02131,1,1,0.99961627,True,1.0,paraphrased,Giả mạo ngân hàng,1.0,0.99807848,0.0019215200000000099,0.09999999999999998
ViSmish_02133,1,1,0.9996132,True,1.0,paraphrased,Crypto / Đầu tư giả,1.0,0.99807084,0.0019291599999999853,0.09999999999999998
ViSmish_02134,0,0,0.99936146,True,1.0,synthetic,Ngân hàng thật,1.0,0.0024654249999999994,0.997534575,0.09999999999999998
ViSmish_02135,1,1,0.9994259,True,1.0,synthetic_hard_negative,Khác,1.0,0.99765926,0.0023407399999999523,0.09999999999999998
ViSmish_02136,0,0,0.9988784,True,1.0,real,Khác,1.0,0.003242213699999999,0.9967577863,0.09999999999999998
ViSmish_02137,1,1,0.9996119,True,1.0,paraphrased,Crypto / Đầu tư giả,1.0,0.998067576,0.0019324240000000437,0.09999999999999998
ViSmish_02138,1,1,0.9996159,True,1.0,paraphrased,Giả mạo ngân hàng,1.0,0.998077583,0.001922416999999954,0.09999999999999998
ViSmish_02139,1,1,0.9996082,True,1.0,paraphrased,Nội dung nhạy cảm,1.0,0.998058766,0.001941234000000014,0.09999999999999998
ViSmish_02143,1,1,0.993849,True,1.0,real,Cờ bạc / Betting,1.0,0.992706656,0.007293344000000035,0.09999999999999998
ViSmish_02144,1,1,0.9996012,True,1.0,paraphrased,Nội dung nhạy cảm,1.0,0.9980416599999999,0.0019583400000000584,0.09999999999999998
ViSmish_02145,1,1,0.9994209,True,1.0,synthetic_hard_negative,Khác,1.0,0.997649336,0.002350663999999947,0.09999999999999998
ViSmish_02146,1,1,0.9996295,True,1.0,paraphrased,Dịch vụ công giả,1.0,0.99811125,0.0018887499999999946,0.09999999999999998
ViSmish_02147,0,0,0.9993955,True,1.0,real,Viễn thông,1.0,0.0024004583999999995,0.9975995416,0.09999999999999998
ViSmish_02148,1,1,0.9996166,True,1.0,paraphrased,Dịch vụ công giả,1.0,0.998079234,0.0019207660000000182,0.09999999999999998
ViSmish_02149,0,0,0.9994209,True,1.0,external_real,P2P hội thoại thông thường,1.0,0.0023506566999999994,0.9976493433,0.09999999999999998
ViSmish_02152,0,0,0.999483,True,1.0,synthetic,Vận chuyển,1.0,0.002223793199999999,0.9977762068,0.09999999999999998
ViSmish_02153,0,0,0.99946064,True,1.0,synthetic,Thương mại điện tử,1.0,0.0022703086999999993,0.9977296913,0.09999999999999998
ViSmish_02154,1,1,0.99960774,True,1.0,paraphrased,Dịch vụ công giả,1.0,0.998057497,0.0019425029999999843,0.09999999999999998
ViSmish_02155,0,0,0.99938047,True,1.0,external_real,P2P hội thoại thông thường,1.0,0.0024291739999999992,0.997570826,0.09999999999999998
ViSmish_02156,1,1,0.9996202,True,1.0,paraphrased,Dịch vụ công giả,1.0,0.998088205,0.0019117950000000494,0.09999999999999998
ViSmish_02157,0,0,0.99942315,True,1.0,external_curated,P2P hard negative,1.0,0.0023460885999999994,0.9976539114,0.09999999999999998
ViSmish_02159,1,1,0.9994899,True,1.0,synthetic_hard_negative,Khác,1.0,0.99779073,0.002209270000000041,0.09999999999999998
ViSmish_02160,1,1,0.99962723,True,1.0,paraphrased,Tuyển dụng giả,1.0,0.998105687,0.0018943129999999808,0.09999999999999998
ViSmish_02161,1,1,0.9996043,True,1.0,paraphrased,Crypto / Đầu tư giả,1.0,0.998049223,0.0019507770000000146,0.09999999999999998
ViSmish_02167,0,0,0.99942327,True,1.0,external_real,P2P hội thoại thông thường,1.0,0.0023458351999999993,0.9976541648,0.09999999999999998
ViSmish_02168,0,0,0.9994677,True,1.0,synthetic,Viễn thông,1.0,0.0022557679999999996,0.997744232,0.09999999999999998
ViSmish_02169,0,0,0.99919254,True,1.0,external_real,P2P hội thoại thông thường,1.0,0.0027641193999999995,0.9972358806,0.09999999999999998
ViSmish_02173,1,1,0.99958926,True,1.0,paraphrased,Nội dung nhạy cảm,1.0,0.9980130700000001,0.0019869299999999424,0.09999999999999998
ViSmish_02175,1,1,0.99955434,True,1.0,paraphrased,Nội dung nhạy cảm,1.0,0.9979321,0.0020679000000000114,0.09999999999999998
ViSmish_02177,1,1,0.99961984,True,1.0,paraphrased,Giả mạo ngân hàng,1.0,0.99808723,0.001912770000000008,0.09999999999999998
ViSmish_02178,0,0,0.99881786,True,1.0,external_curated,P2P hard negative,1.0,0.003325875999999999,0.996674124,0.09999999999999998
ViSmish_02179,1,1,0.99960405,True,1.0,paraphrased,Dịch vụ công giả,1.0,0.99804844,0.0019515599999999633,0.09999999999999998
ViSmish_02180,1,1,0.99960905,True,1.0,paraphrased,Crypto / Đầu tư giả,1.0,0.998060536,0.0019394640000000019,0.09999999999999998
ViSmish_02181,1,1,0.9995328,True,1.0,paraphrased,Crypto / Đầu tư giả,1.0,0.9978837700000001,0.002116229999999941,0.09999999999999998
ViSmish_02182,1,1,0.99959844,True,1.0,synthetic_hard_negative,Khác,1.0,0.998035103,0.001964897000000021,0.09999999999999998
ViSmish_02183,1,1,0.9995901,True,1.0,paraphrased,Crypto / Đầu tư giả,1.0,0.99801513,0.0019848700000000274,0.09999999999999998
ViSmish_02184,1,1,0.9996006,True,1.0,paraphrased,Đòi nợ / Đe dọa,1.0,0.99804016,0.001959840000000046,0.09999999999999998
ViSmish_02185,0,0,0.99922776,True,1.0,synthetic,Quảng cáo hợp lệ,1.0,0.0027048890999999994,0.9972951109,0.09999999999999998
ViSmish_02186,0,0,0.9994456,True,1.0,synthetic,Viễn thông,1.0,0.0023010400999999995,0.9976989599,0.09999999999999998
ViSmish_02188,0,0,0.99943465,True,1.0,real,Viễn thông,1.0,0.0023231849999999993,0.997676815,0.09999999999999998
ViSmish_02189,0,0,0.99947935,True,1.0,synthetic,Vận chuyển,1.0,0.0022314894999999994,0.9977685105,0.09999999999999998
ViSmish_02190,1,1,0.9996228,True,1.0,paraphrased,Crypto / Đầu tư giả,1.0,0.99809472,0.0019052800000000092,0.09999999999999998
ViSmish_02191,1,1,0.99961394,True,1.0,paraphrased,Dịch vụ công giả,1.0,0.9980724599999999,0.0019275400000000609,0.09999999999999998
ViSmish_02192,1,1,0.99962735,True,1.0,paraphrased,Tuyển dụng giả,1.0,0.998105985,0.0018940149999999711,0.09999999999999998
ViSmish_02193,0,0,0.9993494,True,1.0,real,Quảng cáo hợp lệ,1.0,0.0024880829999999994,0.997511917,0.09999999999999998
ViSmish_02196,1,1,0.9995999,True,1.0,paraphrased,Nội dung nhạy cảm,1.0,0.99803843,0.001961569999999968,0.09999999999999998
ViSmish_02197,1,1,0.9996313,True,1.0,paraphrased,Cờ bạc / Betting,1.0,0.99811577,0.0018842300000000423,0.09999999999999998
ViSmish_02198,0,0,0.9993961,True,1.0,synthetic,Ngân hàng thật,1.0,0.0023992523999999994,0.9976007476,0.09999999999999998
ViSmish_02200,0,0,0.9992685,True,1.0,external_real,P2P hội thoại thông thường,1.0,0.0026344585999999994,0.9973655414,0.09999999999999998
ViSmish_02202,0,0,0.999313,True,1.0,external_real,P2P hội thoại thông thường,1.0,0.0025549189999999992,0.997445081,0.09999999999999998
ViSmish_02203,1,1,0.99962866,True,1.0,paraphrased,BHXH / Trợ cấp giả,1.0,0.99810921,0.001890790000000031,0.09999999999999998
ViSmish_02204,0,0,0.9992668,True,1.0,external_curated,P2P hard negative,1.0,0.0026372970999999994,0.9973627029,0.09999999999999998
ViSmish_02206,1,1,0.9994961,True,1.0,synthetic_hard_negative,Giả mạo ngân hàng,1.0,0.997804,0.0021959999999999757,0.09999999999999998
ViSmish_02207,0,0,0.9994703,True,1.0,real,Viễn thông,1.0,0.0022502932999999992,0.9977497067,0.09999999999999998
ViSmish_02208,1,1,0.9995907,True,1.0,paraphrased,Tuyển dụng giả,1.0,0.99801657,0.0019834300000000082,0.09999999999999998
ViSmish_02209,0,0,0.9994355,True,1.0,real,Viễn thông,1.0,0.0023213819999999994,0.997678618,0.09999999999999998
ViSmish_02212,1,1,0.99961394,True,1.0,paraphrased,Tuyển dụng giả,1.0,0.998072666,0.0019273340000000028,0.09999999999999998
ViSmish_02213,0,0,0.9994338,True,1.0,real,Khác,1.0,0.0023246492999999995,0.9976753507,0.09999999999999998
ViSmish_02216,1,1,0.9996031,True,1.0,paraphrased,Nội dung nhạy cảm,1.0,0.998046255,0.0019537450000000067,0.09999999999999998
ViSmish_02217,0,0,0.99943596,True,1.0,real,Ngân hàng thật,1.0,0.0023203726999999996,0.9976796273,0.09999999999999998
ViSmish_02219,1,1,0.9993492,True,1.0,paraphrased,Nội dung nhạy cảm,1.0,0.997511566,0.002488433999999984,0.09999999999999998
ViSmish_02221,0,0,0.99947613,True,1.0,synthetic,Thương mại điện tử,1.0,0.0022382156999999994,0.9977617843,0.09999999999999998
ViSmish_02222,1,1,0.99952126,True,1.0,paraphrased,Cờ bạc / Betting,1.0,0.99785824,0.0021417599999999926,0.09999999999999998
ViSmish_02223,1,1,0.99961734,True,1.0,paraphrased,Cờ bạc / Betting,1.0,0.998081136,0.0019188639999999646,0.09999999999999998
ViSmish_02224,1,1,0.9996196,True,1.0,paraphrased,Dịch vụ công giả,1.0,0.99808656,0.001913440000000044,0.09999999999999998
ViSmish_02225,0,0,0.99948126,True,1.0,real,Viễn thông,1.0,0.0022274581999999995,0.9977725418,0.09999999999999998
ViSmish_02226,0,0,0.99942195,True,1.0,real,Quảng cáo hợp lệ,1.0,0.0023485008999999998,0.9976514991,0.09999999999999998
ViSmish_02227,1,1,0.9995018,True,1.0,paraphrased,Crypto / Đầu tư giả,1.0,0.99781626,0.0021837399999999896,0.09999999999999998
ViSmish_02228,1,1,0.99949014,True,1.0,synthetic_hard_negative,BHXH / Trợ cấp giả,1.0,0.997791255,0.002208745000000012,0.09999999999999998
ViSmish_02229,0,0,0.9994319,True,1.0,real,Vận chuyển,1.0,0.0023286418999999992,0.9976713581,0.09999999999999998
ViSmish_02230,1,1,0.99952734,True,1.0,paraphrased,Cờ bạc / Betting,1.0,0.99787163,0.0021283699999999905,0.09999999999999998
ViSmish_02232,1,1,0.99953306,True,1.0,paraphrased,Crypto / Đầu tư giả,1.0,0.99788431,0.0021156900000000034,0.09999999999999998
ViSmish_02233,1,1,0.9996221,True,1.0,paraphrased,BHXH / Trợ cấp giả,1.0,0.99809271,0.001907290000000006,0.09999999999999998
ViSmish_02234,1,1,0.99959165,True,1.0,paraphrased,Dịch vụ công giả,1.0,0.99801894,0.001981059999999979,0.09999999999999998
ViSmish_02236,0,0,0.99937195,True,1.0,real,Viễn thông,1.0,0.0024457019999999993,0.997554298,0.09999999999999998
ViSmish_02237,1,1,0.9996213,True,1.0,paraphrased,Đòi nợ / Đe dọa,1.0,0.99809083,0.0019091700000000156,0.09999999999999998
ViSmish_02238,1,1,0.99955434,True,1.0,real,BHXH / Trợ cấp giả,1.0,0.9979322,0.002067799999999953,0.09999999999999998
ViSmish_02239,1,1,0.998302,True,1.0,real,Giả mạo ngân hàng,1.0,0.99603914,0.003960859999999955,0.09999999999999998
ViSmish_02240,1,1,0.99960846,True,1.0,paraphrased,BHXH / Trợ cấp giả,1.0,0.9980592699999999,0.0019407300000000571,0.09999999999999998
ViSmish_02242,1,1,0.99955887,True,1.0,synthetic_hard_negative,Khác,1.0,0.99794239,0.002057610000000043,0.09999999999999998
ViSmish_02243,1,1,0.999561,True,1.0,paraphrased,Nội dung nhạy cảm,1.0,0.997947353,0.002052646999999963,0.09999999999999998
ViSmish_02244,1,1,0.99961793,True,1.0,paraphrased,BHXH / Trợ cấp giả,1.0,0.998082626,0.0019173740000000272,0.09999999999999998
ViSmish_02245,0,0,0.9994266,True,1.0,synthetic,Ngân hàng thật,1.0,0.0023392797999999995,0.9976607202,0.09999999999999998
ViSmish_02246,1,1,0.9995202,True,1.0,paraphrased,Đòi nợ / Đe dọa,1.0,0.997855854,0.0021441460000000134,0.09999999999999998
ViSmish_02247,1,1,0.99958104,True,1.0,paraphrased,Đòi nợ / Đe dọa,1.0,0.997993684,0.002006316000000008,0.09999999999999998
ViSmish_02248,1,1,0.99958235,True,1.0,paraphrased,Crypto / Đầu tư giả,1.0,0.99799691,0.002003089999999985,0.09999999999999998
ViSmish_02249,0,0,0.999488,True,1.0,synthetic,Vận chuyển,1.0,0.0022132662999999994,0.9977867337,0.09999999999999998
ViSmish_02251,0,0,0.99947065,True,1.0,synthetic,Thương mại điện tử,1.0,0.0022496476999999994,0.9977503523,0.09999999999999998
ViSmish_02252,0,0,0.9994815,True,1.0,synthetic,Thương mại điện tử,1.0,0.0022268672999999992,0.9977731327,0.09999999999999998
ViSmish_02253,0,0,0.9994406,True,1.0,external_real,P2P hội thoại thông thường,1.0,0.0023110771999999996,0.9976889228,0.09999999999999998
ViSmish_02254,0,0,0.9994566,True,1.0,real,Khác,1.0,0.0022787026999999994,0.9977212973,0.09999999999999998
ViSmish_02255,1,1,0.99959975,True,1.0,paraphrased,Nội dung nhạy cảm,1.0,0.998038095,0.0019619050000000415,0.09999999999999998
ViSmish_02256,0,0,0.9994549,True,1.0,synthetic,Viễn thông,1.0,0.0022821384999999993,0.9977178615,0.09999999999999998
ViSmish_02259,1,1,0.99915814,True,1.0,paraphrased,BHXH / Trợ cấp giả,1.0,0.99717924,0.0028207599999999777,0.09999999999999998
ViSmish_02260,1,1,0.9996228,True,1.0,paraphrased,Giả mạo ngân hàng,1.0,0.99809457,0.0019054299999999857,0.09999999999999998
ViSmish_02263,1,1,0.9996074,True,1.0,paraphrased,Cờ bạc / Betting,1.0,0.99805668,0.0019433199999999706,0.09999999999999998
ViSmish_02265,1,1,0.99941885,True,1.0,real,Giả mạo ngân hàng,1.0,0.99764534,0.002354659999999953,0.09999999999999998
ViSmish_02266,1,1,0.9995914,True,1.0,paraphrased,Cờ bạc / Betting,1.0,0.99801823,0.001981769999999994,0.09999999999999998
ViSmish_02267,0,0,0.9994784,True,1.0,real,Viễn thông,1.0,0.0022335609999999994,0.997766439,0.09999999999999998
ViSmish_02268,1,1,0.9995091,True,1.0,paraphrased,Cờ bạc / Betting,1.0,0.99783176,0.0021682400000000435,0.09999999999999998
ViSmish_02269,1,1,0.99952316,True,1.0,synthetic_hard_negative,Khác,1.0,0.99786243,0.002137570000000033,0.09999999999999998
ViSmish_02270,1,1,0.99961936,True,1.0,paraphrased,Cờ bạc / Betting,1.0,0.998085964,0.0019140359999999523,0.09999999999999998
ViSmish_02271,1,1,0.99482274,True,1.0,synthetic_hard_negative,Giả mạo ngân hàng,1.0,0.99327142,0.006728579999999984,0.09999999999999998
ViSmish_02272,1,1,0.9996196,True,1.0,paraphrased,Crypto / Đầu tư giả,1.0,0.99808657,0.0019134299999999937,0.09999999999999998
ViSmish_02273,1,1,0.9995796,True,1.0,paraphrased,Dịch vụ công giả,1.0,0.99799048,0.002009519999999987,0.09999999999999998
ViSmish_02275,1,1,0.99946266,True,1.0,synthetic_hard_negative,Dịch vụ công giả,1.0,0.99773376,0.002266239999999975,0.09999999999999998
ViSmish_02276,1,1,0.9995136,True,1.0,paraphrased,Giả mạo ngân hàng,1.0,0.997841656,0.0021583440000000342,0.09999999999999998
ViSmish_02277,1,1,0.9994814,True,1.0,paraphrased,Dịch vụ công giả,1.0,0.99777284,0.002227160000000006,0.09999999999999998
ViSmish_02278,1,1,0.99962616,True,1.0,paraphrased,Giả mạo ngân hàng,1.0,0.998102885,0.0018971150000000048,0.09999999999999998
ViSmish_02280,1,1,0.98803514,True,1.0,synthetic_hard_negative,Khác,1.0,0.9900865,0.00991350000000002,0.09999999999999998
ViSmish_02281,1,1,0.99941146,True,1.0,paraphrased,Dịch vụ công giả,1.0,0.99763084,0.0023691599999999813,0.09999999999999998
ViSmish_02282,1,1,0.999613,True,1.0,paraphrased,Dịch vụ công giả,1.0,0.998070127,0.0019298730000000264,0.09999999999999998
ViSmish_02283,0,0,0.9994765,True,1.0,synthetic,Vận chuyển,1.0,0.0022375901999999994,0.9977624098,0.09999999999999998
ViSmish_02284,0,0,0.9993753,True,1.0,synthetic,Thương mại điện tử,1.0,0.0024393118999999994,0.9975606881,0.09999999999999998
ViSmish_02285,1,1,0.99962807,True,1.0,paraphrased,Đòi nợ / Đe dọa,1.0,0.998107785,0.0018922150000000304,0.09999999999999998
ViSmish_02287,0,0,0.99944085,True,1.0,synthetic,Tin nhắn cá nhân và OTP,1.0,0.0023106641999999997,0.9976893358,0.09999999999999998
ViSmish_02288,0,0,0.99947673,True,1.0,synthetic,Vận chuyển,1.0,0.0022370000999999994,0.9977629999,0.09999999999999998
ViSmish_02289,0,0,0.99947983,True,1.0,real,Tin nhắn cá nhân và OTP,1.0,0.0022304789999999996,0.997769521,0.09999999999999998
ViSmish_02290,1,1,0.9996123,True,1.0,paraphrased,Nội dung nhạy cảm,1.0,0.99806865,0.0019313499999999983,0.09999999999999998
ViSmish_02291,1,1,0.9996087,True,1.0,paraphrased,Nội dung nhạy cảm,1.0,0.998059845,0.001940154999999999,0.09999999999999998
ViSmish_02292,0,0,0.9993899,True,1.0,external_real,P2P hội thoại thông thường,1.0,0.0024112997999999994,0.9975887002,0.09999999999999998
ViSmish_02293,1,1,0.9996195,True,1.0,paraphrased,Đòi nợ / Đe dọa,1.0,0.9980864,0.0019135999999999598,0.09999999999999998
ViSmish_02294,0,0,0.9994031,True,1.0,synthetic,Dịch vụ công thật,1.0,0.0023855996999999993,0.9976144003,0.09999999999999998
ViSmish_02295,0,0,0.9993519,True,1.0,real,Viễn thông,1.0,0.0024833008999999994,0.9975166991,0.09999999999999998
ViSmish_02297,1,1,0.9995553,True,1.0,paraphrased,Crypto / Đầu tư giả,1.0,0.997934353,0.002065647000000004,0.09999999999999998
ViSmish_02298,0,0,0.9994666,True,1.0,real,Khác,1.0,0.0022580334999999993,0.9977419665,0.09999999999999998
ViSmish_02299,1,1,0.9996226,True,1.0,paraphrased,Dịch vụ công giả,1.0,0.99809398,0.0019060199999999528,0.09999999999999998
ViSmish_02300,0,0,0.99943846,True,1.0,synthetic,Viễn thông,1.0,0.0023153760999999992,0.9976846239,0.09999999999999998
ViSmish_02303,1,1,0.99962103,True,1.0,paraphrased,Giả mạo ngân hàng,1.0,0.99809013,0.0019098699999999802,0.09999999999999998
ViSmish_02304,1,1,0.99962115,True,1.0,paraphrased,Dịch vụ công giả,1.0,0.99809059,0.0019094100000000003,0.09999999999999998
ViSmish_02305,1,1,0.99954826,True,1.0,synthetic_hard_negative,Giả mạo ngân hàng,1.0,0.99791834,0.002081659999999985,0.09999999999999998
ViSmish_02306,1,1,0.9995987,True,1.0,paraphrased,Tuyển dụng giả,1.0,0.9980356,0.0019643999999999773,0.09999999999999998
ViSmish_02307,0,0,0.999435,True,1.0,real,Viễn thông,1.0,0.0023222544999999995,0.9976777455,0.09999999999999998
ViSmish_02308,1,1,0.999546,True,1.0,paraphrased,Đòi nợ / Đe dọa,1.0,0.99791327,0.0020867300000000366,0.09999999999999998
ViSmish_02309,0,0,0.99949706,True,1.0,synthetic,Vận chuyển,1.0,0.0021938571999999996,0.9978061428,0.09999999999999998
ViSmish_02310,1,0,0.9972331,False,0.3,real,Cờ bạc / Betting,0.0,1.0,0.0,0.0
ViSmish_02311,1,1,0.9995958,True,1.0,paraphrased,Nội dung nhạy cảm,1.0,0.99802874,0.00197126000000003,0.09999999999999998
ViSmish_02312,1,1,0.99961686,True,1.0,paraphrased,Giả mạo ngân hàng,1.0,0.99807998,0.0019200200000000223,0.09999999999999998
ViSmish_02316,1,1,0.99961686,True,1.0,paraphrased,Dịch vụ công giả,1.0,0.99807982,0.001920180000000049,0.09999999999999998
ViSmish_02317,0,0,0.99934846,True,1.0,synthetic,Ngân hàng thật,1.0,0.0024898369999999995,0.997510163,0.09999999999999998
ViSmish_02318,0,0,0.99944335,True,1.0,real,Tin nhắn cá nhân và OTP,1.0,0.0023055137999999993,0.9976944862,0.09999999999999998
ViSmish_02319,0,0,0.9993759,True,1.0,real,Viễn thông,1.0,0.0024381333999999996,0.9975618666,0.09999999999999998
ViSmish_02322,1,1,0.99962044,True,1.0,paraphrased,Tuyển dụng giả,1.0,0.99808874,0.0019112599999999702,0.09999999999999998
ViSmish_02323,0,0,0.99947566,True,1.0,synthetic,Ngân hàng thật,1.0,0.0022393213999999995,0.9977606786,0.09999999999999998
ViSmish_02325,1,1,0.9996264,True,1.0,paraphrased,Tuyển dụng giả,1.0,0.99810333,0.0018966700000000447,0.09999999999999998
ViSmish_02326,0,0,0.99944466,True,1.0,real,Khác,1.0,0.0023027954999999996,0.9976972045,0.09999999999999998
ViSmish_02327,0,0,0.99939454,True,1.0,real,Viễn thông,1.0,0.0024021759999999994,0.997597824,0.09999999999999998
ViSmish_02328,0,0,0.99938583,True,1.0,external_real,P2P hội thoại thông thường,1.0,0.0024189281999999995,0.9975810718,0.09999999999999998
ViSmish_02329,0,0,0.9994875,True,1.0,synthetic,Thương mại điện tử,1.0,0.002214137999999999,0.997785862,0.09999999999999998
ViSmish_02330,1,1,0.9996166,True,1.0,paraphrased,Dịch vụ công giả,1.0,0.99807928,0.0019207199999999869,0.09999999999999998
ViSmish_02331,1,1,0.9996302,True,1.0,paraphrased,Dịch vụ công giả,1.0,0.99811298,0.0018870199999999615,0.09999999999999998
ViSmish_02333,1,1,0.9995876,True,1.0,paraphrased,Crypto / Đầu tư giả,1.0,0.998009354,0.001990645999999985,0.09999999999999998
ViSmish_02334,0,0,0.9994173,True,1.0,real,Viễn thông,1.0,0.0023577723999999994,0.9976422276,0.09999999999999998
ViSmish_02335,0,0,0.9994764,True,1.0,synthetic,Viễn thông,1.0,0.0022377795999999994,0.9977622204,0.09999999999999998
ViSmish_02336,1,1,0.9993907,True,1.0,real,Giả mạo ngân hàng,1.0,0.997590387,0.002409612999999977,0.09999999999999998
ViSmish_02338,1,1,0.9996164,True,1.0,paraphrased,Tuyển dụng giả,1.0,0.99807865,0.0019213500000000439,0.09999999999999998
ViSmish_02339,1,1,0.9996208,True,1.0,paraphrased,BHXH / Trợ cấp giả,1.0,0.99808972,0.001910280000000042,0.09999999999999998
ViSmish_02340,0,0,0.9994854,True,1.0,synthetic,Vận chuyển,1.0,0.0022186891999999995,0.9977813108,0.09999999999999998
ViSmish_02342,0,0,0.9993641,True,1.0,real,Viễn thông,1.0,0.0024605551999999993,0.9975394448,0.09999999999999998
ViSmish_02343,0,0,0.9992353,True,1.0,external_curated,P2P hard negative,1.0,0.0026919422999999994,0.9973080577,0.09999999999999998
ViSmish_02345,1,1,0.99960953,True,1.0,paraphrased,Nội dung nhạy cảm,1.0,0.99806176,0.00193823999999998,0.09999999999999998
ViSmish_02346,1,1,0.99960583,True,1.0,paraphrased,Nội dung nhạy cảm,1.0,0.99805298,0.0019470200000000215,0.09999999999999998
ViSmish_02348,0,0,0.99935085,True,1.0,external_real,P2P hội thoại thông thường,1.0,0.0024852957999999996,0.9975147042,0.09999999999999998
ViSmish_02349,1,1,0.99960345,True,1.0,paraphrased,Giả mạo ngân hàng,1.0,0.99804708,0.0019529200000000246,0.09999999999999998
ViSmish_02350,0,0,0.999131,True,1.0,synthetic,Ngân hàng thật,1.0,0.0028646662999999993,0.9971353337,0.09999999999999998
ViSmish_02351,1,1,0.99960274,True,1.0,paraphrased,Crypto / Đầu tư giả,1.0,0.99804524,0.0019547600000000553,0.09999999999999998
ViSmish_02352,1,1,0.99962723,True,1.0,paraphrased,Dịch vụ công giả,1.0,0.998105514,0.001894485999999973,0.09999999999999998
ViSmish_02353,0,0,0.99938285,True,1.0,real,Quảng cáo hợp lệ,1.0,0.0024246837999999994,0.9975753162,0.09999999999999998
ViSmish_02354,1,1,0.99962926,True,1.0,paraphrased,Dịch vụ công giả,1.0,0.99811063,0.0018893700000000013,0.09999999999999998
ViSmish_02356,0,0,0.99941933,True,1.0,real,Tin nhắn cá nhân và OTP,1.0,0.0023537175999999993,0.9976462824,0.09999999999999998
ViSmish_02357,0,0,0.9994618,True,1.0,real,Ngân hàng thật,1.0,0.0022678767999999992,0.9977321232,0.09999999999999998
ViSmish_02358,1,1,0.9996183,True,1.0,paraphrased,Cờ bạc / Betting,1.0,0.998083395,0.0019166050000000157,0.09999999999999998
ViSmish_02359,1,1,0.99951804,True,1.0,paraphrased,Nội dung nhạy cảm,1.0,0.99785124,0.002148759999999972,0.09999999999999998
ViSmish_02360,0,0,0.99945503,True,1.0,real,Viễn thông,1.0,0.0022818244999999997,0.9977181755,0.09999999999999998
ViSmish_02361,1,1,0.9996119,True,1.0,paraphrased,Tuyển dụng giả,1.0,0.99806764,0.0019323599999999663,0.09999999999999998
ViSmish_02362,1,1,0.9996081,True,1.0,paraphrased,Tuyển dụng giả,1.0,0.99805839,0.001941610000000038,0.09999999999999998
ViSmish_02364,0,0,0.99915266,True,1.0,real,Dịch vụ công thật,1.0,0.0028296576999999996,0.9971703423,0.09999999999999998
ViSmish_02365,1,1,0.9996012,True,1.0,paraphrased,Tuyển dụng giả,1.0,0.998041683,0.0019583170000000427,0.09999999999999998
ViSmish_02366,0,0,0.9994049,True,1.0,real,Quảng cáo hợp lệ,1.0,0.0023821377999999997,0.9976178622,0.09999999999999998
ViSmish_02368,1,1,0.99960524,True,1.0,paraphrased,Cờ bạc / Betting,1.0,0.99805132,0.001948680000000036,0.09999999999999998
ViSmish_02370,0,0,0.99948764,True,1.0,synthetic,Vận chuyển,1.0,0.0022139334999999993,0.9977860665,0.09999999999999998
ViSmish_02371,0,0,0.9992899,True,1.0,real,Khác,1.0,0.0025965133999999996,0.9974034866,0.09999999999999998
ViSmish_02374,0,0,0.9994842,True,1.0,synthetic,Viễn thông,1.0,0.0022211156999999994,0.9977788843,0.09999999999999998
ViSmish_02375,0,0,0.99937636,True,1.0,real,Khác,1.0,0.0024372441999999995,0.9975627558,0.09999999999999998
ViSmish_02377,1,1,0.9996245,True,1.0,paraphrased,BHXH / Trợ cấp giả,1.0,0.99809872,0.0019012800000000052,0.09999999999999998
ViSmish_02379,1,1,0.99959475,True,1.0,paraphrased,Cờ bạc / Betting,1.0,0.998026246,0.0019737539999999942,0.09999999999999998
ViSmish_02380,0,0,0.9994216,True,1.0,external_curated,P2P hard negative,1.0,0.0023492438999999994,0.9976507561,0.09999999999999998
ViSmish_02381,1,1,0.9996189,True,1.0,paraphrased,Dịch vụ công giả,1.0,0.99808477,0.0019152300000000455,0.09999999999999998
ViSmish_02384,0,0,0.9994962,True,1.0,synthetic,Dịch vụ y tế,1.0,0.0021956331999999994,0.9978043668,0.09999999999999998
ViSmish_02386,0,0,0.9991862,True,1.0,synthetic,Dịch vụ công thật,1.0,0.002774660099999999,0.9972253399,0.09999999999999998
ViSmish_02387,1,1,0.9994967,True,1.0,synthetic_hard_negative,Khác,1.0,0.99780539,0.0021946099999999857,0.09999999999999998
ViSmish_02388,0,0,0.9993942,True,1.0,external_curated,P2P hard negative,1.0,0.0024028038999999997,0.9975971961,0.09999999999999998
ViSmish_02389,0,0,0.9994142,True,1.0,real,Viễn thông,1.0,0.0023637304,0.9976362696,0.09999999999999998
ViSmish_02390,0,0,0.99945825,True,1.0,real,Ngân hàng thật,1.0,0.0022752819999999996,0.997724718,0.09999999999999998
ViSmish_02391,0,0,0.99946886,True,1.0,synthetic,Quảng cáo hợp lệ,1.0,0.0022533753999999994,0.9977466246,0.09999999999999998
ViSmish_02392,0,0,0.9994018,True,1.0,external_curated,P2P hard negative,1.0,0.0023881969999999995,0.997611803,0.09999999999999998
ViSmish_02394,1,1,0.99956316,True,1.0,paraphrased,Crypto / Đầu tư giả,1.0,0.997952235,0.0020477650000000347,0.09999999999999998
ViSmish_02395,0,0,0.99944156,True,1.0,real,Viễn thông,1.0,0.0023091665999999994,0.9976908334,0.09999999999999998
ViSmish_02396,1,1,0.9995478,True,1.0,paraphrased,Crypto / Đầu tư giả,1.0,0.99791738,0.002082620000000035,0.09999999999999998
ViSmish_02398,0,0,0.99949265,True,1.0,synthetic,Vận chuyển,1.0,0.0022033556999999995,0.9977966443,0.09999999999999998
ViSmish_02399,1,1,0.99961925,True,1.0,paraphrased,Đòi nợ / Đe dọa,1.0,0.99808586,0.0019141400000000086,0.09999999999999998
ViSmish_02400,1,1,0.999608,True,1.0,paraphrased,Crypto / Đầu tư giả,1.0,0.99805815,0.0019418500000000227,0.09999999999999998
ViSmish_02403,1,1,0.99960536,True,1.0,paraphrased,Giả mạo ngân hàng,1.0,0.998051786,0.0019482140000000037,0.09999999999999998
ViSmish_02404,0,0,0.9994848,True,1.0,synthetic,Vận chuyển,1.0,0.0022200792999999995,0.9977799207,0.09999999999999998
ViSmish_02405,0,0,0.9993524,True,1.0,real,Viễn thông,1.0,0.0024824777999999993,0.9975175222,0.09999999999999998
ViSmish_02407,0,0,0.9994752,True,1.0,synthetic,Dịch vụ y tế,1.0,0.0022403301999999996,0.9977596698,0.09999999999999998
ViSmish_02408,0,0,0.9994106,True,1.0,real,Khác,1.0,0.0023708049999999997,0.997629195,0.09999999999999998
ViSmish_02409,0,0,0.99948126,True,1.0,synthetic,Thương mại điện tử,1.0,0.0022275209999999997,0.997772479,0.09999999999999998
ViSmish_02410,0,0,0.9994842,True,1.0,synthetic,Viễn thông,1.0,0.0022212014999999996,0.9977787985,0.09999999999999998
ViSmish_02411,0,0,0.9994747,True,1.0,synthetic,Ngân hàng thật,1.0,0.0022411609999999993,0.997758839,0.09999999999999998
ViSmish_02413,1,1,0.9995326,True,1.0,synthetic_hard_negative,Khác,1.0,0.99788326,0.0021167399999999503,0.09999999999999998
ViSmish_02415,1,1,0.9996221,True,1.0,paraphrased,Dịch vụ công giả,1.0,0.998092777,0.0019072230000000134,0.09999999999999998
ViSmish_02418,0,0,0.9994086,True,1.0,synthetic,Quảng cáo hợp lệ,1.0,0.0023748278999999994,0.9976251721,0.09999999999999998
ViSmish_02419,0,0,0.999113,True,1.0,external_curated,P2P hard negative,1.0,0.0028933267999999997,0.9971066732,0.09999999999999998
ViSmish_02420,1,1,0.99959785,True,1.0,paraphrased,Tuyển dụng giả,1.0,0.998033625,0.0019663749999999647,0.09999999999999998
ViSmish_02423,1,1,0.99959964,True,1.0,paraphrased,Cờ bạc / Betting,1.0,0.998037773,0.0019622270000000386,0.09999999999999998
ViSmish_02424,1,1,0.99959606,True,1.0,real,Giả mạo ngân hàng,1.0,0.99802935,0.0019706499999999627,0.09999999999999998
ViSmish_02425,0,0,0.9994778,True,1.0,synthetic,Vận chuyển,1.0,0.0022347894999999993,0.9977652105,0.09999999999999998
ViSmish_02428,1,1,0.9996208,True,1.0,paraphrased,Tuyển dụng giả,1.0,0.998089695,0.001910305000000001,0.09999999999999998
ViSmish_02429,0,0,0.9994741,True,1.0,synthetic,Dịch vụ công thật,1.0,0.0022425412999999995,0.9977574587,0.09999999999999998
ViSmish_02430,1,1,0.99959797,True,1.0,paraphrased,Nội dung nhạy cảm,1.0,0.99803396,0.0019660400000000022,0.09999999999999998
ViSmish_02431,0,0,0.9994425,True,1.0,synthetic,Thương mại điện tử,1.0,0.0023073467999999995,0.9976926532,0.09999999999999998
ViSmish_02432,1,1,0.9996264,True,1.0,paraphrased,BHXH / Trợ cấp giả,1.0,0.99810346,0.0018965399999999466,0.09999999999999998
ViSmish_02433,0,0,0.99937904,True,1.0,real,Quảng cáo hợp lệ,1.0,0.0024319009999999993,0.997568099,0.09999999999999998
ViSmish_02434,0,0,0.9993993,True,1.0,synthetic,Dịch vụ công thật,1.0,0.0023928945999999993,0.9976071054,0.09999999999999998
ViSmish_02436,0,0,0.99909306,True,1.0,external_curated,P2P hard negative,1.0,0.0029247859999999995,0.997075214,0.09999999999999998
ViSmish_02438,0,0,0.9993647,True,1.0,synthetic,Dịch vụ công thật,1.0,0.0024594325999999994,0.9975405674,0.09999999999999998
ViSmish_02439,0,0,0.9994342,True,1.0,external_curated,P2P hard negative,1.0,0.0023239479999999993,0.997676052,0.09999999999999998
ViSmish_02440,0,0,0.9994547,True,1.0,synthetic,Dịch vụ y tế,1.0,0.0022825575999999995,0.9977174424,0.09999999999999998
ViSmish_02441,0,0,0.9994399,True,1.0,external_real,P2P hội thoại thông thường,1.0,0.0023126042999999995,0.9976873957,0.09999999999999998
ViSmish_02442,1,1,0.99960274,True,1.0,paraphrased,Nội dung nhạy cảm,1.0,0.998045313,0.0019546870000000105,0.09999999999999998
ViSmish_02449,0,0,0.9994824,True,1.0,synthetic,Viễn thông,1.0,0.0022249919999999994,0.997775008,0.09999999999999998
ViSmish_02450,0,0,0.9994823,True,1.0,synthetic,Thương mại điện tử,1.0,0.0022253466999999994,0.9977746533,0.09999999999999998
ViSmish_02451,0,0,0.9994869,True,1.0,synthetic,Vận chuyển,1.0,0.0022153883999999993,0.9977846116,0.09999999999999998
ViSmish_02452,1,1,0.99961567,True,1.0,paraphrased,Đòi nợ / Đe dọa,1.0,0.998076975,0.0019230249999999671,0.09999999999999998
ViSmish_02454,1,1,0.999624,True,1.0,paraphrased,Nội dung nhạy cảm,1.0,0.99809761,0.0019023900000000316,0.09999999999999998
ViSmish_02456,1,1,0.9996302,True,1.0,paraphrased,Tuyển dụng giả,1.0,0.998112994,0.0018870060000000244,0.09999999999999998
ViSmish_02457,1,1,0.999603,True,1.0,paraphrased,BHXH / Trợ cấp giả,1.0,0.99804608,0.0019539200000000534,0.09999999999999998
ViSmish_02458,0,0,0.99945015,True,1.0,external_curated,P2P hard negative,1.0,0.0022917402999999992,0.9977082597,0.09999999999999998
ViSmish_02460,0,0,0.99945396,True,1.0,synthetic,Dịch vụ công thật,1.0,0.0022840458999999996,0.9977159541,0.09999999999999998
ViSmish_02461,1,1,0.999622,True,1.0,paraphrased,Giả mạo ngân hàng,1.0,0.99809245,0.00190754999999998,0.09999999999999998
ViSmish_02462,0,0,0.99942625,True,1.0,synthetic,Viễn thông,1.0,0.0023399339999999997,0.997660066,0.09999999999999998
ViSmish_02466,0,0,0.9994497,True,1.0,synthetic,Ngân hàng thật,1.0,0.0022926659999999996,0.997707334,0.09999999999999998
ViSmish_02467,0,0,0.9994128,True,1.0,external_curated,P2P hard negative,1.0,0.0023666692999999993,0.9976333307,0.09999999999999998
ViSmish_02468,1,1,0.9995915,True,1.0,paraphrased,Nội dung nhạy cảm,1.0,0.998018575,0.001981424999999981,0.09999999999999998
ViSmish_02469,0,0,0.99944466,True,1.0,real,Viễn thông,1.0,0.0023028473999999995,0.9976971526,0.09999999999999998
ViSmish_02470,0,0,0.99867994,True,1.0,real,Dịch vụ công thật,1.0,0.0035080639999999995,0.996491936,0.09999999999999998
ViSmish_02472,0,0,0.9994467,True,1.0,real,Viễn thông,1.0,0.0022987683999999998,0.9977012316,0.09999999999999998
ViSmish_02473,0,0,0.9993228,True,1.0,external_curated,P2P hard negative,1.0,0.0025373142,0.9974626858,0.09999999999999998
ViSmish_02474,0,0,0.99936324,True,1.0,real,Quảng cáo hợp lệ,1.0,0.0024620072999999992,0.9975379927,0.09999999999999998
ViSmish_02475,0,0,0.9994874,True,1.0,real,Tin nhắn cá nhân và OTP,1.0,0.0022143601999999995,0.9977856398,0.09999999999999998
ViSmish_02476,0,0,0.9994535,True,1.0,synthetic,Thương mại điện tử,1.0,0.0022849687999999995,0.9977150312,0.09999999999999998
ViSmish_02478,1,1,0.99955684,True,1.0,paraphrased,Giả mạo ngân hàng,1.0,0.99793793,0.002062070000000027,0.09999999999999998
ViSmish_02481,1,1,0.99933225,True,1.0,synthetic_hard_negative,Khác,1.0,0.99748024,0.002519759999999982,0.09999999999999998
ViSmish_02483,1,1,0.99960464,True,1.0,paraphrased,Giả mạo ngân hàng,1.0,0.998049897,0.0019501029999999808,0.09999999999999998
ViSmish_02486,1,1,0.9994135,True,1.0,synthetic_hard_negative,BHXH / Trợ cấp giả,1.0,0.99763482,0.0023651799999999668,0.09999999999999998
ViSmish_02487,1,1,0.9996238,True,1.0,paraphrased,Giả mạo ngân hàng,1.0,0.99809709,0.00190290999999998,0.09999999999999998
ViSmish_02488,1,1,0.9982046,True,1.0,real,Đòi nợ / Đe dọa,1.0,0.995931506,0.004068493999999978,0.09999999999999998
ViSmish_02489,1,1,0.9996075,True,1.0,paraphrased,Giả mạo ngân hàng,1.0,0.9980568400000001,0.0019431599999999438,0.09999999999999998
ViSmish_02490,1,1,0.9996158,True,1.0,paraphrased,Tuyển dụng giả,1.0,0.998077124,0.0019228759999999623,0.09999999999999998
ViSmish_02491,1,1,0.99958974,True,1.0,paraphrased,Crypto / Đầu tư giả,1.0,0.998014313,0.0019856870000000137,0.09999999999999998
ViSmish_02492,1,1,0.99955624,True,1.0,paraphrased,Crypto / Đầu tư giả,1.0,0.99793658,0.002063420000000038,0.09999999999999998
ViSmish_02493,1,1,0.99961394,True,1.0,paraphrased,Nội dung nhạy cảm,1.0,0.99807247,0.0019275300000000106,0.09999999999999998
ViSmish_02494,1,1,0.9995728,True,1.0,paraphrased,Nội dung nhạy cảm,1.0,0.99797472,0.002025280000000018,0.09999999999999998
ViSmish_02495,0,0,0.9992843,True,1.0,synthetic,Dịch vụ công thật,1.0,0.0026063747999999997,0.9973936252,0.09999999999999998
ViSmish_02496,0,0,0.99949574,True,1.0,synthetic,Thương mại điện tử,1.0,0.0021968038999999996,0.9978031961,0.09999999999999998
ViSmish_02497,0,0,0.99945766,True,1.0,real,Ngân hàng thật,1.0,0.0022763687999999994,0.9977236312,0.09999999999999998
ViSmish_02500,1,1,0.99957293,True,1.0,paraphrased,Crypto / Đầu tư giả,1.0,0.99797499,0.0020250099999999938,0.09999999999999998
ViSmish_02501,0,0,0.9994043,True,1.0,synthetic,Ngân hàng thật,1.0,0.0023831224,0.9976168776,0.09999999999999998
ViSmish_02502,1,1,0.9996191,True,1.0,paraphrased,Giả mạo ngân hàng,1.0,0.998085505,0.0019144949999999605,0.09999999999999998
ViSmish_02504,1,1,0.9996259,True,1.0,paraphrased,BHXH / Trợ cấp giả,1.0,0.99810228,0.0018977199999999916,0.09999999999999998
ViSmish_02505,0,0,0.9994808,True,1.0,synthetic,Thương mại điện tử,1.0,0.0022283795999999997,0.9977716204,0.09999999999999998
ViSmish_02506,1,1,0.9996137,True,1.0,paraphrased,Tuyển dụng giả,1.0,0.998072124,0.001927875999999995,0.09999999999999998
ViSmish_02507,1,1,0.9995617,True,1.0,real,Dịch vụ công giả,1.0,0.997948945,0.002051055000000024,0.09999999999999998
ViSmish_02508,1,1,0.9996061,True,1.0,paraphrased,Cờ bạc / Betting,1.0,0.99805352,0.0019464799999999727,0.09999999999999998
ViSmish_02510,0,0,0.9994716,True,1.0,synthetic,Viễn thông,1.0,0.002247595599999999,0.9977524044,0.09999999999999998
ViSmish_02511,0,0,0.99945086,True,1.0,synthetic,Tin nhắn cá nhân và OTP,1.0,0.0022903246999999996,0.9977096753,0.09999999999999998
ViSmish_02512,0,0,0.99939024,True,1.0,synthetic,Ngân hàng thật,1.0,0.0024105293999999995,0.9975894706,0.09999999999999998
ViSmish_02513,0,0,0.99946994,True,1.0,real,Viễn thông,1.0,0.0022510595999999995,0.9977489404,0.09999999999999998
ViSmish_02514,1,1,0.99961406,True,1.0,paraphrased,Nội dung nhạy cảm,1.0,0.998072994,0.0019270059999999534,0.09999999999999998
ViSmish_02517,1,1,0.99962294,True,1.0,paraphrased,BHXH / Trợ cấp giả,1.0,0.99809488,0.0019051199999999824,0.09999999999999998
ViSmish_02520,0,0,0.9994869,True,1.0,real,Viễn thông,1.0,0.0022155133999999994,0.9977844866,0.09999999999999998
ViSmish_02521,0,0,0.99942124,True,1.0,synthetic,Dịch vụ y tế,1.0,0.002349934999999999,0.997650065,0.09999999999999998
ViSmish_02522,0,0,0.9994698,True,1.0,real,Viễn thông,1.0,0.0022512433999999997,0.9977487566,0.09999999999999998
ViSmish_02523,0,0,0.9993093,True,1.0,real,Viễn thông,1.0,0.0025616995999999995,0.9974383004,0.09999999999999998
ViSmish_02524,1,1,0.9996253,True,1.0,paraphrased,BHXH / Trợ cấp giả,1.0,0.99810091,0.0018990899999999922,0.09999999999999998
ViSmish_02525,1,1,0.99961036,True,1.0,paraphrased,Nội dung nhạy cảm,1.0,0.998063993,0.0019360069999999618,0.09999999999999998
ViSmish_02526,1,1,0.99962056,True,1.0,paraphrased,Tuyển dụng giả,1.0,0.998089063,0.0019109370000000014,0.09999999999999998
ViSmish_02527,1,1,0.9987764,True,1.0,synthetic_hard_negative,Tuyển dụng giả,1.0,0.99661824,0.0033817600000000114,0.09999999999999998
ViSmish_02529,0,0,0.99947363,True,1.0,synthetic,Dịch vụ y tế,1.0,0.0022434593999999994,0.9977565406,0.09999999999999998
ViSmish_02530,1,1,0.99962044,True,1.0,paraphrased,Đòi nợ / Đe dọa,1.0,0.99808864,0.0019113600000000286,0.09999999999999998
ViSmish_02532,0,0,0.9994615,True,1.0,real,Tin nhắn cá nhân và OTP,1.0,0.0022685599999999993,0.99773144,0.09999999999999998
ViSmish_02533,1,1,0.9996227,True,1.0,paraphrased,Cờ bạc / Betting,1.0,0.99809441,0.0019055900000000126,0.09999999999999998
ViSmish_02534,1,1,0.99960107,True,1.0,paraphrased,Đòi nợ / Đe dọa,1.0,0.998041326,0.001958674000000049,0.09999999999999998
ViSmish_02535,0,0,0.99937433,True,1.0,real,Viễn thông,1.0,0.0024410479999999995,0.997558952,0.09999999999999998
ViSmish_02536,1,1,0.99957687,True,1.0,paraphrased,Crypto / Đầu tư giả,1.0,0.997983897,0.0020161029999999913,0.09999999999999998
ViSmish_02537,0,0,0.9994025,True,1.0,external_real,P2P hội thoại thông thường,1.0,0.0023866295999999993,0.9976133704,0.09999999999999998
ViSmish_02538,1,1,0.9996125,True,1.0,paraphrased,BHXH / Trợ cấp giả,1.0,0.998069006,0.0019309939999999637,0.09999999999999998
ViSmish_02539,1,1,0.99961805,True,1.0,paraphrased,Tuyển dụng giả,1.0,0.99808292,0.0019170800000000154,0.09999999999999998
ViSmish_02540,0,0,0.9994823,True,1.0,real,Tin nhắn cá nhân và OTP,1.0,0.0022251275999999997,0.9977748724,0.09999999999999998
ViSmish_02542,1,1,0.9996213,True,1.0,paraphrased,Dịch vụ công giả,1.0,0.998090714,0.0019092859999999545,0.09999999999999998
ViSmish_02544,0,0,0.9994148,True,1.0,real,Ngân hàng thật,1.0,0.002362604399999999,0.9976373956,0.09999999999999998
ViSmish_02545,1,1,0.99956995,True,1.0,paraphrased,Cờ bạc / Betting,1.0,0.9979678869999999,0.0020321130000000576,0.09999999999999998
ViSmish_02547,0,0,0.9994436,True,1.0,synthetic,Ngân hàng thật,1.0,0.0023049590999999997,0.9976950409,0.09999999999999998
ViSmish_02548,0,0,0.9994931,True,1.0,synthetic,Ngân hàng thật,1.0,0.0022023936999999993,0.9977976063,0.09999999999999998
ViSmish_02549,1,1,0.99960357,True,1.0,paraphrased,BHXH / Trợ cấp giả,1.0,0.998047423,0.0019525769999999554,0.09999999999999998
ViSmish_02550,0,0,0.99933237,True,1.0,real,Khác,1.0,0.0025195218999999997,0.9974804781,0.09999999999999998
ViSmish_02551,1,1,0.99961925,True,1.0,paraphrased,Dịch vụ công giả,1.0,0.99808568,0.0019143200000000249,0.09999999999999998
ViSmish_02552,1,1,0.9996076,True,1.0,paraphrased,Crypto / Đầu tư giả,1.0,0.99805731,0.0019426900000000247,0.09999999999999998
ViSmish_02553,0,0,0.9994723,True,1.0,synthetic,Dịch vụ công thật,1.0,0.0022462566999999992,0.9977537433,0.09999999999999998
ViSmish_02554,1,1,0.9995561,True,1.0,synthetic_hard_negative,Khác,1.0,0.99793635,0.0020636499999999725,0.09999999999999998
ViSmish_02556,0,0,0.9991211,True,1.0,real,Viễn thông,1.0,0.0028803569999999996,0.997119643,0.09999999999999998
ViSmish_02557,0,0,0.999491,True,1.0,synthetic,Ngân hàng thật,1.0,0.0022069768999999993,0.9977930231,0.09999999999999998
ViSmish_02558,0,0,0.99945337,True,1.0,external_real,P2P hội thoại thông thường,1.0,0.0022851956999999992,0.9977148043,0.09999999999999998
ViSmish_02559,1,1,0.99962974,True,1.0,paraphrased,Dịch vụ công giả,1.0,0.9981116800000001,0.0018883199999999434,0.09999999999999998
ViSmish_02561,0,0,0.9994593,True,1.0,real,Viễn thông,1.0,0.0022730485999999995,0.9977269514,0.09999999999999998
ViSmish_02563,1,1,0.99954563,True,1.0,paraphrased,Nội dung nhạy cảm,1.0,0.997912633,0.0020873670000000066,0.09999999999999998
ViSmish_02564,1,1,0.9996025,True,1.0,paraphrased,Cờ bạc / Betting,1.0,0.9980449259999999,0.0019550740000000566,0.09999999999999998
ViSmish_02565,1,1,0.99961084,True,1.0,paraphrased,Nội dung nhạy cảm,1.0,0.998064995,0.0019350049999999896,0.09999999999999998
ViSmish_02568,0,0,0.9994691,True,1.0,real,Khác,1.0,0.0022528079999999994,0.997747192,0.09999999999999998
ViSmish_02570,1,1,0.9996265,True,1.0,paraphrased,Dịch vụ công giả,1.0,0.998103917,0.0018960829999999929,0.09999999999999998
ViSmish_02572,0,0,0.9994748,True,1.0,synthetic,Thương mại điện tử,1.0,0.0022409475999999994,0.9977590524,0.09999999999999998
ViSmish_02573,1,1,0.99962676,True,1.0,paraphrased,Giả mạo ngân hàng,1.0,0.99810432,0.0018956799999999552,0.09999999999999998
ViSmish_02574,1,1,0.99958295,True,1.0,paraphrased,Nội dung nhạy cảm,1.0,0.99799817,0.0020018299999999822,0.09999999999999998
ViSmish_02575,1,1,0.9993136,True,1.0,paraphrased,Đòi nợ / Đe dọa,1.0,0.997446126,0.002553873999999956,0.09999999999999998
ViSmish_02580,1,1,0.9995455,True,1.0,paraphrased,Crypto / Đầu tư giả,1.0,0.997912186,0.002087814000000021,0.09999999999999998
ViSmish_02581,1,1,0.9996195,True,1.0,paraphrased,Tuyển dụng giả,1.0,0.99808641,0.0019135900000000206,0.09999999999999998
ViSmish_02582,0,0,0.99943703,True,1.0,synthetic,Viễn thông,1.0,0.0023182159999999997,0.997681784,0.09999999999999998
ViSmish_02584,1,1,0.9995902,True,1.0,paraphrased,Nội dung nhạy cảm,1.0,0.99801531,0.001984690000000011,0.09999999999999998
ViSmish_02585,1,1,0.99960965,True,1.0,paraphrased,Crypto / Đầu tư giả,1.0,0.998062116,0.0019378839999999453,0.09999999999999998
ViSmish_02586,1,1,0.9996118,True,1.0,paraphrased,Cờ bạc / Betting,1.0,0.998067266,0.001932734000000047,0.09999999999999998
ViSmish_02590,1,1,0.9996233,True,1.0,paraphrased,BHXH / Trợ cấp giả,1.0,0.998095715,0.00190428499999995,0.09999999999999998
ViSmish_02593,1,1,0.99957186,True,1.0,paraphrased,Tuyển dụng giả,1.0,0.99797228,0.002027719999999955,0.09999999999999998
ViSmish_02597,0,0,0.9994417,True,1.0,real,Viễn thông,1.0,0.0023088672999999997,0.9976911327,0.09999999999999998
ViSmish_02598,0,0,0.9994326,True,1.0,real,Ngân hàng thật,1.0,0.0023271804999999996,0.9976728195,0.09999999999999998
ViSmish_02604,1,1,0.9996112,True,1.0,paraphrased,Đòi nợ / Đe dọa,1.0,0.99806584,0.001934160000000018,0.09999999999999998
ViSmish_02606,0,0,0.9994925,True,1.0,real,Viễn thông,1.0,0.0022035955999999994,0.9977964044,0.09999999999999998
ViSmish_02607,1,1,0.9995474,True,1.0,paraphrased,Crypto / Đầu tư giả,1.0,0.99791656,0.0020834400000000475,0.09999999999999998
ViSmish_02608,1,1,0.9995608,True,1.0,synthetic_hard_negative,Khác,1.0,0.997946954,0.002053046000000003,0.09999999999999998
ViSmish_02610,0,0,0.9994838,True,1.0,synthetic,Dịch vụ y tế,1.0,0.0022219227999999997,0.9977780772,0.09999999999999998
ViSmish_02613,0,0,0.9992786,True,1.0,synthetic,Quảng cáo hợp lệ,1.0,0.0026166537999999994,0.9973833462,0.09999999999999998
ViSmish_02614,0,0,0.99947137,True,1.0,synthetic,Dịch vụ công thật,1.0,0.0022481776999999994,0.9977518223,0.09999999999999998
ViSmish_02616,0,0,0.99942124,True,1.0,real,Tin nhắn cá nhân và OTP,1.0,0.0023499657999999993,0.9976500342,0.09999999999999998
ViSmish_02617,1,1,0.9996191,True,1.0,paraphrased,Tuyển dụng giả,1.0,0.99808559,0.001914410000000033,0.09999999999999998
ViSmish_02619,1,1,0.99959856,True,1.0,paraphrased,Đòi nợ / Đe dọa,1.0,0.99803547,0.0019645299999999644,0.09999999999999998
ViSmish_02620,0,0,0.9994368,True,1.0,real,Viễn thông,1.0,0.002318819999999999,0.9976811800000001,0.09999999999999998
ViSmish_02623,1,1,0.99896586,True,1.0,paraphrased,Crypto / Đầu tư giả,1.0,0.99688283,0.0031171700000000024,0.09999999999999998
ViSmish_02624,0,0,0.99939966,True,1.0,external_real,P2P hội thoại thông thường,1.0,0.0023922375999999995,0.9976077624,0.09999999999999998
ViSmish_02626,0,0,0.99929404,True,1.0,external_curated,P2P hard negative,1.0,0.0025890154999999994,0.9974109845,0.09999999999999998
ViSmish_02627,0,0,0.99936396,True,1.0,external_curated,P2P hard negative,1.0,0.0024608189999999995,0.997539181,0.09999999999999998
ViSmish_02628,0,0,0.99949086,True,1.0,synthetic,Vận chuyển,1.0,0.0022071074999999996,0.9977928925,0.09999999999999998
ViSmish_02630,1,1,0.9996172,True,1.0,paraphrased,Dịch vụ công giả,1.0,0.9980808,0.0019192000000000098,0.09999999999999998
ViSmish_02631,1,1,0.9996044,True,1.0,paraphrased,Dịch vụ công giả,1.0,0.99804937,0.0019506299999999532,0.09999999999999998
ViSmish_02632,1,1,0.99960333,True,1.0,paraphrased,Cờ bạc / Betting,1.0,0.99804668,0.001953320000000036,0.09999999999999998
ViSmish_02634,1,1,0.999622,True,1.0,paraphrased,Cờ bạc / Betting,1.0,0.9980925860000001,0.0019074139999999407,0.09999999999999998
ViSmish_02635,0,0,0.99947387,True,1.0,synthetic,Thương mại điện tử,1.0,0.0022429839999999995,0.997757016,0.09999999999999998
ViSmish_02639,0,0,0.9994868,True,1.0,synthetic,Dịch vụ công thật,1.0,0.0022156586999999995,0.9977843413,0.09999999999999998
ViSmish_02641,1,1,0.9983669,True,1.0,real,Cờ bạc / Betting,1.0,0.99611269,0.003887309999999977,0.09999999999999998
ViSmish_02642,0,0,0.99942744,True,1.0,external_real,P2P hội thoại thông thường,1.0,0.0023377252999999994,0.9976622747,0.09999999999999998
ViSmish_02643,1,1,0.9994692,True,1.0,synthetic_hard_negative,Đòi nợ / Đe dọa,1.0,0.99774729,0.0022527100000000466,0.09999999999999998
ViSmish_02644,1,1,0.9995247,True,1.0,paraphrased,Đòi nợ / Đe dọa,1.0,0.997866005,0.0021339949999999996,0.09999999999999998
ViSmish_02645,1,1,0.9996164,True,1.0,paraphrased,Nội dung nhạy cảm,1.0,0.99807865,0.0019213500000000439,0.09999999999999998
ViSmish_02647,1,1,0.9995974,True,1.0,paraphrased,Nội dung nhạy cảm,1.0,0.998032343,0.0019676570000000115,0.09999999999999998
ViSmish_02648,0,0,0.9991479,True,1.0,real,Khác,1.0,0.0028374466999999993,0.9971625533,0.09999999999999998
ViSmish_02649,0,0,0.99949133,True,1.0,synthetic,Vận chuyển,1.0,0.002206123399999999,0.9977938766,0.09999999999999998
ViSmish_02650,1,1,0.99962175,True,1.0,paraphrased,Cờ bạc / Betting,1.0,0.99809198,0.0019080200000000103,0.09999999999999998
ViSmish_02651,0,0,0.9994729,True,1.0,synthetic,Dịch vụ y tế,1.0,0.0022449852999999994,0.9977550147,0.09999999999999998
ViSmish_02652,1,1,0.99961936,True,1.0,paraphrased,Nội dung nhạy cảm,1.0,0.99808616,0.0019138400000000555,0.09999999999999998
ViSmish_02655,0,0,0.99946433,True,1.0,real,Khác,1.0,0.0022628217999999993,0.9977371782,0.09999999999999998
ViSmish_02656,1,1,0.9996019,True,1.0,paraphrased,Crypto / Đầu tư giả,1.0,0.99804324,0.001956760000000002,0.09999999999999998
ViSmish_02657,0,0,0.9994752,True,1.0,synthetic,Tin nhắn cá nhân và OTP,1.0,0.0022402526999999992,0.9977597473,0.09999999999999998
ViSmish_02658,0,0,0.99948573,True,1.0,synthetic,Tin nhắn cá nhân và OTP,1.0,0.0022179822999999995,0.9977820177,0.09999999999999998
ViSmish_02659,0,0,0.9994404,True,1.0,real,Tin nhắn cá nhân và OTP,1.0,0.0023115563999999995,0.9976884436,0.09999999999999998
ViSmish_02661,0,0,0.99930286,True,1.0,synthetic,Dịch vụ công thật,1.0,0.0025732844999999996,0.9974267155,0.09999999999999998
ViSmish_02662,0,0,0.9994005,True,1.0,real,Viễn thông,1.0,0.0023907051999999995,0.9976092948,0.09999999999999998
ViSmish_02663,1,1,0.9996203,True,1.0,paraphrased,Dịch vụ công giả,1.0,0.998088294,0.001911706000000013,0.09999999999999998
ViSmish_02664,0,0,0.999483,True,1.0,real,Viễn thông,1.0,0.002223742399999999,0.9977762576,0.09999999999999998
ViSmish_02666,1,1,0.99960893,True,1.0,paraphrased,Nội dung nhạy cảm,1.0,0.99806051,0.0019394900000000437,0.09999999999999998
ViSmish_02668,1,1,0.9996019,True,1.0,paraphrased,Tuyển dụng giả,1.0,0.99804346,0.0019565400000000066,0.09999999999999998
ViSmish_02669,0,0,0.9993955,True,1.0,synthetic,Dịch vụ công thật,1.0,0.0024003219999999994,0.997599678,0.09999999999999998
ViSmish_02670,0,0,0.99927646,True,1.0,real,Viễn thông,1.0,0.0026203929999999995,0.997379607,0.09999999999999998
ViSmish_02675,0,0,0.9991974,True,1.0,real,Viễn thông,1.0,0.0027560676999999994,0.9972439323,0.09999999999999998
ViSmish_02676,1,1,0.99960417,True,1.0,paraphrased,Đòi nợ / Đe dọa,1.0,0.9980489,0.0019510999999999834,0.09999999999999998
ViSmish_02677,0,0,0.99945325,True,1.0,real,Khác,1.0,0.0022855236999999996,0.9977144763,0.09999999999999998
ViSmish_02679,1,1,0.9995907,True,1.0,paraphrased,Đòi nợ / Đe dọa,1.0,0.9980164499999999,0.001983550000000056,0.09999999999999998
ViSmish_02681,1,1,0.9996246,True,1.0,paraphrased,Cờ bạc / Betting,1.0,0.99809904,0.0019009599999999516,0.09999999999999998
ViSmish_02682,1,1,0.9996234,True,1.0,paraphrased,Dịch vụ công giả,1.0,0.99809598,0.0019040200000000063,0.09999999999999998
ViSmish_02683,0,0,0.9993344,True,1.0,real,Khác,1.0,0.0025157756999999994,0.9974842243,0.09999999999999998
ViSmish_02684,0,0,0.9994273,True,1.0,external_real,P2P hội thoại thông thường,1.0,0.0023379099999999995,0.99766209,0.09999999999999998
ViSmish_02686,1,1,0.99960464,True,1.0,paraphrased,Đòi nợ / Đe dọa,1.0,0.9980499860000001,0.0019500139999999444,0.09999999999999998
ViSmish_02687,1,1,0.99954695,True,1.0,paraphrased,Crypto / Đầu tư giả,1.0,0.99791555,0.0020844500000000155,0.09999999999999998
ViSmish_02689,0,0,0.99945825,True,1.0,real,Tin nhắn cá nhân và OTP,1.0,0.0022752019999999996,0.997724798,0.09999999999999998
ViSmish_02690,0,0,0.99937326,True,1.0,real,Viễn thông,1.0,0.0024431904999999993,0.9975568095,0.09999999999999998
ViSmish_02691,1,1,0.9996289,True,1.0,paraphrased,BHXH / Trợ cấp giả,1.0,0.998109686,0.0018903139999999485,0.09999999999999998
ViSmish_02692,1,1,0.9995727,True,1.0,paraphrased,Nội dung nhạy cảm,1.0,0.99797433,0.0020256699999999794,0.09999999999999998
ViSmish_02693,1,1,0.99961495,True,1.0,paraphrased,Dịch vụ công giả,1.0,0.998075163,0.0019248370000000126,0.09999999999999998
ViSmish_02696,0,0,0.9982331,True,1.0,real,Dịch vụ công thật,1.0,0.004037310599999999,0.9959626894,0.09999999999999998
ViSmish_02697,1,1,0.99961436,True,1.0,paraphrased,Nội dung nhạy cảm,1.0,0.99807381,0.0019261900000000498,0.09999999999999998
ViSmish_02698,1,1,0.9996099,True,1.0,paraphrased,Crypto / Đầu tư giả,1.0,0.998062724,0.0019372760000000433,0.09999999999999998
ViSmish_02699,1,1,0.99958783,True,1.0,paraphrased,Nội dung nhạy cảm,1.0,0.99800981,0.001990190000000003,0.09999999999999998
ViSmish_02701,1,1,0.9996166,True,1.0,paraphrased,Crypto / Đầu tư giả,1.0,0.99807944,0.00192055999999996,0.09999999999999998
ViSmish_02702,0,0,0.99944097,True,1.0,real,Tin nhắn cá nhân và OTP,1.0,0.0023103259999999997,0.997689674,0.09999999999999998
ViSmish_02703,0,0,0.99931705,True,1.0,real,Viễn thông,1.0,0.002547555199999999,0.9974524448,0.09999999999999998
ViSmish_02705,0,0,0.99947435,True,1.0,synthetic,Dịch vụ y tế,1.0,0.0022419796999999997,0.9977580203,0.09999999999999998
ViSmish_02706,0,0,0.9994404,True,1.0,external_real,P2P hội thoại thông thường,1.0,0.0023114919999999996,0.997688508,0.09999999999999998
ViSmish_02707,0,0,0.9994261,True,1.0,synthetic,Tin nhắn cá nhân và OTP,1.0,0.0023401542999999993,0.9976598457,0.09999999999999998
ViSmish_02708,0,0,0.9992593,True,1.0,synthetic,Dịch vụ công thật,1.0,0.0026504421999999994,0.9973495578,0.09999999999999998
ViSmish_02709,0,0,0.9994803,True,1.0,synthetic,Viễn thông,1.0,0.002229403099999999,0.9977705969,0.09999999999999998
ViSmish_02711,1,1,0.99951696,True,1.0,synthetic_hard_negative,Đòi nợ / Đe dọa,1.0,0.99784903,0.0021509699999999743,0.09999999999999998
ViSmish_02712,0,0,0.99949276,True,1.0,synthetic,Dịch vụ y tế,1.0,0.0022032009999999997,0.997796799,0.09999999999999998
ViSmish_02716,1,1,0.9996061,True,1.0,paraphrased,Nội dung nhạy cảm,1.0,0.99805353,0.0019464700000000335,0.09999999999999998
ViSmish_02717,1,1,0.9996166,True,1.0,paraphrased,Đòi nợ / Đe dọa,1.0,0.99807931,0.0019206899999999472,0.09999999999999998
ViSmish_02718,0,0,0.999044,True,1.0,synthetic,Quảng cáo hợp lệ,1.0,0.003000510899999999,0.9969994891,0.09999999999999998
ViSmish_02720,0,0,0.99949,True,1.0,synthetic,Thương mại điện tử,1.0,0.0022089691999999995,0.9977910308,0.09999999999999998
ViSmish_02721,1,1,0.9996227,True,1.0,paraphrased,Dịch vụ công giả,1.0,0.99809429,0.0019057099999999494,0.09999999999999998
ViSmish_02722,1,1,0.9996153,True,1.0,paraphrased,Dịch vụ công giả,1.0,0.99807598,0.0019240200000000263,0.09999999999999998
ViSmish_02723,0,0,0.9994708,True,1.0,synthetic,Thương mại điện tử,1.0,0.0022493388999999995,0.9977506611,0.09999999999999998
ViSmish_02724,1,1,0.9995969,True,1.0,paraphrased,Dịch vụ công giả,1.0,0.998031473,0.001968527000000053,0.09999999999999998
ViSmish_02728,1,1,0.8231811,True,1.0,real,Khác,1.0,0.96833099,0.03166901,0.09999999999999998
ViSmish_02729,0,0,0.9992742,True,1.0,synthetic,Viễn thông,1.0,0.0026242926999999992,0.9973757073,0.09999999999999998
ViSmish_02731,1,1,0.9996331,True,1.0,paraphrased,BHXH / Trợ cấp giả,1.0,0.99812013,0.0018798700000000057,0.09999999999999998
ViSmish_02733,0,0,0.99943227,True,1.0,synthetic,Tin nhắn cá nhân và OTP,1.0,0.002327821399999999,0.9976721786,0.09999999999999998
ViSmish_02734,1,1,0.9996252,True,1.0,paraphrased,Đòi nợ / Đe dọa,1.0,0.99810058,0.001899419999999985,0.09999999999999998
ViSmish_02735,1,1,0.9996208,True,1.0,paraphrased,Nội dung nhạy cảm,1.0,0.998089486,0.0019105139999999743,0.09999999999999998
ViSmish_02738,1,1,0.9995566,True,1.0,paraphrased,Giả mạo ngân hàng,1.0,0.99793729,0.002062710000000023,0.09999999999999998
ViSmish_02739,1,1,0.9995382,True,1.0,synthetic_hard_negative,Dịch vụ công giả,1.0,0.99789574,0.002104259999999969,0.09999999999999998
ViSmish_02740,1,1,0.99962294,True,1.0,paraphrased,BHXH / Trợ cấp giả,1.0,0.998094946,0.0019050539999999616,0.09999999999999998
ViSmish_02742,1,1,0.9994868,True,1.0,paraphrased,Đòi nợ / Đe dọa,1.0,0.99778436,0.002215639999999963,0.09999999999999998
ViSmish_02743,1,1,0.9996284,True,1.0,paraphrased,Dịch vụ công giả,1.0,0.9981085199999999,0.0018914800000000564,0.09999999999999998
ViSmish_02749,0,0,0.99945885,True,1.0,external_curated,P2P hard negative,1.0,0.0022739281999999993,0.9977260718,0.09999999999999998
ViSmish_02751,0,0,0.9994241,True,1.0,real,Viễn thông,1.0,0.0023442763999999994,0.9976557236,0.09999999999999998
ViSmish_02753,1,1,0.9996063,True,1.0,paraphrased,Nội dung nhạy cảm,1.0,0.99805402,0.0019459800000000138,0.09999999999999998
ViSmish_02754,1,1,0.9996257,True,1.0,paraphrased,Tuyển dụng giả,1.0,0.99810166,0.0018983399999999984,0.09999999999999998
ViSmish_02755,1,1,0.99961793,True,1.0,paraphrased,Tuyển dụng giả,1.0,0.9980825,0.0019175000000000164,0.09999999999999998
ViSmish_02757,0,0,0.9994831,True,1.0,real,Dịch vụ công thật,1.0,0.0022234195999999997,0.9977765804,0.09999999999999998
ViSmish_02758,1,1,0.99961936,True,1.0,paraphrased,Tuyển dụng giả,1.0,0.99808605,0.0019139500000000531,0.09999999999999998
ViSmish_02760,1,1,0.999619,True,1.0,paraphrased,Dịch vụ công giả,1.0,0.99808508,0.0019149200000000421,0.09999999999999998
ViSmish_02761,0,0,0.99939835,True,1.0,external_real,P2P hội thoại thông thường,1.0,0.0023948795999999997,0.9976051204,0.09999999999999998
ViSmish_02762,0,0,0.9994661,True,1.0,synthetic,Thương mại điện tử,1.0,0.0022590409999999994,0.997740959,0.09999999999999998
ViSmish_02763,0,0,0.9994388,True,1.0,external_real,P2P hội thoại thông thường,1.0,0.0023148141999999993,0.9976851858,0.09999999999999998
ViSmish_02765,1,1,0.99960786,True,1.0,paraphrased,Cờ bạc / Betting,1.0,0.99805782,0.0019421800000000156,0.09999999999999998
ViSmish_02766,0,0,0.9994035,True,1.0,external_real,P2P hội thoại thông thường,1.0,0.0023848222999999997,0.9976151777,0.09999999999999998
ViSmish_02767,0,0,0.9994585,True,1.0,synthetic,Ngân hàng thật,1.0,0.0022746919999999996,0.997725308,0.09999999999999998
ViSmish_02768,0,0,0.9994307,True,1.0,synthetic,Tin nhắn cá nhân và OTP,1.0,0.0023308785999999995,0.9976691214,0.09999999999999998
ViSmish_02770,0,0,0.99936265,True,1.0,synthetic,Dịch vụ y tế,1.0,0.0024631899999999997,0.99753681,0.09999999999999998
ViSmish_02772,0,0,0.9993352,True,1.0,real,Viễn thông,1.0,0.0025143004999999994,0.9974856995,0.09999999999999998
ViSmish_02773,1,1,0.9996082,True,1.0,paraphrased,Crypto / Đầu tư giả,1.0,0.99805865,0.0019413499999999528,0.09999999999999998
ViSmish_02774,0,0,0.99945074,True,1.0,synthetic,Dịch vụ công thật,1.0,0.0022906494999999994,0.9977093505,0.09999999999999998
ViSmish_02775,1,1,0.9995943,True,1.0,paraphrased,Crypto / Đầu tư giả,1.0,0.998024964,0.001975036000000041,0.09999999999999998
ViSmish_02776,1,1,0.99961346,True,1.0,paraphrased,Tuyển dụng giả,1.0,0.998071516,0.001928484000000008,0.09999999999999998
ViSmish_02777,0,0,0.9991836,True,1.0,synthetic,Quảng cáo hợp lệ,1.0,0.0027789264999999994,0.9972210735,0.09999999999999998
ViSmish_02778,1,1,0.99962246,True,1.0,paraphrased,BHXH / Trợ cấp giả,1.0,0.9980938,0.001906199999999969,0.09999999999999998
ViSmish_02779,1,1,0.9996201,True,1.0,paraphrased,BHXH / Trợ cấp giả,1.0,0.998087686,0.001912314000000026,0.09999999999999998
ViSmish_02780,1,1,0.9995983,True,1.0,paraphrased,Nội dung nhạy cảm,1.0,0.99803462,0.0019653800000000166,0.09999999999999998
ViSmish_02781,1,1,0.9995509,True,1.0,paraphrased,Crypto / Đầu tư giả,1.0,0.997924346,0.0020756539999999823,0.09999999999999998
ViSmish_02782,1,1,0.9996202,True,1.0,paraphrased,Nội dung nhạy cảm,1.0,0.99808811,0.0019118900000000272,0.09999999999999998
ViSmish_02783,1,1,0.99955386,True,1.0,paraphrased,Nội dung nhạy cảm,1.0,0.99793102,0.002068979999999998,0.09999999999999998
ViSmish_02784,1,1,0.99961686,True,1.0,paraphrased,Cờ bạc / Betting,1.0,0.998079956,0.0019200440000000096,0.09999999999999998
ViSmish_02785,1,1,0.9996026,True,1.0,paraphrased,Crypto / Đầu tư giả,1.0,0.99804504,0.00195495999999995,0.09999999999999998
ViSmish_02787,0,0,0.9994235,True,1.0,external_real,P2P hội thoại thông thường,1.0,0.0023455215999999995,0.9976544784,0.09999999999999998
ViSmish_02788,1,1,0.99960774,True,1.0,paraphrased,Giả mạo ngân hàng,1.0,0.99805762,0.0019423800000000213,0.09999999999999998
ViSmish_02789,1,1,0.9996251,True,1.0,paraphrased,Dịch vụ công giả,1.0,0.99810033,0.00189967000000002,0.09999999999999998
ViSmish_02790,0,0,0.9994929,True,1.0,synthetic,Vận chuyển,1.0,0.0022027216999999997,0.9977972783,0.09999999999999998
ViSmish_02791,0,0,0.99939346,True,1.0,synthetic,Dịch vụ công thật,1.0,0.0024043870999999996,0.9975956129,0.09999999999999998
ViSmish_02792,0,0,0.99945873,True,1.0,synthetic,Dịch vụ công thật,1.0,0.0022741497999999995,0.9977258502,0.09999999999999998
ViSmish_02793,1,1,0.9996283,True,1.0,paraphrased,Cờ bạc / Betting,1.0,0.998108333,0.0018916669999999858,0.09999999999999998
ViSmish_02794,1,1,0.9995129,True,1.0,synthetic_hard_negative,Khác,1.0,0.99784012,0.002159880000000003,0.09999999999999998
ViSmish_02795,1,1,0.9996124,True,1.0,paraphrased,Nội dung nhạy cảm,1.0,0.99806877,0.0019312299999999505,0.09999999999999998
ViSmish_02796,1,1,0.99960536,True,1.0,paraphrased,Nội dung nhạy cảm,1.0,0.998051775,0.0019482250000000256,0.09999999999999998
ViSmish_02798,0,0,0.9994771,True,1.0,synthetic,Vận chuyển,1.0,0.0022362922999999996,0.9977637077,0.09999999999999998
ViSmish_02802,0,0,0.9993407,True,1.0,real,Khác,1.0,0.0025041138999999995,0.9974958861,0.09999999999999998
ViSmish_02804,1,1,0.99961984,True,1.0,paraphrased,Crypto / Đầu tư giả,1.0,0.99808723,0.001912770000000008,0.09999999999999998
ViSmish_02805,0,0,0.9994898,True,1.0,real,Tin nhắn cá nhân và OTP,1.0,0.0022093589999999993,0.997790641,0.09999999999999998
ViSmish_02807,1,1,0.999634,True,1.0,paraphrased,Crypto / Đầu tư giả,1.0,0.99812267,0.0018773300000000104,0.09999999999999998
ViSmish_02808,1,1,0.9995486,True,1.0,paraphrased,Cờ bạc / Betting,1.0,0.99791919,0.002080810000000044,0.09999999999999998
ViSmish_02811,0,0,0.9994043,True,1.0,synthetic,Quảng cáo hợp lệ,1.0,0.0023831099999999995,0.99761689,0.09999999999999998
ViSmish_02812,1,1,0.99961686,True,1.0,paraphrased,Cờ bạc / Betting,1.0,0.998079866,0.0019201340000000178,0.09999999999999998
ViSmish_02813,1,1,0.9995408,True,1.0,paraphrased,Crypto / Đầu tư giả,1.0,0.99790166,0.0020983399999999763,0.09999999999999998
ViSmish_02814,1,1,0.9993418,True,1.0,paraphrased,Đòi nợ / Đe dọa,1.0,0.99749792,0.002502079999999962,0.09999999999999998
ViSmish_02819,0,0,0.99934334,True,1.0,real,Viễn thông,1.0,0.0024993434999999995,0.9975006565,0.09999999999999998
ViSmish_02821,0,0,0.99928385,True,1.0,external_real,P2P hội thoại thông thường,1.0,0.002607329699999999,0.9973926703,0.09999999999999998
ViSmish_02824,1,1,0.9995239,True,1.0,paraphrased,Đòi nợ / Đe dọa,1.0,0.99786396,0.0021360400000000057,0.09999999999999998
ViSmish_02826,0,0,0.9994209,True,1.0,real,Ngân hàng thật,1.0,0.0023505435999999994,0.9976494564,0.09999999999999998
ViSmish_02828,1,1,0.99961096,True,1.0,paraphrased,Tuyển dụng giả,1.0,0.9980652,0.0019348000000000143,0.09999999999999998
ViSmish_02829,0,0,0.99946123,True,1.0,real,Viễn thông,1.0,0.0022689917999999996,0.9977310082,0.09999999999999998
ViSmish_02830,1,1,0.9996221,True,1.0,paraphrased,Nội dung nhạy cảm,1.0,0.99809269,0.0019073099999999954,0.09999999999999998
ViSmish_02831,0,0,0.9994778,True,1.0,synthetic,Thương mại điện tử,1.0,0.0022348299999999997,0.99776517,0.09999999999999998
ViSmish_02833,1,1,0.9996239,True,1.0,paraphrased,Cờ bạc / Betting,1.0,0.998097265,0.0019027350000000443,0.09999999999999998
ViSmish_02834,1,1,0.9995741,True,1.0,paraphrased,Đòi nợ / Đe dọa,1.0,0.99797767,0.002022329999999961,0.09999999999999998
ViSmish_02835,1,1,0.99934787,True,1.0,paraphrased,Crypto / Đầu tư giả,1.0,0.9975092,0.0024908000000000152,0.09999999999999998
ViSmish_02836,1,1,0.99954057,True,1.0,paraphrased,Crypto / Đầu tư giả,1.0,0.99790106,0.0020989399999999936,0.09999999999999998
ViSmish_02837,0,0,0.9985482,True,1.0,synthetic,Dịch vụ công thật,1.0,0.003672903399999999,0.9963270966,0.09999999999999998
ViSmish_02841,0,0,0.99933666,True,1.0,real,Viễn thông,1.0,0.0025115411999999996,0.9974884588,0.09999999999999998
ViSmish_02843,0,0,0.9994043,True,1.0,real,Viễn thông,1.0,0.0023832814999999994,0.9976167185,0.09999999999999998
ViSmish_02844,0,0,0.9994394,True,1.0,synthetic,Vận chuyển,1.0,0.0023135539999999994,0.997686446,0.09999999999999998
ViSmish_02845,0,0,0.99947935,True,1.0,synthetic,Tin nhắn cá nhân và OTP,1.0,0.0022315971999999993,0.9977684028,0.09999999999999998
ViSmish_02846,0,0,0.999376,True,1.0,external_curated,P2P hard negative,1.0,0.0024379156999999995,0.9975620843,0.09999999999999998
ViSmish_02848,1,1,0.9995958,True,1.0,paraphrased,Dịch vụ công giả,1.0,0.99802884,0.001971159999999972,0.09999999999999998
ViSmish_02849,1,1,0.99958163,True,1.0,paraphrased,Crypto / Đầu tư giả,1.0,0.9979951,0.002004899999999976,0.09999999999999998
ViSmish_02853,1,1,0.9995751,True,1.0,synthetic_hard_negative,Khác,1.0,0.997979796,0.0020202040000000254,0.09999999999999998
ViSmish_02854,1,1,0.99959654,True,1.0,paraphrased,Crypto / Đầu tư giả,1.0,0.9980306,0.00196940000000001,0.09999999999999998
ViSmish_02856,1,1,0.99960715,True,1.0,paraphrased,BHXH / Trợ cấp giả,1.0,0.99805611,0.0019438899999999482,0.09999999999999998
ViSmish_02857,1,1,0.9992981,True,1.0,paraphrased,Nội dung nhạy cảm,1.0,0.997418106,0.0025818939999999735,0.09999999999999998
ViSmish_02858,1,1,0.99959177,True,1.0,paraphrased,Cờ bạc / Betting,1.0,0.998019034,0.001980965999999973,0.09999999999999998
ViSmish_02859,0,0,0.9994616,True,1.0,synthetic,Vận chuyển,1.0,0.0022684303999999994,0.9977315696,0.09999999999999998
ViSmish_02860,1,1,0.99957794,True,1.0,paraphrased,BHXH / Trợ cấp giả,1.0,0.99798655,0.002013449999999972,0.09999999999999998
ViSmish_02861,1,1,0.9996111,True,1.0,paraphrased,Giả mạo ngân hàng,1.0,0.9980656,0.0019344000000000028,0.09999999999999998
ViSmish_02864,0,0,0.99943143,True,1.0,real,Khác,1.0,0.0023294971999999995,0.9976705028,0.09999999999999998
ViSmish_02868,1,1,0.9995665,True,1.0,synthetic_hard_negative,Giả mạo ngân hàng,1.0,0.99795991,0.00204009000000005,0.09999999999999998
ViSmish_02869,0,0,0.9994777,True,1.0,real,Khác,1.0,0.0022349083999999996,0.9977650916,0.09999999999999998
ViSmish_02870,1,1,0.9994822,True,1.0,paraphrased,Crypto / Đầu tư giả,1.0,0.99777459,0.0022254099999999832,0.09999999999999998
ViSmish_02871,1,1,0.99951327,True,1.0,synthetic_hard_negative,Đòi nợ / Đe dọa,1.0,0.99784098,0.0021590200000000115,0.09999999999999998
ViSmish_02872,0,0,0.9987025,True,1.0,real,Khác,1.0,0.0034789472999999993,0.9965210527,0.09999999999999998
ViSmish_02873,0,0,0.9994985,True,1.0,synthetic,Dịch vụ y tế,1.0,0.0021908979999999997,0.997809102,0.09999999999999998
ViSmish_02874,0,0,0.9994276,True,1.0,real,Viễn thông,1.0,0.0023370695999999995,0.9976629304,0.09999999999999998
ViSmish_02875,1,1,0.9994778,True,1.0,paraphrased,BHXH / Trợ cấp giả,1.0,0.99776538,0.002234619999999965,0.09999999999999998
ViSmish_02876,1,1,0.99961877,True,1.0,paraphrased,Crypto / Đầu tư giả,1.0,0.99808451,0.0019154900000000197,0.09999999999999998
ViSmish_02877,0,0,0.99939096,True,1.0,real,Thương mại điện tử,1.0,0.0024090249999999995,0.997590975,0.09999999999999998
ViSmish_02878,0,0,0.99889475,True,1.0,real,Dịch vụ công thật,1.0,0.003219405599999999,0.9967805944,0.09999999999999998
ViSmish_02879,1,1,0.9995474,True,1.0,paraphrased,Nội dung nhạy cảm,1.0,0.99791647,0.0020835299999999446,0.09999999999999998
ViSmish_02880,1,1,0.9996215,True,1.0,paraphrased,Tuyển dụng giả,1.0,0.99809126,0.0019087399999999644,0.09999999999999998
ViSmish_02881,1,1,0.9994295,True,1.0,paraphrased,Crypto / Đầu tư giả,1.0,0.997666717,0.0023332830000000193,0.09999999999999998
ViSmish_02884,1,1,0.999624,True,1.0,paraphrased,Cờ bạc / Betting,1.0,0.9980974,0.0019025999999999765,0.09999999999999998
ViSmish_02885,1,1,0.99963117,True,1.0,paraphrased,Tuyển dụng giả,1.0,0.998115486,0.0018845140000000038,0.09999999999999998
ViSmish_02886,1,1,0.9995453,True,1.0,paraphrased,Crypto / Đầu tư giả,1.0,0.99791157,0.00208843000000003,0.09999999999999998
ViSmish_02889,0,0,0.99937373,True,1.0,real,Viễn thông,1.0,0.0024421292999999996,0.9975578707,0.09999999999999998
ViSmish_02890,1,1,0.9995315,True,1.0,synthetic_hard_negative,Khác,1.0,0.997880733,0.0021192669999999802,0.09999999999999998
ViSmish_02891,0,0,0.99937797,True,1.0,real,Quảng cáo hợp lệ,1.0,0.0024340925999999995,0.9975659074,0.09999999999999998
ViSmish_02892,0,0,0.9989207,True,1.0,real,Dịch vụ công thật,1.0,0.003182423999999999,0.996817576,0.09999999999999998
ViSmish_02894,1,1,0.99962306,True,1.0,paraphrased,Cờ bạc / Betting,1.0,0.99809521,0.0019047899999999895,0.09999999999999998
ViSmish_02897,0,0,0.9994747,True,1.0,real,Khác,1.0,0.0022410841999999996,0.9977589158,0.09999999999999998
ViSmish_02898,0,0,0.99943393,True,1.0,external_curated,P2P hard negative,1.0,0.0023244326999999993,0.9976755673,0.09999999999999998
ViSmish_02899,0,0,0.99948335,True,1.0,synthetic,Dịch vụ y tế,1.0,0.002223093799999999,0.9977769062,0.09999999999999998
ViSmish_02900,0,0,0.99948835,True,1.0,synthetic,Thương mại điện tử,1.0,0.0022124929999999994,0.997787507,0.09999999999999998
ViSmish_02901,0,0,0.9993467,True,1.0,real,Viễn thông,1.0,0.0024931145999999996,0.9975068854,0.09999999999999998
ViSmish_02902,0,0,0.99946517,True,1.0,external_real,P2P hội thoại thông thường,1.0,0.0022608853999999995,0.9977391146,0.09999999999999998
ViSmish_02903,1,1,0.99962294,True,1.0,paraphrased,Giả mạo ngân hàng,1.0,0.998094946,0.0019050539999999616,0.09999999999999998
ViSmish_02904,0,0,0.9992901,True,1.0,synthetic,Quảng cáo hợp lệ,1.0,0.0025960199999999992,0.99740398,0.09999999999999998
ViSmish_02906,1,1,0.9995413,True,1.0,paraphrased,Đòi nợ / Đe dọa,1.0,0.99790273,0.00209727000000004,0.09999999999999998
ViSmish_02907,0,0,0.9994603,True,1.0,synthetic,Ngân hàng thật,1.0,0.0022711617999999992,0.9977288382,0.09999999999999998
ViSmish_02908,0,0,0.99948764,True,1.0,synthetic,Vận chuyển,1.0,0.0022139677999999993,0.9977860322,0.09999999999999998
ViSmish_02911,1,1,0.9996165,True,1.0,paraphrased,Nội dung nhạy cảm,1.0,0.9980788899999999,0.0019211100000000592,0.09999999999999998
ViSmish_02914,0,0,0.9994542,True,1.0,real,Ngân hàng thật,1.0,0.0022834341999999996,0.9977165658,0.09999999999999998
ViSmish_02915,0,0,0.99948394,True,1.0,synthetic,Thương mại điện tử,1.0,0.0022217835999999995,0.9977782164,0.09999999999999998
ViSmish_02916,0,0,0.9994443,True,1.0,real,Viễn thông,1.0,0.0023036246999999996,0.9976963753,0.09999999999999998
ViSmish_02918,1,1,0.9993968,True,1.0,synthetic_hard_negative,Khác,1.0,0.99760227,0.002397729999999987,0.09999999999999998
ViSmish_02919,1,1,0.9995608,True,1.0,paraphrased,Crypto / Đầu tư giả,1.0,0.99794693,0.00205306999999999,0.09999999999999998
ViSmish_02920,1,1,0.9996159,True,1.0,paraphrased,Tuyển dụng giả,1.0,0.998077697,0.0019223029999999586,0.09999999999999998
ViSmish_02922,1,1,0.9996182,True,1.0,paraphrased,Giả mạo ngân hàng,1.0,0.99808313,0.0019168699999999594,0.09999999999999998
ViSmish_02923,0,0,0.99944276,True,1.0,synthetic,Viễn thông,1.0,0.0023067876999999996,0.9976932123,0.09999999999999998
ViSmish_02924,0,0,0.9994661,True,1.0,synthetic,Quảng cáo hợp lệ,1.0,0.0022589932999999996,0.9977410067,0.09999999999999998
ViSmish_02925,0,0,0.99948716,True,1.0,real,Khác,1.0,0.0022150447999999996,0.9977849552,0.09999999999999998
ViSmish_02928,1,1,0.99960357,True,1.0,paraphrased,Dịch vụ công giả,1.0,0.998047376,0.0019526239999999584,0.09999999999999998
ViSmish_02929,0,0,0.9994331,True,1.0,real,Quảng cáo hợp lệ,1.0,0.0023262343999999996,0.9976737656,0.09999999999999998
ViSmish_02930,0,0,0.99938405,True,1.0,real,Viễn thông,1.0,0.0024224379999999994,0.997577562,0.09999999999999998
ViSmish_02935,0,0,0.9994097,True,1.0,external_real,P2P hội thoại thông thường,1.0,0.0023726416999999994,0.9976273583,0.09999999999999998
ViSmish_02937,0,0,0.99946696,True,1.0,real,Viễn thông,1.0,0.0022572899999999995,0.99774271,0.09999999999999998
ViSmish_02938,1,1,0.999613,True,1.0,paraphrased,Nội dung nhạy cảm,1.0,0.998070395,0.0019296049999999454,0.09999999999999998
ViSmish_02939,0,0,0.99946946,True,1.0,synthetic,Viễn thông,1.0,0.0022522244999999995,0.9977477755,0.09999999999999998
ViSmish_02940,0,0,0.9989336,True,1.0,synthetic,Viễn thông,1.0,0.003163910699999999,0.9968360893,0.09999999999999998
ViSmish_02941,0,0,0.99765813,True,1.0,external_curated,P2P hard negative,1.0,0.0046210179999999984,0.995378982,0.09999999999999998
ViSmish_02942,1,1,0.99961394,True,1.0,paraphrased,Đòi nợ / Đe dọa,1.0,0.99807268,0.0019273199999999546,0.09999999999999998
ViSmish_02943,0,0,0.9994615,True,1.0,synthetic,Quảng cáo hợp lệ,1.0,0.0022686132999999997,0.9977313867,0.09999999999999998
ViSmish_02944,1,1,0.99955314,True,1.0,paraphrased,Nội dung nhạy cảm,1.0,0.997929513,0.0020704870000000097,0.09999999999999998
ViSmish_02946,1,1,0.99960476,True,1.0,paraphrased,Crypto / Đầu tư giả,1.0,0.998050195,0.0019498049999999711,0.09999999999999998
ViSmish_02947,1,1,0.99939954,True,1.0,paraphrased,Đòi nợ / Đe dọa,1.0,0.9976076,0.0023923999999999612,0.09999999999999998
ViSmish_02948,0,0,0.99944824,True,1.0,synthetic,Dịch vụ y tế,1.0,0.0022957635999999995,0.9977042364,0.09999999999999998
ViSmish_02949,0,0,0.9994703,True,1.0,external_real,P2P hội thoại thông thường,1.0,0.0022503220999999995,0.9977496779,0.09999999999999998
ViSmish_02950,1,1,0.99956435,True,1.0,paraphrased,Crypto / Đầu tư giả,1.0,0.99795506,0.002044939999999995,0.09999999999999998
ViSmish_02952,1,1,0.9996184,True,1.0,paraphrased,Cờ bạc / Betting,1.0,0.99808365,0.001916350000000011,0.09999999999999998
ViSmish_02953,0,0,0.9993772,True,1.0,synthetic,Viễn thông,1.0,0.0024357182999999996,0.9975642817,0.09999999999999998
ViSmish_02958,0,0,0.9994567,True,1.0,real,Tin nhắn cá nhân và OTP,1.0,0.0022783869999999998,0.997721613,0.09999999999999998
ViSmish_02959,1,1,0.99962676,True,1.0,paraphrased,Đòi nợ / Đe dọa,1.0,0.998104364,0.0018956359999999783,0.09999999999999998
ViSmish_02961,0,0,0.9994203,True,1.0,synthetic,Viễn thông,1.0,0.0023519273999999995,0.9976480726,0.09999999999999998
ViSmish_02962,1,1,0.99958724,True,1.0,paraphrased,Cờ bạc / Betting,1.0,0.99800837,0.001991630000000022,0.09999999999999998
ViSmish_02963,1,1,0.9996238,True,1.0,paraphrased,Nội dung nhạy cảm,1.0,0.99809694,0.0019030599999999565,0.09999999999999998
ViSmish_02964,1,1,0.99962604,True,1.0,paraphrased,Tuyển dụng giả,1.0,0.99810246,0.0018975399999999754,0.09999999999999998
ViSmish_02965,1,1,0.99962497,True,1.0,paraphrased,Tuyển dụng giả,1.0,0.998100007,0.0018999929999999887,0.09999999999999998
ViSmish_02966,1,1,0.99957997,True,1.0,paraphrased,BHXH / Trợ cấp giả,1.0,0.99799125,0.0020087500000000036,0.09999999999999998
ViSmish_02970,1,1,0.9987717,True,1.0,paraphrased,Nội dung nhạy cảm,1.0,0.996611965,0.003388034999999956,0.09999999999999998
ViSmish_02971,1,1,0.999634,True,1.0,paraphrased,BHXH / Trợ cấp giả,1.0,0.99812247,0.0018775300000000161,0.09999999999999998
ViSmish_02972,1,1,0.9995939,True,1.0,paraphrased,Cờ bạc / Betting,1.0,0.99802418,0.0019758199999999615,0.09999999999999998
ViSmish_02974,1,1,0.9995901,True,1.0,paraphrased,Giả mạo ngân hàng,1.0,0.998015046,0.0019849539999999832,0.09999999999999998
ViSmish_02975,1,1,0.999622,True,1.0,paraphrased,BHXH / Trợ cấp giả,1.0,0.9980925860000001,0.0019074139999999407,0.09999999999999998
ViSmish_02976,1,1,0.9996232,True,1.0,paraphrased,BHXH / Trợ cấp giả,1.0,0.99809544,0.001904560000000055,0.09999999999999998
ViSmish_02977,1,1,0.9995895,True,1.0,paraphrased,Nội dung nhạy cảm,1.0,0.99801381,0.001986189999999999,0.09999999999999998
ViSmish_02980,1,1,0.99951065,True,1.0,synthetic_hard_negative,Dịch vụ công giả,1.0,0.99783513,0.0021648699999999854,0.09999999999999998
ViSmish_02981,0,0,0.9994783,True,1.0,synthetic,Vận chuyển,1.0,0.0022336549999999993,0.997766345,0.09999999999999998
ViSmish_02984,1,1,0.99957186,True,1.0,paraphrased,Nội dung nhạy cảm,1.0,0.997972244,0.002027756000000047,0.09999999999999998
ViSmish_02985,0,0,0.99937314,True,1.0,external_real,P2P hội thoại thông thường,1.0,0.0024433655999999996,0.9975566344,0.09999999999999998
ViSmish_02987,1,1,0.99961424,True,1.0,paraphrased,BHXH / Trợ cấp giả,1.0,0.99807345,0.0019265499999999713,0.09999999999999998
ViSmish_02988,1,1,0.9996136,True,1.0,paraphrased,BHXH / Trợ cấp giả,1.0,0.99807161,0.001928390000000002,0.09999999999999998
ViSmish_02989,0,0,0.99921393,True,1.0,synthetic,Quảng cáo hợp lệ,1.0,0.0027283081999999992,0.9972716918,0.09999999999999998
ViSmish_02990,1,1,0.999553,True,1.0,paraphrased,Crypto / Đầu tư giả,1.0,0.997929215,0.0020707850000000194,0.09999999999999998
ViSmish_02992,1,1,0.99962556,True,1.0,paraphrased,Dịch vụ công giả,1.0,0.99810152,0.0018984800000000357,0.09999999999999998
ViSmish_02993,1,1,0.99946445,True,1.0,synthetic_hard_negative,Khác,1.0,0.99773742,0.002262580000000014,0.09999999999999998
ViSmish_02994,1,1,0.9995888,True,1.0,paraphrased,Nội dung nhạy cảm,1.0,0.998011976,0.001988023999999977,0.09999999999999998
ViSmish_02995,1,1,0.9996164,True,1.0,paraphrased,Tuyển dụng giả,1.0,0.99807879,0.0019212100000000065,0.09999999999999998
ViSmish_02996,0,0,0.99907553,True,1.0,external_curated,P2P hard negative,1.0,0.0029520581999999992,0.9970479418,0.09999999999999998
ViSmish_02997,1,1,0.9996076,True,1.0,paraphrased,Đòi nợ / Đe dọa,1.0,0.99805706,0.0019429399999999486,0.09999999999999998
ViSmish_02998,0,0,0.99938285,True,1.0,external_curated,P2P hard negative,1.0,0.0024247277999999996,0.9975752722,0.09999999999999998
ViSmish_03000,1,1,0.9995931,True,1.0,synthetic_hard_negative,Khác,1.0,0.998022103,0.0019778969999999507,0.09999999999999998
ViSmish_03001,0,0,0.9994061,True,1.0,real,Quảng cáo hợp lệ,1.0,0.0023796306999999996,0.9976203693,0.09999999999999998
ViSmish_03002,0,0,0.9994547,True,1.0,external_real,P2P hội thoại thông thường,1.0,0.0022826427999999995,0.9977173572,0.09999999999999998
ViSmish_03003,0,0,0.9994098,True,1.0,external_curated,P2P hard negative,1.0,0.0023724246999999995,0.9976275753,0.09999999999999998
ViSmish_03005,0,0,0.9992932,True,1.0,synthetic,Quảng cáo hợp lệ,1.0,0.002590490299999999,0.9974095097,0.09999999999999998
ViSmish_03007,0,0,0.9993837,True,1.0,synthetic,Dịch vụ công thật,1.0,0.0024230047999999997,0.9975769952,0.09999999999999998
ViSmish_03008,1,1,0.9996014,True,1.0,paraphrased,Crypto / Đầu tư giả,1.0,0.99804227,0.001957729999999991,0.09999999999999998
ViSmish_03009,0,0,0.9994822,True,1.0,synthetic,Ngân hàng thật,1.0,0.0022254835999999997,0.9977745164,0.09999999999999998
ViSmish_03014,0,0,0.99946064,True,1.0,synthetic,Tin nhắn cá nhân và OTP,1.0,0.0022702602999999993,0.9977297397,0.09999999999999998
ViSmish_03015,0,0,0.99927515,True,1.0,synthetic,Quảng cáo hợp lệ,1.0,0.0026226510999999993,0.9973773489,0.09999999999999998
ViSmish_03016,0,0,0.9994542,True,1.0,real,Viễn thông,1.0,0.0022834553999999995,0.9977165446,0.09999999999999998
ViSmish_03018,1,1,0.99957794,True,1.0,paraphrased,Crypto / Đầu tư giả,1.0,0.99798662,0.0020133799999999535,0.09999999999999998
ViSmish_03020,1,1,0.9996232,True,1.0,paraphrased,Giả mạo ngân hàng,1.0,0.998095495,0.0019045049999999453,0.09999999999999998
ViSmish_03022,1,1,0.9995993,True,1.0,paraphrased,Nội dung nhạy cảm,1.0,0.99803703,0.0019629700000000083,0.09999999999999998
ViSmish_03023,1,1,0.9996233,True,1.0,paraphrased,Giả mạo ngân hàng,1.0,0.998095703,0.0019042970000000548,0.09999999999999998
ViSmish_03025,1,1,0.9996245,True,1.0,paraphrased,BHXH / Trợ cấp giả,1.0,0.99809888,0.0019011199999999784,0.09999999999999998
ViSmish_03026,1,1,0.9995912,True,1.0,paraphrased,Crypto / Đầu tư giả,1.0,0.998017555,0.0019824449999999993,0.09999999999999998
ViSmish_03027,1,1,0.99961275,True,1.0,paraphrased,Crypto / Đầu tư giả,1.0,0.99806975,0.0019302500000000222,0.09999999999999998
ViSmish_03029,0,0,0.9994636,True,1.0,synthetic,Ngân hàng thật,1.0,0.0022641162999999993,0.9977358837,0.09999999999999998
ViSmish_03031,0,0,0.99946564,True,1.0,real,Khác,1.0,0.002260000599999999,0.9977399994,0.09999999999999998
ViSmish_03032,0,0,0.9985942,True,1.0,external_real,P2P hội thoại thông thường,1.0,0.0036163482999999994,0.9963836517,0.09999999999999998
ViSmish_03033,0,0,0.99936754,True,1.0,external_real,P2P hội thoại thông thường,1.0,0.0024540632999999995,0.9975459367,0.09999999999999998
ViSmish_03034,1,1,0.9996153,True,1.0,paraphrased,BHXH / Trợ cấp giả,1.0,0.998076195,0.0019238050000000007,0.09999999999999998
ViSmish_03039,1,1,0.999624,True,1.0,paraphrased,Giả mạo ngân hàng,1.0,0.998097426,0.0019025740000000457,0.09999999999999998
ViSmish_03040,1,1,0.9995474,True,1.0,paraphrased,Nội dung nhạy cảm,1.0,0.99791652,0.0020834800000000264,0.09999999999999998
ViSmish_03042,1,1,0.9995765,True,1.0,paraphrased,Crypto / Đầu tư giả,1.0,0.997983104,0.0020168959999999903,0.09999999999999998
ViSmish_03043,1,1,0.99959034,True,1.0,paraphrased,Crypto / Đầu tư giả,1.0,0.99801578,0.001984219999999981,0.09999999999999998
ViSmish_03050,1,1,0.9996136,True,1.0,paraphrased,Dịch vụ công giả,1.0,0.998071724,0.0019282760000000065,0.09999999999999998
ViSmish_03051,0,0,0.9994337,True,1.0,synthetic,Ngân hàng thật,1.0,0.0023250011999999994,0.9976749988,0.09999999999999998
ViSmish_03053,0,0,0.9962835,True,1.0,synthetic,Thương mại điện tử,1.0,0.005756181499999999,0.9942438185,0.09999999999999998
ViSmish_03054,1,1,0.9996221,True,1.0,paraphrased,Dịch vụ công giả,1.0,0.998092735,0.0019072650000000468,0.09999999999999998
ViSmish_03055,0,0,0.99926406,True,1.0,external_real,P2P hội thoại thông thường,1.0,0.0026421079999999993,0.997357892,0.09999999999999998
ViSmish_03056,0,0,0.9994542,True,1.0,synthetic,Dịch vụ y tế,1.0,0.0022835574999999996,0.9977164425,0.09999999999999998
ViSmish_03057,1,1,0.9996176,True,1.0,paraphrased,Cờ bạc / Betting,1.0,0.998081756,0.0019182439999999579,0.09999999999999998
ViSmish_03058,1,1,0.9996172,True,1.0,paraphrased,Cờ bạc / Betting,1.0,0.998080677,0.0019193229999999728,0.09999999999999998
ViSmish_03059,0,0,0.9994462,True,1.0,synthetic,Viễn thông,1.0,0.002299834799999999,0.9977001652,0.09999999999999998
ViSmish_03060,1,1,0.999603,True,1.0,paraphrased,Dịch vụ công giả,1.0,0.998045886,0.001954114000000007,0.09999999999999998
ViSmish_03061,1,1,0.99962676,True,1.0,paraphrased,Dịch vụ công giả,1.0,0.998104227,0.0018957729999999895,0.09999999999999998
ViSmish_03062,1,1,0.9996164,True,1.0,paraphrased,Giả mạo ngân hàng,1.0,0.99807865,0.0019213500000000439,0.09999999999999998
ViSmish_03063,0,0,0.9994654,True,1.0,synthetic,Tin nhắn cá nhân và OTP,1.0,0.0022605524999999996,0.9977394475,0.09999999999999998
ViSmish_03065,1,1,0.99962354,True,1.0,paraphrased,Tuyển dụng giả,1.0,0.99809638,0.0019036199999999948,0.09999999999999998
ViSmish_03066,1,1,0.99953485,True,1.0,paraphrased,Đòi nợ / Đe dọa,1.0,0.997888297,0.002111702999999965,0.09999999999999998
ViSmish_03067,0,0,0.99924845,True,1.0,real,Tin nhắn cá nhân và OTP,1.0,0.0026692572999999996,0.9973307427,0.09999999999999998
ViSmish_03070,0,0,0.99873596,True,1.0,external_real,P2P hội thoại thông thường,1.0,0.003435304799999999,0.9965646952,0.09999999999999998
ViSmish_03071,1,1,0.9995436,True,1.0,synthetic_hard_negative,BHXH / Trợ cấp giả,1.0,0.99790805,0.0020919499999999536,0.09999999999999998
ViSmish_03073,1,1,0.9996295,True,1.0,paraphrased,BHXH / Trợ cấp giả,1.0,0.998111343,0.0018886569999999603,0.09999999999999998
ViSmish_03074,0,0,0.9993625,True,1.0,external_real,P2P hội thoại thông thường,1.0,0.0024635368999999996,0.9975364631,0.09999999999999998
ViSmish_03075,1,1,0.9995648,True,1.0,synthetic_hard_negative,BHXH / Trợ cấp giả,1.0,0.997956,0.0020440000000000458,0.09999999999999998
ViSmish_03077,0,0,0.99942845,True,1.0,synthetic,Quảng cáo hợp lệ,1.0,0.0023354222999999994,0.9976645777,0.09999999999999998
ViSmish_03078,1,1,0.99958414,True,1.0,paraphrased,Cờ bạc / Betting,1.0,0.998000973,0.0019990269999999866,0.09999999999999998
ViSmish_03079,0,0,0.9994697,True,1.0,real,Khác,1.0,0.0022516839999999995,0.997748316,0.09999999999999998
ViSmish_03080,0,0,0.99942833,True,1.0,synthetic,Dịch vụ công thật,1.0,0.0023357099999999995,0.99766429,0.09999999999999998
ViSmish_03081,1,1,0.9995634,True,1.0,paraphrased,Giả mạo ngân hàng,1.0,0.997952867,0.0020471330000000343,0.09999999999999998
ViSmish_03082,0,0,0.99927586,True,1.0,synthetic,Dịch vụ y tế,1.0,0.0026214491999999993,0.9973785508,0.09999999999999998
ViSmish_03083,0,0,0.99940073,True,1.0,external_real,P2P hội thoại thông thường,1.0,0.0023900981999999994,0.9976099018,0.09999999999999998
ViSmish_03084,1,1,0.99961036,True,1.0,paraphrased,Crypto / Đầu tư giả,1.0,0.9980638,0.0019362000000000545,0.09999999999999998
ViSmish_03085,1,1,0.99914455,True,1.0,synthetic_hard_negative,BHXH / Trợ cấp giả,1.0,0.99715721,0.002842789999999984,0.09999999999999998
ViSmish_03086,1,1,0.9996171,True,1.0,paraphrased,BHXH / Trợ cấp giả,1.0,0.998080504,0.001919495999999965,0.09999999999999998
ViSmish_03089,0,0,0.999426,True,1.0,external_real,P2P hội thoại thông thường,1.0,0.0023405497999999993,0.9976594502,0.09999999999999998
ViSmish_03090,0,0,0.99948597,True,1.0,synthetic,Ngân hàng thật,1.0,0.0022175039999999995,0.997782496,0.09999999999999998
ViSmish_03091,1,1,0.99958724,True,1.0,synthetic_hard_negative,Tuyển dụng giả,1.0,0.998008406,0.001991594000000041,0.09999999999999998
ViSmish_03092,1,1,0.9994748,True,1.0,paraphrased,Crypto / Đầu tư giả,1.0,0.997759,0.0022410000000000485,0.09999999999999998
ViSmish_03095,0,0,0.9993339,True,1.0,real,Viễn thông,1.0,0.0025165967999999997,0.9974834032,0.09999999999999998
ViSmish_03096,1,1,0.99960846,True,1.0,paraphrased,Giả mạo ngân hàng,1.0,0.998059237,0.001940763000000012,0.09999999999999998
ViSmish_03097,1,1,0.999622,True,1.0,paraphrased,Dịch vụ công giả,1.0,0.998092467,0.0019075330000000168,0.09999999999999998
ViSmish_03098,1,1,0.99960417,True,1.0,paraphrased,Nội dung nhạy cảm,1.0,0.99804875,0.00195124999999996,0.09999999999999998
ViSmish_03099,1,1,0.99961215,True,1.0,paraphrased,Dịch vụ công giả,1.0,0.99806818,0.0019318200000000285,0.09999999999999998
ViSmish_03100,1,1,0.9995857,True,1.0,synthetic_hard_negative,Crypto / Đầu tư giả,1.0,0.998004675,0.0019953249999999922,0.09999999999999998
ViSmish_03101,1,1,0.99962974,True,1.0,paraphrased,Tuyển dụng giả,1.0,0.99811189,0.0018881099999999984,0.09999999999999998
ViSmish_03102,0,0,0.99928397,True,1.0,external_curated,P2P hard negative,1.0,0.0026071551999999995,0.9973928448,0.09999999999999998
ViSmish_03103,0,0,0.9994911,True,1.0,synthetic,Dịch vụ y tế,1.0,0.0022066378999999994,0.9977933621,0.09999999999999998
ViSmish_03104,0,0,0.99928087,True,1.0,synthetic,Dịch vụ y tế,1.0,0.0026126602999999994,0.9973873397,0.09999999999999998
ViSmish_03106,0,0,0.99948645,True,1.0,synthetic,Vận chuyển,1.0,0.0022165137999999997,0.9977834862,0.09999999999999998
ViSmish_03108,1,1,0.99954,True,1.0,real,Cờ bạc / Betting,1.0,0.99789964,0.0021003600000000233,0.09999999999999998
ViSmish_03109,0,0,0.99945956,True,1.0,synthetic,Thương mại điện tử,1.0,0.0022725063999999994,0.9977274936,0.09999999999999998
ViSmish_03111,0,0,0.9993824,True,1.0,synthetic,Quảng cáo hợp lệ,1.0,0.0024256685999999995,0.9975743314,0.09999999999999998
ViSmish_03112,0,0,0.9994758,True,1.0,real,Khác,1.0,0.0022390782999999995,0.9977609217,0.09999999999999998
ViSmish_03113,1,1,0.9996352,True,1.0,paraphrased,BHXH / Trợ cấp giả,1.0,0.99812552,0.0018744800000000117,0.09999999999999998
ViSmish_03115,0,0,0.9994832,True,1.0,synthetic,Vận chuyển,1.0,0.0022231727999999992,0.9977768272,0.09999999999999998
ViSmish_03116,0,0,0.99944955,True,1.0,synthetic,Vận chuyển,1.0,0.0022930252999999994,0.9977069747,0.09999999999999998
ViSmish_03117,0,0,0.9994854,True,1.0,synthetic,Vận chuyển,1.0,0.0022186569999999993,0.997781343,0.09999999999999998
ViSmish_03119,1,1,0.99962246,True,1.0,paraphrased,BHXH / Trợ cấp giả,1.0,0.998093754,0.0019062460000000003,0.09999999999999998
ViSmish_03121,1,1,0.9996244,True,1.0,paraphrased,Giả mạo ngân hàng,1.0,0.99809831,0.001901689999999956,0.09999999999999998
ViSmish_03122,0,0,0.99939275,True,1.0,external_curated,P2P hard negative,1.0,0.0024056545999999995,0.9975943454,0.09999999999999998
ViSmish_03123,0,0,0.99931645,True,1.0,real,Quảng cáo hợp lệ,1.0,0.0025486574999999995,0.9974513425,0.09999999999999998
ViSmish_03124,1,1,0.9996101,True,1.0,paraphrased,Dịch vụ công giả,1.0,0.99806318,0.0019368199999999502,0.09999999999999998
ViSmish_03125,1,1,0.9995895,True,1.0,paraphrased,Tuyển dụng giả,1.0,0.998013705,0.001986295000000027,0.09999999999999998
ViSmish_03128,1,1,0.9995484,True,1.0,paraphrased,Cờ bạc / Betting,1.0,0.99791868,0.002081320000000053,0.09999999999999998
ViSmish_03129,0,0,0.9994734,True,1.0,synthetic,Viễn thông,1.0,0.0022438689999999995,0.997756131,0.09999999999999998
ViSmish_03130,0,0,0.99935406,True,1.0,external_curated,P2P hard negative,1.0,0.0024792314999999994,0.9975207685,0.09999999999999998
ViSmish_03131,1,1,0.9995679,True,1.0,synthetic_hard_negative,Khác,1.0,0.997963274,0.0020367260000000442,0.09999999999999998
ViSmish_03132,0,0,0.99948126,True,1.0,synthetic,Thương mại điện tử,1.0,0.0022275052999999995,0.9977724947,0.09999999999999998
ViSmish_03133,0,0,0.9994547,True,1.0,real,Khác,1.0,0.0022825596999999993,0.9977174403,0.09999999999999998
ViSmish_03136,1,1,0.99950254,True,1.0,paraphrased,Nội dung nhạy cảm,1.0,0.99781781,0.0021821899999999728,0.09999999999999998
ViSmish_03139,0,0,0.9994873,True,1.0,synthetic,Vận chuyển,1.0,0.002214638999999999,0.997785361,0.09999999999999998
ViSmish_03141,1,1,0.99961483,True,1.0,paraphrased,Giả mạo ngân hàng,1.0,0.998075026,0.0019249740000000237,0.09999999999999998
ViSmish_03142,0,0,0.99940395,True,1.0,external_real,P2P hội thoại thông thường,1.0,0.0023839499999999993,0.99761605,0.09999999999999998
ViSmish_03143,1,1,0.99960417,True,1.0,paraphrased,Dịch vụ công giả,1.0,0.99804883,0.001951170000000002,0.09999999999999998
ViSmish_03144,0,0,0.9992168,True,1.0,external_real,P2P hội thoại thông thường,1.0,0.0027233559999999993,0.997276644,0.09999999999999998
ViSmish_03146,1,1,0.9995648,True,1.0,paraphrased,Dịch vụ công giả,1.0,0.997956216,0.0020437840000000485,0.09999999999999998
ViSmish_03148,1,1,0.9996126,True,1.0,paraphrased,Tuyển dụng giả,1.0,0.9980694999999999,0.0019305000000000572,0.09999999999999998
ViSmish_03149,1,1,0.99963236,True,1.0,paraphrased,BHXH / Trợ cấp giả,1.0,0.998118377,0.0018816230000000544,0.09999999999999998
ViSmish_03152,1,1,0.99962115,True,1.0,paraphrased,Tuyển dụng giả,1.0,0.99809059,0.0019094100000000003,0.09999999999999998
ViSmish_03153,0,0,0.99937433,True,1.0,external_curated,P2P hard negative,1.0,0.0024409929999999994,0.997559007,0.09999999999999998
ViSmish_03155,0,0,0.99948174,True,1.0,synthetic,Vận chuyển,1.0,0.0022265072999999996,0.9977734927,0.09999999999999998
ViSmish_03156,1,1,0.99961996,True,1.0,paraphrased,Giả mạo ngân hàng,1.0,0.998087376,0.0019126240000000294,0.09999999999999998
ViSmish_03157,1,1,0.99955755,True,1.0,paraphrased,Dịch vụ công giả,1.0,0.9979395,0.0020605000000000206,0.09999999999999998
ViSmish_03158,1,1,0.9996176,True,1.0,paraphrased,Nội dung nhạy cảm,1.0,0.998081666,0.001918333999999966,0.09999999999999998
ViSmish_03160,0,0,0.9994723,True,1.0,synthetic,Ngân hàng thật,1.0,0.0022460672999999997,0.9977539327,0.09999999999999998
ViSmish_03164,0,0,0.9994784,True,1.0,synthetic,Thương mại điện tử,1.0,0.0022335282999999995,0.9977664717,0.09999999999999998
ViSmish_03166,1,1,0.9996269,True,1.0,paraphrased,Tuyển dụng giả,1.0,0.99810476,0.0018952399999999647,0.09999999999999998
ViSmish_03167,0,0,0.9994266,True,1.0,external_curated,P2P hard negative,1.0,0.0023392952999999996,0.9976607047,0.09999999999999998
ViSmish_03169,1,1,0.99962115,True,1.0,paraphrased,Dịch vụ công giả,1.0,0.9980906,0.00190939999999995,0.09999999999999998
ViSmish_03170,0,0,0.9993691,True,1.0,synthetic,Tin nhắn cá nhân và OTP,1.0,0.0024510679999999994,0.997548932,0.09999999999999998
ViSmish_03171,1,1,0.9994962,True,1.0,synthetic_hard_negative,Dịch vụ công giả,1.0,0.9978041950000001,0.0021958049999999396,0.09999999999999998
ViSmish_03172,1,1,0.99963105,True,1.0,paraphrased,BHXH / Trợ cấp giả,1.0,0.99811519,0.001884809999999959,0.09999999999999998
ViSmish_03173,1,1,0.9996356,True,1.0,paraphrased,BHXH / Trợ cấp giả,1.0,0.99812645,0.0018735500000000016,0.09999999999999998
ViSmish_03174,1,1,0.9996057,True,1.0,paraphrased,Dịch vụ công giả,1.0,0.99805252,0.0019474800000000014,0.09999999999999998
ViSmish_03175,1,1,0.9995178,True,1.0,synthetic_hard_negative,Khác,1.0,0.99785079,0.0021492100000000125,0.09999999999999998
ViSmish_03176,0,0,0.99947864,True,1.0,synthetic,Vận chuyển,1.0,0.0022329154999999995,0.9977670845,0.09999999999999998
ViSmish_03177,0,0,0.9994609,True,1.0,external_curated,P2P hard negative,1.0,0.0022698791999999995,0.9977301208,0.09999999999999998
ViSmish_03179,0,0,0.9993598,True,1.0,real,Viễn thông,1.0,0.0024685155999999995,0.9975314844,0.09999999999999998
ViSmish_03181,0,0,0.99945825,True,1.0,external_curated,P2P hard negative,1.0,0.0022751528999999993,0.9977248471,0.09999999999999998
ViSmish_03182,0,0,0.9994549,True,1.0,synthetic,Quảng cáo hợp lệ,1.0,0.0022820976999999992,0.9977179023,0.09999999999999998
ViSmish_03183,1,1,0.9996153,True,1.0,paraphrased,Nội dung nhạy cảm,1.0,0.998076147,0.0019238529999999754,0.09999999999999998
ViSmish_03187,1,1,0.99961853,True,1.0,paraphrased,Đòi nợ / Đe dọa,1.0,0.998083866,0.0019161340000000138,0.09999999999999998
ViSmish_03193,1,1,0.9995123,True,1.0,synthetic_hard_negative,BHXH / Trợ cấp giả,1.0,0.997838825,0.002161175000000015,0.09999999999999998
ViSmish_03195,0,0,0.99945706,True,1.0,synthetic,Ngân hàng thật,1.0,0.0022775729999999998,0.997722427,0.09999999999999998
ViSmish_03196,1,1,0.9996327,True,1.0,paraphrased,Đòi nợ / Đe dọa,1.0,0.998119146,0.0018808540000000429,0.09999999999999998
ViSmish_03198,0,0,0.999469,True,1.0,real,Viễn thông,1.0,0.0022529877999999995,0.9977470122,0.09999999999999998
ViSmish_03200,1,1,0.9996182,True,1.0,paraphrased,Dịch vụ công giả,1.0,0.99808317,0.0019168299999999805,0.09999999999999998
ViSmish_03201,1,1,0.9995505,True,1.0,synthetic_hard_negative,BHXH / Trợ cấp giả,1.0,0.99792347,0.0020765299999999653,0.09999999999999998
ViSmish_03202,1,1,0.99961406,True,1.0,paraphrased,Tuyển dụng giả,1.0,0.99807273,0.0019272700000000365,0.09999999999999998
ViSmish_03204,1,1,0.9996244,True,1.0,paraphrased,Tuyển dụng giả,1.0,0.99809848,0.0019015199999999899,0.09999999999999998
ViSmish_03205,0,0,0.9994535,True,1.0,real,Khác,1.0,0.0022849859999999993,0.997715014,0.09999999999999998
ViSmish_03206,0,0,0.99941826,True,1.0,external_real,P2P hội thoại thông thường,1.0,0.0023558234999999997,0.9976441765,0.09999999999999998
ViSmish_03208,0,0,0.99943346,True,1.0,synthetic,Tin nhắn cá nhân và OTP,1.0,0.0023255492999999993,0.9976744507,0.09999999999999998
ViSmish_03210,0,0,0.9994128,True,1.0,external_real,P2P hội thoại thông thường,1.0,0.0023667303999999993,0.9976332696,0.09999999999999998
ViSmish_03211,1,1,0.9996075,True,1.0,paraphrased,Crypto / Đầu tư giả,1.0,0.998056865,0.0019431349999999847,0.09999999999999998
ViSmish_03212,0,0,0.99940455,True,1.0,synthetic,Dịch vụ công thật,1.0,0.0023827254999999993,0.9976172745,0.09999999999999998
ViSmish_03213,1,1,0.9996147,True,1.0,paraphrased,Cờ bạc / Betting,1.0,0.99807452,0.001925480000000035,0.09999999999999998
ViSmish_03214,0,0,0.9994128,True,1.0,synthetic,Ngân hàng thật,1.0,0.0023667582999999993,0.9976332417,0.09999999999999998
ViSmish_03215,1,1,0.9996006,True,1.0,paraphrased,Nội dung nhạy cảm,1.0,0.99804033,0.001959669999999969,0.09999999999999998
ViSmish_03217,1,1,0.9939791,True,1.0,synthetic_hard_negative,Giả mạo ngân hàng,1.0,0.992779076,0.007220923999999962,0.09999999999999998
ViSmish_03219,0,0,0.99946433,True,1.0,external_real,P2P hội thoại thông thường,1.0,0.0022626261999999994,0.9977373738,0.09999999999999998
ViSmish_03220,1,1,0.9994904,True,1.0,synthetic_hard_negative,Tuyển dụng giả,1.0,0.997791845,0.002208155000000045,0.09999999999999998
ViSmish_03221,1,1,0.9994419,True,1.0,synthetic_hard_negative,Dịch vụ công giả,1.0,0.99769166,0.00230834000000002,0.09999999999999998
ViSmish_03222,1,1,0.99960774,True,1.0,paraphrased,Đòi nợ / Đe dọa,1.0,0.99805753,0.0019424700000000295,0.09999999999999998
ViSmish_03223,0,0,0.9994247,True,1.0,synthetic,Tin nhắn cá nhân và OTP,1.0,0.0023430583999999996,0.9976569416,0.09999999999999998
ViSmish_03224,1,1,0.99960786,True,1.0,synthetic_hard_negative,Khác,1.0,0.998057646,0.0019423539999999795,0.09999999999999998
ViSmish_03226,0,0,0.9994386,True,1.0,synthetic,Ngân hàng thật,1.0,0.0023151566999999994,0.9976848433,0.09999999999999998
ViSmish_03228,1,1,0.9996113,True,1.0,paraphrased,Crypto / Đầu tư giả,1.0,0.99806604,0.0019339600000000123,0.09999999999999998
ViSmish_03229,1,1,0.9996182,True,1.0,paraphrased,Giả mạo ngân hàng,1.0,0.998083144,0.0019168560000000223,0.09999999999999998
ViSmish_03230,0,0,0.99925786,True,1.0,real,Viễn thông,1.0,0.0026529179999999993,0.997347082,0.09999999999999998
ViSmish_03233,0,0,0.99946445,True,1.0,synthetic,Thương mại điện tử,1.0,0.0022623942999999997,0.9977376057,0.09999999999999998
ViSmish_03234,1,1,0.9996252,True,1.0,paraphrased,Giả mạo ngân hàng,1.0,0.998100406,0.001899593999999949,0.09999999999999998
ViSmish_03235,0,0,0.99943596,True,1.0,synthetic,Viễn thông,1.0,0.0023204246999999996,0.9976795753,0.09999999999999998
ViSmish_03237,1,1,0.99959093,True,1.0,paraphrased,Tuyển dụng giả,1.0,0.99801726,0.001982739999999983,0.09999999999999998
ViSmish_03240,1,1,0.9996201,True,1.0,paraphrased,Cờ bạc / Betting,1.0,0.9980877,0.001912299999999978,0.09999999999999998
ViSmish_03241,0,0,0.99928457,True,1.0,external_real,P2P hội thoại thông thường,1.0,0.0026060090999999994,0.9973939909,0.09999999999999998
ViSmish_03242,0,0,0.99937063,True,1.0,synthetic,Dịch vụ công thật,1.0,0.002448101499999999,0.9975518985,0.09999999999999998
ViSmish_03244,1,1,0.99955946,True,1.0,paraphrased,Crypto / Đầu tư giả,1.0,0.997943956,0.0020560440000000346,0.09999999999999998
ViSmish_03245,0,0,0.9994667,True,1.0,synthetic,Viễn thông,1.0,0.0022577823999999995,0.9977422176,0.09999999999999998
ViSmish_03247,0,0,0.9994615,True,1.0,synthetic,Tin nhắn cá nhân và OTP,1.0,0.0022686091999999996,0.9977313908,0.09999999999999998
ViSmish_03248,1,1,0.99958163,True,1.0,paraphrased,Crypto / Đầu tư giả,1.0,0.99799517,0.0020048299999999575,0.09999999999999998
ViSmish_03249,1,1,0.9994159,True,1.0,real,Khác,1.0,0.997639364,0.002360636000000027,0.09999999999999998
ViSmish_03250,1,1,0.9984888,True,1.0,real,Cờ bạc / Betting,1.0,0.996255267,0.003744733,0.09999999999999998
ViSmish_03251,1,1,0.9996269,True,1.0,paraphrased,Tuyển dụng giả,1.0,0.99810461,0.0018953900000000523,0.09999999999999998
ViSmish_03252,1,1,0.9995939,True,1.0,paraphrased,Cờ bạc / Betting,1.0,0.99802429,0.001975709999999964,0.09999999999999998
ViSmish_03253,1,1,0.9994393,True,1.0,real,Cờ bạc / Betting,1.0,0.99768623,0.0023137699999999928,0.09999999999999998
ViSmish_03254,0,0,0.9993855,True,1.0,external_curated,P2P hard negative,1.0,0.0024196752999999997,0.9975803247,0.09999999999999998
ViSmish_03255,1,1,0.99959666,True,1.0,paraphrased,BHXH / Trợ cấp giả,1.0,0.99803069,0.001969310000000002,0.09999999999999998
ViSmish_03256,1,1,0.9996263,True,1.0,paraphrased,BHXH / Trợ cấp giả,1.0,0.99810306,0.001896939999999958,0.09999999999999998
ViSmish_03257,1,1,0.9996216,True,1.0,paraphrased,BHXH / Trợ cấp giả,1.0,0.99809163,0.0019083699999999926,0.09999999999999998
ViSmish_03258,1,1,0.99939156,True,1.0,synthetic_hard_negative,Khác,1.0,0.99759202,0.0024079799999999763,0.09999999999999998
ViSmish_03260,1,1,0.99962914,True,1.0,paraphrased,Tuyển dụng giả,1.0,0.9981103060000001,0.0018896939999999418,0.09999999999999998
ViSmish_03262,1,1,0.99958736,True,1.0,real,Tuyển dụng giả,1.0,0.99800861,0.0019913900000000373,0.09999999999999998
ViSmish_03264,1,1,0.9996265,True,1.0,paraphrased,Tuyển dụng giả,1.0,0.99810377,0.0018962300000000543,0.09999999999999998
ViSmish_03265,1,1,0.99962175,True,1.0,paraphrased,Cờ bạc / Betting,1.0,0.99809193,0.0019080700000000395,0.09999999999999998
ViSmish_03267,1,1,0.9995746,True,1.0,paraphrased,Giả mạo ngân hàng,1.0,0.997978675,0.0020213249999999627,0.09999999999999998
ViSmish_03269,0,0,0.99932885,True,1.0,real,Tin nhắn cá nhân và OTP,1.0,0.0025260837999999996,0.9974739162,0.09999999999999998
ViSmish_03271,0,0,0.9994536,True,1.0,real,Khác,1.0,0.0022846523999999996,0.9977153476,0.09999999999999998
ViSmish_03272,0,0,0.9994795,True,1.0,synthetic,Thương mại điện tử,1.0,0.0022312191999999996,0.9977687808,0.09999999999999998
ViSmish_03273,0,0,0.99947244,True,1.0,external_curated,P2P hard negative,1.0,0.0022458277999999996,0.9977541722,0.09999999999999998
ViSmish_03274,1,1,0.9996045,True,1.0,paraphrased,Đòi nợ / Đe dọa,1.0,0.99804971,0.0019502900000000212,0.09999999999999998
ViSmish_03275,1,1,0.9995784,True,1.0,paraphrased,Đòi nợ / Đe dọa,1.0,0.99798753,0.002012470000000044,0.09999999999999998
ViSmish_03276,1,1,0.9995828,True,1.0,paraphrased,Crypto / Đầu tư giả,1.0,0.997998065,0.0020019350000000102,0.09999999999999998
ViSmish_03277,1,1,0.9995266,True,1.0,synthetic_hard_negative,Khác,1.0,0.99787002,0.0021299799999999758,0.09999999999999998
ViSmish_03278,1,1,0.9993437,True,1.0,paraphrased,Crypto / Đầu tư giả,1.0,0.997501284,0.0024987159999999564,0.09999999999999998
ViSmish_03279,0,0,0.9994412,True,1.0,synthetic,Tin nhắn cá nhân và OTP,1.0,0.0023098064999999995,0.9976901935,0.09999999999999998
ViSmish_03280,1,1,0.99944466,True,1.0,synthetic_hard_negative,Dịch vụ công giả,1.0,0.99769717,0.002302829999999978,0.09999999999999998
ViSmish_03282,1,1,0.9994405,True,1.0,paraphrased,Nội dung nhạy cảm,1.0,0.997688705,0.0023112950000000465,0.09999999999999998
ViSmish_03283,1,1,0.99948126,True,1.0,synthetic_hard_negative,Giả mạo ngân hàng,1.0,0.99777256,0.0022274399999999694,0.09999999999999998
ViSmish_03285,1,1,0.99944097,True,1.0,real,Cờ bạc / Betting,1.0,0.997689533,0.0023104670000000382,0.09999999999999998
ViSmish_03288,1,1,0.99963045,True,1.0,paraphrased,Dịch vụ công giả,1.0,0.99811352,0.0018864800000000237,0.09999999999999998
ViSmish_03289,1,1,0.9996141,True,1.0,paraphrased,Giả mạo ngân hàng,1.0,0.998073125,0.0019268749999999946,0.09999999999999998
ViSmish_03291,1,1,0.99962604,True,1.0,paraphrased,Đòi nợ / Đe dọa,1.0,0.99810255,0.0018974499999999672,0.09999999999999998
ViSmish_03293,1,1,0.99960345,True,1.0,paraphrased,Cờ bạc / Betting,1.0,0.99804704,0.0019529600000000036,0.09999999999999998
ViSmish_03295,1,1,0.9996239,True,1.0,paraphrased,Dịch vụ công giả,1.0,0.9980973399999999,0.001902660000000056,0.09999999999999998
ViSmish_03296,0,0,0.9993793,True,1.0,synthetic,Tin nhắn cá nhân và OTP,1.0,0.0024316148999999994,0.9975683851,0.09999999999999998
ViSmish_03298,0,0,0.9994605,True,1.0,external_real,P2P hội thoại thông thường,1.0,0.0022706068999999995,0.9977293931,0.09999999999999998
ViSmish_03300,0,0,0.9993679,True,1.0,synthetic,Tin nhắn cá nhân và OTP,1.0,0.0024532272999999993,0.9975467727,0.09999999999999998
ViSmish_03301,0,0,0.9994752,True,1.0,synthetic,Ngân hàng thật,1.0,0.0022401356999999997,0.9977598643,0.09999999999999998
ViSmish_03302,0,0,0.9994572,True,1.0,real,Viễn thông,1.0,0.0022774558999999993,0.9977225441,0.09999999999999998
ViSmish_03304,1,1,0.9996213,True,1.0,paraphrased,Đòi nợ / Đe dọa,1.0,0.998090786,0.0019092139999999924,0.09999999999999998
ViSmish_03306,0,0,0.9994547,True,1.0,external_real,P2P hội thoại thông thường,1.0,0.0022825793999999996,0.9977174206,0.09999999999999998
ViSmish_03307,1,1,0.99960023,True,1.0,paraphrased,Crypto / Đầu tư giả,1.0,0.99803947,0.0019605299999999604,0.09999999999999998
ViSmish_03308,0,0,0.99944216,True,1.0,synthetic,Dịch vụ công thật,1.0,0.0023078945999999993,0.9976921054,0.09999999999999998
ViSmish_03310,1,1,0.9995869,True,1.0,paraphrased,Nội dung nhạy cảm,1.0,0.99800744,0.001992560000000032,0.09999999999999998
ViSmish_03311,0,0,0.99934703,True,1.0,real,Viễn thông,1.0,0.0024923305999999994,0.9975076694,0.09999999999999998
ViSmish_03313,1,1,0.99951804,True,1.0,synthetic_hard_negative,Khác,1.0,0.99785121,0.0021487900000000115,0.09999999999999998
ViSmish_03314,0,0,0.99939156,True,1.0,external_real,P2P hội thoại thông thường,1.0,0.0024079625999999994,0.9975920374,0.09999999999999998
ViSmish_03316,1,1,0.99961394,True,1.0,paraphrased,Crypto / Đầu tư giả,1.0,0.998072606,0.0019273939999999712,0.09999999999999998
ViSmish_03317,0,0,0.9994709,True,1.0,synthetic,Tin nhắn cá nhân và OTP,1.0,0.0022492367999999993,0.9977507632,0.09999999999999998
ViSmish_03319,1,1,0.9996112,True,1.0,paraphrased,Giả mạo ngân hàng,1.0,0.998065764,0.001934235999999978,0.09999999999999998
ViSmish_03321,1,1,0.9995987,True,1.0,paraphrased,Tuyển dụng giả,1.0,0.99803571,0.0019642899999999797,0.09999999999999998
ViSmish_03323,0,0,0.9994537,True,1.0,external_curated,P2P hard negative,1.0,0.0022843896999999993,0.9977156103,0.09999999999999998
ViSmish_03325,0,0,0.9994758,True,1.0,synthetic,Vận chuyển,1.0,0.0022388880999999992,0.9977611119,0.09999999999999998
ViSmish_03327,1,1,0.9996216,True,1.0,paraphrased,Giả mạo ngân hàng,1.0,0.998091793,0.0019082070000000506,0.09999999999999998
ViSmish_03330,0,0,0.99948066,True,1.0,real,Viễn thông,1.0,0.0022286643999999997,0.9977713356,0.09999999999999998
ViSmish_03331,1,1,0.9995845,True,1.0,paraphrased,Dịch vụ công giả,1.0,0.9980017800000001,0.0019982199999999395,0.09999999999999998
ViSmish_03335,1,1,0.99963284,True,1.0,paraphrased,BHXH / Trợ cấp giả,1.0,0.99811972,0.0018802799999999564,0.09999999999999998
ViSmish_03337,0,0,0.99940836,True,1.0,real,Viễn thông,1.0,0.0023753096999999997,0.9976246903,0.09999999999999998
ViSmish_03341,0,0,0.9994906,True,1.0,synthetic,Thương mại điện tử,1.0,0.0022076356999999997,0.9977923643,0.09999999999999998
ViSmish_03342,0,0,0.9992884,True,1.0,synthetic,Dịch vụ y tế,1.0,0.0025993173999999996,0.9974006826,0.09999999999999998
ViSmish_03344,1,1,0.99961406,True,1.0,paraphrased,Giả mạo ngân hàng,1.0,0.998073006,0.0019269939999999597,0.09999999999999998
ViSmish_03345,1,1,0.9996152,True,1.0,paraphrased,Giả mạo ngân hàng,1.0,0.99807567,0.0019243300000000296,0.09999999999999998
ViSmish_03346,1,1,0.9995776,True,1.0,paraphrased,Nội dung nhạy cảm,1.0,0.997985727,0.002014273000000011,0.09999999999999998
ViSmish_03347,1,1,0.99959165,True,1.0,paraphrased,BHXH / Trợ cấp giả,1.0,0.99801893,0.001981070000000029,0.09999999999999998
ViSmish_03350,1,1,0.9996,True,1.0,paraphrased,BHXH / Trợ cấp giả,1.0,0.99803873,0.001961270000000015,0.09999999999999998
ViSmish_03351,0,0,0.9994842,True,1.0,real,Tin nhắn cá nhân và OTP,1.0,0.0022212273999999994,0.9977787726,0.09999999999999998
ViSmish_03352,1,1,0.99962974,True,1.0,paraphrased,Giả mạo ngân hàng,1.0,0.99811172,0.0018882799999999644,0.09999999999999998
ViSmish_03353,1,1,0.99961394,True,1.0,paraphrased,Đòi nợ / Đe dọa,1.0,0.99807272,0.0019272799999999757,0.09999999999999998
ViSmish_03354,1,1,0.9996184,True,1.0,paraphrased,Đòi nợ / Đe dọa,1.0,0.99808374,0.001916260000000003,0.09999999999999998
ViSmish_03355,1,1,0.9995245,True,1.0,paraphrased,Tuyển dụng giả,1.0,0.99786547,0.002134529999999968,0.09999999999999998
ViSmish_03357,1,1,0.9994809,True,1.0,real,Cờ bạc / Betting,1.0,0.997771716,0.0022282839999999693,0.09999999999999998
ViSmish_03358,1,1,0.99954563,True,1.0,paraphrased,Crypto / Đầu tư giả,1.0,0.997912633,0.0020873670000000066,0.09999999999999998
ViSmish_03360,1,1,0.9996176,True,1.0,paraphrased,Đòi nợ / Đe dọa,1.0,0.998081744,0.0019182559999999516,0.09999999999999998
ViSmish_03361,1,1,0.9996178,True,1.0,paraphrased,BHXH / Trợ cấp giả,1.0,0.998082364,0.0019176359999999448,0.09999999999999998
ViSmish_03362,1,1,0.9995758,True,1.0,paraphrased,BHXH / Trợ cấp giả,1.0,0.99798166,0.0020183400000000074,0.09999999999999998
ViSmish_03365,0,0,0.99942124,True,1.0,real,Khác,1.0,0.0023498814999999996,0.9976501185,0.09999999999999998
ViSmish_03366,0,0,0.99944705,True,1.0,synthetic,Viễn thông,1.0,0.0022981732999999994,0.9977018267,0.09999999999999998
ViSmish_03368,1,1,0.997334,True,1.0,real,Đòi nợ / Đe dọa,1.0,0.995083976,0.004916024000000019,0.09999999999999998
ViSmish_03369,1,1,0.99887234,True,1.0,real,Cờ bạc / Betting,1.0,0.99674933,0.003250670000000011,0.09999999999999998
ViSmish_03370,1,1,0.9996307,True,1.0,paraphrased,BHXH / Trợ cấp giả,1.0,0.9981141099999999,0.0018858900000000567,0.09999999999999998
ViSmish_03371,0,0,0.9994704,True,1.0,synthetic,Vận chuyển,1.0,0.0022501279999999992,0.997749872,0.09999999999999998
ViSmish_03373,1,1,0.99960166,True,1.0,paraphrased,Tuyển dụng giả,1.0,0.998042655,0.0019573449999999992,0.09999999999999998
ViSmish_03375,1,1,0.99961996,True,1.0,paraphrased,Dịch vụ công giả,1.0,0.99808754,0.0019124600000000047,0.09999999999999998
ViSmish_03376,0,0,0.99947625,True,1.0,real,Khác,1.0,0.0022380398999999993,0.9977619601,0.09999999999999998
ViSmish_03377,0,0,0.9994721,True,1.0,synthetic,Viễn thông,1.0,0.0022465899999999997,0.99775341,0.09999999999999998
ViSmish_03378,0,0,0.99949825,True,1.0,real,Viễn thông,1.0,0.0021914939999999996,0.997808506,0.09999999999999998
ViSmish_03379,1,1,0.9996221,True,1.0,paraphrased,Giả mạo ngân hàng,1.0,0.99809269,0.0019073099999999954,0.09999999999999998
ViSmish_03380,0,0,0.9991472,True,1.0,real,Viễn thông,1.0,0.0028385750999999995,0.9971614249,0.09999999999999998
ViSmish_03382,1,1,0.99955386,True,1.0,paraphrased,Crypto / Đầu tư giả,1.0,0.99793113,0.0020688700000000004,0.09999999999999998
ViSmish_03383,0,0,0.99947447,True,1.0,real,Viễn thông,1.0,0.0022416439999999992,0.997758356,0.09999999999999998
ViSmish_03384,0,0,0.9993567,True,1.0,real,Viễn thông,1.0,0.0024743141999999992,0.9975256858,0.09999999999999998
ViSmish_03385,0,0,0.9993718,True,1.0,real,Ngân hàng thật,1.0,0.0024457469999999994,0.997554253,0.09999999999999998
ViSmish_03386,0,0,0.9994709,True,1.0,real,Tin nhắn cá nhân và OTP,1.0,0.0022491411999999993,0.9977508588,0.09999999999999998
ViSmish_03387,1,1,0.9996141,True,1.0,paraphrased,Dịch vụ công giả,1.0,0.998073053,0.0019269469999999567,0.09999999999999998
ViSmish_03388,1,1,0.9996171,True,1.0,paraphrased,BHXH / Trợ cấp giả,1.0,0.99808055,0.0019194500000000447,0.09999999999999998
ViSmish_03391,0,0,0.9988937,True,1.0,real,Khác,1.0,0.003220851699999999,0.9967791483,0.09999999999999998
ViSmish_03393,1,1,0.999469,True,1.0,synthetic_hard_negative,Dịch vụ công giả,1.0,0.997746927,0.0022530729999999943,0.09999999999999998
ViSmish_03395,0,0,0.99949324,True,1.0,synthetic,Vận chuyển,1.0,0.0022020738999999996,0.9977979261,0.09999999999999998
ViSmish_03397,1,1,0.9996159,True,1.0,paraphrased,Cờ bạc / Betting,1.0,0.998077434,0.001922565999999959,0.09999999999999998
ViSmish_03399,1,1,0.99942446,True,1.0,paraphrased,BHXH / Trợ cấp giả,1.0,0.99765646,0.002343540000000033,0.09999999999999998
ViSmish_03400,1,1,0.9996132,True,1.0,paraphrased,Tuyển dụng giả,1.0,0.99807077,0.001929230000000004,0.09999999999999998
ViSmish_03401,1,1,0.9995852,True,1.0,paraphrased,Nội dung nhạy cảm,1.0,0.998003584,0.001996416000000001,0.09999999999999998
ViSmish_03402,1,1,0.99961084,True,1.0,paraphrased,BHXH / Trợ cấp giả,1.0,0.998065007,0.001934992999999996,0.09999999999999998
ViSmish_03403,0,0,0.99942774,True,1.0,synthetic,Quảng cáo hợp lệ,1.0,0.0023369620999999993,0.9976630379,0.09999999999999998
ViSmish_03405,1,1,0.99960643,True,1.0,paraphrased,Crypto / Đầu tư giả,1.0,0.998054415,0.001945584999999972,0.09999999999999998
ViSmish_03406,1,1,0.9996007,True,1.0,paraphrased,Cờ bạc / Betting,1.0,0.998040515,0.001959484999999983,0.09999999999999998
ViSmish_03407,1,1,0.9995427,True,1.0,paraphrased,Crypto / Đầu tư giả,1.0,0.99790588,0.002094119999999977,0.09999999999999998
ViSmish_03408,0,0,0.9994155,True,1.0,real,Tin nhắn cá nhân và OTP,1.0,0.0023612310999999997,0.9976387689,0.09999999999999998
ViSmish_03410,1,1,0.99960774,True,1.0,paraphrased,Crypto / Đầu tư giả,1.0,0.99805735,0.0019426500000000457,0.09999999999999998
ViSmish_03412,0,0,0.99949,True,1.0,synthetic,Vận chuyển,1.0,0.0022089599999999994,0.99779104,0.09999999999999998
ViSmish_03413,1,1,0.9996246,True,1.0,paraphrased,Tuyển dụng giả,1.0,0.99809893,0.0019010699999999492,0.09999999999999998
ViSmish_03414,1,1,0.99958664,True,1.0,paraphrased,Giả mạo ngân hàng,1.0,0.99800703,0.001992969999999983,0.09999999999999998
ViSmish_03416,0,0,0.9994722,True,1.0,synthetic,Thương mại điện tử,1.0,0.0022464727999999996,0.9977535272,0.09999999999999998
ViSmish_03417,0,0,0.99941444,True,1.0,synthetic,Quảng cáo hợp lệ,1.0,0.0023634689999999996,0.997636531,0.09999999999999998
ViSmish_03419,1,1,0.9996234,True,1.0,paraphrased,Cờ bạc / Betting,1.0,0.99809595,0.001904050000000046,0.09999999999999998
ViSmish_03423,1,1,0.99962246,True,1.0,paraphrased,BHXH / Trợ cấp giả,1.0,0.998093694,0.0019063059999999687,0.09999999999999998
ViSmish_03424,1,1,0.9995473,True,1.0,paraphrased,BHXH / Trợ cấp giả,1.0,0.997916245,0.0020837550000000205,0.09999999999999998
ViSmish_03425,1,1,0.99960715,True,1.0,paraphrased,Nội dung nhạy cảm,1.0,0.99805613,0.0019438699999999587,0.09999999999999998
ViSmish_03426,0,0,0.999476,True,1.0,real,Dịch vụ công thật,1.0,0.0022384259999999995,0.997761574,0.09999999999999998
ViSmish_03428,1,1,0.99962246,True,1.0,paraphrased,Nội dung nhạy cảm,1.0,0.99809379,0.0019062100000000193,0.09999999999999998
ViSmish_03429,0,0,0.99938524,True,1.0,real,Khác,1.0,0.0024202227999999995,0.9975797772,0.09999999999999998
ViSmish_03430,0,0,0.99946195,True,1.0,real,Tin nhắn cá nhân và OTP,1.0,0.0022676195999999996,0.9977323804,0.09999999999999998
ViSmish_03431,0,0,0.9993668,True,1.0,real,Viễn thông,1.0,0.0024553184999999995,0.9975446815,0.09999999999999998
ViSmish_03432,0,0,0.9990128,True,1.0,synthetic,Ngân hàng thật,1.0,0.003047721799999999,0.9969522782,0.09999999999999998
ViSmish_03433,0,0,0.9994844,True,1.0,synthetic,Thương mại điện tử,1.0,0.0022208351999999996,0.9977791648,0.09999999999999998
ViSmish_03434,1,1,0.9992866,True,1.0,synthetic_hard_negative,BHXH / Trợ cấp giả,1.0,0.99739754,0.002602459999999973,0.09999999999999998
ViSmish_03435,1,1,0.9996239,True,1.0,paraphrased,BHXH / Trợ cấp giả,1.0,0.9980973,0.001902700000000035,0.09999999999999998
ViSmish_03438,1,1,0.9996123,True,1.0,paraphrased,Giả mạo ngân hàng,1.0,0.998068535,0.0019314649999999656,0.09999999999999998
ViSmish_03439,0,0,0.99939835,True,1.0,external_real,P2P hội thoại thông thường,1.0,0.0023947154999999997,0.9976052845,0.09999999999999998
ViSmish_03440,1,1,0.9995951,True,1.0,paraphrased,Tuyển dụng giả,1.0,0.998026973,0.001973027000000016,0.09999999999999998
ViSmish_03443,1,1,0.99959236,True,1.0,paraphrased,Đòi nợ / Đe dọa,1.0,0.998020536,0.001979464000000042,0.09999999999999998
ViSmish_03444,1,1,0.9995858,True,1.0,paraphrased,Crypto / Đầu tư giả,1.0,0.9980051,0.0019949000000000217,0.09999999999999998
ViSmish_03445,1,1,0.9995763,True,1.0,paraphrased,Đòi nợ / Đe dọa,1.0,0.99798273,0.00201726999999996,0.09999999999999998
ViSmish_03446,1,1,0.9612493,True,1.0,real,Khác,1.0,0.98327915,0.01672085000000001,0.09999999999999998
ViSmish_03448,0,0,0.9993777,True,1.0,external_real,P2P hội thoại thông thường,1.0,0.0024346086999999994,0.9975653913,0.09999999999999998
ViSmish_03449,0,0,0.9994272,True,1.0,synthetic,Tin nhắn cá nhân và OTP,1.0,0.0023381679999999994,0.997661832,0.09999999999999998
ViSmish_03451,0,0,0.99942964,True,1.0,real,Viễn thông,1.0,0.0023330851999999996,0.9976669148,0.09999999999999998
ViSmish_03452,0,0,0.9993612,True,1.0,real,Viễn thông,1.0,0.0024659411999999993,0.9975340588,0.09999999999999998
ViSmish_03454,0,0,0.999491,True,1.0,synthetic,Vận chuyển,1.0,0.0022068513999999994,0.9977931486,0.09999999999999998
ViSmish_03455,0,0,0.9994404,True,1.0,synthetic,Quảng cáo hợp lệ,1.0,0.0023116850999999996,0.9976883149,0.09999999999999998
ViSmish_03456,1,1,0.99960417,True,1.0,paraphrased,Crypto / Đầu tư giả,1.0,0.9980488,0.0019512000000000418,0.09999999999999998
ViSmish_03457,0,0,0.99946254,True,1.0,external_curated,P2P hard negative,1.0,0.0022663197999999996,0.9977336802,0.09999999999999998
ViSmish_03460,1,1,0.9996245,True,1.0,paraphrased,Dịch vụ công giả,1.0,0.99809869,0.001901310000000045,0.09999999999999998
ViSmish_03462,0,0,0.9993716,True,1.0,external_curated,P2P hard negative,1.0,0.0024464033999999995,0.9975535966,0.09999999999999998
ViSmish_03463,0,0,0.9994929,True,1.0,synthetic,Dịch vụ công thật,1.0,0.0022028021999999994,0.9977971978,0.09999999999999998
ViSmish_03464,0,0,0.99934345,True,1.0,real,Viễn thông,1.0,0.0024991036999999997,0.9975008963,0.09999999999999998
ViSmish_03465,0,0,0.9994972,True,1.0,synthetic,Thương mại điện tử,1.0,0.002193793499999999,0.9978062065,0.09999999999999998
ViSmish_03466,1,1,0.9996333,True,1.0,paraphrased,Tuyển dụng giả,1.0,0.998120695,0.0018793049999999978,0.09999999999999998
ViSmish_03468,1,1,0.9993013,True,1.0,synthetic_hard_negative,Giả mạo ngân hàng,1.0,0.997424036,0.0025759640000000417,0.09999999999999998
ViSmish_03469,0,0,0.9991697,True,1.0,external_curated,P2P hard negative,1.0,0.0028019148999999994,0.9971980851,0.09999999999999998
ViSmish_03470,0,0,0.9994824,True,1.0,real,Khác,1.0,0.0022248988999999993,0.9977751011,0.09999999999999998
ViSmish_03473,0,0,0.99949324,True,1.0,synthetic,Dịch vụ công thật,1.0,0.0022020233999999993,0.9977979766,0.09999999999999998
ViSmish_03474,0,0,0.9994579,True,1.0,synthetic,Thương mại điện tử,1.0,0.0022760111999999993,0.9977239888,0.09999999999999998
ViSmish_03476,1,1,0.99960166,True,1.0,paraphrased,Cờ bạc / Betting,1.0,0.998042744,0.001957255999999963,0.09999999999999998
ViSmish_03477,1,1,0.9996208,True,1.0,paraphrased,Dịch vụ công giả,1.0,0.99808956,0.0019104399999999577,0.09999999999999998
ViSmish_03478,1,1,0.99962044,True,1.0,paraphrased,Giả mạo ngân hàng,1.0,0.998088557,0.0019114430000000127,0.09999999999999998
ViSmish_03479,0,0,0.99944633,True,1.0,synthetic,Ngân hàng thật,1.0,0.0022994202999999996,0.9977005797,0.09999999999999998
ViSmish_03480,1,1,0.99963343,True,1.0,paraphrased,Dịch vụ công giả,1.0,0.99812114,0.0018788600000000377,0.09999999999999998
ViSmish_03482,1,1,0.99952245,True,1.0,synthetic_hard_negative,Tuyển dụng giả,1.0,0.99786104,0.002138960000000023,0.09999999999999998
ViSmish_03483,1,1,0.9995442,True,1.0,paraphrased,Nội dung nhạy cảm,1.0,0.99790933,0.002090669999999961,0.09999999999999998
ViSmish_03486,1,1,0.9996276,True,1.0,paraphrased,Giả mạo ngân hàng,1.0,0.998106337,0.0018936630000000454,0.09999999999999998
ViSmish_03488,0,0,0.99947816,True,1.0,real,Quảng cáo hợp lệ,1.0,0.0022339529999999995,0.997766047,0.09999999999999998
ViSmish_03490,0,0,0.99913055,True,1.0,external_real,P2P hội thoại thông thường,1.0,0.002865338699999999,0.9971346613,0.09999999999999998
ViSmish_03491,0,0,0.98350984,True,1.0,real,Dịch vụ công thật,1.0,0.011464153999999997,0.988535846,0.09999999999999998
ViSmish_03495,1,1,0.99961036,True,1.0,paraphrased,Dịch vụ công giả,1.0,0.99806388,0.0019361199999999856,0.09999999999999998
ViSmish_03496,0,0,0.9993412,True,1.0,real,Tin nhắn cá nhân và OTP,1.0,0.0025033478,0.9974966522,0.09999999999999998
ViSmish_03497,0,0,0.9994898,True,1.0,synthetic,Tin nhắn cá nhân và OTP,1.0,0.0022095161999999995,0.9977904838,0.09999999999999998
ViSmish_03498,0,0,0.99904305,True,1.0,external_curated,P2P hard negative,1.0,0.0030020573999999995,0.9969979426,0.09999999999999998
ViSmish_03499,1,1,0.99961346,True,1.0,paraphrased,Tuyển dụng giả,1.0,0.99807148,0.0019285199999999891,0.09999999999999998
ViSmish_03500,0,0,0.9992692,True,1.0,synthetic,Viễn thông,1.0,0.0026331599999999994,0.99736684,0.09999999999999998
ViSmish_03501,1,1,0.9995091,True,1.0,paraphrased,Nội dung nhạy cảm,1.0,0.99783181,0.0021681900000000143,0.09999999999999998
ViSmish_03503,1,1,0.9996197,True,1.0,paraphrased,Đòi nợ / Đe dọa,1.0,0.998086804,0.0019131959999999504,0.09999999999999998
ViSmish_03504,0,0,0.9994031,True,1.0,real,Viễn thông,1.0,0.0023855449999999993,0.997614455,0.09999999999999998
ViSmish_03505,1,1,0.9996202,True,1.0,paraphrased,Tuyển dụng giả,1.0,0.99808812,0.001911879999999977,0.09999999999999998
ViSmish_03508,0,0,0.99943215,True,1.0,external_real,P2P hội thoại thông thường,1.0,0.0023282044999999997,0.9976717955,0.09999999999999998
ViSmish_03509,0,0,0.99947506,True,1.0,synthetic,Dịch vụ y tế,1.0,0.0022403617999999996,0.9977596382,0.09999999999999998
ViSmish_03510,1,1,0.99962413,True,1.0,paraphrased,BHXH / Trợ cấp giả,1.0,0.998097724,0.001902276000000036,0.09999999999999998
ViSmish_03514,1,1,0.99962866,True,1.0,paraphrased,Tuyển dụng giả,1.0,0.99810914,0.0018908600000000497,0.09999999999999998
ViSmish_03515,1,1,0.99962544,True,1.0,paraphrased,Giả mạo ngân hàng,1.0,0.998101175,0.0018988250000000484,0.09999999999999998
ViSmish_03516,0,0,0.9994388,True,1.0,synthetic,Ngân hàng thật,1.0,0.0023147284999999996,0.9976852715,0.09999999999999998
ViSmish_03517,1,1,0.9995944,True,1.0,synthetic_hard_negative,Khác,1.0,0.998025376,0.001974624000000036,0.09999999999999998
ViSmish_03518,0,0,0.9994686,True,1.0,synthetic,Dịch vụ y tế,1.0,0.0022538780999999996,0.9977461219,0.09999999999999998
ViSmish_03519,0,0,0.99938846,True,1.0,synthetic,Dịch vụ y tế,1.0,0.0024139264999999996,0.9975860735,0.09999999999999998
ViSmish_03520,1,1,0.9995017,True,1.0,synthetic_hard_negative,Giả mạo ngân hàng,1.0,0.99781592,0.0021840800000000327,0.09999999999999998
ViSmish_03521,1,1,0.9995359,True,1.0,paraphrased,Dịch vụ công giả,1.0,0.997890544,0.0021094560000000095,0.09999999999999998
ViSmish_03522,1,1,0.9996246,True,1.0,paraphrased,Crypto / Đầu tư giả,1.0,0.998099005,0.001900994999999961,0.09999999999999998
ViSmish_03524,1,1,0.99912184,True,1.0,paraphrased,Nội dung nhạy cảm,1.0,0.997120696,0.002879304000000027,0.09999999999999998
ViSmish_03526,0,0,0.99949014,True,1.0,real,Viễn thông,1.0,0.0022086314999999993,0.9977913685,0.09999999999999998
ViSmish_03527,1,1,0.99962115,True,1.0,paraphrased,Đòi nợ / Đe dọa,1.0,0.998090464,0.0019095359999999895,0.09999999999999998
ViSmish_03529,0,0,0.99948174,True,1.0,synthetic,Dịch vụ y tế,1.0,0.0022264597999999995,0.9977735402,0.09999999999999998
ViSmish_03530,1,1,0.9996125,True,1.0,paraphrased,Giả mạo ngân hàng,1.0,0.99806918,0.0019308199999999998,0.09999999999999998
ViSmish_03531,0,0,0.9994894,True,1.0,synthetic,Thương mại điện tử,1.0,0.0022102349999999996,0.997789765,0.09999999999999998
ViSmish_03534,1,1,0.9996012,True,1.0,paraphrased,Cờ bạc / Betting,1.0,0.9980416599999999,0.0019583400000000584,0.09999999999999998
ViSmish_03535,0,0,0.99924517,True,1.0,synthetic,Quảng cáo hợp lệ,1.0,0.002674906499999999,0.9973250935,0.09999999999999998
ViSmish_03536,0,0,0.99937505,True,1.0,real,Viễn thông,1.0,0.0024397989999999994,0.997560201,0.09999999999999998
ViSmish_03537,0,0,0.9994336,True,1.0,synthetic,Quảng cáo hợp lệ,1.0,0.0023251613999999993,0.9976748386,0.09999999999999998
ViSmish_03538,0,0,0.99924856,True,1.0,synthetic,Quảng cáo hợp lệ,1.0,0.0026690929999999996,0.997330907,0.09999999999999998
ViSmish_03539,0,0,0.9994709,True,1.0,real,Viễn thông,1.0,0.0022490888999999997,0.9977509111,0.09999999999999998
ViSmish_03543,1,1,0.99961686,True,1.0,paraphrased,BHXH / Trợ cấp giả,1.0,0.99807991,0.001920090000000041,0.09999999999999998
ViSmish_03544,1,1,0.9995467,True,1.0,paraphrased,Cờ bạc / Betting,1.0,0.997914886,0.002085113999999999,0.09999999999999998
ViSmish_03545,1,1,0.9996099,True,1.0,paraphrased,Nội dung nhạy cảm,1.0,0.99806279,0.0019372100000000225,0.09999999999999998
ViSmish_03546,0,0,0.9994874,True,1.0,real,Khác,1.0,0.0022143285999999996,0.9977856714,0.09999999999999998
ViSmish_03547,1,1,0.99928397,True,1.0,synthetic_hard_negative,Khác,1.0,0.997392976,0.0026070240000000133,0.09999999999999998
ViSmish_03548,1,1,0.99960893,True,1.0,paraphrased,Cờ bạc / Betting,1.0,0.99806039,0.0019396099999999805,0.09999999999999998
ViSmish_03550,0,0,0.9994122,True,1.0,external_real,P2P hội thoại thông thường,1.0,0.0023677839999999995,0.997632216,0.09999999999999998
ViSmish_03551,0,0,0.9993622,True,1.0,synthetic,Dịch vụ công thật,1.0,0.0024641625999999995,0.9975358374,0.09999999999999998
ViSmish_03553,0,0,0.9993057,True,1.0,real,Viễn thông,1.0,0.0025681942999999994,0.9974318057,0.09999999999999998
ViSmish_03554,0,0,0.9992488,True,1.0,external_curated,P2P hard negative,1.0,0.0026686519999999992,0.997331348,0.09999999999999998
ViSmish_03555,1,1,0.9995741,True,1.0,paraphrased,Nội dung nhạy cảm,1.0,0.997977763,0.002022237000000038,0.09999999999999998
ViSmish_03557,1,1,0.99961346,True,1.0,paraphrased,Giả mạo ngân hàng,1.0,0.998071563,0.001928437000000005,0.09999999999999998
ViSmish_03558,1,1,0.99958557,True,1.0,synthetic_hard_negative,Khác,1.0,0.998004544,0.001995455999999951,0.09999999999999998
ViSmish_03559,0,0,0.9994567,True,1.0,external_curated,P2P hard negative,1.0,0.0022784832999999997,0.9977215167,0.09999999999999998
ViSmish_03560,1,1,0.9996228,True,1.0,paraphrased,Đòi nợ / Đe dọa,1.0,0.99809472,0.0019052800000000092,0.09999999999999998
ViSmish_03561,0,0,0.9992472,True,1.0,real,Tin nhắn cá nhân và OTP,1.0,0.0026714192999999996,0.9973285807,0.09999999999999998
ViSmish_03562,0,0,0.9993974,True,1.0,synthetic,Viễn thông,1.0,0.0023967746999999998,0.9976032253,0.09999999999999998
ViSmish_03563,1,1,0.99961144,True,1.0,paraphrased,Cờ bạc / Betting,1.0,0.9980664969999999,0.0019335030000000586,0.09999999999999998
ViSmish_03564,0,0,0.9994758,True,1.0,external_curated,P2P hard negative,1.0,0.0022390666999999994,0.9977609333,0.09999999999999998
ViSmish_03567,0,0,0.9994351,True,1.0,real,Tin nhắn cá nhân và OTP,1.0,0.0023221104999999994,0.9976778895,0.09999999999999998
ViSmish_03570,1,1,0.9996195,True,1.0,paraphrased,Tuyển dụng giả,1.0,0.998086333,0.0019136669999999523,0.09999999999999998
ViSmish_03571,0,0,0.99947053,True,1.0,synthetic,Thương mại điện tử,1.0,0.0022498132999999995,0.9977501867,0.09999999999999998
ViSmish_03572,0,0,0.9994824,True,1.0,synthetic,Thương mại điện tử,1.0,0.0022249925999999996,0.9977750074,0.09999999999999998
ViSmish_03573,0,0,0.99945563,True,1.0,synthetic,Viễn thông,1.0,0.0022805258999999997,0.9977194741,0.09999999999999998
ViSmish_03574,1,1,0.9995127,True,1.0,paraphrased,Cờ bạc / Betting,1.0,0.99783958,0.0021604200000000517,0.09999999999999998
ViSmish_03575,0,0,0.9994916,True,1.0,real,Viễn thông,1.0,0.0022055195999999993,0.9977944804,0.09999999999999998
ViSmish_03576,0,0,0.99776614,True,1.0,external_curated,P2P hard negative,1.0,0.004517879699999999,0.9954821203,0.09999999999999998
ViSmish_03578,1,1,0.99960524,True,1.0,paraphrased,Nội dung nhạy cảm,1.0,0.99805134,0.0019486600000000465,0.09999999999999998
ViSmish_03580,1,1,0.9996259,True,1.0,paraphrased,Dịch vụ công giả,1.0,0.99810223,0.0018977700000000208,0.09999999999999998
ViSmish_03582,0,0,0.9993604,True,1.0,synthetic,Quảng cáo hợp lệ,1.0,0.002467364999999999,0.997532635,0.09999999999999998
ViSmish_03583,0,0,0.99934965,True,1.0,real,Viễn thông,1.0,0.0024875588999999994,0.9975124411,0.09999999999999998
ViSmish_03584,1,1,0.99956113,True,1.0,paraphrased,Dịch vụ công giả,1.0,0.99794763,0.0020523700000000256,0.09999999999999998
ViSmish_03585,1,1,0.99947554,True,1.0,synthetic_hard_negative,Dịch vụ công giả,1.0,0.99776045,0.002239549999999979,0.09999999999999998
ViSmish_03587,1,1,0.99956304,True,1.0,paraphrased,Cờ bạc / Betting,1.0,0.99795207,0.002047930000000031,0.09999999999999998
ViSmish_03588,1,1,0.9996137,True,1.0,paraphrased,Đòi nợ / Đe dọa,1.0,0.99807202,0.0019279800000000513,0.09999999999999998
ViSmish_03590,1,1,0.9996123,True,1.0,paraphrased,Dịch vụ công giả,1.0,0.998068637,0.0019313629999999637,0.09999999999999998
ViSmish_03592,1,1,0.9995478,True,1.0,paraphrased,Đòi nợ / Đe dọa,1.0,0.997917306,0.0020826940000000516,0.09999999999999998
ViSmish_03593,1,1,0.9995228,True,1.0,paraphrased,Crypto / Đầu tư giả,1.0,0.9978617,0.0021383000000000374,0.09999999999999998
ViSmish_03595,0,0,0.9994579,True,1.0,real,Viễn thông,1.0,0.0022758751999999993,0.9977241248,0.09999999999999998
ViSmish_03596,0,0,0.9994917,True,1.0,synthetic,Viễn thông,1.0,0.0022052659999999996,0.997794734,0.09999999999999998
ViSmish_03597,1,1,0.9994307,True,1.0,paraphrased,Crypto / Đầu tư giả,1.0,0.99766908,0.002330920000000014,0.09999999999999998
ViSmish_03598,1,1,0.999546,True,1.0,paraphrased,Crypto / Đầu tư giả,1.0,0.99791317,0.002086829999999984,0.09999999999999998
ViSmish_03599,1,1,0.9996234,True,1.0,paraphrased,BHXH / Trợ cấp giả,1.0,0.99809595,0.001904050000000046,0.09999999999999998
ViSmish_03601,0,0,0.99943274,True,1.0,external_real,P2P hội thoại thông thường,1.0,0.0023268401999999994,0.9976731598,0.09999999999999998
ViSmish_03602,0,0,0.99940383,True,1.0,real,Viễn thông,1.0,0.0023842194999999997,0.9976157805,0.09999999999999998
ViSmish_03604,0,0,0.99942696,True,1.0,synthetic,Ngân hàng thật,1.0,0.0023385842999999996,0.9976614157,0.09999999999999998
ViSmish_03606,0,0,0.9994578,True,1.0,synthetic,Thương mại điện tử,1.0,0.0022761584999999997,0.9977238415,0.09999999999999998
ViSmish_03607,1,1,0.9995735,True,1.0,paraphrased,Đòi nợ / Đe dọa,1.0,0.997976226,0.002023773999999978,0.09999999999999998
ViSmish_03608,1,1,0.9995943,True,1.0,paraphrased,Crypto / Đầu tư giả,1.0,0.99802506,0.0019749399999999806,0.09999999999999998
ViSmish_03610,1,1,0.9996252,True,1.0,paraphrased,BHXH / Trợ cấp giả,1.0,0.998100454,0.0018995459999999742,0.09999999999999998
ViSmish_03611,0,0,0.99945897,True,1.0,real,Ngân hàng thật,1.0,0.0022737379999999995,0.997726262,0.09999999999999998
ViSmish_03612,1,1,0.99957997,True,1.0,paraphrased,Dịch vụ công giả,1.0,0.99799116,0.0020088400000000117,0.09999999999999998
ViSmish_03613,0,0,0.99946386,True,1.0,synthetic,Tin nhắn cá nhân và OTP,1.0,0.0022636023999999997,0.9977363976,0.09999999999999998
ViSmish_03614,1,1,0.99953735,True,1.0,synthetic_hard_negative,Tuyển dụng giả,1.0,0.99789392,0.00210608000000001,0.09999999999999998
ViSmish_03615,1,1,0.99961853,True,1.0,paraphrased,Cờ bạc / Betting,1.0,0.9980839,0.0019160999999999762,0.09999999999999998
ViSmish_03618,1,1,0.99958616,True,1.0,paraphrased,Cờ bạc / Betting,1.0,0.99800583,0.0019941700000000173,0.09999999999999998
ViSmish_03619,1,1,0.9996141,True,1.0,paraphrased,Dịch vụ công giả,1.0,0.9980732,0.0019268000000000063,0.09999999999999998
ViSmish_03622,0,0,0.99941015,True,1.0,synthetic,Viễn thông,1.0,0.0023718432999999994,0.9976281567,0.09999999999999998
ViSmish_03623,0,0,0.9990258,True,1.0,external_curated,P2P hard negative,1.0,0.0030281904999999994,0.9969718095,0.09999999999999998
ViSmish_03624,0,0,0.9994814,True,1.0,real,Khác,1.0,0.0022272478999999998,0.9977727521,0.09999999999999998
ViSmish_03625,0,0,0.9994748,True,1.0,synthetic,Thương mại điện tử,1.0,0.002240928999999999,0.997759071,0.09999999999999998
ViSmish_03626,0,0,0.9994867,True,1.0,real,Viễn thông,1.0,0.0022158719999999994,0.997784128,0.09999999999999998
ViSmish_03628,1,1,0.9995245,True,1.0,paraphrased,Crypto / Đầu tư giả,1.0,0.99786533,0.002134670000000005,0.09999999999999998
ViSmish_03629,1,1,0.9992495,True,1.0,paraphrased,Cờ bạc / Betting,1.0,0.99733263,0.0026673699999999467,0.09999999999999998
ViSmish_03630,0,0,0.9993585,True,1.0,external_real,P2P hội thoại thông thường,1.0,0.002471049499999999,0.9975289505,0.09999999999999998
ViSmish_03631,1,1,0.99962294,True,1.0,paraphrased,Cờ bạc / Betting,1.0,0.998095006,0.0019049939999999932,0.09999999999999998
ViSmish_03634,1,1,0.99962497,True,1.0,paraphrased,Tuyển dụng giả,1.0,0.99809996,0.0019000399999999917,0.09999999999999998
ViSmish_03636,1,1,0.9996234,True,1.0,paraphrased,Nội dung nhạy cảm,1.0,0.9980961740000001,0.0019038259999999418,0.09999999999999998
ViSmish_03637,1,1,0.9996131,True,1.0,paraphrased,Đòi nợ / Đe dọa,1.0,0.998070645,0.0019293550000000215,0.09999999999999998
ViSmish_03638,1,1,0.9996182,True,1.0,paraphrased,BHXH / Trợ cấp giả,1.0,0.998083144,0.0019168560000000223,0.09999999999999998
ViSmish_03639,1,1,0.9996146,True,1.0,paraphrased,Giả mạo ngân hàng,1.0,0.998074234,0.001925766000000051,0.09999999999999998
ViSmish_03640,0,0,0.9994344,True,1.0,synthetic,Ngân hàng thật,1.0,0.0023236443999999994,0.9976763556,0.09999999999999998
ViSmish_03645,1,1,0.9995739,True,1.0,paraphrased,BHXH / Trợ cấp giả,1.0,0.997977054,0.00202294599999997,0.09999999999999998
ViSmish_03646,1,1,0.99957997,True,1.0,paraphrased,Crypto / Đầu tư giả,1.0,0.99799122,0.0020087800000000433,0.09999999999999998
ViSmish_03650,0,0,0.999438,True,1.0,synthetic,Tin nhắn cá nhân và OTP,1.0,0.0023163033999999993,0.9976836966,0.09999999999999998
ViSmish_03652,1,1,0.99954283,True,1.0,paraphrased,Nội dung nhạy cảm,1.0,0.997906005,0.0020939949999999596,0.09999999999999998
ViSmish_03654,1,1,0.9996123,True,1.0,paraphrased,Cờ bạc / Betting,1.0,0.998068637,0.0019313629999999637,0.09999999999999998
ViSmish_03656,1,1,0.99954045,True,1.0,synthetic_hard_negative,Khác,1.0,0.99790082,0.0020991799999999783,0.09999999999999998
ViSmish_03657,1,1,0.99961203,True,1.0,paraphrased,Cờ bạc / Betting,1.0,0.998067904,0.0019320959999999943,0.09999999999999998
ViSmish_03658,1,1,0.9996152,True,1.0,paraphrased,Tuyển dụng giả,1.0,0.99807577,0.0019242299999999712,0.09999999999999998
ViSmish_03659,0,0,0.9994784,True,1.0,synthetic,Viễn thông,1.0,0.0022334366999999995,0.9977665633,0.09999999999999998
ViSmish_03660,1,1,0.99958915,True,1.0,paraphrased,Crypto / Đầu tư giả,1.0,0.99801301,0.001986990000000022,0.09999999999999998
ViSmish_03662,1,1,0.99961084,True,1.0,paraphrased,Nội dung nhạy cảm,1.0,0.99806512,0.0019348799999999722,0.09999999999999998
ViSmish_03663,1,1,0.99959964,True,1.0,paraphrased,Cờ bạc / Betting,1.0,0.9980378,0.001962200000000025,0.09999999999999998
ViSmish_03664,0,0,0.9994855,True,1.0,synthetic,Quảng cáo hợp lệ,1.0,0.0022185468999999995,0.9977814531,0.09999999999999998
ViSmish_03665,0,0,0.99942434,True,1.0,real,Dịch vụ công thật,1.0,0.0023437940999999993,0.9976562059,0.09999999999999998
ViSmish_03668,0,0,0.9994497,True,1.0,synthetic,Ngân hàng thật,1.0,0.0022926614,0.9977073386,0.09999999999999998
ViSmish_03669,1,1,0.9996276,True,1.0,paraphrased,BHXH / Trợ cấp giả,1.0,0.998106337,0.0018936630000000454,0.09999999999999998
ViSmish_03670,0,0,0.9985078,True,1.0,real,Khác,1.0,0.0037218275999999994,0.9962781724,0.09999999999999998
ViSmish_03672,0,0,0.99938667,True,1.0,real,Viễn thông,1.0,0.0024174676999999993,0.9975825323,0.09999999999999998
ViSmish_03673,0,0,0.99947995,True,1.0,real,Khác,1.0,0.0022302815999999995,0.9977697184,0.09999999999999998
ViSmish_03676,0,0,0.99843055,True,1.0,external_curated,P2P hard negative,1.0,0.0038134839999999994,0.996186516,0.09999999999999998
ViSmish_03677,0,0,0.9993368,True,1.0,real,Viễn thông,1.0,0.0025113330999999993,0.9974886669,0.09999999999999998
ViSmish_03679,0,0,0.9993443,True,1.0,real,Viễn thông,1.0,0.0024975749999999997,0.997502425,0.09999999999999998
ViSmish_03681,1,1,0.99954754,True,1.0,synthetic_hard_negative,Khác,1.0,0.997916734,0.0020832659999999725,0.09999999999999998
ViSmish_03682,0,0,0.99945,True,1.0,external_real,P2P hội thoại thông thường,1.0,0.0022921359999999997,0.997707864,0.09999999999999998
ViSmish_03684,0,0,0.9993686,True,1.0,real,Viễn thông,1.0,0.0024519334999999996,0.9975480665,0.09999999999999998
ViSmish_03685,0,0,0.9994374,True,1.0,real,Viễn thông,1.0,0.0023176555999999994,0.9976823444,0.09999999999999998
ViSmish_03686,1,1,0.99950993,True,1.0,synthetic_hard_negative,BHXH / Trợ cấp giả,1.0,0.99783376,0.002166239999999986,0.09999999999999998
ViSmish_03688,0,0,0.9994287,True,1.0,synthetic,Ngân hàng thật,1.0,0.0023350474999999996,0.9976649525,0.09999999999999998
ViSmish_03689,1,1,0.99961483,True,1.0,paraphrased,Dịch vụ công giả,1.0,0.99807483,0.0019251700000000316,0.09999999999999998
ViSmish_03691,0,0,0.9994628,True,1.0,external_curated,P2P hard negative,1.0,0.0022659012999999995,0.9977340987,0.09999999999999998
ViSmish_03692,1,1,0.99959797,True,1.0,paraphrased,Cờ bạc / Betting,1.0,0.99803391,0.0019660900000000314,0.09999999999999998
ViSmish_03693,1,1,0.9996037,True,1.0,paraphrased,Nội dung nhạy cảm,1.0,0.99804761,0.001952390000000026,0.09999999999999998
ViSmish_03694,1,1,0.9996195,True,1.0,paraphrased,Tuyển dụng giả,1.0,0.99808626,0.0019137399999999971,0.09999999999999998
ViSmish_03696,1,1,0.99950457,True,1.0,paraphrased,Crypto / Đầu tư giả,1.0,0.9978222370000001,0.0021777629999999437,0.09999999999999998
ViSmish_03697,0,0,0.9994708,True,1.0,real,Viễn thông,1.0,0.0022494032999999993,0.9977505967,0.09999999999999998
ViSmish_03698,1,1,0.99962616,True,1.0,paraphrased,Nội dung nhạy cảm,1.0,0.99810301,0.0018969899999999873,0.09999999999999998
ViSmish_03701,1,1,0.999617,True,1.0,paraphrased,Cờ bạc / Betting,1.0,0.99808024,0.001919760000000048,0.09999999999999998
ViSmish_03702,1,1,0.99962366,True,1.0,paraphrased,Cờ bạc / Betting,1.0,0.99809656,0.0019034399999999785,0.09999999999999998
ViSmish_03704,1,1,0.9996344,True,1.0,paraphrased,Dịch vụ công giả,1.0,0.99812361,0.00187638999999995,0.09999999999999998
ViSmish_03705,1,1,0.9996088,True,1.0,paraphrased,Nội dung nhạy cảm,1.0,0.998060215,0.0019397850000000272,0.09999999999999998
ViSmish_03707,1,1,0.99956805,True,1.0,synthetic_hard_negative,Tuyển dụng giả,1.0,0.997963446,0.0020365540000000237,0.09999999999999998
ViSmish_03710,1,1,0.9995908,True,1.0,paraphrased,Crypto / Đầu tư giả,1.0,0.9980168,0.0019831999999999628,0.09999999999999998
ViSmish_03711,0,0,0.9991053,True,1.0,real,Dịch vụ công thật,1.0,0.0029055533999999997,0.9970944466,0.09999999999999998
ViSmish_03712,0,0,0.9994167,True,1.0,external_curated,P2P hard negative,1.0,0.0023588567999999997,0.9976411432,0.09999999999999998
ViSmish_03713,1,1,0.9996264,True,1.0,paraphrased,Giả mạo ngân hàng,1.0,0.99810333,0.0018966700000000447,0.09999999999999998
ViSmish_03714,1,1,0.9996145,True,1.0,paraphrased,Crypto / Đầu tư giả,1.0,0.998074085,0.0019259149999999448,0.09999999999999998
ViSmish_03715,0,0,0.99943846,True,1.0,synthetic,Dịch vụ công thật,1.0,0.0023155372999999996,0.9976844627,0.09999999999999998
ViSmish_03716,0,0,0.9993235,True,1.0,synthetic,Dịch vụ công thật,1.0,0.0025359760999999997,0.9974640239,0.09999999999999998
ViSmish_03718,0,0,0.99942553,True,1.0,external_real,P2P hội thoại thông thường,1.0,0.0023415037999999994,0.9976584962,0.09999999999999998
ViSmish_03719,0,0,0.9994542,True,1.0,real,Khác,1.0,0.002283512999999999,0.997716487,0.09999999999999998
ViSmish_03721,0,0,0.9994661,True,1.0,real,Khác,1.0,0.0022589489999999997,0.997741051,0.09999999999999998
ViSmish_03723,1,1,0.9996227,True,1.0,paraphrased,Đòi nợ / Đe dọa,1.0,0.99809444,0.0019055599999999728,0.09999999999999998
ViSmish_03725,1,1,0.99959666,True,1.0,paraphrased,Nội dung nhạy cảm,1.0,0.998030627,0.0019693729999999965,0.09999999999999998
ViSmish_03726,0,0,0.99926513,True,1.0,external_real,P2P hội thoại thông thường,1.0,0.0026403009999999994,0.997359699,0.09999999999999998
ViSmish_03727,0,0,0.99942553,True,1.0,synthetic,Tin nhắn cá nhân và OTP,1.0,0.0023413827999999998,0.9976586172,0.09999999999999998
ViSmish_03728,1,1,0.9996189,True,1.0,paraphrased,BHXH / Trợ cấp giả,1.0,0.998084944,0.0019150559999999706,0.09999999999999998
ViSmish_03732,0,0,0.9994449,True,1.0,synthetic,Tin nhắn cá nhân và OTP,1.0,0.0023025193999999995,0.9976974806,0.09999999999999998
ViSmish_03734,1,1,0.99961805,True,1.0,paraphrased,Giả mạo ngân hàng,1.0,0.998082685,0.0019173150000000305,0.09999999999999998
ViSmish_03737,1,1,0.99960226,True,1.0,paraphrased,Crypto / Đầu tư giả,1.0,0.998044294,0.001955705999999946,0.09999999999999998
ViSmish_03739,0,0,0.9994753,True,1.0,synthetic,Dịch vụ y tế,1.0,0.002240066799999999,0.9977599332,0.09999999999999998
ViSmish_03740,1,1,0.9994972,True,1.0,synthetic_hard_negative,Đòi nợ / Đe dọa,1.0,0.997806394,0.002193605999999959,0.09999999999999998
ViSmish_03744,1,1,0.9996258,True,1.0,paraphrased,BHXH / Trợ cấp giả,1.0,0.998102105,0.0018978950000000383,0.09999999999999998
ViSmish_03745,1,1,0.999622,True,1.0,paraphrased,BHXH / Trợ cấp giả,1.0,0.9980925,0.001907499999999951,0.09999999999999998
ViSmish_03747,1,1,0.99962044,True,1.0,paraphrased,BHXH / Trợ cấp giả,1.0,0.998088753,0.0019112470000000048,0.09999999999999998
ViSmish_03749,0,0,0.9991291,True,1.0,external_real,P2P hội thoại thông thường,1.0,0.0028677416999999994,0.9971322583,0.09999999999999998
ViSmish_03750,1,1,0.9996306,True,1.0,paraphrased,Tuyển dụng giả,1.0,0.998114014,0.0018859860000000062,0.09999999999999998
ViSmish_03753,0,0,0.99948895,True,1.0,synthetic,Thương mại điện tử,1.0,0.0022111432999999993,0.9977888567,0.09999999999999998
ViSmish_03755,1,1,0.9996126,True,1.0,paraphrased,Cờ bạc / Betting,1.0,0.998069364,0.0019306359999999856,0.09999999999999998
ViSmish_03756,1,1,0.99962556,True,1.0,paraphrased,BHXH / Trợ cấp giả,1.0,0.998101485,0.001898515000000045,0.09999999999999998
ViSmish_03757,1,1,0.9994431,True,1.0,synthetic_hard_negative,Đòi nợ / Đe dọa,1.0,0.99769389,0.002306110000000028,0.09999999999999998
ViSmish_03759,1,1,0.9994568,True,1.0,synthetic_hard_negative,Đòi nợ / Đe dọa,1.0,0.99772195,0.0022780500000000314,0.09999999999999998
ViSmish_03762,1,1,0.99962366,True,1.0,paraphrased,Dịch vụ công giả,1.0,0.998096544,0.00190345599999997,0.09999999999999998
ViSmish_03764,1,1,0.9996222,True,1.0,paraphrased,BHXH / Trợ cấp giả,1.0,0.99809321,0.001906790000000047,0.09999999999999998
ViSmish_03765,1,1,0.9996146,True,1.0,paraphrased,BHXH / Trợ cấp giả,1.0,0.9980742,0.0019257999999999775,0.09999999999999998
ViSmish_03767,1,1,0.99962723,True,1.0,paraphrased,Tuyển dụng giả,1.0,0.9981054540000001,0.0018945459999999414,0.09999999999999998
ViSmish_03769,1,1,0.9996136,True,1.0,paraphrased,BHXH / Trợ cấp giả,1.0,0.998071665,0.0019283350000000032,0.09999999999999998
ViSmish_03772,0,0,0.99944943,True,1.0,synthetic,Tin nhắn cá nhân và OTP,1.0,0.0022931767999999995,0.9977068232,0.09999999999999998
ViSmish_03773,1,1,0.9996216,True,1.0,paraphrased,Giả mạo ngân hàng,1.0,0.998091745,0.0019082550000000253,0.09999999999999998
ViSmish_03774,0,0,0.999371,True,1.0,external_curated,P2P hard negative,1.0,0.0024474461999999995,0.9975525538,0.09999999999999998
ViSmish_03777,0,0,0.9994548,True,1.0,real,Khác,1.0,0.0022822529999999997,0.997717747,0.09999999999999998
ViSmish_03782,1,1,0.99961674,True,1.0,paraphrased,Dịch vụ công giả,1.0,0.998079544,0.0019204560000000148,0.09999999999999998
ViSmish_03783,0,0,0.9993487,True,1.0,external_curated,P2P hard negative,1.0,0.0024892962999999995,0.9975107037,0.09999999999999998
ViSmish_03785,0,0,0.99944,True,1.0,real,Khác,1.0,0.0023123608999999993,0.9976876391,0.09999999999999998
ViSmish_03786,1,1,0.99962556,True,1.0,paraphrased,BHXH / Trợ cấp giả,1.0,0.99810143,0.0018985700000000438,0.09999999999999998
ViSmish_03788,1,1,0.9996227,True,1.0,paraphrased,BHXH / Trợ cấp giả,1.0,0.998094326,0.0019056739999999683,0.09999999999999998
ViSmish_03789,0,0,0.9994869,True,1.0,real,Khác,1.0,0.0022153527999999993,0.9977846472,0.09999999999999998
ViSmish_03790,1,1,0.9995609,True,1.0,paraphrased,Giả mạo ngân hàng,1.0,0.99794709,0.0020529099999999634,0.09999999999999998
ViSmish_03791,0,0,0.9994454,True,1.0,real,Viễn thông,1.0,0.002301348199999999,0.9976986518,0.09999999999999998
ViSmish_03792,0,0,0.9993531,True,1.0,external_curated,P2P hard negative,1.0,0.0024811794999999998,0.9975188205,0.09999999999999998
ViSmish_03793,1,1,0.999629,True,1.0,paraphrased,BHXH / Trợ cấp giả,1.0,0.99810998,0.0018900200000000478,0.09999999999999998
ViSmish_03794,1,1,0.99960905,True,1.0,paraphrased,Dịch vụ công giả,1.0,0.998060614,0.0019393859999999874,0.09999999999999998
ViSmish_03795,0,0,0.99925655,True,1.0,synthetic,Ngân hàng thật,1.0,0.0026550949999999992,0.997344905,0.09999999999999998
ViSmish_03796,1,1,0.99961805,True,1.0,paraphrased,Tuyển dụng giả,1.0,0.998082745,0.001917254999999951,0.09999999999999998
ViSmish_03799,0,0,0.9994529,True,1.0,external_real,P2P hội thoại thông thường,1.0,0.0022861681999999995,0.9977138318,0.09999999999999998
ViSmish_03801,0,0,0.99944776,True,1.0,real,Khác,1.0,0.0022965101999999995,0.9977034898,0.09999999999999998
ViSmish_03802,0,0,0.9994636,True,1.0,real,Viễn thông,1.0,0.0022642787999999996,0.9977357212,0.09999999999999998
ViSmish_03803,1,1,0.9996141,True,1.0,paraphrased,Cờ bạc / Betting,1.0,0.99807326,0.0019267400000000379,0.09999999999999998
ViSmish_03807,1,1,0.9996222,True,1.0,paraphrased,Tuyển dụng giả,1.0,0.998093075,0.0019069250000000038,0.09999999999999998
ViSmish_03808,1,1,0.9994925,True,1.0,paraphrased,Đòi nợ / Đe dọa,1.0,0.99779638,0.0022036199999999617,0.09999999999999998
ViSmish_03809,0,0,0.9994785,True,1.0,synthetic,Vận chuyển,1.0,0.0022333436,0.9977666564,0.09999999999999998
ViSmish_03811,0,0,0.9987915,True,1.0,external_real,P2P hội thoại thông thường,1.0,0.003361506799999999,0.9966384932,0.09999999999999998
ViSmish_03812,0,0,0.9994815,True,1.0,synthetic,Vận chuyển,1.0,0.0022268899999999996,0.99777311,0.09999999999999998
ViSmish_03813,1,1,0.9996234,True,1.0,paraphrased,Nội dung nhạy cảm,1.0,0.99809607,0.0019039299999999981,0.09999999999999998
ViSmish_03814,0,0,0.99936324,True,1.0,synthetic,Vận chuyển,1.0,0.002462087199999999,0.9975379128,0.09999999999999998
ViSmish_03816,0,0,0.99945444,True,1.0,synthetic,Thương mại điện tử,1.0,0.0022829872999999994,0.9977170127,0.09999999999999998
ViSmish_03817,1,1,0.999006,True,1.0,synthetic_hard_negative,Giả mạo ngân hàng,1.0,0.99694211,0.0030578900000000075,0.09999999999999998
ViSmish_03818,1,1,0.99961543,True,1.0,paraphrased,Đòi nợ / Đe dọa,1.0,0.99807648,0.0019235199999999564,0.09999999999999998
ViSmish_03819,1,1,0.99961805,True,1.0,paraphrased,Dịch vụ công giả,1.0,0.99808292,0.0019170800000000154,0.09999999999999998
ViSmish_03822,0,0,0.99946684,True,1.0,external_curated,P2P hard negative,1.0,0.0022576369999999994,0.997742363,0.09999999999999998
ViSmish_03823,0,0,0.9994098,True,1.0,real,Quảng cáo hợp lệ,1.0,0.0023723903999999995,0.9976276096,0.09999999999999998
ViSmish_03824,1,1,0.99962425,True,1.0,paraphrased,Giả mạo ngân hàng,1.0,0.99809826,0.0019017399999999851,0.09999999999999998
ViSmish_03826,1,1,0.99954045,True,1.0,paraphrased,Đòi nợ / Đe dọa,1.0,0.99790069,0.0020993099999999654,0.09999999999999998
ViSmish_03827,0,0,0.99946624,True,1.0,synthetic,Vận chuyển,1.0,0.002258649999999999,0.99774135,0.09999999999999998
ViSmish_03828,0,0,0.9994667,True,1.0,real,Tin nhắn cá nhân và OTP,1.0,0.0022577590999999994,0.9977422409,0.09999999999999998
ViSmish_03829,0,0,0.99915123,True,1.0,external_real,P2P hội thoại thông thường,1.0,0.0028320436999999996,0.9971679563,0.09999999999999998
ViSmish_03831,0,0,0.9994659,True,1.0,synthetic,Vận chuyển,1.0,0.0022594252999999995,0.9977405747,0.09999999999999998
ViSmish_03836,1,1,0.9995783,True,1.0,paraphrased,Crypto / Đầu tư giả,1.0,0.99798732,0.002012679999999989,0.09999999999999998
ViSmish_03837,1,1,0.99961025,True,1.0,paraphrased,Crypto / Đầu tư giả,1.0,0.998063654,0.0019363460000000332,0.09999999999999998
ViSmish_03838,1,1,0.9995778,True,1.0,paraphrased,Nội dung nhạy cảm,1.0,0.9979863,0.002013700000000007,0.09999999999999998
ViSmish_03839,1,1,0.99957484,True,1.0,paraphrased,Nội dung nhạy cảm,1.0,0.99797936,0.002020640000000018,0.09999999999999998
ViSmish_03842,1,1,0.999613,True,1.0,paraphrased,Cờ bạc / Betting,1.0,0.99807035,0.001929650000000005,0.09999999999999998
ViSmish_03843,0,0,0.9975973,True,1.0,external_curated,P2P hard negative,1.0,0.004678109999999999,0.99532189,0.09999999999999998
ViSmish_03844,0,0,0.9994272,True,1.0,real,Tin nhắn cá nhân và OTP,1.0,0.0023380783999999996,0.9976619216,0.09999999999999998
ViSmish_03845,1,1,0.9996082,True,1.0,paraphrased,Tuyển dụng giả,1.0,0.998058504,0.0019414960000000425,0.09999999999999998
ViSmish_03847,1,1,0.9995845,True,1.0,paraphrased,Cờ bạc / Betting,1.0,0.998001945,0.001998055000000054,0.09999999999999998
ViSmish_03848,1,1,0.99958545,True,1.0,synthetic_hard_negative,Khác,1.0,0.9980041,0.0019959000000000504,0.09999999999999998
ViSmish_03849,0,0,0.9976271,True,1.0,external_curated,P2P hard negative,1.0,0.004650304499999999,0.9953496955,0.09999999999999998
ViSmish_03851,1,1,0.9994936,True,1.0,paraphrased,Dịch vụ công giả,1.0,0.99779865,0.002201349999999991,0.09999999999999998
ViSmish_03852,1,1,0.9996119,True,1.0,paraphrased,Tuyển dụng giả,1.0,0.99806774,0.001932260000000019,0.09999999999999998
ViSmish_03854,1,1,0.999622,True,1.0,paraphrased,Giả mạo ngân hàng,1.0,0.99809265,0.0019073499999999743,0.09999999999999998
ViSmish_03855,1,1,0.999622,True,1.0,paraphrased,Giả mạo ngân hàng,1.0,0.99809248,0.0019075200000000514,0.09999999999999998
ViSmish_03857,0,0,0.999445,True,1.0,external_real,P2P hội thoại thông thường,1.0,0.0023021405999999996,0.9976978594,0.09999999999999998
ViSmish_03858,1,1,0.9996277,True,1.0,paraphrased,BHXH / Trợ cấp giả,1.0,0.99810682,0.0018931800000000498,0.09999999999999998
ViSmish_03859,0,0,0.999371,True,1.0,real,Viễn thông,1.0,0.0024474814999999994,0.9975525185,0.09999999999999998
ViSmish_03861,1,1,0.99959224,True,1.0,paraphrased,Crypto / Đầu tư giả,1.0,0.99802027,0.0019797299999999574,0.09999999999999998
ViSmish_03862,1,1,0.9995938,True,1.0,real,Cờ bạc / Betting,1.0,0.99802381,0.0019761900000000443,0.09999999999999998
ViSmish_03863,1,1,0.9996,True,1.0,paraphrased,Giả mạo ngân hàng,1.0,0.998038864,0.00196113600000003,0.09999999999999998
ViSmish_03864,1,1,0.9996038,True,1.0,paraphrased,Đòi nợ / Đe dọa,1.0,0.998048043,0.0019519569999999486,0.09999999999999998
ViSmish_03866,1,1,0.9995938,True,1.0,paraphrased,Crypto / Đầu tư giả,1.0,0.99802407,0.001975929999999959,0.09999999999999998
ViSmish_03870,1,1,0.9995752,True,1.0,synthetic,Nội dung nhạy cảm,1.0,0.99798013,0.0020198700000000347,0.09999999999999998
ViSmish_03874,0,0,0.99934,True,1.0,external_real,P2P hội thoại thông thường,1.0,0.0025055286999999993,0.9974944713,0.09999999999999998
ViSmish_03877,0,0,0.99905473,True,1.0,external_real,P2P hội thoại thông thường,1.0,0.0029841985999999993,0.9970158014,0.09999999999999998
ViSmish_03879,1,1,0.9995284,True,1.0,paraphrased,Nội dung nhạy cảm,1.0,0.997873974,0.002126026000000003,0.09999999999999998
ViSmish_03880,0,0,0.9992273,True,1.0,external_curated,P2P hard negative,1.0,0.0027056004999999996,0.9972943995,0.09999999999999998
ViSmish_03882,1,1,0.9996044,True,1.0,paraphrased,Nội dung nhạy cảm,1.0,0.99804946,0.001950539999999945,0.09999999999999998
ViSmish_03883,0,0,0.99945396,True,1.0,synthetic,Dịch vụ y tế,1.0,0.0022839489999999995,0.997716051,0.09999999999999998
ViSmish_03886,1,1,0.99945563,True,1.0,synthetic,Dịch vụ công giả,1.0,0.997719395,0.0022806050000000466,0.09999999999999998
ViSmish_03887,1,1,0.9995757,True,1.0,synthetic,Tuyển dụng giả,1.0,0.99798117,0.002018830000000027,0.09999999999999998
ViSmish_03888,0,0,0.9994155,True,1.0,external_real,P2P hội thoại thông thường,1.0,0.0023612845999999993,0.9976387154,0.09999999999999998
ViSmish_03889,1,1,0.99961346,True,1.0,synthetic,Dịch vụ công giả,1.0,0.99807155,0.0019284499999999705,0.09999999999999998
ViSmish_03890,0,0,0.9990784,True,1.0,synthetic,Quảng cáo hợp lệ,1.0,0.0029475629999999994,0.997052437,0.09999999999999998
ViSmish_03891,0,0,0.99942553,True,1.0,external_real,P2P hội thoại thông thường,1.0,0.0023413754999999994,0.9976586245,0.09999999999999998
ViSmish_03893,0,0,0.99848336,True,1.0,real,Khác,1.0,0.0037512319999999993,0.996248768,0.09999999999999998
ViSmish_03894,0,0,0.9994685,True,1.0,real,Viễn thông,1.0,0.0022540224999999994,0.9977459775,0.09999999999999998
ViSmish_03898,0,0,0.9993124,True,1.0,real,Viễn thông,1.0,0.0025561421999999996,0.9974438578,0.09999999999999998
ViSmish_03899,1,1,0.99924976,True,1.0,synthetic,Nội dung nhạy cảm,1.0,0.997333103,0.0026668970000000014,0.09999999999999998
ViSmish_03900,1,1,0.9994504,True,1.0,synthetic,Nội dung nhạy cảm,1.0,0.99770861,0.0022913900000000043,0.09999999999999998
ViSmish_03901,0,0,0.9992768,True,1.0,synthetic,Ngân hàng thật,1.0,0.0026197989999999995,0.997380201,0.09999999999999998
ViSmish_03902,1,1,0.9995376,True,1.0,paraphrased,Giả mạo ngân hàng,1.0,0.997894394,0.002105605999999982,0.09999999999999998
ViSmish_03903,1,1,0.99961084,True,1.0,paraphrased,Cờ bạc / Betting,1.0,0.998065084,0.0019349159999999532,0.09999999999999998
ViSmish_03904,1,1,0.99953604,True,1.0,synthetic_hard_negative,Tuyển dụng giả,1.0,0.997890854,0.002109146000000006,0.09999999999999998
ViSmish_03906,1,1,0.999616,True,1.0,paraphrased,Nội dung nhạy cảm,1.0,0.998077786,0.0019222140000000332,0.09999999999999998
ViSmish_03907,1,1,0.99961096,True,1.0,paraphrased,BHXH / Trợ cấp giả,1.0,0.99806529,0.0019347100000000061,0.09999999999999998
ViSmish_03908,1,1,0.999564,True,1.0,paraphrased,Crypto / Đầu tư giả,1.0,0.99795432,0.0020456800000000497,0.09999999999999998
ViSmish_03909,1,0,0.99932015,False,0.3,real,Giả mạo ngân hàng,0.0,1.0,0.0,0.0
ViSmish_03910,0,0,0.99946433,True,1.0,synthetic,Viễn thông,1.0,0.0022626561999999992,0.9977373438,0.09999999999999998
ViSmish_03912,0,0,0.9994517,True,1.0,real,Viễn thông,1.0,0.0022886106999999993,0.9977113893,0.09999999999999998
ViSmish_03913,0,0,0.9994368,True,1.0,synthetic,Ngân hàng thật,1.0,0.002318739699999999,0.9976812603,0.09999999999999998
ViSmish_03914,1,1,0.99960846,True,1.0,paraphrased,Tuyển dụng giả,1.0,0.998059183,0.001940817000000039,0.09999999999999998
ViSmish_03915,0,0,0.9994086,True,1.0,real,Viễn thông,1.0,0.002374822299999999,0.9976251777,0.09999999999999998
ViSmish_03916,0,0,0.9994487,True,1.0,real,Viễn thông,1.0,0.0022946942999999996,0.9977053057,0.09999999999999998
ViSmish_03917,1,1,0.9994766,True,1.0,paraphrased,Đòi nợ / Đe dọa,1.0,0.997762877,0.0022371230000000075,0.09999999999999998
ViSmish_03918,1,1,0.99950457,True,1.0,synthetic_hard_negative,Tuyển dụng giả,1.0,0.997822213,0.002177787000000042,0.09999999999999998
ViSmish_03920,0,0,0.999479,True,1.0,synthetic,Thương mại điện tử,1.0,0.0022321791999999996,0.9977678208,0.09999999999999998
ViSmish_03922,1,1,0.99954295,True,1.0,synthetic_hard_negative,Khác,1.0,0.9979062439999999,0.0020937560000000577,0.09999999999999998
ViSmish_03923,0,0,0.99927384,True,1.0,synthetic,Thương mại điện tử,1.0,0.0026248992999999997,0.9973751007,0.09999999999999998
ViSmish_03924,1,1,0.99960786,True,1.0,paraphrased,Crypto / Đầu tư giả,1.0,0.99805778,0.0019422199999999945,0.09999999999999998
ViSmish_03925,0,0,0.9994691,True,1.0,real,Viễn thông,1.0,0.0022529687999999996,0.9977470312,0.09999999999999998
ViSmish_03926,1,1,0.9995437,True,1.0,synthetic,Đòi nợ / Đe dọa,1.0,0.997908086,0.0020919139999999725,0.09999999999999998
ViSmish_03928,1,1,0.9995952,True,1.0,synthetic,BHXH / Trợ cấp giả,1.0,0.998027384,0.0019726159999999826,0.09999999999999998
ViSmish_03930,1,1,0.9996051,True,1.0,paraphrased,Đòi nợ / Đe dọa,1.0,0.998051214,0.0019487860000000357,0.09999999999999998
ViSmish_03932,1,1,0.9995609,True,1.0,synthetic,Giả mạo ngân hàng,1.0,0.997947,0.0020529999999999715,0.09999999999999998
ViSmish_03933,0,0,0.9994597,True,1.0,external_real,P2P hội thoại thông thường,1.0,0.0022723465999999995,0.9977276534,0.09999999999999998
ViSmish_03935,1,1,0.9996061,True,1.0,paraphrased,Giả mạo ngân hàng,1.0,0.998053473,0.0019465269999999757,0.09999999999999998
ViSmish_03936,0,0,0.9994369,True,1.0,synthetic,Dịch vụ công thật,1.0,0.0023184929999999996,0.997681507,0.09999999999999998
ViSmish_03938,1,1,0.99961156,True,1.0,synthetic,BHXH / Trợ cấp giả,1.0,0.99806675,0.0019332499999999975,0.09999999999999998
ViSmish_03939,1,1,0.9996257,True,1.0,paraphrased,Tuyển dụng giả,1.0,0.998101795,0.0018982050000000417,0.09999999999999998
ViSmish_03940,1,1,0.99956506,True,1.0,synthetic_hard_negative,Khác,1.0,0.997956604,0.0020433960000000306,0.09999999999999998
ViSmish_03941,1,1,0.9996244,True,1.0,paraphrased,Tuyển dụng giả,1.0,0.9980983999999999,0.0019016000000000588,0.09999999999999998
ViSmish_03942,1,1,0.99950826,True,1.0,paraphrased,Tuyển dụng giả,1.0,0.997830075,0.002169925000000017,0.09999999999999998
ViSmish_03943,1,1,0.99958795,True,1.0,paraphrased,Cờ bạc / Betting,1.0,0.998010075,0.001989924999999948,0.09999999999999998
ViSmish_03944,0,0,0.9994671,True,1.0,real,Khác,1.0,0.0022570730999999997,0.9977429269,0.09999999999999998
ViSmish_03946,0,0,0.99941564,True,1.0,external_curated,P2P hard negative,1.0,0.0023609114999999996,0.9976390885,0.09999999999999998
ViSmish_03949,1,1,0.99952054,True,1.0,synthetic_hard_negative,Tuyển dụng giả,1.0,0.99785679,0.002143209999999951,0.09999999999999998
ViSmish_03950,1,1,0.99955815,True,1.0,paraphrased,Nội dung nhạy cảm,1.0,0.99794093,0.0020590700000000517,0.09999999999999998
ViSmish_03952,1,1,0.9995461,True,1.0,paraphrased,Nội dung nhạy cảm,1.0,0.99791347,0.002086530000000031,0.09999999999999998
ViSmish_03953,0,0,0.99940324,True,1.0,real,Viễn thông,1.0,0.0023853731999999993,0.9976146268,0.09999999999999998
ViSmish_03955,1,1,0.9996178,True,1.0,paraphrased,Dịch vụ công giả,1.0,0.998082125,0.0019178749999999578,0.09999999999999998
ViSmish_03956,0,0,0.999468,True,1.0,synthetic,Thương mại điện tử,1.0,0.0022550519999999996,0.997744948,0.09999999999999998
ViSmish_03957,1,1,0.9996203,True,1.0,paraphrased,Giả mạo ngân hàng,1.0,0.99808842,0.0019115800000000238,0.09999999999999998
ViSmish_03958,1,1,0.99959284,True,1.0,paraphrased,Giả mạo ngân hàng,1.0,0.99802178,0.0019782200000000305,0.09999999999999998
ViSmish_03960,1,1,0.99955004,True,1.0,paraphrased,Đòi nợ / Đe dọa,1.0,0.997922313,0.0020776869999999947,0.09999999999999998
ViSmish_03964,0,0,0.99947435,True,1.0,synthetic,Tin nhắn cá nhân và OTP,1.0,0.0022419649999999994,0.997758035,0.09999999999999998
ViSmish_03965,1,1,0.99958354,True,1.0,paraphrased,Crypto / Đầu tư giả,1.0,0.99799962,0.002000380000000024,0.09999999999999998
ViSmish_03970,0,0,0.99947387,True,1.0,real,Viễn thông,1.0,0.0022428636999999997,0.9977571363,0.09999999999999998
ViSmish_03971,1,1,0.9996226,True,1.0,paraphrased,BHXH / Trợ cấp giả,1.0,0.998094004,0.0019059959999999654,0.09999999999999998
ViSmish_03972,0,0,0.99948335,True,1.0,synthetic,Vận chuyển,1.0,0.0022229907999999996,0.9977770092,0.09999999999999998
ViSmish_03973,1,1,0.99962616,True,1.0,paraphrased,BHXH / Trợ cấp giả,1.0,0.998102826,0.0018971740000000015,0.09999999999999998
ViSmish_03976,0,0,0.99945015,True,1.0,synthetic,Quảng cáo hợp lệ,1.0,0.0022916687999999996,0.9977083312,0.09999999999999998
ViSmish_03978,0,0,0.9994754,True,1.0,synthetic,Viễn thông,1.0,0.0022397731999999997,0.9977602268,0.09999999999999998
ViSmish_03980,1,1,0.9996063,True,1.0,paraphrased,Crypto / Đầu tư giả,1.0,0.9980539900000001,0.0019460099999999425,0.09999999999999998
ViSmish_03981,1,1,0.9995017,True,1.0,paraphrased,Đòi nợ / Đe dọa,1.0,0.99781601,0.0021839900000000245,0.09999999999999998
ViSmish_03982,1,1,0.9996068,True,1.0,paraphrased,Đòi nợ / Đe dọa,1.0,0.998055285,0.0019447150000000413,0.09999999999999998
ViSmish_03984,0,0,0.9993698,True,1.0,real,Viễn thông,1.0,0.0024496362999999995,0.9975503637,0.09999999999999998
ViSmish_03985,0,0,0.99871695,True,1.0,external_curated,P2P hard negative,1.0,0.003460304799999999,0.9965396952,0.09999999999999998
ViSmish_03986,0,0,0.99948114,True,1.0,real,Viễn thông,1.0,0.0022276751999999993,0.9977723248,0.09999999999999998
ViSmish_03988,0,0,0.9994023,True,1.0,external_curated,P2P hard negative,1.0,0.0023872546999999995,0.9976127453,0.09999999999999998
ViSmish_03989,1,1,0.9996038,True,1.0,paraphrased,Cờ bạc / Betting,1.0,0.998047835,0.0019521649999999502,0.09999999999999998
ViSmish_03990,1,1,0.99961,True,1.0,paraphrased,Crypto / Đầu tư giả,1.0,0.9980630699999999,0.0019369300000000589,0.09999999999999998
ViSmish_03991,0,0,0.9991431,True,1.0,real,Viễn thông,1.0,0.0028451589999999994,0.997154841,0.09999999999999998
ViSmish_03992,1,1,0.99961877,True,1.0,paraphrased,BHXH / Trợ cấp giả,1.0,0.998084635,0.0019153650000000022,0.09999999999999998
ViSmish_03994,1,1,0.9996055,True,1.0,paraphrased,Cờ bạc / Betting,1.0,0.998052007,0.0019479930000000367,0.09999999999999998
ViSmish_03995,0,0,0.999406,True,1.0,external_curated,P2P hard negative,1.0,0.0023798537999999998,0.9976201462,0.09999999999999998
ViSmish_03997,0,0,0.9993274,True,1.0,synthetic,Dịch vụ công thật,1.0,0.0025286262999999996,0.9974713737,0.09999999999999998
ViSmish_03998,1,1,0.99924964,True,1.0,paraphrased,Nội dung nhạy cảm,1.0,0.99733285,0.0026671499999999515,0.09999999999999998
ViSmish_04000,1,1,0.99955064,True,1.0,paraphrased,Nội dung nhạy cảm,1.0,0.99792382,0.002076179999999983,0.09999999999999998
ViSmish_04001,0,0,0.99948007,True,1.0,real,Khác,1.0,0.0022300116999999994,0.9977699883,0.09999999999999998
ViSmish_04003,0,0,0.9994721,True,1.0,synthetic,Dịch vụ y tế,1.0,0.0022467176999999994,0.9977532823,0.09999999999999998
ViSmish_04004,0,0,0.99901974,True,1.0,external_curated,P2P hard negative,1.0,0.0030373039999999994,0.996962696,0.09999999999999998
ViSmish_04007,0,0,0.9994804,True,1.0,synthetic,Viễn thông,1.0,0.0022293243999999997,0.9977706756,0.09999999999999998
ViSmish_04008,0,0,0.99942136,True,1.0,external_curated,P2P hard negative,1.0,0.002349704899999999,0.9976502951,0.09999999999999998
ViSmish_04009,0,0,0.99937916,True,1.0,synthetic,Quảng cáo hợp lệ,1.0,0.0024317660999999997,0.9975682339,0.09999999999999998
ViSmish_04011,0,0,0.99948114,True,1.0,synthetic,Thương mại điện tử,1.0,0.0022277157999999993,0.9977722842,0.09999999999999998
ViSmish_04012,1,1,0.99961805,True,1.0,paraphrased,BHXH / Trợ cấp giả,1.0,0.998082924,0.0019170760000000175,0.09999999999999998
ViSmish_04013,1,1,0.999587,True,1.0,paraphrased,Nội dung nhạy cảm,1.0,0.99800795,0.001992050000000023,0.09999999999999998
ViSmish_04014,0,0,0.99947196,True,1.0,synthetic,Dịch vụ y tế,1.0,0.0022469054999999997,0.9977530945,0.09999999999999998
ViSmish_04015,0,0,0.9993356,True,1.0,external_curated,P2P hard negative,1.0,0.0025135572999999997,0.9974864427,0.09999999999999998
ViSmish_04016,0,0,0.9993864,True,1.0,synthetic,Tin nhắn cá nhân và OTP,1.0,0.0024178779999999996,0.997582122,0.09999999999999998
ViSmish_04017,1,1,0.9996087,True,1.0,paraphrased,Tuyển dụng giả,1.0,0.99805971,0.0019402899999999557,0.09999999999999998
ViSmish_04018,0,0,0.99898547,True,1.0,real,Dịch vụ công thật,1.0,0.0030882704999999995,0.9969117295,0.09999999999999998
ViSmish_04019,1,1,0.9996257,True,1.0,paraphrased,BHXH / Trợ cấp giả,1.0,0.99810173,0.0018982699999999797,0.09999999999999998
ViSmish_04021,0,0,0.999371,True,1.0,synthetic,Dịch vụ y tế,1.0,0.0024475429999999995,0.997552457,0.09999999999999998
ViSmish_04022,0,0,0.99925023,True,1.0,real,Ngân hàng thật,1.0,0.0026661784999999993,0.9973338215,0.09999999999999998
ViSmish_04023,0,0,0.9994351,True,1.0,synthetic,Viễn thông,1.0,0.0023221883999999995,0.9976778116,0.09999999999999998
ViSmish_04024,1,1,0.99958843,True,1.0,paraphrased,Crypto / Đầu tư giả,1.0,0.99801112,0.0019888799999999707,0.09999999999999998
ViSmish_04025,1,1,0.9994628,True,1.0,synthetic_hard_negative,Đòi nợ / Đe dọa,1.0,0.99773398,0.0022660199999999797,0.09999999999999998
ViSmish_04026,0,0,0.99947613,True,1.0,synthetic,Thương mại điện tử,1.0,0.0022382339999999995,0.997761766,0.09999999999999998
ViSmish_04027,0,0,0.9993711,True,1.0,real,Viễn thông,1.0,0.0024472389999999995,0.997552761,0.09999999999999998
ViSmish_04028,0,0,0.9994766,True,1.0,external_curated,P2P hard negative,1.0,0.0022371282999999994,0.9977628717,0.09999999999999998
ViSmish_04030,1,1,0.9995777,True,1.0,paraphrased,Dịch vụ công giả,1.0,0.997985876,0.002014124000000006,0.09999999999999998
ViSmish_04031,0,0,0.9993747,True,1.0,synthetic,Viễn thông,1.0,0.0024404286999999995,0.9975595713,0.09999999999999998
ViSmish_04032,0,0,0.99711335,True,1.0,real,Dịch vụ công thật,1.0,0.005105779699999999,0.9948942203,0.09999999999999998
ViSmish_04035,0,0,0.9991571,True,1.0,synthetic,Quảng cáo hợp lệ,1.0,0.0028226421999999994,0.9971773578,0.09999999999999998
ViSmish_04036,0,0,0.999423,True,1.0,synthetic,Ngân hàng thật,1.0,0.0023463219999999996,0.997653678,0.09999999999999998
ViSmish_04038,1,1,0.99962664,True,1.0,paraphrased,BHXH / Trợ cấp giả,1.0,0.99810418,0.0018958199999999925,0.09999999999999998
ViSmish_04040,1,1,0.999602,True,1.0,paraphrased,Crypto / Đầu tư giả,1.0,0.998043776,0.001956223999999951,0.09999999999999998
ViSmish_04041,1,1,0.9995517,True,1.0,paraphrased,Giả mạo ngân hàng,1.0,0.9979263,0.002073699999999956,0.09999999999999998
ViSmish_04045,1,1,0.9996024,True,1.0,paraphrased,Giả mạo ngân hàng,1.0,0.998044443,0.001955557000000052,0.09999999999999998
ViSmish_04046,1,1,0.9994709,True,1.0,synthetic_hard_negative,Dịch vụ công giả,1.0,0.99775083,0.0022491700000000225,0.09999999999999998
ViSmish_04048,1,1,0.9996264,True,1.0,paraphrased,BHXH / Trợ cấp giả,1.0,0.998103553,0.0018964470000000233,0.09999999999999998
ViSmish_04050,1,1,0.99955255,True,1.0,paraphrased,Cờ bạc / Betting,1.0,0.997928166,0.0020718339999999946,0.09999999999999998
ViSmish_04051,1,1,0.9995316,True,1.0,paraphrased,Crypto / Đầu tư giả,1.0,0.9978812459999999,0.002118754000000056,0.09999999999999998
ViSmish_04052,0,0,0.99943846,True,1.0,real,Viễn thông,1.0,0.0023155133999999996,0.9976844866,0.09999999999999998
ViSmish_04053,0,0,0.9994666,True,1.0,synthetic,Vận chuyển,1.0,0.0022581083999999997,0.9977418916,0.09999999999999998
ViSmish_04054,0,0,0.9992685,True,1.0,external_real,P2P hội thoại thông thường,1.0,0.0026343522999999996,0.9973656477,0.09999999999999998
ViSmish_04056,0,0,0.9994012,True,1.0,external_real,P2P hội thoại thông thường,1.0,0.0023893322999999998,0.9976106677,0.09999999999999998
ViSmish_04058,1,1,0.99960965,True,1.0,paraphrased,Nội dung nhạy cảm,1.0,0.99806214,0.001937859999999958,0.09999999999999998
ViSmish_04059,0,0,0.9994616,True,1.0,synthetic,Dịch vụ công thật,1.0,0.0022683185,0.9977316815,0.09999999999999998
ViSmish_04060,0,0,0.99943346,True,1.0,synthetic,Dịch vụ y tế,1.0,0.002325411499999999,0.9976745885,0.09999999999999998
ViSmish_04061,1,1,0.9996221,True,1.0,paraphrased,Giả mạo ngân hàng,1.0,0.998092926,0.0019070740000000086,0.09999999999999998
ViSmish_04062,1,1,0.9996253,True,1.0,paraphrased,BHXH / Trợ cấp giả,1.0,0.99810067,0.0018993299999999769,0.09999999999999998
ViSmish_04065,1,1,0.99956375,True,1.0,paraphrased,Crypto / Đầu tư giả,1.0,0.997953564,0.002046435999999985,0.09999999999999998
ViSmish_04066,1,1,0.9996208,True,1.0,paraphrased,Nội dung nhạy cảm,1.0,0.99808965,0.0019103499999999496,0.09999999999999998
ViSmish_04068,1,1,0.9996151,True,1.0,paraphrased,Crypto / Đầu tư giả,1.0,0.998075587,0.0019244130000000137,0.09999999999999998
ViSmish_04069,0,0,0.99892247,True,1.0,real,Dịch vụ công thật,1.0,0.0031798786999999995,0.9968201213,0.09999999999999998
ViSmish_04071,1,1,0.999524,True,1.0,synthetic_hard_negative,Giả mạo ngân hàng,1.0,0.9978643,0.0021356999999999626,0.09999999999999998
ViSmish_04074,1,1,0.99961346,True,1.0,paraphrased,Tuyển dụng giả,1.0,0.99807131,0.0019286899999999552,0.09999999999999998
ViSmish_04076,1,1,0.99957615,True,1.0,real,Khác,1.0,0.997982454,0.0020175460000000367,0.09999999999999998
ViSmish_04077,1,1,0.99954623,True,1.0,paraphrased,Crypto / Đầu tư giả,1.0,0.997913855,0.0020861450000000392,0.09999999999999998
ViSmish_04080,0,0,0.99947816,True,1.0,synthetic,Dịch vụ y tế,1.0,0.0022338672999999993,0.9977661327,0.09999999999999998
ViSmish_04081,1,1,0.99953365,True,1.0,synthetic_hard_negative,Khác,1.0,0.99788551,0.002114489999999969,0.09999999999999998
ViSmish_04084,0,0,0.99932086,True,1.0,real,Viễn thông,1.0,0.0025406943999999993,0.9974593056,0.09999999999999998
ViSmish_04085,1,1,0.9996195,True,1.0,paraphrased,Tuyển dụng giả,1.0,0.99808625,0.0019137500000000474,0.09999999999999998
ViSmish_04087,1,1,0.99963176,True,1.0,paraphrased,BHXH / Trợ cấp giả,1.0,0.998116887,0.0018831129999999918,0.09999999999999998
ViSmish_04089,1,1,0.99961394,True,1.0,paraphrased,Cờ bạc / Betting,1.0,0.99807256,0.0019274400000000025,0.09999999999999998
ViSmish_04090,0,0,0.99946874,True,1.0,real,Khác,1.0,0.0022535681999999997,0.9977464318,0.09999999999999998
ViSmish_04091,1,1,0.99961084,True,1.0,paraphrased,Cờ bạc / Betting,1.0,0.998064935,0.001935064999999958,0.09999999999999998
ViSmish_04092,1,1,0.9995602,True,1.0,synthetic_hard_negative,Khác,1.0,0.997945595,0.0020544049999999814,0.09999999999999998
ViSmish_04093,0,0,0.9993007,True,1.0,synthetic,Viễn thông,1.0,0.0025771347999999994,0.9974228652,0.09999999999999998
ViSmish_04094,1,1,0.9989166,True,1.0,paraphrased,Tuyển dụng giả,1.0,0.996811664,0.003188336000000014,0.09999999999999998
ViSmish_04095,0,0,0.99947125,True,1.0,real,Viễn thông,1.0,0.0022484433,0.9977515567,0.09999999999999998
ViSmish_04098,1,1,0.9995995,True,1.0,paraphrased,Đòi nợ / Đe dọa,1.0,0.99803765,0.0019623500000000016,0.09999999999999998
ViSmish_04099,0,0,0.99947065,True,1.0,synthetic,Dịch vụ công thật,1.0,0.0022497547999999995,0.9977502452,0.09999999999999998
ViSmish_04102,0,0,0.99923706,True,1.0,real,Dịch vụ công thật,1.0,0.0026888600999999995,0.9973111399,0.09999999999999998
ViSmish_04103,1,1,0.99955195,True,1.0,paraphrased,Đòi nợ / Đe dọa,1.0,0.99792681,0.002073189999999947,0.09999999999999998
ViSmish_04104,0,0,0.99920386,True,1.0,real,Viễn thông,1.0,0.0027453507999999995,0.9972546492,0.09999999999999998
ViSmish_04105,0,0,0.9993789,True,1.0,real,Viễn thông,1.0,0.0024322019999999996,0.997567798,0.09999999999999998
ViSmish_04106,1,1,0.9996141,True,1.0,paraphrased,Cờ bạc / Betting,1.0,0.998073274,0.0019267259999999897,0.09999999999999998
ViSmish_04108,0,0,0.9994518,True,1.0,synthetic,Quảng cáo hợp lệ,1.0,0.0022883614999999993,0.9977116385,0.09999999999999998
ViSmish_04109,1,1,0.99961984,True,1.0,paraphrased,BHXH / Trợ cấp giả,1.0,0.9980871,0.0019128999999999952,0.09999999999999998
ViSmish_04110,0,0,0.99930906,True,1.0,synthetic,Quảng cáo hợp lệ,1.0,0.0025621529999999993,0.997437847,0.09999999999999998
ViSmish_04111,1,1,0.9995988,True,1.0,paraphrased,Nội dung nhạy cảm,1.0,0.99803586,0.001964140000000003,0.09999999999999998
ViSmish_04112,0,0,0.99926513,True,1.0,synthetic,Thương mại điện tử,1.0,0.0026402282999999993,0.9973597717,0.09999999999999998
ViSmish_04113,1,1,0.99957806,True,1.0,paraphrased,Nội dung nhạy cảm,1.0,0.99798666,0.0020133399999999746,0.09999999999999998
ViSmish_04114,1,1,0.99952483,True,1.0,paraphrased,Cờ bạc / Betting,1.0,0.99786606,0.002133940000000001,0.09999999999999998
ViSmish_04115,1,1,0.9996208,True,1.0,paraphrased,Dịch vụ công giả,1.0,0.99808967,0.0019103299999999601,0.09999999999999998
ViSmish_04116,1,1,0.9996239,True,1.0,paraphrased,Dịch vụ công giả,1.0,0.99809733,0.0019026699999999952,0.09999999999999998
ViSmish_04117,1,1,0.9996294,True,1.0,paraphrased,BHXH / Trợ cấp giả,1.0,0.998110974,0.0018890259999999603,0.09999999999999998
ViSmish_04118,0,0,0.999435,True,1.0,synthetic,Dịch vụ công thật,1.0,0.0023224057999999994,0.9976775942,0.09999999999999998
ViSmish_04120,0,0,0.9994665,True,1.0,synthetic,Tin nhắn cá nhân và OTP,1.0,0.0022581554999999993,0.9977418445,0.09999999999999998
ViSmish_04125,0,0,0.9993611,True,1.0,external_real,P2P hội thoại thông thường,1.0,0.0024661489999999995,0.997533851,0.09999999999999998
ViSmish_04126,0,0,0.9994966,True,1.0,synthetic,Thương mại điện tử,1.0,0.0021949961999999995,0.9978050038,0.09999999999999998
ViSmish_04129,0,0,0.99924845,True,1.0,external_real,P2P hội thoại thông thường,1.0,0.0026692069999999994,0.997330793,0.09999999999999998
ViSmish_04130,0,0,0.99947613,True,1.0,synthetic,Vận chuyển,1.0,0.0022381677999999995,0.9977618322,0.09999999999999998
ViSmish_04131,1,1,0.9996019,True,1.0,paraphrased,Nội dung nhạy cảm,1.0,0.99804339,0.0019566100000000253,0.09999999999999998
ViSmish_04132,0,0,0.9994246,True,1.0,synthetic,Dịch vụ công thật,1.0,0.0023432422,0.9976567578,0.09999999999999998
ViSmish_04134,1,1,0.99961567,True,1.0,paraphrased,Tuyển dụng giả,1.0,0.99807711,0.0019228900000000104,0.09999999999999998
ViSmish_04135,1,1,0.9995447,True,1.0,synthetic_hard_negative,Crypto / Đầu tư giả,1.0,0.997910404,0.002089596000000027,0.09999999999999998
ViSmish_04137,1,1,0.999572,True,1.0,synthetic_hard_negative,Khác,1.0,0.99797259,0.0020274099999999518,0.09999999999999998
ViSmish_04139,0,0,0.99946517,True,1.0,synthetic,Dịch vụ y tế,1.0,0.0022610233999999993,0.9977389766,0.09999999999999998
ViSmish_04140,1,1,0.9996177,True,1.0,paraphrased,Dịch vụ công giả,1.0,0.998081905,0.001918094999999953,0.09999999999999998
ViSmish_04143,1,1,0.999624,True,1.0,paraphrased,BHXH / Trợ cấp giả,1.0,0.9980975599999999,0.0019024400000000607,0.09999999999999998
ViSmish_04146,1,1,0.9995881,True,1.0,paraphrased,Crypto / Đầu tư giả,1.0,0.99801032,0.0019896799999999937,0.09999999999999998
ViSmish_04147,0,0,0.9994753,True,1.0,synthetic,Thương mại điện tử,1.0,0.0022399540999999993,0.9977600459,0.09999999999999998
ViSmish_04148,0,0,0.9994405,True,1.0,real,Ngân hàng thật,1.0,0.0023114155999999996,0.9976885844,0.09999999999999998
ViSmish_04150,0,0,0.9994704,True,1.0,real,Viễn thông,1.0,0.0022501679999999994,0.997749832,0.09999999999999998
ViSmish_04152,0,0,0.99944323,True,1.0,real,Tin nhắn cá nhân và OTP,1.0,0.0023057029999999992,0.997694297,0.09999999999999998
ViSmish_04153,0,0,0.9992217,True,1.0,external_real,P2P hội thoại thông thường,1.0,0.0027151958999999995,0.9972848041,0.09999999999999998
ViSmish_04154,0,0,0.9994072,True,1.0,real,Quảng cáo hợp lệ,1.0,0.0023777191999999996,0.9976222808,0.09999999999999998
ViSmish_04156,1,1,0.99949145,True,1.0,synthetic_hard_negative,Dịch vụ công giả,1.0,0.99779423,0.002205769999999996,0.09999999999999998
ViSmish_04157,1,1,0.9993587,True,1.0,paraphrased,Crypto / Đầu tư giả,1.0,0.997529423,0.002470576999999974,0.09999999999999998
ViSmish_04158,1,1,0.99958533,True,1.0,paraphrased,Crypto / Đầu tư giả,1.0,0.9980037900000001,0.0019962099999999428,0.09999999999999998
ViSmish_04159,1,1,0.99959546,True,1.0,paraphrased,Nội dung nhạy cảm,1.0,0.998027885,0.001972115000000052,0.09999999999999998
ViSmish_04162,1,1,0.99954623,True,1.0,paraphrased,Crypto / Đầu tư giả,1.0,0.99791397,0.002086029999999961,0.09999999999999998
ViSmish_04163,1,1,0.9996111,True,1.0,paraphrased,Nội dung nhạy cảm,1.0,0.998065555,0.0019344449999999513,0.09999999999999998
ViSmish_04166,0,0,0.9991872,True,1.0,synthetic,Ngân hàng thật,1.0,0.0027730788999999994,0.9972269211,0.09999999999999998
ViSmish_04167,0,0,0.9994455,True,1.0,synthetic,Dịch vụ y tế,1.0,0.0023011246999999992,0.9976988753,0.09999999999999998
ViSmish_04168,1,1,0.99961793,True,1.0,paraphrased,Nội dung nhạy cảm,1.0,0.99808265,0.0019173500000000399,0.09999999999999998
ViSmish_04169,1,1,0.99961877,True,1.0,paraphrased,Tuyển dụng giả,1.0,0.99808461,0.0019153899999999613,0.09999999999999998
ViSmish_04170,0,0,0.99944407,True,1.0,synthetic,Tin nhắn cá nhân và OTP,1.0,0.0023041203999999995,0.9976958796,0.09999999999999998
ViSmish_04171,0,0,0.9984066,True,1.0,external_curated,P2P hard negative,1.0,0.0038415073999999994,0.9961584926,0.09999999999999998
ViSmish_04172,1,1,0.99954337,True,1.0,paraphrased,Crypto / Đầu tư giả,1.0,0.99790739,0.0020926100000000503,0.09999999999999998
ViSmish_04173,0,0,0.99948764,True,1.0,synthetic,Thương mại điện tử,1.0,0.002213903999999999,0.997786096,0.09999999999999998
ViSmish_04174,0,0,0.99945074,True,1.0,synthetic,Thương mại điện tử,1.0,0.0022904524999999994,0.9977095475,0.09999999999999998
ViSmish_04175,0,0,0.9994711,True,1.0,real,Viễn thông,1.0,0.0022485379999999996,0.997751462,0.09999999999999998
ViSmish_04176,0,0,0.9994728,True,1.0,real,Khác,1.0,0.0022452204999999993,0.9977547795,0.09999999999999998
ViSmish_04178,0,0,0.99939346,True,1.0,real,Viễn thông,1.0,0.0024043725999999994,0.9975956274,0.09999999999999998
ViSmish_04179,1,1,0.99948883,True,1.0,paraphrased,Crypto / Đầu tư giả,1.0,0.99778857,0.0022114300000000142,0.09999999999999998
ViSmish_04181,0,0,0.9993844,True,1.0,real,Viễn thông,1.0,0.002421709899999999,0.9975782901,0.09999999999999998
ViSmish_04183,1,1,0.99962425,True,1.0,paraphrased,BHXH / Trợ cấp giả,1.0,0.99809816,0.0019018400000000435,0.09999999999999998
ViSmish_04184,0,0,0.99945635,True,1.0,synthetic,Tin nhắn cá nhân và OTP,1.0,0.0022790444999999993,0.9977209555,0.09999999999999998
ViSmish_04185,1,1,0.99962735,True,1.0,paraphrased,Tuyển dụng giả,1.0,0.998105925,0.0018940750000000506,0.09999999999999998
ViSmish_04186,0,0,0.999461,True,1.0,real,Viễn thông,1.0,0.0022696945999999994,0.9977303054,0.09999999999999998
ViSmish_04187,0,0,0.99873155,True,1.0,synthetic,Quảng cáo hợp lệ,1.0,0.0034411679999999992,0.996558832,0.09999999999999998
ViSmish_04188,1,1,0.99961805,True,1.0,paraphrased,Tuyển dụng giả,1.0,0.998082745,0.001917254999999951,0.09999999999999998
ViSmish_04189,1,1,0.99961543,True,1.0,paraphrased,Nội dung nhạy cảm,1.0,0.99807649,0.0019235100000000172,0.09999999999999998
ViSmish_04190,1,1,0.99961406,True,1.0,paraphrased,Tuyển dụng giả,1.0,0.99807287,0.0019271299999999991,0.09999999999999998
ViSmish_04191,0,0,0.9994849,True,1.0,synthetic,Vận chuyển,1.0,0.0022196351999999994,0.9977803648,0.09999999999999998
ViSmish_04192,0,0,0.9994086,True,1.0,real,Viễn thông,1.0,0.0023747940999999996,0.9976252059,0.09999999999999998
ViSmish_04193,1,1,0.99961877,True,1.0,paraphrased,Tuyển dụng giả,1.0,0.99808451,0.0019154900000000197,0.09999999999999998
ViSmish_04194,1,1,0.9996166,True,1.0,paraphrased,Đòi nợ / Đe dọa,1.0,0.99807942,0.0019205799999999495,0.09999999999999998
ViSmish_04195,1,1,0.99956375,True,1.0,paraphrased,Đòi nợ / Đe dọa,1.0,0.997953564,0.002046435999999985,0.09999999999999998
ViSmish_04197,0,0,0.9994134,True,1.0,synthetic,Tin nhắn cá nhân và OTP,1.0,0.0023655050999999996,0.9976344949,0.09999999999999998
ViSmish_04198,1,1,0.99958116,True,1.0,paraphrased,Cờ bạc / Betting,1.0,0.997994095,0.0020059049999999745,0.09999999999999998
ViSmish_04199,0,0,0.9994073,True,1.0,real,Quảng cáo hợp lệ,1.0,0.0023773550999999994,0.9976226449,0.09999999999999998
ViSmish_04200,1,1,0.9993488,True,1.0,synthetic_hard_negative,Khác,1.0,0.997510874,0.0024891259999999527,0.09999999999999998
ViSmish_04201,1,1,0.99954945,True,1.0,paraphrased,Cờ bạc / Betting,1.0,0.997921115,0.0020788849999999748,0.09999999999999998
ViSmish_04202,0,0,0.99944943,True,1.0,synthetic,Ngân hàng thật,1.0,0.0022931631999999996,0.9977068368,0.09999999999999998
ViSmish_04204,0,0,0.999443,True,1.0,synthetic,Thương mại điện tử,1.0,0.0023063737999999994,0.9976936262,0.09999999999999998
ViSmish_04206,1,1,0.99959856,True,1.0,paraphrased,Giả mạo ngân hàng,1.0,0.99803529,0.0019647099999999806,0.09999999999999998
ViSmish_04207,1,1,0.99961865,True,1.0,paraphrased,Dịch vụ công giả,1.0,0.998084337,0.0019156630000000119,0.09999999999999998
ViSmish_04208,0,0,0.9994165,True,1.0,real,Viễn thông,1.0,0.0023594006999999996,0.9976405993,0.09999999999999998
ViSmish_04211,1,1,0.99961406,True,1.0,paraphrased,Cờ bạc / Betting,1.0,0.998072857,0.0019271429999999645,0.09999999999999998
ViSmish_04215,1,1,0.9996232,True,1.0,paraphrased,Tuyển dụng giả,1.0,0.99809549,0.001904510000000026,0.09999999999999998
ViSmish_04216,0,0,0.99922216,True,1.0,synthetic,Dịch vụ công thật,1.0,0.0027143759999999992,0.997285624,0.09999999999999998
ViSmish_04219,0,0,0.9993358,True,1.0,real,Viễn thông,1.0,0.0025132541999999996,0.9974867458,0.09999999999999998
ViSmish_04222,1,1,0.9995653,True,1.0,paraphrased,Cờ bạc / Betting,1.0,0.9979571,0.0020428999999999586,0.09999999999999998
ViSmish_04223,0,0,0.9993389,True,1.0,synthetic,Ngân hàng thật,1.0,0.0025074059999999994,0.997492594,0.09999999999999998
ViSmish_04224,1,1,0.9995772,True,1.0,paraphrased,Cờ bạc / Betting,1.0,0.9979848099999999,0.0020151900000000555,0.09999999999999998
ViSmish_04227,1,1,0.99961,True,1.0,paraphrased,BHXH / Trợ cấp giả,1.0,0.99806285,0.001937150000000054,0.09999999999999998
ViSmish_04228,1,1,0.9995524,True,1.0,paraphrased,Đòi nợ / Đe dọa,1.0,0.997927856,0.002072143999999998,0.09999999999999998
ViSmish_04229,0,0,0.99941456,True,1.0,external_real,P2P hội thoại thông thường,1.0,0.0023631872999999998,0.9976368127,0.09999999999999998
ViSmish_04231,0,0,0.9993585,True,1.0,real,Ngân hàng thật,1.0,0.0024711101999999995,0.9975288898,0.09999999999999998
ViSmish_04233,0,0,0.9992865,True,1.0,external_curated,P2P hard negative,1.0,0.0026026915999999996,0.9973973084,0.09999999999999998
ViSmish_04236,0,0,0.9994899,True,1.0,synthetic,Ngân hàng thật,1.0,0.0022092680999999995,0.9977907319,0.09999999999999998
ViSmish_04237,0,0,0.99932766,True,1.0,real,Khác,1.0,0.0025283198999999992,0.9974716801,0.09999999999999998
ViSmish_04238,1,1,0.9996145,True,1.0,paraphrased,Nội dung nhạy cảm,1.0,0.99807406,0.0019259400000000149,0.09999999999999998
ViSmish_04239,0,0,0.99806434,True,1.0,real,Tin nhắn cá nhân và OTP,1.0,0.004218137299999999,0.9957818627,0.09999999999999998
ViSmish_04240,0,0,0.99939847,True,1.0,synthetic,Dịch vụ công thật,1.0,0.0023945331999999995,0.9976054668,0.09999999999999998
ViSmish_04241,1,1,0.99960154,True,1.0,paraphrased,Nội dung nhạy cảm,1.0,0.99804263,0.0019573699999999583,0.09999999999999998
ViSmish_04243,1,1,0.99961936,True,1.0,paraphrased,BHXH / Trợ cấp giả,1.0,0.99808607,0.0019139299999999526,0.09999999999999998
ViSmish_04245,0,0,0.9988558,True,1.0,synthetic,Ngân hàng thật,1.0,0.0032737515999999994,0.9967262484,0.09999999999999998
ViSmish_04246,0,0,0.9994789,True,1.0,synthetic,Vận chuyển,1.0,0.0022324991999999994,0.9977675008,0.09999999999999998
ViSmish_04247,1,1,0.99957305,True,1.0,real,Dịch vụ công giả,1.0,0.99797514,0.002024860000000017,0.09999999999999998
ViSmish_04248,0,0,0.9994646,True,1.0,synthetic,Quảng cáo hợp lệ,1.0,0.0022622866999999994,0.9977377133,0.09999999999999998
ViSmish_04249,0,0,0.99889416,True,1.0,external_curated,P2P hard negative,1.0,0.003220106999999999,0.996779893,0.09999999999999998
ViSmish_04250,1,1,0.9996136,True,1.0,paraphrased,Giả mạo ngân hàng,1.0,0.998071724,0.0019282760000000065,0.09999999999999998
ViSmish_04251,1,1,0.99960977,True,1.0,paraphrased,Cờ bạc / Betting,1.0,0.99806234,0.0019376599999999522,0.09999999999999998
ViSmish_04254,1,1,0.9994079,True,1.0,paraphrased,Nội dung nhạy cảm,1.0,0.99762378,0.00237622000000004,0.09999999999999998
ViSmish_04255,1,1,0.99954706,True,1.0,paraphrased,Cờ bạc / Betting,1.0,0.9979157750000001,0.0020842249999999396,0.09999999999999998
ViSmish_04256,1,1,0.999624,True,1.0,paraphrased,BHXH / Trợ cấp giả,1.0,0.99809746,0.0019025400000000081,0.09999999999999998
ViSmish_04257,0,0,0.9994205,True,1.0,real,Dịch vụ công thật,1.0,0.002351253899999999,0.9976487461,0.09999999999999998
ViSmish_04258,1,1,0.9995708,True,1.0,paraphrased,Đòi nợ / Đe dọa,1.0,0.99796984,0.002030160000000003,0.09999999999999998
ViSmish_04259,0,0,0.99937767,True,1.0,real,Viễn thông,1.0,0.0024346731999999992,0.9975653268,0.09999999999999998
ViSmish_04260,0,0,0.9994822,True,1.0,synthetic,Thương mại điện tử,1.0,0.0022255630999999994,0.9977744369,0.09999999999999998
ViSmish_04261,1,1,0.9991793,True,1.0,paraphrased,Crypto / Đầu tư giả,1.0,0.99721396,0.002786040000000045,0.09999999999999998
ViSmish_04263,0,0,0.9994374,True,1.0,synthetic,Tin nhắn cá nhân và OTP,1.0,0.0023175799999999996,0.99768242,0.09999999999999998
ViSmish_04265,1,1,0.999619,True,1.0,paraphrased,Tuyển dụng giả,1.0,0.998085046,0.0019149539999999687,0.09999999999999998
ViSmish_04266,0,0,0.99944216,True,1.0,real,Khác,1.0,0.0023080177999999993,0.9976919822,0.09999999999999998
ViSmish_04268,0,0,0.999033,True,1.0,external_real,P2P hội thoại thông thường,1.0,0.0030174063999999995,0.9969825936,0.09999999999999998
ViSmish_04269,1,1,0.99954647,True,1.0,paraphrased,Crypto / Đầu tư giả,1.0,0.997914475,0.0020855250000000325,0.09999999999999998
ViSmish_04270,1,1,0.9995963,True,1.0,paraphrased,Tuyển dụng giả,1.0,0.99802997,0.001970029999999956,0.09999999999999998
ViSmish_04271,0,0,0.9994791,True,1.0,synthetic,Tin nhắn cá nhân và OTP,1.0,0.0022319951999999997,0.9977680048,0.09999999999999998
ViSmish_04274,1,1,0.99907744,True,1.0,paraphrased,Giả mạo ngân hàng,1.0,0.9970508339999999,0.0029491660000000586,0.09999999999999998
ViSmish_04276,1,1,0.9996191,True,1.0,paraphrased,Dịch vụ công giả,1.0,0.998085487,0.0019145130000000066,0.09999999999999998
ViSmish_04277,0,0,0.99939406,True,1.0,external_curated,P2P hard negative,1.0,0.0024032024999999994,0.9975967975,0.09999999999999998
ViSmish_04278,0,0,0.99946886,True,1.0,real,Khác,1.0,0.0022533848999999996,0.9977466151,0.09999999999999998
ViSmish_04280,0,0,0.9994783,True,1.0,synthetic,Tin nhắn cá nhân và OTP,1.0,0.0022336268999999993,0.9977663731,0.09999999999999998
ViSmish_04281,1,1,0.99958473,True,1.0,paraphrased,Crypto / Đầu tư giả,1.0,0.998002476,0.0019975239999999728,0.09999999999999998
ViSmish_04282,0,0,0.9994855,True,1.0,synthetic,Quảng cáo hợp lệ,1.0,0.0022184650999999994,0.9977815349,0.09999999999999998
ViSmish_04283,1,1,0.9996189,True,1.0,paraphrased,Đòi nợ / Đe dọa,1.0,0.998084885,0.0019151149999999673,0.09999999999999998
ViSmish_04284,0,0,0.9994869,True,1.0,synthetic,Viễn thông,1.0,0.0022155051999999996,0.9977844948,0.09999999999999998
ViSmish_04285,1,1,0.9996278,True,1.0,paraphrased,BHXH / Trợ cấp giả,1.0,0.99810705,0.0018929500000000044,0.09999999999999998
ViSmish_04286,0,0,0.99939585,True,1.0,external_real,P2P hội thoại thông thường,1.0,0.0023997289999999998,0.997600271,0.09999999999999998
ViSmish_04287,1,1,0.9995084,True,1.0,paraphrased,Crypto / Đầu tư giả,1.0,0.99783021,0.0021697899999999493,0.09999999999999998
ViSmish_04288,0,0,0.9994836,True,1.0,real,Tin nhắn cá nhân và OTP,1.0,0.0022225507999999996,0.9977774492,0.09999999999999998
ViSmish_04289,1,1,0.9995665,True,1.0,paraphrased,Nội dung nhạy cảm,1.0,0.99796011,0.002039890000000044,0.09999999999999998
ViSmish_04290,1,1,0.999602,True,1.0,paraphrased,Tuyển dụng giả,1.0,0.9980437,0.001956300000000022,0.09999999999999998
ViSmish_04291,0,0,0.9994796,True,1.0,real,Dịch vụ công thật,1.0,0.0022308939999999993,0.997769106,0.09999999999999998
ViSmish_04292,0,0,0.99947065,True,1.0,real,Viễn thông,1.0,0.002249744999999999,0.997750255,0.09999999999999998
ViSmish_04294,1,1,0.9996145,True,1.0,paraphrased,Tuyển dụng giả,1.0,0.998073995,0.001926004999999953,0.09999999999999998
ViSmish_04295,0,0,0.9992962,True,1.0,external_real,P2P hội thoại thông thường,1.0,0.0025853232999999993,0.9974146767,0.09999999999999998
ViSmish_04297,0,0,0.99948335,True,1.0,synthetic,Tin nhắn cá nhân và OTP,1.0,0.002223032,0.997776968,0.09999999999999998
ViSmish_04299,1,1,0.9995962,True,1.0,paraphrased,Crypto / Đầu tư giả,1.0,0.998029625,0.0019703749999999687,0.09999999999999998
ViSmish_04300,0,0,0.99945503,True,1.0,real,Tin nhắn cá nhân và OTP,1.0,0.0022817112999999993,0.9977182887,0.09999999999999998
ViSmish_04301,1,1,0.9996184,True,1.0,paraphrased,Dịch vụ công giả,1.0,0.998083824,0.0019161760000000472,0.09999999999999998
ViSmish_04302,0,0,0.99949384,True,1.0,synthetic,Thương mại điện tử,1.0,0.0022008653999999995,0.9977991346,0.09999999999999998
ViSmish_04304,0,0,0.9992956,True,1.0,external_curated,P2P hard negative,1.0,0.0025863293999999993,0.9974136706,0.09999999999999998
ViSmish_04306,0,0,0.9993542,True,1.0,real,Viễn thông,1.0,0.0024790960999999997,0.9975209039,0.09999999999999998
ViSmish_04308,1,1,0.99961996,True,1.0,paraphrased,Giả mạo ngân hàng,1.0,0.99808756,0.0019124400000000152,0.09999999999999998
ViSmish_04309,1,1,0.9996123,True,1.0,paraphrased,Dịch vụ công giả,1.0,0.99806842,0.0019315800000000438,0.09999999999999998
ViSmish_04311,0,0,0.9994684,True,1.0,synthetic,Dịch vụ y tế,1.0,0.0022542157999999994,0.9977457842,0.09999999999999998
ViSmish_04312,0,0,0.99945706,True,1.0,synthetic,Quảng cáo hợp lệ,1.0,0.0022777415999999996,0.9977222584,0.09999999999999998
ViSmish_04313,0,0,0.9994209,True,1.0,synthetic,Thương mại điện tử,1.0,0.0023506683999999995,0.9976493316,0.09999999999999998
ViSmish_04315,0,0,0.99942386,True,1.0,external_real,P2P hội thoại thông thường,1.0,0.0023447345999999996,0.9976552654,0.09999999999999998
ViSmish_04317,1,1,0.9996182,True,1.0,paraphrased,BHXH / Trợ cấp giả,1.0,0.99808311,0.001916889999999949,0.09999999999999998
ViSmish_04318,1,1,0.99947876,True,1.0,synthetic_hard_negative,Đòi nợ / Đe dọa,1.0,0.997767377,0.0022326230000000447,0.09999999999999998
ViSmish_04319,0,0,0.9994648,True,1.0,synthetic,Viễn thông,1.0,0.0022617242999999993,0.9977382757,0.09999999999999998
ViSmish_04320,1,1,0.9995245,True,1.0,synthetic_hard_negative,Dịch vụ công giả,1.0,0.99786537,0.0021346300000000262,0.09999999999999998
ViSmish_04321,0,0,0.999471,True,1.0,synthetic,Ngân hàng thật,1.0,0.0022489999999999993,0.997751,0.09999999999999998
ViSmish_04322,1,1,0.99962306,True,1.0,paraphrased,Crypto / Đầu tư giả,1.0,0.99809507,0.0019049300000000269,0.09999999999999998
ViSmish_04323,1,1,0.9996196,True,1.0,paraphrased,Đòi nợ / Đe dọa,1.0,0.99808679,0.0019132099999999985,0.09999999999999998
ViSmish_04324,1,1,0.9996099,True,1.0,paraphrased,Nội dung nhạy cảm,1.0,0.9980627,0.0019373000000000307,0.09999999999999998
ViSmish_04326,1,1,0.99951017,True,1.0,synthetic_hard_negative,Khác,1.0,0.997834295,0.0021657050000000178,0.09999999999999998
ViSmish_04327,0,0,0.9994499,True,1.0,real,Viễn thông,1.0,0.0022922304999999994,0.9977077695,0.09999999999999998
ViSmish_04329,1,1,0.9995727,True,1.0,paraphrased,Nội dung nhạy cảm,1.0,0.99797427,0.002025729999999948,0.09999999999999998
ViSmish_04330,1,1,0.99961495,True,1.0,paraphrased,BHXH / Trợ cấp giả,1.0,0.9980751999999999,0.0019248000000000598,0.09999999999999998
ViSmish_04332,0,0,0.9994728,True,1.0,real,Viễn thông,1.0,0.0022451288999999993,0.9977548711,0.09999999999999998
ViSmish_04333,1,1,0.9995727,True,1.0,synthetic_hard_negative,Tuyển dụng giả,1.0,0.9979742,0.0020257999999999665,0.09999999999999998
ViSmish_04335,1,1,0.9996269,True,1.0,paraphrased,Tuyển dụng giả,1.0,0.9981047,0.0018953000000000442,0.09999999999999998
ViSmish_04336,0,0,0.99942267,True,1.0,synthetic,Quảng cáo hợp lệ,1.0,0.0023470589999999994,0.997652941,0.09999999999999998
ViSmish_04341,0,0,0.9994512,True,1.0,external_real,P2P hội thoại thông thường,1.0,0.0022895829999999995,0.997710417,0.09999999999999998
ViSmish_04342,0,0,0.9994124,True,1.0,real,Khác,1.0,0.0023673494999999992,0.9976326505,0.09999999999999998
ViSmish_04345,0,0,0.999416,True,1.0,synthetic,Ngân hàng thật,1.0,0.0023602217,0.9976397783,0.09999999999999998
ViSmish_04346,0,0,0.99936885,True,1.0,real,Viễn thông,1.0,0.0024514168999999995,0.9975485831,0.09999999999999998
ViSmish_04347,0,0,0.999503,True,1.0,synthetic,Vận chuyển,1.0,0.002181160999999999,0.997818839,0.09999999999999998
ViSmish_04348,0,0,0.99926215,True,1.0,real,Viễn thông,1.0,0.002645424199999999,0.9973545758,0.09999999999999998
ViSmish_04349,1,1,0.99952924,True,1.0,paraphrased,Giả mạo ngân hàng,1.0,0.99787586,0.002124140000000052,0.09999999999999998
ViSmish_04350,1,1,0.9996264,True,1.0,paraphrased,Nội dung nhạy cảm,1.0,0.99810338,0.0018966200000000155,0.09999999999999998
ViSmish_04352,0,0,0.9993893,True,1.0,real,Khác,1.0,0.0024122565999999995,0.9975877434,0.09999999999999998
ViSmish_04355,1,1,0.99542433,True,1.0,real,Cờ bạc / Betting,1.0,0.99365057,0.006349429999999989,0.09999999999999998
ViSmish_04356,1,1,0.9994754,True,1.0,synthetic_hard_negative,Đòi nợ / Đe dọa,1.0,0.997760266,0.0022397339999999932,0.09999999999999998
ViSmish_04362,1,1,0.9996263,True,1.0,paraphrased,Cờ bạc / Betting,1.0,0.998103243,0.0018967570000000267,0.09999999999999998
ViSmish_04363,0,0,0.99943775,True,1.0,external_curated,P2P hard negative,1.0,0.0023168703999999992,0.9976831296,0.09999999999999998
ViSmish_04364,1,1,0.9996086,True,1.0,paraphrased,Cờ bạc / Betting,1.0,0.998059505,0.001940495000000042,0.09999999999999998
ViSmish_04367,0,0,0.99941695,True,1.0,synthetic,Ngân hàng thật,1.0,0.0023584797999999995,0.9976415202,0.09999999999999998
ViSmish_04369,0,0,0.99936205,True,1.0,real,Viễn thông,1.0,0.002464377699999999,0.9975356223,0.09999999999999998
ViSmish_04370,1,1,0.9996,True,1.0,paraphrased,Cờ bạc / Betting,1.0,0.998038876,0.0019611240000000363,0.09999999999999998
ViSmish_04371,0,0,0.9993299,True,1.0,real,Khác,1.0,0.0025240396999999994,0.9974759603,0.09999999999999998
ViSmish_04373,0,0,0.9994373,True,1.0,real,Khác,1.0,0.0023178914999999996,0.9976821085,0.09999999999999998
ViSmish_04375,1,1,0.99959785,True,1.0,paraphrased,Nội dung nhạy cảm,1.0,0.99803365,0.0019663500000000056,0.09999999999999998
ViSmish_04376,0,0,0.9993166,True,1.0,real,Viễn thông,1.0,0.0025485984999999993,0.9974514015,0.09999999999999998
ViSmish_04378,1,1,0.9996216,True,1.0,paraphrased,Giả mạo ngân hàng,1.0,0.99809155,0.0019084499999999505,0.09999999999999998
ViSmish_04379,1,1,0.99955875,True,1.0,synthetic_hard_negative,Tuyển dụng giả,1.0,0.997942185,0.0020578150000000184,0.09999999999999998
ViSmish_04381,0,0,0.9994221,True,1.0,external_real,P2P hội thoại thông thường,1.0,0.0023483949999999996,0.997651605,0.09999999999999998
ViSmish_04384,1,1,0.9995875,True,1.0,paraphrased,Cờ bạc / Betting,1.0,0.998008955,0.0019910450000000246,0.09999999999999998
ViSmish_04385,1,1,0.9996345,True,1.0,paraphrased,BHXH / Trợ cấp giả,1.0,0.99812387,0.0018761299999999759,0.09999999999999998
ViSmish_04386,0,0,0.99942243,True,1.0,external_real,P2P hội thoại thông thường,1.0,0.0023474862999999994,0.9976525137,0.09999999999999998
ViSmish_04387,1,1,0.9994808,True,1.0,paraphrased,Giả mạo ngân hàng,1.0,0.997771513,0.0022284870000000012,0.09999999999999998
ViSmish_04388,0,0,0.9992785,True,1.0,synthetic,Dịch vụ công thật,1.0,0.0026168241999999994,0.9973831758,0.09999999999999998
ViSmish_04389,0,0,0.9993693,True,1.0,external_curated,P2P hard negative,1.0,0.0024505959999999993,0.997549404,0.09999999999999998
ViSmish_04391,1,1,0.9996325,True,1.0,paraphrased,Dịch vụ công giả,1.0,0.99811881,0.001881189999999977,0.09999999999999998
ViSmish_04395,1,1,0.99961925,True,1.0,paraphrased,Tuyển dụng giả,1.0,0.998085654,0.0019143459999999557,0.09999999999999998
ViSmish_04396,1,1,0.9996182,True,1.0,paraphrased,Đòi nợ / Đe dọa,1.0,0.998082995,0.0019170050000000272,0.09999999999999998
ViSmish_04397,1,1,0.9996227,True,1.0,paraphrased,Dịch vụ công giả,1.0,0.99809443,0.001905570000000023,0.09999999999999998
ViSmish_04399,0,0,0.9992078,True,1.0,synthetic,Quảng cáo hợp lệ,1.0,0.0027386719999999993,0.997261328,0.09999999999999998
ViSmish_04401,0,0,0.9994535,True,1.0,synthetic,Tin nhắn cá nhân và OTP,1.0,0.0022848525999999997,0.9977151474,0.09999999999999998
ViSmish_04404,0,0,0.9991673,True,1.0,real,Viễn thông,1.0,0.0028058737999999994,0.9971941262,0.09999999999999998
ViSmish_04406,0,0,0.9993579,True,1.0,real,Khác,1.0,0.0024721017,0.9975278983,0.09999999999999998
ViSmish_04409,1,1,0.9995952,True,1.0,paraphrased,Cờ bạc / Betting,1.0,0.998027486,0.0019725139999999808,0.09999999999999998
ViSmish_04413,1,1,0.9996177,True,1.0,paraphrased,Dịch vụ công giả,1.0,0.99808204,0.0019179599999999963,0.09999999999999998
ViSmish_04414,0,0,0.99947387,True,1.0,real,Viễn thông,1.0,0.0022428566999999995,0.9977571433,0.09999999999999998
ViSmish_04415,0,0,0.9994344,True,1.0,synthetic,Tin nhắn cá nhân và OTP,1.0,0.0023235864999999996,0.9976764135,0.09999999999999998
ViSmish_04416,1,1,0.9996119,True,1.0,paraphrased,Nội dung nhạy cảm,1.0,0.998067516,0.001932484000000012,0.09999999999999998
ViSmish_04419,0,0,0.99948335,True,1.0,real,Khác,1.0,0.0022229212999999998,0.9977770787,0.09999999999999998
ViSmish_04420,0,0,0.9993723,True,1.0,real,Khác,1.0,0.0024449234999999996,0.9975550765,0.09999999999999998
ViSmish_04421,0,0,0.9994823,True,1.0,real,Khác,1.0,0.0022251512999999995,0.9977748487,0.09999999999999998
ViSmish_04424,1,1,0.99949396,True,1.0,synthetic_hard_negative,Dịch vụ công giả,1.0,0.99779935,0.002200650000000026,0.09999999999999998
ViSmish_04427,1,1,0.9996136,True,1.0,paraphrased,Nội dung nhạy cảm,1.0,0.9980718,0.0019282000000000465,0.09999999999999998
ViSmish_04428,0,0,0.9994615,True,1.0,real,Tin nhắn cá nhân và OTP,1.0,0.0022687239999999997,0.997731276,0.09999999999999998
ViSmish_04430,1,1,0.99960846,True,1.0,paraphrased,Đòi nợ / Đe dọa,1.0,0.99805909,0.0019409099999999624,0.09999999999999998
ViSmish_04433,0,0,0.9992711,True,1.0,synthetic,Dịch vụ y tế,1.0,0.0026297986999999994,0.9973702013,0.09999999999999998
ViSmish_04434,1,1,0.9995146,True,1.0,synthetic_hard_negative,Dịch vụ công giả,1.0,0.99784387,0.002156130000000034,0.09999999999999998
ViSmish_04436,1,1,0.99962354,True,1.0,paraphrased,Cờ bạc / Betting,1.0,0.9980963350000001,0.0019036649999999433,0.09999999999999998
ViSmish_04437,0,0,0.99947184,True,1.0,synthetic,Quảng cáo hợp lệ,1.0,0.0022471343999999997,0.9977528656,0.09999999999999998
ViSmish_04438,0,0,0.9994492,True,1.0,synthetic,Thương mại điện tử,1.0,0.0022937336999999994,0.9977062663,0.09999999999999998
ViSmish_04440,1,1,0.9996222,True,1.0,paraphrased,BHXH / Trợ cấp giả,1.0,0.998093086,0.0019069139999999818,0.09999999999999998
ViSmish_04441,1,1,0.99959296,True,1.0,paraphrased,Nội dung nhạy cảm,1.0,0.998022056,0.0019779439999999537,0.09999999999999998
ViSmish_04443,1,1,0.99961215,True,1.0,paraphrased,Đòi nợ / Đe dọa,1.0,0.99806819,0.0019318099999999783,0.09999999999999998
ViSmish_04444,0,0,0.9985934,True,1.0,external_real,P2P hội thoại thông thường,1.0,0.003617332999999999,0.996382667,0.09999999999999998
ViSmish_04445,0,0,0.9991843,True,1.0,synthetic,Viễn thông,1.0,0.0027777512999999994,0.9972222487,0.09999999999999998
ViSmish_04446,0,0,0.9994789,True,1.0,real,Khác,1.0,0.0022324139999999994,0.997767586,0.09999999999999998
ViSmish_04448,1,1,0.99962795,True,1.0,paraphrased,Tuyển dụng giả,1.0,0.998107386,0.0018926139999999592,0.09999999999999998
ViSmish_04456,1,1,0.9995159,True,1.0,synthetic_hard_negative,Khác,1.0,0.997846574,0.002153426000000014,0.09999999999999998
ViSmish_04458,1,1,0.9996275,True,1.0,paraphrased,Đòi nợ / Đe dọa,1.0,0.998106223,0.001893777000000041,0.09999999999999998
ViSmish_04459,1,1,0.9995602,True,1.0,paraphrased,Nội dung nhạy cảm,1.0,0.99794557,0.0020544300000000515,0.09999999999999998
ViSmish_04460,0,0,0.9994709,True,1.0,real,Khác,1.0,0.0022490521999999993,0.9977509478,0.09999999999999998
ViSmish_04461,0,0,0.99932146,True,1.0,external_curated,P2P hard negative,1.0,0.0025396020999999993,0.9974603979,0.09999999999999998
ViSmish_04462,1,1,0.9995453,True,1.0,paraphrased,Crypto / Đầu tư giả,1.0,0.9979118,0.0020881999999999845,0.09999999999999998
ViSmish_04463,0,0,0.9994709,True,1.0,external_curated,P2P hard negative,1.0,0.0022490719999999995,0.997750928,0.09999999999999998
ViSmish_04464,0,0,0.99941945,True,1.0,synthetic,Ngân hàng thật,1.0,0.0023535869999999994,0.997646413,0.09999999999999998
ViSmish_04465,0,0,0.9994785,True,1.0,real,Viễn thông,1.0,0.0022333545999999992,0.9977666454,0.09999999999999998
ViSmish_04468,1,1,0.9996289,True,1.0,paraphrased,Dịch vụ công giả,1.0,0.99810971,0.0018902899999999612,0.09999999999999998
ViSmish_04469,0,0,0.9993604,True,1.0,external_curated,P2P hard negative,1.0,0.0024674007999999996,0.9975325992,0.09999999999999998
ViSmish_04470,1,1,0.99959844,True,1.0,paraphrased,Nội dung nhạy cảm,1.0,0.99803508,0.0019649200000000366,0.09999999999999998
ViSmish_04473,1,1,0.99961215,True,1.0,paraphrased,Giả mạo ngân hàng,1.0,0.9980682,0.001931800000000039,0.09999999999999998
ViSmish_04476,0,0,0.999419,True,1.0,synthetic,Ngân hàng thật,1.0,0.0023544396999999996,0.9976455603,0.09999999999999998
ViSmish_04477,0,0,0.99944264,True,1.0,synthetic,Quảng cáo hợp lệ,1.0,0.0023069997999999995,0.9976930002,0.09999999999999998
ViSmish_04478,1,1,0.9996171,True,1.0,paraphrased,Crypto / Đầu tư giả,1.0,0.998080426,0.0019195739999999795,0.09999999999999998
ViSmish_04479,0,0,0.999355,True,1.0,real,Viễn thông,1.0,0.0024776230999999996,0.9975223769,0.09999999999999998
ViSmish_04480,1,1,0.99956757,True,1.0,paraphrased,Dịch vụ công giả,1.0,0.997962403,0.0020375969999999466,0.09999999999999998
ViSmish_04481,1,1,0.999592,True,1.0,paraphrased,Nội dung nhạy cảm,1.0,0.99801957,0.001980430000000033,0.09999999999999998
ViSmish_04482,0,0,0.99941385,True,1.0,synthetic,Thương mại điện tử,1.0,0.0023644625999999992,0.9976355374,0.09999999999999998
ViSmish_04483,1,1,0.9986261,True,1.0,real,Dịch vụ công giả,1.0,0.996423453,0.0035765469999999855,0.09999999999999998
ViSmish_04484,0,0,0.99833196,True,1.0,external_curated,P2P hard negative,1.0,0.003927036999999999,0.996072963,0.09999999999999998
ViSmish_04487,0,0,0.9955383,True,1.0,synthetic,Dịch vụ công thật,1.0,0.006274477999999998,0.993725522,0.09999999999999998
ViSmish_04489,0,0,0.99930894,True,1.0,synthetic,Viễn thông,1.0,0.0025624269999999995,0.997437573,0.09999999999999998
ViSmish_04491,1,1,0.99962485,True,1.0,paraphrased,Giả mạo ngân hàng,1.0,0.99809971,0.0019002900000000267,0.09999999999999998
ViSmish_04494,0,0,0.99948114,True,1.0,synthetic,Tin nhắn cá nhân và OTP,1.0,0.0022278427999999992,0.9977721572,0.09999999999999998
ViSmish_04495,1,1,0.9996227,True,1.0,paraphrased,BHXH / Trợ cấp giả,1.0,0.998094165,0.0019058349999999669,0.09999999999999998
ViSmish_04496,0,0,0.99941134,True,1.0,external_real,P2P hội thoại thông thường,1.0,0.0023695172999999995,0.9976304827,0.09999999999999998
ViSmish_04497,0,0,0.99935395,True,1.0,real,Viễn thông,1.0,0.002479547299999999,0.9975204527,0.09999999999999998
ViSmish_04499,1,1,0.99962556,True,1.0,paraphrased,BHXH / Trợ cấp giả,1.0,0.998101395,0.0018986050000000532,0.09999999999999998
ViSmish_04500,1,1,0.9995309,True,1.0,synthetic_hard_negative,Khác,1.0,0.997879636,0.002120364000000041,0.09999999999999998
ViSmish_04501,0,0,0.9994241,True,1.0,synthetic,Dịch vụ công thật,1.0,0.0023442672999999994,0.9976557327,0.09999999999999998
ViSmish_04503,1,1,0.9996264,True,1.0,paraphrased,BHXH / Trợ cấp giả,1.0,0.998103434,0.0018965659999999884,0.09999999999999998
ViSmish_04504,1,1,0.99961853,True,1.0,paraphrased,Nội dung nhạy cảm,1.0,0.998083913,0.0019160870000000108,0.09999999999999998
ViSmish_04505,1,1,0.9994512,True,1.0,synthetic_hard_negative,Giả mạo ngân hàng,1.0,0.99771039,0.002289610000000053,0.09999999999999998
ViSmish_04506,0,0,0.999295,True,1.0,real,Viễn thông,1.0,0.0025872822999999994,0.9974127177,0.09999999999999998
ViSmish_04507,0,0,0.9994381,True,1.0,synthetic,Viễn thông,1.0,0.0023161133999999996,0.9976838866,0.09999999999999998
ViSmish_04510,1,1,0.99960464,True,1.0,paraphrased,Nội dung nhạy cảm,1.0,0.998049885,0.0019501149999999745,0.09999999999999998
ViSmish_04511,0,0,0.9993723,True,1.0,real,Viễn thông,1.0,0.0024449826999999994,0.9975550173,0.09999999999999998
ViSmish_04512,0,0,0.9994899,True,1.0,synthetic,Vận chuyển,1.0,0.0022090430999999995,0.9977909569,0.09999999999999998
ViSmish_04513,1,1,0.99956733,True,1.0,real,BHXH / Trợ cấp giả,1.0,0.997961867,0.0020381329999999975,0.09999999999999998
ViSmish_04514,1,1,0.9996049,True,1.0,paraphrased,Nội dung nhạy cảm,1.0,0.998050517,0.001949482999999974,0.09999999999999998
ViSmish_04515,1,1,0.9995784,True,1.0,paraphrased,Dịch vụ công giả,1.0,0.997987616,0.0020123840000000337,0.09999999999999998
ViSmish_04516,1,1,0.9996074,True,1.0,paraphrased,Đòi nợ / Đe dọa,1.0,0.998056525,0.0019434750000000278,0.09999999999999998
ViSmish_04517,0,0,0.99948335,True,1.0,real,Dịch vụ công thật,1.0,0.0022229177999999994,0.9977770822,0.09999999999999998
ViSmish_04519,0,0,0.99942267,True,1.0,synthetic,Ngân hàng thật,1.0,0.0023471937999999994,0.9976528062,0.09999999999999998
ViSmish_04521,0,0,0.9994993,True,1.0,synthetic,Viễn thông,1.0,0.0021892479999999995,0.997810752,0.09999999999999998
ViSmish_04522,0,0,0.99914885,True,1.0,external_curated,P2P hard negative,1.0,0.0028359719999999995,0.997164028,0.09999999999999998
ViSmish_04523,1,1,0.9995228,True,1.0,paraphrased,Crypto / Đầu tư giả,1.0,0.99786174,0.0021382599999999474,0.09999999999999998
ViSmish_04525,1,1,0.99961406,True,1.0,paraphrased,Nội dung nhạy cảm,1.0,0.998072964,0.001927035999999993,0.09999999999999998
ViSmish_04526,1,1,0.9995122,True,1.0,paraphrased,Crypto / Đầu tư giả,1.0,0.9978385,0.0021615000000000384,0.09999999999999998
ViSmish_04527,0,0,0.99940956,True,1.0,external_curated,P2P hard negative,1.0,0.0023729377999999993,0.9976270622,0.09999999999999998
ViSmish_04528,0,0,0.9994287,True,1.0,external_real,P2P hội thoại thông thường,1.0,0.0023349865999999996,0.9976650134,0.09999999999999998
ViSmish_04530,0,0,0.99941146,True,1.0,external_curated,P2P hard negative,1.0,0.0023692635999999993,0.9976307364,0.09999999999999998
ViSmish_04533,0,0,0.9994765,True,1.0,real,Viễn thông,1.0,0.0022375184999999993,0.9977624815,0.09999999999999998
ViSmish_04534,1,1,0.9996282,True,1.0,paraphrased,Tuyển dụng giả,1.0,0.998108023,0.0018919769999999891,0.09999999999999998
ViSmish_04535,0,0,0.99942505,True,1.0,real,Ngân hàng thật,1.0,0.0023424710999999997,0.9976575289,0.09999999999999998
ViSmish_04536,1,1,0.9995828,True,1.0,paraphrased,Cờ bạc / Betting,1.0,0.99799811,0.0020018899999999507,0.09999999999999998
ViSmish_04537,1,1,0.99961853,True,1.0,paraphrased,Cờ bạc / Betting,1.0,0.99808394,0.0019160599999999972,0.09999999999999998
ViSmish_04538,1,1,0.99948716,True,1.0,paraphrased,Crypto / Đầu tư giả,1.0,0.997784936,0.0022150640000000443,0.09999999999999998
ViSmish_04539,1,1,0.9996092,True,1.0,paraphrased,Nội dung nhạy cảm,1.0,0.99806095,0.0019390500000000532,0.09999999999999998
ViSmish_04540,1,1,0.9996141,True,1.0,paraphrased,Tuyển dụng giả,1.0,0.998073304,0.00192669599999995,0.09999999999999998
ViSmish_04541,0,0,0.99925524,True,1.0,synthetic,Quảng cáo hợp lệ,1.0,0.0026573612999999992,0.9973426387,0.09999999999999998
ViSmish_04542,1,1,0.9996321,True,1.0,paraphrased,Tuyển dụng giả,1.0,0.99811763,0.001882370000000022,0.09999999999999998
ViSmish_04543,1,1,0.9996207,True,1.0,paraphrased,Đòi nợ / Đe dọa,1.0,0.99808925,0.001910749999999961,0.09999999999999998
ViSmish_04545,0,0,0.9993814,True,1.0,real,Viễn thông,1.0,0.0024274164999999997,0.9975725835,0.09999999999999998
ViSmish_04548,1,1,0.99940395,True,1.0,real,Giả mạo ngân hàng,1.0,0.997616094,0.0023839060000000467,0.09999999999999998
ViSmish_04549,0,0,0.9993974,True,1.0,external_curated,P2P hard negative,1.0,0.0023967659999999994,0.997603234,0.09999999999999998
ViSmish_04550,0,0,0.99946016,True,1.0,real,Viễn thông,1.0,0.0022713006999999993,0.9977286993,0.09999999999999998
ViSmish_04553,0,0,0.99946326,True,1.0,external_real,P2P hội thoại thông thường,1.0,0.0022649276999999993,0.9977350723,0.09999999999999998
ViSmish_04556,1,1,0.99963105,True,1.0,paraphrased,Dịch vụ công giả,1.0,0.99811523,0.00188476999999998,0.09999999999999998
ViSmish_04558,0,0,0.99945956,True,1.0,real,Ngân hàng thật,1.0,0.0022726409999999993,0.997727359,0.09999999999999998
ViSmish_04559,0,0,0.99945897,True,1.0,real,Khác,1.0,0.0022737591999999994,0.9977262408,0.09999999999999998
ViSmish_04561,0,0,0.9993043,True,1.0,synthetic,Quảng cáo hợp lệ,1.0,0.0025707704999999993,0.9974292295,0.09999999999999998
ViSmish_04562,0,0,0.99941444,True,1.0,synthetic,Ngân hàng thật,1.0,0.0023633324999999994,0.9976366675,0.09999999999999998
ViSmish_04563,1,1,0.99963593,True,1.0,paraphrased,BHXH / Trợ cấp giả,1.0,0.99812726,0.0018727400000000394,0.09999999999999998
ViSmish_04564,1,1,0.99961853,True,1.0,paraphrased,BHXH / Trợ cấp giả,1.0,0.99808397,0.0019160299999999575,0.09999999999999998
ViSmish_04565,0,0,0.9994536,True,1.0,external_curated,P2P hard negative,1.0,0.0022848475999999993,0.9977151524,0.09999999999999998
ViSmish_04568,0,0,0.99945444,True,1.0,synthetic,Dịch vụ y tế,1.0,0.0022830053999999995,0.9977169946,0.09999999999999998
ViSmish_04569,0,0,0.99947053,True,1.0,synthetic,Dịch vụ y tế,1.0,0.0022499809999999994,0.997750019,0.09999999999999998
ViSmish_04573,0,0,0.9994512,True,1.0,synthetic,Tin nhắn cá nhân và OTP,1.0,0.0022894784999999995,0.9977105215,0.09999999999999998
ViSmish_04574,1,1,0.9996191,True,1.0,paraphrased,Tuyển dụng giả,1.0,0.99808545,0.0019145499999999593,0.09999999999999998
ViSmish_04578,0,0,0.99946374,True,1.0,synthetic,Ngân hàng thật,1.0,0.0022638935999999992,0.9977361064,0.09999999999999998
ViSmish_04580,0,0,0.99930596,True,1.0,external_real,P2P hội thoại thông thường,1.0,0.0025676251999999992,0.9974323748,0.09999999999999998
ViSmish_04581,1,1,0.99952793,True,1.0,real,BHXH / Trợ cấp giả,1.0,0.997873,0.00212699999999999,0.09999999999999998
ViSmish_04582,0,0,0.9994036,True,1.0,real,Viễn thông,1.0,0.0023847235,0.9976152765,0.09999999999999998
ViSmish_04584,0,0,0.9994904,True,1.0,synthetic,Dịch vụ y tế,1.0,0.002208185999999999,0.997791814,0.09999999999999998
ViSmish_04585,0,0,0.9994735,True,1.0,real,Khác,1.0,0.0022437557999999995,0.9977562442,0.09999999999999998
ViSmish_04586,0,0,0.9993229,True,1.0,synthetic,Ngân hàng thật,1.0,0.0025369176999999994,0.9974630823,0.09999999999999998
ViSmish_04588,1,1,0.9996196,True,1.0,paraphrased,BHXH / Trợ cấp giả,1.0,0.99808657,0.0019134299999999937,0.09999999999999998
ViSmish_04589,0,0,0.9974917,True,1.0,external_curated,P2P hard negative,1.0,0.004775148299999999,0.9952248517,0.09999999999999998
ViSmish_04590,1,1,0.99962556,True,1.0,paraphrased,Dịch vụ công giả,1.0,0.99810141,0.0018985900000000333,0.09999999999999998
ViSmish_04591,0,0,0.9992937,True,1.0,real,Viễn thông,1.0,0.0025896967999999992,0.9974103032,0.09999999999999998
ViSmish_04592,1,1,0.9995759,True,1.0,paraphrased,Cờ bạc / Betting,1.0,0.9979817,0.0020183000000000284,0.09999999999999998
ViSmish_04593,0,0,0.9994815,True,1.0,synthetic,Vận chuyển,1.0,0.0022269797999999994,0.9977730202,0.09999999999999998
ViSmish_04594,0,0,0.9994778,True,1.0,synthetic,Vận chuyển,1.0,0.002234811999999999,0.997765188,0.09999999999999998
ViSmish_04595,0,0,0.99944216,True,1.0,real,Tin nhắn cá nhân và OTP,1.0,0.0023078752999999997,0.9976921247,0.09999999999999998
ViSmish_04596,0,0,0.99947196,True,1.0,synthetic,Vận chuyển,1.0,0.0022469782999999994,0.9977530217,0.09999999999999998
ViSmish_04599,1,1,0.9995989,True,1.0,paraphrased,Cờ bạc / Betting,1.0,0.9980361799999999,0.0019638200000000605,0.09999999999999998
ViSmish_04600,1,1,0.99951756,True,1.0,synthetic_hard_negative,Khác,1.0,0.99785025,0.0021497499999999503,0.09999999999999998
ViSmish_04602,1,1,0.9995968,True,1.0,paraphrased,Nội dung nhạy cảm,1.0,0.998031074,0.001968925999999982,0.09999999999999998
ViSmish_04603,1,1,0.9995906,True,1.0,paraphrased,Crypto / Đầu tư giả,1.0,0.99801624,0.001983760000000001,0.09999999999999998
ViSmish_04605,1,1,0.9995937,True,1.0,paraphrased,Giả mạo ngân hàng,1.0,0.998023534,0.00197646600000001,0.09999999999999998
ViSmish_04607,0,0,0.9994142,True,1.0,real,Viễn thông,1.0,0.0023638165999999993,0.9976361834,0.09999999999999998
ViSmish_04608,1,1,0.9996214,True,1.0,paraphrased,Nội dung nhạy cảm,1.0,0.99809105,0.0019089500000000204,0.09999999999999998
ViSmish_04612,0,0,0.9993788,True,1.0,real,Viễn thông,1.0,0.0024324055999999997,0.9975675944,0.09999999999999998
ViSmish_04613,1,1,0.9996013,True,1.0,paraphrased,Giả mạo ngân hàng,1.0,0.998041874,0.0019581260000000045,0.09999999999999998
ViSmish_04614,1,0,0.9989405,False,0.3,real,Giả mạo ngân hàng,0.0,1.0,0.0,0.0
ViSmish_04615,0,0,0.9994954,True,1.0,synthetic,Thương mại điện tử,1.0,0.0021974401999999994,0.9978025598,0.09999999999999998
ViSmish_04616,1,1,0.9995809,True,1.0,paraphrased,Tuyển dụng giả,1.0,0.99799343,0.002006570000000041,0.09999999999999998
ViSmish_04619,1,1,0.99953234,True,1.0,synthetic_hard_negative,Khác,1.0,0.997882724,0.0021172760000000013,0.09999999999999998
ViSmish_04620,0,0,0.9994746,True,1.0,synthetic,Tin nhắn cá nhân và OTP,1.0,0.0022415041999999993,0.9977584958,0.09999999999999998
ViSmish_04622,1,1,0.99955827,True,1.0,paraphrased,Nội dung nhạy cảm,1.0,0.9979411,0.0020588999999999746,0.09999999999999998
ViSmish_04625,1,1,0.9996152,True,1.0,paraphrased,Crypto / Đầu tư giả,1.0,0.99807581,0.0019241899999999923,0.09999999999999998
ViSmish_04627,0,0,0.99946517,True,1.0,real,Khác,1.0,0.0022610323999999998,0.9977389676,0.09999999999999998
ViSmish_04628,0,0,0.9992843,True,1.0,real,Viễn thông,1.0,0.0026065187999999993,0.9973934812,0.09999999999999998
ViSmish_04629,1,1,0.99959725,True,1.0,paraphrased,Đòi nợ / Đe dọa,1.0,0.998032147,0.0019678530000000194,0.09999999999999998
ViSmish_04630,1,1,0.99946445,True,1.0,synthetic_hard_negative,BHXH / Trợ cấp giả,1.0,0.99773751,0.002262490000000006,0.09999999999999998
ViSmish_04632,0,0,0.9992311,True,1.0,external_real,P2P hội thoại thông thường,1.0,0.0026990809999999994,0.997300919,0.09999999999999998
ViSmish_04633,0,0,0.9994454,True,1.0,external_curated,P2P hard negative,1.0,0.0023013986999999994,0.9976986013,0.09999999999999998
ViSmish_04634,1,1,0.9996207,True,1.0,paraphrased,Dịch vụ công giả,1.0,0.998089427,0.001910572999999971,0.09999999999999998
ViSmish_04635,0,0,0.9994562,True,1.0,synthetic,Tin nhắn cá nhân và OTP,1.0,0.0022792873999999998,0.9977207126,0.09999999999999998
ViSmish_04636,0,0,0.99944943,True,1.0,synthetic,Dịch vụ công thật,1.0,0.0022933059999999997,0.997706694,0.09999999999999998
ViSmish_04637,1,1,0.99955827,True,1.0,paraphrased,Crypto / Đầu tư giả,1.0,0.997941005,0.0020589949999999524,0.09999999999999998
ViSmish_04638,0,0,0.99943763,True,1.0,real,Tin nhắn cá nhân và OTP,1.0,0.0023172011999999993,0.9976827988,0.09999999999999998
ViSmish_04639,1,1,0.99961436,True,1.0,paraphrased,Cờ bạc / Betting,1.0,0.998073876,0.001926124000000029,0.09999999999999998
ViSmish_04640,0,0,0.9994961,True,1.0,synthetic,Thương mại điện tử,1.0,0.002195935099999999,0.9978040649,0.09999999999999998
ViSmish_04641,1,1,0.99959356,True,1.0,paraphrased,Cờ bạc / Betting,1.0,0.99802346,0.0019765400000000266,0.09999999999999998
ViSmish_04642,0,0,0.9992939,True,1.0,synthetic,Viễn thông,1.0,0.0025891875999999995,0.9974108124,0.09999999999999998
ViSmish_04643,1,1,0.99961287,True,1.0,paraphrased,Đòi nợ / Đe dọa,1.0,0.99806983,0.0019301699999999533,0.09999999999999998
ViSmish_04649,0,0,0.9993705,True,1.0,synthetic,Quảng cáo hợp lệ,1.0,0.0024483779999999993,0.997551622,0.09999999999999998
ViSmish_04651,0,0,0.99938595,True,1.0,real,Viễn thông,1.0,0.0024188670999999995,0.9975811329,0.09999999999999998
ViSmish_04652,1,1,0.99956566,True,1.0,paraphrased,Đòi nợ / Đe dọa,1.0,0.997958094,0.0020419059999999822,0.09999999999999998
ViSmish_04653,0,0,0.9994837,True,1.0,external_curated,P2P hard negative,1.0,0.0022221979999999994,0.997777802,0.09999999999999998
ViSmish_04655,0,0,0.9994779,True,1.0,real,Viễn thông,1.0,0.0022343659999999998,0.997765634,0.09999999999999998
ViSmish_04659,1,1,0.99962914,True,1.0,paraphrased,Tuyển dụng giả,1.0,0.99811038,0.0018896200000000363,0.09999999999999998
ViSmish_04662,1,1,0.99960214,True,1.0,paraphrased,Nội dung nhạy cảm,1.0,0.9980440740000001,0.001955925999999941,0.09999999999999998
ViSmish_04663,1,1,0.99947125,True,1.0,synthetic_hard_negative,Dịch vụ công giả,1.0,0.99775171,0.0022482900000000416,0.09999999999999998
ViSmish_04664,1,1,0.9995443,True,1.0,paraphrased,Nội dung nhạy cảm,1.0,0.997909456,0.002090543999999972,0.09999999999999998
ViSmish_04665,1,1,0.99960965,True,1.0,paraphrased,Đòi nợ / Đe dọa,1.0,0.99806207,0.0019379299999999766,0.09999999999999998
ViSmish_04666,1,1,0.9994789,True,1.0,synthetic_hard_negative,Giả mạo ngân hàng,1.0,0.997767556,0.002232444,0.09999999999999998
ViSmish_04667,1,1,0.9995813,True,1.0,paraphrased,Đòi nợ / Đe dọa,1.0,0.99799422,0.002005779999999957,0.09999999999999998
ViSmish_04668,0,0,0.9991142,True,1.0,synthetic,Thương mại điện tử,1.0,0.0028915099999999995,0.99710849,0.09999999999999998
ViSmish_04670,1,1,0.9996221,True,1.0,paraphrased,Tuyển dụng giả,1.0,0.99809294,0.0019070599999999605,0.09999999999999998
ViSmish_04671,1,1,0.9995845,True,1.0,paraphrased,Crypto / Đầu tư giả,1.0,0.9980017800000001,0.0019982199999999395,0.09999999999999998
ViSmish_04672,1,1,0.99962103,True,1.0,paraphrased,Dịch vụ công giả,1.0,0.998090315,0.0019096849999999943,0.09999999999999998
ViSmish_04673,1,1,0.99961793,True,1.0,paraphrased,BHXH / Trợ cấp giả,1.0,0.99808241,0.0019175900000000246,0.09999999999999998
ViSmish_04675,1,1,0.99944884,True,1.0,synthetic_hard_negative,Khác,1.0,0.99770561,0.0022943899999999795,0.09999999999999998
ViSmish_04676,0,0,0.9994259,True,1.0,synthetic,Tin nhắn cá nhân và OTP,1.0,0.0023406423999999993,0.9976593576,0.09999999999999998
ViSmish_04679,1,1,0.99961334,True,1.0,paraphrased,Cờ bạc / Betting,1.0,0.998071194,0.0019288060000000051,0.09999999999999998
ViSmish_04680,0,0,0.99946874,True,1.0,real,Khác,1.0,0.0022536452999999995,0.9977463547,0.09999999999999998
ViSmish_04682,1,1,0.99960285,True,1.0,paraphrased,BHXH / Trợ cấp giả,1.0,0.9980457,0.0019542999999999644,0.09999999999999998
ViSmish_04683,1,1,0.9995914,True,1.0,paraphrased,Cờ bạc / Betting,1.0,0.998018205,0.001981794999999953,0.09999999999999998
ViSmish_04684,0,0,0.9994356,True,1.0,synthetic,Ngân hàng thật,1.0,0.002321123099999999,0.9976788769,0.09999999999999998
ViSmish_04685,1,1,0.9996051,True,1.0,paraphrased,Đòi nợ / Đe dọa,1.0,0.99805103,0.0019489700000000498,0.09999999999999998
ViSmish_04687,0,0,0.99941945,True,1.0,synthetic,Quảng cáo hợp lệ,1.0,0.0023533785999999995,0.9976466214,0.09999999999999998
ViSmish_04688,0,0,0.9992718,True,1.0,synthetic,Dịch vụ công thật,1.0,0.0026284439999999993,0.997371556,0.09999999999999998
ViSmish_04689,1,1,0.99946254,True,1.0,synthetic_hard_negative,Khác,1.0,0.997733593,0.002266407000000026,0.09999999999999998
ViSmish_04690,1,1,0.9995016,True,1.0,synthetic_hard_negative,Giả mạo ngân hàng,1.0,0.997815645,0.0021843550000000267,0.09999999999999998
ViSmish_04691,0,0,0.9994831,True,1.0,synthetic,Dịch vụ y tế,1.0,0.0022234463999999993,0.9977765536,0.09999999999999998
ViSmish_04693,0,0,0.99942553,True,1.0,real,Khác,1.0,0.0023414257999999997,0.9976585742,0.09999999999999998
ViSmish_04694,1,1,0.9995845,True,1.0,paraphrased,Giả mạo ngân hàng,1.0,0.998001915,0.001998084999999983,0.09999999999999998
ViSmish_04695,1,1,0.99959236,True,1.0,paraphrased,Cờ bạc / Betting,1.0,0.99802044,0.0019795599999999913,0.09999999999999998
ViSmish_04697,0,0,0.999483,True,1.0,real,Khác,1.0,0.0022236346999999993,0.9977763653,0.09999999999999998
ViSmish_04698,0,0,0.9994797,True,1.0,synthetic,Ngân hàng thật,1.0,0.002230663399999999,0.9977693366,0.09999999999999998
ViSmish_04699,1,1,0.99960107,True,1.0,paraphrased,Cờ bạc / Betting,1.0,0.9980414870000001,0.0019585129999999396,0.09999999999999998
ViSmish_04700,1,1,0.99961734,True,1.0,paraphrased,BHXH / Trợ cấp giả,1.0,0.998081046,0.0019189539999999727,0.09999999999999998
ViSmish_04702,1,1,0.9996172,True,1.0,paraphrased,Dịch vụ công giả,1.0,0.998080784,0.0019192160000000014,0.09999999999999998
ViSmish_04703,1,1,0.99961627,True,1.0,paraphrased,Cờ bạc / Betting,1.0,0.9980785130000001,0.001921486999999944,0.09999999999999998
ViSmish_04704,0,0,0.999401,True,1.0,external_real,P2P hội thoại thông thường,1.0,0.0023897712999999994,0.9976102287,0.09999999999999998
ViSmish_04705,1,1,0.9995579,True,1.0,synthetic_hard_negative,Crypto / Đầu tư giả,1.0,0.99794026,0.0020597399999999766,0.09999999999999998
ViSmish_04707,0,0,0.99942565,True,1.0,external_real,P2P hội thoại thông thường,1.0,0.0023412452999999993,0.9976587547,0.09999999999999998
ViSmish_04709,1,1,0.9995635,True,1.0,synthetic_hard_negative,Khác,1.0,0.997953004,0.002046996000000023,0.09999999999999998
ViSmish_04710,0,0,0.99935025,True,1.0,external_real,P2P hội thoại thông thường,1.0,0.002486428799999999,0.9975135712,0.09999999999999998
ViSmish_04711,1,1,0.9996145,True,1.0,paraphrased,Cờ bạc / Betting,1.0,0.998074037,0.0019259630000000305,0.09999999999999998
ViSmish_04712,0,0,0.9994012,True,1.0,real,Viễn thông,1.0,0.0023891841999999996,0.9976108158,0.09999999999999998
ViSmish_04713,1,1,0.9996145,True,1.0,paraphrased,Nội dung nhạy cảm,1.0,0.998073995,0.001926004999999953,0.09999999999999998
ViSmish_04715,0,0,0.9994444,True,1.0,synthetic,Tin nhắn cá nhân và OTP,1.0,0.0023033109999999993,0.997696689,0.09999999999999998
ViSmish_04716,1,1,0.99956185,True,1.0,paraphrased,Crypto / Đầu tư giả,1.0,0.99794932,0.0020506799999999714,0.09999999999999998
ViSmish_04717,0,0,0.9994248,True,1.0,real,Quảng cáo hợp lệ,1.0,0.0023428709999999994,0.997657129,0.09999999999999998
ViSmish_04718,1,1,0.9995974,True,1.0,paraphrased,Đòi nợ / Đe dọa,1.0,0.998032504,0.001967496000000013,0.09999999999999998
ViSmish_04720,1,1,0.99962413,True,1.0,paraphrased,BHXH / Trợ cấp giả,1.0,0.998097736,0.0019022640000000424,0.09999999999999998
ViSmish_04721,1,1,0.9996252,True,1.0,paraphrased,Nội dung nhạy cảm,1.0,0.998100466,0.0018995339999999805,0.09999999999999998
ViSmish_04722,1,1,0.99958676,True,1.0,paraphrased,Đòi nợ / Đe dọa,1.0,0.99800725,0.0019927499999999876,0.09999999999999998
ViSmish_04723,1,1,0.99961495,True,1.0,paraphrased,Đòi nợ / Đe dọa,1.0,0.99807515,0.001924849999999978,0.09999999999999998
ViSmish_04724,1,1,0.99951077,True,1.0,synthetic_hard_negative,Giả mạo ngân hàng,1.0,0.997835416,0.0021645839999999694,0.09999999999999998
ViSmish_04726,1,1,0.9996308,True,1.0,paraphrased,BHXH / Trợ cấp giả,1.0,0.99811457,0.0018854299999999657,0.09999999999999998
ViSmish_04727,1,1,0.99940324,True,1.0,paraphrased,Crypto / Đầu tư giả,1.0,0.99761462,0.0023853799999999925,0.09999999999999998
ViSmish_04728,1,1,0.9995919,True,1.0,paraphrased,Cờ bạc / Betting,1.0,0.9980194,0.001980599999999999,0.09999999999999998
ViSmish_04729,1,1,0.9996244,True,1.0,paraphrased,BHXH / Trợ cấp giả,1.0,0.998098505,0.0019014950000000308,0.09999999999999998
ViSmish_04730,0,0,0.9993293,True,1.0,synthetic,Dịch vụ công thật,1.0,0.0025252362999999994,0.9974747637,0.09999999999999998
ViSmish_04731,0,0,0.9993011,True,1.0,real,Viễn thông,1.0,0.0025764629999999993,0.997423537,0.09999999999999998
ViSmish_04732,1,1,0.99961144,True,1.0,paraphrased,Tuyển dụng giả,1.0,0.998066574,0.0019334260000000159,0.09999999999999998
ViSmish_04733,1,1,0.999622,True,1.0,paraphrased,BHXH / Trợ cấp giả,1.0,0.99809256,0.0019074399999999825,0.09999999999999998
ViSmish_04734,0,0,0.9993832,True,1.0,external_curated,P2P hard negative,1.0,0.0024239606999999995,0.9975760393,0.09999999999999998
ViSmish_04735,0,0,0.9994006,True,1.0,external_real,P2P hội thoại thông thường,1.0,0.0023904879999999996,0.997609512,0.09999999999999998
ViSmish_04737,1,1,0.99960774,True,1.0,paraphrased,Dịch vụ công giả,1.0,0.998057485,0.001942514999999978,0.09999999999999998
ViSmish_04741,1,1,0.9995326,True,1.0,synthetic_hard_negative,Khác,1.0,0.99788321,0.0021167899999999795,0.09999999999999998
ViSmish_04742,1,1,0.99950075,True,1.0,paraphrased,Cờ bạc / Betting,1.0,0.99781401,0.002185989999999971,0.09999999999999998
ViSmish_04745,1,1,0.9995964,True,1.0,paraphrased,Crypto / Đầu tư giả,1.0,0.99803019,0.0019698099999999608,0.09999999999999998
ViSmish_04746,1,1,0.99961805,True,1.0,paraphrased,Dịch vụ công giả,1.0,0.99808282,0.0019171799999999628,0.09999999999999998
ViSmish_04747,1,1,0.9996244,True,1.0,paraphrased,Tuyển dụng giả,1.0,0.998098505,0.0019014950000000308,0.09999999999999998
ViSmish_04749,0,0,0.99945515,True,1.0,synthetic,Dịch vụ y tế,1.0,0.0022816441999999994,0.9977183558,0.09999999999999998
ViSmish_04751,0,0,0.9993643,True,1.0,real,Viễn thông,1.0,0.0024601164999999998,0.9975398835,0.09999999999999998
ViSmish_04752,0,0,0.99947125,True,1.0,external_curated,P2P hard negative,1.0,0.0022484931999999995,0.9977515068,0.09999999999999998
ViSmish_04753,1,1,0.99925584,True,1.0,real,Giả mạo ngân hàng,1.0,0.99734354,0.0026564599999999716,0.09999999999999998
ViSmish_04754,1,1,0.9995327,True,1.0,synthetic_hard_negative,Tuyển dụng giả,1.0,0.99788359,0.0021164099999999575,0.09999999999999998
ViSmish_04755,0,0,0.99936527,True,1.0,real,Viễn thông,1.0,0.0024583590999999994,0.9975416409,0.09999999999999998
ViSmish_04756,1,1,0.99958986,True,1.0,paraphrased,Crypto / Đầu tư giả,1.0,0.99801467,0.0019853300000000074,0.09999999999999998
ViSmish_04757,1,1,0.99959534,True,1.0,paraphrased,Crypto / Đầu tư giả,1.0,0.99802761,0.001972390000000046,0.09999999999999998
ViSmish_04758,1,1,0.99780387,True,1.0,paraphrased,Cờ bạc / Betting,1.0,0.995518833,0.004481167000000008,0.09999999999999998
ViSmish_04759,0,0,0.9994667,True,1.0,synthetic,Ngân hàng thật,1.0,0.0022578928999999995,0.9977421071,0.09999999999999998
ViSmish_04760,1,1,0.9996271,True,1.0,paraphrased,BHXH / Trợ cấp giả,1.0,0.99810528,0.0018947200000000164,0.09999999999999998
ViSmish_04761,0,0,0.997959,True,1.0,synthetic,Dịch vụ công thật,1.0,0.004326676599999999,0.9956733234,0.09999999999999998
ViSmish_04764,1,1,0.9996195,True,1.0,paraphrased,Nội dung nhạy cảm,1.0,0.99808623,0.0019137700000000368,0.09999999999999998
ViSmish_04765,0,0,0.99867743,True,1.0,external_curated,P2P hard negative,1.0,0.0035113825999999993,0.9964886174,0.09999999999999998
ViSmish_04766,0,0,0.99936,True,1.0,real,Viễn thông,1.0,0.0024682069999999996,0.997531793,0.09999999999999998
ViSmish_04770,1,1,0.99962914,True,1.0,paraphrased,Tuyển dụng giả,1.0,0.9981104,0.0018896000000000468,0.09999999999999998
ViSmish_04772,0,0,0.9994814,True,1.0,real,Viễn thông,1.0,0.0022271586999999993,0.9977728413,0.09999999999999998
ViSmish_04773,0,0,0.99936694,True,1.0,external_real,P2P hội thoại thông thường,1.0,0.0024550843999999994,0.9975449156,0.09999999999999998
ViSmish_04775,1,1,0.99958056,True,1.0,paraphrased,Nội dung nhạy cảm,1.0,0.997992694,0.0020073059999999865,0.09999999999999998
ViSmish_04777,1,1,0.9996202,True,1.0,paraphrased,Đòi nợ / Đe dọa,1.0,0.998087984,0.0019120160000000164,0.09999999999999998
ViSmish_04778,1,1,0.99962306,True,1.0,paraphrased,BHXH / Trợ cấp giả,1.0,0.99809523,0.00190477,0.09999999999999998
ViSmish_04779,0,0,0.9994087,True,1.0,external_real,P2P hội thoại thông thường,1.0,0.0023745577999999996,0.9976254422,0.09999999999999998
ViSmish_04780,0,0,0.99932027,True,1.0,real,Khác,1.0,0.0025417526999999994,0.9974582473,0.09999999999999998
ViSmish_04781,1,1,0.99960285,True,1.0,paraphrased,Crypto / Đầu tư giả,1.0,0.99804565,0.0019543499999999936,0.09999999999999998
ViSmish_04782,1,1,0.9994867,True,1.0,paraphrased,BHXH / Trợ cấp giả,1.0,0.99778407,0.002215929999999977,0.09999999999999998
ViSmish_04783,0,0,0.99941516,True,1.0,real,Viễn thông,1.0,0.0023618651999999995,0.9976381348,0.09999999999999998
ViSmish_04784,1,1,0.99960834,True,1.0,paraphrased,Tuyển dụng giả,1.0,0.998059064,0.0019409360000000042,0.09999999999999998
ViSmish_04785,0,0,0.99948263,True,1.0,synthetic,Thương mại điện tử,1.0,0.0022244844999999994,0.9977755155,0.09999999999999998
ViSmish_04786,1,1,0.9996278,True,1.0,paraphrased,Dịch vụ công giả,1.0,0.99810714,0.0018928599999999962,0.09999999999999998
ViSmish_04787,0,0,0.99947613,True,1.0,synthetic,Vận chuyển,1.0,0.0022381115999999994,0.9977618884,0.09999999999999998
ViSmish_04790,1,1,0.9994885,True,1.0,synthetic_hard_negative,Giả mạo ngân hàng,1.0,0.9977876960000001,0.0022123039999999428,0.09999999999999998
ViSmish_04791,0,0,0.99942386,True,1.0,synthetic,Tin nhắn cá nhân và OTP,1.0,0.0023448176999999997,0.9976551823,0.09999999999999998
ViSmish_04793,1,1,0.9996238,True,1.0,paraphrased,BHXH / Trợ cấp giả,1.0,0.99809703,0.0019029699999999483,0.09999999999999998
ViSmish_04794,0,0,0.9994093,True,1.0,synthetic,Viễn thông,1.0,0.0023734049999999994,0.997626595,0.09999999999999998
ViSmish_04795,1,1,0.9995832,True,1.0,paraphrased,Cờ bạc / Betting,1.0,0.99799891,0.0020010900000000387,0.09999999999999998
ViSmish_04796,0,0,0.9992719,True,1.0,external_real,P2P hội thoại thông thường,1.0,0.0026283835999999995,0.9973716164,0.09999999999999998
ViSmish_04797,1,1,0.99911386,True,1.0,real,Giả mạo ngân hàng,1.0,0.99710797,0.0028920300000000454,0.09999999999999998
ViSmish_04798,1,1,0.99962234,True,1.0,paraphrased,Đòi nợ / Đe dọa,1.0,0.99809343,0.0019065700000000518,0.09999999999999998
ViSmish_04799,1,1,0.9996271,True,1.0,paraphrased,Dịch vụ công giả,1.0,0.998105156,0.0018948439999999511,0.09999999999999998
ViSmish_04801,1,1,0.9995894,True,1.0,paraphrased,Nội dung nhạy cảm,1.0,0.998013556,0.0019864440000000316,0.09999999999999998
ViSmish_04803,1,1,0.99962676,True,1.0,paraphrased,Cờ bạc / Betting,1.0,0.99810425,0.0018957499999999738,0.09999999999999998
ViSmish_04805,1,1,0.9996055,True,1.0,paraphrased,Nội dung nhạy cảm,1.0,0.998051894,0.0019481059999999495,0.09999999999999998
ViSmish_04806,1,1,0.99951005,True,1.0,paraphrased,Cờ bạc / Betting,1.0,0.99783382,0.0021661800000000175,0.09999999999999998
ViSmish_04809,1,1,0.9996153,True,1.0,paraphrased,Cờ bạc / Betting,1.0,0.998076,0.0019240000000000368,0.09999999999999998
ViSmish_04810,1,1,0.9996094,True,1.0,paraphrased,BHXH / Trợ cấp giả,1.0,0.998061544,0.0019384559999999773,0.09999999999999998
ViSmish_04811,0,0,0.9993862,True,1.0,synthetic,Dịch vụ công thật,1.0,0.0024183478,0.9975816522,0.09999999999999998
ViSmish_04814,1,1,0.9995946,True,1.0,paraphrased,Cờ bạc / Betting,1.0,0.99802603,0.0019739699999999916,0.09999999999999998
ViSmish_04815,0,0,0.99948186,True,1.0,synthetic,Dịch vụ y tế,1.0,0.0022261576999999997,0.9977738423,0.09999999999999998
ViSmish_04816,0,0,0.9994099,True,1.0,external_real,P2P hội thoại thông thường,1.0,0.0023723260999999993,0.9976276739,0.09999999999999998
ViSmish_04817,1,1,0.9994368,True,1.0,synthetic_hard_negative,Dịch vụ công giả,1.0,0.9976811800000001,0.0023188199999999437,0.09999999999999998
ViSmish_04818,0,0,0.99941504,True,1.0,synthetic,Ngân hàng thật,1.0,0.002362225399999999,0.9976377746,0.09999999999999998
ViSmish_04820,1,1,0.99934953,True,1.0,paraphrased,Dịch vụ công giả,1.0,0.99751218,0.0024878200000000295,0.09999999999999998
ViSmish_04822,1,1,0.99961674,True,1.0,paraphrased,Đòi nợ / Đe dọa,1.0,0.99807962,0.0019203800000000548,0.09999999999999998
ViSmish_04825,1,1,0.99927765,True,1.0,synthetic_hard_negative,Khác,1.0,0.99738184,0.002618160000000036,0.09999999999999998
ViSmish_04826,0,0,0.9994825,True,1.0,synthetic,Vận chuyển,1.0,0.0022246144999999995,0.9977753855,0.09999999999999998
ViSmish_04829,1,1,0.99961996,True,1.0,paraphrased,Giả mạo ngân hàng,1.0,0.9980874,0.001912600000000042,0.09999999999999998
ViSmish_04830,1,1,0.9996018,True,1.0,paraphrased,Crypto / Đầu tư giả,1.0,0.998043025,0.0019569750000000274,0.09999999999999998
ViSmish_04831,0,0,0.999493,True,1.0,real,Viễn thông,1.0,0.0022025238999999995,0.9977974761,0.09999999999999998
ViSmish_04833,1,1,0.9995333,True,1.0,paraphrased,Crypto / Đầu tư giả,1.0,0.997884935,0.002115065000000027,0.09999999999999998
ViSmish_04834,1,1,0.9996184,True,1.0,paraphrased,Đòi nợ / Đe dọa,1.0,0.998083615,0.0019163850000000204,0.09999999999999998
ViSmish_04835,1,1,0.9996216,True,1.0,paraphrased,Dịch vụ công giả,1.0,0.99809154,0.0019084600000000007,0.09999999999999998
ViSmish_04837,1,1,0.9995982,True,1.0,paraphrased,Đòi nợ / Đe dọa,1.0,0.99803443,0.001965569999999972,0.09999999999999998
ViSmish_04840,1,1,0.9994997,True,1.0,paraphrased,Đòi nợ / Đe dọa,1.0,0.997811687,0.0021883129999999973,0.09999999999999998
ViSmish_04841,1,1,0.99960726,True,1.0,paraphrased,Crypto / Đầu tư giả,1.0,0.99805623,0.0019437700000000113,0.09999999999999998
ViSmish_04842,0,0,0.9993624,True,1.0,real,Viễn thông,1.0,0.0024637147999999995,0.9975362852,0.09999999999999998
ViSmish_04843,1,1,0.99962234,True,1.0,paraphrased,BHXH / Trợ cấp giả,1.0,0.998093516,0.0019064840000000416,0.09999999999999998
ViSmish_04845,0,0,0.9994398,True,1.0,real,Viễn thông,1.0,0.0023128736999999994,0.9976871263,0.09999999999999998
ViSmish_04846,0,0,0.99944216,True,1.0,real,Tin nhắn cá nhân và OTP,1.0,0.0023079096999999993,0.9976920903,0.09999999999999998
ViSmish_04849,0,0,0.9993693,True,1.0,external_curated,P2P hard negative,1.0,0.0024505556999999995,0.9975494443,0.09999999999999998
ViSmish_04850,0,0,0.99945444,True,1.0,real,Khác,1.0,0.0022829746999999995,0.9977170253,0.09999999999999998
ViSmish_04851,0,0,0.9994155,True,1.0,real,Viễn thông,1.0,0.0023611379999999996,0.997638862,0.09999999999999998
ViSmish_04852,1,1,0.9995722,True,1.0,paraphrased,Cờ bạc / Betting,1.0,0.997973067,0.0020269330000000085,0.09999999999999998
ViSmish_04853,0,0,0.9994838,True,1.0,synthetic,Vận chuyển,1.0,0.0022221037999999994,0.9977778962,0.09999999999999998
ViSmish_04854,0,0,0.9994937,True,1.0,real,Tin nhắn cá nhân và OTP,1.0,0.0022011776999999993,0.9977988223,0.09999999999999998
ViSmish_04855,1,1,0.9996251,True,1.0,paraphrased,Cờ bạc / Betting,1.0,0.99810021,0.0018997899999999568,0.09999999999999998
ViSmish_04856,0,0,0.99948585,True,1.0,synthetic,Dịch vụ công thật,1.0,0.0022176106999999994,0.9977823893,0.09999999999999998
ViSmish_04857,0,0,0.9992403,True,1.0,synthetic,Viễn thông,1.0,0.002683460199999999,0.9973165398,0.09999999999999998
ViSmish_04858,1,1,0.999595,True,1.0,paraphrased,Tuyển dụng giả,1.0,0.998026824,0.001973176000000021,0.09999999999999998
ViSmish_04860,0,0,0.99946135,True,1.0,real,Khác,1.0,0.0022687782999999996,0.9977312217,0.09999999999999998
ViSmish_04861,0,0,0.99935704,True,1.0,real,Viễn thông,1.0,0.0024737232999999994,0.9975262767,0.09999999999999998
ViSmish_04862,1,1,0.99960047,True,1.0,paraphrased,Nội dung nhạy cảm,1.0,0.998039895,0.0019601049999999898,0.09999999999999998
ViSmish_04863,0,0,0.99918824,True,1.0,synthetic,Quảng cáo hợp lệ,1.0,0.0027712849999999996,0.997228715,0.09999999999999998
ViSmish_04866,0,0,0.99945873,True,1.0,synthetic,Ngân hàng thật,1.0,0.0022741144999999996,0.9977258855,0.09999999999999998
ViSmish_04867,0,0,0.99946994,True,1.0,external_curated,P2P hard negative,1.0,0.0022510980999999996,0.9977489019,0.09999999999999998
ViSmish_04868,1,1,0.9995437,True,1.0,paraphrased,Đòi nợ / Đe dọa,1.0,0.99790811,0.002091889999999985,0.09999999999999998
ViSmish_04869,1,1,0.9995338,True,1.0,synthetic_hard_negative,Tuyển dụng giả,1.0,0.99788599,0.0021140099999999995,0.09999999999999998
ViSmish_04870,1,1,0.99959713,True,1.0,paraphrased,BHXH / Trợ cấp giả,1.0,0.99803192,0.0019680800000000387,0.09999999999999998
ViSmish_04872,1,1,0.9995766,True,1.0,paraphrased,Crypto / Đầu tư giả,1.0,0.99798335,0.002016649999999953,0.09999999999999998
ViSmish_04873,0,0,0.9993486,True,1.0,synthetic,Ngân hàng thật,1.0,0.0024896073999999997,0.9975103926,0.09999999999999998
ViSmish_04874,1,1,0.99960154,True,1.0,paraphrased,Tuyển dụng giả,1.0,0.99804253,0.0019574700000000167,0.09999999999999998
ViSmish_04875,0,0,0.9994831,True,1.0,real,Tin nhắn cá nhân và OTP,1.0,0.0022234999999999998,0.9977765,0.09999999999999998
ViSmish_04876,1,1,0.99961483,True,1.0,paraphrased,Cờ bạc / Betting,1.0,0.998074967,0.0019250330000000204,0.09999999999999998
ViSmish_04877,0,0,0.9994646,True,1.0,real,Ngân hàng thật,1.0,0.0022621903999999996,0.9977378096,0.09999999999999998
ViSmish_04879,0,0,0.9993806,True,1.0,synthetic,Ngân hàng thật,1.0,0.0024291201999999995,0.9975708798,0.09999999999999998
ViSmish_04881,1,1,0.9996203,True,1.0,paraphrased,Nội dung nhạy cảm,1.0,0.99808828,0.0019117199999999501,0.09999999999999998
ViSmish_04882,0,0,0.9991949,True,1.0,real,Khác,1.0,0.0027601019999999995,0.997239898,0.09999999999999998
ViSmish_04883,0,0,0.9993692,True,1.0,synthetic,Quảng cáo hợp lệ,1.0,0.0024509069999999996,0.997549093,0.09999999999999998
ViSmish_04884,1,1,0.9996145,True,1.0,paraphrased,BHXH / Trợ cấp giả,1.0,0.998073983,0.0019260169999999466,0.09999999999999998
ViSmish_04885,1,1,0.9996094,True,1.0,paraphrased,BHXH / Trợ cấp giả,1.0,0.99806143,0.0019385699999999728,0.09999999999999998
ViSmish_04888,0,0,0.9993998,True,1.0,external_real,P2P hội thoại thông thường,1.0,0.0023921217999999995,0.9976078782,0.09999999999999998
ViSmish_04890,1,1,0.99963117,True,1.0,paraphrased,Giả mạo ngân hàng,1.0,0.99811528,0.0018847199999999509,0.09999999999999998
ViSmish_04891,0,0,0.99938774,True,1.0,real,Viễn thông,1.0,0.0024153736999999995,0.9975846263,0.09999999999999998
ViSmish_04893,0,0,0.9992667,True,1.0,real,Khác,1.0,0.0026374479999999993,0.997362552,0.09999999999999998
ViSmish_04894,1,1,0.9996265,True,1.0,paraphrased,BHXH / Trợ cấp giả,1.0,0.99810377,0.0018962300000000543,0.09999999999999998
ViSmish_04895,0,0,0.99918026,True,1.0,external_real,P2P hội thoại thông thường,1.0,0.0027844389999999992,0.997215561,0.09999999999999998
ViSmish_04897,0,0,0.9994481,True,1.0,external_real,P2P hội thoại thông thường,1.0,0.0022959051999999996,0.9977040948,0.09999999999999998
ViSmish_04898,1,1,0.999616,True,1.0,paraphrased,Cờ bạc / Betting,1.0,0.99807798,0.0019220199999999688,0.09999999999999998
ViSmish_04901,0,0,0.9994654,True,1.0,external_curated,P2P hard negative,1.0,0.0022605092999999996,0.9977394907,0.09999999999999998
ViSmish_04902,1,1,0.99962044,True,1.0,paraphrased,Nội dung nhạy cảm,1.0,0.99808878,0.0019112199999999913,0.09999999999999998
ViSmish_04903,1,1,0.9995995,True,1.0,real,Tuyển dụng giả,1.0,0.9980376,0.001962400000000031,0.09999999999999998
ViSmish_04904,1,1,0.9996269,True,1.0,paraphrased,Đòi nợ / Đe dọa,1.0,0.99810472,0.0018952800000000547,0.09999999999999998
ViSmish_04905,1,1,0.99948114,True,1.0,paraphrased,BHXH / Trợ cấp giả,1.0,0.997772264,0.0022277360000000357,0.09999999999999998
ViSmish_04906,0,0,0.99936575,True,1.0,real,Viễn thông,1.0,0.0024572559999999997,0.997542744,0.09999999999999998
ViSmish_04907,0,0,0.9994295,True,1.0,real,Dịch vụ công thật,1.0,0.0023333716999999997,0.9976666283,0.09999999999999998
ViSmish_04909,0,0,0.99948525,True,1.0,synthetic,Tin nhắn cá nhân và OTP,1.0,0.0022190713999999997,0.9977809286,0.09999999999999998
ViSmish_04910,0,0,0.9994797,True,1.0,real,Viễn thông,1.0,0.0022307807999999993,0.9977692192,0.09999999999999998
ViSmish_04911,0,0,0.9994879,True,1.0,synthetic,Thương mại điện tử,1.0,0.0022133703999999994,0.9977866296,0.09999999999999998
ViSmish_04912,1,1,0.999582,True,1.0,paraphrased,Crypto / Đầu tư giả,1.0,0.99799606,0.0020039400000000374,0.09999999999999998
ViSmish_04913,0,0,0.9994635,True,1.0,synthetic,Quảng cáo hợp lệ,1.0,0.0022644994999999994,0.9977355005,0.09999999999999998
ViSmish_04914,0,0,0.99947387,True,1.0,real,Khác,1.0,0.0022428439999999995,0.997757156,0.09999999999999998
ViSmish_04915,0,0,0.9993093,True,1.0,real,Viễn thông,1.0,0.0025617317999999992,0.9974382682,0.09999999999999998
ViSmish_04916,0,0,0.9994666,True,1.0,synthetic,Thương mại điện tử,1.0,0.0022581019999999997,0.997741898,0.09999999999999998
ViSmish_04917,1,1,0.9995851,True,1.0,paraphrased,Cờ bạc / Betting,1.0,0.998003286,0.0019967140000000105,0.09999999999999998
ViSmish_04918,1,1,0.99961853,True,1.0,paraphrased,Dịch vụ công giả,1.0,0.99808389,0.0019161100000000264,0.09999999999999998
ViSmish_04919,0,0,0.99947244,True,1.0,real,Tin nhắn cá nhân và OTP,1.0,0.0022459260999999997,0.9977540739,0.09999999999999998
ViSmish_04921,0,0,0.99936837,True,1.0,real,Viễn thông,1.0,0.0024524602999999993,0.9975475397,0.09999999999999998
ViSmish_04922,1,1,0.9996165,True,1.0,paraphrased,Tuyển dụng giả,1.0,0.998079085,0.001920915000000023,0.09999999999999998
ViSmish_04924,0,0,0.9994863,True,1.0,real,Tin nhắn cá nhân và OTP,1.0,0.0022166162999999995,0.9977833837,0.09999999999999998
ViSmish_04925,1,1,0.99961936,True,1.0,paraphrased,Cờ bạc / Betting,1.0,0.99808594,0.0019140600000000507,0.09999999999999998
ViSmish_04926,0,0,0.99948275,True,1.0,real,Tin nhắn cá nhân và OTP,1.0,0.0022243571999999994,0.9977756428,0.09999999999999998
ViSmish_04927,0,0,0.99946886,True,1.0,real,Khác,1.0,0.0022532211999999993,0.9977467788,0.09999999999999998
ViSmish_04929,1,1,0.9996271,True,1.0,paraphrased,Tuyển dụng giả,1.0,0.998105216,0.0018947839999999827,0.09999999999999998
ViSmish_04931,1,1,0.9996208,True,1.0,paraphrased,Cờ bạc / Betting,1.0,0.998089635,0.0019103649999999694,0.09999999999999998
ViSmish_04932,0,0,0.9994242,True,1.0,external_real,P2P hội thoại thông thường,1.0,0.0023441018999999993,0.9976558981,0.09999999999999998
ViSmish_04933,0,0,0.9979753,True,1.0,synthetic,Quảng cáo hợp lệ,1.0,0.004310066599999999,0.9956899334,0.09999999999999998
ViSmish_04934,0,0,0.9993518,True,1.0,external_curated,P2P hard negative,1.0,0.0024834999999999996,0.9975165,0.09999999999999998
ViSmish_04935,1,1,0.9995995,True,1.0,paraphrased,Crypto / Đầu tư giả,1.0,0.99803765,0.0019623500000000016,0.09999999999999998
ViSmish_04936,0,0,0.99933064,True,1.0,real,Viễn thông,1.0,0.0025227223999999995,0.9974772776,0.09999999999999998
ViSmish_04937,0,0,0.9994848,True,1.0,real,Ngân hàng thật,1.0,0.0022199095999999997,0.9977800904,0.09999999999999998
ViSmish_04939,0,0,0.99387485,True,1.0,real,Ngân hàng thật,1.0,0.007278952999999999,0.992721047,0.09999999999999998
ViSmish_04940,1,0,0.96722835,False,0.3,real,Dịch vụ công giả,0.0,1.0,0.0,0.0
ViSmish_04941,1,1,0.99954575,True,1.0,paraphrased,Tuyển dụng giả,1.0,0.99791277,0.0020872299999999955,0.09999999999999998
ViSmish_04944,0,0,0.99936825,True,1.0,external_curated,P2P hard negative,1.0,0.0024526852999999997,0.9975473147,0.09999999999999998
ViSmish_04945,1,1,0.9995915,True,1.0,paraphrased,BHXH / Trợ cấp giả,1.0,0.99801854,0.0019814599999999905,0.09999999999999998
ViSmish_04946,0,0,0.9994804,True,1.0,synthetic,Thương mại điện tử,1.0,0.002229312799999999,0.9977706872,0.09999999999999998
ViSmish_04947,0,0,0.9994854,True,1.0,synthetic,Vận chuyển,1.0,0.0022186306999999995,0.9977813693,0.09999999999999998
ViSmish_04948,0,0,0.9994791,True,1.0,real,Khác,1.0,0.0022320404999999995,0.9977679595,0.09999999999999998
ViSmish_04949,1,1,0.9994924,True,1.0,synthetic_hard_negative,Khác,1.0,0.997796065,0.0022039350000000457,0.09999999999999998
ViSmish_04950,1,1,0.99962354,True,1.0,paraphrased,Dịch vụ công giả,1.0,0.99809636,0.0019036399999999842,0.09999999999999998
ViSmish_04951,0,0,0.9993199,True,1.0,external_curated,P2P hard negative,1.0,0.0025423673999999995,0.9974576326,0.09999999999999998
ViSmish_04952,0,0,0.99946815,True,1.0,synthetic,Dịch vụ y tế,1.0,0.0022547255999999997,0.9977452744,0.09999999999999998
ViSmish_04953,0,0,0.99919325,True,1.0,external_real,P2P hội thoại thông thường,1.0,0.002763014499999999,0.9972369855,0.09999999999999998
ViSmish_04954,1,1,0.99960595,True,1.0,paraphrased,BHXH / Trợ cấp giả,1.0,0.99805321,0.001946789999999976,0.09999999999999998
ViSmish_04957,0,0,0.999413,True,1.0,external_real,P2P hội thoại thông thường,1.0,0.0023661784999999998,0.9976338215,0.09999999999999998
ViSmish_04958,1,1,0.9995561,True,1.0,paraphrased,Đòi nợ / Đe dọa,1.0,0.997936237,0.0020637629999999962,0.09999999999999998
ViSmish_04959,0,0,0.99946886,True,1.0,external_curated,P2P hard negative,1.0,0.0022533079999999994,0.997746692,0.09999999999999998
ViSmish_04961,0,0,0.9992816,True,1.0,real,Tin nhắn cá nhân và OTP,1.0,0.0026112365999999996,0.9973887634,0.09999999999999998
ViSmish_04962,0,0,0.99940324,True,1.0,real,Viễn thông,1.0,0.0023852942999999997,0.9976147057,0.09999999999999998
ViSmish_04963,0,0,0.9993974,True,1.0,synthetic,Ngân hàng thật,1.0,0.0023965937999999992,0.9976034062,0.09999999999999998
ViSmish_04966,1,1,0.9995653,True,1.0,paraphrased,Cờ bạc / Betting,1.0,0.99795721,0.002042789999999961,0.09999999999999998
ViSmish_04967,1,1,0.9994198,True,1.0,synthetic_hard_negative,Khác,1.0,0.99764712,0.0023528800000000016,0.09999999999999998
ViSmish_04968,1,1,0.9996201,True,1.0,paraphrased,Cờ bạc / Betting,1.0,0.99808787,0.0019121300000000119,0.09999999999999998
ViSmish_04969,0,0,0.9991893,True,1.0,real,Khác,1.0,0.0027696113999999997,0.9972303886,0.09999999999999998
ViSmish_04971,0,0,0.9994771,True,1.0,synthetic,Vận chuyển,1.0,0.0022361214999999995,0.9977638785,0.09999999999999998
ViSmish_04972,0,0,0.99933463,True,1.0,external_real,P2P hội thoại thông thường,1.0,0.0025154615,0.9974845385,0.09999999999999998
ViSmish_04973,0,0,0.9993782,True,1.0,real,Viễn thông,1.0,0.0024336266999999997,0.9975663733,0.09999999999999998
ViSmish_04974,0,0,0.99942625,True,1.0,synthetic,Dịch vụ công thật,1.0,0.0023399099999999993,0.99766009,0.09999999999999998
ViSmish_04975,0,0,0.99949145,True,1.0,synthetic,Quảng cáo hợp lệ,1.0,0.002205833399999999,0.9977941666,0.09999999999999998
ViSmish_04976,1,1,0.99959284,True,1.0,paraphrased,Dịch vụ công giả,1.0,0.99802157,0.0019784299999999755,0.09999999999999998
ViSmish_04977,0,0,0.99919444,True,1.0,synthetic,Quảng cáo hợp lệ,1.0,0.0027610539999999993,0.997238946,0.09999999999999998
ViSmish_04978,1,1,0.99961215,True,1.0,paraphrased,Crypto / Đầu tư giả,1.0,0.9980682,0.001931800000000039,0.09999999999999998
ViSmish_04980,1,1,0.9995982,True,1.0,paraphrased,Giả mạo ngân hàng,1.0,0.998034406,0.0019655939999999594,0.09999999999999998
ViSmish_04982,1,1,0.99960595,True,1.0,paraphrased,Cờ bạc / Betting,1.0,0.9980532,0.0019468000000000263,0.09999999999999998
ViSmish_04983,0,0,0.9994137,True,1.0,synthetic,Tin nhắn cá nhân và OTP,1.0,0.0023648194999999995,0.9976351805,0.09999999999999998
ViSmish_04984,0,0,0.999419,True,1.0,synthetic,Ngân hàng thật,1.0,0.0023544983999999997,0.9976455016,0.09999999999999998
ViSmish_04985,0,0,0.99894255,True,1.0,external_curated,P2P hard negative,1.0,0.003151089299999999,0.9968489107,0.09999999999999998
ViSmish_04988,1,1,0.9995746,True,1.0,paraphrased,Nội dung nhạy cảm,1.0,0.99797871,0.0020212899999999534,0.09999999999999998
ViSmish_04989,0,0,0.9994923,True,1.0,synthetic,Vận chuyển,1.0,0.0022040787999999993,0.9977959212,0.09999999999999998
ViSmish_04991,1,1,0.9996263,True,1.0,paraphrased,BHXH / Trợ cấp giả,1.0,0.998103034,0.001896966,0.09999999999999998
ViSmish_04993,1,1,0.9995776,True,1.0,synthetic_hard_negative,Đòi nợ / Đe dọa,1.0,0.99798568,0.002014320000000014,0.09999999999999998
ViSmish_04994,1,1,0.99939084,True,1.0,real,Tuyển dụng giả,1.0,0.9975905899999999,0.0024094100000000562,0.09999999999999998
ViSmish_04995,1,1,0.74788713,True,0.7,real,Giả mạo ngân hàng,0.7,0.9742868909,0.02571310910000002,0.06999999999999998
ViSmish_04997,0,0,0.99940014,True,1.0,synthetic,Dịch vụ công thật,1.0,0.0023914193999999994,0.9976085806,0.09999999999999998
ViSmish_04998,0,0,0.9993293,True,1.0,external_curated,P2P hard negative,1.0,0.0025253174999999993,0.9974746825,0.09999999999999998
ViSmish_04999,1,1,0.99962616,True,1.0,paraphrased,Giả mạo ngân hàng,1.0,0.99810285,0.001897150000000014,0.09999999999999998
ViSmish_05000,0,0,0.9994849,True,1.0,synthetic,Thương mại điện tử,1.0,0.0022197562999999995,0.9977802437,0.09999999999999998
ViSmish_05002,0,0,0.99877495,True,1.0,external_real,P2P hội thoại thông thường,1.0,0.003383672199999999,0.9966163278,0.09999999999999998
ViSmish_05005,1,1,0.9996284,True,1.0,paraphrased,Tuyển dụng giả,1.0,0.998108655,0.0018913449999999887,0.09999999999999998
ViSmish_05007,1,1,0.9996019,True,1.0,paraphrased,Crypto / Đầu tư giả,1.0,0.99804331,0.001956689999999983,0.09999999999999998
ViSmish_05008,0,0,0.9994746,True,1.0,synthetic,Tin nhắn cá nhân và OTP,1.0,0.0022414320999999994,0.9977585679,0.09999999999999998
ViSmish_05009,1,1,0.99960285,True,1.0,paraphrased,BHXH / Trợ cấp giả,1.0,0.99804552,0.0019544799999999807,0.09999999999999998
ViSmish_05010,0,0,0.9994267,True,1.0,real,Quảng cáo hợp lệ,1.0,0.0023389435999999993,0.9976610564,0.09999999999999998
ViSmish_05011,1,1,0.9996081,True,1.0,paraphrased,Crypto / Đầu tư giả,1.0,0.9980583199999999,0.0019416800000000567,0.09999999999999998
ViSmish_05012,1,1,0.99953485,True,1.0,synthetic_hard_negative,Khác,1.0,0.997888124,0.002111875999999957,0.09999999999999998
ViSmish_05013,1,1,0.99961334,True,1.0,paraphrased,BHXH / Trợ cấp giả,1.0,0.998071116,0.0019288840000000196,0.09999999999999998
ViSmish_05014,1,1,0.9995994,True,1.0,paraphrased,Nội dung nhạy cảm,1.0,0.9980374,0.0019626000000000365,0.09999999999999998
ViSmish_05015,0,0,0.99922955,True,1.0,real,Dịch vụ công thật,1.0,0.0027018486999999996,0.9972981513,0.09999999999999998
ViSmish_05016,0,0,0.9994832,True,1.0,synthetic,Dịch vụ công thật,1.0,0.002223223599999999,0.9977767764,0.09999999999999998
ViSmish_05017,0,0,0.99943024,True,1.0,real,Viễn thông,1.0,0.0023319936999999995,0.9976680063,0.09999999999999998
ViSmish_05019,1,1,0.99948126,True,1.0,paraphrased,Đòi nợ / Đe dọa,1.0,0.99777247,0.0022275299999999776,0.09999999999999998
ViSmish_05020,0,0,0.9994622,True,1.0,synthetic,Tin nhắn cá nhân và OTP,1.0,0.0022672332999999992,0.9977327667,0.09999999999999998
ViSmish_05021,0,0,0.9994642,True,1.0,synthetic,Tin nhắn cá nhân và OTP,1.0,0.0022630729999999996,0.997736927,0.09999999999999998
ViSmish_05024,0,0,0.99948394,True,1.0,synthetic,Ngân hàng thật,1.0,0.0022217163999999996,0.9977782836,0.09999999999999998
ViSmish_05025,0,0,0.9993766,True,1.0,real,Viễn thông,1.0,0.0024368408999999995,0.9975631591,0.09999999999999998
ViSmish_05026,1,1,0.9995291,True,1.0,synthetic_hard_negative,Đòi nợ / Đe dọa,1.0,0.9978755500000001,0.0021244499999999444,0.09999999999999998
ViSmish_05027,0,0,0.9993206,True,1.0,real,Viễn thông,1.0,0.0025411491999999996,0.9974588508,0.09999999999999998
ViSmish_05028,0,0,0.99932885,True,1.0,external_real,P2P hội thoại thông thường,1.0,0.0025260139999999996,0.997473986,0.09999999999999998
ViSmish_05029,0,0,0.999483,True,1.0,synthetic,Viễn thông,1.0,0.0022236665999999993,0.9977763334,0.09999999999999998
ViSmish_05030,0,0,0.99947864,True,1.0,synthetic,Vận chuyển,1.0,0.0022328918999999993,0.9977671081,0.09999999999999998
ViSmish_05032,0,0,0.9991732,True,1.0,real,Khác,1.0,0.0027960931999999996,0.9972039068,0.09999999999999998
ViSmish_05034,1,1,0.999627,True,1.0,paraphrased,BHXH / Trợ cấp giả,1.0,0.99810488,0.001895120000000028,0.09999999999999998
ViSmish_05037,1,1,0.99962056,True,1.0,paraphrased,Cờ bạc / Betting,1.0,0.99808904,0.001910960000000017,0.09999999999999998
ViSmish_05038,1,1,0.9996246,True,1.0,paraphrased,Đòi nợ / Đe dọa,1.0,0.998098916,0.0019010839999999973,0.09999999999999998
ViSmish_05039,0,0,0.9994943,True,1.0,real,Tin nhắn cá nhân và OTP,1.0,0.0021997827999999994,0.9978002172,0.09999999999999998
ViSmish_05040,0,0,0.9963091,True,1.0,external_real,P2P hội thoại thông thường,1.0,0.005737266299999998,0.9942627337,0.09999999999999998
ViSmish_05041,1,1,0.9996252,True,1.0,paraphrased,Tuyển dụng giả,1.0,0.99810044,0.0018995600000000223,0.09999999999999998
ViSmish_05042,1,1,0.99953663,True,1.0,paraphrased,Đòi nợ / Đe dọa,1.0,0.99789211,0.002107890000000001,0.09999999999999998
ViSmish_05043,0,0,0.9993973,True,1.0,external_curated,P2P hard negative,1.0,0.0023969225999999995,0.9976030774,0.09999999999999998
ViSmish_05044,1,1,0.9995178,True,1.0,synthetic_hard_negative,Giả mạo ngân hàng,1.0,0.99785084,0.0021491599999999833,0.09999999999999998
ViSmish_05045,0,0,0.9994373,True,1.0,synthetic,Quảng cáo hợp lệ,1.0,0.0023177233999999995,0.9976822766,0.09999999999999998
ViSmish_05047,0,0,0.99943334,True,1.0,synthetic,Ngân hàng thật,1.0,0.0023257443999999995,0.9976742556,0.09999999999999998
ViSmish_05048,0,0,0.9890515,True,1.0,real,Khác,1.0,0.009519642599999998,0.9904803574,0.09999999999999998
ViSmish_05051,0,0,0.99942243,True,1.0,synthetic,Tin nhắn cá nhân và OTP,1.0,0.0023475387999999995,0.9976524612,0.09999999999999998
ViSmish_05052,1,1,0.9995503,True,1.0,paraphrased,Nội dung nhạy cảm,1.0,0.99792306,0.002076940000000027,0.09999999999999998
ViSmish_05059,0,0,0.99931383,True,1.0,real,Viễn thông,1.0,0.0025533727999999993,0.9974466272,0.09999999999999998
ViSmish_05060,1,1,0.99962616,True,1.0,paraphrased,BHXH / Trợ cấp giả,1.0,0.99810277,0.001897229999999972,0.09999999999999998
ViSmish_05062,1,1,0.99948525,True,1.0,synthetic_hard_negative,Khác,1.0,0.997781074,0.0022189259999999544,0.09999999999999998
ViSmish_05063,0,0,0.9994541,True,1.0,synthetic,Thương mại điện tử,1.0,0.0022837159999999994,0.997716284,0.09999999999999998
ViSmish_05064,1,1,0.999597,True,1.0,paraphrased,Crypto / Đầu tư giả,1.0,0.9980316,0.0019683999999999813,0.09999999999999998
ViSmish_05065,0,0,0.9992735,True,1.0,real,Khác,1.0,0.0026255229999999994,0.997374477,0.09999999999999998
ViSmish_05066,1,1,0.99960274,True,1.0,paraphrased,Crypto / Đầu tư giả,1.0,0.998045474,0.001954526000000012,0.09999999999999998
ViSmish_05067,1,1,0.9996263,True,1.0,paraphrased,Tuyển dụng giả,1.0,0.99810331,0.0018966900000000342,0.09999999999999998
ViSmish_05070,1,1,0.99956423,True,1.0,paraphrased,Crypto / Đầu tư giả,1.0,0.997954637,0.0020453630000000222,0.09999999999999998
ViSmish_05071,1,1,0.9996137,True,1.0,paraphrased,Crypto / Đầu tư giả,1.0,0.998072046,0.0019279540000000095,0.09999999999999998
ViSmish_05073,1,1,0.99960846,True,1.0,paraphrased,Cờ bạc / Betting,1.0,0.99805933,0.0019406699999999777,0.09999999999999998
ViSmish_05075,1,1,0.9995704,True,1.0,paraphrased,Crypto / Đầu tư giả,1.0,0.99796897,0.0020310300000000447,0.09999999999999998
ViSmish_05076,0,0,0.999468,True,1.0,synthetic,Thương mại điện tử,1.0,0.0022550047999999995,0.9977449952,0.09999999999999998
ViSmish_05078,1,1,0.9996007,True,1.0,paraphrased,Cờ bạc / Betting,1.0,0.99804041,0.001959590000000011,0.09999999999999998
ViSmish_05079,1,1,0.99960333,True,1.0,real,Tuyển dụng giả,1.0,0.99804678,0.0019532199999999778,0.09999999999999998
ViSmish_05080,1,1,0.9995814,True,1.0,synthetic_hard_negative,Tuyển dụng giả,1.0,0.99799473,0.002005269999999948,0.09999999999999998
ViSmish_05081,1,1,0.9994881,True,1.0,synthetic_hard_negative,Dịch vụ công giả,1.0,0.997787184,0.0022128160000000063,0.09999999999999998
ViSmish_05082,1,1,0.9996294,True,1.0,paraphrased,BHXH / Trợ cấp giả,1.0,0.998110974,0.0018890259999999603,0.09999999999999998
ViSmish_05083,1,1,0.99959975,True,1.0,paraphrased,BHXH / Trợ cấp giả,1.0,0.998038197,0.0019618030000000397,0.09999999999999998
ViSmish_05085,0,0,0.9980134,True,1.0,real,Dịch vụ công thật,1.0,0.0042709789999999985,0.995729021,0.09999999999999998
ViSmish_05086,1,1,0.999608,True,1.0,paraphrased,Dịch vụ công giả,1.0,0.99805815,0.0019418500000000227,0.09999999999999998
ViSmish_05087,1,1,0.9996132,True,1.0,paraphrased,Nội dung nhạy cảm,1.0,0.998070705,0.001929295000000053,0.09999999999999998
ViSmish_05090,1,1,0.999564,True,1.0,paraphrased,Cờ bạc / Betting,1.0,0.99795415,0.0020458500000000157,0.09999999999999998
ViSmish_05095,0,0,0.99943715,True,1.0,real,Viễn thông,1.0,0.0023180517999999996,0.9976819482,0.09999999999999998
ViSmish_05096,1,1,0.99960274,True,1.0,paraphrased,Dịch vụ công giả,1.0,0.998045415,0.0019545850000000087,0.09999999999999998
ViSmish_05097,1,1,0.9996152,True,1.0,paraphrased,Dịch vụ công giả,1.0,0.99807582,0.001924180000000053,0.09999999999999998
ViSmish_05099,0,0,0.999337,True,1.0,real,Viễn thông,1.0,0.0025110164999999993,0.9974889835,0.09999999999999998
ViSmish_05100,0,0,0.99947554,True,1.0,synthetic,Dịch vụ y tế,1.0,0.002239495899999999,0.9977605041,0.09999999999999998
ViSmish_05101,0,0,0.99949765,True,1.0,synthetic,Thương mại điện tử,1.0,0.0021925752999999992,0.9978074247,0.09999999999999998
ViSmish_05102,1,1,0.99961674,True,1.0,paraphrased,Nội dung nhạy cảm,1.0,0.99807953,0.001920469999999952,0.09999999999999998
ViSmish_05105,0,0,0.9990978,True,1.0,real,Viễn thông,1.0,0.0029174309999999994,0.997082569,0.09999999999999998
ViSmish_05107,0,0,0.9993352,True,1.0,real,Khác,1.0,0.0025141825999999996,0.9974858174,0.09999999999999998
ViSmish_05109,1,1,0.99959844,True,1.0,paraphrased,Crypto / Đầu tư giả,1.0,0.99803514,0.001964859999999957,0.09999999999999998
ViSmish_05110,0,0,0.9989293,True,1.0,external_curated,P2P hard negative,1.0,0.003170064999999999,0.9968299350000001,0.09999999999999998
ViSmish_05111,1,1,0.9996153,True,1.0,paraphrased,Đòi nợ / Đe dọa,1.0,0.998075956,0.0019240440000000136,0.09999999999999998
ViSmish_05113,0,0,0.99942243,True,1.0,synthetic,Viễn thông,1.0,0.0023476020999999994,0.9976523979,0.09999999999999998
ViSmish_05114,1,1,0.99961406,True,1.0,paraphrased,Giả mạo ngân hàng,1.0,0.998072857,0.0019271429999999645,0.09999999999999998
ViSmish_05116,1,1,0.9995766,True,1.0,paraphrased,Nội dung nhạy cảm,1.0,0.99798355,0.0020164499999999475,0.09999999999999998
ViSmish_05117,1,1,0.9996315,True,1.0,paraphrased,BHXH / Trợ cấp giả,1.0,0.99811638,0.0018836199999999748,0.09999999999999998
ViSmish_05118,0,0,0.9992791,True,1.0,external_curated,P2P hard negative,1.0,0.0026157645999999994,0.9973842354,0.09999999999999998
ViSmish_05119,0,0,0.999408,True,1.0,real,Viễn thông,1.0,0.0023760399,0.9976239601,0.09999999999999998
ViSmish_05120,0,0,0.99892586,True,1.0,synthetic,Ngân hàng thật,1.0,0.0031750406999999994,0.9968249593,0.09999999999999998
ViSmish_05121,1,1,0.9996259,True,1.0,paraphrased,Cờ bạc / Betting,1.0,0.99810224,0.0018977599999999706,0.09999999999999998
ViSmish_05122,1,1,0.9996277,True,1.0,paraphrased,Giả mạo ngân hàng,1.0,0.99810689,0.0018931100000000312,0.09999999999999998
ViSmish_05123,1,1,0.99962413,True,1.0,paraphrased,BHXH / Trợ cấp giả,1.0,0.998097813,0.0019021869999999996,0.09999999999999998
ViSmish_05124,1,1,0.9996307,True,1.0,paraphrased,Tuyển dụng giả,1.0,0.99811413,0.0018858699999999562,0.09999999999999998
ViSmish_05126,1,1,0.9995908,True,1.0,paraphrased,Nội dung nhạy cảm,1.0,0.998016924,0.001983076000000028,0.09999999999999998
ViSmish_05127,1,1,0.9996158,True,1.0,paraphrased,Dịch vụ công giả,1.0,0.99807726,0.0019227400000000339,0.09999999999999998
ViSmish_05128,1,1,0.9996119,True,1.0,paraphrased,Tuyển dụng giả,1.0,0.99806758,0.0019324200000000458,0.09999999999999998
ViSmish_05129,0,0,0.9994673,True,1.0,synthetic,Viễn thông,1.0,0.0022565923999999997,0.9977434076,0.09999999999999998
ViSmish_05130,1,0,0.9393576,False,0.3,real,Khác,0.0,1.0,0.0,0.0
ViSmish_05131,1,1,0.999571,True,1.0,paraphrased,Cờ bạc / Betting,1.0,0.99797053,0.0020294699999999777,0.09999999999999998
ViSmish_05132,1,1,0.9996244,True,1.0,paraphrased,Nội dung nhạy cảm,1.0,0.998098385,0.0019016149999999676,0.09999999999999998
ViSmish_05134,0,0,0.9994894,True,1.0,synthetic,Ngân hàng thật,1.0,0.0022102115999999995,0.9977897884,0.09999999999999998
ViSmish_05135,1,1,0.9996176,True,1.0,paraphrased,Giả mạo ngân hàng,1.0,0.99808169,0.0019183099999999786,0.09999999999999998
ViSmish_05137,0,0,0.9995029,True,1.0,synthetic,Thương mại điện tử,1.0,0.0021814854999999997,0.9978185145,0.09999999999999998
ViSmish_05138,0,0,0.9994653,True,1.0,synthetic,Viễn thông,1.0,0.0022608503999999997,0.9977391496,0.09999999999999998
ViSmish_05139,1,1,0.9995977,True,1.0,paraphrased,Dịch vụ công giả,1.0,0.998033434,0.001966566000000003,0.09999999999999998
ViSmish_05140,1,1,0.9996126,True,1.0,paraphrased,Giả mạo ngân hàng,1.0,0.99806944,0.0019305600000000256,0.09999999999999998
ViSmish_05142,0,0,0.99943405,True,1.0,synthetic,Thương mại điện tử,1.0,0.0023241719999999993,0.997675828,0.09999999999999998
ViSmish_05145,0,0,0.999491,True,1.0,synthetic,Vận chuyển,1.0,0.0022068548999999993,0.9977931451,0.09999999999999998
ViSmish_05146,0,0,0.9994405,True,1.0,real,Viễn thông,1.0,0.0023112624999999994,0.9976887375,0.09999999999999998
ViSmish_05147,0,0,0.9993788,True,1.0,external_real,P2P hội thoại thông thường,1.0,0.0024325085999999992,0.9975674914,0.09999999999999998
ViSmish_05148,0,0,0.99915075,True,1.0,real,Dịch vụ công thật,1.0,0.0028327917999999993,0.9971672082,0.09999999999999998
ViSmish_05151,1,1,0.99963367,True,1.0,paraphrased,Dịch vụ công giả,1.0,0.99812181,0.0018781900000000018,0.09999999999999998
ViSmish_05152,1,1,0.9996043,True,1.0,paraphrased,Đòi nợ / Đe dọa,1.0,0.99804898,0.0019510200000000255,0.09999999999999998
ViSmish_05155,1,1,0.9996184,True,1.0,paraphrased,Nội dung nhạy cảm,1.0,0.998083705,0.0019162950000000123,0.09999999999999998
ViSmish_05156,1,1,0.99961936,True,1.0,paraphrased,Tuyển dụng giả,1.0,0.99808599,0.0019140100000000215,0.09999999999999998
ViSmish_05157,1,1,0.9995995,True,1.0,paraphrased,Giả mạo ngân hàng,1.0,0.998037696,0.0019623039999999703,0.09999999999999998
ViSmish_05160,0,0,0.999428,True,1.0,synthetic,Viễn thông,1.0,0.0023365385999999993,0.9976634614,0.09999999999999998
ViSmish_05161,1,1,0.99957865,True,1.0,paraphrased,Giả mạo ngân hàng,1.0,0.99798809,0.0020119100000000056,0.09999999999999998
ViSmish_05162,1,1,0.9996063,True,1.0,paraphrased,Tuyển dụng giả,1.0,0.998053944,0.0019460559999999738,0.09999999999999998
ViSmish_05164,0,0,0.9994722,True,1.0,external_real,P2P hội thoại thông thường,1.0,0.0022464917999999996,0.9977535082,0.09999999999999998
ViSmish_05165,1,1,0.99960107,True,1.0,paraphrased,BHXH / Trợ cấp giả,1.0,0.9980414870000001,0.0019585129999999396,0.09999999999999998
ViSmish_05166,1,1,0.9995679,True,1.0,paraphrased,Nội dung nhạy cảm,1.0,0.9979633569999999,0.00203664300000006,0.09999999999999998
ViSmish_05167,1,1,0.999549,True,1.0,paraphrased,Crypto / Đầu tư giả,1.0,0.9979200500000001,0.0020799499999999416,0.09999999999999998
ViSmish_05168,1,1,0.99961925,True,1.0,paraphrased,Crypto / Đầu tư giả,1.0,0.998085773,0.0019142269999999906,0.09999999999999998
ViSmish_05170,1,1,0.9995546,True,1.0,paraphrased,Crypto / Đầu tư giả,1.0,0.99793276,0.0020672400000000257,0.09999999999999998
ViSmish_05171,1,1,0.99957985,True,1.0,paraphrased,Đòi nợ / Đe dọa,1.0,0.9979909,0.002009099999999986,0.09999999999999998
ViSmish_05173,1,1,0.9995875,True,1.0,paraphrased,BHXH / Trợ cấp giả,1.0,0.998009,0.001990999999999965,0.09999999999999998
ViSmish_05174,1,1,0.9994311,True,1.0,paraphrased,Giả mạo ngân hàng,1.0,0.99766966,0.0023303399999999863,0.09999999999999998
ViSmish_05175,0,0,0.9994856,True,1.0,real,Viễn thông,1.0,0.0022182171999999994,0.9977817828,0.09999999999999998
ViSmish_05176,1,1,0.9995958,True,1.0,paraphrased,Giả mạo ngân hàng,1.0,0.99802864,0.0019713599999999776,0.09999999999999998
ViSmish_05177,0,0,0.9993339,True,1.0,real,Khác,1.0,0.0025167082999999995,0.9974832917,0.09999999999999998
ViSmish_05178,1,1,0.99961925,True,1.0,paraphrased,Tuyển dụng giả,1.0,0.99808579,0.0019142100000000273,0.09999999999999998
ViSmish_05179,1,1,0.99961144,True,1.0,paraphrased,Crypto / Đầu tư giả,1.0,0.998066473,0.001933527000000046,0.09999999999999998
ViSmish_05180,0,0,0.9992472,True,1.0,synthetic,Dịch vụ y tế,1.0,0.0026715201999999993,0.9973284798,0.09999999999999998
ViSmish_05181,0,0,0.9994122,True,1.0,real,Viễn thông,1.0,0.0023676977999999996,0.9976323022,0.09999999999999998
ViSmish_05182,0,0,0.99908924,True,1.0,synthetic,Quảng cáo hợp lệ,1.0,0.0029308404999999994,0.9970691595,0.09999999999999998
ViSmish_05183,0,0,0.9993843,True,1.0,external_real,P2P hội thoại thông thường,1.0,0.0024219406999999994,0.9975780593,0.09999999999999998
ViSmish_05184,0,0,0.9994832,True,1.0,synthetic,Thương mại điện tử,1.0,0.0022233204999999993,0.9977766795,0.09999999999999998
ViSmish_05188,0,0,0.99932456,True,1.0,external_curated,P2P hard negative,1.0,0.0025339355999999995,0.9974660644,0.09999999999999998
ViSmish_05189,1,1,0.99956876,True,1.0,paraphrased,Nội dung nhạy cảm,1.0,0.99796525,0.002034749999999974,0.09999999999999998
ViSmish_05190,0,0,0.99935,True,1.0,real,Viễn thông,1.0,0.0024867811999999996,0.9975132188,0.09999999999999998
ViSmish_05192,0,0,0.9993956,True,1.0,external_real,P2P hội thoại thông thường,1.0,0.0024001279999999996,0.997599872,0.09999999999999998
ViSmish_05194,1,1,0.99953926,True,1.0,paraphrased,Nội dung nhạy cảm,1.0,0.99789817,0.0021018299999999712,0.09999999999999998
ViSmish_05197,0,0,0.99942136,True,1.0,external_curated,P2P hard negative,1.0,0.0023495837999999995,0.9976504162,0.09999999999999998
ViSmish_05198,0,0,0.99945134,True,1.0,external_curated,P2P hard negative,1.0,0.0022894007999999994,0.9977105992,0.09999999999999998
ViSmish_05199,1,1,0.9996277,True,1.0,paraphrased,Tuyển dụng giả,1.0,0.9981067299999999,0.001893270000000058,0.09999999999999998
ViSmish_05200,0,0,0.9994702,True,1.0,real,Khác,1.0,0.0022506303999999997,0.9977493696,0.09999999999999998
ViSmish_05201,1,1,0.9996061,True,1.0,paraphrased,Dịch vụ công giả,1.0,0.99805335,0.0019466500000000497,0.09999999999999998
ViSmish_05202,0,0,0.9993863,True,1.0,synthetic,Quảng cáo hợp lệ,1.0,0.0024181717999999996,0.9975818282,0.09999999999999998
ViSmish_05204,1,1,0.999605,True,1.0,paraphrased,Crypto / Đầu tư giả,1.0,0.99805085,0.001949149999999955,0.09999999999999998
ViSmish_05205,0,0,0.9994618,True,1.0,synthetic,Ngân hàng thật,1.0,0.0022678743999999997,0.9977321256,0.09999999999999998
ViSmish_05206,1,1,0.99962175,True,1.0,paraphrased,Tuyển dụng giả,1.0,0.998091793,0.0019082070000000506,0.09999999999999998
ViSmish_05207,1,1,0.9996238,True,1.0,paraphrased,Giả mạo ngân hàng,1.0,0.99809683,0.001903169999999954,0.09999999999999998
ViSmish_05208,0,0,0.9989814,True,1.0,real,Dịch vụ công thật,1.0,0.0030942242999999993,0.9969057757,0.09999999999999998
ViSmish_05209,0,0,0.9994855,True,1.0,synthetic,Thương mại điện tử,1.0,0.0022184403999999996,0.9977815596,0.09999999999999998
ViSmish_05210,1,1,0.9996152,True,1.0,paraphrased,BHXH / Trợ cấp giả,1.0,0.998075885,0.001924115000000004,0.09999999999999998
ViSmish_05212,0,0,0.99939454,True,1.0,external_curated,P2P hard negative,1.0,0.0024022306999999994,0.9975977693,0.09999999999999998
ViSmish_05213,1,1,0.9996101,True,1.0,paraphrased,Nội dung nhạy cảm,1.0,0.998063296,0.0019367040000000113,0.09999999999999998
ViSmish_05214,1,1,0.99949443,True,1.0,synthetic_hard_negative,Khác,1.0,0.99780044,0.0021995599999999893,0.09999999999999998
ViSmish_05215,1,1,0.9996061,True,1.0,paraphrased,Crypto / Đầu tư giả,1.0,0.99805331,0.0019466900000000287,0.09999999999999998
ViSmish_05216,0,0,0.99940264,True,1.0,real,Vận chuyển,1.0,0.0023863789999999992,0.997613621,0.09999999999999998
ViSmish_05217,0,0,0.9994318,True,1.0,synthetic,Dịch vụ y tế,1.0,0.0023288149999999997,0.997671185,0.09999999999999998
ViSmish_05218,1,1,0.9995696,True,1.0,paraphrased,Nội dung nhạy cảm,1.0,0.997967017,0.002032982999999988,0.09999999999999998
ViSmish_05221,0,0,0.99936014,True,1.0,real,Viễn thông,1.0,0.0024679673999999994,0.9975320326,0.09999999999999998
ViSmish_05223,0,0,0.99939466,True,1.0,real,Khác,1.0,0.0024019848999999992,0.9975980151,0.09999999999999998
ViSmish_05224,0,0,0.99941504,True,1.0,external_real,P2P hội thoại thông thường,1.0,0.0023622257999999993,0.9976377742,0.09999999999999998
ViSmish_05225,0,0,0.999433,True,1.0,real,Ngân hàng thật,1.0,0.0023264256999999994,0.9976735743,0.09999999999999998
ViSmish_05227,0,0,0.9994293,True,1.0,external_curated,P2P hard negative,1.0,0.0023337982999999994,0.9976662017,0.09999999999999998
ViSmish_05228,1,1,0.99962926,True,1.0,paraphrased,BHXH / Trợ cấp giả,1.0,0.99811075,0.0018892499999999535,0.09999999999999998
ViSmish_05229,0,0,0.9993617,True,1.0,real,Viễn thông,1.0,0.0024649872999999993,0.9975350127,0.09999999999999998
ViSmish_05231,1,1,0.9995969,True,1.0,paraphrased,Dịch vụ công giả,1.0,0.9980314,0.001968599999999987,0.09999999999999998
ViSmish_05232,1,1,0.9996321,True,1.0,paraphrased,Cờ bạc / Betting,1.0,0.998117644,0.001882355999999974,0.09999999999999998
ViSmish_05233,1,1,0.9992156,True,1.0,real,Giả mạo ngân hàng,1.0,0.997274643,0.002725356999999984,0.09999999999999998
ViSmish_05234,1,1,0.99961394,True,1.0,paraphrased,Crypto / Đầu tư giả,1.0,0.998072517,0.0019274830000000076,0.09999999999999998
ViSmish_05235,1,1,0.99960595,True,1.0,paraphrased,Cờ bạc / Betting,1.0,0.998053175,0.0019468249999999854,0.09999999999999998
ViSmish_05236,0,0,0.99947375,True,1.0,synthetic,Viễn thông,1.0,0.0022432489999999992,0.997756751,0.09999999999999998
ViSmish_05239,1,1,0.99962807,True,1.0,paraphrased,Đòi nợ / Đe dọa,1.0,0.998107636,0.0018923640000000352,0.09999999999999998
ViSmish_05241,1,1,0.99961805,True,1.0,paraphrased,Giả mạo ngân hàng,1.0,0.99808282,0.0019171799999999628,0.09999999999999998
ViSmish_05243,1,1,0.99962056,True,1.0,paraphrased,Giả mạo ngân hàng,1.0,0.9980889,0.0019111000000000544,0.09999999999999998
ViSmish_05246,0,0,0.9992459,True,1.0,synthetic,Ngân hàng thật,1.0,0.0026737756999999996,0.9973262243,0.09999999999999998
ViSmish_05248,1,1,0.99957484,True,1.0,paraphrased,Crypto / Đầu tư giả,1.0,0.997979295,0.002020704999999956,0.09999999999999998
ViSmish_05249,0,0,0.99947757,True,1.0,real,Khác,1.0,0.0022352901999999997,0.9977647098,0.09999999999999998
ViSmish_05250,0,0,0.9993199,True,1.0,real,Viễn thông,1.0,0.0025423336999999993,0.9974576663,0.09999999999999998
ViSmish_05253,0,0,0.9993643,True,1.0,real,Viễn thông,1.0,0.0024600189999999995,0.997539981,0.09999999999999998
ViSmish_05254,1,1,0.99962795,True,1.0,paraphrased,Tuyển dụng giả,1.0,0.998107326,0.0018926740000000386,0.09999999999999998
ViSmish_05255,1,1,0.99958247,True,1.0,paraphrased,Cờ bạc / Betting,1.0,0.99799718,0.0020028199999999607,0.09999999999999998
ViSmish_05258,0,0,0.99931467,True,1.0,external_real,P2P hội thoại thông thường,1.0,0.0025520715999999993,0.9974479284,0.09999999999999998
ViSmish_05259,0,0,0.99945575,True,1.0,real,Quảng cáo hợp lệ,1.0,0.0022802592999999994,0.9977197407,0.09999999999999998
ViSmish_05260,1,1,0.9995976,True,1.0,paraphrased,Đòi nợ / Đe dọa,1.0,0.9980331,0.0019668999999999937,0.09999999999999998
ViSmish_05261,0,0,0.9994912,True,1.0,synthetic,Vận chuyển,1.0,0.0022062849999999992,0.997793715,0.09999999999999998
ViSmish_05262,1,1,0.9995895,True,1.0,paraphrased,Tuyển dụng giả,1.0,0.99801379,0.0019862099999999883,0.09999999999999998
ViSmish_05267,1,1,0.9995827,True,1.0,paraphrased,Crypto / Đầu tư giả,1.0,0.9979978,0.002002199999999954,0.09999999999999998
ViSmish_05268,1,1,0.99961346,True,1.0,paraphrased,Đòi nợ / Đe dọa,1.0,0.998071474,0.0019285260000000415,0.09999999999999998
ViSmish_05269,1,1,0.99962175,True,1.0,paraphrased,Cờ bạc / Betting,1.0,0.998091805,0.001908194999999946,0.09999999999999998
ViSmish_05271,0,0,0.99924636,True,1.0,external_curated,P2P hard negative,1.0,0.0026728961999999993,0.9973271038,0.09999999999999998
ViSmish_05272,1,1,0.99961984,True,1.0,paraphrased,Crypto / Đầu tư giả,1.0,0.998087126,0.0019128739999999533,0.09999999999999998
ViSmish_05273,1,1,0.9995158,True,1.0,paraphrased,Giả mạo ngân hàng,1.0,0.99784627,0.002153729999999965,0.09999999999999998
ViSmish_05274,0,0,0.9994068,True,1.0,real,Viễn thông,1.0,0.0023783092999999996,0.9976216907,0.09999999999999998
ViSmish_05277,1,1,0.99962246,True,1.0,paraphrased,Dịch vụ công giả,1.0,0.998093843,0.001906156999999964,0.09999999999999998
ViSmish_05278,1,1,0.9993104,True,1.0,real,Tuyển dụng giả,1.0,0.99744028,0.002559720000000043,0.09999999999999998
ViSmish_05279,1,1,0.9996123,True,1.0,paraphrased,Crypto / Đầu tư giả,1.0,0.99806856,0.0019314400000000065,0.09999999999999998
ViSmish_05280,1,1,0.9996284,True,1.0,paraphrased,Đòi nợ / Đe dọa,1.0,0.998108506,0.0018914939999999936,0.09999999999999998
ViSmish_05282,0,0,0.99949086,True,1.0,real,Tin nhắn cá nhân và OTP,1.0,0.0022070796999999996,0.9977929203,0.09999999999999998
ViSmish_05283,1,1,0.9995974,True,1.0,paraphrased,Giả mạo ngân hàng,1.0,0.99803255,0.0019674499999999817,0.09999999999999998
ViSmish_05284,1,1,0.9995241,True,1.0,paraphrased,Crypto / Đầu tư giả,1.0,0.99786466,0.002135340000000041,0.09999999999999998
ViSmish_05285,0,0,0.998931,True,1.0,external_real,P2P hội thoại thông thường,1.0,0.0031676426999999994,0.9968323573,0.09999999999999998
ViSmish_05286,0,0,0.9994789,True,1.0,synthetic,Tin nhắn cá nhân và OTP,1.0,0.0022324982999999995,0.9977675017,0.09999999999999998
ViSmish_05288,1,1,0.9996196,True,1.0,paraphrased,BHXH / Trợ cấp giả,1.0,0.99808677,0.001913229999999988,0.09999999999999998
ViSmish_05289,0,0,0.99931943,True,1.0,synthetic,Ngân hàng thật,1.0,0.0025432249999999992,0.997456775,0.09999999999999998
ViSmish_05291,0,0,0.99943596,True,1.0,real,Viễn thông,1.0,0.0023203351999999994,0.9976796648,0.09999999999999998
ViSmish_05294,0,0,0.99947196,True,1.0,synthetic,Tin nhắn cá nhân và OTP,1.0,0.0022468033999999996,0.9977531966,0.09999999999999998
ViSmish_05295,1,1,0.99961925,True,1.0,paraphrased,Dịch vụ công giả,1.0,0.9980857,0.0019143000000000354,0.09999999999999998
ViSmish_05296,0,0,0.99933535,True,1.0,synthetic,Dịch vụ công thật,1.0,0.0025140225999999996,0.9974859774,0.09999999999999998
ViSmish_05297,1,1,0.99962306,True,1.0,paraphrased,BHXH / Trợ cấp giả,1.0,0.99809533,0.0019046700000000527,0.09999999999999998
ViSmish_05298,0,0,0.9991208,True,1.0,synthetic,Ngân hàng thật,1.0,0.0028810390999999993,0.9971189609,0.09999999999999998
ViSmish_05302,0,0,0.99935406,True,1.0,external_real,P2P hội thoại thông thường,1.0,0.0024793022999999997,0.9975206977,0.09999999999999998
ViSmish_05303,0,0,0.9994734,True,1.0,synthetic,Vận chuyển,1.0,0.0022439712999999997,0.9977560287,0.09999999999999998
ViSmish_05304,0,0,0.99948454,True,1.0,synthetic,Dịch vụ y tế,1.0,0.0022204567,0.9977795433,0.09999999999999998
ViSmish_05306,0,0,0.99941754,True,1.0,synthetic,Ngân hàng thật,1.0,0.0023572651999999995,0.9976427348,0.09999999999999998
ViSmish_05307,0,0,0.9993837,True,1.0,real,Viễn thông,1.0,0.0024231079999999993,0.997576892,0.09999999999999998
ViSmish_05308,0,0,0.9994836,True,1.0,synthetic,Viễn thông,1.0,0.0022224748999999993,0.9977775251,0.09999999999999998
ViSmish_05309,0,0,0.9994881,True,1.0,synthetic,Vận chuyển,1.0,0.0022129496999999995,0.9977870503,0.09999999999999998
ViSmish_05310,1,1,0.99960953,True,1.0,paraphrased,BHXH / Trợ cấp giả,1.0,0.99806193,0.001938070000000014,0.09999999999999998
ViSmish_05311,1,1,0.9996038,True,1.0,paraphrased,Nội dung nhạy cảm,1.0,0.998047906,0.0019520939999999598,0.09999999999999998
ViSmish_05315,1,1,0.99962485,True,1.0,paraphrased,Cờ bạc / Betting,1.0,0.998099536,0.0019004639999999906,0.09999999999999998
ViSmish_05317,0,0,0.9994742,True,1.0,real,Khác,1.0,0.0022420977999999996,0.9977579022,0.09999999999999998
ViSmish_05321,0,0,0.9988556,True,1.0,synthetic,Thương mại điện tử,1.0,0.0032739497999999994,0.9967260502,0.09999999999999998
ViSmish_05322,0,0,0.99934644,True,1.0,real,Tin nhắn cá nhân và OTP,1.0,0.0024934531999999993,0.9975065468,0.09999999999999998
ViSmish_05323,0,0,0.9993587,True,1.0,synthetic,Thương mại điện tử,1.0,0.0024706866999999995,0.9975293133,0.09999999999999998
ViSmish_05324,0,0,0.9994405,True,1.0,synthetic,Quảng cáo hợp lệ,1.0,0.0023113589999999994,0.997688641,0.09999999999999998
ViSmish_05325,1,1,0.9996246,True,1.0,paraphrased,Tuyển dụng giả,1.0,0.998098916,0.0019010839999999973,0.09999999999999998
ViSmish_05328,0,0,0.9994918,True,1.0,synthetic,Vận chuyển,1.0,0.0022052049999999996,0.997794795,0.09999999999999998
ViSmish_05329,1,1,0.99956876,True,1.0,paraphrased,Nội dung nhạy cảm,1.0,0.997965175,0.0020348249999999624,0.09999999999999998
ViSmish_05331,0,0,0.9994531,True,1.0,synthetic,Ngân hàng thật,1.0,0.0022857743999999992,0.9977142256,0.09999999999999998
ViSmish_05332,1,1,0.99961,True,1.0,paraphrased,Tuyển dụng giả,1.0,0.998062986,0.0019370140000000147,0.09999999999999998
ViSmish_05334,1,1,0.99918467,True,1.0,real,Cờ bạc / Betting,1.0,0.99722282,0.0027771800000000457,0.09999999999999998
ViSmish_05335,0,0,0.99934,True,1.0,external_curated,P2P hard negative,1.0,0.0025053943999999995,0.9974946056,0.09999999999999998
ViSmish_05337,1,1,0.99938416,True,1.0,synthetic_hard_negative,Giả mạo ngân hàng,1.0,0.99757784,0.002422159999999951,0.09999999999999998
ViSmish_05338,1,1,0.9995272,True,1.0,synthetic_hard_negative,BHXH / Trợ cấp giả,1.0,0.99787143,0.0021285699999999963,0.09999999999999998
ViSmish_05340,1,1,0.9996123,True,1.0,paraphrased,Crypto / Đầu tư giả,1.0,0.998068434,0.0019315659999999957,0.09999999999999998
ViSmish_05342,1,1,0.9996172,True,1.0,paraphrased,Crypto / Đầu tư giả,1.0,0.99808084,0.0019191600000000308,0.09999999999999998
ViSmish_05343,0,0,0.99843794,True,1.0,synthetic,Ngân hàng thật,1.0,0.003804943699999999,0.9961950563,0.09999999999999998
ViSmish_05344,0,0,0.99924135,True,1.0,real,Viễn thông,1.0,0.0026814724999999996,0.9973185275,0.09999999999999998
ViSmish_05345,1,1,0.99958175,True,1.0,paraphrased,Dịch vụ công giả,1.0,0.997995317,0.002004683000000007,0.09999999999999998
ViSmish_05346,0,0,0.999468,True,1.0,synthetic,Thương mại điện tử,1.0,0.0022549699999999994,0.99774503,0.09999999999999998
ViSmish_05347,1,1,0.99953353,True,1.0,paraphrased,BHXH / Trợ cấp giả,1.0,0.99788543,0.002114570000000038,0.09999999999999998
ViSmish_05349,1,1,0.9995839,True,1.0,synthetic_hard_negative,Khác,1.0,0.99800039,0.0019996100000000405,0.09999999999999998
ViSmish_05352,0,0,0.99943465,True,1.0,external_real,P2P hội thoại thông thường,1.0,0.0023231030999999996,0.9976768969,0.09999999999999998
ViSmish_05356,1,1,0.9996056,True,1.0,paraphrased,Nội dung nhạy cảm,1.0,0.998052305,0.001947695000000027,0.09999999999999998
ViSmish_05357,0,0,0.9994485,True,1.0,external_real,P2P hội thoại thông thường,1.0,0.0022952140999999994,0.9977047859,0.09999999999999998
ViSmish_05359,1,1,0.999574,True,1.0,paraphrased,Crypto / Đầu tư giả,1.0,0.99797722,0.002022780000000002,0.09999999999999998
ViSmish_05360,0,0,0.9994282,True,1.0,external_curated,P2P hard negative,1.0,0.0023360244999999996,0.9976639755,0.09999999999999998
ViSmish_05364,0,0,0.9994554,True,1.0,synthetic,Tin nhắn cá nhân và OTP,1.0,0.0022811869999999996,0.997718813,0.09999999999999998
ViSmish_05365,1,1,0.99960834,True,1.0,paraphrased,Nội dung nhạy cảm,1.0,0.99805893,0.0019410699999999892,0.09999999999999998
ViSmish_05366,1,1,0.9995172,True,1.0,paraphrased,Nội dung nhạy cảm,1.0,0.997849506,0.002150494000000003,0.09999999999999998
ViSmish_05367,1,1,0.99961805,True,1.0,paraphrased,Cờ bạc / Betting,1.0,0.99808286,0.0019171399999999839,0.09999999999999998
ViSmish_05368,1,1,0.99962294,True,1.0,paraphrased,Cờ bạc / Betting,1.0,0.998094887,0.0019051129999999583,0.09999999999999998
ViSmish_05370,1,1,0.9995968,True,1.0,paraphrased,Nội dung nhạy cảm,1.0,0.998031175,0.001968824999999952,0.09999999999999998
ViSmish_05371,1,1,0.999603,True,1.0,paraphrased,Cờ bạc / Betting,1.0,0.99804582,0.0019541800000000276,0.09999999999999998
ViSmish_05372,1,1,0.9996215,True,1.0,paraphrased,Tuyển dụng giả,1.0,0.99809146,0.0019085399999999586,0.09999999999999998
ViSmish_05373,0,0,0.9994721,True,1.0,external_real,P2P hội thoại thông thường,1.0,0.0022465597999999994,0.9977534402,0.09999999999999998
ViSmish_05376,1,1,0.99961627,True,1.0,paraphrased,Cờ bạc / Betting,1.0,0.998078406,0.0019215940000000264,0.09999999999999998
ViSmish_05377,0,0,0.9994635,True,1.0,synthetic,Tin nhắn cá nhân và OTP,1.0,0.0022643157999999997,0.9977356842,0.09999999999999998
ViSmish_05378,0,0,0.9994659,True,1.0,synthetic,Ngân hàng thật,1.0,0.0022594175999999994,0.9977405824,0.09999999999999998
ViSmish_05379,1,1,0.9995364,True,1.0,paraphrased,Đòi nợ / Đe dọa,1.0,0.997891736,0.002108263999999971,0.09999999999999998
ViSmish_05380,1,1,0.99961925,True,1.0,paraphrased,Giả mạo ngân hàng,1.0,0.99808564,0.0019143600000000038,0.09999999999999998
ViSmish_05381,0,0,0.99944,True,1.0,synthetic,Dịch vụ công thật,1.0,0.0023123317999999993,0.9976876682,0.09999999999999998
ViSmish_05382,0,0,0.9994615,True,1.0,synthetic,Tin nhắn cá nhân và OTP,1.0,0.0022686197999999998,0.9977313802,0.09999999999999998
ViSmish_05383,1,1,0.99961346,True,1.0,paraphrased,Cờ bạc / Betting,1.0,0.99807134,0.0019286600000000265,0.09999999999999998
ViSmish_05385,0,0,0.9993918,True,1.0,external_real,P2P hội thoại thông thường,1.0,0.0024075651999999996,0.9975924348,0.09999999999999998
ViSmish_05386,0,0,0.9992955,True,1.0,external_real,P2P hội thoại thông thường,1.0,0.0025865887999999993,0.9974134112,0.09999999999999998
ViSmish_05389,0,0,0.99949086,True,1.0,real,Khác,1.0,0.0022070807999999996,0.9977929192,0.09999999999999998
ViSmish_05390,1,1,0.99961495,True,1.0,paraphrased,Tuyển dụng giả,1.0,0.99807522,0.0019247799999999593,0.09999999999999998
ViSmish_05391,1,1,0.9996152,True,1.0,paraphrased,Cờ bạc / Betting,1.0,0.99807583,0.0019241700000000028,0.09999999999999998
ViSmish_05392,1,1,0.99961877,True,1.0,paraphrased,Dịch vụ công giả,1.0,0.9980846,0.0019154000000000115,0.09999999999999998
ViSmish_05394,1,1,0.9995554,True,1.0,paraphrased,Đòi nợ / Đe dọa,1.0,0.997934556,0.002065443999999972,0.09999999999999998
ViSmish_05396,0,0,0.9994444,True,1.0,external_real,P2P hội thoại thông thường,1.0,0.0023034729999999995,0.997696527,0.09999999999999998
ViSmish_05397,1,1,0.99961674,True,1.0,paraphrased,Cờ bạc / Betting,1.0,0.99807958,0.0019204200000000338,0.09999999999999998
ViSmish_05399,1,1,0.99919134,True,1.0,real,Giả mạo ngân hàng,1.0,0.997233856,0.0027661439999999704,0.09999999999999998
ViSmish_05401,1,1,0.99960846,True,1.0,paraphrased,Cờ bạc / Betting,1.0,0.99805931,0.0019406899999999672,0.09999999999999998
ViSmish_05402,1,1,0.99956137,True,1.0,paraphrased,Crypto / Đầu tư giả,1.0,0.99794814,0.0020518600000000164,0.09999999999999998
ViSmish_05403,0,0,0.9994562,True,1.0,synthetic,Thương mại điện tử,1.0,0.0022794115999999996,0.9977205884,0.09999999999999998
ViSmish_05406,0,0,0.9994815,True,1.0,synthetic,Quảng cáo hợp lệ,1.0,0.0022269453999999994,0.9977730546,0.09999999999999998
ViSmish_05408,0,0,0.99938965,True,1.0,external_curated,P2P hard negative,1.0,0.0024117493999999996,0.9975882506,0.09999999999999998
ViSmish_05409,1,1,0.99942374,True,1.0,real,Nội dung nhạy cảm,1.0,0.9976551,0.002344899999999983,0.09999999999999998
ViSmish_05410,1,1,0.99962044,True,1.0,paraphrased,Nội dung nhạy cảm,1.0,0.99808879,0.001911210000000052,0.09999999999999998
ViSmish_05411,1,1,0.9996136,True,1.0,paraphrased,Nội dung nhạy cảm,1.0,0.99807177,0.0019282299999999752,0.09999999999999998
ViSmish_05412,1,1,0.9996191,True,1.0,paraphrased,Cờ bạc / Betting,1.0,0.99808549,0.0019145099999999804,0.09999999999999998
ViSmish_05413,1,1,0.9995983,True,1.0,paraphrased,Cờ bạc / Betting,1.0,0.99803484,0.0019651600000000213,0.09999999999999998
ViSmish_05416,1,1,0.9995895,True,1.0,paraphrased,Nội dung nhạy cảm,1.0,0.998013604,0.001986395999999946,0.09999999999999998
ViSmish_05417,1,1,0.9995993,True,1.0,paraphrased,Tuyển dụng giả,1.0,0.998036975,0.001963025000000007,0.09999999999999998
ViSmish_05419,1,1,0.99959093,True,1.0,paraphrased,BHXH / Trợ cấp giả,1.0,0.99801703,0.0019829700000000283,0.09999999999999998
ViSmish_05420,0,0,0.99948823,True,1.0,synthetic,Vận chuyển,1.0,0.0022127497999999994,0.9977872502,0.09999999999999998
ViSmish_05421,1,1,0.9996216,True,1.0,paraphrased,Tuyển dụng giả,1.0,0.998091733,0.001908267000000019,0.09999999999999998
ViSmish_05422,1,1,0.99962044,True,1.0,paraphrased,Giả mạo ngân hàng,1.0,0.99808865,0.0019113499999999783,0.09999999999999998
ViSmish_05423,1,1,0.9995479,True,1.0,paraphrased,Crypto / Đầu tư giả,1.0,0.99791767,0.002082330000000021,0.09999999999999998
ViSmish_05427,0,0,0.99947435,True,1.0,synthetic,Vận chuyển,1.0,0.0022419856999999995,0.9977580143,0.09999999999999998
ViSmish_05428,0,0,0.9993987,True,1.0,real,Viễn thông,1.0,0.0023941132999999995,0.9976058867,0.09999999999999998
ViSmish_05429,0,0,0.9994803,True,1.0,synthetic,Thương mại điện tử,1.0,0.0022294975999999998,0.9977705024,0.09999999999999998
ViSmish_05430,1,1,0.999605,True,1.0,paraphrased,Nội dung nhạy cảm,1.0,0.9980507,0.0019493000000000427,0.09999999999999998
ViSmish_05432,0,1,0.98312795,False,0.3,real,Khác,0.3,0.026525149799999995,0.9734748502,0.029999999999999992
ViSmish_05433,1,1,0.9996184,True,1.0,paraphrased,Tuyển dụng giả,1.0,0.9980837300000001,0.0019162699999999422,0.09999999999999998
ViSmish_05434,0,0,0.99948764,True,1.0,synthetic,Vận chuyển,1.0,0.0022138326999999996,0.9977861673,0.09999999999999998
ViSmish_05435,1,1,0.99962354,True,1.0,paraphrased,BHXH / Trợ cấp giả,1.0,0.998096424,0.001903576000000018,0.09999999999999998
ViSmish_05437,1,1,0.9996131,True,1.0,paraphrased,BHXH / Trợ cấp giả,1.0,0.99807067,0.0019293299999999514,0.09999999999999998
ViSmish_05438,1,1,0.99962115,True,1.0,paraphrased,Giả mạo ngân hàng,1.0,0.998090464,0.0019095359999999895,0.09999999999999998
ViSmish_05440,0,0,0.99939287,True,1.0,real,Viễn thông,1.0,0.0024053629999999993,0.997594637,0.09999999999999998
ViSmish_05441,1,1,0.999634,True,1.0,paraphrased,BHXH / Trợ cấp giả,1.0,0.99812242,0.0018775800000000453,0.09999999999999998
ViSmish_05443,0,0,0.9994311,True,1.0,external_curated,P2P hard negative,1.0,0.0023302327999999996,0.9976697672,0.09999999999999998
ViSmish_05444,1,1,0.9996117,True,1.0,paraphrased,BHXH / Trợ cấp giả,1.0,0.99806706,0.001932939999999994,0.09999999999999998
ViSmish_05445,0,0,0.99926275,True,1.0,real,Viễn thông,1.0,0.002644438299999999,0.9973555617,0.09999999999999998
ViSmish_05447,1,1,0.999579,True,1.0,paraphrased,Nội dung nhạy cảm,1.0,0.997989035,0.0020109649999999757,0.09999999999999998
ViSmish_05451,1,1,0.99958295,True,1.0,real,Giả mạo ngân hàng,1.0,0.997998285,0.002001715000000015,0.09999999999999998
ViSmish_05452,0,0,0.99926203,True,1.0,synthetic,Quảng cáo hợp lệ,1.0,0.0026457383999999996,0.9973542616,0.09999999999999998
ViSmish_05453,0,0,0.99949276,True,1.0,real,Viễn thông,1.0,0.0022031153999999996,0.9977968846,0.09999999999999998
ViSmish_05454,0,0,0.9994168,True,1.0,synthetic,Thương mại điện tử,1.0,0.0023587287999999994,0.9976412712,0.09999999999999998
ViSmish_05455,1,1,0.99948126,True,1.0,synthetic_hard_negative,Khác,1.0,0.99777254,0.002227459999999959,0.09999999999999998
ViSmish_05457,0,0,0.9966858,True,1.0,external_curated,P2P hard negative,1.0,0.0054520839999999985,0.994547916,0.09999999999999998
ViSmish_05459,1,1,0.99961394,True,1.0,paraphrased,Tuyển dụng giả,1.0,0.99807272,0.0019272799999999757,0.09999999999999998
ViSmish_05460,1,1,0.99958843,True,1.0,paraphrased,Nội dung nhạy cảm,1.0,0.99801114,0.001988859999999981,0.09999999999999998
ViSmish_05461,0,0,0.9994373,True,1.0,external_curated,P2P hard negative,1.0,0.0023177794999999996,0.9976822205,0.09999999999999998
ViSmish_05462,1,1,0.99961334,True,1.0,paraphrased,BHXH / Trợ cấp giả,1.0,0.99807115,0.001928849999999982,0.09999999999999998
ViSmish_05464,0,0,0.9990386,True,1.0,real,Khác,1.0,0.0030088299999999992,0.99699117,0.09999999999999998
ViSmish_05465,1,1,0.9994973,True,1.0,synthetic_hard_negative,Giả mạo ngân hàng,1.0,0.997806484,0.002193515999999951,0.09999999999999998
ViSmish_05466,1,1,0.9995695,True,1.0,paraphrased,Đòi nợ / Đe dọa,1.0,0.99796682,0.002033179999999968,0.09999999999999998
ViSmish_05467,1,1,0.9996221,True,1.0,paraphrased,Dịch vụ công giả,1.0,0.9980927470000001,0.0019072529999999421,0.09999999999999998
ViSmish_05468,0,0,0.999331,True,1.0,synthetic,Quảng cáo hợp lệ,1.0,0.0025220693999999993,0.9974779306,0.09999999999999998
ViSmish_05469,1,1,0.99961144,True,1.0,paraphrased,Tuyển dụng giả,1.0,0.998066586,0.0019334140000000222,0.09999999999999998
ViSmish_05471,1,1,0.9995555,True,1.0,paraphrased,Nội dung nhạy cảm,1.0,0.99793474,0.0020652599999999577,0.09999999999999998
ViSmish_05472,1,1,0.99921346,True,1.0,paraphrased,Crypto / Đầu tư giả,1.0,0.997271055,0.0027289449999999826,0.09999999999999998
ViSmish_05475,1,1,0.9995413,True,1.0,paraphrased,Cờ bạc / Betting,1.0,0.99790267,0.0020973300000000084,0.09999999999999998
ViSmish_05476,0,0,0.9994728,True,1.0,real,Viễn thông,1.0,0.0022450845999999994,0.9977549154,0.09999999999999998
ViSmish_05477,0,0,0.99937207,True,1.0,real,Viễn thông,1.0,0.0024454544999999994,0.9975545455,0.09999999999999998
ViSmish_05478,0,0,0.9994448,True,1.0,synthetic,Dịch vụ công thật,1.0,0.0023025841999999995,0.9976974158,0.09999999999999998
ViSmish_05479,0,0,0.9993278,True,1.0,synthetic,Ngân hàng thật,1.0,0.0025281255999999993,0.9974718744,0.09999999999999998
ViSmish_05480,0,0,0.9991208,True,1.0,external_real,P2P hội thoại thông thường,1.0,0.002881107299999999,0.9971188927,0.09999999999999998
ViSmish_05481,1,1,0.9996081,True,1.0,paraphrased,Crypto / Đầu tư giả,1.0,0.99805828,0.0019417200000000356,0.09999999999999998
ViSmish_05482,0,0,0.9994394,True,1.0,external_real,P2P hội thoại thông thường,1.0,0.0023135266999999996,0.9976864733,0.09999999999999998
ViSmish_05483,0,0,0.9994678,True,1.0,synthetic,Ngân hàng thật,1.0,0.0022556123999999994,0.9977443876,0.09999999999999998
ViSmish_05484,1,1,0.9996238,True,1.0,paraphrased,Tuyển dụng giả,1.0,0.9980970140000001,0.00190298599999994,0.09999999999999998
ViSmish_05487,0,0,0.99945027,True,1.0,real,Viễn thông,1.0,0.0022914579999999997,0.997708542,0.09999999999999998
ViSmish_05488,1,1,0.99962044,True,1.0,paraphrased,Nội dung nhạy cảm,1.0,0.99808865,0.0019113499999999783,0.09999999999999998
ViSmish_05489,1,1,0.99878854,True,1.0,real,Đòi nợ / Đe dọa,1.0,0.99663441,0.0033655900000000294,0.09999999999999998
ViSmish_05490,1,1,0.99962604,True,1.0,paraphrased,Tuyển dụng giả,1.0,0.998102665,0.001897335,0.09999999999999998
ViSmish_05492,0,0,0.99931324,True,1.0,external_real,P2P hội thoại thông thường,1.0,0.0025545218999999996,0.9974454781,0.09999999999999998
ViSmish_05493,0,0,0.99945444,True,1.0,external_curated,P2P hard negative,1.0,0.0022829735999999995,0.9977170264,0.09999999999999998
ViSmish_05494,0,0,0.99943215,True,1.0,synthetic,Ngân hàng thật,1.0,0.0023281942999999992,0.9976718057,0.09999999999999998
ViSmish_05495,1,1,0.99959093,True,1.0,paraphrased,Crypto / Đầu tư giả,1.0,0.99801727,0.0019827300000000436,0.09999999999999998
ViSmish_05496,1,1,0.9996159,True,1.0,paraphrased,BHXH / Trợ cấp giả,1.0,0.998077637,0.001922363000000038,0.09999999999999998
ViSmish_05497,1,1,0.99956816,True,1.0,paraphrased,Nội dung nhạy cảm,1.0,0.997963697,0.002036303000000017,0.09999999999999998
ViSmish_05499,1,1,0.999548,True,1.0,synthetic_hard_negative,Tuyển dụng giả,1.0,0.99791797,0.002082029999999957,0.09999999999999998
ViSmish_05502,1,1,0.9995995,True,1.0,paraphrased,Cờ bạc / Betting,1.0,0.9980375,0.001962499999999978,0.09999999999999998
ViSmish_05503,1,1,0.99941504,True,1.0,synthetic_hard_negative,Khác,1.0,0.997637755,0.0023622450000000406,0.09999999999999998
ViSmish_05504,1,1,0.9994861,True,1.0,paraphrased,Đòi nợ / Đe dọa,1.0,0.99778275,0.0022172499999999484,0.09999999999999998
ViSmish_05505,0,0,0.9994555,True,1.0,synthetic,Tin nhắn cá nhân và OTP,1.0,0.0022808527999999997,0.9977191472,0.09999999999999998
ViSmish_05506,1,1,0.9996123,True,1.0,paraphrased,Cờ bạc / Betting,1.0,0.99806836,0.0019316400000000122,0.09999999999999998
ViSmish_05507,1,1,0.99962175,True,1.0,paraphrased,Giả mạo ngân hàng,1.0,0.99809208,0.0019079199999999519,0.09999999999999998
ViSmish_05509,1,1,0.9996069,True,1.0,paraphrased,Đòi nợ / Đe dọa,1.0,0.99805542,0.0019445799999999736,0.09999999999999998
ViSmish_05510,1,1,0.9995517,True,1.0,paraphrased,Crypto / Đầu tư giả,1.0,0.997926223,0.002073776999999999,0.09999999999999998
ViSmish_05511,0,0,0.99947566,True,1.0,synthetic,Ngân hàng thật,1.0,0.0022391173999999994,0.9977608826,0.09999999999999998
ViSmish_05513,1,1,0.99721503,True,1.0,paraphrased,Crypto / Đầu tư giả,1.0,0.994980615,0.005019384999999987,0.09999999999999998
ViSmish_05516,1,1,0.9995977,True,1.0,paraphrased,Tuyển dụng giả,1.0,0.998033226,0.0019667740000000045,0.09999999999999998
ViSmish_05517,1,1,0.999566,True,1.0,paraphrased,Crypto / Đầu tư giả,1.0,0.99795889,0.002041109999999957,0.09999999999999998
ViSmish_05519,1,1,0.9996118,True,1.0,paraphrased,Giả mạo ngân hàng,1.0,0.9980674,0.001932599999999951,0.09999999999999998
ViSmish_05520,1,1,0.9995098,True,1.0,paraphrased,Crypto / Đầu tư giả,1.0,0.99783342,0.002166580000000029,0.09999999999999998
ViSmish_05521,0,0,0.99936587,True,1.0,real,Viễn thông,1.0,0.0024572014999999993,0.9975427985,0.09999999999999998
ViSmish_05522,1,1,0.9992841,True,1.0,paraphrased,Nội dung nhạy cảm,1.0,0.99739319,0.0026068099999999594,0.09999999999999998
ViSmish_05523,0,0,0.9993855,True,1.0,real,Dịch vụ công thật,1.0,0.002419671199999999,0.9975803288,0.09999999999999998
ViSmish_05524,0,0,0.99943095,True,1.0,external_curated,P2P hard negative,1.0,0.0023305477999999995,0.9976694522,0.09999999999999998
ViSmish_05526,0,0,0.9994809,True,1.0,external_real,P2P hội thoại thông thường,1.0,0.0022282532999999996,0.9977717467,0.09999999999999998
ViSmish_05527,0,0,0.9994752,True,1.0,synthetic,Vận chuyển,1.0,0.0022402572999999995,0.9977597427,0.09999999999999998
ViSmish_05528,0,0,0.9994843,True,1.0,synthetic,Viễn thông,1.0,0.0022210726999999995,0.9977789273,0.09999999999999998
ViSmish_05530,1,1,0.99962485,True,1.0,paraphrased,Tuyển dụng giả,1.0,0.99809971,0.0019002900000000267,0.09999999999999998
ViSmish_05531,1,1,0.99951243,True,1.0,synthetic_hard_negative,Khác,1.0,0.99783921,0.0021607900000000235,0.09999999999999998
ViSmish_05540,1,1,0.99955004,True,1.0,synthetic_hard_negative,BHXH / Trợ cấp giả,1.0,0.997922313,0.0020776869999999947,0.09999999999999998
ViSmish_05541,1,1,0.99961275,True,1.0,paraphrased,Dịch vụ công giả,1.0,0.99806975,0.0019302500000000222,0.09999999999999998
ViSmish_05542,1,1,0.9996202,True,1.0,paraphrased,Dịch vụ công giả,1.0,0.99808802,0.0019119800000000353,0.09999999999999998
ViSmish_05544,0,0,0.99947375,True,1.0,synthetic,Dịch vụ y tế,1.0,0.0022432036999999994,0.9977567963,0.09999999999999998
ViSmish_05545,1,1,0.9995975,True,1.0,paraphrased,Nội dung nhạy cảm,1.0,0.998032707,0.001967292999999981,0.09999999999999998
ViSmish_05548,1,1,0.9996228,True,1.0,paraphrased,Cờ bạc / Betting,1.0,0.99809466,0.0019053399999999776,0.09999999999999998
ViSmish_05549,1,1,0.9995988,True,1.0,paraphrased,Crypto / Đầu tư giả,1.0,0.99803587,0.001964129999999953,0.09999999999999998
ViSmish_05550,1,1,0.99962294,True,1.0,paraphrased,BHXH / Trợ cấp giả,1.0,0.99809497,0.0019050299999999742,0.09999999999999998
ViSmish_05551,0,0,0.9994708,True,1.0,synthetic,Viễn thông,1.0,0.0022494683,0.9977505317,0.09999999999999998
ViSmish_05552,0,0,0.9994091,True,1.0,real,Viễn thông,1.0,0.0023738033999999996,0.9976261966,0.09999999999999998
ViSmish_05553,0,0,0.99946886,True,1.0,synthetic,Thương mại điện tử,1.0,0.0022532719999999993,0.997746728,0.09999999999999998
ViSmish_05555,1,1,0.99950397,True,1.0,synthetic_hard_negative,Giả mạo ngân hàng,1.0,0.9978208,0.0021792000000000478,0.09999999999999998
ViSmish_05558,0,0,0.9993887,True,1.0,real,Viễn thông,1.0,0.0024134898999999994,0.9975865101,0.09999999999999998
ViSmish_05560,0,0,0.99937683,True,1.0,external_real,P2P hội thoại thông thường,1.0,0.0024363181999999995,0.9975636818,0.09999999999999998
ViSmish_05561,0,0,0.99941754,True,1.0,synthetic,Quảng cáo hợp lệ,1.0,0.0023572861999999993,0.9976427138,0.09999999999999998
ViSmish_05564,0,0,0.9994592,True,1.0,synthetic,Tin nhắn cá nhân và OTP,1.0,0.0022731841999999993,0.9977268158,0.09999999999999998
ViSmish_05566,0,0,0.99945956,True,1.0,synthetic,Quảng cáo hợp lệ,1.0,0.0022725475999999995,0.9977274524,0.09999999999999998
ViSmish_05568,0,0,0.9994747,True,1.0,synthetic,Ngân hàng thật,1.0,0.0022411799999999993,0.99775882,0.09999999999999998
ViSmish_05569,0,0,0.9993998,True,1.0,synthetic,Tin nhắn cá nhân và OTP,1.0,0.0023920967999999996,0.9976079032,0.09999999999999998
ViSmish_05570,0,0,0.99949133,True,1.0,real,Viễn thông,1.0,0.0022061338999999993,0.9977938661,0.09999999999999998
ViSmish_05572,0,0,0.99937457,True,1.0,real,Viễn thông,1.0,0.0024406868999999995,0.9975593131,0.09999999999999998
ViSmish_05576,0,0,0.9980233,True,1.0,synthetic,Dịch vụ công thật,1.0,0.0042608711999999995,0.9957391288,0.09999999999999998
ViSmish_05578,0,0,0.9994155,True,1.0,synthetic,Ngân hàng thật,1.0,0.0023611895999999994,0.9976388104,0.09999999999999998
ViSmish_05579,0,0,0.99944955,True,1.0,real,Quảng cáo hợp lệ,1.0,0.0022928969999999995,0.997707103,0.09999999999999998
ViSmish_05581,0,0,0.9994392,True,1.0,real,Viễn thông,1.0,0.0023139655999999996,0.9976860344,0.09999999999999998
ViSmish_05583,1,1,0.999566,True,1.0,paraphrased,Nội dung nhạy cảm,1.0,0.99795885,0.002041150000000047,0.09999999999999998
ViSmish_05584,1,1,0.99960417,True,1.0,paraphrased,Tuyển dụng giả,1.0,0.99804883,0.001951170000000002,0.09999999999999998
ViSmish_05585,1,1,0.99961865,True,1.0,paraphrased,Cờ bạc / Betting,1.0,0.99808429,0.001915710000000015,0.09999999999999998
ViSmish_05586,0,0,0.9994153,True,1.0,external_real,P2P hội thoại thông thường,1.0,0.0023617231999999992,0.9976382768,0.09999999999999998
ViSmish_05592,0,0,0.99932516,True,1.0,external_curated,P2P hard negative,1.0,0.0025329732999999997,0.9974670267,0.09999999999999998
ViSmish_05593,1,1,0.99960893,True,1.0,paraphrased,Tuyển dụng giả,1.0,0.99806034,0.0019396600000000097,0.09999999999999998
ViSmish_05594,0,0,0.9994105,True,1.0,external_curated,P2P hard negative,1.0,0.002371076999999999,0.997628923,0.09999999999999998
ViSmish_05597,0,0,0.9994355,True,1.0,external_real,P2P hội thoại thông thường,1.0,0.0023213649999999993,0.997678635,0.09999999999999998
ViSmish_05599,0,0,0.9994678,True,1.0,synthetic,Vận chuyển,1.0,0.0022555399999999995,0.99774446,0.09999999999999998
ViSmish_05600,1,1,0.99734336,True,1.0,paraphrased,Nội dung nhạy cảm,1.0,0.99509216,0.004907839999999997,0.09999999999999998
ViSmish_05602,0,0,0.9994485,True,1.0,real,Khác,1.0,0.0022951861999999995,0.9977048138,0.09999999999999998
ViSmish_05603,0,0,0.99931777,True,1.0,real,Viễn thông,1.0,0.0025463710999999996,0.9974536289,0.09999999999999998
ViSmish_05604,1,1,0.9996208,True,1.0,paraphrased,Cờ bạc / Betting,1.0,0.998089486,0.0019105139999999743,0.09999999999999998
ViSmish_05607,0,0,0.99949324,True,1.0,real,Tin nhắn cá nhân và OTP,1.0,0.0022020367999999995,0.9977979632,0.09999999999999998
ViSmish_05608,1,1,0.9995447,True,1.0,synthetic_hard_negative,Crypto / Đầu tư giả,1.0,0.9979103,0.002089699999999972,0.09999999999999998
ViSmish_05610,0,0,0.9994597,True,1.0,synthetic,Ngân hàng thật,1.0,0.002272392599999999,0.9977276074,0.09999999999999998
ViSmish_05611,0,0,0.99943644,True,1.0,external_real,P2P hội thoại thông thường,1.0,0.0023195506999999995,0.9976804493,0.09999999999999998
ViSmish_05612,1,1,0.9996284,True,1.0,paraphrased,BHXH / Trợ cấp giả,1.0,0.998108643,0.0018913569999999824,0.09999999999999998
ViSmish_05613,0,0,0.9994468,True,1.0,synthetic,Tin nhắn cá nhân và OTP,1.0,0.0022985396999999994,0.9977014603,0.09999999999999998
ViSmish_05615,1,1,0.9996227,True,1.0,paraphrased,Nội dung nhạy cảm,1.0,0.9980944,0.0019055999999999518,0.09999999999999998
ViSmish_05616,1,1,0.99961,True,1.0,paraphrased,Crypto / Đầu tư giả,1.0,0.99806291,0.0019370899999999747,0.09999999999999998
ViSmish_05617,1,1,0.999605,True,1.0,paraphrased,Giả mạo ngân hàng,1.0,0.998050976,0.001949023999999966,0.09999999999999998
ViSmish_05618,0,0,0.99947566,True,1.0,synthetic,Thương mại điện tử,1.0,0.0022391506999999995,0.9977608493,0.09999999999999998
ViSmish_05619,1,1,0.9996277,True,1.0,paraphrased,Tuyển dụng giả,1.0,0.9981067299999999,0.001893270000000058,0.09999999999999998
ViSmish_05621,0,0,0.99915123,True,1.0,real,Dịch vụ công thật,1.0,0.0028321217999999993,0.9971678782,0.09999999999999998
ViSmish_05623,1,1,0.99958235,True,1.0,paraphrased,Crypto / Đầu tư giả,1.0,0.99799676,0.0020032399999999617,0.09999999999999998
ViSmish_05624,0,0,0.9994543,True,1.0,synthetic,Vận chuyển,1.0,0.0022832439999999994,0.997716756,0.09999999999999998
ViSmish_05625,0,0,0.9994673,True,1.0,real,Ngân hàng thật,1.0,0.0022565135999999993,0.9977434864,0.09999999999999998
ViSmish_05626,1,1,0.999624,True,1.0,paraphrased,Crypto / Đầu tư giả,1.0,0.998097575,0.0019024250000000409,0.09999999999999998
ViSmish_05627,0,0,0.99947876,True,1.0,synthetic,Vận chuyển,1.0,0.0022326137999999995,0.9977673862,0.09999999999999998
ViSmish_05629,0,0,0.99947613,True,1.0,real,Viễn thông,1.0,0.0022382214999999996,0.9977617785,0.09999999999999998
ViSmish_05630,0,0,0.9993973,True,1.0,real,Viễn thông,1.0,0.0023969646999999995,0.9976030353,0.09999999999999998
ViSmish_05631,1,1,0.99961495,True,1.0,paraphrased,Dịch vụ công giả,1.0,0.99807513,0.0019248699999999674,0.09999999999999998
ViSmish_05632,0,0,0.99944,True,1.0,real,Khác,1.0,0.0023123971999999995,0.9976876028,0.09999999999999998
ViSmish_05634,0,0,0.9994605,True,1.0,external_real,P2P hội thoại thông thường,1.0,0.0022705934999999993,0.9977294065,0.09999999999999998
ViSmish_05635,1,1,0.9995834,True,1.0,paraphrased,Nội dung nhạy cảm,1.0,0.997999483,0.002000517000000035,0.09999999999999998
ViSmish_05636,0,0,0.99939704,True,1.0,real,Viễn thông,1.0,0.0023972955999999996,0.9976027044,0.09999999999999998
ViSmish_05637,1,1,0.9994791,True,1.0,paraphrased,Crypto / Đầu tư giả,1.0,0.997767967,0.0022320329999999666,0.09999999999999998
ViSmish_05638,0,0,0.99945706,True,1.0,synthetic,Vận chuyển,1.0,0.0022776223999999997,0.9977223776,0.09999999999999998
ViSmish_05640,0,0,0.9994382,True,1.0,external_curated,P2P hard negative,1.0,0.0023158825999999993,0.9976841174,0.09999999999999998
ViSmish_05642,1,1,0.99960643,True,1.0,paraphrased,BHXH / Trợ cấp giả,1.0,0.99805432,0.0019456799999999497,0.09999999999999998
ViSmish_05643,0,0,0.99946326,True,1.0,synthetic,Quảng cáo hợp lệ,1.0,0.0022648432999999996,0.9977351567,0.09999999999999998
ViSmish_05644,0,0,0.99940455,True,1.0,real,Quảng cáo hợp lệ,1.0,0.0023826512999999996,0.9976173487,0.09999999999999998
ViSmish_05645,0,0,0.99947304,True,1.0,real,Tin nhắn cá nhân và OTP,1.0,0.0022447622999999996,0.9977552377,0.09999999999999998
ViSmish_05649,0,0,0.99945825,True,1.0,synthetic,Quảng cáo hợp lệ,1.0,0.0022752603999999996,0.9977247396,0.09999999999999998
ViSmish_05651,0,0,0.9993839,True,1.0,real,Dịch vụ công thật,1.0,0.0024225458999999998,0.9975774541,0.09999999999999998
ViSmish_05652,1,1,0.9996189,True,1.0,paraphrased,Crypto / Đầu tư giả,1.0,0.99808498,0.0019150199999999895,0.09999999999999998
ViSmish_05653,1,1,0.99960726,True,1.0,paraphrased,Crypto / Đầu tư giả,1.0,0.998056203,0.0019437970000000249,0.09999999999999998
ViSmish_05654,0,0,0.9994549,True,1.0,synthetic,Tin nhắn cá nhân và OTP,1.0,0.0022820781999999995,0.9977179218,0.09999999999999998
ViSmish_05655,1,1,0.99961853,True,1.0,paraphrased,Cờ bạc / Betting,1.0,0.998084074,0.0019159260000000122,0.09999999999999998
ViSmish_05656,0,0,0.99931395,True,1.0,real,Quảng cáo hợp lệ,1.0,0.0025531945999999993,0.9974468054,0.09999999999999998
ViSmish_05657,0,0,0.99945337,True,1.0,synthetic,Dịch vụ y tế,1.0,0.0022852345999999995,0.9977147654,0.09999999999999998
ViSmish_05658,1,1,0.99962354,True,1.0,paraphrased,Giả mạo ngân hàng,1.0,0.9980963469999999,0.0019036530000000607,0.09999999999999998
ViSmish_05659,1,1,0.99960667,True,1.0,paraphrased,BHXH / Trợ cấp giả,1.0,0.998054963,0.0019450370000000383,0.09999999999999998
ViSmish_05660,0,0,0.9994593,True,1.0,real,Khác,1.0,0.0022730027999999995,0.9977269972,0.09999999999999998
ViSmish_05661,0,0,0.99939966,True,1.0,external_curated,P2P hard negative,1.0,0.0023923322999999993,0.9976076677,0.09999999999999998
ViSmish_05662,1,1,0.9996216,True,1.0,paraphrased,Dịch vụ công giả,1.0,0.99809152,0.0019084799999999902,0.09999999999999998
ViSmish_05663,1,1,0.9996238,True,1.0,paraphrased,BHXH / Trợ cấp giả,1.0,0.99809682,0.0019031800000000043,0.09999999999999998
ViSmish_05664,1,1,0.9996203,True,1.0,paraphrased,Giả mạo ngân hàng,1.0,0.998088354,0.0019116460000000446,0.09999999999999998
ViSmish_05665,1,1,0.99959856,True,1.0,paraphrased,Nội dung nhạy cảm,1.0,0.9980352299999999,0.00196477000000006,0.09999999999999998
ViSmish_05666,0,0,0.9994536,True,1.0,synthetic,Viễn thông,1.0,0.0022847484999999994,0.9977152515,0.09999999999999998
ViSmish_05667,1,1,0.9996082,True,1.0,paraphrased,Tuyển dụng giả,1.0,0.99805849,0.0019415099999999796,0.09999999999999998
ViSmish_05668,1,1,0.99957615,True,1.0,paraphrased,Nội dung nhạy cảm,1.0,0.997982305,0.0020176950000000415,0.09999999999999998
ViSmish_05669,0,0,0.9990822,True,1.0,real,Khác,1.0,0.0029416799999999995,0.99705832,0.09999999999999998
ViSmish_05671,0,0,0.99949217,True,1.0,synthetic,Thương mại điện tử,1.0,0.0022043738999999994,0.9977956261,0.09999999999999998
ViSmish_05672,0,0,0.99945337,True,1.0,synthetic,Ngân hàng thật,1.0,0.0022852496999999994,0.9977147503,0.09999999999999998
ViSmish_05673,1,1,0.99940145,True,1.0,real,Khác,1.0,0.997611266,0.002388733999999948,0.09999999999999998
ViSmish_05674,1,1,0.9996075,True,1.0,paraphrased,Giả mạo ngân hàng,1.0,0.9980568400000001,0.0019431599999999438,0.09999999999999998
ViSmish_05675,0,0,0.9994636,True,1.0,real,Tin nhắn cá nhân và OTP,1.0,0.002264086699999999,0.9977359133,0.09999999999999998
ViSmish_05676,0,0,0.99923587,True,1.0,external_curated,P2P hard negative,1.0,0.002691042399999999,0.9973089576,0.09999999999999998
ViSmish_05678,1,1,0.9996214,True,1.0,paraphrased,Tuyển dụng giả,1.0,0.998090965,0.0019090349999999479,0.09999999999999998
ViSmish_05679,1,1,0.9995459,True,1.0,paraphrased,Giả mạo ngân hàng,1.0,0.997913057,0.0020869430000000078,0.09999999999999998
ViSmish_05680,0,0,0.99947125,True,1.0,real,Khác,1.0,0.0022482983999999994,0.9977517016,0.09999999999999998
ViSmish_05681,1,1,0.99959856,True,1.0,paraphrased,Dịch vụ công giả,1.0,0.99803547,0.0019645299999999644,0.09999999999999998
ViSmish_05683,0,0,0.99946576,True,1.0,synthetic,Dịch vụ y tế,1.0,0.0022597444999999995,0.9977402555,0.09999999999999998
ViSmish_05684,0,0,0.99947375,True,1.0,synthetic,Dịch vụ y tế,1.0,0.0022432311999999992,0.9977567688,0.09999999999999998
ViSmish_05685,1,1,0.99956316,True,1.0,paraphrased,Đòi nợ / Đe dọa,1.0,0.99795243,0.0020475699999999986,0.09999999999999998
ViSmish_05686,1,1,0.99960035,True,1.0,paraphrased,Dịch vụ công giả,1.0,0.9980395,0.0019605000000000317,0.09999999999999998
ViSmish_05687,0,0,0.99946207,True,1.0,synthetic,Dịch vụ y tế,1.0,0.0022672583999999996,0.9977327416,0.09999999999999998
ViSmish_05688,1,1,0.9996214,True,1.0,paraphrased,BHXH / Trợ cấp giả,1.0,0.998091125,0.001908875000000032,0.09999999999999998
ViSmish_05689,1,1,0.99961555,True,1.0,paraphrased,Dịch vụ công giả,1.0,0.998076576,0.001923424000000007,0.09999999999999998
ViSmish_05692,1,1,0.99956757,True,1.0,paraphrased,Crypto / Đầu tư giả,1.0,0.9979625,0.0020375000000000254,0.09999999999999998
ViSmish_05693,1,1,0.99953127,True,1.0,synthetic_hard_negative,Khác,1.0,0.99788022,0.0021197800000000155,0.09999999999999998
ViSmish_05694,1,1,0.9996094,True,1.0,paraphrased,Crypto / Đầu tư giả,1.0,0.99806162,0.0019383800000000173,0.09999999999999998
ViSmish_05695,1,1,0.99961203,True,1.0,paraphrased,Nội dung nhạy cảm,1.0,0.998068064,0.0019319359999999675,0.09999999999999998
ViSmish_05696,0,0,0.9994804,True,1.0,synthetic,Ngân hàng thật,1.0,0.0022292730999999995,0.9977707269,0.09999999999999998
ViSmish_05698,1,1,0.9993498,True,1.0,paraphrased,Cờ bạc / Betting,1.0,0.99751276,0.0024872400000000017,0.09999999999999998
ViSmish_05699,1,1,0.9996309,True,1.0,paraphrased,BHXH / Trợ cấp giả,1.0,0.99811492,0.0018850799999999834,0.09999999999999998
ViSmish_05700,0,0,0.99905866,True,1.0,real,Dịch vụ công thật,1.0,0.0029781456999999996,0.9970218543,0.09999999999999998
ViSmish_05701,1,1,0.99958974,True,1.0,paraphrased,Giả mạo ngân hàng,1.0,0.99801444,0.001985560000000053,0.09999999999999998
ViSmish_05703,1,1,0.99962497,True,1.0,paraphrased,Dịch vụ công giả,1.0,0.998099995,0.0019000049999999824,0.09999999999999998
ViSmish_05705,0,0,0.99947876,True,1.0,synthetic,Dịch vụ y tế,1.0,0.0022327314999999997,0.9977672685,0.09999999999999998
ViSmish_05706,0,0,0.99946696,True,1.0,synthetic,Thương mại điện tử,1.0,0.0022572924999999995,0.9977427075,0.09999999999999998
ViSmish_05707,0,0,0.99938595,True,1.0,external_curated,P2P hard negative,1.0,0.0024187715999999995,0.9975812284,0.09999999999999998
ViSmish_05708,1,1,0.9996294,True,1.0,paraphrased,Cờ bạc / Betting,1.0,0.99811094,0.001889059999999998,0.09999999999999998
ViSmish_05709,1,1,0.99959534,True,1.0,paraphrased,BHXH / Trợ cấp giả,1.0,0.99802757,0.001972430000000025,0.09999999999999998
ViSmish_05710,0,0,0.9994154,True,1.0,external_curated,P2P hard negative,1.0,0.0023615239999999994,0.997638476,0.09999999999999998
ViSmish_05711,1,1,0.9995747,True,1.0,paraphrased,Nội dung nhạy cảm,1.0,0.99797896,0.0020210400000000295,0.09999999999999998
ViSmish_05712,1,1,0.99961686,True,1.0,paraphrased,Dịch vụ công giả,1.0,0.99807978,0.001920220000000028,0.09999999999999998
ViSmish_05713,1,1,0.9995316,True,1.0,synthetic_hard_negative,Khác,1.0,0.99788108,0.002118920000000024,0.09999999999999998
ViSmish_05714,1,1,0.9995459,True,1.0,paraphrased,Tuyển dụng giả,1.0,0.997912955,0.0020870450000000096,0.09999999999999998
ViSmish_05715,0,0,0.9994332,True,1.0,synthetic,Tin nhắn cá nhân và OTP,1.0,0.0023258523999999995,0.9976741476,0.09999999999999998
ViSmish_05717,0,0,0.99947375,True,1.0,external_real,P2P hội thoại thông thường,1.0,0.0022431583999999996,0.9977568416,0.09999999999999998
ViSmish_05718,0,0,0.99947196,True,1.0,synthetic,Thương mại điện tử,1.0,0.0022469480999999995,0.9977530519,0.09999999999999998
ViSmish_05719,0,0,0.9994423,True,1.0,external_real,P2P hội thoại thông thường,1.0,0.0023077146999999996,0.9976922853,0.09999999999999998
ViSmish_05720,1,1,0.9995863,True,1.0,paraphrased,Crypto / Đầu tư giả,1.0,0.998006046,0.00199395400000002,0.09999999999999998
ViSmish_05721,0,0,0.99942005,True,1.0,real,Quảng cáo hợp lệ,1.0,0.0023524123999999996,0.9976475876,0.09999999999999998
ViSmish_05722,0,0,0.9994672,True,1.0,external_real,P2P hội thoại thông thường,1.0,0.0022566839999999997,0.997743316,0.09999999999999998
ViSmish_05723,1,1,0.99961615,True,1.0,paraphrased,Dịch vụ công giả,1.0,0.99807804,0.0019219600000000003,0.09999999999999998
ViSmish_05725,1,1,0.99963164,True,1.0,paraphrased,BHXH / Trợ cấp giả,1.0,0.99811663,0.0018833700000000508,0.09999999999999998
ViSmish_05727,1,1,0.9996183,True,1.0,paraphrased,BHXH / Trợ cấp giả,1.0,0.99808333,0.0019166699999999537,0.09999999999999998
ViSmish_05728,0,0,0.99946386,True,1.0,synthetic,Viễn thông,1.0,0.0022638095999999996,0.9977361904,0.09999999999999998
ViSmish_05729,0,0,0.9993783,True,1.0,external_real,P2P hội thoại thông thường,1.0,0.0024334126999999996,0.9975665873,0.09999999999999998
ViSmish_05730,0,0,0.99914694,True,1.0,external_real,P2P hội thoại thông thường,1.0,0.0028389129999999993,0.997161087,0.09999999999999998
ViSmish_05732,1,0,0.9946976,False,0.3,real,Giả mạo ngân hàng,0.0,1.0,0.0,0.0
ViSmish_05733,0,0,0.9994174,True,1.0,synthetic,Thương mại điện tử,1.0,0.0023575594999999997,0.9976424405,0.09999999999999998
ViSmish_05737,0,0,0.99945897,True,1.0,synthetic,Dịch vụ y tế,1.0,0.0022737115999999996,0.9977262884,0.09999999999999998
ViSmish_05738,1,1,0.9995622,True,1.0,synthetic_hard_negative,Khác,1.0,0.997950166,0.002049834000000028,0.09999999999999998
ViSmish_05739,1,1,0.9995901,True,1.0,paraphrased,Cờ bạc / Betting,1.0,0.998015046,0.0019849539999999832,0.09999999999999998
ViSmish_05740,1,1,0.9995448,True,1.0,paraphrased,Nội dung nhạy cảm,1.0,0.997910666,0.0020893339999999982,0.09999999999999998
ViSmish_05741,0,0,0.99864763,True,1.0,synthetic,Ngân hàng thật,1.0,0.003549405199999999,0.9964505948,0.09999999999999998
ViSmish_05742,1,1,0.99959904,True,1.0,paraphrased,Tuyển dụng giả,1.0,0.998036397,0.0019636029999999804,0.09999999999999998
ViSmish_05743,1,1,0.99961394,True,1.0,paraphrased,Cờ bạc / Betting,1.0,0.99807264,0.0019273600000000446,0.09999999999999998
ViSmish_05744,1,1,0.9996137,True,1.0,paraphrased,Nội dung nhạy cảm,1.0,0.998071927,0.0019280729999999746,0.09999999999999998
ViSmish_05745,1,1,0.9996283,True,1.0,paraphrased,Giả mạo ngân hàng,1.0,0.99810832,0.0018916799999999512,0.09999999999999998
ViSmish_05746,1,1,0.9995914,True,1.0,paraphrased,Cờ bạc / Betting,1.0,0.99801819,0.0019818099999999728,0.09999999999999998
ViSmish_05747,0,0,0.99946445,True,1.0,synthetic,Ngân hàng thật,1.0,0.0022624806999999997,0.9977375193,0.09999999999999998
ViSmish_05748,1,1,0.99952614,True,1.0,paraphrased,Tuyển dụng giả,1.0,0.9978689000000001,0.0021310999999999414,0.09999999999999998
ViSmish_05749,0,0,0.99942744,True,1.0,real,Tin nhắn cá nhân và OTP,1.0,0.0023376803999999997,0.9976623196,0.09999999999999998
ViSmish_05750,1,1,0.9996026,True,1.0,paraphrased,Crypto / Đầu tư giả,1.0,0.99804497,0.0019550299999999687,0.09999999999999998
ViSmish_05751,1,1,0.99931526,True,1.0,paraphrased,Cờ bạc / Betting,1.0,0.99744903,0.0025509700000000413,0.09999999999999998
ViSmish_05752,0,0,0.99935645,True,1.0,real,Khác,1.0,0.0024749403999999994,0.9975250596,0.09999999999999998
ViSmish_05753,0,0,0.9994831,True,1.0,real,Viễn thông,1.0,0.0022234925999999994,0.9977765074,0.09999999999999998
ViSmish_05755,1,1,0.9996239,True,1.0,paraphrased,BHXH / Trợ cấp giả,1.0,0.99809724,0.0019027600000000033,0.09999999999999998
ViSmish_05756,1,1,0.9996151,True,1.0,paraphrased,Đòi nợ / Đe dọa,1.0,0.99807561,0.001924389999999998,0.09999999999999998
ViSmish_05757,1,1,0.9996136,True,1.0,paraphrased,Tuyển dụng giả,1.0,0.998071724,0.0019282760000000065,0.09999999999999998
ViSmish_05758,0,0,0.99944943,True,1.0,synthetic,Dịch vụ y tế,1.0,0.0022932772999999995,0.9977067227,0.09999999999999998
ViSmish_05759,1,1,0.99958104,True,1.0,paraphrased,Crypto / Đầu tư giả,1.0,0.997993696,0.0020063040000000143,0.09999999999999998
ViSmish_05760,0,0,0.99946886,True,1.0,synthetic,Thương mại điện tử,1.0,0.0022534062999999996,0.9977465937,0.09999999999999998
ViSmish_05761,0,0,0.99943346,True,1.0,synthetic,Dịch vụ y tế,1.0,0.0023254388999999994,0.9976745611,0.09999999999999998
ViSmish_05762,1,1,0.99957114,True,1.0,paraphrased,Crypto / Đầu tư giả,1.0,0.997970814,0.002029186000000016,0.09999999999999998
ViSmish_05764,0,0,0.9994517,True,1.0,external_real,P2P hội thoại thông thường,1.0,0.0022885396999999994,0.9977114603,0.09999999999999998
ViSmish_05765,1,1,0.9996146,True,1.0,paraphrased,Cờ bạc / Betting,1.0,0.998074293,0.0019257070000000542,0.09999999999999998
ViSmish_05766,0,0,0.9994665,True,1.0,real,Viễn thông,1.0,0.0022583284999999997,0.9977416715,0.09999999999999998
ViSmish_05767,1,1,0.9996233,True,1.0,paraphrased,BHXH / Trợ cấp giả,1.0,0.998095727,0.0019042729999999564,0.09999999999999998
ViSmish_05768,1,1,0.99961996,True,1.0,paraphrased,Dịch vụ công giả,1.0,0.998087513,0.0019124870000000183,0.09999999999999998
ViSmish_05769,0,0,0.9994955,True,1.0,real,Tin nhắn cá nhân và OTP,1.0,0.0021971808999999994,0.9978028191,0.09999999999999998
ViSmish_05771,1,1,0.99959093,True,1.0,paraphrased,Giả mạo ngân hàng,1.0,0.99801706,0.0019829399999999886,0.09999999999999998
ViSmish_05772,1,1,0.99960643,True,1.0,paraphrased,Dịch vụ công giả,1.0,0.99805422,0.001945780000000008,0.09999999999999998
ViSmish_05776,0,0,0.9994765,True,1.0,external_real,P2P hội thoại thông thường,1.0,0.0022375569,0.9977624431,0.09999999999999998
ViSmish_05777,0,0,0.9994553,True,1.0,external_curated,P2P hard negative,1.0,0.0022813742999999997,0.9977186257,0.09999999999999998
ViSmish_05778,1,1,0.9995696,True,1.0,paraphrased,Đòi nợ / Đe dọa,1.0,0.997967005,0.002032994999999982,0.09999999999999998
ViSmish_05779,1,1,0.99960464,True,1.0,paraphrased,Crypto / Đầu tư giả,1.0,0.99805006,0.0019499400000000389,0.09999999999999998
ViSmish_05780,1,1,0.9981199,True,1.0,paraphrased,Cờ bạc / Betting,1.0,0.99584046,0.004159539999999962,0.09999999999999998
ViSmish_05782,1,1,0.9993217,True,1.0,paraphrased,Crypto / Đầu tư giả,1.0,0.99746081,0.0025391900000000245,0.09999999999999998
ViSmish_05783,1,1,0.9996051,True,1.0,paraphrased,Đòi nợ / Đe dọa,1.0,0.9980512500000001,0.0019487499999999436,0.09999999999999998
ViSmish_05784,0,0,0.9993967,True,1.0,real,Viễn thông,1.0,0.0023981658999999993,0.9976018341,0.09999999999999998
ViSmish_05785,1,1,0.99959964,True,1.0,paraphrased,Cờ bạc / Betting,1.0,0.9980378599999999,0.0019621400000000566,0.09999999999999998
ViSmish_05786,1,1,0.99945706,True,1.0,paraphrased,Crypto / Đầu tư giả,1.0,0.9977223749999999,0.002277625000000061,0.09999999999999998
ViSmish_05788,1,1,0.99962366,True,1.0,paraphrased,Cờ bạc / Betting,1.0,0.998096645,0.001903355000000051,0.09999999999999998
ViSmish_05790,0,0,0.9994394,True,1.0,synthetic,Tin nhắn cá nhân và OTP,1.0,0.0023136076999999994,0.9976863923,0.09999999999999998
ViSmish_05791,0,0,0.9994293,True,1.0,real,Viễn thông,1.0,0.002333825499999999,0.9976661745,0.09999999999999998
ViSmish_05792,0,0,0.99927515,True,1.0,external_real,P2P hội thoại thông thường,1.0,0.0026226877999999993,0.9973773122,0.09999999999999998
ViSmish_05794,0,0,0.99948955,True,1.0,synthetic,Thương mại điện tử,1.0,0.0022099321999999996,0.9977900678,0.09999999999999998
ViSmish_05795,0,0,0.9993766,True,1.0,external_curated,P2P hard negative,1.0,0.0024366985999999995,0.9975633014,0.09999999999999998
ViSmish_05796,1,1,0.9996283,True,1.0,paraphrased,BHXH / Trợ cấp giả,1.0,0.998108333,0.0018916669999999858,0.09999999999999998
ViSmish_05797,1,1,0.9994406,True,1.0,paraphrased,Đòi nợ / Đe dọa,1.0,0.99768887,0.00231113000000005,0.09999999999999998
ViSmish_05799,1,1,0.9996159,True,1.0,paraphrased,Tuyển dụng giả,1.0,0.99807762,0.0019223800000000013,0.09999999999999998
ViSmish_05801,0,0,0.9994204,True,1.0,external_curated,P2P hard negative,1.0,0.0023516201999999996,0.9976483798,0.09999999999999998
ViSmish_05804,1,1,0.99961853,True,1.0,paraphrased,Crypto / Đầu tư giả,1.0,0.998083854,0.0019161460000000075,0.09999999999999998
ViSmish_05806,1,1,0.99956983,True,1.0,paraphrased,Đòi nợ / Đe dọa,1.0,0.997967714,0.0020322860000000498,0.09999999999999998
ViSmish_05807,1,1,0.99953604,True,1.0,synthetic_hard_negative,BHXH / Trợ cấp giả,1.0,0.997891027,0.002108973000000014,0.09999999999999998
ViSmish_05809,0,0,0.9994541,True,1.0,external_curated,P2P hard negative,1.0,0.0022838321999999996,0.9977161678,0.09999999999999998
ViSmish_05810,1,1,0.99962866,True,1.0,paraphrased,Tuyển dụng giả,1.0,0.99810901,0.0018909900000000368,0.09999999999999998
ViSmish_05811,1,1,0.9995896,True,1.0,paraphrased,Cờ bạc / Betting,1.0,0.99801394,0.0019860600000000117,0.09999999999999998
ViSmish_05812,1,1,0.9995834,True,1.0,paraphrased,Nội dung nhạy cảm,1.0,0.99799933,0.0020006700000000377,0.09999999999999998
ViSmish_05815,0,0,0.9994854,True,1.0,synthetic,Vận chuyển,1.0,0.0022186226999999993,0.9977813773,0.09999999999999998
ViSmish_05816,1,1,0.9996184,True,1.0,paraphrased,Giả mạo ngân hàng,1.0,0.998083603,0.0019163970000000141,0.09999999999999998
ViSmish_05817,0,0,0.9994804,True,1.0,synthetic,Vận chuyển,1.0,0.0022293529999999995,0.997770647,0.09999999999999998
ViSmish_05818,1,1,0.99963164,True,1.0,paraphrased,Đòi nợ / Đe dọa,1.0,0.99811646,0.0018835400000000169,0.09999999999999998
ViSmish_05820,0,0,0.9994752,True,1.0,synthetic,Thương mại điện tử,1.0,0.0022402161999999994,0.9977597838,0.09999999999999998
ViSmish_05822,0,0,0.9994997,True,1.0,synthetic,Dịch vụ y tế,1.0,0.0021883664999999995,0.9978116335,0.09999999999999998
ViSmish_05825,0,0,0.9994617,True,1.0,synthetic,Tin nhắn cá nhân và OTP,1.0,0.0022680783999999995,0.9977319216,0.09999999999999998
ViSmish_05826,1,1,0.99950576,True,1.0,paraphrased,Cờ bạc / Betting,1.0,0.997824806,0.0021751939999999914,0.09999999999999998
ViSmish_05827,0,0,0.99946934,True,1.0,real,Khác,1.0,0.0022522955999999994,0.9977477044,0.09999999999999998
ViSmish_05828,1,1,0.99960464,True,1.0,paraphrased,Nội dung nhạy cảm,1.0,0.99805007,0.0019499299999999886,0.09999999999999998
ViSmish_05829,0,0,0.9993635,True,1.0,external_real,P2P hội thoại thông thường,1.0,0.0024617375999999996,0.9975382624,0.09999999999999998
ViSmish_05833,1,1,0.9996177,True,1.0,paraphrased,Đòi nợ / Đe dọa,1.0,0.998082066,0.0019179339999999545,0.09999999999999998
ViSmish_05835,0,0,0.99935645,True,1.0,external_real,P2P hội thoại thông thường,1.0,0.0024748818999999994,0.9975251181,0.09999999999999998
ViSmish_05836,0,0,0.99947053,True,1.0,external_curated,P2P hard negative,1.0,0.0022499590999999993,0.9977500409,0.09999999999999998
ViSmish_05837,0,0,0.99944776,True,1.0,synthetic,Tin nhắn cá nhân và OTP,1.0,0.0022966822999999996,0.9977033177,0.09999999999999998
ViSmish_05838,1,1,0.9996208,True,1.0,paraphrased,BHXH / Trợ cấp giả,1.0,0.998089635,0.0019103649999999694,0.09999999999999998
ViSmish_05839,1,1,0.9996118,True,1.0,paraphrased,Cờ bạc / Betting,1.0,0.998067343,0.0019326570000000043,0.09999999999999998
ViSmish_05840,1,1,0.99960774,True,1.0,paraphrased,Cờ bạc / Betting,1.0,0.99805745,0.0019425499999999873,0.09999999999999998
ViSmish_05841,1,1,0.9996191,True,1.0,paraphrased,Tuyển dụng giả,1.0,0.99808561,0.0019143900000000436,0.09999999999999998
ViSmish_05844,0,0,0.99931383,True,1.0,synthetic,Ngân hàng thật,1.0,0.0025535713999999994,0.9974464286,0.09999999999999998
ViSmish_05845,1,1,0.9995833,True,1.0,paraphrased,BHXH / Trợ cấp giả,1.0,0.99799918,0.0020008200000000143,0.09999999999999998
ViSmish_05847,0,0,0.99942076,True,1.0,external_curated,P2P hard negative,1.0,0.0023508915999999997,0.9976491084,0.09999999999999998
ViSmish_05850,0,0,0.9994417,True,1.0,synthetic,Thương mại điện tử,1.0,0.0023089305999999996,0.9976910694,0.09999999999999998
ViSmish_05851,1,1,0.9996024,True,1.0,paraphrased,Crypto / Đầu tư giả,1.0,0.99804453,0.001955469999999959,0.09999999999999998
ViSmish_05852,0,0,0.99946195,True,1.0,synthetic,Tin nhắn cá nhân và OTP,1.0,0.0022675362999999994,0.9977324637,0.09999999999999998
ViSmish_05853,1,1,0.9996124,True,1.0,paraphrased,Tuyển dụng giả,1.0,0.99806871,0.00193129000000003,0.09999999999999998
ViSmish_05854,1,1,0.999514,True,1.0,paraphrased,Nội dung nhạy cảm,1.0,0.997842544,0.0021574559999999465,0.09999999999999998
ViSmish_05856,1,1,0.99946123,True,1.0,real,Giả mạo ngân hàng,1.0,0.99773103,0.002268970000000037,0.09999999999999998
ViSmish_05859,1,1,0.9996086,True,1.0,paraphrased,Nội dung nhạy cảm,1.0,0.9980594,0.001940599999999959,0.09999999999999998
ViSmish_05860,0,0,0.99929976,True,1.0,external_real,P2P hội thoại thông thường,1.0,0.0025789055999999996,0.9974210944,0.09999999999999998
ViSmish_05862,1,1,0.9996226,True,1.0,paraphrased,Tuyển dụng giả,1.0,0.998094016,0.0019059839999999717,0.09999999999999998
ViSmish_05863,1,1,0.999619,True,1.0,paraphrased,Dịch vụ công giả,1.0,0.998085254,0.0019147459999999672,0.09999999999999998
ViSmish_05867,1,1,0.9995571,True,1.0,paraphrased,Nội dung nhạy cảm,1.0,0.997938466,0.002061533999999976,0.09999999999999998
ViSmish_05869,0,0,0.9994609,True,1.0,synthetic,Ngân hàng thật,1.0,0.0022698698999999993,0.9977301301,0.09999999999999998
ViSmish_05870,0,0,0.9994197,True,1.0,real,Khác,1.0,0.0023529644999999992,0.9976470355,0.09999999999999998
ViSmish_05872,0,0,0.9991742,True,1.0,external_real,P2P hội thoại thông thường,1.0,0.0027944888999999994,0.9972055111,0.09999999999999998
ViSmish_05874,0,0,0.9994597,True,1.0,real,Quảng cáo hợp lệ,1.0,0.0022723441999999996,0.9977276558,0.09999999999999998
ViSmish_05875,1,1,0.9996008,True,1.0,paraphrased,Crypto / Đầu tư giả,1.0,0.998040843,0.0019591570000000447,0.09999999999999998
ViSmish_05876,0,0,0.9994087,True,1.0,external_real,P2P hội thoại thông thường,1.0,0.0023744917999999997,0.9976255082,0.09999999999999998
ViSmish_05877,1,1,0.9995906,True,1.0,paraphrased,Crypto / Đầu tư giả,1.0,0.998016375,0.0019836250000000444,0.09999999999999998
ViSmish_05878,0,0,0.9993345,True,1.0,real,Dịch vụ công thật,1.0,0.0025154891999999997,0.9974845108,0.09999999999999998
ViSmish_05879,1,1,0.99961334,True,1.0,paraphrased,Crypto / Đầu tư giả,1.0,0.9980710269999999,0.001928973000000056,0.09999999999999998
ViSmish_05880,1,1,0.9995566,True,1.0,paraphrased,Nội dung nhạy cảm,1.0,0.99793727,0.0020627300000000126,0.09999999999999998
ViSmish_05883,0,0,0.99900407,True,1.0,real,Dịch vụ công thật,1.0,0.0030607969999999996,0.996939203,0.09999999999999998
ViSmish_05885,1,1,0.9995394,True,1.0,paraphrased,Đòi nợ / Đe dọa,1.0,0.99789827,0.002101730000000024,0.09999999999999998
ViSmish_05887,0,0,0.99947625,True,1.0,synthetic,Ngân hàng thật,1.0,0.0022378587999999995,0.9977621412,0.09999999999999998
ViSmish_05888,1,1,0.9993074,True,1.0,paraphrased,Cờ bạc / Betting,1.0,0.99743493,0.002565069999999947,0.09999999999999998
ViSmish_05891,1,1,0.9981343,True,1.0,paraphrased,BHXH / Trợ cấp giả,1.0,0.995855695,0.004144304999999959,0.09999999999999998
ViSmish_05892,1,1,0.9994925,True,1.0,synthetic_hard_negative,Khác,1.0,0.997796416,0.0022035839999999807,0.09999999999999998
ViSmish_05893,1,1,0.9996164,True,1.0,paraphrased,Giả mạo ngân hàng,1.0,0.99807865,0.0019213500000000439,0.09999999999999998
ViSmish_05894,0,0,0.99943525,True,1.0,external_real,P2P hội thoại thông thường,1.0,0.0023218446999999994,0.9976781553,0.09999999999999998
ViSmish_05895,0,0,0.9994808,True,1.0,real,Khác,1.0,0.0022284138999999997,0.9977715861,0.09999999999999998
ViSmish_05896,0,0,0.9993561,True,1.0,external_real,P2P hội thoại thông thường,1.0,0.0024755549999999995,0.997524445,0.09999999999999998
ViSmish_05897,1,1,0.9996207,True,1.0,paraphrased,Tuyển dụng giả,1.0,0.998089266,0.0019107339999999695,0.09999999999999998
ViSmish_05898,0,0,0.9994698,True,1.0,synthetic,Viễn thông,1.0,0.0022514821999999996,0.9977485178,0.09999999999999998
ViSmish_05899,0,0,0.99945515,True,1.0,real,Tin nhắn cá nhân và OTP,1.0,0.0022815677999999994,0.9977184322,0.09999999999999998
ViSmish_05900,0,0,0.99945074,True,1.0,synthetic,Ngân hàng thật,1.0,0.0022905745,0.9977094255,0.09999999999999998
ViSmish_05903,1,1,0.9996151,True,1.0,paraphrased,Crypto / Đầu tư giả,1.0,0.998075384,0.0019246160000000456,0.09999999999999998
ViSmish_05904,0,0,0.998451,True,1.0,real,Dịch vụ công thật,1.0,0.003789561999999999,0.996210438,0.09999999999999998
ViSmish_05905,1,1,0.99960107,True,1.0,paraphrased,Crypto / Đầu tư giả,1.0,0.99804135,0.0019586499999999507,0.09999999999999998
ViSmish_05906,1,1,0.9996214,True,1.0,paraphrased,Cờ bạc / Betting,1.0,0.99809094,0.001909060000000018,0.09999999999999998
ViSmish_05907,1,1,0.99960726,True,1.0,paraphrased,Đòi nợ / Đe dọa,1.0,0.99805633,0.001943669999999953,0.09999999999999998
ViSmish_05908,0,0,0.99936885,True,1.0,real,Viễn thông,1.0,0.0024515162999999996,0.9975484837,0.09999999999999998
ViSmish_05910,1,1,0.99798644,True,1.0,paraphrased,BHXH / Trợ cấp giả,1.0,0.99570136,0.00429864000000002,0.09999999999999998
ViSmish_05911,0,0,0.99947196,True,1.0,real,Tin nhắn cá nhân và OTP,1.0,0.0022469400999999994,0.9977530599,0.09999999999999998
ViSmish_05914,1,1,0.999617,True,1.0,paraphrased,Cờ bạc / Betting,1.0,0.99808023,0.0019197699999999873,0.09999999999999998
ViSmish_05916,0,0,0.99946517,True,1.0,real,Khác,1.0,0.0022608875999999994,0.9977391124,0.09999999999999998
ViSmish_05917,1,1,0.9994367,True,1.0,real,Giả mạo ngân hàng,1.0,0.997680885,0.0023191150000000382,0.09999999999999998
ViSmish_05918,1,1,0.9996284,True,1.0,paraphrased,Tuyển dụng giả,1.0,0.99810853,0.0018914700000000062,0.09999999999999998
ViSmish_05921,1,1,0.9996247,True,1.0,paraphrased,Tuyển dụng giả,1.0,0.99809942,0.0019005800000000406,0.09999999999999998
ViSmish_05922,1,1,0.99949646,True,1.0,paraphrased,Dịch vụ công giả,1.0,0.997804844,0.002195155999999976,0.09999999999999998
ViSmish_05923,0,0,0.9994661,True,1.0,synthetic,Tin nhắn cá nhân và OTP,1.0,0.0022590999999999996,0.9977409,0.09999999999999998
ViSmish_05925,1,1,0.99956757,True,1.0,paraphrased,Đòi nợ / Đe dọa,1.0,0.997962326,0.0020376739999999893,0.09999999999999998
ViSmish_05926,1,1,0.99961746,True,1.0,paraphrased,Cờ bạc / Betting,1.0,0.998081297,0.001918702999999966,0.09999999999999998
ViSmish_05927,0,0,0.99947435,True,1.0,synthetic,Tin nhắn cá nhân và OTP,1.0,0.0022418572999999995,0.9977581427,0.09999999999999998
ViSmish_05928,1,1,0.9995982,True,1.0,paraphrased,Nội dung nhạy cảm,1.0,0.99803438,0.0019656200000000013,0.09999999999999998
ViSmish_05931,1,1,0.9995876,True,1.0,paraphrased,Đòi nợ / Đe dọa,1.0,0.99800915,0.0019908499999999885,0.09999999999999998
ViSmish_05932,0,0,0.99948263,True,1.0,real,Khác,1.0,0.0022246073999999997,0.9977753926,0.09999999999999998
ViSmish_05933,0,0,0.999087,True,1.0,real,Khác,1.0,0.0029342174999999996,0.9970657825,0.09999999999999998
ViSmish_05934,1,1,0.99956495,True,1.0,paraphrased,Crypto / Đầu tư giả,1.0,0.9979564,0.0020436000000000343,0.09999999999999998
ViSmish_05935,1,1,0.9995764,True,1.0,paraphrased,Crypto / Đầu tư giả,1.0,0.997982866,0.0020171340000000315,0.09999999999999998
ViSmish_05936,0,0,0.99948514,True,1.0,synthetic,Vận chuyển,1.0,0.0022192349999999995,0.997780765,0.09999999999999998
ViSmish_05937,1,1,0.999619,True,1.0,paraphrased,Đòi nợ / Đe dọa,1.0,0.998085105,0.001914894999999972,0.09999999999999998
ViSmish_05938,0,0,0.9994215,True,1.0,synthetic,Ngân hàng thật,1.0,0.0023494979999999993,0.997650502,0.09999999999999998
ViSmish_05939,1,1,0.999577,True,1.0,paraphrased,Cờ bạc / Betting,1.0,0.997984236,0.002015764000000031,0.09999999999999998
ViSmish_05941,0,0,0.9991986,True,1.0,synthetic,Ngân hàng thật,1.0,0.002753943999999999,0.997246056,0.09999999999999998
ViSmish_05942,0,0,0.99940884,True,1.0,real,Viễn thông,1.0,0.0023742701999999996,0.9976257298,0.09999999999999998
ViSmish_05943,0,0,0.99945873,True,1.0,real,Tin nhắn cá nhân và OTP,1.0,0.0022741469999999994,0.997725853,0.09999999999999998
ViSmish_05944,0,0,0.9994722,True,1.0,real,Viễn thông,1.0,0.0022463384999999994,0.9977536615,0.09999999999999998
ViSmish_05945,1,1,0.99959177,True,1.0,paraphrased,Nội dung nhạy cảm,1.0,0.998019046,0.0019809539999999792,0.09999999999999998
ViSmish_05947,1,1,0.9995995,True,1.0,paraphrased,Cờ bạc / Betting,1.0,0.99803759,0.00196240999999997,0.09999999999999998
ViSmish_05948,1,1,0.99940574,True,1.0,paraphrased,Crypto / Đầu tư giả,1.0,0.997619665,0.002380335000000011,0.09999999999999998
ViSmish_05949,1,1,0.9995048,True,1.0,real,Dịch vụ công giả,1.0,0.997822535,0.002177465000000045,0.09999999999999998
ViSmish_05950,0,0,0.99920565,True,1.0,synthetic,Quảng cáo hợp lệ,1.0,0.0027422125999999997,0.9972577874,0.09999999999999998
ViSmish_05951,0,0,0.99945456,True,1.0,synthetic,Dịch vụ y tế,1.0,0.0022828876999999997,0.9977171123,0.09999999999999998
ViSmish_05953,0,0,0.9994454,True,1.0,synthetic,Dịch vụ y tế,1.0,0.0023013632999999995,0.9976986367,0.09999999999999998
ViSmish_05954,0,0,0.99949133,True,1.0,synthetic,Quảng cáo hợp lệ,1.0,0.0022060904999999993,0.9977939095,0.09999999999999998
ViSmish_05956,1,1,0.99939513,True,1.0,paraphrased,Nội dung nhạy cảm,1.0,0.9975988570000001,0.002401142999999939,0.09999999999999998
ViSmish_05958,0,0,0.99945647,True,1.0,external_curated,P2P hard negative,1.0,0.0022788444999999997,0.9977211555,0.09999999999999998
ViSmish_05959,0,0,0.99945706,True,1.0,real,Tin nhắn cá nhân và OTP,1.0,0.0022775917999999992,0.9977224082,0.09999999999999998
ViSmish_05960,0,0,0.99945873,True,1.0,synthetic,Tin nhắn cá nhân và OTP,1.0,0.0022741159999999996,0.997725884,0.09999999999999998
ViSmish_05965,1,1,0.99962807,True,1.0,paraphrased,Giả mạo ngân hàng,1.0,0.998107535,0.0018924649999999543,0.09999999999999998
ViSmish_05966,0,0,0.9994635,True,1.0,external_real,P2P hội thoại thông thường,1.0,0.0022643304999999995,0.9977356695,0.09999999999999998
ViSmish_05968,1,1,0.99961996,True,1.0,paraphrased,Tuyển dụng giả,1.0,0.998087615,0.0019123850000000164,0.09999999999999998
ViSmish_05969,1,1,0.99962986,True,1.0,paraphrased,BHXH / Trợ cấp giả,1.0,0.998112077,0.001887922999999958,0.09999999999999998
ViSmish_05970,1,1,0.9995585,True,1.0,paraphrased,BHXH / Trợ cấp giả,1.0,0.997941554,0.002058446000000047,0.09999999999999998
ViSmish_05971,1,1,0.9996259,True,1.0,paraphrased,Giả mạo ngân hàng,1.0,0.998102427,0.0018975730000000413,0.09999999999999998
ViSmish_05972,1,1,0.9995963,True,1.0,paraphrased,Cờ bạc / Betting,1.0,0.998029983,0.0019700169999999906,0.09999999999999998
ViSmish_05975,1,1,0.9996263,True,1.0,paraphrased,Cờ bạc / Betting,1.0,0.998103094,0.0018969060000000315,0.09999999999999998
ViSmish_05976,0,0,0.99945,True,1.0,external_curated,P2P hard negative,1.0,0.0022919902999999995,0.9977080097,0.09999999999999998
ViSmish_05977,0,0,0.99937856,True,1.0,real,Dịch vụ công thật,1.0,0.0024328056999999995,0.9975671943,0.09999999999999998
ViSmish_05978,0,0,0.999485,True,1.0,synthetic,Viễn thông,1.0,0.0022195457999999997,0.9977804542,0.09999999999999998
ViSmish_05980,1,1,0.9996233,True,1.0,paraphrased,Dịch vụ công giả,1.0,0.998095816,0.001904184000000031,0.09999999999999998
ViSmish_05981,0,0,0.9994722,True,1.0,synthetic,Viễn thông,1.0,0.0022465271999999995,0.9977534728,0.09999999999999998
ViSmish_05982,0,0,0.99943835,True,1.0,real,Viễn thông,1.0,0.0023156893999999994,0.9976843106,0.09999999999999998
ViSmish_05986,1,1,0.9996227,True,1.0,paraphrased,BHXH / Trợ cấp giả,1.0,0.99809442,0.0019055799999999623,0.09999999999999998
ViSmish_05987,0,0,0.9992931,True,1.0,external_real,P2P hội thoại thông thường,1.0,0.0025908112999999994,0.9974091887,0.09999999999999998
ViSmish_05988,1,1,0.9996082,True,1.0,paraphrased,Nội dung nhạy cảm,1.0,0.9980586300000001,0.0019413699999999423,0.09999999999999998
ViSmish_05992,1,1,0.9996101,True,1.0,paraphrased,Đòi nợ / Đe dọa,1.0,0.99806315,0.00193684999999999,0.09999999999999998
ViSmish_05993,1,1,0.9995894,True,1.0,paraphrased,Dịch vụ công giả,1.0,0.998013556,0.0019864440000000316,0.09999999999999998
ViSmish_05994,1,1,0.9996244,True,1.0,paraphrased,BHXH / Trợ cấp giả,1.0,0.99809831,0.001901689999999956,0.09999999999999998
ViSmish_05995,0,0,0.99947244,True,1.0,synthetic,Dịch vụ y tế,1.0,0.0022458515999999994,0.9977541484,0.09999999999999998
ViSmish_05997,0,0,0.99943525,True,1.0,real,Ngân hàng thật,1.0,0.0023218053999999994,0.9976781946,0.09999999999999998
ViSmish_05998,0,0,0.9993704,True,1.0,real,Viễn thông,1.0,0.0024484952999999994,0.9975515047,0.09999999999999998
ViSmish_06002,1,1,0.99962175,True,1.0,paraphrased,Đòi nợ / Đe dọa,1.0,0.998092055,0.001907945000000022,0.09999999999999998
ViSmish_06003,1,1,0.9996117,True,1.0,paraphrased,Dịch vụ công giả,1.0,0.99806693,0.0019330699999999812,0.09999999999999998
ViSmish_06004,1,1,0.9996289,True,1.0,paraphrased,Tuyển dụng giả,1.0,0.9981097800000001,0.0018902199999999425,0.09999999999999998
ViSmish_06005,1,1,0.99961686,True,1.0,paraphrased,Đòi nợ / Đe dọa,1.0,0.99807983,0.0019201699999999988,0.09999999999999998
ViSmish_06007,0,0,0.99947363,True,1.0,synthetic,Vận chuyển,1.0,0.0022434839999999996,0.997756516,0.09999999999999998
ViSmish_06008,1,1,0.9996177,True,1.0,paraphrased,BHXH / Trợ cấp giả,1.0,0.9980818300000001,0.0019181699999999413,0.09999999999999998
ViSmish_06009,0,0,0.9994473,True,1.0,synthetic,Dịch vụ y tế,1.0,0.0022974725999999994,0.9977025274,0.09999999999999998
ViSmish_06011,0,0,0.9994898,True,1.0,synthetic,Vận chuyển,1.0,0.0022095290999999996,0.9977904709,0.09999999999999998
ViSmish_06012,1,1,0.9992902,True,1.0,paraphrased,Crypto / Đầu tư giả,1.0,0.99740415,0.002595849999999955,0.09999999999999998
ViSmish_06014,1,1,0.99962914,True,1.0,paraphrased,BHXH / Trợ cấp giả,1.0,0.998110265,0.0018897350000000035,0.09999999999999998
ViSmish_06015,0,0,0.99946266,True,1.0,external_real,P2P hội thoại thông thường,1.0,0.0022660955999999994,0.9977339044,0.09999999999999998
ViSmish_06016,1,1,0.99958724,True,1.0,paraphrased,Cờ bạc / Betting,1.0,0.998008245,0.0019917550000000395,0.09999999999999998
ViSmish_06018,1,1,0.99948573,True,1.0,real,Cờ bạc / Betting,1.0,0.99778204,0.0022179599999999633,0.09999999999999998
ViSmish_06019,1,1,0.9995654,True,1.0,paraphrased,Crypto / Đầu tư giả,1.0,0.997957474,0.002042525999999989,0.09999999999999998
ViSmish_06020,0,0,0.99794203,True,1.0,real,Dịch vụ công thật,1.0,0.004343898599999999,0.9956561014,0.09999999999999998
ViSmish_06021,0,0,0.99930656,True,1.0,external_curated,P2P hard negative,1.0,0.0025665778999999994,0.9974334221,0.09999999999999998
ViSmish_06022,1,1,0.99961436,True,1.0,paraphrased,Dịch vụ công giả,1.0,0.9980737,0.0019263000000000474,0.09999999999999998
ViSmish_06023,1,1,0.9995869,True,1.0,paraphrased,Nội dung nhạy cảm,1.0,0.99800751,0.0019924900000000134,0.09999999999999998
ViSmish_06024,1,1,0.99951935,True,1.0,paraphrased,Cờ bạc / Betting,1.0,0.99785423,0.002145770000000047,0.09999999999999998
ViSmish_06025,0,0,0.9994554,True,1.0,external_real,P2P hội thoại thông thường,1.0,0.0022809596999999997,0.9977190403,0.09999999999999998
ViSmish_06029,0,0,0.9993905,True,1.0,synthetic,Quảng cáo hợp lệ,1.0,0.0024101413999999995,0.9975898586,0.09999999999999998
ViSmish_06030,1,1,0.99962616,True,1.0,paraphrased,Cờ bạc / Betting,1.0,0.99810275,0.0018972499999999615,0.09999999999999998
ViSmish_06031,1,1,0.9996171,True,1.0,paraphrased,Dịch vụ công giả,1.0,0.9980805,0.001919499999999963,0.09999999999999998
ViSmish_06032,0,0,0.9994848,True,1.0,synthetic,Thương mại điện tử,1.0,0.0022200792999999995,0.9977799207,0.09999999999999998
ViSmish_06034,1,1,0.99961483,True,1.0,paraphrased,Tuyển dụng giả,1.0,0.99807478,0.0019252199999999497,0.09999999999999998
ViSmish_06035,1,1,0.9996131,True,1.0,paraphrased,Giả mạo ngân hàng,1.0,0.998070693,0.0019293070000000467,0.09999999999999998
ViSmish_06037,1,1,0.9995982,True,1.0,paraphrased,Cờ bạc / Betting,1.0,0.99803462,0.0019653800000000166,0.09999999999999998
ViSmish_06038,1,1,0.99961084,True,1.0,paraphrased,Crypto / Đầu tư giả,1.0,0.99806512,0.0019348799999999722,0.09999999999999998
ViSmish_06040,0,0,0.999398,True,1.0,real,Viễn thông,1.0,0.0023956188999999994,0.9976043811,0.09999999999999998
ViSmish_06042,0,0,0.99947876,True,1.0,synthetic,Tin nhắn cá nhân và OTP,1.0,0.0022327741999999995,0.9977672258,0.09999999999999998
ViSmish_06044,1,1,0.9995184,True,1.0,synthetic_hard_negative,Tuyển dụng giả,1.0,0.99785195,0.002148049999999957,0.09999999999999998
ViSmish_06045,1,1,0.9995989,True,1.0,paraphrased,Nội dung nhạy cảm,1.0,0.99803617,0.0019638299999999997,0.09999999999999998
ViSmish_06048,1,1,0.99954283,True,1.0,synthetic_hard_negative,Khác,1.0,0.99790597,0.002094029999999969,0.09999999999999998
ViSmish_06049,0,0,0.99943,True,1.0,external_curated,P2P hard negative,1.0,0.0023323151999999994,0.9976676848,0.09999999999999998
ViSmish_06050,0,0,0.99948466,True,1.0,real,Khác,1.0,0.0022201030999999993,0.9977798969,0.09999999999999998
ViSmish_06051,1,1,0.99960834,True,1.0,paraphrased,Tuyển dụng giả,1.0,0.99805885,0.001941149999999947,0.09999999999999998
ViSmish_06052,0,0,0.99942327,True,1.0,synthetic,Tin nhắn cá nhân và OTP,1.0,0.0023459515999999995,0.9976540484,0.09999999999999998
ViSmish_06053,1,1,0.9995989,True,1.0,paraphrased,Cờ bạc / Betting,1.0,0.998036295,0.0019637049999999823,0.09999999999999998
ViSmish_06054,0,0,0.9994685,True,1.0,real,Viễn thông,1.0,0.0022541349999999996,0.997745865,0.09999999999999998
ViSmish_06055,1,1,0.99961424,True,1.0,paraphrased,Cờ bạc / Betting,1.0,0.9980735000000001,0.0019264999999999421,0.09999999999999998
ViSmish_06056,1,1,0.9995976,True,1.0,paraphrased,Dịch vụ công giả,1.0,0.998033154,0.0019668459999999666,0.09999999999999998
ViSmish_06057,1,1,0.9995741,True,1.0,paraphrased,Đòi nợ / Đe dọa,1.0,0.9979777400000001,0.0020222599999999424,0.09999999999999998
ViSmish_06058,1,1,0.99960107,True,1.0,paraphrased,Giả mạo ngân hàng,1.0,0.998041373,0.001958627000000046,0.09999999999999998
ViSmish_06059,1,1,0.99959177,True,1.0,paraphrased,Crypto / Đầu tư giả,1.0,0.998019224,0.0019807760000000174,0.09999999999999998
ViSmish_06061,0,0,0.99935216,True,1.0,external_real,P2P hội thoại thông thường,1.0,0.0024828541999999993,0.9975171458,0.09999999999999998
ViSmish_06063,0,0,0.99943095,True,1.0,synthetic,Dịch vụ công thật,1.0,0.0023304527999999996,0.9976695472,0.09999999999999998
ViSmish_06064,0,0,0.99936026,True,1.0,real,Viễn thông,1.0,0.0024676793999999992,0.9975323206,0.09999999999999998
ViSmish_06065,1,1,0.9996145,True,1.0,paraphrased,Dịch vụ công giả,1.0,0.998074037,0.0019259630000000305,0.09999999999999998
ViSmish_06067,1,1,0.9995704,True,1.0,paraphrased,Crypto / Đầu tư giả,1.0,0.99796895,0.0020310500000000342,0.09999999999999998
ViSmish_06068,0,0,0.9994299,True,1.0,external_real,P2P hội thoại thông thường,1.0,0.0023326945999999995,0.9976673054,0.09999999999999998
ViSmish_06069,1,1,0.99957377,True,1.0,paraphrased,Cờ bạc / Betting,1.0,0.99797681,0.0020231899999999525,0.09999999999999998
ViSmish_06070,0,0,0.9994055,True,1.0,real,Viễn thông,1.0,0.0023808925999999997,0.9976191074,0.09999999999999998
ViSmish_06071,0,0,0.9994429,True,1.0,external_curated,P2P hard negative,1.0,0.0023064564999999994,0.9976935435,0.09999999999999998
ViSmish_06073,0,0,0.9994974,True,1.0,synthetic,Tin nhắn cá nhân và OTP,1.0,0.0021932124999999997,0.9978067875,0.09999999999999998
ViSmish_06074,1,1,0.99956447,True,1.0,paraphrased,Tuyển dụng giả,1.0,0.9979552,0.0020447999999999578,0.09999999999999998
ViSmish_06079,1,1,0.99962103,True,1.0,paraphrased,Đòi nợ / Đe dọa,1.0,0.99809021,0.0019097900000000223,0.09999999999999998
ViSmish_06080,0,0,0.99945945,True,1.0,synthetic,Thương mại điện tử,1.0,0.0022727507999999994,0.9977272492,0.09999999999999998
ViSmish_06081,0,0,0.99946505,True,1.0,synthetic,Dịch vụ y tế,1.0,0.0022612139999999992,0.997738786,0.09999999999999998
ViSmish_06082,1,1,0.9996346,True,1.0,paraphrased,Đòi nợ / Đe dọa,1.0,0.99812407,0.0018759299999999701,0.09999999999999998
ViSmish_06083,1,1,0.9996158,True,1.0,paraphrased,Đòi nợ / Đe dọa,1.0,0.99807731,0.0019226900000000047,0.09999999999999998
ViSmish_06084,0,0,0.9994461,True,1.0,synthetic,Tin nhắn cá nhân và OTP,1.0,0.0023000847999999994,0.9976999152,0.09999999999999998
ViSmish_06085,0,0,0.9994772,True,1.0,synthetic,Thương mại điện tử,1.0,0.0022359925999999994,0.9977640074,0.09999999999999998
ViSmish_06087,0,0,0.9993218,True,1.0,real,Viễn thông,1.0,0.0025390359999999997,0.997460964,0.09999999999999998
ViSmish_06088,1,1,0.999629,True,1.0,paraphrased,Dịch vụ công giả,1.0,0.99810999,0.0018900099999999975,0.09999999999999998
ViSmish_06091,1,1,0.9996094,True,1.0,paraphrased,Giả mạo ngân hàng,1.0,0.99806167,0.0019383299999999881,0.09999999999999998
ViSmish_06092,1,1,0.999597,True,1.0,paraphrased,Đòi nợ / Đe dọa,1.0,0.99803169,0.001968309999999973,0.09999999999999998
ViSmish_06093,0,0,0.99946326,True,1.0,real,Vận chuyển,1.0,0.0022649017999999996,0.9977350982,0.09999999999999998
ViSmish_06095,0,0,0.9994203,True,1.0,real,Quảng cáo hợp lệ,1.0,0.0023517949999999994,0.997648205,0.09999999999999998
ViSmish_06096,1,1,0.99958664,True,1.0,paraphrased,Nội dung nhạy cảm,1.0,0.998007077,0.00199292299999998,0.09999999999999998
ViSmish_06098,0,0,0.9994791,True,1.0,synthetic,Dịch vụ y tế,1.0,0.0022320778999999993,0.9977679221,0.09999999999999998
ViSmish_06100,0,0,0.99943656,True,1.0,external_curated,P2P hard negative,1.0,0.0023191784999999996,0.9976808215,0.09999999999999998
ViSmish_06101,1,1,0.9996126,True,1.0,paraphrased,Dịch vụ công giả,1.0,0.99806935,0.0019306500000000337,0.09999999999999998
ViSmish_06102,1,1,0.9996253,True,1.0,paraphrased,Cờ bạc / Betting,1.0,0.99810085,0.0018991499999999606,0.09999999999999998
ViSmish_06103,0,0,0.99945027,True,1.0,synthetic,Dịch vụ y tế,1.0,0.0022916139999999995,0.997708386,0.09999999999999998
ViSmish_06105,1,1,0.92631185,True,1.0,paraphrased,Giả mạo ngân hàng,1.0,0.97800032,0.021999679999999966,0.09999999999999998
ViSmish_06107,0,0,0.9994728,True,1.0,real,Khác,1.0,0.0022452685999999993,0.9977547314,0.09999999999999998
ViSmish_06108,0,0,0.99938977,True,1.0,external_curated,P2P hard negative,1.0,0.0024113961999999993,0.9975886038,0.09999999999999998
ViSmish_06109,0,0,0.9993231,True,1.0,external_curated,P2P hard negative,1.0,0.0025366320999999996,0.9974633679,0.09999999999999998
ViSmish_06111,0,0,0.99931467,True,1.0,synthetic,Viễn thông,1.0,0.0025519757999999996,0.9974480242,0.09999999999999998
ViSmish_06113,1,1,0.9996213,True,1.0,paraphrased,Đòi nợ / Đe dọa,1.0,0.9980909,0.001909099999999997,0.09999999999999998
ViSmish_06114,1,1,0.9996165,True,1.0,paraphrased,Đòi nợ / Đe dọa,1.0,0.99807897,0.0019210299999999902,0.09999999999999998
ViSmish_06116,1,1,0.99962246,True,1.0,paraphrased,Crypto / Đầu tư giả,1.0,0.998093855,0.0019061449999999702,0.09999999999999998
ViSmish_06119,1,1,0.999589,True,1.0,paraphrased,Crypto / Đầu tư giả,1.0,0.998012745,0.0019872549999999656,0.09999999999999998
ViSmish_06120,0,0,0.99923885,True,1.0,synthetic,Viễn thông,1.0,0.0026857763999999992,0.9973142236,0.09999999999999998
ViSmish_06121,0,0,0.99944514,True,1.0,synthetic,Viễn thông,1.0,0.0023020088999999994,0.9976979911,0.09999999999999998
ViSmish_06122,0,0,0.99940217,True,1.0,real,Dịch vụ công thật,1.0,0.0023873391999999997,0.9976126608,0.09999999999999998
ViSmish_06124,1,1,0.9995396,True,1.0,paraphrased,Cờ bạc / Betting,1.0,0.997898793,0.0021012070000000493,0.09999999999999998
ViSmish_06125,0,0,0.9990785,True,1.0,synthetic,Ngân hàng thật,1.0,0.0029474995999999995,0.9970525004,0.09999999999999998
ViSmish_06126,1,1,0.9994235,True,1.0,paraphrased,Cờ bạc / Betting,1.0,0.99765463,0.0023453700000000133,0.09999999999999998
ViSmish_06127,1,1,0.99962664,True,1.0,paraphrased,BHXH / Trợ cấp giả,1.0,0.998104113,0.001895886999999985,0.09999999999999998
ViSmish_06128,0,0,0.9994697,True,1.0,synthetic,Vận chuyển,1.0,0.0022515201999999995,0.9977484798,0.09999999999999998
ViSmish_06129,1,1,0.99958974,True,1.0,synthetic_hard_negative,Khác,1.0,0.998014426,0.00198557399999999,0.09999999999999998
ViSmish_06130,0,0,0.9989662,True,1.0,real,Viễn thông,1.0,0.0031167016999999993,0.9968832983,0.09999999999999998
ViSmish_06132,0,0,0.9994999,True,1.0,synthetic,Tin nhắn cá nhân và OTP,1.0,0.0021878651999999994,0.9978121348,0.09999999999999998
ViSmish_06133,1,1,0.99960595,True,1.0,paraphrased,Nội dung nhạy cảm,1.0,0.998053277,0.0019467229999999835,0.09999999999999998
ViSmish_06134,0,0,0.99923134,True,1.0,external_curated,P2P hard negative,1.0,0.0026987079999999993,0.997301292,0.09999999999999998
ViSmish_06135,0,0,0.9993783,True,1.0,external_real,P2P hội thoại thông thường,1.0,0.0024332859999999998,0.997566714,0.09999999999999998
ViSmish_06136,1,1,0.99961144,True,1.0,paraphrased,Dịch vụ công giả,1.0,0.99806651,0.0019334899999999822,0.09999999999999998
ViSmish_06139,1,1,0.99962246,True,1.0,paraphrased,Giả mạo ngân hàng,1.0,0.99809356,0.0019064399999999537,0.09999999999999998
ViSmish_06142,1,1,0.9995161,True,1.0,synthetic_hard_negative,Tuyển dụng giả,1.0,0.99784711,0.002152889999999963,0.09999999999999998
ViSmish_06144,0,0,0.99941003,True,1.0,real,Viễn thông,1.0,0.0023720089999999996,0.997627991,0.09999999999999998
ViSmish_06145,0,0,0.99947673,True,1.0,synthetic,Quảng cáo hợp lệ,1.0,0.0022370282999999995,0.9977629717,0.09999999999999998
ViSmish_06147,1,1,0.9996124,True,1.0,paraphrased,Tuyển dụng giả,1.0,0.998068774,0.0019312259999999526,0.09999999999999998
ViSmish_06148,0,0,0.9994122,True,1.0,synthetic,Tin nhắn cá nhân và OTP,1.0,0.0023678557999999993,0.9976321442,0.09999999999999998
ViSmish_06150,1,1,0.99950516,True,1.0,synthetic_hard_negative,BHXH / Trợ cấp giả,1.0,0.997823364,0.002176635999999954,0.09999999999999998
ViSmish_06151,1,1,0.99952495,True,1.0,paraphrased,Nội dung nhạy cảm,1.0,0.99786643,0.002133570000000029,0.09999999999999998
ViSmish_06153,1,1,0.9994593,True,1.0,paraphrased,Cờ bạc / Betting,1.0,0.9977269049999999,0.0022730950000000583,0.09999999999999998
ViSmish_06154,0,0,0.99938464,True,1.0,external_real,P2P hội thoại thông thường,1.0,0.0024213759999999994,0.997578624,0.09999999999999998
ViSmish_06155,1,1,0.9996132,True,1.0,paraphrased,Cờ bạc / Betting,1.0,0.998070955,0.001929045000000018,0.09999999999999998
ViSmish_06156,1,1,0.9996051,True,1.0,paraphrased,Tuyển dụng giả,1.0,0.99805116,0.0019488399999999517,0.09999999999999998
ViSmish_06158,1,1,0.99952483,True,1.0,synthetic_hard_negative,Khác,1.0,0.99786606,0.002133940000000001,0.09999999999999998
ViSmish_06160,0,0,0.9994931,True,1.0,synthetic,Tin nhắn cá nhân và OTP,1.0,0.0022022032999999995,0.9977977967,0.09999999999999998
ViSmish_06161,1,1,0.99961567,True,1.0,paraphrased,Dịch vụ công giả,1.0,0.998076963,0.0019230369999999608,0.09999999999999998
ViSmish_06162,1,1,0.99962556,True,1.0,paraphrased,Tuyển dụng giả,1.0,0.99810152,0.0018984800000000357,0.09999999999999998
ViSmish_06164,1,1,0.99961156,True,1.0,synthetic_hard_negative,Khác,1.0,0.99806671,0.0019332899999999764,0.09999999999999998
ViSmish_06165,1,1,0.99959916,True,1.0,paraphrased,Đòi nợ / Đe dọa,1.0,0.998036754,0.001963245999999974,0.09999999999999998
ViSmish_06166,1,1,0.9996082,True,1.0,paraphrased,Dịch vụ công giả,1.0,0.99805855,0.0019414500000000112,0.09999999999999998
ViSmish_06167,1,1,0.99957675,True,1.0,paraphrased,Đòi nợ / Đe dọa,1.0,0.997983634,0.0020163659999999917,0.09999999999999998
ViSmish_06168,1,1,0.9996253,True,1.0,paraphrased,Crypto / Đầu tư giả,1.0,0.9981009,0.0018991000000000424,0.09999999999999998
ViSmish_06169,0,0,0.99947673,True,1.0,real,Khác,1.0,0.0022369300999999994,0.9977630699,0.09999999999999998
ViSmish_06172,1,1,0.9996308,True,1.0,paraphrased,Tuyển dụng giả,1.0,0.99811435,0.001885649999999961,0.09999999999999998
ViSmish_06173,0,0,0.9994686,True,1.0,real,Khác,1.0,0.0022537348999999997,0.9977462651,0.09999999999999998
ViSmish_06174,0,0,0.99944896,True,1.0,synthetic,Dịch vụ công thật,1.0,0.0022942386999999995,0.9977057613,0.09999999999999998
ViSmish_06176,1,1,0.9995209,True,1.0,synthetic_hard_negative,Khác,1.0,0.99785761,0.0021423900000000495,0.09999999999999998
ViSmish_06179,0,0,0.999466,True,1.0,synthetic,Dịch vụ y tế,1.0,0.0022592969999999995,0.997740703,0.09999999999999998
ViSmish_06181,1,1,0.9996222,True,1.0,paraphrased,Nội dung nhạy cảm,1.0,0.998092985,0.001907015000000012,0.09999999999999998
ViSmish_06184,0,0,0.99947256,True,1.0,synthetic,Quảng cáo hợp lệ,1.0,0.0022456867999999996,0.9977543132,0.09999999999999998
ViSmish_06186,1,1,0.99959654,True,1.0,paraphrased,Nội dung nhạy cảm,1.0,0.99803051,0.001969490000000018,0.09999999999999998
ViSmish_06187,1,1,0.9996244,True,1.0,paraphrased,Tuyển dụng giả,1.0,0.99809848,0.0019015199999999899,0.09999999999999998
ViSmish_06188,1,1,0.9996051,True,1.0,paraphrased,Tuyển dụng giả,1.0,0.998051053,0.0019489470000000342,0.09999999999999998
ViSmish_06190,1,1,0.9996233,True,1.0,paraphrased,Tuyển dụng giả,1.0,0.99809579,0.0019042099999999618,0.09999999999999998
ViSmish_06191,0,0,0.9993631,True,1.0,real,Viễn thông,1.0,0.0024623553999999995,0.9975376446,0.09999999999999998
ViSmish_06194,0,0,0.99943346,True,1.0,synthetic,Viễn thông,1.0,0.0023254099999999995,0.99767459,0.09999999999999998
ViSmish_06195,1,1,0.99961627,True,1.0,paraphrased,BHXH / Trợ cấp giả,1.0,0.99807843,0.001921570000000039,0.09999999999999998
ViSmish_06196,0,0,0.99946743,True,1.0,synthetic,Quảng cáo hợp lệ,1.0,0.0022562492999999993,0.9977437507,0.09999999999999998
ViSmish_06197,1,1,0.9995222,True,1.0,synthetic_hard_negative,Khác,1.0,0.99786041,0.002139589999999969,0.09999999999999998
ViSmish_06198,0,0,0.9994804,True,1.0,real,Viễn thông,1.0,0.0022292572999999993,0.9977707427,0.09999999999999998
ViSmish_06200,1,1,0.9993013,True,1.0,synthetic_hard_negative,Khác,1.0,0.997423935,0.0025760649999999607,0.09999999999999998
ViSmish_06201,1,1,0.9996233,True,1.0,paraphrased,Tuyển dụng giả,1.0,0.998095703,0.0019042970000000548,0.09999999999999998
ViSmish_06202,1,1,0.9996213,True,1.0,paraphrased,BHXH / Trợ cấp giả,1.0,0.99809079,0.0019092099999999945,0.09999999999999998
ViSmish_06203,0,0,0.9993987,True,1.0,external_real,P2P hội thoại thông thường,1.0,0.0023941555999999996,0.9976058444,0.09999999999999998
ViSmish_06205,1,1,0.997101,True,1.0,real,Giả mạo ngân hàng,1.0,0.994883835,0.005116165000000006,0.09999999999999998
ViSmish_06206,0,0,0.9994832,True,1.0,synthetic,Thương mại điện tử,1.0,0.0022231338999999994,0.9977768661,0.09999999999999998
ViSmish_06209,1,1,0.99961215,True,1.0,paraphrased,Crypto / Đầu tư giả,1.0,0.99806832,0.0019316799999999912,0.09999999999999998
ViSmish_06211,0,0,0.99945253,True,1.0,real,Khác,1.0,0.0022868325999999997,0.9977131674,0.09999999999999998
ViSmish_06212,0,0,0.99944514,True,1.0,synthetic,Ngân hàng thật,1.0,0.0023019379999999995,0.997698062,0.09999999999999998
ViSmish_06213,1,1,0.99961746,True,1.0,paraphrased,Tuyển dụng giả,1.0,0.99808146,0.0019185400000000241,0.09999999999999998
ViSmish_06214,0,0,0.9994549,True,1.0,external_curated,P2P hard negative,1.0,0.0022820971999999995,0.9977179028000001,0.09999999999999998
ViSmish_06215,1,1,0.99960417,True,1.0,paraphrased,Cờ bạc / Betting,1.0,0.99804897,0.0019510299999999647,0.09999999999999998
ViSmish_06217,1,1,0.99959785,True,1.0,paraphrased,Nội dung nhạy cảm,1.0,0.99803367,0.001966330000000016,0.09999999999999998
ViSmish_06218,1,1,0.9996012,True,1.0,paraphrased,Crypto / Đầu tư giả,1.0,0.998041624,0.0019583760000000394,0.09999999999999998
ViSmish_06219,0,0,0.99917006,True,1.0,external_real,P2P hội thoại thông thường,1.0,0.0028014344999999995,0.9971985655,0.09999999999999998
ViSmish_06221,0,0,0.9994672,True,1.0,synthetic,Tin nhắn cá nhân và OTP,1.0,0.0022567981999999996,0.9977432018,0.09999999999999998
ViSmish_06222,1,1,0.99962425,True,1.0,paraphrased,Dịch vụ công giả,1.0,0.99809818,0.001901820000000054,0.09999999999999998
ViSmish_06223,0,0,0.9994142,True,1.0,synthetic,Quảng cáo hợp lệ,1.0,0.0023637957999999995,0.9976362042,0.09999999999999998
ViSmish_06225,0,0,0.99944085,True,1.0,synthetic,Quảng cáo hợp lệ,1.0,0.0023107112999999992,0.9976892887,0.09999999999999998
ViSmish_06226,0,0,0.99944395,True,1.0,synthetic,Tin nhắn cá nhân và OTP,1.0,0.0023043299999999994,0.99769567,0.09999999999999998
ViSmish_06227,0,0,0.99935025,True,1.0,real,Viễn thông,1.0,0.0024865105999999997,0.9975134894,0.09999999999999998
ViSmish_06229,0,0,0.99945396,True,1.0,real,Khác,1.0,0.0022839506999999992,0.9977160493,0.09999999999999998
ViSmish_06230,1,1,0.9994875,True,1.0,paraphrased,Cờ bạc / Betting,1.0,0.99778586,0.0022141399999999756,0.09999999999999998
ViSmish_06231,0,0,0.99947506,True,1.0,real,Viễn thông,1.0,0.0022404785999999995,0.9977595214,0.09999999999999998
ViSmish_06232,1,1,0.9996099,True,1.0,paraphrased,Tuyển dụng giả,1.0,0.99806275,0.0019372500000000015,0.09999999999999998
ViSmish_06235,0,0,0.9994585,True,1.0,real,Quảng cáo hợp lệ,1.0,0.0022747619999999996,0.997725238,0.09999999999999998
ViSmish_06236,0,0,0.9994797,True,1.0,synthetic,Vận chuyển,1.0,0.0022306559999999993,0.997769344,0.09999999999999998
ViSmish_06237,0,0,0.9993586,True,1.0,real,Viễn thông,1.0,0.0024707168,0.9975292832,0.09999999999999998
ViSmish_06239,0,0,0.9994568,True,1.0,external_real,P2P hội thoại thông thường,1.0,0.0022780553999999995,0.9977219446,0.09999999999999998
ViSmish_06240,0,0,0.9994222,True,1.0,synthetic,Quảng cáo hợp lệ,1.0,0.0023480390999999993,0.9976519609,0.09999999999999998
ViSmish_06241,1,1,0.99961734,True,1.0,paraphrased,Tuyển dụng giả,1.0,0.99808106,0.0019189400000000356,0.09999999999999998
ViSmish_06242,1,1,0.9995802,True,1.0,paraphrased,Dịch vụ công giả,1.0,0.9979917,0.002008299999999963,0.09999999999999998
ViSmish_06243,0,0,0.99947804,True,1.0,real,Ngân hàng thật,1.0,0.0022341723999999997,0.9977658276,0.09999999999999998
ViSmish_06244,1,1,0.9995975,True,1.0,paraphrased,Giả mạo ngân hàng,1.0,0.998032814,0.0019671860000000096,0.09999999999999998
ViSmish_06246,0,0,0.9994899,True,1.0,synthetic,Dịch vụ y tế,1.0,0.0022091709999999994,0.997790829,0.09999999999999998
ViSmish_06249,0,0,0.9994733,True,1.0,synthetic,Ngân hàng thật,1.0,0.0022441543999999996,0.9977558456,0.09999999999999998
ViSmish_06250,1,1,0.999622,True,1.0,paraphrased,Giả mạo ngân hàng,1.0,0.9980924250000001,0.0019075749999999392,0.09999999999999998
ViSmish_06252,1,1,0.99958044,True,1.0,paraphrased,Giả mạo ngân hàng,1.0,0.997992307,0.0020076930000000326,0.09999999999999998
ViSmish_06253,1,1,0.9996019,True,1.0,paraphrased,Tuyển dụng giả,1.0,0.99804348,0.001956520000000017,0.09999999999999998
ViSmish_06254,1,1,0.9996107,True,1.0,paraphrased,Cờ bạc / Betting,1.0,0.99806482,0.0019351800000000363,0.09999999999999998
ViSmish_06255,0,0,0.99935824,True,1.0,synthetic,Tin nhắn cá nhân và OTP,1.0,0.0024715659999999997,0.997528434,0.09999999999999998
ViSmish_06256,0,0,0.9994843,True,1.0,synthetic,Vận chuyển,1.0,0.0022210018999999997,0.9977789981,0.09999999999999998
ViSmish_06258,1,1,0.99950576,True,1.0,synthetic_hard_negative,Khác,1.0,0.997824585,0.0021754149999999584,0.09999999999999998
ViSmish_06259,0,0,0.9994368,True,1.0,synthetic,Tin nhắn cá nhân và OTP,1.0,0.0023187387999999993,0.9976812612,0.09999999999999998
ViSmish_06260,1,1,0.9996282,True,1.0,paraphrased,BHXH / Trợ cấp giả,1.0,0.998107797,0.0018922030000000367,0.09999999999999998
ViSmish_06261,0,0,0.999485,True,1.0,synthetic,Vận chuyển,1.0,0.0022193490999999994,0.9977806509,0.09999999999999998
ViSmish_06262,0,0,0.9994468,True,1.0,synthetic,Tin nhắn cá nhân và OTP,1.0,0.0022984992999999995,0.9977015007,0.09999999999999998
ViSmish_06263,0,0,0.9994671,True,1.0,real,Ngân hàng thật,1.0,0.0022569972999999994,0.9977430027,0.09999999999999998
ViSmish_06265,1,1,0.99961925,True,1.0,paraphrased,BHXH / Trợ cấp giả,1.0,0.9980859,0.0019141000000000297,0.09999999999999998
ViSmish_06266,1,1,0.99962187,True,1.0,real,Tuyển dụng giả,1.0,0.99809215,0.0019078500000000442,0.09999999999999998
ViSmish_06267,0,0,0.99937963,True,1.0,synthetic,Viễn thông,1.0,0.0024308312999999997,0.9975691687,0.09999999999999998
ViSmish_06268,1,1,0.99958175,True,1.0,paraphrased,Tuyển dụng giả,1.0,0.99799556,0.0020044399999999962,0.09999999999999998
ViSmish_06269,1,1,0.99961686,True,1.0,paraphrased,Tuyển dụng giả,1.0,0.998079854,0.0019201460000000115,0.09999999999999998
ViSmish_06270,1,1,0.99961734,True,1.0,paraphrased,Giả mạo ngân hàng,1.0,0.99808107,0.0019189299999999854,0.09999999999999998
ViSmish_06271,1,1,0.99960893,True,1.0,paraphrased,Tuyển dụng giả,1.0,0.99806027,0.0019397300000000284,0.09999999999999998
ViSmish_06272,1,1,0.9994605,True,1.0,paraphrased,Đòi nợ / Đe dọa,1.0,0.997729367,0.0022706329999999664,0.09999999999999998
ViSmish_06274,1,1,0.9995732,True,1.0,paraphrased,Nội dung nhạy cảm,1.0,0.9979753259999999,0.0020246740000000596,0.09999999999999998
ViSmish_06277,1,1,0.99960726,True,1.0,paraphrased,Cờ bạc / Betting,1.0,0.998056227,0.0019437730000000375,0.09999999999999998
ViSmish_06278,0,0,0.99945444,True,1.0,synthetic,Ngân hàng thật,1.0,0.0022831286999999995,0.9977168713,0.09999999999999998
ViSmish_06280,1,1,0.99925834,True,1.0,synthetic_hard_negative,Tuyển dụng giả,1.0,0.997347915,0.0026520850000000262,0.09999999999999998
ViSmish_06281,1,1,0.99962044,True,1.0,paraphrased,Giả mạo ngân hàng,1.0,0.998088706,0.0019112940000000078,0.09999999999999998
ViSmish_06282,1,1,0.99959797,True,1.0,paraphrased,Cờ bạc / Betting,1.0,0.998033845,0.0019661549999999695,0.09999999999999998
ViSmish_06284,1,1,0.999597,True,1.0,paraphrased,Nội dung nhạy cảm,1.0,0.99803176,0.0019682399999999545,0.09999999999999998
ViSmish_06285,0,0,0.9994398,True,1.0,real,Ngân hàng thật,1.0,0.0023127949999999994,0.997687205,0.09999999999999998
ViSmish_06286,1,1,0.9996257,True,1.0,paraphrased,Tuyển dụng giả,1.0,0.998101735,0.00189826500000001,0.09999999999999998
ViSmish_06289,1,1,0.9995912,True,1.0,paraphrased,Tuyển dụng giả,1.0,0.99801759,0.00198240999999999,0.09999999999999998
ViSmish_06290,0,0,0.9994456,True,1.0,synthetic,Dịch vụ công thật,1.0,0.0023010367999999996,0.9976989632,0.09999999999999998
ViSmish_06293,0,0,0.99947876,True,1.0,real,Khác,1.0,0.0022327010999999997,0.9977672989,0.09999999999999998
ViSmish_06295,0,0,0.99949193,True,1.0,real,Tin nhắn cá nhân và OTP,1.0,0.0022049450999999994,0.9977950549,0.09999999999999998
ViSmish_06298,1,1,0.9995989,True,1.0,paraphrased,Tuyển dụng giả,1.0,0.9980361,0.0019639000000000184,0.09999999999999998
ViSmish_06299,1,1,0.9996208,True,1.0,paraphrased,Crypto / Đầu tư giả,1.0,0.998089707,0.0019102930000000073,0.09999999999999998
ViSmish_06300,0,0,0.9976006,True,1.0,external_curated,P2P hard negative,1.0,0.004674930499999999,0.9953250695,0.09999999999999998
ViSmish_06301,0,0,0.99937254,True,1.0,real,Viễn thông,1.0,0.0024445732999999995,0.9975554267,0.09999999999999998
ViSmish_06302,1,1,0.9996195,True,1.0,paraphrased,Tuyển dụng giả,1.0,0.99808637,0.0019136299999999995,0.09999999999999998
ViSmish_06304,0,0,0.9994778,True,1.0,synthetic,Tin nhắn cá nhân và OTP,1.0,0.0022346931999999995,0.9977653068,0.09999999999999998
ViSmish_06305,1,1,0.99948823,True,1.0,synthetic_hard_negative,BHXH / Trợ cấp giả,1.0,0.997787243,0.0022127570000000096,0.09999999999999998
ViSmish_06306,1,1,0.9996081,True,1.0,paraphrased,Tuyển dụng giả,1.0,0.99805829,0.0019417099999999854,0.09999999999999998
ViSmish_06309,1,1,0.9995739,True,1.0,paraphrased,Crypto / Đầu tư giả,1.0,0.99797718,0.0020228199999999807,0.09999999999999998
ViSmish_06311,0,0,0.9994566,True,1.0,synthetic,Ngân hàng thật,1.0,0.0022786713999999996,0.9977213286,0.09999999999999998
ViSmish_06312,1,1,0.99936587,True,1.0,synthetic_hard_negative,Khác,1.0,0.99754277,0.002457229999999977,0.09999999999999998
ViSmish_06313,1,1,0.99956566,True,1.0,paraphrased,Nội dung nhạy cảm,1.0,0.99795815,0.0020418500000000117,0.09999999999999998
ViSmish_06314,0,0,0.99948335,True,1.0,synthetic,Tin nhắn cá nhân và OTP,1.0,0.0022230659999999992,0.997776934,0.09999999999999998
ViSmish_06317,1,1,0.9996068,True,1.0,synthetic_hard_negative,Khác,1.0,0.998055124,0.0019448760000000398,0.09999999999999998
ViSmish_06319,1,1,0.99951315,True,1.0,paraphrased,Đòi nợ / Đe dọa,1.0,0.99784055,0.0021594499999999517,0.09999999999999998
ViSmish_06320,1,1,0.9996257,True,1.0,paraphrased,Tuyển dụng giả,1.0,0.99810168,0.0018983200000000089,0.09999999999999998
ViSmish_06321,1,1,0.999619,True,1.0,paraphrased,Giả mạo ngân hàng,1.0,0.99808518,0.0019148199999999838,0.09999999999999998
ViSmish_06323,1,1,0.9996238,True,1.0,paraphrased,Đòi nợ / Đe dọa,1.0,0.998096955,0.0019030450000000476,0.09999999999999998
ViSmish_06325,0,0,0.9994748,True,1.0,synthetic,Quảng cáo hợp lệ,1.0,0.0022409199999999995,0.99775908,0.09999999999999998
ViSmish_06327,1,1,0.99946254,True,1.0,paraphrased,Cờ bạc / Betting,1.0,0.997733545,0.0022664550000000006,0.09999999999999998
ViSmish_06329,1,1,0.9995875,True,1.0,paraphrased,Crypto / Đầu tư giả,1.0,0.998009,0.001990999999999965,0.09999999999999998
ViSmish_06332,0,0,0.9994092,True,1.0,real,Tin nhắn cá nhân và OTP,1.0,0.0023737104999999995,0.9976262895,0.09999999999999998
ViSmish_06334,1,1,0.99960715,True,1.0,paraphrased,Nội dung nhạy cảm,1.0,0.998055905,0.0019440950000000345,0.09999999999999998
ViSmish_06335,1,1,0.99960166,True,1.0,paraphrased,Cờ bạc / Betting,1.0,0.998042893,0.001957106999999958,0.09999999999999998
ViSmish_06340,0,0,0.9994618,True,1.0,real,Viễn thông,1.0,0.0022679497999999994,0.9977320502,0.09999999999999998
ViSmish_06342,1,1,0.9995098,True,1.0,synthetic_hard_negative,Giả mạo ngân hàng,1.0,0.99783336,0.0021666399999999975,0.09999999999999998
ViSmish_06345,1,1,0.9994591,True,1.0,paraphrased,Nội dung nhạy cảm,1.0,0.9977266,0.002273399999999981,0.09999999999999998
ViSmish_06346,1,1,0.9996088,True,1.0,synthetic_hard_negative,Crypto / Đầu tư giả,1.0,0.9980601,0.0019398999999999944,0.09999999999999998
ViSmish_06347,1,1,0.9996082,True,1.0,paraphrased,Crypto / Đầu tư giả,1.0,0.99805855,0.0019414500000000112,0.09999999999999998
ViSmish_06348,0,0,0.9994029,True,1.0,real,Viễn thông,1.0,0.0023860781999999994,0.9976139218,0.09999999999999998
ViSmish_06349,1,1,0.999616,True,1.0,paraphrased,Cờ bạc / Betting,1.0,0.99807772,0.001922280000000054,0.09999999999999998
ViSmish_06350,0,0,0.99943966,True,1.0,synthetic,Tin nhắn cá nhân và OTP,1.0,0.0023129932999999994,0.9976870067,0.09999999999999998
ViSmish_06351,1,1,0.9996189,True,1.0,paraphrased,BHXH / Trợ cấp giả,1.0,0.99808483,0.001915169999999966,0.09999999999999998
ViSmish_06352,0,0,0.9994605,True,1.0,synthetic,Dịch vụ y tế,1.0,0.0022706589999999995,0.997729341,0.09999999999999998
ViSmish_06353,0,0,0.99943346,True,1.0,external_curated,P2P hard negative,1.0,0.0023255751999999995,0.9976744248,0.09999999999999998
ViSmish_06354,1,1,0.99961746,True,1.0,paraphrased,Nội dung nhạy cảm,1.0,0.99808133,0.0019186700000000112,0.09999999999999998
ViSmish_06356,1,1,0.9995969,True,1.0,paraphrased,Crypto / Đầu tư giả,1.0,0.9980314,0.001968599999999987,0.09999999999999998
ViSmish_06357,1,1,0.9996195,True,1.0,paraphrased,BHXH / Trợ cấp giả,1.0,0.99808636,0.0019136400000000497,0.09999999999999998
ViSmish_06358,0,0,0.99948764,True,1.0,synthetic,Vận chuyển,1.0,0.0022139181999999997,0.9977860818,0.09999999999999998
ViSmish_06359,1,1,0.9995989,True,1.0,paraphrased,Crypto / Đầu tư giả,1.0,0.9980360699999999,0.001963930000000058,0.09999999999999998
ViSmish_06360,1,1,0.99960524,True,1.0,paraphrased,Giả mạo ngân hàng,1.0,0.998051435,0.0019485649999999577,0.09999999999999998
ViSmish_06361,1,1,0.9996182,True,1.0,paraphrased,Crypto / Đầu tư giả,1.0,0.998083156,0.0019168440000000286,0.09999999999999998
ViSmish_06364,0,0,0.9994797,True,1.0,real,Khác,1.0,0.0022307836999999994,0.9977692163,0.09999999999999998
ViSmish_06365,0,0,0.9994773,True,1.0,synthetic,Vận chuyển,1.0,0.0022358372999999997,0.9977641627,0.09999999999999998
ViSmish_06367,1,1,0.9996014,True,1.0,paraphrased,Đòi nợ / Đe dọa,1.0,0.99804221,0.0019577899999999593,0.09999999999999998
ViSmish_06369,1,1,0.9996177,True,1.0,paraphrased,BHXH / Trợ cấp giả,1.0,0.99808187,0.0019181299999999624,0.09999999999999998
ViSmish_06370,1,1,0.9995327,True,1.0,paraphrased,Nội dung nhạy cảm,1.0,0.99788351,0.0021164900000000264,0.09999999999999998
ViSmish_06376,0,0,0.99944144,True,1.0,real,Viễn thông,1.0,0.0023094791999999993,0.9976905208,0.09999999999999998
ViSmish_06377,0,0,0.99947387,True,1.0,real,Khác,1.0,0.002243059299999999,0.9977569407,0.09999999999999998
ViSmish_06378,1,1,0.9996045,True,1.0,real,Tuyển dụng giả,1.0,0.9980496,0.0019504000000000188,0.09999999999999998
ViSmish_06380,1,1,0.9996119,True,1.0,paraphrased,Dịch vụ công giả,1.0,0.998067605,0.0019323949999999757,0.09999999999999998
ViSmish_06381,1,1,0.99961215,True,1.0,paraphrased,Nội dung nhạy cảm,1.0,0.998068225,0.001931774999999969,0.09999999999999998
ViSmish_06382,1,1,0.99961746,True,1.0,paraphrased,Tuyển dụng giả,1.0,0.99808141,0.0019185900000000533,0.09999999999999998
ViSmish_06385,1,1,0.999595,True,1.0,paraphrased,Nội dung nhạy cảm,1.0,0.998026764,0.0019732359999999893,0.09999999999999998
ViSmish_06387,1,1,0.9996252,True,1.0,paraphrased,Cờ bạc / Betting,1.0,0.99810037,0.001899630000000041,0.09999999999999998
ViSmish_06389,0,0,0.99936575,True,1.0,synthetic,Quảng cáo hợp lệ,1.0,0.0024573554999999993,0.9975426445,0.09999999999999998
ViSmish_06390,0,0,0.9994729,True,1.0,synthetic,Ngân hàng thật,1.0,0.0022448181999999996,0.9977551818,0.09999999999999998
ViSmish_06392,0,0,0.9994487,True,1.0,real,Khác,1.0,0.0022947677999999995,0.9977052322,0.09999999999999998
ViSmish_06393,0,0,0.9993979,True,1.0,synthetic,Tin nhắn cá nhân và OTP,1.0,0.0023956759999999994,0.997604324,0.09999999999999998
ViSmish_06395,1,1,0.9996183,True,1.0,paraphrased,BHXH / Trợ cấp giả,1.0,0.99808333,0.0019166699999999537,0.09999999999999998
ViSmish_06397,1,1,0.99962664,True,1.0,paraphrased,Giả mạo ngân hàng,1.0,0.99810395,0.001896050000000038,0.09999999999999998
ViSmish_06398,1,1,0.99960965,True,1.0,paraphrased,Đòi nợ / Đe dọa,1.0,0.99806204,0.0019379600000000163,0.09999999999999998
ViSmish_06399,1,1,0.99962497,True,1.0,paraphrased,Tuyển dụng giả,1.0,0.9980997739999999,0.0019002260000000604,0.09999999999999998
ViSmish_06400,1,1,0.9996203,True,1.0,paraphrased,Đòi nợ / Đe dọa,1.0,0.9980883700000001,0.001911629999999942,0.09999999999999998
ViSmish_06402,0,0,0.9994272,True,1.0,real,Ngân hàng thật,1.0,0.0023381149999999996,0.997661885,0.09999999999999998
ViSmish_06403,1,1,0.99937004,True,1.0,real,Giả mạo ngân hàng,1.0,0.997550696,0.0024493039999999855,0.09999999999999998
ViSmish_06405,1,1,0.9996106,True,1.0,paraphrased,Dịch vụ công giả,1.0,0.998064476,0.0019355239999999663,0.09999999999999998
ViSmish_06408,0,0,0.99947304,True,1.0,synthetic,Vận chuyển,1.0,0.0022446948999999996,0.9977553051,0.09999999999999998
ViSmish_06409,1,1,0.99962354,True,1.0,paraphrased,BHXH / Trợ cấp giả,1.0,0.998096234,0.0019037659999999734,0.09999999999999998
ViSmish_06410,0,0,0.99945,True,1.0,synthetic,Dịch vụ y tế,1.0,0.0022921151999999996,0.9977078848,0.09999999999999998
ViSmish_06412,0,0,0.99919564,True,1.0,real,Dịch vụ công thật,1.0,0.0027590417999999992,0.9972409582,0.09999999999999998
ViSmish_06413,0,0,0.99945766,True,1.0,real,Viễn thông,1.0,0.0022763620999999997,0.9977236379,0.09999999999999998
ViSmish_06414,0,0,0.999468,True,1.0,real,Viễn thông,1.0,0.0022549824999999993,0.9977450175,0.09999999999999998
ViSmish_06416,1,1,0.99928826,True,1.0,synthetic_hard_negative,Giả mạo ngân hàng,1.0,0.997400415,0.0025995850000000154,0.09999999999999998
ViSmish_06418,0,0,0.9993309,True,1.0,external_real,P2P hội thoại thông thường,1.0,0.0025224361999999995,0.9974775638,0.09999999999999998
ViSmish_06422,1,1,0.9995264,True,1.0,paraphrased,Tuyển dụng giả,1.0,0.99786966,0.0021303400000000083,0.09999999999999998
ViSmish_06423,0,0,0.9994881,True,1.0,synthetic,Ngân hàng thật,1.0,0.0022128113999999996,0.9977871886,0.09999999999999998
ViSmish_06424,0,0,0.9994673,True,1.0,real,Ngân hàng thật,1.0,0.0022564948,0.9977435052,0.09999999999999998
ViSmish_06426,1,1,0.9996197,True,1.0,paraphrased,Giả mạo ngân hàng,1.0,0.998087007,0.0019129930000000295,0.09999999999999998
ViSmish_06427,1,1,0.99961436,True,1.0,paraphrased,Cờ bạc / Betting,1.0,0.9980737749999999,0.0019262250000000591,0.09999999999999998
ViSmish_06430,1,1,0.9995945,True,1.0,paraphrased,Nội dung nhạy cảm,1.0,0.998025537,0.0019744630000000374,0.09999999999999998
ViSmish_06431,0,0,0.99941385,True,1.0,external_real,P2P hội thoại thông thường,1.0,0.0023644526999999993,0.9976355473,0.09999999999999998
ViSmish_06433,1,1,0.99959046,True,1.0,paraphrased,Nội dung nhạy cảm,1.0,0.998015964,0.001984035999999967,0.09999999999999998
ViSmish_06435,0,0,0.99940753,True,1.0,synthetic,Tin nhắn cá nhân và OTP,1.0,0.0023769225999999994,0.9976230774,0.09999999999999998
ViSmish_06438,1,1,0.99959296,True,1.0,synthetic_hard_negative,Khác,1.0,0.99802186,0.0019781399999999616,0.09999999999999998
ViSmish_06439,1,1,0.9995628,True,1.0,paraphrased,Dịch vụ công giả,1.0,0.9979513760000001,0.0020486239999999434,0.09999999999999998
ViSmish_06442,1,1,0.99958366,True,1.0,paraphrased,Crypto / Đầu tư giả,1.0,0.99799982,0.002000180000000018,0.09999999999999998
ViSmish_06443,1,1,0.99961686,True,1.0,paraphrased,Dịch vụ công giả,1.0,0.9980800400000001,0.0019199599999999428,0.09999999999999998
ViSmish_06444,1,1,0.99959,True,1.0,paraphrased,Crypto / Đầu tư giả,1.0,0.998014796,0.001985204000000018,0.09999999999999998
ViSmish_06445,1,1,0.99952483,True,1.0,synthetic_hard_negative,Dịch vụ công giả,1.0,0.99786608,0.0021339200000000114,0.09999999999999998
ViSmish_06446,0,0,0.9994735,True,1.0,synthetic,Vận chuyển,1.0,0.0022437663999999996,0.9977562336,0.09999999999999998
ViSmish_06448,0,0,0.9994804,True,1.0,real,Viễn thông,1.0,0.0022293089999999996,0.997770691,0.09999999999999998
ViSmish_06450,0,0,0.9993568,True,1.0,synthetic,Ngân hàng thật,1.0,0.0024741947999999993,0.9975258052,0.09999999999999998
ViSmish_06451,0,0,0.99942964,True,1.0,real,Tin nhắn cá nhân và OTP,1.0,0.0023330311999999994,0.9976669688,0.09999999999999998
ViSmish_06453,0,0,0.9994485,True,1.0,real,Ngân hàng thật,1.0,0.0022951594999999995,0.9977048405,0.09999999999999998
ViSmish_06454,1,1,0.999597,True,1.0,paraphrased,Cờ bạc / Betting,1.0,0.99803175,0.0019682500000000047,0.09999999999999998
ViSmish_06455,0,0,0.999495,True,1.0,real,Tin nhắn cá nhân và OTP,1.0,0.0021983025999999994,0.9978016974,0.09999999999999998
ViSmish_06456,0,0,0.9994394,True,1.0,real,Viễn thông,1.0,0.0023136160999999993,0.9976863839,0.09999999999999998
ViSmish_06457,1,1,0.999602,True,1.0,paraphrased,Crypto / Đầu tư giả,1.0,0.998043585,0.001956414999999989,0.09999999999999998
ViSmish_06458,1,1,0.99959356,True,1.0,paraphrased,Cờ bạc / Betting,1.0,0.99802342,0.0019765800000000056,0.09999999999999998
ViSmish_06460,1,1,0.99957186,True,1.0,paraphrased,Nội dung nhạy cảm,1.0,0.997972405,0.0020275950000000487,0.09999999999999998
ViSmish_06461,1,1,0.999617,True,1.0,paraphrased,Dịch vụ công giả,1.0,0.998080164,0.001919836000000008,0.09999999999999998
ViSmish_06464,1,1,0.99961483,True,1.0,paraphrased,Đòi nợ / Đe dọa,1.0,0.998074853,0.001925147000000016,0.09999999999999998
ViSmish_06466,1,1,0.99885976,True,1.0,paraphrased,Nội dung nhạy cảm,1.0,0.99673168,0.0032683199999999912,0.09999999999999998
ViSmish_06468,1,1,0.99962735,True,1.0,paraphrased,Tuyển dụng giả,1.0,0.998105866,0.0018941340000000473,0.09999999999999998
ViSmish_06469,1,1,0.99961483,True,1.0,paraphrased,Crypto / Đầu tư giả,1.0,0.9980749250000001,0.0019250749999999428,0.09999999999999998
ViSmish_06470,1,1,0.999393,True,1.0,paraphrased,Nội dung nhạy cảm,1.0,0.997594744,0.0024052559999999668,0.09999999999999998
ViSmish_06472,0,0,0.9993892,True,1.0,external_real,P2P hội thoại thông thường,1.0,0.0024125217999999993,0.9975874782,0.09999999999999998
ViSmish_06473,1,1,0.99942917,True,1.0,synthetic_hard_negative,Khác,1.0,0.9976658899999999,0.002334110000000056,0.09999999999999998
ViSmish_06476,0,0,0.99947506,True,1.0,synthetic,Vận chuyển,1.0,0.0022404910999999994,0.9977595089,0.09999999999999998
ViSmish_06477,0,0,0.9992543,True,1.0,synthetic,Viễn thông,1.0,0.0026592029999999993,0.997340797,0.09999999999999998
ViSmish_06478,0,0,0.9994789,True,1.0,real,Viễn thông,1.0,0.0022324066999999995,0.9977675933,0.09999999999999998
ViSmish_06480,0,0,0.9984925,True,1.0,external_real,P2P hội thoại thông thường,1.0,0.0037402349999999993,0.996259765,0.09999999999999998
ViSmish_06483,1,1,0.9996141,True,1.0,paraphrased,Tuyển dụng giả,1.0,0.99807329,0.0019267099999999981,0.09999999999999998
ViSmish_06484,1,1,0.999571,True,1.0,paraphrased,Nội dung nhạy cảm,1.0,0.99797055,0.002029449999999988,0.09999999999999998
ViSmish_06485,0,0,0.99940395,True,1.0,real,Viễn thông,1.0,0.0023838167999999994,0.9976161832,0.09999999999999998
ViSmish_06486,0,0,0.99936086,True,1.0,real,Viễn thông,1.0,0.0024664975999999996,0.9975335024,0.09999999999999998
ViSmish_06487,0,0,0.999476,True,1.0,synthetic,Tin nhắn cá nhân và OTP,1.0,0.0022384320999999994,0.9977615679,0.09999999999999998
ViSmish_06489,0,0,0.99948347,True,1.0,synthetic,Vận chuyển,1.0,0.0022226472999999996,0.9977773527,0.09999999999999998
ViSmish_06490,1,1,0.99933535,True,1.0,synthetic_hard_negative,Dịch vụ công giả,1.0,0.99748605,0.002513949999999987,0.09999999999999998
ViSmish_06492,1,1,0.9994942,True,1.0,synthetic_hard_negative,Khác,1.0,0.997800064,0.0021999360000000134,0.09999999999999998
ViSmish_06494,1,1,0.9995573,True,1.0,paraphrased,Đòi nợ / Đe dọa,1.0,0.99793895,0.0020610500000000087,0.09999999999999998
ViSmish_06496,0,0,0.9992982,True,1.0,synthetic,Ngân hàng thật,1.0,0.002581574999999999,0.997418425,0.09999999999999998
ViSmish_06497,0,0,0.9991716,True,1.0,synthetic,Quảng cáo hợp lệ,1.0,0.0027988710999999993,0.9972011289,0.09999999999999998
ViSmish_06499,1,1,0.99960726,True,1.0,paraphrased,Đòi nợ / Đe dọa,1.0,0.99805618,0.0019438200000000405,0.09999999999999998
ViSmish_06500,0,0,0.9993735,True,1.0,real,Viễn thông,1.0,0.0024425843999999995,0.9975574156,0.09999999999999998
ViSmish_06501,0,0,0.9994516,True,1.0,real,Ngân hàng thật,1.0,0.0022887818999999996,0.9977112181,0.09999999999999998
ViSmish_06502,1,1,0.99957436,True,1.0,paraphrased,Crypto / Đầu tư giả,1.0,0.997978175,0.0020218250000000326,0.09999999999999998
ViSmish_06504,1,1,0.99962497,True,1.0,paraphrased,Dịch vụ công giả,1.0,0.99809991,0.001900090000000021,0.09999999999999998
ViSmish_06505,0,0,0.99944216,True,1.0,real,Khác,1.0,0.0023080566999999995,0.9976919433,0.09999999999999998
ViSmish_06506,0,0,0.99944025,True,1.0,synthetic,Dịch vụ công thật,1.0,0.0023117396999999995,0.9976882603,0.09999999999999998
ViSmish_06507,1,1,0.9995431,True,1.0,paraphrased,Cờ bạc / Betting,1.0,0.997906744,0.002093255999999988,0.09999999999999998
ViSmish_06510,0,0,0.99944955,True,1.0,synthetic,Thương mại điện tử,1.0,0.0022930442999999994,0.9977069557,0.09999999999999998
ViSmish_06511,1,1,0.9996146,True,1.0,paraphrased,Nội dung nhạy cảm,1.0,0.998074293,0.0019257070000000542,0.09999999999999998
ViSmish_06513,1,1,0.9994198,True,1.0,real,Giả mạo ngân hàng,1.0,0.99764732,0.002352679999999996,0.09999999999999998
ViSmish_06514,0,0,0.9994717,True,1.0,external_curated,P2P hard negative,1.0,0.0022473576999999995,0.9977526423,0.09999999999999998
ViSmish_06515,1,1,0.9995382,True,1.0,paraphrased,Đòi nợ / Đe dọa,1.0,0.9978956,0.0021044000000000063,0.09999999999999998
ViSmish_06516,1,1,0.99960285,True,1.0,paraphrased,BHXH / Trợ cấp giả,1.0,0.998045737,0.0019542630000000116,0.09999999999999998
ViSmish_06517,1,1,0.9994444,True,1.0,real,Cờ bạc / Betting,1.0,0.997696495,0.0023035049999999835,0.09999999999999998
ViSmish_06518,0,0,0.9994748,True,1.0,synthetic,Vận chuyển,1.0,0.0022409608999999996,0.9977590391,0.09999999999999998
ViSmish_06520,0,0,0.99946743,True,1.0,real,Khác,1.0,0.0022564039999999996,0.997743596,0.09999999999999998
ViSmish_06521,1,1,0.9996164,True,1.0,paraphrased,Cờ bạc / Betting,1.0,0.99807858,0.0019214199999999515,0.09999999999999998
ViSmish_06522,0,0,0.99940646,True,1.0,real,Viễn thông,1.0,0.0023791133999999992,0.9976208866,0.09999999999999998
ViSmish_06523,0,0,0.99915135,True,1.0,external_real,P2P hội thoại thông thường,1.0,0.002831834999999999,0.997168165,0.09999999999999998
ViSmish_06524,1,1,0.99962735,True,1.0,paraphrased,Giả mạo ngân hàng,1.0,0.998105973,0.0018940269999999648,0.09999999999999998
ViSmish_06525,1,1,0.99962616,True,1.0,paraphrased,Giả mạo ngân hàng,1.0,0.998103,0.0018970000000000375,0.09999999999999998
ViSmish_06526,1,1,0.99908674,True,1.0,real,Đòi nợ / Đe dọa,1.0,0.997065365,0.0029346350000000188,0.09999999999999998
ViSmish_06527,0,0,0.99946624,True,1.0,real,Khác,1.0,0.0022588250999999995,0.9977411749,0.09999999999999998
ViSmish_06528,0,0,0.99934524,True,1.0,external_curated,P2P hard negative,1.0,0.0024958257999999995,0.9975041742,0.09999999999999998
ViSmish_06531,1,1,0.9995757,True,1.0,paraphrased,BHXH / Trợ cấp giả,1.0,0.997981185,0.002018815000000007,0.09999999999999998
ViSmish_06533,1,1,0.99961996,True,1.0,paraphrased,BHXH / Trợ cấp giả,1.0,0.998087466,0.0019125340000000213,0.09999999999999998
ViSmish_06535,1,1,0.9996146,True,1.0,paraphrased,Dịch vụ công giả,1.0,0.99807438,0.0019256199999999613,0.09999999999999998
ViSmish_06536,1,1,0.99961853,True,1.0,paraphrased,Tuyển dụng giả,1.0,0.99808389,0.0019161100000000264,0.09999999999999998
ViSmish_06537,1,1,0.99958867,True,1.0,paraphrased,Nội dung nhạy cảm,1.0,0.99801175,0.0019882500000000247,0.09999999999999998
ViSmish_06538,1,1,0.9995497,True,1.0,synthetic_hard_negative,Khác,1.0,0.997921616,0.002078384000000044,0.09999999999999998
ViSmish_06539,1,1,0.99955624,True,1.0,synthetic_hard_negative,Khác,1.0,0.9979365099999999,0.0020634900000000567,0.09999999999999998
ViSmish_06540,0,0,0.99938107,True,1.0,real,Viễn thông,1.0,0.0024282343999999997,0.9975717656,0.09999999999999998
ViSmish_06541,0,0,0.99937505,True,1.0,real,Tin nhắn cá nhân và OTP,1.0,0.0024396259999999994,0.997560374,0.09999999999999998
ViSmish_06543,1,1,0.99957734,True,1.0,paraphrased,Crypto / Đầu tư giả,1.0,0.99798527,0.0020147299999999646,0.09999999999999998
ViSmish_06544,1,1,0.99956805,True,1.0,paraphrased,BHXH / Trợ cấp giả,1.0,0.99796342,0.0020365799999999545,0.09999999999999998
ViSmish_06546,1,1,0.9995839,True,1.0,paraphrased,Cờ bạc / Betting,1.0,0.99800038,0.0019996199999999797,0.09999999999999998
ViSmish_06547,1,1,0.9996153,True,1.0,paraphrased,Cờ bạc / Betting,1.0,0.99807622,0.0019237800000000416,0.09999999999999998
ViSmish_06548,0,0,0.99942553,True,1.0,synthetic,Quảng cáo hợp lệ,1.0,0.0023413672999999992,0.9976586327,0.09999999999999998
ViSmish_06550,1,1,0.99961436,True,1.0,paraphrased,Dịch vụ công giả,1.0,0.998073626,0.001926373999999953,0.09999999999999998
ViSmish_06551,0,0,0.99946624,True,1.0,external_real,P2P hội thoại thông thường,1.0,0.0022586591999999993,0.9977413408,0.09999999999999998
ViSmish_06552,0,0,0.9994948,True,1.0,real,Tin nhắn cá nhân và OTP,1.0,0.0021987749999999996,0.997801225,0.09999999999999998
ViSmish_06553,0,0,0.99950206,True,1.0,synthetic,Dịch vụ y tế,1.0,0.002183362499999999,0.9978166375,0.09999999999999998
ViSmish_06554,1,1,0.9996221,True,1.0,paraphrased,Đòi nợ / Đe dọa,1.0,0.998092926,0.0019070740000000086,0.09999999999999998
ViSmish_06555,0,0,0.99946314,True,1.0,real,Viễn thông,1.0,0.0022651874999999994,0.9977348125,0.09999999999999998
ViSmish_06557,1,1,0.9996113,True,1.0,paraphrased,Giả mạo ngân hàng,1.0,0.99806606,0.0019339400000000229,0.09999999999999998
ViSmish_06558,0,0,0.99865997,True,1.0,synthetic,Thương mại điện tử,1.0,0.0035337086999999994,0.9964662913,0.09999999999999998
ViSmish_06559,0,0,0.9993063,True,1.0,synthetic,Dịch vụ công thật,1.0,0.002567006999999999,0.997432993,0.09999999999999998
ViSmish_06560,1,1,0.999446,True,1.0,paraphrased,Cờ bạc / Betting,1.0,0.99769975,0.0023002500000000037,0.09999999999999998
ViSmish_06561,0,0,0.9994111,True,1.0,synthetic,Dịch vụ công thật,1.0,0.0023700374999999995,0.9976299625,0.09999999999999998
ViSmish_06562,0,0,0.9993869,True,1.0,real,Viễn thông,1.0,0.0024169879999999997,0.997583012,0.09999999999999998
ViSmish_06563,1,1,0.9996177,True,1.0,paraphrased,Đòi nợ / Đe dọa,1.0,0.99808184,0.001918160000000002,0.09999999999999998
ViSmish_06564,0,0,0.99943644,True,1.0,synthetic,Ngân hàng thật,1.0,0.0023194428999999996,0.9976805571,0.09999999999999998
ViSmish_06565,0,0,0.99943846,True,1.0,real,Tin nhắn cá nhân và OTP,1.0,0.0023153496999999993,0.9976846503,0.09999999999999998
ViSmish_06566,1,1,0.9996269,True,1.0,paraphrased,Đòi nợ / Đe dọa,1.0,0.99810465,0.0018953499999999623,0.09999999999999998
ViSmish_06567,0,0,0.9994605,True,1.0,real,Viễn thông,1.0,0.0022706314999999997,0.9977293685,0.09999999999999998
ViSmish_06570,1,1,0.9996051,True,1.0,paraphrased,Cờ bạc / Betting,1.0,0.99805126,0.0019487400000000044,0.09999999999999998
ViSmish_06571,1,1,0.9996213,True,1.0,paraphrased,Tuyển dụng giả,1.0,0.99809079,0.0019092099999999945,0.09999999999999998
ViSmish_06572,0,0,0.99947566,True,1.0,real,Khác,1.0,0.0022392482999999998,0.9977607517,0.09999999999999998
ViSmish_06574,1,1,0.9996195,True,1.0,paraphrased,BHXH / Trợ cấp giả,1.0,0.998086345,0.0019136549999999586,0.09999999999999998
ViSmish_06575,1,1,0.9996075,True,1.0,paraphrased,Nội dung nhạy cảm,1.0,0.998056924,0.001943075999999988,0.09999999999999998
ViSmish_06576,1,1,0.99961495,True,1.0,paraphrased,Đòi nợ / Đe dọa,1.0,0.998075265,0.0019247350000000107,0.09999999999999998
ViSmish_06577,1,1,0.9996308,True,1.0,paraphrased,BHXH / Trợ cấp giả,1.0,0.99811453,0.0018854699999999447,0.09999999999999998
ViSmish_06578,0,0,0.99940383,True,1.0,real,Viễn thông,1.0,0.0023841807999999995,0.9976158192,0.09999999999999998
ViSmish_06579,0,0,0.99948657,True,1.0,synthetic,Tin nhắn cá nhân và OTP,1.0,0.0022162893999999995,0.9977837106,0.09999999999999998
ViSmish_06580,1,1,0.99961543,True,1.0,paraphrased,Giả mạo ngân hàng,1.0,0.998076516,0.0019234839999999753,0.09999999999999998
ViSmish_06581,1,1,0.99955744,True,1.0,paraphrased,Nội dung nhạy cảm,1.0,0.99793911,0.002060889999999982,0.09999999999999998
ViSmish_06582,0,0,0.9992792,True,1.0,real,Quảng cáo hợp lệ,1.0,0.0026156093999999993,0.9973843906,0.09999999999999998
ViSmish_06584,0,0,0.9994178,True,1.0,real,Viễn thông,1.0,0.0023567351999999996,0.9976432648,0.09999999999999998
ViSmish_06586,0,0,0.9994067,True,1.0,synthetic,Tin nhắn cá nhân và OTP,1.0,0.0023785099999999995,0.99762149,0.09999999999999998
ViSmish_06587,0,0,0.999383,True,1.0,external_real,P2P hội thoại thông thường,1.0,0.0024243827999999995,0.9975756172,0.09999999999999998
ViSmish_06590,0,0,0.9993536,True,1.0,real,Viễn thông,1.0,0.0024801754999999996,0.9975198245,0.09999999999999998
ViSmish_06591,0,0,0.998958,True,1.0,real,Viễn thông,1.0,0.0031285589999999995,0.996871441,0.09999999999999998
ViSmish_06592,1,1,0.99960667,True,1.0,paraphrased,Nội dung nhạy cảm,1.0,0.998054737,0.0019452629999999749,0.09999999999999998
ViSmish_06593,0,0,0.9994054,True,1.0,real,Viễn thông,1.0,0.0023810311999999997,0.9976189688,0.09999999999999998
ViSmish_06595,1,1,0.99960464,True,1.0,paraphrased,Nội dung nhạy cảm,1.0,0.99804991,0.0019500900000000154,0.09999999999999998
ViSmish_06596,0,0,0.9993747,True,1.0,real,Viễn thông,1.0,0.0024403135999999993,0.9975596864,0.09999999999999998
ViSmish_06597,0,0,0.9994881,True,1.0,synthetic,Vận chuyển,1.0,0.0022130199999999996,0.99778698,0.09999999999999998
ViSmish_06598,1,1,0.9996151,True,1.0,paraphrased,Nội dung nhạy cảm,1.0,0.998075634,0.0019243660000000107,0.09999999999999998
ViSmish_06600,0,0,0.9994741,True,1.0,real,Viễn thông,1.0,0.0022423499999999993,0.99775765,0.09999999999999998
ViSmish_06601,1,1,0.9996177,True,1.0,paraphrased,Tuyển dụng giả,1.0,0.99808199,0.0019180100000000255,0.09999999999999998
ViSmish_06602,1,1,0.9995819,True,1.0,paraphrased,Crypto / Đầu tư giả,1.0,0.997995824,0.002004176000000024,0.09999999999999998
ViSmish_06603,0,0,0.9994112,True,1.0,synthetic,Dịch vụ công thật,1.0,0.0023696982999999996,0.9976303017,0.09999999999999998
ViSmish_06604,0,0,0.9993923,True,1.0,external_real,P2P hội thoại thông thường,1.0,0.0024066674999999992,0.9975933325,0.09999999999999998
ViSmish_06605,0,0,0.9993469,True,1.0,synthetic,Vận chuyển,1.0,0.0024927012999999996,0.9975072987,0.09999999999999998
ViSmish_06606,0,0,0.99936026,True,1.0,real,Viễn thông,1.0,0.0024677596999999993,0.9975322403,0.09999999999999998
ViSmish_06607,1,1,0.99961436,True,1.0,paraphrased,BHXH / Trợ cấp giả,1.0,0.99807365,0.0019263499999999656,0.09999999999999998
ViSmish_06608,1,1,0.99959034,True,1.0,paraphrased,Đòi nợ / Đe dọa,1.0,0.99801558,0.0019844199999999868,0.09999999999999998
ViSmish_06610,1,1,0.9996258,True,1.0,paraphrased,Cờ bạc / Betting,1.0,0.99810213,0.0018978699999999682,0.09999999999999998
ViSmish_06612,1,1,0.99959725,True,1.0,paraphrased,Tuyển dụng giả,1.0,0.9980321169999999,0.001967883000000059,0.09999999999999998
ViSmish_06613,0,0,0.99946827,True,1.0,synthetic,Ngân hàng thật,1.0,0.0022545318999999996,0.9977454681,0.09999999999999998
ViSmish_06616,1,1,0.9995993,True,1.0,paraphrased,Crypto / Đầu tư giả,1.0,0.998036975,0.001963025000000007,0.09999999999999998
ViSmish_06617,0,0,0.9994417,True,1.0,synthetic,Viễn thông,1.0,0.0023089554,0.9976910446,0.09999999999999998
ViSmish_06619,0,0,0.9994679,True,1.0,synthetic,Vận chuyển,1.0,0.0022552117999999994,0.9977447882,0.09999999999999998
ViSmish_06620,1,1,0.9996282,True,1.0,paraphrased,Tuyển dụng giả,1.0,0.998107785,0.0018922150000000304,0.09999999999999998
ViSmish_06621,1,1,0.99958724,True,1.0,paraphrased,Cờ bạc / Betting,1.0,0.998008454,0.001991545999999955,0.09999999999999998
ViSmish_06622,0,0,0.99943954,True,1.0,external_real,P2P hội thoại thông thường,1.0,0.0023131785999999997,0.9976868214,0.09999999999999998
ViSmish_06623,0,0,0.9991417,True,1.0,external_curated,P2P hard negative,1.0,0.0028474742999999992,0.9971525257,0.09999999999999998
ViSmish_06624,1,1,0.99961144,True,1.0,paraphrased,Giả mạo ngân hàng,1.0,0.99806639,0.00193361000000003,0.09999999999999998
ViSmish_06625,0,0,0.9994548,True,1.0,synthetic,Tin nhắn cá nhân và OTP,1.0,0.0022823508999999993,0.9977176491,0.09999999999999998
ViSmish_06626,0,0,0.9994924,True,1.0,synthetic,Vận chuyển,1.0,0.0022039627999999993,0.9977960372,0.09999999999999998
ViSmish_06627,1,1,0.99962497,True,1.0,paraphrased,Đòi nợ / Đe dọa,1.0,0.998099923,0.0019000769999999445,0.09999999999999998
ViSmish_06628,0,0,0.9994635,True,1.0,synthetic,Ngân hàng thật,1.0,0.0022644569999999992,0.997735543,0.09999999999999998
ViSmish_06631,1,1,0.9995913,True,1.0,real,Tuyển dụng giả,1.0,0.998018116,0.0019818839999999893,0.09999999999999998
ViSmish_06633,0,0,0.99946624,True,1.0,synthetic,Tin nhắn cá nhân và OTP,1.0,0.0022588725999999996,0.9977411274,0.09999999999999998
ViSmish_06638,0,0,0.9993875,True,1.0,external_curated,P2P hard negative,1.0,0.0024158717999999994,0.9975841282,0.09999999999999998
ViSmish_06641,1,1,0.9995933,True,1.0,paraphrased,Tuyển dụng giả,1.0,0.99802287,0.0019771299999999936,0.09999999999999998
ViSmish_06642,0,0,0.99919385,True,1.0,real,Dịch vụ công thật,1.0,0.0027619391999999993,0.9972380608,0.09999999999999998
ViSmish_06643,1,1,0.9996232,True,1.0,paraphrased,Dịch vụ công giả,1.0,0.998095614,0.0019043859999999802,0.09999999999999998
ViSmish_06645,0,0,0.9992061,True,1.0,synthetic,Quảng cáo hợp lệ,1.0,0.0027415405999999995,0.9972584594,0.09999999999999998
ViSmish_06646,0,0,0.999313,True,1.0,real,Viễn thông,1.0,0.0025550003999999997,0.9974449996,0.09999999999999998
ViSmish_06648,1,1,0.9995378,True,1.0,synthetic_hard_negative,BHXH / Trợ cấp giả,1.0,0.99789489,0.002105110000000021,0.09999999999999998
ViSmish_06650,1,1,0.9996207,True,1.0,paraphrased,Dịch vụ công giả,1.0,0.99808929,0.0019107099999999821,0.09999999999999998
ViSmish_06651,0,0,0.9994735,True,1.0,synthetic,Viễn thông,1.0,0.0022435927999999994,0.9977564072,0.09999999999999998
ViSmish_06652,0,0,0.99927264,True,1.0,real,Quảng cáo hợp lệ,1.0,0.0026271305999999994,0.9973728694,0.09999999999999998
ViSmish_06655,0,0,0.99936324,True,1.0,synthetic,Dịch vụ công thật,1.0,0.0024621052999999997,0.9975378947,0.09999999999999998
ViSmish_06656,1,1,0.99960595,True,1.0,paraphrased,Tuyển dụng giả,1.0,0.9980530400000001,0.001946959999999942,0.09999999999999998
ViSmish_06657,1,1,0.9995055,True,1.0,synthetic_hard_negative,Khác,1.0,0.997824174,0.002175825999999992,0.09999999999999998
ViSmish_06658,0,0,0.99944717,True,1.0,synthetic,Tin nhắn cá nhân và OTP,1.0,0.0022979014999999995,0.9977020985,0.09999999999999998
ViSmish_06663,1,1,0.9996105,True,1.0,paraphrased,Tuyển dụng giả,1.0,0.99806419,0.0019358099999999823,0.09999999999999998
ViSmish_06665,1,1,0.9996055,True,1.0,paraphrased,Crypto / Đầu tư giả,1.0,0.998052084,0.001947915999999994,0.09999999999999998
ViSmish_06666,0,0,0.9994635,True,1.0,synthetic,Viễn thông,1.0,0.0022645303999999995,0.9977354696,0.09999999999999998
ViSmish_06667,0,0,0.9994498,True,1.0,synthetic,Ngân hàng thật,1.0,0.0022924055999999997,0.9977075944,0.09999999999999998
ViSmish_06668,1,1,0.99961877,True,1.0,paraphrased,Nội dung nhạy cảm,1.0,0.99808462,0.001915380000000022,0.09999999999999998
ViSmish_06669,1,1,0.9996172,True,1.0,paraphrased,BHXH / Trợ cấp giả,1.0,0.99808077,0.0019192300000000495,0.09999999999999998
ViSmish_06670,0,0,0.9994412,True,1.0,external_real,P2P hội thoại thông thường,1.0,0.0023098920999999996,0.9976901079,0.09999999999999998
ViSmish_06672,1,1,0.9996099,True,1.0,synthetic_hard_negative,Khác,1.0,0.9980627,0.0019373000000000307,0.09999999999999998
ViSmish_06673,1,1,0.9996239,True,1.0,paraphrased,BHXH / Trợ cấp giả,1.0,0.99809724,0.0019027600000000033,0.09999999999999998
ViSmish_06675,1,1,0.9974394,True,1.0,real,Khác,1.0,0.99517763,0.004822369999999965,0.09999999999999998
ViSmish_06676,0,0,0.9994622,True,1.0,synthetic,Viễn thông,1.0,0.0022672013999999996,0.9977327986,0.09999999999999998
ViSmish_06677,1,1,0.9996132,True,1.0,paraphrased,Giả mạo ngân hàng,1.0,0.99807097,0.0019290299999999982,0.09999999999999998
ViSmish_06678,1,1,0.9996031,True,1.0,paraphrased,Nội dung nhạy cảm,1.0,0.99804622,0.001953780000000016,0.09999999999999998
ViSmish_06680,0,0,0.99947196,True,1.0,synthetic,Quảng cáo hợp lệ,1.0,0.0022469007999999994,0.9977530992,0.09999999999999998
ViSmish_06681,0,0,0.9992899,True,1.0,real,Viễn thông,1.0,0.0025965820999999992,0.9974034179,0.09999999999999998
ViSmish_06682,1,1,0.99961203,True,1.0,paraphrased,Nội dung nhạy cảm,1.0,0.99806801,0.0019319899999999945,0.09999999999999998
ViSmish_06684,1,1,0.9995307,True,1.0,paraphrased,Dịch vụ công giả,1.0,0.99787906,0.00212093999999996,0.09999999999999998
ViSmish_06686,1,1,0.9996282,True,1.0,paraphrased,BHXH / Trợ cấp giả,1.0,0.998107934,0.0018920660000000256,0.09999999999999998
ViSmish_06687,0,0,0.9992835,True,1.0,real,Viễn thông,1.0,0.0026078467999999994,0.9973921532,0.09999999999999998
ViSmish_06688,0,0,0.9994554,True,1.0,external_curated,P2P hard negative,1.0,0.0022811179999999995,0.997718882,0.09999999999999998
ViSmish_06689,1,1,0.99941015,True,1.0,paraphrased,Crypto / Đầu tư giả,1.0,0.997628284,0.002371715999999968,0.09999999999999998
ViSmish_06691,0,0,0.9994648,True,1.0,external_curated,P2P hard negative,1.0,0.0022616779999999996,0.997738322,0.09999999999999998
ViSmish_06692,0,0,0.999416,True,1.0,real,Viễn thông,1.0,0.0023602172999999996,0.9976397827,0.09999999999999998
ViSmish_06696,1,1,0.9995215,True,1.0,paraphrased,BHXH / Trợ cấp giả,1.0,0.99785882,0.0021411799999999648,0.09999999999999998
ViSmish_06698,1,1,0.97801924,True,1.0,real,Khác,1.0,0.986962897,0.01303710300000005,0.09999999999999998
ViSmish_06699,1,1,0.9994679,True,1.0,synthetic_hard_negative,Khác,1.0,0.997744685,0.00225531499999998,0.09999999999999998
ViSmish_06701,1,1,0.9996294,True,1.0,paraphrased,Tuyển dụng giả,1.0,0.998110837,0.0018891629999999715,0.09999999999999998
ViSmish_06702,1,1,0.9995277,True,1.0,synthetic_hard_negative,Giả mạo ngân hàng,1.0,0.997872454,0.00212754599999998,0.09999999999999998
ViSmish_06704,1,1,0.99960667,True,1.0,paraphrased,Tuyển dụng giả,1.0,0.998054755,0.0019452450000000399,0.09999999999999998
ViSmish_06705,1,1,0.9994822,True,1.0,synthetic_hard_negative,Đòi nợ / Đe dọa,1.0,0.99777439,0.002225609999999989,0.09999999999999998
ViSmish_06707,1,1,0.9996195,True,1.0,paraphrased,Tuyển dụng giả,1.0,0.998086435,0.0019135649999999504,0.09999999999999998
ViSmish_06709,0,0,0.99947804,True,1.0,synthetic,Ngân hàng thật,1.0,0.0022341558999999997,0.9977658441,0.09999999999999998
ViSmish_06710,0,0,0.99940705,True,1.0,real,Tin nhắn cá nhân và OTP,1.0,0.0023777771999999994,0.9976222228,0.09999999999999998
ViSmish_06712,1,1,0.99962544,True,1.0,paraphrased,BHXH / Trợ cấp giả,1.0,0.99810116,0.0018988399999999572,0.09999999999999998
ViSmish_06713,1,1,0.9996203,True,1.0,paraphrased,Giả mạo ngân hàng,1.0,0.998088443,0.0019115570000000082,0.09999999999999998
ViSmish_06716,1,1,0.99956447,True,1.0,paraphrased,Cờ bạc / Betting,1.0,0.99795543,0.0020445700000000233,0.09999999999999998
ViSmish_06718,0,0,0.999416,True,1.0,real,Viễn thông,1.0,0.0023603641999999994,0.9976396358,0.09999999999999998
ViSmish_06721,0,0,0.99939084,True,1.0,synthetic,Tin nhắn cá nhân và OTP,1.0,0.0024093109999999995,0.997590689,0.09999999999999998
ViSmish_06723,0,0,0.99935323,True,1.0,synthetic,Thương mại điện tử,1.0,0.0024809406999999994,0.9975190593,0.09999999999999998
ViSmish_06724,0,0,0.9990318,True,1.0,external_curated,P2P hard negative,1.0,0.0030191836999999993,0.9969808163,0.09999999999999998
ViSmish_06727,0,0,0.99945873,True,1.0,synthetic,Ngân hàng thật,1.0,0.0022741302999999997,0.9977258697,0.09999999999999998
ViSmish_06729,1,1,0.9995982,True,1.0,paraphrased,Cờ bạc / Betting,1.0,0.998034406,0.0019655939999999594,0.09999999999999998
ViSmish_06730,0,0,0.99939954,True,1.0,real,Viễn thông,1.0,0.0023926002999999996,0.9976073997,0.09999999999999998
ViSmish_06731,0,0,0.99941933,True,1.0,real,Viễn thông,1.0,0.0023536625999999996,0.9976463374,0.09999999999999998
ViSmish_06732,0,0,0.9994549,True,1.0,external_curated,P2P hard negative,1.0,0.0022820123999999996,0.9977179876,0.09999999999999998
ViSmish_06733,0,0,0.9994562,True,1.0,synthetic,Ngân hàng thật,1.0,0.0022794045999999994,0.9977205954,0.09999999999999998
ViSmish_06735,1,1,0.99962604,True,1.0,paraphrased,Giả mạo ngân hàng,1.0,0.99810269,0.001897310000000041,0.09999999999999998
ViSmish_06736,1,1,0.9996178,True,1.0,paraphrased,Nội dung nhạy cảm,1.0,0.9980822,0.0019177999999999695,0.09999999999999998
ViSmish_06737,1,1,0.9996093,True,1.0,paraphrased,BHXH / Trợ cấp giả,1.0,0.9980613,0.00193869999999996,0.09999999999999998
ViSmish_06738,1,1,0.9995359,True,1.0,synthetic_hard_negative,Giả mạo ngân hàng,1.0,0.99789059,0.0021094099999999782,0.09999999999999998
ViSmish_06739,0,0,0.9935587,True,1.0,external_curated,P2P hard negative,1.0,0.007451751999999999,0.992548248,0.09999999999999998
ViSmish_06740,1,1,0.99923766,True,1.0,paraphrased,Cờ bạc / Betting,1.0,0.99731205,0.0026879499999999945,0.09999999999999998
ViSmish_06741,1,1,0.99956745,True,1.0,paraphrased,Nội dung nhạy cảm,1.0,0.997962314,0.002037685999999983,0.09999999999999998
ViSmish_06743,0,0,0.99942553,True,1.0,synthetic,Tin nhắn cá nhân và OTP,1.0,0.0023414209999999998,0.997658579,0.09999999999999998
ViSmish_06747,0,0,0.999418,True,1.0,external_curated,P2P hard negative,1.0,0.0023561875999999994,0.9976438124,0.09999999999999998
ViSmish_06748,0,0,0.99946064,True,1.0,synthetic,Ngân hàng thật,1.0,0.0022703086999999993,0.9977296913,0.09999999999999998
ViSmish_06750,0,0,0.9994741,True,1.0,synthetic,Ngân hàng thật,1.0,0.002242450199999999,0.9977575498,0.09999999999999998
ViSmish_06751,0,0,0.99949956,True,1.0,synthetic,Thương mại điện tử,1.0,0.0021885938999999994,0.9978114061,0.09999999999999998
ViSmish_06753,1,1,0.9995683,True,1.0,paraphrased,Cờ bạc / Betting,1.0,0.997964096,0.0020359039999999773,0.09999999999999998
ViSmish_06754,1,1,0.999616,True,1.0,paraphrased,BHXH / Trợ cấp giả,1.0,0.998077756,0.0019222439999999619,0.09999999999999998
ViSmish_06758,1,1,0.99961925,True,1.0,paraphrased,BHXH / Trợ cấp giả,1.0,0.998085636,0.0019143640000000017,0.09999999999999998
ViSmish_06759,0,0,0.9994506,True,1.0,real,Khác,1.0,0.0022908934999999993,0.9977091065,0.09999999999999998
ViSmish_06761,0,0,0.99917346,True,1.0,synthetic,Viễn thông,1.0,0.0027957390999999994,0.9972042609,0.09999999999999998
ViSmish_06762,1,1,0.999553,True,1.0,paraphrased,Tuyển dụng giả,1.0,0.99792923,0.0020707699999999996,0.09999999999999998
ViSmish_06763,1,1,0.99959546,True,1.0,paraphrased,Dịch vụ công giả,1.0,0.99802792,0.0019720800000000427,0.09999999999999998
ViSmish_06765,1,1,0.9995864,True,1.0,paraphrased,Tuyển dụng giả,1.0,0.9980063299999999,0.0019936700000000585,0.09999999999999998
ViSmish_06767,0,0,0.9994529,True,1.0,real,Tin nhắn cá nhân và OTP,1.0,0.0022860833999999997,0.9977139166,0.09999999999999998
ViSmish_06768,1,1,0.99960953,True,1.0,synthetic_hard_negative,Crypto / Đầu tư giả,1.0,0.99806183,0.0019381699999999613,0.09999999999999998
ViSmish_06769,1,1,0.999616,True,1.0,paraphrased,BHXH / Trợ cấp giả,1.0,0.99807798,0.0019220199999999688,0.09999999999999998
ViSmish_06771,0,0,0.99947757,True,1.0,real,Khác,1.0,0.0022351767999999996,0.9977648232,0.09999999999999998
ViSmish_06772,1,1,0.999613,True,1.0,paraphrased,Đòi nợ / Đe dọa,1.0,0.998070335,0.0019296650000000248,0.09999999999999998
ViSmish_06773,0,0,0.9994523,True,1.0,external_curated,P2P hard negative,1.0,0.0022873751999999995,0.9977126248,0.09999999999999998
ViSmish_06775,1,1,0.9996346,True,1.0,paraphrased,Dịch vụ công giả,1.0,0.99812398,0.0018760199999999783,0.09999999999999998
ViSmish_06776,0,0,0.9994777,True,1.0,real,Viễn thông,1.0,0.0022349206999999994,0.9977650793,0.09999999999999998
ViSmish_06777,1,1,0.99961996,True,1.0,paraphrased,Cờ bạc / Betting,1.0,0.998087376,0.0019126240000000294,0.09999999999999998
ViSmish_06778,0,0,0.9994655,True,1.0,synthetic,Vận chuyển,1.0,0.0022603049999999993,0.997739695,0.09999999999999998
ViSmish_06779,0,0,0.9994697,True,1.0,real,Viễn thông,1.0,0.0022516134999999993,0.9977483865,0.09999999999999998
ViSmish_06782,0,0,0.9992873,True,1.0,external_curated,P2P hard negative,1.0,0.0026011219999999995,0.997398878,0.09999999999999998
ViSmish_06784,1,1,0.99960786,True,1.0,paraphrased,Crypto / Đầu tư giả,1.0,0.99805772,0.001942279999999963,0.09999999999999998
ViSmish_06785,1,1,0.999622,True,1.0,paraphrased,BHXH / Trợ cấp giả,1.0,0.99809265,0.0019073499999999743,0.09999999999999998
ViSmish_06786,1,1,0.99956554,True,1.0,paraphrased,Crypto / Đầu tư giả,1.0,0.997957695,0.002042305000000022,0.09999999999999998
ViSmish_06787,0,0,0.9994885,True,1.0,synthetic,Dịch vụ y tế,1.0,0.0022120547999999996,0.9977879452,0.09999999999999998
ViSmish_06788,1,1,0.99962914,True,1.0,paraphrased,BHXH / Trợ cấp giả,1.0,0.998110366,0.0018896339999999734,0.09999999999999998
ViSmish_06792,0,0,0.9994618,True,1.0,real,Viễn thông,1.0,0.0022677527999999995,0.9977322472,0.09999999999999998
ViSmish_06794,0,0,0.99942774,True,1.0,synthetic,Thương mại điện tử,1.0,0.0023370023999999996,0.9976629976,0.09999999999999998
ViSmish_06796,0,0,0.99946254,True,1.0,external_real,P2P hội thoại thông thường,1.0,0.0022664777999999997,0.9977335222,0.09999999999999998
ViSmish_06797,0,0,0.9993814,True,1.0,synthetic,Dịch vụ y tế,1.0,0.0024274209999999995,0.997572579,0.09999999999999998
ViSmish_06800,1,1,0.9996251,True,1.0,paraphrased,Dịch vụ công giả,1.0,0.998100364,0.0018996359999999823,0.09999999999999998
ViSmish_06801,0,0,0.99943846,True,1.0,synthetic,Dịch vụ công thật,1.0,0.0023155072999999997,0.9976844927,0.09999999999999998
ViSmish_06803,0,0,0.99949265,True,1.0,synthetic,Viễn thông,1.0,0.0022032731999999996,0.9977967268,0.09999999999999998
ViSmish_06804,0,0,0.9993223,True,1.0,real,Viễn thông,1.0,0.0025380209999999997,0.997461979,0.09999999999999998
ViSmish_06805,0,0,0.99938726,True,1.0,real,Viễn thông,1.0,0.002416333999999999,0.997583666,0.09999999999999998
ViSmish_06806,1,1,0.99960023,True,1.0,paraphrased,Crypto / Đầu tư giả,1.0,0.998039365,0.0019606349999999884,0.09999999999999998
ViSmish_06807,0,0,0.99939036,True,1.0,external_real,P2P hội thoại thông thường,1.0,0.0024101823999999996,0.9975898176,0.09999999999999998
ViSmish_06808,0,0,0.99933714,True,1.0,external_real,P2P hội thoại thông thường,1.0,0.0025107193999999995,0.9974892806,0.09999999999999998
ViSmish_06809,0,0,0.9993693,True,1.0,real,Dịch vụ công thật,1.0,0.002450624699999999,0.9975493753,0.09999999999999998
ViSmish_06813,1,1,0.9996226,True,1.0,paraphrased,Dịch vụ công giả,1.0,0.99809399,0.0019060100000000135,0.09999999999999998
ViSmish_06815,0,0,0.9994867,True,1.0,synthetic,Viễn thông,1.0,0.0022160320999999993,0.9977839679,0.09999999999999998
ViSmish_06816,1,1,0.99960715,True,1.0,synthetic_hard_negative,Khác,1.0,0.99805597,0.0019440299999999855,0.09999999999999998
ViSmish_06820,1,1,0.999602,True,1.0,paraphrased,Nội dung nhạy cảm,1.0,0.998043597,0.0019564029999999955,0.09999999999999998
ViSmish_06821,1,1,0.99961156,True,1.0,paraphrased,Crypto / Đầu tư giả,1.0,0.998066837,0.0019331630000000155,0.09999999999999998
ViSmish_06823,1,1,0.99951553,True,1.0,paraphrased,Crypto / Đầu tư giả,1.0,0.99784574,0.0021542599999999634,0.09999999999999998
ViSmish_06824,1,1,0.99963284,True,1.0,paraphrased,Dịch vụ công giả,1.0,0.99811972,0.0018802799999999564,0.09999999999999998
ViSmish_06826,0,0,0.93896216,True,1.0,external_real,P2P hội thoại thông thường,1.0,0.020316312999999996,0.979683687,0.09999999999999998
ViSmish_06827,0,0,0.99947494,True,1.0,synthetic,Quảng cáo hợp lệ,1.0,0.0022407372999999997,0.9977592627,0.09999999999999998
ViSmish_06828,0,0,0.9994154,True,1.0,external_curated,P2P hard negative,1.0,0.0023614115999999997,0.9976385884,0.09999999999999998
ViSmish_06829,1,1,0.9994943,True,1.0,paraphrased,Tuyển dụng giả,1.0,0.997800237,0.0021997630000000212,0.09999999999999998
ViSmish_06830,1,1,0.999595,True,1.0,paraphrased,Giả mạo ngân hàng,1.0,0.99802673,0.001973270000000027,0.09999999999999998
ViSmish_06833,0,0,0.9994855,True,1.0,synthetic,Vận chuyển,1.0,0.0022183749999999994,0.997781625,0.09999999999999998
ViSmish_06834,1,1,0.99962986,True,1.0,paraphrased,Tuyển dụng giả,1.0,0.99811204,0.0018879600000000218,0.09999999999999998
ViSmish_06835,0,0,0.9994671,True,1.0,synthetic,Dịch vụ công thật,1.0,0.0022570108999999997,0.9977429891,0.09999999999999998
ViSmish_06836,0,0,0.9994623,True,1.0,real,Khác,1.0,0.0022668754999999995,0.9977331245,0.09999999999999998
ViSmish_06837,0,0,0.99945146,True,1.0,synthetic,Vận chuyển,1.0,0.0022890682999999992,0.9977109317,0.09999999999999998
ViSmish_06838,1,1,0.9995455,True,1.0,paraphrased,Crypto / Đầu tư giả,1.0,0.997912264,0.0020877360000000067,0.09999999999999998
ViSmish_06839,1,1,0.99963,True,1.0,paraphrased,Tuyển dụng giả,1.0,0.99811236,0.0018876399999999682,0.09999999999999998
ViSmish_06841,1,1,0.9996132,True,1.0,paraphrased,Tuyển dụng giả,1.0,0.99807093,0.0019290699999999772,0.09999999999999998
ViSmish_06842,0,0,0.9994916,True,1.0,synthetic,Thương mại điện tử,1.0,0.0022055927999999995,0.9977944072,0.09999999999999998
ViSmish_06844,1,1,0.9994956,True,1.0,synthetic_hard_negative,Dịch vụ công giả,1.0,0.99780294,0.002197059999999973,0.09999999999999998
ViSmish_06845,1,1,0.99954176,True,1.0,synthetic_hard_negative,Dịch vụ công giả,1.0,0.997903603,0.002096396999999972,0.09999999999999998
ViSmish_06846,1,1,0.9995889,True,1.0,paraphrased,Dịch vụ công giả,1.0,0.99801231,0.0019876899999999864,0.09999999999999998
ViSmish_06847,1,1,0.99950194,True,1.0,synthetic_hard_negative,Khác,1.0,0.997816443,0.002183556999999947,0.09999999999999998
ViSmish_06848,1,1,0.9996221,True,1.0,paraphrased,Đòi nợ / Đe dọa,1.0,0.99809276,0.0019072399999999767,0.09999999999999998
ViSmish_06849,1,1,0.99932265,True,1.0,paraphrased,Cờ bạc / Betting,1.0,0.997462577,0.0025374230000000386,0.09999999999999998
ViSmish_06850,1,1,0.9993819,True,1.0,synthetic_hard_negative,Khác,1.0,0.99757353,0.0024264699999999584,0.09999999999999998
ViSmish_06852,1,1,0.99803394,True,1.0,real,Giả mạo ngân hàng,1.0,0.99575023,0.004249770000000042,0.09999999999999998
ViSmish_06855,0,0,0.9994023,True,1.0,synthetic,Ngân hàng thật,1.0,0.0023870799999999998,0.99761292,0.09999999999999998
ViSmish_06857,0,0,0.99930525,True,1.0,synthetic,Dịch vụ công thật,1.0,0.0025689478999999997,0.9974310521,0.09999999999999998
ViSmish_06861,0,0,0.9988751,True,1.0,real,Khác,1.0,0.0032468672999999997,0.9967531327,0.09999999999999998
ViSmish_06862,1,1,0.99962234,True,1.0,paraphrased,Giả mạo ngân hàng,1.0,0.998093307,0.0019066930000000148,0.09999999999999998
ViSmish_06864,1,1,0.9995316,True,1.0,synthetic_hard_negative,Tuyển dụng giả,1.0,0.99788108,0.002118920000000024,0.09999999999999998
ViSmish_06866,1,1,0.9996213,True,1.0,paraphrased,Dịch vụ công giả,1.0,0.9980909,0.001909099999999997,0.09999999999999998
ViSmish_06868,0,0,0.99946576,True,1.0,real,Ngân hàng thật,1.0,0.0022597876999999995,0.9977402123,0.09999999999999998
ViSmish_06870,1,1,0.9996277,True,1.0,paraphrased,BHXH / Trợ cấp giả,1.0,0.998106647,0.001893353000000042,0.09999999999999998
ViSmish_06871,1,1,0.9996136,True,1.0,paraphrased,Crypto / Đầu tư giả,1.0,0.99807165,0.001928350000000023,0.09999999999999998
ViSmish_06874,0,0,0.99949956,True,1.0,synthetic,Vận chuyển,1.0,0.0021887301999999995,0.9978112698,0.09999999999999998
ViSmish_06876,1,1,0.99959713,True,1.0,paraphrased,Giả mạo ngân hàng,1.0,0.99803185,0.0019681499999999463,0.09999999999999998
ViSmish_06877,1,1,0.9995697,True,1.0,paraphrased,Cờ bạc / Betting,1.0,0.99796745,0.002032550000000022,0.09999999999999998
ViSmish_06878,1,1,0.9995938,True,1.0,paraphrased,Cờ bạc / Betting,1.0,0.99802406,0.0019759400000000094,0.09999999999999998
ViSmish_06879,0,0,0.99897015,True,1.0,external_curated,P2P hard negative,1.0,0.0031108619999999994,0.996889138,0.09999999999999998
ViSmish_06881,1,1,0.99959975,True,1.0,paraphrased,Tuyển dụng giả,1.0,0.99803828,0.0019617199999999446,0.09999999999999998
ViSmish_06883,1,1,0.9995869,True,1.0,paraphrased,Tuyển dụng giả,1.0,0.998007476,0.001992524000000051,0.09999999999999998
ViSmish_06884,0,0,0.9994541,True,1.0,real,Ngân hàng thật,1.0,0.0022836524999999995,0.9977163475,0.09999999999999998
ViSmish_06886,1,1,0.99961853,True,1.0,paraphrased,Tuyển dụng giả,1.0,0.998083925,0.001916075000000017,0.09999999999999998
ViSmish_06887,0,0,0.9994311,True,1.0,synthetic,Tin nhắn cá nhân và OTP,1.0,0.0023301274999999993,0.9976698725,0.09999999999999998
ViSmish_06888,0,0,0.9994307,True,1.0,synthetic,Quảng cáo hợp lệ,1.0,0.0023308806,0.9976691194,0.09999999999999998
ViSmish_06890,1,1,0.9995728,True,1.0,paraphrased,Cờ bạc / Betting,1.0,0.99797447,0.002025530000000053,0.09999999999999998
ViSmish_06893,0,0,0.9994836,True,1.0,real,Viễn thông,1.0,0.0022223762999999995,0.9977776237,0.09999999999999998
ViSmish_06894,1,1,0.99951327,True,1.0,synthetic_hard_negative,Dịch vụ công giả,1.0,0.99784096,0.002159040000000001,0.09999999999999998
ViSmish_06896,1,1,0.9996244,True,1.0,paraphrased,Tuyển dụng giả,1.0,0.99809837,0.0019016299999999875,0.09999999999999998
ViSmish_06900,0,0,0.9994273,True,1.0,external_real,P2P hội thoại thông thường,1.0,0.0023378164999999992,0.9976621835,0.09999999999999998
ViSmish_06901,0,0,0.9994609,True,1.0,external_real,P2P hội thoại thông thường,1.0,0.0022697448999999996,0.9977302551,0.09999999999999998
ViSmish_06902,0,0,0.9987802,True,1.0,synthetic,Dịch vụ công thật,1.0,0.0033767204999999995,0.9966232795,0.09999999999999998
ViSmish_06903,1,1,0.9996183,True,1.0,paraphrased,BHXH / Trợ cấp giả,1.0,0.99808343,0.0019165700000000063,0.09999999999999998
ViSmish_06904,0,0,0.9994288,True,1.0,synthetic,Quảng cáo hợp lệ,1.0,0.0023348049999999993,0.997665195,0.09999999999999998
ViSmish_06905,0,0,0.9994562,True,1.0,synthetic,Tin nhắn cá nhân và OTP,1.0,0.0022794421999999996,0.9977205578,0.09999999999999998
ViSmish_06907,1,1,0.9996201,True,1.0,paraphrased,Nội dung nhạy cảm,1.0,0.99808775,0.0019122499999999487,0.09999999999999998
ViSmish_06908,1,1,0.9995999,True,1.0,paraphrased,Cờ bạc / Betting,1.0,0.998038393,0.001961607000000032,0.09999999999999998
ViSmish_06910,1,1,0.99961394,True,1.0,paraphrased,BHXH / Trợ cấp giả,1.0,0.99807258,0.001927420000000013,0.09999999999999998
ViSmish_06911,1,1,0.99959713,True,1.0,paraphrased,Nội dung nhạy cảm,1.0,0.998032033,0.001967967000000015,0.09999999999999998
ViSmish_06912,0,0,0.9994072,True,1.0,external_curated,P2P hard negative,1.0,0.0023776830999999994,0.9976223169,0.09999999999999998
ViSmish_06914,1,1,0.99960285,True,1.0,paraphrased,Crypto / Đầu tư giả,1.0,0.99804554,0.001954459999999991,0.09999999999999998
ViSmish_06916,0,0,0.99946326,True,1.0,external_curated,P2P hard negative,1.0,0.0022648982999999997,0.9977351017,0.09999999999999998
ViSmish_06917,0,0,0.55549264,True,0.7,real,Khác,0.7,0.03305173899999999,0.966948261,0.06999999999999998
ViSmish_06918,0,0,0.9985569,True,1.0,synthetic,Quảng cáo hợp lệ,1.0,0.0036623525999999996,0.9963376474,0.09999999999999998
ViSmish_06919,1,1,0.9996126,True,1.0,paraphrased,Dịch vụ công giả,1.0,0.99806928,0.0019307200000000524,0.09999999999999998
ViSmish_06923,1,1,0.9995888,True,1.0,paraphrased,Nội dung nhạy cảm,1.0,0.99801214,0.0019878599999999524,0.09999999999999998
ViSmish_06924,0,0,0.9994956,True,1.0,synthetic,Thương mại điện tử,1.0,0.0021969219999999996,0.997803078,0.09999999999999998
ViSmish_06926,1,1,0.99960834,True,1.0,paraphrased,Nội dung nhạy cảm,1.0,0.99805896,0.0019410399999999495,0.09999999999999998
ViSmish_06927,0,0,0.9994912,True,1.0,synthetic,Tin nhắn cá nhân và OTP,1.0,0.002206336999999999,0.997793663,0.09999999999999998
ViSmish_06928,0,0,0.9994429,True,1.0,real,Tin nhắn cá nhân và OTP,1.0,0.0023065859999999994,0.997693414,0.09999999999999998
ViSmish_06930,1,1,0.9995448,True,1.0,paraphrased,Giả mạo ngân hàng,1.0,0.99791052,0.002089479999999977,0.09999999999999998
ViSmish_06931,1,1,0.9996184,True,1.0,paraphrased,Crypto / Đầu tư giả,1.0,0.99808374,0.001916260000000003,0.09999999999999998
ViSmish_06932,0,0,0.9994716,True,1.0,real,Khác,1.0,0.002247595599999999,0.9977524044,0.09999999999999998
ViSmish_06934,1,1,0.9996158,True,1.0,paraphrased,Giả mạo ngân hàng,1.0,0.99807734,0.001922659999999965,0.09999999999999998
ViSmish_06935,1,1,0.9996176,True,1.0,paraphrased,Giả mạo ngân hàng,1.0,0.998081553,0.0019184469999999898,0.09999999999999998
ViSmish_06936,1,1,0.99961734,True,1.0,paraphrased,Đòi nợ / Đe dọa,1.0,0.99808111,0.0019188900000000064,0.09999999999999998
ViSmish_06937,0,0,0.9978561,True,1.0,external_curated,P2P hard negative,1.0,0.004429916699999999,0.9955700833,0.09999999999999998
ViSmish_06938,1,1,0.9996253,True,1.0,paraphrased,BHXH / Trợ cấp giả,1.0,0.998100764,0.0018992359999999708,0.09999999999999998
ViSmish_06939,1,1,0.9995504,True,1.0,synthetic_hard_negative,Tuyển dụng giả,1.0,0.99792333,0.0020766700000000027,0.09999999999999998
ViSmish_06940,1,1,0.9995927,True,1.0,paraphrased,Crypto / Đầu tư giả,1.0,0.998021257,0.001978743000000005,0.09999999999999998
ViSmish_06941,1,1,0.99956685,True,1.0,paraphrased,Cờ bạc / Betting,1.0,0.99796093,0.0020390700000000317,0.09999999999999998
ViSmish_06943,1,1,0.9996189,True,1.0,paraphrased,Giả mạo ngân hàng,1.0,0.998084795,0.0019152049999999754,0.09999999999999998
ViSmish_06944,0,0,0.9993906,True,1.0,external_curated,P2P hard negative,1.0,0.0024098548999999993,0.9975901451,0.09999999999999998
ViSmish_06947,0,0,0.99930274,True,1.0,synthetic,Quảng cáo hợp lệ,1.0,0.0025735834999999993,0.9974264165,0.09999999999999998
ViSmish_06948,1,1,0.9994885,True,1.0,synthetic_hard_negative,Đòi nợ / Đe dọa,1.0,0.99778773,0.002212270000000016,0.09999999999999998
ViSmish_06949,0,0,0.9986186,True,1.0,synthetic,Ngân hàng thật,1.0,0.003585928299999999,0.9964140717,0.09999999999999998
ViSmish_06950,1,1,0.99961203,True,1.0,paraphrased,Cờ bạc / Betting,1.0,0.99806778,0.00193222000000004,0.09999999999999998
ViSmish_06951,0,0,0.9994568,True,1.0,synthetic,Ngân hàng thật,1.0,0.0022781382999999995,0.9977218617,0.09999999999999998
ViSmish_06952,0,0,0.99936885,True,1.0,real,Viễn thông,1.0,0.0024515047999999996,0.9975484952,0.09999999999999998
ViSmish_06953,0,0,0.9994467,True,1.0,synthetic,Quảng cáo hợp lệ,1.0,0.0022987079999999996,0.997701292,0.09999999999999998
ViSmish_06954,1,1,0.99962974,True,1.0,paraphrased,BHXH / Trợ cấp giả,1.0,0.99811172,0.0018882799999999644,0.09999999999999998
ViSmish_06956,1,1,0.99960655,True,1.0,paraphrased,Nội dung nhạy cảm,1.0,0.998054564,0.001945435999999967,0.09999999999999998
ViSmish_06957,0,0,0.9994797,True,1.0,synthetic,Quảng cáo hợp lệ,1.0,0.0022306890999999993,0.9977693109,0.09999999999999998
ViSmish_06958,0,0,0.9994217,True,1.0,real,Tin nhắn cá nhân và OTP,1.0,0.0023490318999999996,0.9976509681,0.09999999999999998
ViSmish_06960,1,1,0.9996201,True,1.0,paraphrased,BHXH / Trợ cấp giả,1.0,0.9980878950000001,0.0019121049999999418,0.09999999999999998
ViSmish_06961,1,1,0.9994261,True,1.0,synthetic_hard_negative,Giả mạo ngân hàng,1.0,0.9976597,0.002340299999999962,0.09999999999999998
ViSmish_06962,1,1,0.99953115,True,1.0,paraphrased,Crypto / Đầu tư giả,1.0,0.99788005,0.0021199499999999816,0.09999999999999998
ViSmish_06963,1,1,0.9995839,True,1.0,paraphrased,BHXH / Trợ cấp giả,1.0,0.998000574,0.0019994260000000263,0.09999999999999998
ViSmish_06964,0,0,0.9994904,True,1.0,synthetic,Vận chuyển,1.0,0.0022082359999999993,0.997791764,0.09999999999999998
ViSmish_06967,1,1,0.99961793,True,1.0,paraphrased,Cờ bạc / Betting,1.0,0.998082614,0.001917386000000021,0.09999999999999998
ViSmish_06968,0,0,0.99945277,True,1.0,external_real,P2P hội thoại thông thường,1.0,0.0022863661999999994,0.9977136338,0.09999999999999998
ViSmish_06969,0,0,0.99944943,True,1.0,synthetic,Tin nhắn cá nhân và OTP,1.0,0.0022931640999999995,0.9977068359,0.09999999999999998
ViSmish_06970,0,0,0.9993667,True,1.0,real,Viễn thông,1.0,0.0024555755999999995,0.9975444244,0.09999999999999998
ViSmish_06973,0,0,0.99939597,True,1.0,real,Viễn thông,1.0,0.0023995188999999997,0.9976004811,0.09999999999999998
ViSmish_06975,1,1,0.9996214,True,1.0,paraphrased,Nội dung nhạy cảm,1.0,0.998091185,0.0019088149999999526,0.09999999999999998
ViSmish_06976,1,1,0.99960023,True,1.0,paraphrased,Nội dung nhạy cảm,1.0,0.99803924,0.001960760000000006,0.09999999999999998
ViSmish_06977,1,1,0.99963295,True,1.0,paraphrased,Giả mạo ngân hàng,1.0,0.99811973,0.0018802700000000172,0.09999999999999998
ViSmish_06978,0,0,0.9994716,True,1.0,synthetic,Vận chuyển,1.0,0.0022476447999999994,0.9977523552,0.09999999999999998
ViSmish_06979,0,0,0.999383,True,1.0,external_real,P2P hội thoại thông thường,1.0,0.0024244941999999993,0.9975755058,0.09999999999999998
ViSmish_06981,1,1,0.99963355,True,1.0,paraphrased,Dịch vụ công giả,1.0,0.9981215,0.0018785000000000052,0.09999999999999998
ViSmish_06982,1,1,0.99957484,True,1.0,paraphrased,Đòi nợ / Đe dọa,1.0,0.997979295,0.002020704999999956,0.09999999999999998
ViSmish_06983,1,1,0.9996289,True,1.0,paraphrased,Cờ bạc / Betting,1.0,0.99810982,0.0018901799999999636,0.09999999999999998
ViSmish_06984,1,1,0.99963474,True,1.0,paraphrased,BHXH / Trợ cấp giả,1.0,0.998124456,0.0018755440000000068,0.09999999999999998
ViSmish_06986,1,1,0.99932516,True,1.0,synthetic_hard_negative,Tuyển dụng giả,1.0,0.997467077,0.0025329229999999647,0.09999999999999998
ViSmish_06987,0,0,0.99944407,True,1.0,synthetic,Viễn thông,1.0,0.0023040471999999992,0.9976959528,0.09999999999999998
ViSmish_06988,1,1,0.9996247,True,1.0,paraphrased,Tuyển dụng giả,1.0,0.998099303,0.0019006969999999512,0.09999999999999998
ViSmish_06989,1,1,0.999617,True,1.0,paraphrased,Giả mạo ngân hàng,1.0,0.998080057,0.0019199429999999795,0.09999999999999998
ViSmish_06990,1,1,0.99958795,True,1.0,synthetic_hard_negative,Khác,1.0,0.99801012,0.0019898799999999994,0.09999999999999998
ViSmish_06991,0,0,0.99937004,True,1.0,real,Viễn thông,1.0,0.0024492263999999994,0.9975507736,0.09999999999999998
ViSmish_06994,1,1,0.99960274,True,1.0,paraphrased,Cờ bạc / Betting,1.0,0.99804545,0.0019545499999999993,0.09999999999999998
ViSmish_06995,1,1,0.99962294,True,1.0,paraphrased,Dịch vụ công giả,1.0,0.998094946,0.0019050539999999616,0.09999999999999998
ViSmish_06996,1,1,0.9995988,True,1.0,paraphrased,Tuyển dụng giả,1.0,0.99803592,0.0019640800000000347,0.09999999999999998
ViSmish_06999,1,1,0.9996113,True,1.0,paraphrased,Nội dung nhạy cảm,1.0,0.99806615,0.0019338500000000147,0.09999999999999998
ViSmish_07000,1,1,0.9996101,True,1.0,paraphrased,Cờ bạc / Betting,1.0,0.998063195,0.0019368050000000414,0.09999999999999998
ViSmish_07001,0,0,0.99944144,True,1.0,real,Ngân hàng thật,1.0,0.0023094726999999993,0.9976905273,0.09999999999999998
ViSmish_07002,1,1,0.9996228,True,1.0,paraphrased,Tuyển dụng giả,1.0,0.99809466,0.0019053399999999776,0.09999999999999998
ViSmish_07004,0,0,0.99947256,True,1.0,real,Viễn thông,1.0,0.0022455639999999994,0.997754436,0.09999999999999998
ViSmish_07005,0,0,0.9992791,True,1.0,synthetic,Quảng cáo hợp lệ,1.0,0.0026156661999999996,0.9973843338,0.09999999999999998
ViSmish_07006,0,0,0.9994728,True,1.0,synthetic,Dịch vụ y tế,1.0,0.0022452640999999995,0.9977547359,0.09999999999999998
ViSmish_07008,1,1,0.9996309,True,1.0,paraphrased,Đòi nợ / Đe dọa,1.0,0.99811476,0.0018852400000000102,0.09999999999999998
ViSmish_07009,1,1,0.99956137,True,1.0,paraphrased,Crypto / Đầu tư giả,1.0,0.9979482,0.002051800000000048,0.09999999999999998
ViSmish_07010,1,1,0.999605,True,1.0,paraphrased,Giả mạo ngân hàng,1.0,0.998050714,0.0019492859999999945,0.09999999999999998
ViSmish_07012,0,0,0.99940884,True,1.0,real,Viễn thông,1.0,0.0023744591999999994,0.9976255408,0.09999999999999998
ViSmish_07013,1,1,0.9996301,True,1.0,paraphrased,Tuyển dụng giả,1.0,0.99811265,0.0018873499999999543,0.09999999999999998
ViSmish_07014,0,0,0.9994566,True,1.0,synthetic,Dịch vụ công thật,1.0,0.0022785758999999996,0.9977214241,0.09999999999999998
ViSmish_07015,0,0,0.9994529,True,1.0,synthetic,Vận chuyển,1.0,0.0022861951999999996,0.9977138048,0.09999999999999998
ViSmish_07018,1,1,0.9996276,True,1.0,paraphrased,Tuyển dụng giả,1.0,0.99810647,0.0018935300000000321,0.09999999999999998
ViSmish_07021,0,0,0.9874221,True,1.0,external_curated,P2P hard negative,1.0,0.010141695999999999,0.989858304,0.09999999999999998
ViSmish_07022,0,0,0.9994809,True,1.0,synthetic,Tin nhắn cá nhân và OTP,1.0,0.0022282910999999995,0.9977717089,0.09999999999999998
ViSmish_07023,0,0,0.99940646,True,1.0,real,Ngân hàng thật,1.0,0.0023789856999999995,0.9976210143,0.09999999999999998
ViSmish_07024,0,0,0.9994072,True,1.0,real,Quảng cáo hợp lệ,1.0,0.0023776063999999993,0.9976223936,0.09999999999999998
ViSmish_07025,0,0,0.99948585,True,1.0,synthetic,Dịch vụ y tế,1.0,0.0022176089999999993,0.997782391,0.09999999999999998
ViSmish_07026,0,0,0.9994529,True,1.0,synthetic,Dịch vụ công thật,1.0,0.0022862202999999995,0.9977137797,0.09999999999999998
ViSmish_07027,0,0,0.9994425,True,1.0,real,Ngân hàng thật,1.0,0.0023073287999999994,0.9976926712,0.09999999999999998
ViSmish_07030,0,0,0.9979475,True,1.0,real,Dịch vụ công thật,1.0,0.004338408999999999,0.995661591,0.09999999999999998
ViSmish_07031,1,1,0.99962556,True,1.0,paraphrased,Crypto / Đầu tư giả,1.0,0.998101497,0.0018985030000000513,0.09999999999999998
ViSmish_07032,1,1,0.9996244,True,1.0,paraphrased,Giả mạo ngân hàng,1.0,0.99809833,0.0019016699999999664,0.09999999999999998
ViSmish_07033,0,0,0.99828655,True,1.0,real,Ngân hàng thật,1.0,0.003978105299999999,0.9960218947,0.09999999999999998
ViSmish_07034,0,0,0.9994228,True,1.0,synthetic,Viễn thông,1.0,0.0023468195999999993,0.9976531804,0.09999999999999998
ViSmish_07035,1,1,0.99960357,True,1.0,synthetic_hard_negative,Khác,1.0,0.998047525,0.0019524749999999536,0.09999999999999998
ViSmish_07037,1,1,0.9996228,True,1.0,paraphrased,BHXH / Trợ cấp giả,1.0,0.998094696,0.0019053039999999966,0.09999999999999998
ViSmish_07039,0,0,0.99947757,True,1.0,real,Khác,1.0,0.0022353518999999994,0.9977646481,0.09999999999999998
ViSmish_07041,1,1,0.9996012,True,1.0,paraphrased,Cờ bạc / Betting,1.0,0.998041624,0.0019583760000000394,0.09999999999999998
ViSmish_07043,0,0,0.99931645,True,1.0,external_curated,P2P hard negative,1.0,0.0025486787999999994,0.9974513212,0.09999999999999998
ViSmish_07044,1,1,0.9995956,True,1.0,paraphrased,Dịch vụ công giả,1.0,0.99802829,0.00197170999999996,0.09999999999999998
ViSmish_07046,1,1,0.99960226,True,1.0,paraphrased,Giả mạo ngân hàng,1.0,0.99804428,0.001955719999999994,0.09999999999999998
ViSmish_07047,0,0,0.9994728,True,1.0,synthetic,Vận chuyển,1.0,0.0022451690999999996,0.9977548309,0.09999999999999998
ViSmish_07048,0,0,0.9994331,True,1.0,real,Tin nhắn cá nhân và OTP,1.0,0.0023261373999999995,0.9976738626,0.09999999999999998
ViSmish_07049,1,1,0.9995938,True,1.0,paraphrased,Crypto / Đầu tư giả,1.0,0.99802404,0.001975959999999999,0.09999999999999998
ViSmish_07051,1,1,0.99962044,True,1.0,paraphrased,Đòi nợ / Đe dọa,1.0,0.99808873,0.0019112700000000205,0.09999999999999998
ViSmish_07053,1,1,0.99960274,True,1.0,paraphrased,Giả mạo ngân hàng,1.0,0.998045415,0.0019545850000000087,0.09999999999999998
ViSmish_07054,1,1,0.99962497,True,1.0,paraphrased,Dịch vụ công giả,1.0,0.99810003,0.001899969999999973,0.09999999999999998
ViSmish_07055,1,1,0.9996158,True,1.0,paraphrased,Crypto / Đầu tư giả,1.0,0.9980772,0.0019228000000000023,0.09999999999999998
ViSmish_07056,0,0,0.99946505,True,1.0,synthetic,Dịch vụ y tế,1.0,0.0022612526999999994,0.9977387473,0.09999999999999998
ViSmish_07058,0,0,0.9994431,True,1.0,real,Viễn thông,1.0,0.0023059481999999996,0.9976940518,0.09999999999999998
ViSmish_07059,0,0,0.9993831,True,1.0,real,Viễn thông,1.0,0.0024241879999999994,0.997575812,0.09999999999999998
ViSmish_07060,1,1,0.999613,True,1.0,paraphrased,Cờ bạc / Betting,1.0,0.99807022,0.001929779999999992,0.09999999999999998
ViSmish_07061,1,1,0.99961424,True,1.0,paraphrased,Cờ bạc / Betting,1.0,0.99807341,0.0019265899999999503,0.09999999999999998
ViSmish_07062,1,1,0.99961334,True,1.0,paraphrased,Dịch vụ công giả,1.0,0.99807115,0.001928849999999982,0.09999999999999998
ViSmish_07063,0,0,0.99948716,True,1.0,synthetic,Viễn thông,1.0,0.0022150659999999995,0.997784934,0.09999999999999998
ViSmish_07066,0,0,0.9994474,True,1.0,real,Ngân hàng thật,1.0,0.0022973160999999994,0.9977026839,0.09999999999999998
ViSmish_07067,0,0,0.99947995,True,1.0,synthetic,Thương mại điện tử,1.0,0.0022303209999999995,0.997769679,0.09999999999999998
ViSmish_07068,1,1,0.99961793,True,1.0,paraphrased,Tuyển dụng giả,1.0,0.99808264,0.001917359999999979,0.09999999999999998
ViSmish_07069,1,1,0.9996208,True,1.0,paraphrased,Giả mạo ngân hàng,1.0,0.99808965,0.0019103499999999496,0.09999999999999998
ViSmish_07071,1,1,0.99938464,True,1.0,paraphrased,Nội dung nhạy cảm,1.0,0.997578627,0.0024213730000000044,0.09999999999999998
ViSmish_07074,0,0,0.9994436,True,1.0,real,Tin nhắn cá nhân và OTP,1.0,0.0023051466999999995,0.9976948533,0.09999999999999998
ViSmish_07075,1,1,0.9996264,True,1.0,paraphrased,BHXH / Trợ cấp giả,1.0,0.99810353,0.001896470000000039,0.09999999999999998
ViSmish_07076,0,0,0.99931526,True,1.0,external_curated,P2P hard negative,1.0,0.0025508073999999993,0.9974491926,0.09999999999999998
ViSmish_07077,0,0,0.9993686,True,1.0,synthetic,Viễn thông,1.0,0.0024518469999999996,0.997548153,0.09999999999999998
ViSmish_07079,0,0,0.9994646,True,1.0,real,Viễn thông,1.0,0.0022621986999999994,0.9977378013,0.09999999999999998
ViSmish_07082,1,1,0.99950254,True,1.0,synthetic_hard_negative,Tuyển dụng giả,1.0,0.99781781,0.0021821899999999728,0.09999999999999998
ViSmish_07083,0,0,0.9993488,True,1.0,real,Viễn thông,1.0,0.0024890128999999995,0.9975109871,0.09999999999999998
ViSmish_07084,0,0,0.99946314,True,1.0,real,Khác,1.0,0.0022651737999999995,0.9977348262,0.09999999999999998
ViSmish_07086,0,0,0.9994844,True,1.0,real,Dịch vụ công thật,1.0,0.0022207341999999995,0.9977792658,0.09999999999999998
ViSmish_07087,1,1,0.9996063,True,1.0,paraphrased,Nội dung nhạy cảm,1.0,0.998053896,0.0019461039999999485,0.09999999999999998
ViSmish_07088,1,1,0.99961936,True,1.0,paraphrased,Dịch vụ công giả,1.0,0.998085964,0.0019140359999999523,0.09999999999999998
ViSmish_07089,0,0,0.9994795,True,1.0,synthetic,Dịch vụ y tế,1.0,0.0022311647999999993,0.9977688352,0.09999999999999998
ViSmish_07092,1,1,0.9995433,True,1.0,paraphrased,Nội dung nhạy cảm,1.0,0.9979070800000001,0.0020929199999999426,0.09999999999999998
ViSmish_07094,0,0,0.9992955,True,1.0,external_curated,P2P hard negative,1.0,0.0025866157999999994,0.9974133842,0.09999999999999998
ViSmish_07096,0,0,0.9993799,True,1.0,real,Khác,1.0,0.0024303065999999995,0.9975696934,0.09999999999999998
ViSmish_07098,0,0,0.99948657,True,1.0,synthetic,Quảng cáo hợp lệ,1.0,0.0022161442999999994,0.9977838557,0.09999999999999998
ViSmish_07099,1,1,0.9994442,True,1.0,paraphrased,Crypto / Đầu tư giả,1.0,0.99769617,0.0023038300000000067,0.09999999999999998
ViSmish_07100,0,0,0.999461,True,1.0,real,Khác,1.0,0.0022696006999999995,0.9977303993,0.09999999999999998
ViSmish_07102,1,1,0.99959415,True,1.0,paraphrased,Crypto / Đầu tư giả,1.0,0.99802485,0.0019751500000000366,0.09999999999999998
ViSmish_07105,0,0,0.9994142,True,1.0,external_curated,P2P hard negative,1.0,0.0023637592999999992,0.9976362407,0.09999999999999998
ViSmish_07106,0,0,0.9994535,True,1.0,real,Quảng cáo hợp lệ,1.0,0.0022850769999999995,0.997714923,0.09999999999999998
ViSmish_07107,0,0,0.99945396,True,1.0,real,Khác,1.0,0.002283965799999999,0.9977160342,0.09999999999999998
ViSmish_07108,0,0,0.9993352,True,1.0,synthetic,Tin nhắn cá nhân và OTP,1.0,0.0025141935999999994,0.9974858064,0.09999999999999998
ViSmish_07109,0,0,0.99942756,True,1.0,external_curated,P2P hard negative,1.0,0.0023373921999999994,0.9976626078,0.09999999999999998
ViSmish_07112,1,1,0.99959093,True,1.0,paraphrased,Crypto / Đầu tư giả,1.0,0.99801707,0.0019829300000000494,0.09999999999999998
ViSmish_07113,1,1,0.9996232,True,1.0,paraphrased,Tuyển dụng giả,1.0,0.99809552,0.0019044799999999862,0.09999999999999998
ViSmish_07114,1,1,0.9996184,True,1.0,paraphrased,BHXH / Trợ cấp giả,1.0,0.99808367,0.0019163300000000216,0.09999999999999998
ViSmish_07115,1,1,0.9996138,True,1.0,paraphrased,Giả mạo ngân hàng,1.0,0.998072374,0.00192762599999996,0.09999999999999998
ViSmish_07118,1,1,0.9995888,True,1.0,paraphrased,Cờ bạc / Betting,1.0,0.998012024,0.0019879760000000024,0.09999999999999998
ViSmish_07119,0,0,0.9992569,True,1.0,external_real,P2P hội thoại thông thường,1.0,0.002654580999999999,0.997345419,0.09999999999999998
ViSmish_07120,1,1,0.9995278,True,1.0,synthetic_hard_negative,Khác,1.0,0.99787273,0.0021272700000000144,0.09999999999999998
ViSmish_07121,0,0,0.9994319,True,1.0,external_real,P2P hội thoại thông thường,1.0,0.0023285688999999995,0.9976714311,0.09999999999999998
ViSmish_07122,1,1,0.999624,True,1.0,paraphrased,Tuyển dụng giả,1.0,0.99809761,0.0019023900000000316,0.09999999999999998
ViSmish_07123,1,1,0.9995165,True,1.0,synthetic_hard_negative,Khác,1.0,0.99784792,0.0021520800000000007,0.09999999999999998
ViSmish_07125,1,1,0.99962735,True,1.0,paraphrased,BHXH / Trợ cấp giả,1.0,0.99810573,0.0018942699999999757,0.09999999999999998
ViSmish_07129,1,1,0.9995433,True,1.0,synthetic_hard_negative,Khác,1.0,0.99790701,0.0020929899999999613,0.09999999999999998
ViSmish_07130,0,0,0.9994591,True,1.0,synthetic,Dịch vụ y tế,1.0,0.0022734501999999994,0.9977265498,0.09999999999999998
ViSmish_07132,1,1,0.99960285,True,1.0,paraphrased,Cờ bạc / Betting,1.0,0.9980457,0.0019542999999999644,0.09999999999999998
ViSmish_07133,0,0,0.9994893,True,1.0,synthetic,Tin nhắn cá nhân và OTP,1.0,0.0022103750999999997,0.9977896249,0.09999999999999998
ViSmish_07134,1,1,0.9995796,True,1.0,paraphrased,Nội dung nhạy cảm,1.0,0.997990394,0.002009605999999997,0.09999999999999998
ViSmish_07136,1,1,0.9996044,True,1.0,paraphrased,Nội dung nhạy cảm,1.0,0.998049414,0.0019505859999999764,0.09999999999999998
ViSmish_07137,0,0,0.9993642,True,1.0,synthetic,Ngân hàng thật,1.0,0.0024601801999999994,0.9975398198,0.09999999999999998
ViSmish_07138,1,1,0.9996221,True,1.0,paraphrased,Đòi nợ / Đe dọa,1.0,0.99809271,0.001907290000000006,0.09999999999999998
ViSmish_07139,0,0,0.9994943,True,1.0,real,Viễn thông,1.0,0.0021997499999999994,0.99780025,0.09999999999999998
ViSmish_07140,0,0,0.99948585,True,1.0,synthetic,Ngân hàng thật,1.0,0.0022178245999999995,0.9977821754,0.09999999999999998
ViSmish_07141,1,1,0.99953437,True,1.0,paraphrased,BHXH / Trợ cấp giả,1.0,0.997887117,0.00211288300000001,0.09999999999999998
ViSmish_07142,0,0,0.99945706,True,1.0,real,Ngân hàng thật,1.0,0.0022776331999999995,0.9977223668,0.09999999999999998
ViSmish_07143,1,1,0.9995944,True,1.0,paraphrased,Crypto / Đầu tư giả,1.0,0.998025274,0.0019747260000000377,0.09999999999999998
ViSmish_07144,0,0,0.9994677,True,1.0,real,Viễn thông,1.0,0.0022558796999999995,0.9977441203,0.09999999999999998
ViSmish_07146,1,1,0.9996246,True,1.0,paraphrased,Cờ bạc / Betting,1.0,0.99809911,0.001900890000000044,0.09999999999999998
ViSmish_07147,0,0,0.9993723,True,1.0,real,Viễn thông,1.0,0.0024450461999999994,0.9975549538,0.09999999999999998
ViSmish_07148,0,0,0.9994873,True,1.0,synthetic,Vận chuyển,1.0,0.0022146000999999993,0.9977853999,0.09999999999999998
ViSmish_07151,1,1,0.9996333,True,1.0,paraphrased,BHXH / Trợ cấp giả,1.0,0.998120844,0.001879155999999993,0.09999999999999998
ViSmish_07152,0,0,0.9994672,True,1.0,real,Tin nhắn cá nhân và OTP,1.0,0.0022568406999999993,0.9977431593,0.09999999999999998
ViSmish_07154,0,0,0.9994803,True,1.0,synthetic,Dịch vụ công thật,1.0,0.0022295191999999993,0.9977704808,0.09999999999999998
ViSmish_07155,1,1,0.99949837,True,1.0,paraphrased,Nội dung nhạy cảm,1.0,0.99780895,0.002191049999999972,0.09999999999999998
ViSmish_07156,1,1,0.9995933,True,1.0,paraphrased,BHXH / Trợ cấp giả,1.0,0.99802269,0.00197731000000001,0.09999999999999998
ViSmish_07158,1,1,0.999561,True,1.0,paraphrased,Nội dung nhạy cảm,1.0,0.99794734,0.0020526600000000395,0.09999999999999998
ViSmish_07160,0,0,0.99939275,True,1.0,real,Quảng cáo hợp lệ,1.0,0.0024056786999999994,0.9975943213,0.09999999999999998
ViSmish_07161,1,1,0.999607,True,1.0,paraphrased,Cờ bạc / Betting,1.0,0.998055685,0.0019443150000000298,0.09999999999999998
ViSmish_07162,1,1,0.9996209,True,1.0,paraphrased,BHXH / Trợ cấp giả,1.0,0.998089886,0.0019101139999999628,0.09999999999999998
ViSmish_07163,0,0,0.9994336,True,1.0,synthetic,Dịch vụ y tế,1.0,0.0023251652999999994,0.9976748347,0.09999999999999998
ViSmish_07164,0,0,0.9994486,True,1.0,synthetic,Thương mại điện tử,1.0,0.0022950153999999993,0.9977049846,0.09999999999999998
ViSmish_07166,0,0,0.99946135,True,1.0,synthetic,Viễn thông,1.0,0.0022687591999999996,0.9977312408,0.09999999999999998
ViSmish_07167,1,1,0.9996308,True,1.0,paraphrased,BHXH / Trợ cấp giả,1.0,0.99811458,0.0018854200000000265,0.09999999999999998
ViSmish_07168,0,0,0.99941313,True,1.0,external_real,P2P hội thoại thông thường,1.0,0.0023658807999999993,0.9976341192,0.09999999999999998
ViSmish_07169,0,0,0.99947375,True,1.0,real,Viễn thông,1.0,0.0022431084999999995,0.9977568915,0.09999999999999998
ViSmish_07170,0,0,0.99949837,True,1.0,synthetic,Vận chuyển,1.0,0.0021911045999999995,0.9978088954,0.09999999999999998
ViSmish_07172,1,1,0.99953616,True,1.0,paraphrased,Crypto / Đầu tư giả,1.0,0.99789119,0.002108809999999961,0.09999999999999998
ViSmish_07173,0,0,0.99943537,True,1.0,real,Khác,1.0,0.002321602399999999,0.9976783976,0.09999999999999998
ViSmish_07176,0,0,0.9994641,True,1.0,synthetic,Tin nhắn cá nhân và OTP,1.0,0.0022630969999999995,0.997736903,0.09999999999999998
ViSmish_07177,1,1,0.99951565,True,1.0,synthetic_hard_negative,Tuyển dụng giả,1.0,0.99784606,0.002153940000000021,0.09999999999999998
ViSmish_07178,0,0,0.9994647,True,1.0,synthetic,Dịch vụ công thật,1.0,0.0022619295999999995,0.9977380704,0.09999999999999998
ViSmish_07179,1,1,0.9996263,True,1.0,paraphrased,Tuyển dụng giả,1.0,0.998103195,0.0018968050000000014,0.09999999999999998
ViSmish_07180,1,1,0.99962556,True,1.0,paraphrased,Giả mạo ngân hàng,1.0,0.998101544,0.0018984560000000483,0.09999999999999998
ViSmish_07183,1,1,0.9995534,True,1.0,paraphrased,Cờ bạc / Betting,1.0,0.99793003,0.0020699699999999766,0.09999999999999998
ViSmish_07184,0,0,0.9994721,True,1.0,real,Viễn thông,1.0,0.0022467145999999997,0.9977532854,0.09999999999999998
ViSmish_07188,1,1,0.9995478,True,1.0,paraphrased,Crypto / Đầu tư giả,1.0,0.997917366,0.002082633999999972,0.09999999999999998
ViSmish_07190,1,1,0.9994955,True,1.0,paraphrased,Nội dung nhạy cảm,1.0,0.99780266,0.0021973400000000476,0.09999999999999998
ViSmish_07191,1,1,0.99958986,True,1.0,paraphrased,BHXH / Trợ cấp giả,1.0,0.998014694,0.00198530600000002,0.09999999999999998
ViSmish_07194,0,0,0.999435,True,1.0,synthetic,Viễn thông,1.0,0.0023223766999999995,0.9976776233,0.09999999999999998
ViSmish_07195,1,1,0.9995714,True,1.0,paraphrased,Tuyển dụng giả,1.0,0.99797135,0.002028649999999965,0.09999999999999998
ViSmish_07196,1,1,0.99963355,True,1.0,paraphrased,Dịch vụ công giả,1.0,0.9981215,0.0018785000000000052,0.09999999999999998
ViSmish_07197,0,0,0.99947053,True,1.0,real,Ngân hàng thật,1.0,0.002249920399999999,0.9977500796,0.09999999999999998
ViSmish_07199,1,1,0.99961025,True,1.0,paraphrased,Dịch vụ công giả,1.0,0.998063594,0.0019364060000000016,0.09999999999999998
ViSmish_07201,0,0,0.9993869,True,1.0,real,Viễn thông,1.0,0.0024168824999999997,0.9975831175,0.09999999999999998
ViSmish_07202,1,1,0.9996061,True,1.0,paraphrased,Tuyển dụng giả,1.0,0.99805351,0.001946490000000023,0.09999999999999998
ViSmish_07203,0,0,0.9990988,True,1.0,real,Ngân hàng thật,1.0,0.0029158312999999995,0.9970841687,0.09999999999999998
ViSmish_07204,1,1,0.9996264,True,1.0,paraphrased,Đòi nợ / Đe dọa,1.0,0.998103565,0.0018964350000000296,0.09999999999999998
ViSmish_07205,1,1,0.9996326,True,1.0,paraphrased,BHXH / Trợ cấp giả,1.0,0.99811911,0.001880890000000024,0.09999999999999998
ViSmish_07206,0,0,0.9994578,True,1.0,synthetic,Tin nhắn cá nhân và OTP,1.0,0.0022760755999999996,0.9977239244,0.09999999999999998
ViSmish_07207,1,1,0.9995034,True,1.0,synthetic_hard_negative,Dịch vụ công giả,1.0,0.99781958,0.0021804199999999607,0.09999999999999998
ViSmish_07208,1,1,0.9996209,True,1.0,paraphrased,Giả mạo ngân hàng,1.0,0.99808977,0.0019102300000000128,0.09999999999999998
ViSmish_07209,1,1,0.99960715,True,1.0,paraphrased,Crypto / Đầu tư giả,1.0,0.998055905,0.0019440950000000345,0.09999999999999998
ViSmish_07213,1,1,0.999617,True,1.0,paraphrased,BHXH / Trợ cấp giả,1.0,0.9980803,0.0019196999999999687,0.09999999999999998
ViSmish_07214,0,0,0.9994741,True,1.0,real,Khác,1.0,0.0022425293999999993,0.9977574706,0.09999999999999998
ViSmish_07215,1,1,0.9996075,True,1.0,paraphrased,Tuyển dụng giả,1.0,0.998056877,0.001943122999999991,0.09999999999999998
ViSmish_07216,1,1,0.9996051,True,1.0,paraphrased,Crypto / Đầu tư giả,1.0,0.9980512500000001,0.0019487499999999436,0.09999999999999998
ViSmish_07217,0,0,0.99940825,True,1.0,external_curated,P2P hard negative,1.0,0.0023754979999999993,0.997624502,0.09999999999999998
ViSmish_07218,1,1,0.9993772,True,1.0,paraphrased,BHXH / Trợ cấp giả,1.0,0.99756436,0.002435639999999961,0.09999999999999998
ViSmish_07219,1,1,0.9996117,True,1.0,paraphrased,Nội dung nhạy cảm,1.0,0.998066986,0.0019330140000000107,0.09999999999999998
ViSmish_07220,0,0,0.9993524,True,1.0,real,Viễn thông,1.0,0.0024824389999999995,0.997517561,0.09999999999999998
ViSmish_07222,1,1,0.9996253,True,1.0,paraphrased,BHXH / Trợ cấp giả,1.0,0.998100936,0.0018990639999999503,0.09999999999999998
ViSmish_07223,0,0,0.99919826,True,1.0,real,Viễn thông,1.0,0.0027546090999999995,0.9972453909,0.09999999999999998
ViSmish_07224,1,1,0.9995722,True,1.0,paraphrased,BHXH / Trợ cấp giả,1.0,0.997973126,0.002026874000000012,0.09999999999999998
ViSmish_07227,0,0,0.9994185,True,1.0,synthetic,Thương mại điện tử,1.0,0.0023552622999999996,0.9976447377,0.09999999999999998
ViSmish_07228,0,0,0.99941313,True,1.0,synthetic,Dịch vụ công thật,1.0,0.0023658824999999994,0.9976341175,0.09999999999999998
ViSmish_07229,0,0,0.99940586,True,1.0,real,Quảng cáo hợp lệ,1.0,0.0023801357999999996,0.9976198642,0.09999999999999998
ViSmish_07230,0,0,0.999463,True,1.0,real,Tin nhắn cá nhân và OTP,1.0,0.002265445099999999,0.9977345549,0.09999999999999998
ViSmish_07231,0,0,0.99937963,True,1.0,external_real,P2P hội thoại thông thường,1.0,0.002430880599999999,0.9975691194,0.09999999999999998
ViSmish_07232,0,0,0.99946016,True,1.0,synthetic,Viễn thông,1.0,0.0022711764999999995,0.9977288235,0.09999999999999998
ViSmish_07234,0,0,0.99946564,True,1.0,synthetic,Dịch vụ y tế,1.0,0.0022600467999999993,0.9977399532,0.09999999999999998
ViSmish_07235,1,1,0.9996183,True,1.0,paraphrased,Crypto / Đầu tư giả,1.0,0.998083556,0.0019164440000000171,0.09999999999999998
ViSmish_07236,0,0,0.99944097,True,1.0,synthetic,Quảng cáo hợp lệ,1.0,0.002310484599999999,0.9976895154,0.09999999999999998
ViSmish_07240,0,0,0.9994037,True,1.0,synthetic,Ngân hàng thật,1.0,0.0023844092999999993,0.9976155907,0.09999999999999998
ViSmish_07243,1,1,0.99961156,True,1.0,paraphrased,Cờ bạc / Betting,1.0,0.99806686,0.0019331399999999999,0.09999999999999998
ViSmish_07244,0,0,0.99944204,True,1.0,real,Viễn thông,1.0,0.0023082599999999995,0.99769174,0.09999999999999998
ViSmish_07247,1,1,0.99962354,True,1.0,paraphrased,BHXH / Trợ cấp giả,1.0,0.99809638,0.0019036199999999948,0.09999999999999998
ViSmish_07248,0,0,0.9991394,True,1.0,real,Dịch vụ công thật,1.0,0.0028510597999999994,0.9971489402,0.09999999999999998
ViSmish_07251,1,1,0.9996069,True,1.0,paraphrased,Cờ bạc / Betting,1.0,0.99805556,0.0019444400000000472,0.09999999999999998
ViSmish_07252,1,1,0.99961084,True,1.0,paraphrased,Dịch vụ công giả,1.0,0.998064995,0.0019350049999999896,0.09999999999999998
ViSmish_07255,1,1,0.9995931,True,1.0,paraphrased,Nội dung nhạy cảm,1.0,0.99802223,0.00197776999999999,0.09999999999999998
ViSmish_07256,1,1,0.9996232,True,1.0,paraphrased,Nội dung nhạy cảm,1.0,0.998095614,0.0019043859999999802,0.09999999999999998
ViSmish_07257,1,1,0.99959344,True,1.0,paraphrased,Giả mạo ngân hàng,1.0,0.9980232,0.0019768000000000008,0.09999999999999998
ViSmish_07258,1,1,0.99960726,True,1.0,paraphrased,Đòi nợ / Đe dọa,1.0,0.998056316,0.001943684000000001,0.09999999999999998
ViSmish_07259,1,1,0.99962175,True,1.0,paraphrased,Đòi nợ / Đe dọa,1.0,0.998091805,0.001908194999999946,0.09999999999999998
ViSmish_07260,1,1,0.9995963,True,1.0,paraphrased,Tuyển dụng giả,1.0,0.998029995,0.001970004999999997,0.09999999999999998
ViSmish_07261,1,1,0.9995378,True,1.0,paraphrased,Dịch vụ công giả,1.0,0.99789493,0.002105070000000042,0.09999999999999998
ViSmish_07262,0,0,0.9993777,True,1.0,real,Viễn thông,1.0,0.0024344948999999996,0.9975655051,0.09999999999999998
ViSmish_07264,1,1,0.9996197,True,1.0,paraphrased,Dịch vụ công giả,1.0,0.99808708,0.0019129199999999846,0.09999999999999998
ViSmish_07265,1,1,0.9996197,True,1.0,paraphrased,BHXH / Trợ cấp giả,1.0,0.99808688,0.0019131199999999904,0.09999999999999998
ViSmish_07267,1,1,0.9996137,True,1.0,paraphrased,Tuyển dụng giả,1.0,0.99807201,0.0019279899999999905,0.09999999999999998
ViSmish_07269,0,0,0.9994548,True,1.0,synthetic,Quảng cáo hợp lệ,1.0,0.0022822323999999996,0.9977177676,0.09999999999999998
ViSmish_07270,0,0,0.9994061,True,1.0,external_real,P2P hội thoại thông thường,1.0,0.0023797748999999993,0.9976202251,0.09999999999999998
ViSmish_07274,1,1,0.9995993,True,1.0,paraphrased,Tuyển dụng giả,1.0,0.9980371,0.0019628999999999897,0.09999999999999998
ViSmish_07276,1,1,0.9993345,True,1.0,real,Giả mạo ngân hàng,1.0,0.997484416,0.0025155839999999596,0.09999999999999998
ViSmish_07277,1,1,0.99961483,True,1.0,paraphrased,Đòi nợ / Đe dọa,1.0,0.99807498,0.001925020000000055,0.09999999999999998
ViSmish_07278,0,0,0.9994887,True,1.0,synthetic,Tin nhắn cá nhân và OTP,1.0,0.0022115794999999997,0.9977884205,0.09999999999999998
ViSmish_07280,0,0,0.9994373,True,1.0,synthetic,Tin nhắn cá nhân và OTP,1.0,0.0023177584999999994,0.9976822415,0.09999999999999998
ViSmish_07281,0,0,0.96854264,True,1.0,real,Khác,1.0,0.015270003999999997,0.984729996,0.09999999999999998
ViSmish_07282,1,1,0.9996107,True,1.0,paraphrased,Nội dung nhạy cảm,1.0,0.998064685,0.001935314999999993,0.09999999999999998
ViSmish_07284,0,0,0.99947673,True,1.0,synthetic,Viễn thông,1.0,0.0022369103999999996,0.9977630896,0.09999999999999998
ViSmish_07286,0,0,0.99897766,True,1.0,synthetic,Quảng cáo hợp lệ,1.0,0.003099932999999999,0.996900067,0.09999999999999998
ViSmish_07287,1,1,0.99962544,True,1.0,paraphrased,Cờ bạc / Betting,1.0,0.99810099,0.0018990100000000343,0.09999999999999998
ViSmish_07288,0,0,0.99950755,True,1.0,synthetic,Thương mại điện tử,1.0,0.0021715007999999997,0.9978284992,0.09999999999999998
ViSmish_07289,0,0,0.99946934,True,1.0,external_real,P2P hội thoại thông thường,1.0,0.0022522434999999994,0.9977477565,0.09999999999999998
ViSmish_07292,0,0,0.9994789,True,1.0,synthetic,Thương mại điện tử,1.0,0.0022325178999999997,0.9977674821,0.09999999999999998
ViSmish_07293,0,0,0.99949265,True,1.0,synthetic,Tin nhắn cá nhân và OTP,1.0,0.0022034559999999995,0.997796544,0.09999999999999998
ViSmish_07294,1,1,0.99961996,True,1.0,paraphrased,Tuyển dụng giả,1.0,0.99808754,0.0019124600000000047,0.09999999999999998
ViSmish_07295,0,0,0.9994455,True,1.0,external_curated,P2P hard negative,1.0,0.002301116799999999,0.9976988832,0.09999999999999998
ViSmish_07296,1,1,0.9996087,True,1.0,paraphrased,Nội dung nhạy cảm,1.0,0.99805981,0.0019401900000000083,0.09999999999999998
ViSmish_07298,1,1,0.99962234,True,1.0,paraphrased,BHXH / Trợ cấp giả,1.0,0.99809327,0.0019067299999999676,0.09999999999999998
ViSmish_07299,1,1,0.9996136,True,1.0,paraphrased,Giả mạo ngân hàng,1.0,0.99807159,0.0019284099999999915,0.09999999999999998
ViSmish_07300,0,0,0.9994622,True,1.0,synthetic,Tin nhắn cá nhân và OTP,1.0,0.0022670741999999996,0.9977329258,0.09999999999999998
ViSmish_07302,1,1,0.9995788,True,1.0,paraphrased,Nội dung nhạy cảm,1.0,0.99798834,0.0020116599999999707,0.09999999999999998
ViSmish_07303,0,0,0.99941814,True,1.0,real,Viễn thông,1.0,0.0023560383999999997,0.9976439616,0.09999999999999998
ViSmish_07305,0,0,0.99944097,True,1.0,external_curated,P2P hard negative,1.0,0.0023104646999999993,0.9976895353,0.09999999999999998
ViSmish_07307,1,1,0.999608,True,1.0,paraphrased,Giả mạo ngân hàng,1.0,0.99805817,0.0019418300000000333,0.09999999999999998
ViSmish_07308,1,1,0.9995586,True,1.0,synthetic_hard_negative,BHXH / Trợ cấp giả,1.0,0.99794201,0.002057989999999954,0.09999999999999998
ViSmish_07310,0,0,0.9991394,True,1.0,real,Dịch vụ công thật,1.0,0.0028510216999999994,0.9971489783,0.09999999999999998
ViSmish_07311,1,1,0.99960655,True,1.0,paraphrased,Cờ bạc / Betting,1.0,0.998054576,0.0019454239999999734,0.09999999999999998
ViSmish_07312,1,1,0.99956805,True,1.0,paraphrased,Crypto / Đầu tư giả,1.0,0.99796346,0.0020365399999999756,0.09999999999999998
ViSmish_07316,1,1,0.9995358,True,1.0,synthetic_hard_negative,Khác,1.0,0.997890294,0.0021097060000000445,0.09999999999999998
ViSmish_07317,0,0,0.9994678,True,1.0,real,Khác,1.0,0.0022556249999999994,0.997744375,0.09999999999999998
ViSmish_07318,0,0,0.999481,True,1.0,synthetic,Tin nhắn cá nhân và OTP,1.0,0.0022279971999999994,0.9977720028,0.09999999999999998
ViSmish_07319,1,1,0.9996101,True,1.0,paraphrased,Cờ bạc / Betting,1.0,0.99806317,0.0019368300000000005,0.09999999999999998
ViSmish_07320,1,1,0.9994937,True,1.0,paraphrased,Nội dung nhạy cảm,1.0,0.997798914,0.0022010860000000187,0.09999999999999998
ViSmish_07322,1,1,0.99960643,True,1.0,paraphrased,Đòi nợ / Đe dọa,1.0,0.99805417,0.0019458300000000373,0.09999999999999998
ViSmish_07323,0,0,0.9994093,True,1.0,real,Quảng cáo hợp lệ,1.0,0.0023734002999999996,0.9976265997,0.09999999999999998
ViSmish_07325,0,0,0.9994733,True,1.0,synthetic,Dịch vụ công thật,1.0,0.0022440659999999994,0.997755934,0.09999999999999998
ViSmish_07326,0,0,0.9994497,True,1.0,external_real,P2P hội thoại thông thường,1.0,0.0022926946999999994,0.9977073053,0.09999999999999998
ViSmish_07327,1,1,0.9995689,True,1.0,synthetic_hard_negative,Giả mạo ngân hàng,1.0,0.9979655199999999,0.0020344800000000607,0.09999999999999998
ViSmish_07329,1,1,0.9996092,True,1.0,paraphrased,Đòi nợ / Đe dọa,1.0,0.998060995,0.0019390049999999937,0.09999999999999998
ViSmish_07330,0,0,0.9993685,True,1.0,real,Viễn thông,1.0,0.0024522551999999996,0.9975477448,0.09999999999999998
ViSmish_07331,1,1,0.9996118,True,1.0,paraphrased,Giả mạo ngân hàng,1.0,0.99806733,0.0019326699999999697,0.09999999999999998
ViSmish_07332,0,0,0.99948907,True,1.0,synthetic,Viễn thông,1.0,0.0022109204999999996,0.9977890795,0.09999999999999998
ViSmish_07334,0,0,0.9993975,True,1.0,real,Dịch vụ công thật,1.0,0.0023964249999999993,0.997603575,0.09999999999999998
ViSmish_07335,0,0,0.9993876,True,1.0,real,Viễn thông,1.0,0.002415490899999999,0.9975845091,0.09999999999999998
ViSmish_07336,0,0,0.9994586,True,1.0,synthetic,Thương mại điện tử,1.0,0.0022744193999999994,0.9977255806,0.09999999999999998
ViSmish_07337,1,1,0.9995315,True,1.0,paraphrased,Nội dung nhạy cảm,1.0,0.99788086,0.0021191400000000193,0.09999999999999998
ViSmish_07338,1,1,0.99958724,True,1.0,paraphrased,Cờ bạc / Betting,1.0,0.99800844,0.0019915600000000033,0.09999999999999998
ViSmish_07339,0,0,0.999456,True,1.0,external_real,P2P hội thoại thông thường,1.0,0.0022798502999999996,0.9977201497,0.09999999999999998
ViSmish_07340,1,1,0.9996247,True,1.0,paraphrased,Nội dung nhạy cảm,1.0,0.998099387,0.0019006129999999954,0.09999999999999998
ViSmish_07344,0,0,0.99946815,True,1.0,synthetic,Tin nhắn cá nhân và OTP,1.0,0.0022547702999999994,0.9977452297,0.09999999999999998
ViSmish_07345,1,1,0.9996284,True,1.0,paraphrased,Dịch vụ công giả,1.0,0.99810858,0.001891419999999977,0.09999999999999998
ViSmish_07346,1,1,0.99951553,True,1.0,synthetic_hard_negative,Giả mạo ngân hàng,1.0,0.99784572,0.002154279999999953,0.09999999999999998
ViSmish_07347,1,1,0.99952877,True,1.0,synthetic_hard_negative,Khác,1.0,0.99787482,0.0021251799999999488,0.09999999999999998
ViSmish_07348,1,1,0.9993492,True,1.0,paraphrased,Crypto / Đầu tư giả,1.0,0.99751159,0.0024884099999999965,0.09999999999999998
ViSmish_07350,1,1,0.9996056,True,1.0,paraphrased,Dịch vụ công giả,1.0,0.99805213,0.0019478699999999627,0.09999999999999998
ViSmish_07351,1,1,0.99957937,True,1.0,paraphrased,Đòi nợ / Đe dọa,1.0,0.99798995,0.0020100499999999855,0.09999999999999998
ViSmish_07352,1,1,0.9996124,True,1.0,paraphrased,Nội dung nhạy cảm,1.0,0.9980688600000001,0.0019311399999999423,0.09999999999999998
ViSmish_07354,0,0,0.9994729,True,1.0,synthetic,Ngân hàng thật,1.0,0.0022448688999999996,0.9977551311,0.09999999999999998
ViSmish_07355,1,1,0.99962056,True,1.0,paraphrased,Tuyển dụng giả,1.0,0.99808896,0.001911039999999975,0.09999999999999998
ViSmish_07356,0,0,0.99933213,True,1.0,external_real,P2P hội thoại thông thường,1.0,0.0025198734999999995,0.9974801265,0.09999999999999998
ViSmish_07358,0,0,0.99941266,True,1.0,synthetic,Ngân hàng thật,1.0,0.002366983099999999,0.9976330169,0.09999999999999998
ViSmish_07363,0,0,0.99946696,True,1.0,external_curated,P2P hard negative,1.0,0.0022572215999999996,0.9977427784,0.09999999999999998
ViSmish_07365,0,0,0.9994367,True,1.0,synthetic,Ngân hàng thật,1.0,0.0023191003,0.9976808997,0.09999999999999998
ViSmish_07367,1,1,0.9995177,True,1.0,synthetic_hard_negative,Tuyển dụng giả,1.0,0.9978505129999999,0.002149487000000061,0.09999999999999998
ViSmish_07368,1,1,0.9996001,True,1.0,paraphrased,Dịch vụ công giả,1.0,0.99803914,0.001960859999999953,0.09999999999999998
ViSmish_07369,1,1,0.99962056,True,1.0,paraphrased,Đòi nợ / Đe dọa,1.0,0.99808905,0.0019109499999999668,0.09999999999999998
ViSmish_07370,1,1,0.999619,True,1.0,paraphrased,Đòi nợ / Đe dọa,1.0,0.998085105,0.001914894999999972,0.09999999999999998
ViSmish_07371,0,0,0.99931467,True,1.0,real,Viễn thông,1.0,0.0025519303999999993,0.9974480696,0.09999999999999998
ViSmish_07372,0,0,0.9994623,True,1.0,synthetic,Dịch vụ công thật,1.0,0.0022669741999999994,0.9977330258,0.09999999999999998
ViSmish_07373,1,1,0.99962354,True,1.0,paraphrased,Cờ bạc / Betting,1.0,0.998096234,0.0019037659999999734,0.09999999999999998
ViSmish_07375,0,0,0.9994935,True,1.0,synthetic,Vận chuyển,1.0,0.0022015107999999992,0.9977984892,0.09999999999999998
ViSmish_07376,0,0,0.99933356,True,1.0,real,Viễn thông,1.0,0.0025174358999999996,0.9974825641,0.09999999999999998
ViSmish_07377,1,1,0.99960715,True,1.0,paraphrased,Giả mạo ngân hàng,1.0,0.998055905,0.0019440950000000345,0.09999999999999998
ViSmish_07378,0,0,0.9993123,True,1.0,external_curated,P2P hard negative,1.0,0.0025562097999999992,0.9974437902,0.09999999999999998
ViSmish_07379,0,0,0.99945945,True,1.0,real,Viễn thông,1.0,0.0022728707999999996,0.9977271292,0.09999999999999998
ViSmish_07380,0,0,0.9992341,True,1.0,real,Khác,1.0,0.0026940702999999995,0.9973059297,0.09999999999999998
ViSmish_07381,1,1,0.9996118,True,1.0,paraphrased,Nội dung nhạy cảm,1.0,0.99806728,0.0019327199999999989,0.09999999999999998
ViSmish_07382,1,1,0.99960643,True,1.0,paraphrased,Nội dung nhạy cảm,1.0,0.99805424,0.0019457600000000186,0.09999999999999998
ViSmish_07383,1,1,0.9995522,True,1.0,paraphrased,Cờ bạc / Betting,1.0,0.99792726,0.0020727400000000173,0.09999999999999998
ViSmish_07385,1,1,0.9996191,True,1.0,paraphrased,Giả mạo ngân hàng,1.0,0.99808549,0.0019145099999999804,0.09999999999999998
ViSmish_07386,1,1,0.999519,True,1.0,paraphrased,Crypto / Đầu tư giả,1.0,0.99785323,0.0021467699999999645,0.09999999999999998
ViSmish_07389,0,0,0.99949205,True,1.0,synthetic,Thương mại điện tử,1.0,0.0022044885999999994,0.9977955114,0.09999999999999998
ViSmish_07390,0,0,0.99941015,True,1.0,synthetic,Ngân hàng thật,1.0,0.0023716771999999996,0.9976283228,0.09999999999999998
ViSmish_07391,1,1,0.9994838,True,1.0,synthetic_hard_negative,Đòi nợ / Đe dọa,1.0,0.997777915,0.0022220849999999848,0.09999999999999998
ViSmish_07393,1,1,0.9996152,True,1.0,paraphrased,Tuyển dụng giả,1.0,0.9980757,0.00192429999999999,0.09999999999999998
ViSmish_07394,1,1,0.99957246,True,1.0,paraphrased,Đòi nợ / Đe dọa,1.0,0.99797387,0.0020261299999999594,0.09999999999999998
ViSmish_07395,1,1,0.9996055,True,1.0,paraphrased,Crypto / Đầu tư giả,1.0,0.99805212,0.001947880000000013,0.09999999999999998
ViSmish_07396,1,1,0.9996245,True,1.0,paraphrased,Tuyển dụng giả,1.0,0.99809879,0.0019012099999999865,0.09999999999999998
ViSmish_07397,0,0,0.99948066,True,1.0,external_curated,P2P hard negative,1.0,0.0022286692999999996,0.9977713307,0.09999999999999998
ViSmish_07398,0,0,0.9993325,True,1.0,real,Viễn thông,1.0,0.0025193789999999995,0.997480621,0.09999999999999998
ViSmish_07399,0,0,0.9991761,True,1.0,external_real,P2P hội thoại thông thường,1.0,0.0027913717999999994,0.9972086282,0.09999999999999998
ViSmish_07401,1,1,0.99957854,True,1.0,paraphrased,Nội dung nhạy cảm,1.0,0.997987944,0.0020120559999999843,0.09999999999999998
ViSmish_07402,0,0,0.9994802,True,1.0,real,Viễn thông,1.0,0.0022296212999999994,0.9977703787,0.09999999999999998
ViSmish_07403,0,0,0.9994418,True,1.0,synthetic,Tin nhắn cá nhân và OTP,1.0,0.0023088079999999994,0.997691192,0.09999999999999998
ViSmish_07404,1,1,0.9996221,True,1.0,paraphrased,Dịch vụ công giả,1.0,0.998092777,0.0019072230000000134,0.09999999999999998
ViSmish_07405,0,0,0.99945027,True,1.0,synthetic,Dịch vụ y tế,1.0,0.0022916238999999995,0.9977083761,0.09999999999999998
ViSmish_07406,0,0,0.99939823,True,1.0,external_real,P2P hội thoại thông thường,1.0,0.0023949514999999995,0.9976050485,0.09999999999999998
ViSmish_07408,0,0,0.99937975,True,1.0,external_curated,P2P hard negative,1.0,0.0024306937999999997,0.9975693062,0.09999999999999998
ViSmish_07411,1,1,0.99961615,True,1.0,paraphrased,Giả mạo ngân hàng,1.0,0.99807809,0.0019219099999999711,0.09999999999999998
ViSmish_07412,1,1,0.9996228,True,1.0,paraphrased,Giả mạo ngân hàng,1.0,0.998094463,0.0019055369999999572,0.09999999999999998
ViSmish_07413,0,0,0.9994173,True,1.0,external_curated,P2P hard negative,1.0,0.0023576177999999996,0.9976423822,0.09999999999999998
ViSmish_07414,0,0,0.9994518,True,1.0,real,Viễn thông,1.0,0.0022884269999999996,0.997711573,0.09999999999999998
ViSmish_07415,1,1,0.9995246,True,1.0,synthetic_hard_negative,Khác,1.0,0.99786568,0.002134320000000023,0.09999999999999998
ViSmish_07417,1,1,0.9995962,True,1.0,paraphrased,Nội dung nhạy cảm,1.0,0.99802955,0.001970449999999957,0.09999999999999998
ViSmish_07418,0,0,0.9985067,True,1.0,external_curated,P2P hard negative,1.0,0.0037231232999999993,0.9962768767,0.09999999999999998
ViSmish_07419,1,1,0.99962795,True,1.0,paraphrased,Đòi nợ / Đe dọa,1.0,0.998107255,0.001892745000000029,0.09999999999999998
ViSmish_07422,1,1,0.99945277,True,1.0,paraphrased,BHXH / Trợ cấp giả,1.0,0.997713655,0.002286345000000023,0.09999999999999998
ViSmish_07423,1,1,0.9996275,True,1.0,paraphrased,BHXH / Trợ cấp giả,1.0,0.99810612,0.0018938800000000144,0.09999999999999998
ViSmish_07425,0,0,0.99942386,True,1.0,external_real,P2P hội thoại thông thường,1.0,0.0023447844999999992,0.9976552155,0.09999999999999998
ViSmish_07426,0,0,0.9994313,True,1.0,synthetic,Ngân hàng thật,1.0,0.0023298857999999993,0.9976701142,0.09999999999999998
ViSmish_07427,0,0,0.99942905,True,1.0,synthetic,Dịch vụ y tế,1.0,0.0023343272999999994,0.9976656727,0.09999999999999998
ViSmish_07428,0,0,0.9994387,True,1.0,real,Viễn thông,1.0,0.0023149992999999995,0.9976850007,0.09999999999999998
ViSmish_07432,1,1,0.99955016,True,1.0,paraphrased,Đòi nợ / Đe dọa,1.0,0.9979226,0.002077400000000007,0.09999999999999998
ViSmish_07434,1,1,0.99958783,True,1.0,paraphrased,Nội dung nhạy cảm,1.0,0.99800976,0.001990240000000032,0.09999999999999998
ViSmish_07436,1,1,0.99962544,True,1.0,paraphrased,Tuyển dụng giả,1.0,0.998101014,0.001898986000000047,0.09999999999999998
ViSmish_07437,0,0,0.999479,True,1.0,synthetic,Tin nhắn cá nhân và OTP,1.0,0.0022322050999999993,0.9977677949,0.09999999999999998
ViSmish_07439,1,1,0.9996164,True,1.0,paraphrased,Nội dung nhạy cảm,1.0,0.99807885,0.001921150000000038,0.09999999999999998
ViSmish_07441,0,0,0.9994418,True,1.0,synthetic,Quảng cáo hợp lệ,1.0,0.0023085711999999998,0.9976914288,0.09999999999999998
ViSmish_07442,0,0,0.99945885,True,1.0,external_real,P2P hội thoại thông thường,1.0,0.0022739890999999997,0.9977260109,0.09999999999999998
ViSmish_07443,1,1,0.9993735,True,1.0,synthetic_hard_negative,Khác,1.0,0.997557247,0.002442752999999964,0.09999999999999998
ViSmish_07444,1,1,0.9995351,True,1.0,paraphrased,Đòi nợ / Đe dọa,1.0,0.99788872,0.0021112800000000487,0.09999999999999998
ViSmish_07445,0,0,0.99940634,True,1.0,real,Quảng cáo hợp lệ,1.0,0.0023791985999999997,0.9976208014,0.09999999999999998
ViSmish_07447,0,0,0.9993968,True,1.0,synthetic,Quảng cáo hợp lệ,1.0,0.0023977754999999993,0.9976022245,0.09999999999999998
ViSmish_07448,0,0,0.99935097,True,1.0,external_real,P2P hội thoại thông thường,1.0,0.0024850692999999996,0.9975149307,0.09999999999999998
ViSmish_07449,1,1,0.9994512,True,1.0,paraphrased,Nội dung nhạy cảm,1.0,0.997710514,0.0022894860000000072,0.09999999999999998
ViSmish_07450,1,1,0.99962366,True,1.0,paraphrased,BHXH / Trợ cấp giả,1.0,0.998096657,0.0019033429999999463,0.09999999999999998
ViSmish_07451,1,1,0.9995726,True,1.0,paraphrased,Nội dung nhạy cảm,1.0,0.997973984,0.002026015999999964,0.09999999999999998
ViSmish_07452,0,0,0.99939346,True,1.0,external_real,P2P hội thoại thông thường,1.0,0.0024043535999999995,0.9975956464,0.09999999999999998
ViSmish_07453,1,1,0.9995426,True,1.0,real,Crypto / Đầu tư giả,1.0,0.99790562,0.0020943799999999513,0.09999999999999998
ViSmish_07456,1,1,0.9995912,True,1.0,paraphrased,Nội dung nhạy cảm,1.0,0.998017603,0.0019823970000000246,0.09999999999999998
ViSmish_07457,1,1,0.99960035,True,1.0,paraphrased,Tuyển dụng giả,1.0,0.99803966,0.001960340000000005,0.09999999999999998
ViSmish_07458,1,1,0.99957293,True,1.0,paraphrased,Cờ bạc / Betting,1.0,0.99797484,0.0020251599999999703,0.09999999999999998
ViSmish_07461,0,0,0.9994634,True,1.0,synthetic,Tin nhắn cá nhân và OTP,1.0,0.0022647946999999995,0.9977352053,0.09999999999999998
ViSmish_07462,1,1,0.9995332,True,1.0,synthetic_hard_negative,BHXH / Trợ cấp giả,1.0,0.997884536,0.002115463999999956,0.09999999999999998
ViSmish_07463,0,0,0.9993742,True,1.0,real,Quảng cáo hợp lệ,1.0,0.002441259499999999,0.9975587405,0.09999999999999998
ViSmish_07464,0,0,0.9994394,True,1.0,external_real,P2P hội thoại thông thường,1.0,0.0023135911999999995,0.9976864088,0.09999999999999998
ViSmish_07465,0,0,0.9994276,True,1.0,synthetic,Viễn thông,1.0,0.0023372539999999995,0.997662746,0.09999999999999998
ViSmish_07466,1,1,0.99963176,True,1.0,paraphrased,Cờ bạc / Betting,1.0,0.998116827,0.0018831729999999602,0.09999999999999998
ViSmish_07467,0,0,0.9993998,True,1.0,external_real,P2P hội thoại thông thường,1.0,0.0023919291999999997,0.9976080708,0.09999999999999998
ViSmish_07468,1,1,0.9995653,True,1.0,paraphrased,BHXH / Trợ cấp giả,1.0,0.99795719,0.0020428099999999505,0.09999999999999998
ViSmish_07469,0,0,0.99946696,True,1.0,real,Khác,1.0,0.0022573053999999995,0.9977426946,0.09999999999999998
ViSmish_07470,0,0,0.999438,True,1.0,synthetic,Ngân hàng thật,1.0,0.0023164635999999993,0.9976835364,0.09999999999999998
ViSmish_07473,1,1,0.9994838,True,1.0,synthetic_hard_negative,Dịch vụ công giả,1.0,0.99777805,0.002221950000000028,0.09999999999999998
ViSmish_07474,1,1,0.9996376,True,1.0,paraphrased,BHXH / Trợ cấp giả,1.0,0.998131585,0.0018684150000000121,0.09999999999999998
ViSmish_07476,1,1,0.9996093,True,1.0,paraphrased,Crypto / Đầu tư giả,1.0,0.99806116,0.0019388399999999972,0.09999999999999998
ViSmish_07477,0,0,0.9994055,True,1.0,real,Viễn thông,1.0,0.0023809789999999996,0.997619021,0.09999999999999998
ViSmish_07478,1,1,0.99953556,True,1.0,paraphrased,Crypto / Đầu tư giả,1.0,0.99788998,0.0021100200000000457,0.09999999999999998
ViSmish_07480,1,1,0.9995983,True,1.0,paraphrased,Cờ bạc / Betting,1.0,0.99803463,0.0019653699999999663,0.09999999999999998
ViSmish_07481,1,1,0.99962914,True,1.0,paraphrased,Dịch vụ công giả,1.0,0.9981104,0.0018896000000000468,0.09999999999999998
ViSmish_07483,1,1,0.99946207,True,1.0,paraphrased,Crypto / Đầu tư giả,1.0,0.9977326,0.0022674000000000305,0.09999999999999998
ViSmish_07484,1,1,0.99954504,True,1.0,paraphrased,Nội dung nhạy cảm,1.0,0.997911215,0.002088784999999982,0.09999999999999998
ViSmish_07486,1,1,0.9996152,True,1.0,paraphrased,Crypto / Đầu tư giả,1.0,0.99807593,0.0019240700000000555,0.09999999999999998
ViSmish_07488,1,1,0.99961334,True,1.0,paraphrased,Tuyển dụng giả,1.0,0.998071104,0.0019288960000000133,0.09999999999999998
ViSmish_07490,0,0,0.9994956,True,1.0,synthetic,Dịch vụ y tế,1.0,0.0021970854999999994,0.9978029145,0.09999999999999998
ViSmish_07491,1,1,0.99952793,True,1.0,synthetic_hard_negative,Dịch vụ công giả,1.0,0.99787289,0.0021271099999999876,0.09999999999999998
ViSmish_07492,0,0,0.9994686,True,1.0,external_curated,P2P hard negative,1.0,0.0022537724999999995,0.9977462275,0.09999999999999998
ViSmish_07493,0,0,0.99946505,True,1.0,synthetic,Vận chuyển,1.0,0.0022611626999999995,0.9977388373,0.09999999999999998
ViSmish_07494,1,1,0.9996094,True,1.0,paraphrased,Cờ bạc / Betting,1.0,0.99806142,0.001938580000000023,0.09999999999999998
ViSmish_07495,0,0,0.99947864,True,1.0,real,Viễn thông,1.0,0.0022330542999999996,0.9977669457,0.09999999999999998
ViSmish_07496,1,1,0.9995628,True,1.0,paraphrased,Cờ bạc / Betting,1.0,0.997951365,0.0020486349999999653,0.09999999999999998
ViSmish_07499,0,0,0.99942976,True,1.0,synthetic,Tin nhắn cá nhân và OTP,1.0,0.0023328285999999997,0.9976671714,0.09999999999999998
ViSmish_07500,0,0,0.9994363,True,1.0,synthetic,Viễn thông,1.0,0.0023196514999999996,0.9976803485,0.09999999999999998
ViSmish_07501,1,1,0.99960846,True,1.0,paraphrased,Đòi nợ / Đe dọa,1.0,0.99805925,0.0019407500000000466,0.09999999999999998
ViSmish_07503,1,1,0.9995265,True,1.0,synthetic_hard_negative,Đòi nợ / Đe dọa,1.0,0.997869736,0.0021302640000000483,0.09999999999999998
ViSmish_07504,0,0,0.99947625,True,1.0,synthetic,Tin nhắn cá nhân và OTP,1.0,0.0022380219999999992,0.997761978,0.09999999999999998
ViSmish_07507,1,1,0.99962306,True,1.0,paraphrased,Giả mạo ngân hàng,1.0,0.998095244,0.001904755999999952,0.09999999999999998
ViSmish_07510,0,0,0.99946386,True,1.0,real,Viễn thông,1.0,0.0022635917999999995,0.9977364082,0.09999999999999998
ViSmish_07511,0,0,0.9994733,True,1.0,synthetic,Thương mại điện tử,1.0,0.0022441926999999997,0.9977558073,0.09999999999999998
ViSmish_07512,1,1,0.9995982,True,1.0,paraphrased,Nội dung nhạy cảm,1.0,0.998034453,0.0019655469999999564,0.09999999999999998
ViSmish_07513,0,0,0.99944395,True,1.0,external_curated,P2P hard negative,1.0,0.0023042527999999995,0.9976957472,0.09999999999999998
ViSmish_07516,1,1,0.9994842,True,1.0,paraphrased,Nội dung nhạy cảm,1.0,0.9977788,0.0022212000000000343,0.09999999999999998
ViSmish_07517,1,1,0.99962044,True,1.0,paraphrased,Cờ bạc / Betting,1.0,0.99808881,0.0019111899999999515,0.09999999999999998
ViSmish_07520,0,0,0.99949217,True,1.0,synthetic,Tin nhắn cá nhân và OTP,1.0,0.0022043788999999998,0.9977956211,0.09999999999999998
ViSmish_07521,0,0,0.99933463,True,1.0,external_real,P2P hội thoại thông thường,1.0,0.0025152964999999995,0.9974847035,0.09999999999999998
ViSmish_07522,0,0,0.9994449,True,1.0,real,Ngân hàng thật,1.0,0.0023024515999999994,0.9976975484,0.09999999999999998
ViSmish_07525,0,0,0.9994055,True,1.0,external_curated,P2P hard negative,1.0,0.0023808340999999997,0.9976191659,0.09999999999999998
ViSmish_07526,1,1,0.99961996,True,1.0,paraphrased,Nội dung nhạy cảm,1.0,0.9980875849999999,0.0019124150000000562,0.09999999999999998
ViSmish_07527,1,1,0.9994344,True,1.0,paraphrased,Crypto / Đầu tư giả,1.0,0.997676337,0.002323662999999976,0.09999999999999998
ViSmish_07529,1,1,0.99962056,True,1.0,paraphrased,Cờ bạc / Betting,1.0,0.998088914,0.0019110860000000063,0.09999999999999998
ViSmish_07531,0,0,0.99940133,True,1.0,external_real,P2P hội thoại thông thường,1.0,0.0023889207999999995,0.9976110792,0.09999999999999998
ViSmish_07534,0,0,0.9994727,True,1.0,real,Viễn thông,1.0,0.0022454814999999994,0.9977545185,0.09999999999999998
ViSmish_07536,0,0,0.9994672,True,1.0,real,Viễn thông,1.0,0.0022568217,0.9977431783,0.09999999999999998
ViSmish_07537,1,1,0.9995857,True,1.0,paraphrased,Crypto / Đầu tư giả,1.0,0.998004764,0.001995235999999956,0.09999999999999998
ViSmish_07538,1,1,0.99961275,True,1.0,paraphrased,Tuyển dụng giả,1.0,0.99806968,0.001930320000000041,0.09999999999999998
ViSmish_07539,0,0,0.9994898,True,1.0,synthetic,Vận chuyển,1.0,0.0022094729999999996,0.997790527,0.09999999999999998
ViSmish_07540,0,0,0.9994879,True,1.0,synthetic,Vận chuyển,1.0,0.0022133429999999996,0.997786657,0.09999999999999998
ViSmish_07541,0,0,0.9994722,True,1.0,real,Tin nhắn cá nhân và OTP,1.0,0.0022463479999999996,0.997753652,0.09999999999999998
ViSmish_07542,0,0,0.9994838,True,1.0,synthetic,Tin nhắn cá nhân và OTP,1.0,0.0022219754999999995,0.9977780245,0.09999999999999998
ViSmish_07544,0,0,0.99931026,True,1.0,synthetic,Thương mại điện tử,1.0,0.0025600177999999993,0.9974399822,0.09999999999999998
ViSmish_07545,0,1,0.8902887,False,0.3,real,Khác,0.3,0.022205066999999995,0.977794933,0.029999999999999992
ViSmish_07547,1,1,0.9994832,True,1.0,synthetic_hard_negative,Tuyển dụng giả,1.0,0.997776866,0.00222313399999996,0.09999999999999998
ViSmish_07548,1,1,0.9996106,True,1.0,paraphrased,Cờ bạc / Betting,1.0,0.99806441,0.001935589999999987,0.09999999999999998
ViSmish_07550,1,1,0.9996289,True,1.0,paraphrased,Dịch vụ công giả,1.0,0.998109573,0.0018904269999999723,0.09999999999999998
ViSmish_07553,1,1,0.99961877,True,1.0,paraphrased,Cờ bạc / Betting,1.0,0.99808452,0.0019154799999999694,0.09999999999999998
ViSmish_07554,0,0,0.99934477,True,1.0,external_real,P2P hội thoại thông thường,1.0,0.0024966334999999996,0.9975033665,0.09999999999999998
ViSmish_07558,1,1,0.9996111,True,1.0,paraphrased,Đòi nợ / Đe dọa,1.0,0.99806552,0.0019344799999999607,0.09999999999999998
ViSmish_07559,0,0,0.99944264,True,1.0,synthetic,Tin nhắn cá nhân và OTP,1.0,0.0023068909999999997,0.997693109,0.09999999999999998
ViSmish_07560,0,0,0.9976908,True,1.0,external_real,P2P hội thoại thông thường,1.0,0.004590184599999999,0.9954098154,0.09999999999999998
ViSmish_07562,1,1,0.9995678,True,1.0,paraphrased,Đòi nợ / Đe dọa,1.0,0.99796286,0.002037139999999993,0.09999999999999998
ViSmish_07563,0,0,0.99946886,True,1.0,synthetic,Ngân hàng thật,1.0,0.0022533231999999994,0.9977466768,0.09999999999999998
ViSmish_07564,1,1,0.9995956,True,1.0,paraphrased,Crypto / Đầu tư giả,1.0,0.99802816,0.001971839999999947,0.09999999999999998
ViSmish_07565,0,0,0.9994815,True,1.0,synthetic,Vận chuyển,1.0,0.0022269276999999994,0.9977730723,0.09999999999999998
ViSmish_07568,1,1,0.9994886,True,1.0,synthetic_hard_negative,Khác,1.0,0.997787946,0.002212054000000019,0.09999999999999998
ViSmish_07569,0,0,0.99944013,True,1.0,synthetic,Ngân hàng thật,1.0,0.0023119674999999996,0.9976880325,0.09999999999999998
ViSmish_07572,1,1,0.9996147,True,1.0,paraphrased,Cờ bạc / Betting,1.0,0.99807467,0.0019253299999999474,0.09999999999999998
ViSmish_07574,0,0,0.99943835,True,1.0,real,Tin nhắn cá nhân và OTP,1.0,0.0023156051999999993,0.9976843948,0.09999999999999998
ViSmish_07575,1,1,0.9996166,True,1.0,paraphrased,BHXH / Trợ cấp giả,1.0,0.99807936,0.001920640000000029,0.09999999999999998
ViSmish_07576,1,1,0.9996288,True,1.0,paraphrased,Tuyển dụng giả,1.0,0.998109376,0.001890623999999952,0.09999999999999998
ViSmish_07577,1,1,0.9996177,True,1.0,paraphrased,Crypto / Đầu tư giả,1.0,0.99808199,0.0019180100000000255,0.09999999999999998
ViSmish_07578,1,1,0.9996288,True,1.0,paraphrased,Dịch vụ công giả,1.0,0.99810952,0.0018904800000000277,0.09999999999999998
ViSmish_07579,1,1,0.9996214,True,1.0,paraphrased,Tuyển dụng giả,1.0,0.998091114,0.001908886000000054,0.09999999999999998
ViSmish_07580,1,1,0.99959165,True,1.0,paraphrased,Crypto / Đầu tư giả,1.0,0.998018724,0.0019812759999999763,0.09999999999999998
ViSmish_07583,1,1,0.9995671,True,1.0,synthetic_hard_negative,BHXH / Trợ cấp giả,1.0,0.99796125,0.002038749999999978,0.09999999999999998
ViSmish_07584,0,0,0.9991043,True,1.0,synthetic,Ngân hàng thật,1.0,0.0029069581999999995,0.9970930418,0.09999999999999998
ViSmish_07585,0,0,0.9994814,True,1.0,synthetic,Vận chuyển,1.0,0.0022273087999999993,0.9977726912,0.09999999999999998
ViSmish_07586,1,1,0.9991906,True,1.0,paraphrased,Nội dung nhạy cảm,1.0,0.99723263,0.0027673700000000467,0.09999999999999998
ViSmish_07587,0,0,0.9994654,True,1.0,synthetic,Ngân hàng thật,1.0,0.0022604649999999997,0.997739535,0.09999999999999998
ViSmish_07588,1,1,0.9996216,True,1.0,paraphrased,Giả mạo ngân hàng,1.0,0.998091793,0.0019082070000000506,0.09999999999999998
ViSmish_07590,0,0,0.9994087,True,1.0,real,Viễn thông,1.0,0.0023746931999999994,0.9976253068000001,0.09999999999999998
ViSmish_07593,1,1,0.9995881,True,1.0,paraphrased,Đòi nợ / Đe dọa,1.0,0.99801047,0.001989530000000017,0.09999999999999998
ViSmish_07594,1,1,0.99956983,True,1.0,synthetic_hard_negative,Tuyển dụng giả,1.0,0.99796779,0.0020322099999999788,0.09999999999999998
ViSmish_07595,1,1,0.99910444,True,1.0,paraphrased,Cờ bạc / Betting,1.0,0.99709307,0.0029069299999999743,0.09999999999999998
ViSmish_07599,0,0,0.9987173,True,1.0,synthetic,Dịch vụ công thật,1.0,0.0034598779999999996,0.996540122,0.09999999999999998
ViSmish_07600,0,0,0.99945945,True,1.0,real,Viễn thông,1.0,0.0022726846999999994,0.9977273153,0.09999999999999998
ViSmish_07601,1,1,0.9996171,True,1.0,paraphrased,Giả mạo ngân hàng,1.0,0.998080426,0.0019195739999999795,0.09999999999999998
ViSmish_07602,0,0,0.99944884,True,1.0,external_real,P2P hội thoại thông thường,1.0,0.0022944733999999997,0.9977055266,0.09999999999999998
ViSmish_07605,1,1,0.9996101,True,1.0,paraphrased,Giả mạo ngân hàng,1.0,0.998063207,0.0019367930000000477,0.09999999999999998
ViSmish_07606,1,1,0.9996138,True,1.0,paraphrased,Crypto / Đầu tư giả,1.0,0.99807231,0.0019276900000000374,0.09999999999999998
ViSmish_07607,0,0,0.9994697,True,1.0,synthetic,Tin nhắn cá nhân và OTP,1.0,0.0022516333999999995,0.9977483666,0.09999999999999998
ViSmish_07608,0,0,0.9994616,True,1.0,synthetic,Viễn thông,1.0,0.0022683880999999993,0.9977316119,0.09999999999999998
ViSmish_07609,0,0,0.9994273,True,1.0,synthetic,Tin nhắn cá nhân và OTP,1.0,0.0023377935999999992,0.9976622064,0.09999999999999998
ViSmish_07610,1,1,0.99959046,True,1.0,paraphrased,Nội dung nhạy cảm,1.0,0.998016113,0.001983886999999962,0.09999999999999998
ViSmish_07611,1,1,0.9996001,True,1.0,paraphrased,Tuyển dụng giả,1.0,0.998039037,0.0019609630000000378,0.09999999999999998
ViSmish_07612,0,0,0.99942833,True,1.0,external_real,P2P hội thoại thông thường,1.0,0.0023358132999999996,0.9976641867,0.09999999999999998
ViSmish_07615,0,0,0.99948335,True,1.0,real,Khác,1.0,0.0022229119999999996,0.997777088,0.09999999999999998
ViSmish_07616,1,1,0.99959904,True,1.0,paraphrased,Dịch vụ công giả,1.0,0.998036534,0.0019634659999999693,0.09999999999999998
ViSmish_07618,0,0,0.99945897,True,1.0,real,Viễn thông,1.0,0.0022737591999999994,0.9977262408,0.09999999999999998
ViSmish_07619,0,0,0.9988864,True,1.0,external_curated,P2P hard negative,1.0,0.0032310229999999995,0.996768977,0.09999999999999998
ViSmish_07621,0,0,0.99947757,True,1.0,synthetic,Tin nhắn cá nhân và OTP,1.0,0.0022352732999999995,0.9977647267,0.09999999999999998
ViSmish_07623,1,1,0.999585,True,1.0,paraphrased,Nội dung nhạy cảm,1.0,0.99800314,0.001996859999999989,0.09999999999999998
ViSmish_07624,1,1,0.9995073,True,1.0,real,Giả mạo ngân hàng,1.0,0.99782808,0.002171919999999994,0.09999999999999998
ViSmish_07625,0,0,0.99843436,True,1.0,real,Khác,1.0,0.003809040999999999,0.996190959,0.09999999999999998
ViSmish_07626,1,1,0.999607,True,1.0,paraphrased,Nội dung nhạy cảm,1.0,0.99805586,0.001944139999999983,0.09999999999999998
ViSmish_07627,1,1,0.9995952,True,1.0,paraphrased,BHXH / Trợ cấp giả,1.0,0.998027337,0.0019726629999999856,0.09999999999999998
ViSmish_07628,0,0,0.9995011,True,1.0,synthetic,Thương mại điện tử,1.0,0.0021851783999999996,0.9978148216,0.09999999999999998
ViSmish_07630,0,0,0.99941075,True,1.0,real,Viễn thông,1.0,0.0023707394999999995,0.9976292605,0.09999999999999998
ViSmish_07631,0,0,0.999424,True,1.0,real,Tin nhắn cá nhân và OTP,1.0,0.0023445805999999995,0.9976554194,0.09999999999999998
ViSmish_07634,1,1,0.9996082,True,1.0,paraphrased,Tuyển dụng giả,1.0,0.9980586,0.001941399999999982,0.09999999999999998
ViSmish_07635,1,1,0.99959224,True,1.0,paraphrased,Nội dung nhạy cảm,1.0,0.99802012,0.001979880000000045,0.09999999999999998
ViSmish_07637,1,1,0.9995958,True,1.0,paraphrased,Giả mạo ngân hàng,1.0,0.998028666,0.0019713340000000468,0.09999999999999998
ViSmish_07641,1,1,0.99896586,True,1.0,paraphrased,Dịch vụ công giả,1.0,0.99688288,0.0031171199999999732,0.09999999999999998
ViSmish_07642,1,1,0.9996195,True,1.0,paraphrased,Nội dung nhạy cảm,1.0,0.9980864,0.0019135999999999598,0.09999999999999998
ViSmish_07645,0,0,0.99946016,True,1.0,synthetic,Ngân hàng thật,1.0,0.0022713025999999996,0.9977286974,0.09999999999999998
ViSmish_07647,1,1,0.99953747,True,1.0,paraphrased,Giả mạo ngân hàng,1.0,0.997894144,0.002105856000000017,0.09999999999999998
ViSmish_07648,0,0,0.9994223,True,1.0,real,Viễn thông,1.0,0.0023478723999999992,0.9976521276,0.09999999999999998
ViSmish_07650,0,0,0.9428875,True,1.0,real,Khác,1.0,0.019750494999999996,0.980249505,0.09999999999999998
ViSmish_07651,1,1,0.9996207,True,1.0,paraphrased,Đòi nợ / Đe dọa,1.0,0.998089266,0.0019107339999999695,0.09999999999999998
ViSmish_07653,0,0,0.9994629,True,1.0,synthetic,Tin nhắn cá nhân và OTP,1.0,0.0022656609999999995,0.997734339,0.09999999999999998
ViSmish_07654,0,0,0.99949193,True,1.0,synthetic,Viễn thông,1.0,0.0022048819999999996,0.997795118,0.09999999999999998
ViSmish_07656,1,1,0.99961394,True,1.0,paraphrased,Cờ bạc / Betting,1.0,0.998072505,0.0019274950000000013,0.09999999999999998
ViSmish_07657,0,0,0.99939823,True,1.0,synthetic,Tin nhắn cá nhân và OTP,1.0,0.0023950525999999993,0.9976049474,0.09999999999999998
ViSmish_07658,0,0,0.99941146,True,1.0,external_real,P2P hội thoại thông thường,1.0,0.0023692903999999997,0.9976307096,0.09999999999999998
ViSmish_07659,1,1,0.9995547,True,1.0,paraphrased,Crypto / Đầu tư giả,1.0,0.997933084,0.0020669159999999742,0.09999999999999998
ViSmish_07660,1,1,0.9995161,True,1.0,synthetic_hard_negative,Đòi nợ / Đe dọa,1.0,0.997847044,0.0021529559999999837,0.09999999999999998
ViSmish_07662,1,1,0.9996138,True,1.0,paraphrased,Cờ bạc / Betting,1.0,0.998072374,0.00192762599999996,0.09999999999999998
ViSmish_07663,1,1,0.9995491,True,1.0,paraphrased,Crypto / Đầu tư giả,1.0,0.997920406,0.002079594000000018,0.09999999999999998
ViSmish_07665,0,0,0.99946994,True,1.0,synthetic,Thương mại điện tử,1.0,0.0022511511999999995,0.9977488488,0.09999999999999998
ViSmish_07666,0,0,0.999496,True,1.0,synthetic,Vận chuyển,1.0,0.0021963132999999993,0.9978036867,0.09999999999999998
ViSmish_07667,1,1,0.9996301,True,1.0,paraphrased,BHXH / Trợ cấp giả,1.0,0.99811276,0.0018872399999999567,0.09999999999999998
ViSmish_07668,1,1,0.9992791,True,1.0,synthetic_hard_negative,Khác,1.0,0.99738437,0.00261562999999998,0.09999999999999998
ViSmish_07669,0,0,0.9992741,True,1.0,external_curated,P2P hard negative,1.0,0.0026246204999999996,0.9973753795,0.09999999999999998
ViSmish_07672,0,0,0.99917656,True,1.0,real,Khác,1.0,0.0027905359999999993,0.997209464,0.09999999999999998
ViSmish_07673,1,1,0.99962914,True,1.0,paraphrased,Tuyển dụng giả,1.0,0.998110265,0.0018897350000000035,0.09999999999999998
ViSmish_07674,0,0,0.9994716,True,1.0,real,Viễn thông,1.0,0.0022475429,0.9977524571,0.09999999999999998
ViSmish_07675,0,0,0.99938,True,1.0,external_curated,P2P hard negative,1.0,0.0024302826999999996,0.9975697173,0.09999999999999998
ViSmish_07676,1,1,0.9996026,True,1.0,paraphrased,Nội dung nhạy cảm,1.0,0.99804521,0.001954789999999984,0.09999999999999998
ViSmish_07678,1,1,0.99959093,True,1.0,paraphrased,Cờ bạc / Betting,1.0,0.99801712,0.00198288000000002,0.09999999999999998
ViSmish_07680,0,0,0.9993856,True,1.0,synthetic,Ngân hàng thật,1.0,0.0024194018999999997,0.9975805981,0.09999999999999998
ViSmish_07681,1,1,0.9995639,True,1.0,paraphrased,Crypto / Đầu tư giả,1.0,0.997953886,0.0020461139999999878,0.09999999999999998
ViSmish_07682,0,0,0.99942505,True,1.0,external_real,P2P hội thoại thông thường,1.0,0.0023424431999999992,0.9976575568,0.09999999999999998
ViSmish_07685,0,0,0.99939907,True,1.0,external_curated,P2P hard negative,1.0,0.0023933711999999992,0.9976066288,0.09999999999999998
ViSmish_07686,1,1,0.9996132,True,1.0,paraphrased,BHXH / Trợ cấp giả,1.0,0.998070693,0.0019293070000000467,0.09999999999999998
ViSmish_07687,0,0,0.99945694,True,1.0,synthetic,Thương mại điện tử,1.0,0.0022779143999999995,0.9977220856,0.09999999999999998
ViSmish_07689,0,0,0.9994191,True,1.0,synthetic,Ngân hàng thật,1.0,0.0023542807999999992,0.9976457192,0.09999999999999998
ViSmish_07691,1,1,0.9995146,True,1.0,synthetic_hard_negative,Khác,1.0,0.99784387,0.002156130000000034,0.09999999999999998
ViSmish_07696,0,0,0.9994742,True,1.0,synthetic,Dịch vụ y tế,1.0,0.0022421349999999993,0.997757865,0.09999999999999998
ViSmish_07698,0,0,0.99947923,True,1.0,synthetic,Vận chuyển,1.0,0.0022318325999999993,0.9977681674,0.09999999999999998
ViSmish_07699,0,0,0.9992975,True,1.0,real,Khác,1.0,0.0025829135999999994,0.9974170864,0.09999999999999998
ViSmish_07701,0,0,0.99912435,True,1.0,external_curated,P2P hard negative,1.0,0.0028753045999999993,0.9971246954,0.09999999999999998
ViSmish_07702,1,1,0.9996209,True,1.0,paraphrased,Dịch vụ công giả,1.0,0.998089945,0.001910054999999966,0.09999999999999998
ViSmish_07704,0,0,0.9994783,True,1.0,real,Viễn thông,1.0,0.0022337451999999997,0.9977662548,0.09999999999999998
ViSmish_07705,1,1,0.9996008,True,1.0,paraphrased,Cờ bạc / Betting,1.0,0.998040694,0.0019593060000000495,0.09999999999999998
ViSmish_07708,1,1,0.99956876,True,1.0,synthetic_hard_negative,Giả mạo ngân hàng,1.0,0.997965187,0.0020348129999999687,0.09999999999999998
ViSmish_07709,1,1,0.99962986,True,1.0,paraphrased,Cờ bạc / Betting,1.0,0.998111963,0.0018880369999999536,0.09999999999999998
ViSmish_07710,0,0,0.9991352,True,1.0,synthetic,Ngân hàng thật,1.0,0.0028580720999999993,0.9971419279,0.09999999999999998
ViSmish_07711,1,1,0.9995977,True,1.0,paraphrased,Cờ bạc / Betting,1.0,0.99803329,0.001966710000000038,0.09999999999999998
ViSmish_07712,1,1,0.9996137,True,1.0,paraphrased,BHXH / Trợ cấp giả,1.0,0.998072,0.0019280000000000408,0.09999999999999998
ViSmish_07713,1,1,0.99952435,True,1.0,paraphrased,Crypto / Đầu tư giả,1.0,0.997864985,0.002135015000000018,0.09999999999999998
ViSmish_07714,1,1,0.99962175,True,1.0,paraphrased,Crypto / Đầu tư giả,1.0,0.99809187,0.0019081300000000079,0.09999999999999998
ViSmish_07715,0,0,0.99947554,True,1.0,external_curated,P2P hard negative,1.0,0.0022395103999999994,0.9977604896,0.09999999999999998
ViSmish_07716,1,1,0.9996112,True,1.0,paraphrased,Giả mạo ngân hàng,1.0,0.99806589,0.001934109999999989,0.09999999999999998
ViSmish_07719,0,0,0.9994093,True,1.0,external_real,P2P hội thoại thông thường,1.0,0.0023735012999999993,0.9976264987,0.09999999999999998
ViSmish_07720,0,0,0.99947006,True,1.0,synthetic,Tin nhắn cá nhân và OTP,1.0,0.0022508842999999995,0.9977491157,0.09999999999999998
ViSmish_07721,0,0,0.9994437,True,1.0,synthetic,Thương mại điện tử,1.0,0.0023048413999999995,0.9976951586,0.09999999999999998
ViSmish_07722,0,0,0.999476,True,1.0,external_curated,P2P hard negative,1.0,0.0022385812999999996,0.9977614187,0.09999999999999998
ViSmish_07723,1,1,0.99959594,True,1.0,paraphrased,Tuyển dụng giả,1.0,0.998029137,0.001970863000000045,0.09999999999999998
ViSmish_07724,1,1,0.99957985,True,1.0,paraphrased,Đòi nợ / Đe dọa,1.0,0.99799099,0.0020090099999999778,0.09999999999999998
ViSmish_07726,0,0,0.9994512,True,1.0,synthetic,Viễn thông,1.0,0.0022896149999999996,0.997710385,0.09999999999999998
ViSmish_07728,1,1,0.99951744,True,1.0,synthetic_hard_negative,Tuyển dụng giả,1.0,0.997849965,0.0021500349999999946,0.09999999999999998
ViSmish_07730,1,1,0.99958533,True,1.0,paraphrased,Nội dung nhạy cảm,1.0,0.998003733,0.001996266999999996,0.09999999999999998
ViSmish_07731,0,0,0.99947435,True,1.0,synthetic,Tin nhắn cá nhân và OTP,1.0,0.0022420268999999993,0.9977579731,0.09999999999999998
ViSmish_07733,0,0,0.9992687,True,1.0,synthetic,Quảng cáo hợp lệ,1.0,0.0026339241999999994,0.9973660758,0.09999999999999998
ViSmish_07734,1,1,0.99957746,True,1.0,paraphrased,Cờ bạc / Betting,1.0,0.99798529,0.002014709999999975,0.09999999999999998
ViSmish_07735,0,0,0.9994172,True,1.0,synthetic,Thương mại điện tử,1.0,0.0023579546999999996,0.9976420453,0.09999999999999998
ViSmish_07736,0,0,0.9993895,True,1.0,real,Viễn thông,1.0,0.0024119425999999996,0.9975880574,0.09999999999999998
ViSmish_07737,0,0,0.9994373,True,1.0,synthetic,Dịch vụ công thật,1.0,0.002317766799999999,0.9976822332,0.09999999999999998
ViSmish_07739,0,0,0.9993224,True,1.0,real,Quảng cáo hợp lệ,1.0,0.0025379105999999993,0.9974620894,0.09999999999999998
ViSmish_07740,1,1,0.9996278,True,1.0,paraphrased,Tuyển dụng giả,1.0,0.998107076,0.0018929239999999625,0.09999999999999998
ViSmish_07741,0,0,0.9993205,True,1.0,synthetic,Dịch vụ công thật,1.0,0.0025412823999999994,0.9974587176,0.09999999999999998
ViSmish_07743,0,0,0.99945456,True,1.0,real,Khác,1.0,0.0022827937999999994,0.9977172062,0.09999999999999998
ViSmish_07745,1,1,0.9996045,True,1.0,paraphrased,Đòi nợ / Đe dọa,1.0,0.99804961,0.0019503899999999685,0.09999999999999998
ViSmish_07750,1,1,0.9995023,True,1.0,synthetic_hard_negative,Khác,1.0,0.99781716,0.002182840000000019,0.09999999999999998
ViSmish_07751,0,0,0.9994609,True,1.0,real,Khác,1.0,0.0022699104999999997,0.9977300895,0.09999999999999998
ViSmish_07754,1,1,0.99962497,True,1.0,paraphrased,BHXH / Trợ cấp giả,1.0,0.998099923,0.0019000769999999445,0.09999999999999998
ViSmish_07755,0,0,0.9994838,True,1.0,synthetic,Vận chuyển,1.0,0.0022218942999999995,0.9977781057,0.09999999999999998
ViSmish_07756,0,0,0.9994942,True,1.0,synthetic,Thương mại điện tử,1.0,0.0022001297999999993,0.9977998702,0.09999999999999998
ViSmish_07757,1,1,0.9996151,True,1.0,paraphrased,Đòi nợ / Đe dọa,1.0,0.99807556,0.0019244400000000272,0.09999999999999998
ViSmish_07758,0,0,0.99940336,True,1.0,external_curated,P2P hard negative,1.0,0.0023851267999999994,0.9976148732,0.09999999999999998
ViSmish_07759,0,0,0.99947065,True,1.0,synthetic,Quảng cáo hợp lệ,1.0,0.0022497089999999995,0.997750291,0.09999999999999998
ViSmish_07761,0,0,0.9994836,True,1.0,real,Tin nhắn cá nhân và OTP,1.0,0.002222360099999999,0.9977776399,0.09999999999999998
ViSmish_07762,0,0,0.9994628,True,1.0,real,Viễn thông,1.0,0.0022659847999999994,0.9977340152,0.09999999999999998
ViSmish_07763,1,1,0.99957055,True,1.0,paraphrased,Cờ bạc / Betting,1.0,0.99796932,0.0020306799999999514,0.09999999999999998
ViSmish_07764,1,1,0.99928755,True,1.0,synthetic_hard_negative,Khác,1.0,0.9973993,0.0026007000000000113,0.09999999999999998
ViSmish_07765,0,0,0.9994611,True,1.0,synthetic,Ngân hàng thật,1.0,0.0022694175999999995,0.9977305824,0.09999999999999998
ViSmish_07766,1,1,0.99961203,True,1.0,paraphrased,Giả mạo ngân hàng,1.0,0.998067975,0.0019320250000000039,0.09999999999999998
ViSmish_07767,0,0,0.999456,True,1.0,real,Khác,1.0,0.0022798170999999996,0.9977201829,0.09999999999999998
ViSmish_07768,0,0,0.999481,True,1.0,synthetic,Dịch vụ y tế,1.0,0.0022278937999999997,0.9977721062,0.09999999999999998
ViSmish_07769,1,1,0.9996253,True,1.0,paraphrased,BHXH / Trợ cấp giả,1.0,0.9981007749999999,0.00189922500000006,0.09999999999999998
ViSmish_07771,1,1,0.9995478,True,1.0,synthetic_hard_negative,Tuyển dụng giả,1.0,0.997917396,0.0020826040000000434,0.09999999999999998
ViSmish_07773,1,1,0.9995989,True,1.0,synthetic_hard_negative,Khác,1.0,0.99803626,0.0019637399999999916,0.09999999999999998
ViSmish_07775,0,0,0.9994822,True,1.0,synthetic,Thương mại điện tử,1.0,0.0022255422999999993,0.9977744577,0.09999999999999998
ViSmish_07776,1,1,0.99960834,True,1.0,paraphrased,BHXH / Trợ cấp giả,1.0,0.99805886,0.0019411400000000079,0.09999999999999998
ViSmish_07777,1,1,0.9995223,True,1.0,paraphrased,Giả mạo ngân hàng,1.0,0.997860694,0.0021393060000000075,0.09999999999999998
ViSmish_07778,0,0,0.99937314,True,1.0,real,Viễn thông,1.0,0.0024434715999999993,0.9975565284,0.09999999999999998
ViSmish_07780,0,0,0.9994716,True,1.0,synthetic,Tin nhắn cá nhân và OTP,1.0,0.002247565199999999,0.9977524348,0.09999999999999998
ViSmish_07783,0,0,0.9993932,True,1.0,external_real,P2P hội thoại thông thường,1.0,0.0024046476999999996,0.9975953523,0.09999999999999998
ViSmish_07784,0,0,0.9994599,True,1.0,synthetic,Vận chuyển,1.0,0.0022717721999999992,0.9977282278,0.09999999999999998
ViSmish_07785,1,1,0.99959797,True,1.0,paraphrased,Nội dung nhạy cảm,1.0,0.998033935,0.0019660649999999613,0.09999999999999998
ViSmish_07786,1,1,0.9995509,True,1.0,paraphrased,Cờ bạc / Betting,1.0,0.99792443,0.0020755700000000266,0.09999999999999998
ViSmish_07788,1,1,0.9996184,True,1.0,paraphrased,Đòi nợ / Đe dọa,1.0,0.99808364,0.0019163599999999503,0.09999999999999998
ViSmish_07789,0,0,0.9993381,True,1.0,synthetic,Dịch vụ công thật,1.0,0.0025090334999999992,0.9974909665,0.09999999999999998
ViSmish_07791,0,0,0.99946743,True,1.0,real,Khác,1.0,0.0022562087,0.9977437913,0.09999999999999998
ViSmish_07792,1,1,0.9995561,True,1.0,paraphrased,Dịch vụ công giả,1.0,0.99793611,0.002063889999999957,0.09999999999999998
ViSmish_07794,0,0,0.9994042,True,1.0,synthetic,Tin nhắn cá nhân và OTP,1.0,0.002383343099999999,0.9976166569,0.09999999999999998
ViSmish_07795,0,0,0.9994593,True,1.0,real,Khác,1.0,0.0022729731999999994,0.9977270268,0.09999999999999998
ViSmish_07796,0,0,0.9994814,True,1.0,synthetic,Thương mại điện tử,1.0,0.0022273305999999994,0.9977726694,0.09999999999999998
ViSmish_07797,0,0,0.9994967,True,1.0,synthetic,Ngân hàng thật,1.0,0.0021946584999999997,0.9978053415,0.09999999999999998
ViSmish_07800,0,0,0.99941444,True,1.0,real,Ngân hàng thật,1.0,0.0023632818999999995,0.9976367181,0.09999999999999998
ViSmish_07802,0,0,0.9993469,True,1.0,external_curated,P2P hard negative,1.0,0.0024925501999999993,0.9975074498,0.09999999999999998
ViSmish_07803,1,1,0.9995333,True,1.0,synthetic_hard_negative,Khác,1.0,0.99788477,0.0021152300000000235,0.09999999999999998
ViSmish_07804,1,1,0.9995864,True,1.0,real,BHXH / Trợ cấp giả,1.0,0.99800639,0.001993609999999979,0.09999999999999998
ViSmish_07805,1,1,0.998408,True,1.0,real,Khác,1.0,0.9961602,0.003839799999999949,0.09999999999999998
ViSmish_07806,0,0,0.9994636,True,1.0,synthetic,Thương mại điện tử,1.0,0.0022640794999999993,0.9977359205,0.09999999999999998
ViSmish_07807,1,1,0.9996346,True,1.0,paraphrased,BHXH / Trợ cấp giả,1.0,0.99812398,0.0018760199999999783,0.09999999999999998
ViSmish_07808,0,0,0.99942905,True,1.0,external_curated,P2P hard negative,1.0,0.0023343918999999998,0.9976656081,0.09999999999999998
ViSmish_07809,0,0,0.99948066,True,1.0,synthetic,Thương mại điện tử,1.0,0.0022286373999999996,0.9977713626,0.09999999999999998
ViSmish_07810,1,1,0.99956983,True,1.0,paraphrased,Nội dung nhạy cảm,1.0,0.997967654,0.002032346000000018,0.09999999999999998
ViSmish_07811,1,1,0.9996006,True,1.0,paraphrased,Nội dung nhạy cảm,1.0,0.99804017,0.0019598299999999957,0.09999999999999998
ViSmish_07812,1,1,0.9995782,True,1.0,paraphrased,Đòi nợ / Đe dọa,1.0,0.99798711,0.002012890000000045,0.09999999999999998
ViSmish_07814,0,0,0.9994425,True,1.0,synthetic,Tin nhắn cá nhân và OTP,1.0,0.002307241,0.997692759,0.09999999999999998
ViSmish_07815,0,0,0.99945754,True,1.0,external_curated,P2P hard negative,1.0,0.0022766569999999996,0.997723343,0.09999999999999998
ViSmish_07817,1,1,0.999616,True,1.0,paraphrased,Cờ bạc / Betting,1.0,0.998077786,0.0019222140000000332,0.09999999999999998
ViSmish_07818,0,0,0.9994079,True,1.0,external_real,P2P hội thoại thông thường,1.0,0.0023762775999999993,0.9976237224,0.09999999999999998
ViSmish_07819,0,0,0.9994784,True,1.0,synthetic,Vận chuyển,1.0,0.0022333716999999994,0.9977666283,0.09999999999999998
ViSmish_07820,1,1,0.99954647,True,1.0,paraphrased,Crypto / Đầu tư giả,1.0,0.997914267,0.002085733000000034,0.09999999999999998
ViSmish_07824,1,1,0.9994585,True,1.0,real,Cờ bạc / Betting,1.0,0.997725236,0.00227476400000004,0.09999999999999998
ViSmish_07825,0,0,0.9994111,True,1.0,external_real,P2P hội thoại thông thường,1.0,0.0023699791999999996,0.9976300208,0.09999999999999998
ViSmish_07827,0,0,0.99947196,True,1.0,synthetic,Thương mại điện tử,1.0,0.0022468788999999993,0.9977531211,0.09999999999999998
ViSmish_07828,1,1,0.999624,True,1.0,paraphrased,BHXH / Trợ cấp giả,1.0,0.998097575,0.0019024250000000409,0.09999999999999998
ViSmish_07829,0,0,0.99944764,True,1.0,external_real,P2P hội thoại thông thường,1.0,0.0022968739999999995,0.997703126,0.09999999999999998
ViSmish_07831,1,1,0.99941075,True,1.0,real,Tuyển dụng giả,1.0,0.997629285,0.0023707149999999677,0.09999999999999998
ViSmish_07833,0,0,0.99948716,True,1.0,synthetic,Ngân hàng thật,1.0,0.0022150212999999994,0.9977849787,0.09999999999999998
ViSmish_07834,1,1,0.99958295,True,1.0,paraphrased,Crypto / Đầu tư giả,1.0,0.997998285,0.002001715000000015,0.09999999999999998
ViSmish_07836,1,1,0.9996145,True,1.0,paraphrased,Tuyển dụng giả,1.0,0.998074037,0.0019259630000000305,0.09999999999999998
ViSmish_07837,0,0,0.9993717,True,1.0,real,Viễn thông,1.0,0.0024461119999999994,0.997553888,0.09999999999999998
ViSmish_07839,0,0,0.99945575,True,1.0,real,Khác,1.0,0.0022803855999999996,0.9977196144,0.09999999999999998
ViSmish_07840,1,1,0.99957114,True,1.0,paraphrased,Đòi nợ / Đe dọa,1.0,0.997970587,0.0020294130000000354,0.09999999999999998
ViSmish_07841,1,1,0.9996196,True,1.0,paraphrased,Dịch vụ công giả,1.0,0.99808671,0.0019132899999999564,0.09999999999999998
ViSmish_07842,0,0,0.99928313,True,1.0,external_real,P2P hội thoại thông thường,1.0,0.0026085495999999993,0.9973914504,0.09999999999999998
ViSmish_07843,0,0,0.999481,True,1.0,synthetic,Viễn thông,1.0,0.0022279671999999996,0.9977720328,0.09999999999999998
ViSmish_07844,0,0,0.9993316,True,1.0,real,Viễn thông,1.0,0.0025210862999999993,0.9974789137,0.09999999999999998
ViSmish_07845,0,0,0.9993667,True,1.0,real,Viễn thông,1.0,0.0024555906999999995,0.9975444093,0.09999999999999998
ViSmish_07846,1,1,0.99961793,True,1.0,paraphrased,Đòi nợ / Đe dọa,1.0,0.998082614,0.001917386000000021,0.09999999999999998
ViSmish_07849,1,1,0.9996208,True,1.0,paraphrased,Nội dung nhạy cảm,1.0,0.9980895,0.0019105000000000372,0.09999999999999998
ViSmish_07850,1,1,0.9994618,True,1.0,paraphrased,Cờ bạc / Betting,1.0,0.997732157,0.002267843000000047,0.09999999999999998
ViSmish_07851,0,0,0.99941456,True,1.0,real,Viễn thông,1.0,0.0023631337999999997,0.9976368662,0.09999999999999998
ViSmish_07855,1,1,0.99960905,True,1.0,paraphrased,Đòi nợ / Đe dọa,1.0,0.99806074,0.0019392599999999982,0.09999999999999998
ViSmish_07856,1,1,0.9996201,True,1.0,paraphrased,BHXH / Trợ cấp giả,1.0,0.9980877340000001,0.0019122659999999403,0.09999999999999998
ViSmish_07857,1,1,0.9996087,True,1.0,paraphrased,BHXH / Trợ cấp giả,1.0,0.99805978,0.001940220000000048,0.09999999999999998
ViSmish_07858,0,0,0.9993493,True,1.0,real,Viễn thông,1.0,0.0024881799999999996,0.99751182,0.09999999999999998
ViSmish_07859,1,1,0.99960834,True,1.0,paraphrased,Giả mạo ngân hàng,1.0,0.998058885,0.0019411150000000488,0.09999999999999998
ViSmish_07860,0,0,0.99946576,True,1.0,synthetic,Ngân hàng thật,1.0,0.0022598595999999993,0.9977401404,0.09999999999999998
ViSmish_07861,1,1,0.9996259,True,1.0,paraphrased,BHXH / Trợ cấp giả,1.0,0.99810234,0.0018976600000000232,0.09999999999999998
ViSmish_07863,1,1,0.9996141,True,1.0,paraphrased,Tuyển dụng giả,1.0,0.99807318,0.0019268199999999958,0.09999999999999998
ViSmish_07864,0,0,0.99944097,True,1.0,synthetic,Quảng cáo hợp lệ,1.0,0.0023104387999999996,0.9976895612,0.09999999999999998
ViSmish_07867,1,1,0.9996282,True,1.0,paraphrased,Dịch vụ công giả,1.0,0.99810791,0.001892090000000013,0.09999999999999998
ViSmish_07868,1,1,0.9992768,True,1.0,synthetic_hard_negative,Khác,1.0,0.99738037,0.002619629999999984,0.09999999999999998
ViSmish_07869,0,0,0.999418,True,1.0,external_curated,P2P hard negative,1.0,0.0023563021999999994,0.9976436978,0.09999999999999998
ViSmish_07870,1,1,0.9995783,True,1.0,paraphrased,Crypto / Đầu tư giả,1.0,0.997987455,0.0020125450000000322,0.09999999999999998
ViSmish_07872,1,1,0.9996207,True,1.0,paraphrased,Tuyển dụng giả,1.0,0.99808919,0.0019108100000000405,0.09999999999999998
ViSmish_07875,0,0,0.99928963,True,1.0,real,Viễn thông,1.0,0.0025969679999999994,0.997403032,0.09999999999999998
ViSmish_07876,1,1,0.9995927,True,1.0,paraphrased,Giả mạo ngân hàng,1.0,0.9980215100000001,0.001978489999999944,0.09999999999999998
ViSmish_07877,1,1,0.99954164,True,1.0,paraphrased,Cờ bạc / Betting,1.0,0.99790335,0.002096650000000033,0.09999999999999998
ViSmish_07879,1,1,0.9996107,True,1.0,paraphrased,Tuyển dụng giả,1.0,0.9980648599999999,0.0019351400000000574,0.09999999999999998
ViSmish_07880,0,0,0.9994783,True,1.0,real,Quảng cáo hợp lệ,1.0,0.0022337134999999998,0.9977662865,0.09999999999999998
ViSmish_07884,1,1,0.9978573,True,1.0,real,Dịch vụ công giả,1.0,0.99557133,0.004428670000000023,0.09999999999999998
ViSmish_07885,1,1,0.9996012,True,1.0,paraphrased,Dịch vụ công giả,1.0,0.998041534,0.0019584660000000476,0.09999999999999998
ViSmish_07886,1,1,0.9993781,True,1.0,paraphrased,BHXH / Trợ cấp giả,1.0,0.997566175,0.0024338250000000006,0.09999999999999998
ViSmish_07887,1,1,0.9996182,True,1.0,paraphrased,Giả mạo ngân hàng,1.0,0.99808301,0.0019169900000000073,0.09999999999999998
ViSmish_07888,0,0,0.99944216,True,1.0,real,Viễn thông,1.0,0.0023078713999999997,0.9976921286,0.09999999999999998
ViSmish_07890,0,0,0.9994568,True,1.0,synthetic,Dịch vụ y tế,1.0,0.0022781913999999994,0.9977218086,0.09999999999999998
ViSmish_07893,0,0,0.99941134,True,1.0,real,Viễn thông,1.0,0.0023694736999999993,0.9976305263,0.09999999999999998
ViSmish_07894,0,0,0.9994436,True,1.0,synthetic,Dịch vụ y tế,1.0,0.002304987999999999,0.997695012,0.09999999999999998
ViSmish_07895,0,0,0.99910897,True,1.0,synthetic,Quảng cáo hợp lệ,1.0,0.0028997027999999995,0.9971002972,0.09999999999999998
ViSmish_07896,1,1,0.99963355,True,1.0,paraphrased,Cờ bạc / Betting,1.0,0.99812144,0.0018785599999999736,0.09999999999999998
ViSmish_07898,0,0,0.999373,True,1.0,external_curated,P2P hard negative,1.0,0.0024436626999999995,0.9975563373,0.09999999999999998
ViSmish_07900,1,1,0.99948406,True,1.0,paraphrased,Nội dung nhạy cảm,1.0,0.997778565,0.0022214350000000493,0.09999999999999998
ViSmish_07901,0,0,0.999428,True,1.0,external_curated,P2P hard negative,1.0,0.0023365007999999994,0.9976634992,0.09999999999999998
ViSmish_07902,1,1,0.9996214,True,1.0,paraphrased,Cờ bạc / Betting,1.0,0.998091185,0.0019088149999999526,0.09999999999999998
ViSmish_07905,1,1,0.99961853,True,1.0,paraphrased,Dịch vụ công giả,1.0,0.99808405,0.0019159499999999996,0.09999999999999998
ViSmish_07909,0,0,0.9994461,True,1.0,external_curated,P2P hard negative,1.0,0.0023000183999999993,0.9976999816,0.09999999999999998
ViSmish_07911,1,1,0.9995579,True,1.0,paraphrased,Crypto / Đầu tư giả,1.0,0.99794033,0.002059669999999958,0.09999999999999998
ViSmish_07912,0,0,0.9994486,True,1.0,external_curated,P2P hard negative,1.0,0.0022949585999999995,0.9977050414,0.09999999999999998
ViSmish_07913,0,0,0.99927217,True,1.0,external_curated,P2P hard negative,1.0,0.0026279649999999995,0.997372035,0.09999999999999998
ViSmish_07914,1,1,0.99961346,True,1.0,paraphrased,Tuyển dụng giả,1.0,0.998071414,0.00192858600000001,0.09999999999999998
ViSmish_07915,1,1,0.99953604,True,1.0,paraphrased,Giả mạo ngân hàng,1.0,0.99789097,0.0021090299999999562,0.09999999999999998
ViSmish_07916,1,1,0.999607,True,1.0,paraphrased,BHXH / Trợ cấp giả,1.0,0.99805566,0.0019443399999999889,0.09999999999999998
ViSmish_07917,0,0,0.9994671,True,1.0,synthetic,Dịch vụ y tế,1.0,0.0022570488999999992,0.9977429511,0.09999999999999998
ViSmish_07918,0,0,0.9994773,True,1.0,synthetic,Thương mại điện tử,1.0,0.0022356695999999994,0.9977643304,0.09999999999999998
ViSmish_07919,1,1,0.9994049,True,1.0,real,Giả mạo ngân hàng,1.0,0.99761789,0.002382109999999993,0.09999999999999998
ViSmish_07920,0,0,0.99942267,True,1.0,real,Dịch vụ công thật,1.0,0.0023470891999999993,0.9976529108,0.09999999999999998
ViSmish_07922,1,1,0.9995851,True,1.0,paraphrased,Crypto / Đầu tư giả,1.0,0.998003286,0.0019967140000000105,0.09999999999999998
ViSmish_07923,1,1,0.99948525,True,1.0,synthetic_hard_negative,Khác,1.0,0.99778112,0.002218880000000034,0.09999999999999998
ViSmish_07924,0,0,0.99941456,True,1.0,external_real,P2P hội thoại thông thường,1.0,0.0023632127999999994,0.9976367872,0.09999999999999998
ViSmish_07925,0,0,0.99948275,True,1.0,synthetic,Ngân hàng thật,1.0,0.0022241275999999996,0.9977758724,0.09999999999999998
ViSmish_07926,1,1,0.99961096,True,1.0,paraphrased,Cờ bạc / Betting,1.0,0.99806529,0.0019347100000000061,0.09999999999999998
ViSmish_07927,0,0,0.9994305,True,1.0,synthetic,Quảng cáo hợp lệ,1.0,0.0023314719999999994,0.997668528,0.09999999999999998
ViSmish_07928,0,0,0.999215,True,1.0,synthetic,Viễn thông,1.0,0.0027263618999999995,0.9972736381,0.09999999999999998
ViSmish_07929,1,1,0.99954766,True,1.0,paraphrased,Nội dung nhạy cảm,1.0,0.997916955,0.0020830450000000056,0.09999999999999998
ViSmish_07930,0,0,0.9994685,True,1.0,synthetic,Tin nhắn cá nhân và OTP,1.0,0.0022540790999999996,0.9977459209,0.09999999999999998
ViSmish_07932,1,1,0.9994783,True,1.0,synthetic_hard_negative,Khác,1.0,0.997766364,0.002233636000000039,0.09999999999999998
ViSmish_07933,0,0,0.9994429,True,1.0,real,Viễn thông,1.0,0.0023066333999999995,0.9976933666,0.09999999999999998
ViSmish_07934,1,1,0.9996213,True,1.0,paraphrased,Dịch vụ công giả,1.0,0.99809076,0.0019092400000000342,0.09999999999999998
ViSmish_07937,0,0,0.99945825,True,1.0,real,Viễn thông,1.0,0.0022751297999999993,0.9977248702,0.09999999999999998
ViSmish_07940,1,1,0.9995988,True,1.0,paraphrased,Dịch vụ công giả,1.0,0.99803586,0.001964140000000003,0.09999999999999998
ViSmish_07942,1,1,0.99959046,True,1.0,paraphrased,Giả mạo ngân hàng,1.0,0.99801602,0.0019839799999999963,0.09999999999999998
ViSmish_07945,0,0,0.99946946,True,1.0,synthetic,Viễn thông,1.0,0.0022521340999999994,0.9977478659,0.09999999999999998
ViSmish_07946,1,1,0.99960285,True,1.0,paraphrased,Cờ bạc / Betting,1.0,0.9980455500000001,0.001954449999999941,0.09999999999999998
ViSmish_07947,0,0,0.999134,True,1.0,external_curated,P2P hard negative,1.0,0.002859917099999999,0.9971400829,0.09999999999999998
ViSmish_07948,1,1,0.99895763,True,1.0,paraphrased,Cờ bạc / Betting,1.0,0.99687089,0.003129110000000046,0.09999999999999998
ViSmish_07950,0,0,0.99903274,True,1.0,synthetic,Quảng cáo hợp lệ,1.0,0.0030177482999999995,0.9969822517,0.09999999999999998
ViSmish_07951,0,0,0.99942005,True,1.0,synthetic,Tin nhắn cá nhân và OTP,1.0,0.0023523080999999996,0.9976476919,0.09999999999999998
ViSmish_07952,1,1,0.9995449,True,1.0,synthetic_hard_negative,BHXH / Trợ cấp giả,1.0,0.997910964,0.0020890359999999886,0.09999999999999998
ViSmish_07953,0,0,0.9994493,True,1.0,external_curated,P2P hard negative,1.0,0.002293498999999999,0.997706501,0.09999999999999998
ViSmish_07954,1,1,0.99962044,True,1.0,paraphrased,Cờ bạc / Betting,1.0,0.99808867,0.0019113299999999889,0.09999999999999998
ViSmish_07955,0,0,0.9994808,True,1.0,synthetic,Thương mại điện tử,1.0,0.0022285956999999993,0.9977714043,0.09999999999999998
ViSmish_07956,0,0,0.99925226,True,1.0,synthetic,Ngân hàng thật,1.0,0.0026626955999999994,0.9973373044,0.09999999999999998
ViSmish_07957,0,0,0.99945325,True,1.0,synthetic,Dịch vụ y tế,1.0,0.0022855359999999995,0.997714464,0.09999999999999998
ViSmish_07958,0,0,0.99947137,True,1.0,real,Khác,1.0,0.0022481077999999995,0.9977518922,0.09999999999999998
ViSmish_07959,1,1,0.99960905,True,1.0,real,Tuyển dụng giả,1.0,0.99806081,0.0019391899999999795,0.09999999999999998
ViSmish_07960,1,1,0.99814475,True,1.0,real,Đòi nợ / Đe dọa,1.0,0.99586691,0.00413308999999995,0.09999999999999998
ViSmish_07961,0,0,0.999276,True,1.0,synthetic,Dịch vụ công thật,1.0,0.0026212203999999993,0.9973787796,0.09999999999999998
ViSmish_07962,0,0,0.99949443,True,1.0,synthetic,Thương mại điện tử,1.0,0.0021995972999999994,0.9978004027,0.09999999999999998
ViSmish_07963,1,1,0.99962175,True,1.0,paraphrased,Giả mạo ngân hàng,1.0,0.998091966,0.0019080339999999474,0.09999999999999998
ViSmish_07964,1,1,0.9994986,True,1.0,synthetic_hard_negative,Dịch vụ công giả,1.0,0.99780938,0.002190620000000032,0.09999999999999998
ViSmish_07967,1,1,0.9996226,True,1.0,paraphrased,Cờ bạc / Betting,1.0,0.99809403,0.0019059700000000346,0.09999999999999998
ViSmish_07968,1,1,0.99961627,True,1.0,paraphrased,Dịch vụ công giả,1.0,0.9980784540000001,0.0019215459999999407,0.09999999999999998
ViSmish_07971,0,0,0.99945813,True,1.0,synthetic,Tin nhắn cá nhân và OTP,1.0,0.0022755426999999996,0.9977244573,0.09999999999999998
ViSmish_07974,0,0,0.99939275,True,1.0,external_real,P2P hội thoại thông thường,1.0,0.0024055729999999994,0.997594427,0.09999999999999998
ViSmish_07975,0,0,0.999481,True,1.0,synthetic,Dịch vụ y tế,1.0,0.0022280139999999995,0.997771986,0.09999999999999998
ViSmish_07976,1,1,0.99962604,True,1.0,paraphrased,Tuyển dụng giả,1.0,0.998102504,0.0018974959999999985,0.09999999999999998
ViSmish_07977,1,1,0.99962485,True,1.0,paraphrased,Giả mạo ngân hàng,1.0,0.99809957,0.001900429999999953,0.09999999999999998
ViSmish_07978,0,0,0.999468,True,1.0,synthetic,Ngân hàng thật,1.0,0.0022551064999999995,0.9977448935,0.09999999999999998
ViSmish_07979,0,0,0.9994867,True,1.0,synthetic,Ngân hàng thật,1.0,0.0022160043999999994,0.9977839956,0.09999999999999998
ViSmish_07980,1,1,0.99954885,True,1.0,synthetic_hard_negative,Tuyển dụng giả,1.0,0.99791967,0.0020803299999999636,0.09999999999999998
ViSmish_07984,1,1,0.999608,True,1.0,paraphrased,Nội dung nhạy cảm,1.0,0.99805799,0.0019420100000000495,0.09999999999999998
ViSmish_07985,1,1,0.9996159,True,1.0,paraphrased,Đòi nợ / Đe dọa,1.0,0.998077595,0.0019224049999999604,0.09999999999999998
ViSmish_07987,1,1,0.9996259,True,1.0,paraphrased,BHXH / Trợ cấp giả,1.0,0.998102176,0.001897824000000048,0.09999999999999998
ViSmish_07989,1,1,0.99951994,True,1.0,paraphrased,Đòi nợ / Đe dọa,1.0,0.99785532,0.00214468000000001,0.09999999999999998
ViSmish_07990,1,1,0.9995957,True,1.0,paraphrased,Cờ bạc / Betting,1.0,0.998028564,0.0019714360000000486,0.09999999999999998
ViSmish_07991,1,1,0.9996068,True,1.0,paraphrased,Dịch vụ công giả,1.0,0.998055285,0.0019447150000000413,0.09999999999999998
ViSmish_07992,1,1,0.9996209,True,1.0,paraphrased,Dịch vụ công giả,1.0,0.99808992,0.0019100800000000362,0.09999999999999998
ViSmish_07993,1,1,0.9996074,True,1.0,paraphrased,Nội dung nhạy cảm,1.0,0.99805669,0.0019433100000000314,0.09999999999999998
ViSmish_07995,1,1,0.99960583,True,1.0,paraphrased,Crypto / Đầu tư giả,1.0,0.99805275,0.001947249999999956,0.09999999999999998
ViSmish_07998,1,1,0.99961036,True,1.0,paraphrased,Giả mạo ngân hàng,1.0,0.998063976,0.0019360240000000362,0.09999999999999998
ViSmish_07999,1,1,0.9995906,True,1.0,paraphrased,BHXH / Trợ cấp giả,1.0,0.99801635,0.0019836500000000035,0.09999999999999998
ViSmish_08002,1,1,0.99959046,True,1.0,paraphrased,Nội dung nhạy cảm,1.0,0.99801608,0.001983920000000028,0.09999999999999998
ViSmish_08004,0,0,0.999471,True,1.0,synthetic,Tin nhắn cá nhân và OTP,1.0,0.002248791199999999,0.9977512088,0.09999999999999998
ViSmish_08005,0,0,0.99944144,True,1.0,external_curated,P2P hard negative,1.0,0.0023095188999999994,0.9976904811,0.09999999999999998
ViSmish_08006,1,1,0.99961495,True,1.0,paraphrased,Tuyển dụng giả,1.0,0.99807525,0.0019247500000000306,0.09999999999999998
ViSmish_08008,0,0,0.99940336,True,1.0,real,Khác,1.0,0.0023851897999999996,0.9976148102,0.09999999999999998
ViSmish_08009,1,1,0.99959856,True,1.0,paraphrased,Tuyển dụng giả,1.0,0.9980353,0.0019647000000000414,0.09999999999999998
ViSmish_08010,0,0,0.9994374,True,1.0,real,Khác,1.0,0.0023175680999999995,0.9976824319,0.09999999999999998
ViSmish_08012,1,1,0.9996151,True,1.0,paraphrased,Cờ bạc / Betting,1.0,0.99807545,0.0019245500000000249,0.09999999999999998
ViSmish_08015,1,1,0.99961406,True,1.0,paraphrased,Crypto / Đầu tư giả,1.0,0.998072845,0.0019271549999999582,0.09999999999999998
ViSmish_08018,0,0,0.9991824,True,1.0,external_real,P2P hội thoại thông thường,1.0,0.0027809297999999995,0.9972190702,0.09999999999999998
ViSmish_08019,1,1,0.9995956,True,1.0,paraphrased,Cờ bạc / Betting,1.0,0.99802824,0.001971759999999989,0.09999999999999998
ViSmish_08021,0,0,0.99943084,True,1.0,external_real,P2P hội thoại thông thường,1.0,0.0023306376999999994,0.9976693623,0.09999999999999998
ViSmish_08022,0,0,0.9994591,True,1.0,external_curated,P2P hard negative,1.0,0.0022735496999999995,0.9977264503,0.09999999999999998
ViSmish_08023,1,1,0.9996276,True,1.0,paraphrased,Cờ bạc / Betting,1.0,0.99810632,0.0018936800000000087,0.09999999999999998
ViSmish_08024,1,1,0.9994617,True,1.0,synthetic_hard_negative,Đòi nợ / Đe dọa,1.0,0.997731817,0.002268182999999979,0.09999999999999998
ViSmish_08025,1,1,0.9995931,True,1.0,paraphrased,Đòi nợ / Đe dọa,1.0,0.99802238,0.0019776200000000133,0.09999999999999998
ViSmish_08027,1,1,0.9995485,True,1.0,paraphrased,Đòi nợ / Đe dọa,1.0,0.997918826,0.0020811739999999634,0.09999999999999998
ViSmish_08028,1,1,0.99957305,True,1.0,paraphrased,Crypto / Đầu tư giả,1.0,0.99797515,0.002024849999999967,0.09999999999999998
ViSmish_08029,0,0,0.71739763,True,0.7,real,Dịch vụ công thật,0.7,0.02699284279999999,0.9730071572,0.06999999999999998
ViSmish_08030,1,1,0.999608,True,1.0,paraphrased,Tuyển dụng giả,1.0,0.9980580450000001,0.0019419549999999397,0.09999999999999998
ViSmish_08032,1,1,0.99943787,True,1.0,synthetic_hard_negative,Khác,1.0,0.99768341,0.0023165899999999517,0.09999999999999998
ViSmish_08033,1,1,0.9995357,True,1.0,synthetic_hard_negative,Khác,1.0,0.997890055,0.0021099449999999464,0.09999999999999998
ViSmish_08034,1,1,0.9996253,True,1.0,paraphrased,Tuyển dụng giả,1.0,0.99810091,0.0018990899999999922,0.09999999999999998
ViSmish_08036,1,1,0.9995803,True,1.0,paraphrased,Nội dung nhạy cảm,1.0,0.997992206,0.0020077939999999517,0.09999999999999998
ViSmish_08037,1,1,0.9996289,True,1.0,paraphrased,BHXH / Trợ cấp giả,1.0,0.99810962,0.0018903799999999693,0.09999999999999998
ViSmish_08038,0,0,0.9994168,True,1.0,external_curated,P2P hard negative,1.0,0.0023587638999999997,0.9976412361,0.09999999999999998
ViSmish_08039,1,1,0.9996182,True,1.0,paraphrased,BHXH / Trợ cấp giả,1.0,0.99808302,0.001916979999999957,0.09999999999999998
ViSmish_08040,0,0,0.9992636,True,1.0,external_curated,P2P hard negative,1.0,0.0026428827999999994,0.9973571172,0.09999999999999998
ViSmish_08042,1,1,0.9970284,True,1.0,real,Cờ bạc / Betting,1.0,0.99482328,0.0051767200000000235,0.09999999999999998
ViSmish_08043,0,0,0.99906117,True,1.0,synthetic,Quảng cáo hợp lệ,1.0,0.0029743195999999993,0.9970256804,0.09999999999999998
ViSmish_08046,0,0,0.99938035,True,1.0,real,Viễn thông,1.0,0.0024295672999999993,0.9975704327,0.09999999999999998
ViSmish_08047,1,1,0.9996088,True,1.0,paraphrased,Nội dung nhạy cảm,1.0,0.99806003,0.001939970000000013,0.09999999999999998
ViSmish_08051,1,1,0.9995951,True,1.0,paraphrased,Giả mạo ngân hàng,1.0,0.9980271000000001,0.001972899999999944,0.09999999999999998
ViSmish_08052,1,1,0.99950504,True,1.0,synthetic_hard_negative,Dịch vụ công giả,1.0,0.997823083,0.0021769170000000004,0.09999999999999998
ViSmish_08054,1,1,0.8009825,True,1.0,real,Giả mạo ngân hàng,1.0,0.96673499,0.03326501000000004,0.09999999999999998
ViSmish_08057,1,1,0.99954104,True,1.0,real,Tuyển dụng giả,1.0,0.997901946,0.0020980539999999603,0.09999999999999998
ViSmish_08058,1,1,0.9995653,True,1.0,paraphrased,Nội dung nhạy cảm,1.0,0.99795712,0.002042879999999969,0.09999999999999998
ViSmish_08059,0,0,0.9994286,True,1.0,external_real,P2P hội thoại thông thường,1.0,0.0023353490999999996,0.9976646509,0.09999999999999998
ViSmish_08060,0,0,0.99747854,True,1.0,external_real,P2P hội thoại thông thường,1.0,0.004787079999999999,0.99521292,0.09999999999999998
ViSmish_08061,1,1,0.9996069,True,1.0,paraphrased,Tuyển dụng giả,1.0,0.998055387,0.0019446130000000394,0.09999999999999998
ViSmish_08063,1,1,0.9995536,True,1.0,paraphrased,Nội dung nhạy cảm,1.0,0.997930646,0.0020693539999999677,0.09999999999999998
ViSmish_08064,0,0,0.99939907,True,1.0,synthetic,Ngân hàng thật,1.0,0.0023934825999999995,0.9976065174,0.09999999999999998
ViSmish_08066,0,0,0.9993517,True,1.0,external_real,P2P hội thoại thông thường,1.0,0.0024838575999999997,0.9975161424,0.09999999999999998
ViSmish_08069,0,0,0.9993254,True,1.0,real,Quảng cáo hợp lệ,1.0,0.0025325222,0.9974674778,0.09999999999999998
ViSmish_08071,0,0,0.9994524,True,1.0,synthetic,Dịch vụ y tế,1.0,0.0022870936999999994,0.9977129063,0.09999999999999998
ViSmish_08072,0,0,0.9994517,True,1.0,synthetic,Quảng cáo hợp lệ,1.0,0.0022886836999999995,0.9977113163,0.09999999999999998
ViSmish_08073,0,0,0.9983935,True,1.0,external_curated,P2P hard negative,1.0,0.003856627999999999,0.996143372,0.09999999999999998
ViSmish_08074,1,1,0.9995994,True,1.0,paraphrased,Tuyển dụng giả,1.0,0.99803729,0.001962710000000034,0.09999999999999998
ViSmish_08077,0,0,0.9994281,True,1.0,synthetic,Ngân hàng thật,1.0,0.0023361265999999993,0.9976638734,0.09999999999999998
ViSmish_08078,0,0,0.9994677,True,1.0,real,Khác,1.0,0.0022557368999999994,0.9977442631,0.09999999999999998
ViSmish_08079,1,1,0.999613,True,1.0,paraphrased,Nội dung nhạy cảm,1.0,0.998070383,0.00192961700000005,0.09999999999999998
ViSmish_08080,0,0,0.99944526,True,1.0,external_curated,P2P hard negative,1.0,0.0023016057999999994,0.9976983942,0.09999999999999998
ViSmish_08081,0,0,0.999448,True,1.0,external_curated,P2P hard negative,1.0,0.0022961509999999997,0.997703849,0.09999999999999998
ViSmish_08082,0,0,0.99758565,True,1.0,external_curated,P2P hard negative,1.0,0.004688833299999999,0.9953111667,0.09999999999999998
ViSmish_08083,0,0,0.9994766,True,1.0,synthetic,Viễn thông,1.0,0.0022373339999999992,0.997762666,0.09999999999999998
ViSmish_08084,0,0,0.9988115,True,1.0,real,Khác,1.0,0.003334464499999999,0.9966655355,0.09999999999999998
ViSmish_08085,1,1,0.9996244,True,1.0,paraphrased,BHXH / Trợ cấp giả,1.0,0.99809842,0.0019015799999999583,0.09999999999999998
ViSmish_08086,0,0,0.9994754,True,1.0,real,Viễn thông,1.0,0.0022396888999999995,0.9977603111,0.09999999999999998
ViSmish_08087,0,0,0.9993432,True,1.0,synthetic,Thương mại điện tử,1.0,0.0024995356999999996,0.9975004643000001,0.09999999999999998
ViSmish_08088,1,1,0.9995863,True,1.0,paraphrased,Tuyển dụng giả,1.0,0.99800618,0.001993820000000035,0.09999999999999998
ViSmish_08092,0,0,0.99897516,True,1.0,external_curated,P2P hard negative,1.0,0.0031035019999999993,0.996896498,0.09999999999999998
ViSmish_08093,1,1,0.9996203,True,1.0,paraphrased,Dịch vụ công giả,1.0,0.99808833,0.001911670000000032,0.09999999999999998
ViSmish_08095,0,0,0.99943334,True,1.0,external_real,P2P hội thoại thông thường,1.0,0.0023257862999999995,0.9976742137,0.09999999999999998
ViSmish_08096,0,0,0.9994874,True,1.0,synthetic,Thương mại điện tử,1.0,0.0022145139999999995,0.997785486,0.09999999999999998
ViSmish_08098,0,0,0.9993594,True,1.0,external_curated,P2P hard negative,1.0,0.0024693514999999996,0.9975306485,0.09999999999999998
ViSmish_08101,0,0,0.99947983,True,1.0,synthetic,Tin nhắn cá nhân và OTP,1.0,0.0022305633999999998,0.9977694366,0.09999999999999998
ViSmish_08103,0,0,0.9994628,True,1.0,synthetic,Viễn thông,1.0,0.0022660209999999996,0.997733979,0.09999999999999998
ViSmish_08104,0,0,0.9992724,True,1.0,external_real,P2P hội thoại thông thường,1.0,0.002627550799999999,0.9973724492,0.09999999999999998
ViSmish_08105,0,0,0.99947864,True,1.0,synthetic,Vận chuyển,1.0,0.002233002099999999,0.9977669979,0.09999999999999998
ViSmish_08106,0,0,0.9994456,True,1.0,synthetic,Ngân hàng thật,1.0,0.0023008929999999996,0.997699107,0.09999999999999998
ViSmish_08107,0,0,0.9993425,True,1.0,real,Viễn thông,1.0,0.0025009260999999997,0.9974990739,0.09999999999999998
ViSmish_08108,1,1,0.9996132,True,1.0,paraphrased,BHXH / Trợ cấp giả,1.0,0.998070943,0.0019290570000000118,0.09999999999999998
ViSmish_08109,1,1,0.99961036,True,1.0,paraphrased,Crypto / Đầu tư giả,1.0,0.99806393,0.0019360699999999564,0.09999999999999998
ViSmish_08111,0,0,0.9994363,True,1.0,external_real,P2P hội thoại thông thường,1.0,0.0023196395,0.9976803605,0.09999999999999998
ViSmish_08112,1,1,0.99962306,True,1.0,paraphrased,Dịch vụ công giả,1.0,0.99809521,0.0019047899999999895,0.09999999999999998
ViSmish_08113,1,1,0.9994862,True,1.0,paraphrased,Nội dung nhạy cảm,1.0,0.997782975,0.0022170249999999836,0.09999999999999998
ViSmish_08114,0,0,0.9994873,True,1.0,synthetic,Thương mại điện tử,1.0,0.0022146492999999996,0.9977853507,0.09999999999999998
ViSmish_08115,1,1,0.9996159,True,1.0,paraphrased,Tuyển dụng giả,1.0,0.998077685,0.0019223149999999523,0.09999999999999998
ViSmish_08116,1,1,0.99961615,True,1.0,paraphrased,BHXH / Trợ cấp giả,1.0,0.998078144,0.001921856000000055,0.09999999999999998
ViSmish_08117,1,1,0.9996092,True,1.0,paraphrased,Crypto / Đầu tư giả,1.0,0.99806085,0.0019391500000000006,0.09999999999999998
ViSmish_08118,0,0,0.99947244,True,1.0,synthetic,Dịch vụ công thật,1.0,0.0022458610999999996,0.9977541389,0.09999999999999998
ViSmish_08120,0,0,0.99948174,True,1.0,synthetic,Thương mại điện tử,1.0,0.0022266150999999995,0.9977733849,0.09999999999999998
ViSmish_08121,1,1,0.99961746,True,1.0,paraphrased,Nội dung nhạy cảm,1.0,0.99808148,0.0019185200000000346,0.09999999999999998
ViSmish_08123,0,0,0.99936765,True,1.0,real,Quảng cáo hợp lệ,1.0,0.0024537046999999995,0.9975462953,0.09999999999999998
ViSmish_08125,0,0,0.9994487,True,1.0,synthetic,Viễn thông,1.0,0.0022946554999999993,0.9977053445,0.09999999999999998
ViSmish_08128,1,1,0.9996221,True,1.0,paraphrased,Cờ bạc / Betting,1.0,0.99809287,0.0019071299999999791,0.09999999999999998
ViSmish_08129,0,0,0.9994247,True,1.0,real,Viễn thông,1.0,0.0023429912999999997,0.9976570087,0.09999999999999998
ViSmish_08130,1,1,0.99955326,True,1.0,synthetic_hard_negative,Khác,1.0,0.9979297,0.0020702999999999694,0.09999999999999998
ViSmish_08133,0,0,0.9994381,True,1.0,synthetic,Quảng cáo hợp lệ,1.0,0.0023161330999999993,0.9976838669,0.09999999999999998
ViSmish_08134,1,1,0.9996177,True,1.0,paraphrased,Dịch vụ công giả,1.0,0.998081905,0.001918094999999953,0.09999999999999998
ViSmish_08135,0,0,0.99946636,True,1.0,synthetic,Tin nhắn cá nhân và OTP,1.0,0.0022586144999999992,0.9977413855,0.09999999999999998
ViSmish_08136,1,1,0.9995227,True,1.0,synthetic_hard_negative,Khác,1.0,0.997861516,0.0021384840000000516,0.09999999999999998
ViSmish_08138,1,1,0.9996183,True,1.0,paraphrased,Tuyển dụng giả,1.0,0.9980833650000001,0.0019166349999999444,0.09999999999999998
ViSmish_08139,1,1,0.9996245,True,1.0,paraphrased,Dịch vụ công giả,1.0,0.99809884,0.0019011599999999573,0.09999999999999998
ViSmish_08140,1,1,0.9996282,True,1.0,paraphrased,Dịch vụ công giả,1.0,0.998107797,0.0018922030000000367,0.09999999999999998
ViSmish_08141,1,1,0.9996178,True,1.0,paraphrased,Đòi nợ / Đe dọa,1.0,0.99808226,0.0019177400000000011,0.09999999999999998
ViSmish_08143,0,0,0.9994549,True,1.0,synthetic,Tin nhắn cá nhân và OTP,1.0,0.0022819864999999995,0.9977180135,0.09999999999999998
ViSmish_08144,0,0,0.99946016,True,1.0,real,Tin nhắn cá nhân và OTP,1.0,0.0022712716999999994,0.9977287283,0.09999999999999998
ViSmish_08145,1,1,0.9995134,True,1.0,synthetic_hard_negative,Dịch vụ công giả,1.0,0.99784104,0.002158960000000043,0.09999999999999998
ViSmish_08146,1,1,0.9996158,True,1.0,paraphrased,Nội dung nhạy cảm,1.0,0.998077375,0.0019226249999999556,0.09999999999999998
ViSmish_08147,0,0,0.999368,True,1.0,real,Viễn thông,1.0,0.0024530399999999996,0.99754696,0.09999999999999998
ViSmish_08148,1,1,0.9994659,True,1.0,paraphrased,Nội dung nhạy cảm,1.0,0.997740597,0.0022594030000000487,0.09999999999999998
ViSmish_08150,1,1,0.99956495,True,1.0,paraphrased,Cờ bạc / Betting,1.0,0.99795638,0.0020436200000000238,0.09999999999999998
ViSmish_08153,1,1,0.9995127,True,1.0,synthetic_hard_negative,Tuyển dụng giả,1.0,0.99783972,0.0021602800000000144,0.09999999999999998
ViSmish_08154,1,1,0.99949,True,1.0,synthetic_hard_negative,Tuyển dụng giả,1.0,0.997791004,0.0022089960000000186,0.09999999999999998
ViSmish_08157,1,1,0.9996253,True,1.0,paraphrased,Dịch vụ công giả,1.0,0.99810069,0.0018993099999999874,0.09999999999999998
ViSmish_08158,0,0,0.99935406,True,1.0,synthetic,Viễn thông,1.0,0.0024792354999999995,0.9975207645,0.09999999999999998
ViSmish_08159,1,1,0.9996184,True,1.0,paraphrased,Giả mạo ngân hàng,1.0,0.99808375,0.0019162499999999527,0.09999999999999998
ViSmish_08161,1,1,0.99961925,True,1.0,paraphrased,Dịch vụ công giả,1.0,0.998085785,0.0019142149999999969,0.09999999999999998
ViSmish_08162,1,1,0.9993771,True,1.0,synthetic_hard_negative,Khác,1.0,0.99756409,0.0024359099999999856,0.09999999999999998
ViSmish_08163,1,1,0.99961203,True,1.0,paraphrased,Crypto / Đầu tư giả,1.0,0.99806784,0.0019321599999999606,0.09999999999999998
ViSmish_08165,1,1,0.99961674,True,1.0,paraphrased,Dịch vụ công giả,1.0,0.99807972,0.0019202799999999964,0.09999999999999998
ViSmish_08166,0,0,0.99946207,True,1.0,synthetic,Ngân hàng thật,1.0,0.0022673515999999997,0.9977326484,0.09999999999999998
ViSmish_08170,1,1,0.99961925,True,1.0,paraphrased,Tuyển dụng giả,1.0,0.9980858,0.001914199999999977,0.09999999999999998
ViSmish_08171,0,0,0.9994548,True,1.0,real,Khác,1.0,0.0022822955999999995,0.9977177044,0.09999999999999998
ViSmish_08172,0,0,0.999468,True,1.0,real,Viễn thông,1.0,0.0022551288999999993,0.9977448711,0.09999999999999998
ViSmish_08174,1,1,0.9995461,True,1.0,paraphrased,Crypto / Đầu tư giả,1.0,0.99791357,0.0020864299999999725,0.09999999999999998
ViSmish_08176,1,1,0.99961394,True,1.0,paraphrased,Tuyển dụng giả,1.0,0.99807271,0.001927290000000026,0.09999999999999998
ViSmish_08177,0,0,0.99944335,True,1.0,synthetic,Tin nhắn cá nhân và OTP,1.0,0.0023055282999999995,0.9976944717,0.09999999999999998
ViSmish_08178,1,1,0.99961674,True,1.0,paraphrased,Tuyển dụng giả,1.0,0.99807947,0.0019205300000000314,0.09999999999999998
ViSmish_08179,1,1,0.9996111,True,1.0,paraphrased,Crypto / Đầu tư giả,1.0,0.998065704,0.0019342959999999465,0.09999999999999998
ViSmish_08181,1,1,0.99959487,True,1.0,paraphrased,Tuyển dụng giả,1.0,0.99802648,0.001973519999999951,0.09999999999999998
ViSmish_08182,1,1,0.99952424,True,1.0,synthetic_hard_negative,Giả mạo ngân hàng,1.0,0.99786476,0.0021352399999999827,0.09999999999999998
ViSmish_08183,1,1,0.9996258,True,1.0,paraphrased,Nội dung nhạy cảm,1.0,0.99810214,0.001897860000000029,0.09999999999999998
ViSmish_08184,0,0,0.99944705,True,1.0,external_curated,P2P hard negative,1.0,0.0022981013999999996,0.9977018986,0.09999999999999998
ViSmish_08188,1,1,0.9996283,True,1.0,paraphrased,Tuyển dụng giả,1.0,0.998108107,0.0018918930000000334,0.09999999999999998
ViSmish_08190,0,0,0.99949086,True,1.0,synthetic,Tin nhắn cá nhân và OTP,1.0,0.002207125399999999,0.9977928746,0.09999999999999998
ViSmish_08192,0,0,0.99938166,True,1.0,real,Viễn thông,1.0,0.0024268866999999994,0.9975731133,0.09999999999999998
ViSmish_08193,1,1,0.9995704,True,1.0,paraphrased,Cờ bạc / Betting,1.0,0.99796896,0.002031039999999984,0.09999999999999998
ViSmish_08194,0,0,0.9993573,True,1.0,synthetic,Dịch vụ công thật,1.0,0.0024732919999999993,0.997526708,0.09999999999999998
ViSmish_08196,1,1,0.99961805,True,1.0,paraphrased,Giả mạo ngân hàng,1.0,0.998082787,0.0019172130000000287,0.09999999999999998
ViSmish_08199,1,1,0.9996197,True,1.0,paraphrased,Cờ bạc / Betting,1.0,0.99808688,0.0019131199999999904,0.09999999999999998
ViSmish_08200,0,0,0.9994098,True,1.0,real,Khác,1.0,0.0023725194999999998,0.9976274805,0.09999999999999998
ViSmish_08201,0,0,0.99948704,True,1.0,synthetic,Vận chuyển,1.0,0.0022153228999999995,0.9977846771,0.09999999999999998
ViSmish_08203,1,1,0.99961,True,1.0,paraphrased,Tuyển dụng giả,1.0,0.9980629599999999,0.0019370400000000565,0.09999999999999998
ViSmish_08204,1,1,0.99960583,True,1.0,paraphrased,Crypto / Đầu tư giả,1.0,0.99805288,0.0019471199999999689,0.09999999999999998
ViSmish_08205,1,1,0.9995203,True,1.0,paraphrased,Nội dung nhạy cảm,1.0,0.997856206,0.0021437939999999767,0.09999999999999998
ViSmish_08207,1,1,0.9996111,True,1.0,paraphrased,Nội dung nhạy cảm,1.0,0.998065567,0.0019344329999999577,0.09999999999999998
ViSmish_08209,0,0,0.99934524,True,1.0,real,Viễn thông,1.0,0.002495862999999999,0.997504137,0.09999999999999998
ViSmish_08212,0,0,0.9994654,True,1.0,synthetic,Thương mại điện tử,1.0,0.002260519399999999,0.9977394806,0.09999999999999998
ViSmish_08213,0,0,0.99936694,True,1.0,synthetic,Quảng cáo hợp lệ,1.0,0.0024550009999999996,0.997544999,0.09999999999999998
ViSmish_08214,1,1,0.9995602,True,1.0,synthetic_hard_negative,BHXH / Trợ cấp giả,1.0,0.99794535,0.0020546500000000467,0.09999999999999998
ViSmish_08215,0,0,0.9994735,True,1.0,real,Viễn thông,1.0,0.0022436554999999995,0.9977563445,0.09999999999999998
ViSmish_08216,0,0,0.99940777,True,1.0,synthetic,Quảng cáo hợp lệ,1.0,0.0023764425999999996,0.9976235574,0.09999999999999998
ViSmish_08217,0,0,0.9994597,True,1.0,real,Khác,1.0,0.0022722776999999994,0.9977277223,0.09999999999999998
ViSmish_08218,1,1,0.9995603,True,1.0,paraphrased,Crypto / Đầu tư giả,1.0,0.9979456250000001,0.0020543749999999417,0.09999999999999998
ViSmish_08219,1,1,0.9995134,True,1.0,paraphrased,Giả mạo ngân hàng,1.0,0.99784113,0.002158870000000035,0.09999999999999998
ViSmish_08221,1,0,0.99825424,False,0.3,real,Khác,0.0,1.0,0.0,0.0
ViSmish_08222,1,1,0.9994961,True,1.0,paraphrased,Nội dung nhạy cảm,1.0,0.99780393,0.0021960699999999944,0.09999999999999998
ViSmish_08224,1,1,0.999468,True,1.0,synthetic_hard_negative,Đòi nợ / Đe dọa,1.0,0.997744966,0.0022550340000000446,0.09999999999999998
ViSmish_08225,0,0,0.9994636,True,1.0,synthetic,Tin nhắn cá nhân và OTP,1.0,0.0022642689999999993,0.997735731,0.09999999999999998
ViSmish_08227,1,1,0.9995504,True,1.0,synthetic_hard_negative,Tuyển dụng giả,1.0,0.997923136,0.002076863999999956,0.09999999999999998
ViSmish_08229,1,1,0.99956006,True,1.0,paraphrased,Đòi nợ / Đe dọa,1.0,0.99794518,0.0020548200000000127,0.09999999999999998
ViSmish_08233,1,1,0.99956983,True,1.0,paraphrased,Đòi nợ / Đe dọa,1.0,0.997967654,0.002032346000000018,0.09999999999999998
ViSmish_08234,1,1,0.99962234,True,1.0,paraphrased,Dịch vụ công giả,1.0,0.998093396,0.0019066039999999784,0.09999999999999998
ViSmish_08235,1,1,0.9995845,True,1.0,paraphrased,Nội dung nhạy cảm,1.0,0.998001856,0.0019981439999999795,0.09999999999999998
ViSmish_08236,1,1,0.9995679,True,1.0,paraphrased,Cờ bạc / Betting,1.0,0.99796325,0.0020367500000000316,0.09999999999999998
ViSmish_08238,1,1,0.999617,True,1.0,paraphrased,Đòi nợ / Đe dọa,1.0,0.99808007,0.0019199300000000141,0.09999999999999998
ViSmish_08239,0,0,0.9994795,True,1.0,synthetic,Dịch vụ công thật,1.0,0.0022313571999999994,0.9977686428,0.09999999999999998
ViSmish_08240,1,1,0.99962187,True,1.0,paraphrased,BHXH / Trợ cấp giả,1.0,0.998092365,0.0019076350000000186,0.09999999999999998
ViSmish_08241,1,1,0.9995957,True,1.0,paraphrased,Nội dung nhạy cảm,1.0,0.9980285760000001,0.001971423999999944,0.09999999999999998
ViSmish_08242,0,0,0.9993262,True,1.0,real,Viễn thông,1.0,0.0025310152999999994,0.9974689847,0.09999999999999998
ViSmish_08243,1,1,0.99960905,True,1.0,paraphrased,BHXH / Trợ cấp giả,1.0,0.998060524,0.0019394759999999955,0.09999999999999998
ViSmish_08244,1,1,0.99961615,True,1.0,paraphrased,BHXH / Trợ cấp giả,1.0,0.99807802,0.0019219799999999898,0.09999999999999998
ViSmish_08245,1,1,0.9996222,True,1.0,paraphrased,Giả mạo ngân hàng,1.0,0.99809306,0.0019069400000000236,0.09999999999999998
ViSmish_08246,0,0,0.9994623,True,1.0,real,Viễn thông,1.0,0.0022668156999999995,0.9977331843,0.09999999999999998
ViSmish_08247,0,0,0.99947053,True,1.0,synthetic,Vận chuyển,1.0,0.0022498560999999993,0.9977501439,0.09999999999999998
ViSmish_08248,1,1,0.9996124,True,1.0,paraphrased,Tuyển dụng giả,1.0,0.99806887,0.0019311300000000031,0.09999999999999998
ViSmish_08249,1,1,0.99955267,True,1.0,synthetic_hard_negative,Giả mạo ngân hàng,1.0,0.99792844,0.0020715599999999723,0.09999999999999998
ViSmish_08251,0,0,0.99939895,True,1.0,external_real,P2P hội thoại thông thường,1.0,0.0023937332999999996,0.9976062667,0.09999999999999998
ViSmish_08252,1,1,0.9996182,True,1.0,paraphrased,Crypto / Đầu tư giả,1.0,0.9980830549999999,0.0019169450000000587,0.09999999999999998
ViSmish_08254,0,0,0.9994456,True,1.0,synthetic,Tin nhắn cá nhân và OTP,1.0,0.0023010583999999996,0.9976989416,0.09999999999999998
ViSmish_08255,1,1,0.99963176,True,1.0,paraphrased,Đòi nợ / Đe dọa,1.0,0.998117024,0.0018829759999999807,0.09999999999999998
ViSmish_08256,1,1,0.9996289,True,1.0,paraphrased,BHXH / Trợ cấp giả,1.0,0.99810961,0.0018903900000000196,0.09999999999999998
ViSmish_08257,0,0,0.99946254,True,1.0,synthetic,Tin nhắn cá nhân và OTP,1.0,0.0022663272999999995,0.9977336727,0.09999999999999998
ViSmish_08258,1,1,0.99959916,True,1.0,paraphrased,Nội dung nhạy cảm,1.0,0.99803683,0.001963170000000014,0.09999999999999998
ViSmish_08259,1,1,0.9996043,True,1.0,paraphrased,Giả mạo ngân hàng,1.0,0.99804897,0.0019510299999999647,0.09999999999999998
ViSmish_08260,0,0,0.9994918,True,1.0,synthetic,Viễn thông,1.0,0.0022051093999999995,0.9977948906,0.09999999999999998
ViSmish_08262,1,1,0.9994597,True,1.0,synthetic_hard_negative,Khác,1.0,0.997727627,0.0022723730000000497,0.09999999999999998
ViSmish_08265,0,0,0.99947065,True,1.0,synthetic,Tin nhắn cá nhân và OTP,1.0,0.0022495889999999998,0.997750411,0.09999999999999998
ViSmish_08266,0,0,0.99872977,True,1.0,external_curated,P2P hard negative,1.0,0.0034435259999999993,0.996556474,0.09999999999999998
ViSmish_08268,0,0,0.9994823,True,1.0,synthetic,Dịch vụ y tế,1.0,0.0022252447999999998,0.9977747552,0.09999999999999998
ViSmish_08269,1,1,0.9015568,True,1.0,real,Nội dung nhạy cảm,1.0,0.97516294,0.024837059999999966,0.09999999999999998
ViSmish_08271,0,0,0.99904543,True,1.0,external_real,P2P hội thoại thông thường,1.0,0.002998418699999999,0.9970015813,0.09999999999999998
ViSmish_08272,0,0,0.99945384,True,1.0,synthetic,Vận chuyển,1.0,0.0022843021999999994,0.9977156978,0.09999999999999998
ViSmish_08276,1,1,0.99962306,True,1.0,paraphrased,Cờ bạc / Betting,1.0,0.99809523,0.00190477,0.09999999999999998
ViSmish_08277,1,1,0.99961543,True,1.0,paraphrased,Tuyển dụng giả,1.0,0.998076427,0.0019235730000000117,0.09999999999999998
ViSmish_08278,0,0,0.9994454,True,1.0,synthetic,Quảng cáo hợp lệ,1.0,0.0023014329999999994,0.997698567,0.09999999999999998
ViSmish_08280,0,0,0.99945325,True,1.0,real,Tin nhắn cá nhân và OTP,1.0,0.0022853936999999995,0.9977146063,0.09999999999999998
ViSmish_08281,0,0,0.99938524,True,1.0,external_curated,P2P hard negative,1.0,0.0024201414999999995,0.9975798585,0.09999999999999998
ViSmish_08282,1,1,0.9995788,True,1.0,paraphrased,Nội dung nhạy cảm,1.0,0.997988576,0.002011423999999984,0.09999999999999998
ViSmish_08283,0,0,0.9994716,True,1.0,real,Khác,1.0,0.0022477057,0.9977522943,0.09999999999999998
ViSmish_08284,0,0,0.9994216,True,1.0,external_real,P2P hội thoại thông thường,1.0,0.0023492561999999997,0.9976507438,0.09999999999999998
ViSmish_08286,1,1,0.9996344,True,1.0,paraphrased,BHXH / Trợ cấp giả,1.0,0.99812344,0.001876560000000027,0.09999999999999998
ViSmish_08287,1,1,0.99961144,True,1.0,paraphrased,Đòi nợ / Đe dọa,1.0,0.99806636,0.0019336399999999587,0.09999999999999998
ViSmish_08288,0,0,0.9994783,True,1.0,synthetic,Vận chuyển,1.0,0.0022338235999999996,0.9977661764,0.09999999999999998
ViSmish_08289,1,1,0.99954945,True,1.0,paraphrased,Crypto / Đầu tư giả,1.0,0.997920966,0.0020790339999999796,0.09999999999999998
ViSmish_08291,1,1,0.9996195,True,1.0,paraphrased,BHXH / Trợ cấp giả,1.0,0.9980864,0.0019135999999999598,0.09999999999999998
ViSmish_08292,0,0,0.9982796,True,1.0,real,Quảng cáo hợp lệ,1.0,0.003985986999999999,0.996014013,0.09999999999999998
ViSmish_08293,1,1,0.99961495,True,1.0,paraphrased,Giả mạo ngân hàng,1.0,0.99807521,0.0019247900000000095,0.09999999999999998
ViSmish_08294,1,1,0.9993142,True,1.0,real,Giả mạo ngân hàng,1.0,0.99744707,0.002552930000000009,0.09999999999999998
ViSmish_08295,0,0,0.9993749,True,1.0,synthetic,Ngân hàng thật,1.0,0.0024400121999999993,0.9975599878,0.09999999999999998
ViSmish_08296,0,0,0.9994425,True,1.0,external_real,P2P hội thoại thông thường,1.0,0.0023072102999999993,0.9976927897,0.09999999999999998
ViSmish_08297,0,0,0.9993808,True,1.0,external_real,P2P hội thoại thông thường,1.0,0.0024286584999999995,0.9975713415,0.09999999999999998
ViSmish_08298,1,1,0.99954385,True,1.0,real,Dịch vụ công giả,1.0,0.997908413,0.002091587000000006,0.09999999999999998
ViSmish_08299,1,1,0.99960667,True,1.0,paraphrased,Dịch vụ công giả,1.0,0.998054886,0.00194511399999997,0.09999999999999998
ViSmish_08302,0,0,0.9991866,True,1.0,external_curated,P2P hard negative,1.0,0.0027740375999999994,0.9972259624,0.09999999999999998
ViSmish_08303,0,0,0.99944216,True,1.0,synthetic,Tin nhắn cá nhân và OTP,1.0,0.002308042999999999,0.997691957,0.09999999999999998
ViSmish_08304,0,0,0.99924314,True,1.0,synthetic,Quảng cáo hợp lệ,1.0,0.0026784132999999994,0.9973215867,0.09999999999999998
ViSmish_08305,1,1,0.9995722,True,1.0,paraphrased,Nội dung nhạy cảm,1.0,0.997973216,0.0020267840000000037,0.09999999999999998
ViSmish_08306,0,0,0.99935144,True,1.0,real,Quảng cáo hợp lệ,1.0,0.0024842739999999994,0.997515726,0.09999999999999998
ViSmish_08307,1,1,0.999524,True,1.0,synthetic_hard_negative,Khác,1.0,0.99786431,0.0021356900000000234,0.09999999999999998
ViSmish_08308,1,1,0.9995865,True,1.0,paraphrased,Tuyển dụng giả,1.0,0.998006743,0.0019932569999999705,0.09999999999999998
ViSmish_08309,0,0,0.99947387,True,1.0,synthetic,Thương mại điện tử,1.0,0.0022429632,0.9977570368,0.09999999999999998
ViSmish_08310,0,0,0.9994099,True,1.0,external_real,P2P hội thoại thông thường,1.0,0.0023723019999999997,0.997627698,0.09999999999999998
ViSmish_08312,1,1,0.9995623,True,1.0,paraphrased,Đòi nợ / Đe dọa,1.0,0.99795033,0.0020496700000000034,0.09999999999999998
ViSmish_08313,1,1,0.9996239,True,1.0,paraphrased,Giả mạo ngân hàng,1.0,0.998097193,0.0019028070000000064,0.09999999999999998
ViSmish_08314,1,1,0.99961406,True,1.0,paraphrased,Dịch vụ công giả,1.0,0.99807289,0.0019271100000000096,0.09999999999999998
ViSmish_08315,1,1,0.9996107,True,1.0,paraphrased,Giả mạo ngân hàng,1.0,0.9980648599999999,0.0019351400000000574,0.09999999999999998
ViSmish_08317,1,1,0.9995864,True,1.0,paraphrased,Đòi nợ / Đe dọa,1.0,0.998006296,0.001993703999999985,0.09999999999999998
ViSmish_08318,1,1,0.9996076,True,1.0,paraphrased,Đòi nợ / Đe dọa,1.0,0.998057276,0.0019427239999999513,0.09999999999999998
ViSmish_08319,1,1,0.9996196,True,1.0,paraphrased,BHXH / Trợ cấp giả,1.0,0.99808656,0.001913440000000044,0.09999999999999998
ViSmish_08320,0,0,0.9994711,True,1.0,synthetic,Vận chuyển,1.0,0.0022485663999999993,0.9977514336,0.09999999999999998
ViSmish_08322,0,0,0.99933904,True,1.0,real,Viễn thông,1.0,0.0025072479999999997,0.997492752,0.09999999999999998
ViSmish_08325,1,1,0.99955493,True,1.0,paraphrased,Nội dung nhạy cảm,1.0,0.99793346,0.00206653999999995,0.09999999999999998
ViSmish_08326,0,0,0.9994777,True,1.0,synthetic,Vận chuyển,1.0,0.0022350195999999993,0.9977649804,0.09999999999999998
ViSmish_08327,0,0,0.9993401,True,1.0,synthetic,Dịch vụ công thật,1.0,0.0025052781999999993,0.9974947218,0.09999999999999998
ViSmish_08328,0,0,0.99945384,True,1.0,real,Tin nhắn cá nhân và OTP,1.0,0.0022842011999999992,0.9977157988,0.09999999999999998
ViSmish_08329,0,0,0.99931884,True,1.0,external_curated,P2P hard negative,1.0,0.0025444425999999994,0.9974555574,0.09999999999999998
ViSmish_08330,1,1,0.9996146,True,1.0,paraphrased,Nội dung nhạy cảm,1.0,0.998074347,0.0019256530000000271,0.09999999999999998
ViSmish_08331,0,0,0.999435,True,1.0,external_curated,P2P hard negative,1.0,0.0023224828999999993,0.9976775171,0.09999999999999998
ViSmish_08333,1,1,0.99954706,True,1.0,paraphrased,Crypto / Đầu tư giả,1.0,0.9979158,0.0020841999999999805,0.09999999999999998
ViSmish_08334,0,0,0.9994708,True,1.0,synthetic,Quảng cáo hợp lệ,1.0,0.0022494095999999997,0.9977505904,0.09999999999999998
ViSmish_08338,0,0,0.99933606,True,1.0,real,Viễn thông,1.0,0.0025128073999999994,0.9974871926,0.09999999999999998
ViSmish_08339,1,1,0.9996124,True,1.0,paraphrased,BHXH / Trợ cấp giả,1.0,0.99806867,0.0019313300000000089,0.09999999999999998
ViSmish_08340,1,1,0.99962294,True,1.0,paraphrased,Tuyển dụng giả,1.0,0.998095006,0.0019049939999999932,0.09999999999999998
ViSmish_08341,1,1,0.999607,True,1.0,paraphrased,BHXH / Trợ cấp giả,1.0,0.99805571,0.0019442899999999597,0.09999999999999998
ViSmish_08342,0,0,0.99918455,True,1.0,real,Viễn thông,1.0,0.0027774916999999994,0.9972225083,0.09999999999999998
ViSmish_08343,1,1,0.9996302,True,1.0,paraphrased,Giả mạo ngân hàng,1.0,0.998113096,0.0018869040000000226,0.09999999999999998
ViSmish_08344,0,0,0.9994454,True,1.0,external_curated,P2P hard negative,1.0,0.0023015239999999992,0.9976984760000001,0.09999999999999998
ViSmish_08348,0,0,0.9994593,True,1.0,synthetic,Tin nhắn cá nhân và OTP,1.0,0.0022730707999999993,0.9977269292,0.09999999999999998
ViSmish_08349,0,0,0.9994288,True,1.0,external_curated,P2P hard negative,1.0,0.0023348845999999995,0.9976651154,0.09999999999999998
ViSmish_08351,0,0,0.99932253,True,1.0,real,Quảng cáo hợp lệ,1.0,0.0025375976999999997,0.9974624023,0.09999999999999998
ViSmish_08352,1,1,0.9996215,True,1.0,paraphrased,Dịch vụ công giả,1.0,0.99809125,0.0019087500000000146,0.09999999999999998
ViSmish_08353,0,0,0.99945885,True,1.0,synthetic,Dịch vụ y tế,1.0,0.0022739129999999994,0.997726087,0.09999999999999998
ViSmish_08355,0,0,0.9994647,True,1.0,synthetic,Ngân hàng thật,1.0,0.0022619235999999997,0.9977380764,0.09999999999999998
ViSmish_08356,1,1,0.9994721,True,1.0,real,Cờ bạc / Betting,1.0,0.997753394,0.00224660600000004,0.09999999999999998
ViSmish_08357,1,1,0.9995432,True,1.0,synthetic_hard_negative,Tuyển dụng giả,1.0,0.997906893,0.002093106999999983,0.09999999999999998
ViSmish_08358,1,1,0.9996171,True,1.0,paraphrased,Crypto / Đầu tư giả,1.0,0.998080415,0.0019195850000000014,0.09999999999999998
ViSmish_08359,1,1,0.99962735,True,1.0,paraphrased,Tuyển dụng giả,1.0,0.99810575,0.0018942499999999862,0.09999999999999998
ViSmish_08360,1,1,0.99961287,True,1.0,paraphrased,Dịch vụ công giả,1.0,0.998069876,0.001930124000000033,0.09999999999999998
ViSmish_08362,0,0,0.9994492,True,1.0,synthetic,Viễn thông,1.0,0.0022937239999999996,0.997706276,0.09999999999999998
ViSmish_08366,0,0,0.99947196,True,1.0,real,Khác,1.0,0.0022468619999999996,0.997753138,0.09999999999999998
ViSmish_08369,0,0,0.99948287,True,1.0,real,Tin nhắn cá nhân và OTP,1.0,0.0022240045999999992,0.9977759954,0.09999999999999998
ViSmish_08370,1,1,0.9995913,True,1.0,paraphrased,Nội dung nhạy cảm,1.0,0.99801808,0.0019819199999999704,0.09999999999999998
ViSmish_08371,1,1,0.9995844,True,1.0,paraphrased,Tuyển dụng giả,1.0,0.99800168,0.001998319999999998,0.09999999999999998
ViSmish_08373,1,1,0.9996032,True,1.0,paraphrased,Crypto / Đầu tư giả,1.0,0.998046565,0.0019534350000000034,0.09999999999999998
ViSmish_08378,0,0,0.99947566,True,1.0,synthetic,Tin nhắn cá nhân và OTP,1.0,0.0022391429999999994,0.997760857,0.09999999999999998
ViSmish_08379,1,1,0.9996113,True,1.0,paraphrased,Nội dung nhạy cảm,1.0,0.998066074,0.0019339259999999747,0.09999999999999998
ViSmish_08383,1,0,0.89583117,False,0.3,real,Giả mạo ngân hàng,0.0,1.0,0.0,0.0
ViSmish_08385,1,1,0.99961674,True,1.0,paraphrased,Dịch vụ công giả,1.0,0.998079485,0.0019205150000000115,0.09999999999999998
ViSmish_08386,1,1,0.99905986,True,1.0,paraphrased,Dịch vụ công giả,1.0,0.997023576,0.0029764239999999775,0.09999999999999998
ViSmish_08387,1,1,0.9996075,True,1.0,paraphrased,Tuyển dụng giả,1.0,0.99805699,0.0019430099999999673,0.09999999999999998
ViSmish_08391,1,1,0.9995783,True,1.0,paraphrased,Tuyển dụng giả,1.0,0.99798747,0.0020125300000000124,0.09999999999999998
ViSmish_08392,1,1,0.999608,True,1.0,paraphrased,BHXH / Trợ cấp giả,1.0,0.99805798,0.0019420199999999888,0.09999999999999998
ViSmish_08393,0,0,0.9994573,True,1.0,synthetic,Tin nhắn cá nhân và OTP,1.0,0.0022770812999999995,0.9977229187,0.09999999999999998
ViSmish_08394,1,1,0.99961346,True,1.0,paraphrased,Dịch vụ công giả,1.0,0.99807145,0.0019285500000000289,0.09999999999999998
ViSmish_08395,0,0,0.9993998,True,1.0,external_real,P2P hội thoại thông thường,1.0,0.0023920272999999994,0.9976079727,0.09999999999999998
ViSmish_08396,0,0,0.99946994,True,1.0,synthetic,Thương mại điện tử,1.0,0.0022510721999999994,0.9977489278,0.09999999999999998
ViSmish_08397,0,0,0.99938273,True,1.0,external_curated,P2P hard negative,1.0,0.0024248374999999993,0.9975751625,0.09999999999999998
ViSmish_08398,1,1,0.99960095,True,1.0,paraphrased,Crypto / Đầu tư giả,1.0,0.99804105,0.001958950000000015,0.09999999999999998
ViSmish_08400,1,1,0.99962485,True,1.0,paraphrased,Dịch vụ công giả,1.0,0.998099536,0.0019004639999999906,0.09999999999999998
ViSmish_08403,1,1,0.99960583,True,1.0,paraphrased,Crypto / Đầu tư giả,1.0,0.998052764,0.0019472360000000188,0.09999999999999998
ViSmish_08404,1,1,0.99961555,True,1.0,paraphrased,Nội dung nhạy cảm,1.0,0.998076767,0.0019232329999999687,0.09999999999999998
ViSmish_08405,0,0,0.9991254,True,1.0,synthetic,Quảng cáo hợp lệ,1.0,0.0028736862999999995,0.9971263137,0.09999999999999998
ViSmish_08406,1,1,0.9995049,True,1.0,synthetic_hard_negative,Khác,1.0,0.99782284,0.0021771600000000113,0.09999999999999998
ViSmish_08407,1,1,0.9996166,True,1.0,paraphrased,Cờ bạc / Betting,1.0,0.9980792,0.0019207999999999448,0.09999999999999998
ViSmish_08408,1,1,0.999488,True,1.0,paraphrased,Crypto / Đầu tư giả,1.0,0.997786725,0.0022132750000000145,0.09999999999999998
ViSmish_08409,0,0,0.9994319,True,1.0,real,Viễn thông,1.0,0.0023286642999999995,0.9976713357,0.09999999999999998
ViSmish_08411,1,1,0.9995988,True,1.0,paraphrased,Dịch vụ công giả,1.0,0.998035973,0.0019640269999999793,0.09999999999999998
ViSmish_08415,1,1,0.9994618,True,1.0,paraphrased,Đòi nợ / Đe dọa,1.0,0.997732145,0.002267855000000041,0.09999999999999998
ViSmish_08416,0,0,0.9994537,True,1.0,real,Viễn thông,1.0,0.0022844608999999993,0.9977155391,0.09999999999999998
ViSmish_08417,1,1,0.99961555,True,1.0,paraphrased,Dịch vụ công giả,1.0,0.99807678,0.0019232200000000033,0.09999999999999998
ViSmish_08418,1,1,0.99958485,True,1.0,paraphrased,Nội dung nhạy cảm,1.0,0.99800265,0.001997350000000009,0.09999999999999998
ViSmish_08419,0,0,0.99941874,True,1.0,real,Viễn thông,1.0,0.0023549494999999996,0.9976450505,0.09999999999999998
ViSmish_08421,1,1,0.9996101,True,1.0,paraphrased,Giả mạo ngân hàng,1.0,0.99806323,0.001936770000000032,0.09999999999999998
ViSmish_08422,0,0,0.99947065,True,1.0,synthetic,Tin nhắn cá nhân và OTP,1.0,0.0022495552999999995,0.9977504447,0.09999999999999998
ViSmish_08423,1,1,0.99948883,True,1.0,real,Giả mạo ngân hàng,1.0,0.9977887,0.002211300000000027,0.09999999999999998
ViSmish_08424,1,1,0.99961346,True,1.0,paraphrased,Dịch vụ công giả,1.0,0.99807155,0.0019284499999999705,0.09999999999999998
ViSmish_08425,1,1,0.99959606,True,1.0,paraphrased,Cờ bạc / Betting,1.0,0.9980292,0.0019708000000000503,0.09999999999999998
ViSmish_08427,0,0,0.9994105,True,1.0,real,Dịch vụ công thật,1.0,0.0023711329999999992,0.997628867,0.09999999999999998
ViSmish_08429,0,0,0.99927944,True,1.0,external_real,P2P hội thoại thông thường,1.0,0.0026150967999999993,0.9973849032,0.09999999999999998
ViSmish_08430,0,0,0.9994449,True,1.0,synthetic,Quảng cáo hợp lệ,1.0,0.0023025399999999996,0.99769746,0.09999999999999998
ViSmish_08431,1,1,0.99961436,True,1.0,paraphrased,Cờ bạc / Betting,1.0,0.99807371,0.0019262899999999972,0.09999999999999998
ViSmish_08432,0,0,0.999488,True,1.0,synthetic,Viễn thông,1.0,0.0022130846999999995,0.9977869153,0.09999999999999998
ViSmish_08433,0,0,0.9994773,True,1.0,real,Khác,1.0,0.0022356789999999995,0.997764321,0.09999999999999998
ViSmish_08434,0,0,0.99943787,True,1.0,real,Viễn thông,1.0,0.0023166305999999994,0.9976833694,0.09999999999999998
ViSmish_08436,1,1,0.99962807,True,1.0,paraphrased,Giả mạo ngân hàng,1.0,0.99810751,0.0018924900000000244,0.09999999999999998
ViSmish_08438,0,0,0.9994821,True,1.0,real,Viễn thông,1.0,0.0022257633999999992,0.9977742366,0.09999999999999998
ViSmish_08440,1,1,0.9995957,True,1.0,paraphrased,Cờ bạc / Betting,1.0,0.9980285170000001,0.0019714829999999406,0.09999999999999998
ViSmish_08442,0,0,0.9962274,True,1.0,real,Dịch vụ công thật,1.0,0.005797096299999999,0.9942029037,0.09999999999999998
ViSmish_08443,0,0,0.99946636,True,1.0,real,Ngân hàng thật,1.0,0.0022586270999999996,0.9977413729,0.09999999999999998
ViSmish_08445,1,1,0.99951863,True,1.0,synthetic_hard_negative,Khác,1.0,0.99785256,0.0021474400000000005,0.09999999999999998
ViSmish_08446,1,1,0.9996119,True,1.0,paraphrased,BHXH / Trợ cấp giả,1.0,0.998067516,0.001932484000000012,0.09999999999999998
ViSmish_08448,0,0,0.9994209,True,1.0,real,Viễn thông,1.0,0.0023507339999999997,0.997649266,0.09999999999999998
ViSmish_08449,0,0,0.9994752,True,1.0,synthetic,Ngân hàng thật,1.0,0.0022402609999999995,0.997759739,0.09999999999999998
ViSmish_08451,0,0,0.9994431,True,1.0,real,Ngân hàng thật,1.0,0.0023060561999999995,0.9976939438,0.09999999999999998
ViSmish_08452,1,1,0.9990048,True,1.0,real,Giả mạo ngân hàng,1.0,0.99694027,0.0030597300000000383,0.09999999999999998
ViSmish_08453,1,1,0.9996277,True,1.0,paraphrased,BHXH / Trợ cấp giả,1.0,0.998106754,0.0018932459999999596,0.09999999999999998
ViSmish_08454,0,0,0.99940646,True,1.0,external_curated,P2P hard negative,1.0,0.0023789679999999995,0.997621032,0.09999999999999998
ViSmish_08455,1,1,0.99962854,True,1.0,paraphrased,Cờ bạc / Betting,1.0,0.99810891,0.0018910899999999842,0.09999999999999998
ViSmish_08457,1,1,0.999613,True,1.0,paraphrased,Tuyển dụng giả,1.0,0.9980702,0.0019297999999999815,0.09999999999999998
ViSmish_08458,0,0,0.9992348,True,1.0,external_curated,P2P hard negative,1.0,0.002692874099999999,0.9973071259,0.09999999999999998
ViSmish_08459,0,0,0.99934405,True,1.0,real,Viễn thông,1.0,0.0024980023999999993,0.9975019976,0.09999999999999998
ViSmish_08462,1,1,0.99960715,True,1.0,paraphrased,BHXH / Trợ cấp giả,1.0,0.998055995,0.0019440050000000264,0.09999999999999998
ViSmish_08463,1,1,0.9996252,True,1.0,paraphrased,Dịch vụ công giả,1.0,0.998100394,0.0018996060000000536,0.09999999999999998
ViSmish_08464,1,1,0.9992567,True,1.0,paraphrased,BHXH / Trợ cấp giả,1.0,0.997345,0.002654999999999963,0.09999999999999998
ViSmish_08465,0,0,0.9994838,True,1.0,synthetic,Tin nhắn cá nhân và OTP,1.0,0.0022219215999999993,0.9977780784,0.09999999999999998
ViSmish_08466,1,1,0.99962723,True,1.0,paraphrased,BHXH / Trợ cấp giả,1.0,0.9981057,0.0018943000000000154,0.09999999999999998
ViSmish_08467,1,1,0.99945945,True,1.0,synthetic_hard_negative,Đòi nợ / Đe dọa,1.0,0.99772718,0.002272819999999953,0.09999999999999998
ViSmish_08469,0,0,0.9994436,True,1.0,real,Viễn thông,1.0,0.0023050946999999995,0.9976949053,0.09999999999999998
ViSmish_08470,0,0,0.9992937,True,1.0,external_curated,P2P hard negative,1.0,0.002589711499999999,0.9974102885,0.09999999999999998
ViSmish_08471,1,1,0.9995617,True,1.0,synthetic_hard_negative,BHXH / Trợ cấp giả,1.0,0.997948945,0.002051055000000024,0.09999999999999998
ViSmish_08472,1,1,0.99959236,True,1.0,paraphrased,Nội dung nhạy cảm,1.0,0.99802059,0.0019794100000000148,0.09999999999999998
ViSmish_08473,0,0,0.99934584,True,1.0,synthetic,Viễn thông,1.0,0.0024946109999999994,0.997505389,0.09999999999999998
ViSmish_08476,1,1,0.99962497,True,1.0,paraphrased,BHXH / Trợ cấp giả,1.0,0.99809986,0.0019001400000000501,0.09999999999999998
ViSmish_08477,0,0,0.9994823,True,1.0,real,Tin nhắn cá nhân và OTP,1.0,0.0022253231999999996,0.9977746768,0.09999999999999998
ViSmish_08479,1,1,0.99962676,True,1.0,paraphrased,BHXH / Trợ cấp giả,1.0,0.998104435,0.001895564999999988,0.09999999999999998
ViSmish_08480,0,0,0.9994617,True,1.0,synthetic,Tin nhắn cá nhân và OTP,1.0,0.0022681651999999996,0.9977318348,0.09999999999999998
ViSmish_08481,0,0,0.9994758,True,1.0,synthetic,Thương mại điện tử,1.0,0.002239006199999999,0.9977609938,0.09999999999999998
ViSmish_08482,1,1,0.99956495,True,1.0,synthetic_hard_negative,Khác,1.0,0.997956437,0.0020435629999999705,0.09999999999999998
ViSmish_08483,0,0,0.99946696,True,1.0,synthetic,Thương mại điện tử,1.0,0.0022571801999999993,0.9977428198,0.09999999999999998
ViSmish_08484,0,0,0.9992955,True,1.0,synthetic,Quảng cáo hợp lệ,1.0,0.0025864105999999997,0.9974135894,0.09999999999999998
ViSmish_08485,0,0,0.9993918,True,1.0,real,Viễn thông,1.0,0.0024075656999999993,0.9975924343,0.09999999999999998
ViSmish_08488,0,0,0.9994929,True,1.0,synthetic,Vận chuyển,1.0,0.0022028635999999996,0.9977971364,0.09999999999999998
ViSmish_08489,0,0,0.99938107,True,1.0,external_curated,P2P hard negative,1.0,0.0024281152999999995,0.9975718847,0.09999999999999998
ViSmish_08490,0,0,0.99934715,True,1.0,real,Viễn thông,1.0,0.0024921740999999994,0.9975078259,0.09999999999999998
ViSmish_08491,1,1,0.9996137,True,1.0,paraphrased,BHXH / Trợ cấp giả,1.0,0.99807186,0.001928139999999967,0.09999999999999998
ViSmish_08492,0,0,0.99944896,True,1.0,synthetic,Tin nhắn cá nhân và OTP,1.0,0.0022941013999999995,0.9977058986,0.09999999999999998
ViSmish_08494,0,0,0.99936575,True,1.0,synthetic,Ngân hàng thật,1.0,0.0024573074999999995,0.9975426925,0.09999999999999998
ViSmish_08495,0,0,0.9994823,True,1.0,real,Viễn thông,1.0,0.0022253013999999995,0.9977746986,0.09999999999999998
ViSmish_08496,0,0,0.9994721,True,1.0,synthetic,Dịch vụ công thật,1.0,0.0022466832999999994,0.9977533167,0.09999999999999998
ViSmish_08497,1,1,0.9994155,True,1.0,synthetic_hard_negative,Giả mạo ngân hàng,1.0,0.997638845,0.0023611550000000037,0.09999999999999998
ViSmish_08499,1,1,0.99960846,True,1.0,paraphrased,Dịch vụ công giả,1.0,0.99805909,0.0019409099999999624,0.09999999999999998
ViSmish_08501,1,1,0.9996158,True,1.0,paraphrased,Tuyển dụng giả,1.0,0.9980774,0.0019225999999999965,0.09999999999999998
ViSmish_08503,1,1,0.9996208,True,1.0,paraphrased,Giả mạo ngân hàng,1.0,0.99808957,0.0019104300000000185,0.09999999999999998
ViSmish_08506,0,0,0.9994517,True,1.0,real,Vận chuyển,1.0,0.0022886048999999995,0.9977113951,0.09999999999999998
ViSmish_08508,1,1,0.99960726,True,1.0,paraphrased,Cờ bạc / Betting,1.0,0.998056304,0.0019436959999999948,0.09999999999999998
ViSmish_08509,0,0,0.9994504,True,1.0,real,Tin nhắn cá nhân và OTP,1.0,0.0022913552999999994,0.9977086447,0.09999999999999998
ViSmish_08510,0,0,0.99941826,True,1.0,synthetic,Thương mại điện tử,1.0,0.002355753299999999,0.9976442467,0.09999999999999998
ViSmish_08511,0,0,0.9994949,True,1.0,real,Tin nhắn cá nhân và OTP,1.0,0.0021986548,0.9978013452,0.09999999999999998
ViSmish_08512,0,0,0.99945265,True,1.0,external_real,P2P hội thoại thông thường,1.0,0.0022865885999999993,0.9977134114,0.09999999999999998
ViSmish_08513,1,1,0.99954444,True,1.0,paraphrased,Nội dung nhạy cảm,1.0,0.997909945,0.002090055000000035,0.09999999999999998
ViSmish_08514,0,0,0.99948406,True,1.0,real,Tin nhắn cá nhân và OTP,1.0,0.0022216036999999998,0.9977783963,0.09999999999999998
ViSmish_08516,1,1,0.99961096,True,1.0,paraphrased,Dịch vụ công giả,1.0,0.998065305,0.0019346949999999863,0.09999999999999998
ViSmish_08517,0,0,0.9994616,True,1.0,synthetic,Tin nhắn cá nhân và OTP,1.0,0.0022683627999999997,0.9977316372,0.09999999999999998
ViSmish_08519,1,1,0.9995327,True,1.0,synthetic_hard_negative,Khác,1.0,0.997883576,0.0021164240000000056,0.09999999999999998
ViSmish_08520,0,0,0.99949884,True,1.0,synthetic,Vận chuyển,1.0,0.0021900737999999993,0.9978099262,0.09999999999999998
ViSmish_08521,0,0,0.99934274,True,1.0,synthetic,Dịch vụ công thật,1.0,0.0025004563999999996,0.9974995436,0.09999999999999998
ViSmish_08524,0,0,0.9994506,True,1.0,external_curated,P2P hard negative,1.0,0.0022907047999999996,0.9977092952,0.09999999999999998
ViSmish_08525,1,1,0.99961925,True,1.0,paraphrased,Crypto / Đầu tư giả,1.0,0.99808584,0.001914159999999998,0.09999999999999998
ViSmish_08526,1,1,0.9996189,True,1.0,paraphrased,BHXH / Trợ cấp giả,1.0,0.998084843,0.0019151570000000007,0.09999999999999998
ViSmish_08528,0,0,0.9994431,True,1.0,external_real,P2P hội thoại thông thường,1.0,0.0023059797999999995,0.9976940202,0.09999999999999998
ViSmish_08529,0,0,0.99941623,True,1.0,external_real,P2P hội thoại thông thường,1.0,0.0023598217999999996,0.9976401782,0.09999999999999998
ViSmish_08530,0,0,0.99947613,True,1.0,real,Viễn thông,1.0,0.0022381200999999993,0.9977618799,0.09999999999999998
ViSmish_08533,1,1,0.9995987,True,1.0,paraphrased,Crypto / Đầu tư giả,1.0,0.998035747,0.001964253000000027,0.09999999999999998
ViSmish_08535,0,0,0.9989818,True,1.0,external_real,P2P hội thoại thông thường,1.0,0.0030937434999999992,0.9969062565,0.09999999999999998
ViSmish_08536,1,1,0.99958426,True,1.0,paraphrased,Cờ bạc / Betting,1.0,0.99800142,0.001998579999999972,0.09999999999999998
ViSmish_08537,0,0,0.9994759,True,1.0,real,Khác,1.0,0.0022387654999999995,0.9977612345,0.09999999999999998
ViSmish_08539,1,1,0.9995378,True,1.0,paraphrased,Dịch vụ công giả,1.0,0.9978949,0.002105099999999971,0.09999999999999998
ViSmish_08540,1,1,0.99953794,True,1.0,paraphrased,Crypto / Đầu tư giả,1.0,0.99789515,0.002104850000000047,0.09999999999999998
ViSmish_08541,0,0,0.99943024,True,1.0,real,Viễn thông,1.0,0.0023318829999999994,0.997668117,0.09999999999999998
ViSmish_08542,1,1,0.99960464,True,1.0,paraphrased,Dịch vụ công giả,1.0,0.99804991,0.0019500900000000154,0.09999999999999998
ViSmish_08543,0,0,0.9993992,True,1.0,external_real,P2P hội thoại thông thường,1.0,0.0023931653999999993,0.9976068346,0.09999999999999998
ViSmish_08544,0,0,0.9994349,True,1.0,external_real,P2P hội thoại thông thường,1.0,0.0023226741999999995,0.9976773258,0.09999999999999998
ViSmish_08545,1,1,0.9996257,True,1.0,paraphrased,Dịch vụ công giả,1.0,0.99810167,0.0018983299999999481,0.09999999999999998
ViSmish_08546,1,1,0.9993303,True,1.0,paraphrased,Đòi nợ / Đe dọa,1.0,0.9974765800000001,0.002523419999999943,0.09999999999999998
ViSmish_08547,0,0,0.9994087,True,1.0,synthetic,Ngân hàng thật,1.0,0.0023745187999999993,0.9976254812,0.09999999999999998
ViSmish_08548,0,0,0.9992945,True,1.0,real,Tin nhắn cá nhân và OTP,1.0,0.0025881785999999993,0.9974118214,0.09999999999999998
ViSmish_08550,1,1,0.9994685,True,1.0,paraphrased,Dịch vụ công giả,1.0,0.99774596,0.002254039999999957,0.09999999999999998
ViSmish_08551,0,0,0.9994916,True,1.0,real,Viễn thông,1.0,0.0022057326999999995,0.9977942673,0.09999999999999998
ViSmish_08552,1,1,0.99961984,True,1.0,paraphrased,Dịch vụ công giả,1.0,0.99808709,0.0019129100000000454,0.09999999999999998
ViSmish_08553,1,1,0.99961877,True,1.0,paraphrased,Giả mạo ngân hàng,1.0,0.99808456,0.0019154399999999905,0.09999999999999998
ViSmish_08554,1,1,0.9996093,True,1.0,paraphrased,Dịch vụ công giả,1.0,0.998061293,0.001938706999999984,0.09999999999999998
ViSmish_08555,1,1,0.99958926,True,1.0,paraphrased,BHXH / Trợ cấp giả,1.0,0.99801309,0.001986909999999953,0.09999999999999998
ViSmish_08559,1,1,0.999616,True,1.0,paraphrased,BHXH / Trợ cấp giả,1.0,0.99807781,0.0019221900000000458,0.09999999999999998
ViSmish_08560,1,1,0.99962103,True,1.0,paraphrased,Nội dung nhạy cảm,1.0,0.998090094,0.0019099059999999612,0.09999999999999998
ViSmish_08561,0,0,0.9990269,True,1.0,external_curated,P2P hard negative,1.0,0.0030264548999999995,0.9969735451,0.09999999999999998
ViSmish_08562,1,1,0.99961984,True,1.0,paraphrased,Cờ bạc / Betting,1.0,0.9980873,0.0019126999999999894,0.09999999999999998
ViSmish_08563,0,0,0.99947256,True,1.0,external_curated,P2P hard negative,1.0,0.0022455704999999994,0.9977544295,0.09999999999999998
ViSmish_08567,1,1,0.9996171,True,1.0,paraphrased,Đòi nợ / Đe dọa,1.0,0.99808035,0.0019196500000000505,0.09999999999999998
ViSmish_08569,0,0,0.9993356,True,1.0,real,Quảng cáo hợp lệ,1.0,0.0025136600999999996,0.9974863399,0.09999999999999998
ViSmish_08570,1,1,0.9996196,True,1.0,paraphrased,Giả mạo ngân hàng,1.0,0.99808662,0.0019133799999999646,0.09999999999999998
ViSmish_08571,0,0,0.9994704,True,1.0,synthetic,Dịch vụ y tế,1.0,0.002250212999999999,0.997749787,0.09999999999999998
ViSmish_08572,0,0,0.99946314,True,1.0,real,Viễn thông,1.0,0.0022651169999999997,0.997734883,0.09999999999999998
ViSmish_08573,1,1,0.99959797,True,1.0,paraphrased,Crypto / Đầu tư giả,1.0,0.99803387,0.0019661300000000104,0.09999999999999998
ViSmish_08574,1,1,0.99949753,True,1.0,synthetic_hard_negative,Khác,1.0,0.99780701,0.0021929899999999503,0.09999999999999998
ViSmish_08575,1,1,0.9995278,True,1.0,synthetic_hard_negative,Khác,1.0,0.997872823,0.00212717699999998,0.09999999999999998
ViSmish_08576,1,1,0.999627,True,1.0,paraphrased,Tuyển dụng giả,1.0,0.998104835,0.0018951649999999765,0.09999999999999998
ViSmish_08578,0,0,0.99944395,True,1.0,synthetic,Ngân hàng thật,1.0,0.0023044723999999994,0.9976955276,0.09999999999999998
ViSmish_08580,0,0,0.9994823,True,1.0,synthetic,Dịch vụ y tế,1.0,0.0022253594999999994,0.9977746405,0.09999999999999998
ViSmish_08581,0,0,0.99945325,True,1.0,synthetic,Quảng cáo hợp lệ,1.0,0.0022854951999999994,0.9977145048,0.09999999999999998
ViSmish_08582,1,1,0.99961334,True,1.0,paraphrased,Cờ bạc / Betting,1.0,0.998071015,0.0019289850000000497,0.09999999999999998
ViSmish_08584,1,1,0.99962103,True,1.0,paraphrased,Tuyển dụng giả,1.0,0.998090047,0.0019099529999999643,0.09999999999999998
ViSmish_08586,1,1,0.99947184,True,1.0,synthetic_hard_negative,Giả mạo ngân hàng,1.0,0.99775277,0.0022472300000000445,0.09999999999999998
ViSmish_08587,1,1,0.9996164,True,1.0,paraphrased,Giả mạo ngân hàng,1.0,0.9980788,0.0019211999999999563,0.09999999999999998
ViSmish_08588,1,1,0.9996136,True,1.0,paraphrased,Tuyển dụng giả,1.0,0.99807163,0.0019283700000000126,0.09999999999999998
ViSmish_08590,0,0,0.9994529,True,1.0,synthetic,Dịch vụ y tế,1.0,0.0022860982999999995,0.9977139017,0.09999999999999998
ViSmish_08591,0,0,0.999102,True,1.0,real,Quảng cáo hợp lệ,1.0,0.0029107782999999994,0.9970892217,0.09999999999999998
ViSmish_08593,0,0,0.9993612,True,1.0,synthetic,Dịch vụ công thật,1.0,0.002465950999999999,0.997534049,0.09999999999999998
ViSmish_08595,1,1,0.99946433,True,1.0,real,Cờ bạc / Betting,1.0,0.99773737,0.0022626300000000432,0.09999999999999998
ViSmish_08596,1,1,0.99957436,True,1.0,synthetic_hard_negative,Tuyển dụng giả,1.0,0.997978324,0.002021676000000028,0.09999999999999998
ViSmish_08597,1,1,0.99960905,True,1.0,paraphrased,BHXH / Trợ cấp giả,1.0,0.99806074,0.0019392599999999982,0.09999999999999998
ViSmish_08598,1,1,0.99961674,True,1.0,paraphrased,BHXH / Trợ cấp giả,1.0,0.99807967,0.0019203300000000256,0.09999999999999998
ViSmish_08601,0,0,0.9994555,True,1.0,external_curated,P2P hard negative,1.0,0.0022808959999999993,0.997719104,0.09999999999999998
ViSmish_08602,1,1,0.9995976,True,1.0,paraphrased,Crypto / Đầu tư giả,1.0,0.99803295,0.00196704999999997,0.09999999999999998
ViSmish_08604,0,0,0.99948114,True,1.0,synthetic,Quảng cáo hợp lệ,1.0,0.0022277157999999993,0.9977722842,0.09999999999999998
ViSmish_08605,0,0,0.9994155,True,1.0,synthetic,Viễn thông,1.0,0.0023612506999999994,0.9976387493,0.09999999999999998
ViSmish_08607,0,0,0.9994764,True,1.0,synthetic,Thương mại điện tử,1.0,0.0022376569999999992,0.997762343,0.09999999999999998
ViSmish_08609,1,1,0.99962616,True,1.0,paraphrased,Nội dung nhạy cảm,1.0,0.99810286,0.0018971399999999639,0.09999999999999998
ViSmish_08610,1,1,0.99957985,True,1.0,paraphrased,Tuyển dụng giả,1.0,0.99799098,0.002009020000000028,0.09999999999999998
ViSmish_08611,1,1,0.9995932,True,1.0,paraphrased,Tuyển dụng giả,1.0,0.99802264,0.001977360000000039,0.09999999999999998
ViSmish_08613,0,0,0.99941814,True,1.0,synthetic,Dịch vụ công thật,1.0,0.0023560352999999995,0.9976439647,0.09999999999999998
ViSmish_08614,1,1,0.99961877,True,1.0,paraphrased,Tuyển dụng giả,1.0,0.99808452,0.0019154799999999694,0.09999999999999998
ViSmish_08615,1,1,0.99955195,True,1.0,paraphrased,Crypto / Đầu tư giả,1.0,0.997926724,0.0020732759999999573,0.09999999999999998
ViSmish_08616,0,0,0.999479,True,1.0,synthetic,Dịch vụ y tế,1.0,0.0022322484999999993,0.9977677515,0.09999999999999998
ViSmish_08618,0,0,0.9994184,True,1.0,synthetic,Tin nhắn cá nhân và OTP,1.0,0.0023555267999999996,0.9976444732,0.09999999999999998
ViSmish_08621,1,1,0.99954456,True,1.0,synthetic_hard_negative,Dịch vụ công giả,1.0,0.997910196,0.0020898040000000284,0.09999999999999998
ViSmish_08622,0,0,0.99937016,True,1.0,external_curated,P2P hard negative,1.0,0.0024491134999999995,0.9975508865,0.09999999999999998
ViSmish_08623,0,0,0.9994941,True,1.0,synthetic,Dịch vụ y tế,1.0,0.0022001839999999996,0.997799816,0.09999999999999998
ViSmish_08624,1,1,0.9995783,True,1.0,paraphrased,Cờ bạc / Betting,1.0,0.99798742,0.0020125800000000416,0.09999999999999998
ViSmish_08625,1,1,0.99962306,True,1.0,paraphrased,Đòi nợ / Đe dọa,1.0,0.998095083,0.0019049169999999505,0.09999999999999998
ViSmish_08628,0,0,0.999469,True,1.0,real,Viễn thông,1.0,0.0022531104999999993,0.9977468895,0.09999999999999998
ViSmish_08629,0,0,0.99947315,True,1.0,synthetic,Vận chuyển,1.0,0.0022444459999999993,0.997755554,0.09999999999999998
ViSmish_08630,1,1,0.9996006,True,1.0,paraphrased,Nội dung nhạy cảm,1.0,0.99804032,0.001959680000000019,0.09999999999999998
ViSmish_08631,0,0,0.9994722,True,1.0,real,Khác,1.0,0.002246484199999999,0.9977535158,0.09999999999999998
ViSmish_08632,1,1,0.9996112,True,1.0,paraphrased,Dịch vụ công giả,1.0,0.998065776,0.0019342239999999844,0.09999999999999998
ViSmish_08633,0,0,0.9962913,True,1.0,real,Dịch vụ công thật,1.0,0.005750383999999999,0.994249616,0.09999999999999998
ViSmish_08634,0,0,0.99368614,True,1.0,real,Viễn thông,1.0,0.007382683999999999,0.992617316,0.09999999999999998
ViSmish_08637,1,1,0.9996263,True,1.0,paraphrased,Tuyển dụng giả,1.0,0.998103195,0.0018968050000000014,0.09999999999999998
ViSmish_08638,1,1,0.99962044,True,1.0,paraphrased,Crypto / Đầu tư giả,1.0,0.99808879,0.001911210000000052,0.09999999999999998
ViSmish_08639,0,0,0.99942505,True,1.0,real,Viễn thông,1.0,0.0023423762999999994,0.9976576237,0.09999999999999998
ViSmish_08641,1,1,0.9995926,True,1.0,paraphrased,Tuyển dụng giả,1.0,0.998021096,0.0019789040000000035,0.09999999999999998
ViSmish_08643,0,0,0.9993381,True,1.0,synthetic,Tin nhắn cá nhân và OTP,1.0,0.0025089363999999995,0.9974910636,0.09999999999999998
ViSmish_08645,1,1,0.9996278,True,1.0,paraphrased,Cờ bạc / Betting,1.0,0.998107105,0.0018928950000000055,0.09999999999999998
ViSmish_08646,1,1,0.99962294,True,1.0,paraphrased,Giả mạo ngân hàng,1.0,0.99809476,0.0019052400000000302,0.09999999999999998
ViSmish_08647,0,0,0.99919444,True,1.0,real,Viễn thông,1.0,0.0027610467999999995,0.9972389532,0.09999999999999998
ViSmish_08649,0,0,0.9994504,True,1.0,external_curated,P2P hard negative,1.0,0.0022912509999999994,0.997708749,0.09999999999999998
ViSmish_08650,1,1,0.9996213,True,1.0,paraphrased,Cờ bạc / Betting,1.0,0.998090726,0.0019092739999999608,0.09999999999999998
ViSmish_08651,0,0,0.9994815,True,1.0,synthetic,Quảng cáo hợp lệ,1.0,0.0022271135999999995,0.9977728864,0.09999999999999998
ViSmish_08653,1,1,0.99962234,True,1.0,paraphrased,Giả mạo ngân hàng,1.0,0.99809333,0.0019066699999999992,0.09999999999999998
ViSmish_08655,1,1,0.9996101,True,1.0,paraphrased,Nội dung nhạy cảm,1.0,0.998063195,0.0019368050000000414,0.09999999999999998
ViSmish_08656,1,1,0.9995254,True,1.0,synthetic_hard_negative,Giả mạo ngân hàng,1.0,0.997867405,0.0021325949999999594,0.09999999999999998
ViSmish_08657,0,0,0.9994659,True,1.0,synthetic,Tin nhắn cá nhân và OTP,1.0,0.0022595812999999993,0.9977404187,0.09999999999999998
ViSmish_08660,1,1,0.99956316,True,1.0,paraphrased,BHXH / Trợ cấp giả,1.0,0.997952193,0.002047806999999957,0.09999999999999998
ViSmish_08661,1,1,0.9996092,True,1.0,paraphrased,Nội dung nhạy cảm,1.0,0.99806107,0.0019389300000000054,0.09999999999999998
ViSmish_08662,1,1,0.9995623,True,1.0,paraphrased,Cờ bạc / Betting,1.0,0.997950256,0.00204974400000002,0.09999999999999998
ViSmish_08663,0,0,0.9994703,True,1.0,synthetic,Quảng cáo hợp lệ,1.0,0.00225037,0.99774963,0.09999999999999998
ViSmish_08664,0,0,0.9994844,True,1.0,external_curated,P2P hard negative,1.0,0.0022208049999999993,0.997779195,0.09999999999999998
ViSmish_08666,1,1,0.99961406,True,1.0,paraphrased,Dịch vụ công giả,1.0,0.99807288,0.0019271199999999489,0.09999999999999998
ViSmish_08668,0,0,0.99935657,True,1.0,external_curated,P2P hard negative,1.0,0.0024746239999999995,0.997525376,0.09999999999999998
ViSmish_08672,0,0,0.9994618,True,1.0,real,Ngân hàng thật,1.0,0.0022677469999999996,0.997732253,0.09999999999999998
ViSmish_08675,0,0,0.99929714,True,1.0,external_curated,P2P hard negative,1.0,0.0025835044999999997,0.9974164955,0.09999999999999998
ViSmish_08676,0,0,0.99943584,True,1.0,real,Viễn thông,1.0,0.0023207299999999996,0.99767927,0.09999999999999998
ViSmish_08677,0,0,0.9994381,True,1.0,synthetic,Dịch vụ y tế,1.0,0.0023161027999999994,0.9976838972,0.09999999999999998
ViSmish_08678,1,1,0.9996111,True,1.0,paraphrased,BHXH / Trợ cấp giả,1.0,0.998065716,0.0019342839999999528,0.09999999999999998
ViSmish_08680,0,0,0.9994836,True,1.0,synthetic,Vận chuyển,1.0,0.0022224923999999997,0.9977775076,0.09999999999999998
ViSmish_08681,1,1,0.9996202,True,1.0,paraphrased,Tuyển dụng giả,1.0,0.99808803,0.001911969999999985,0.09999999999999998
ViSmish_08683,1,1,0.99960846,True,1.0,paraphrased,Dịch vụ công giả,1.0,0.998059225,0.0019407750000000057,0.09999999999999998
ViSmish_08685,0,0,0.9993843,True,1.0,real,Tin nhắn cá nhân và OTP,1.0,0.0024219480999999998,0.9975780519,0.09999999999999998
ViSmish_08686,0,0,0.99948716,True,1.0,real,Viễn thông,1.0,0.0022149487999999994,0.9977850512,0.09999999999999998
ViSmish_08687,0,0,0.99877256,True,1.0,real,Dịch vụ công thật,1.0,0.0033869381999999996,0.9966130618,0.09999999999999998
ViSmish_08688,0,0,0.99943477,True,1.0,real,Khác,1.0,0.0023229380999999997,0.9976770619,0.09999999999999998
ViSmish_08689,0,0,0.9991246,True,1.0,synthetic,Quảng cáo hợp lệ,1.0,0.0028749968999999993,0.9971250031,0.09999999999999998
ViSmish_08690,1,1,0.99958223,True,1.0,paraphrased,Tuyển dụng giả,1.0,0.99799652,0.0020034799999999464,0.09999999999999998
ViSmish_08691,1,1,0.99961346,True,1.0,paraphrased,Cờ bạc / Betting,1.0,0.998071355,0.0019286450000000066,0.09999999999999998
ViSmish_08692,1,1,0.99960417,True,1.0,paraphrased,Dịch vụ công giả,1.0,0.99804889,0.0019511100000000337,0.09999999999999998
ViSmish_08693,1,1,0.99960095,True,1.0,paraphrased,Giả mạo ngân hàng,1.0,0.998041165,0.0019588350000000476,0.09999999999999998
ViSmish_08694,1,1,0.99960667,True,1.0,paraphrased,Tuyển dụng giả,1.0,0.998054963,0.0019450370000000383,0.09999999999999998
ViSmish_08695,0,0,0.9993445,True,1.0,external_curated,P2P hard negative,1.0,0.0024971805999999992,0.9975028194,0.09999999999999998
ViSmish_08696,0,0,0.9993673,True,1.0,synthetic,Viễn thông,1.0,0.0024545043999999994,0.9975454956,0.09999999999999998
ViSmish_08697,0,0,0.99934536,True,1.0,external_curated,P2P hard negative,1.0,0.0024956354999999993,0.9975043645,0.09999999999999998
ViSmish_08698,0,0,0.9994842,True,1.0,synthetic,Thương mại điện tử,1.0,0.0022213331999999994,0.9977786668,0.09999999999999998
ViSmish_08701,0,0,0.9981635,True,1.0,real,Khác,1.0,0.004112950999999999,0.995887049,0.09999999999999998
ViSmish_08702,0,0,0.9994754,True,1.0,external_real,P2P hội thoại thông thường,1.0,0.0022396010999999995,0.9977603989,0.09999999999999998
ViSmish_08705,0,0,0.9992112,True,1.0,real,Khác,1.0,0.0027328293999999993,0.9972671706,0.09999999999999998
ViSmish_08707,1,1,0.9995608,True,1.0,paraphrased,Crypto / Đầu tư giả,1.0,0.997946954,0.002053046000000003,0.09999999999999998
ViSmish_08711,0,0,0.9994299,True,1.0,synthetic,Quảng cáo hợp lệ,1.0,0.0023325623999999995,0.9976674376,0.09999999999999998
ViSmish_08712,0,0,0.9994666,True,1.0,real,Khác,1.0,0.0022581295999999995,0.9977418704,0.09999999999999998
ViSmish_08715,0,0,0.9993481,True,1.0,real,Viễn thông,1.0,0.0024904359999999995,0.997509564,0.09999999999999998
ViSmish_08716,1,1,0.99953055,True,1.0,paraphrased,Crypto / Đầu tư giả,1.0,0.99787869,0.002121310000000043,0.09999999999999998
ViSmish_08718,0,0,0.99937016,True,1.0,external_curated,P2P hard negative,1.0,0.0024489433999999996,0.9975510566,0.09999999999999998
ViSmish_08722,1,1,0.9995939,True,1.0,paraphrased,Cờ bạc / Betting,1.0,0.99802412,0.001975880000000041,0.09999999999999998
ViSmish_08723,0,0,0.99949276,True,1.0,synthetic,Vận chuyển,1.0,0.0022030125999999996,0.9977969874,0.09999999999999998
ViSmish_08724,1,1,0.99962044,True,1.0,paraphrased,Giả mạo ngân hàng,1.0,0.9980888,0.0019112000000000018,0.09999999999999998
ViSmish_08725,0,0,0.9994529,True,1.0,synthetic,Ngân hàng thật,1.0,0.002286218099999999,0.9977137819,0.09999999999999998
ViSmish_08726,1,1,0.99958926,True,1.0,paraphrased,Cờ bạc / Betting,1.0,0.998013204,0.0019867959999999574,0.09999999999999998
ViSmish_08727,1,1,0.9995327,True,1.0,synthetic_hard_negative,Khác,1.0,0.99788343,0.0021165699999999843,0.09999999999999998
ViSmish_08729,0,0,0.99861455,True,1.0,real,Khác,1.0,0.003590925999999999,0.996409074,0.09999999999999998
ViSmish_08730,0,1,0.7746987,False,0.3,real,Tin nhắn cá nhân và OTP,0.3,0.019489613999999992,0.980510386,0.029999999999999992
ViSmish_08734,1,1,0.9996094,True,1.0,paraphrased,Nội dung nhạy cảm,1.0,0.99806152,0.0019384799999999647,0.09999999999999998
ViSmish_08736,0,0,0.9994698,True,1.0,synthetic,Tin nhắn cá nhân và OTP,1.0,0.0022513763999999995,0.9977486236,0.09999999999999998
ViSmish_08737,1,1,0.9996196,True,1.0,paraphrased,BHXH / Trợ cấp giả,1.0,0.99808671,0.0019132899999999564,0.09999999999999998
ViSmish_08738,1,1,0.9996069,True,1.0,paraphrased,BHXH / Trợ cấp giả,1.0,0.998055536,0.0019444640000000346,0.09999999999999998
ViSmish_08739,0,0,0.9994417,True,1.0,synthetic,Dịch vụ công thật,1.0,0.0023089626999999997,0.9976910373,0.09999999999999998
ViSmish_08741,1,1,0.99962056,True,1.0,paraphrased,BHXH / Trợ cấp giả,1.0,0.99808889,0.0019111099999999936,0.09999999999999998
ViSmish_08742,0,0,0.99948704,True,1.0,synthetic,Viễn thông,1.0,0.0022152164999999996,0.9977847835,0.09999999999999998
ViSmish_08743,1,1,0.9995685,True,1.0,paraphrased,Nội dung nhạy cảm,1.0,0.99796453,0.002035470000000039,0.09999999999999998
ViSmish_08744,1,1,0.9996247,True,1.0,paraphrased,BHXH / Trợ cấp giả,1.0,0.9980993,0.0019006999999999774,0.09999999999999998
ViSmish_08745,1,1,0.9995963,True,1.0,paraphrased,Dịch vụ công giả,1.0,0.998030007,0.001969993000000003,0.09999999999999998
ViSmish_08746,0,0,0.9994567,True,1.0,synthetic,Thương mại điện tử,1.0,0.0022784722999999994,0.9977215277,0.09999999999999998
ViSmish_08747,1,1,0.9995938,True,1.0,paraphrased,Cờ bạc / Betting,1.0,0.998024005,0.001975995000000008,0.09999999999999998
ViSmish_08749,1,1,0.9995598,True,1.0,paraphrased,Dịch vụ công giả,1.0,0.99794479,0.002055209999999974,0.09999999999999998
ViSmish_08750,0,0,0.98832256,True,1.0,external_curated,P2P hard negative,1.0,0.009804182499999998,0.9901958175,0.09999999999999998
ViSmish_08753,1,1,0.9996289,True,1.0,paraphrased,BHXH / Trợ cấp giả,1.0,0.998109734,0.0018902659999999738,0.09999999999999998
ViSmish_08755,0,0,0.9994773,True,1.0,synthetic,Thương mại điện tử,1.0,0.0022357906999999995,0.9977642093,0.09999999999999998
ViSmish_08756,1,1,0.99946576,True,1.0,paraphrased,Crypto / Đầu tư giả,1.0,0.9977401260000001,0.0022598739999999395,0.09999999999999998
ViSmish_08758,1,1,0.9989882,True,1.0,real,Khác,1.0,0.996915776,0.0030842239999999688,0.09999999999999998
ViSmish_08759,1,1,0.99961287,True,1.0,paraphrased,Crypto / Đầu tư giả,1.0,0.9980700849999999,0.0019299150000000598,0.09999999999999998
ViSmish_08760,1,1,0.999456,True,1.0,paraphrased,BHXH / Trợ cấp giả,1.0,0.99772016,0.002279840000000033,0.09999999999999998
ViSmish_08761,0,0,0.99938715,True,1.0,synthetic,Dịch vụ công thật,1.0,0.0024164733999999994,0.9975835266,0.09999999999999998
ViSmish_08762,1,1,0.9996233,True,1.0,paraphrased,Tuyển dụng giả,1.0,0.99809591,0.001904090000000025,0.09999999999999998
ViSmish_08764,1,1,0.9995394,True,1.0,synthetic_hard_negative,BHXH / Trợ cấp giả,1.0,0.997898394,0.002101605999999978,0.09999999999999998
ViSmish_08765,1,1,0.99950945,True,1.0,synthetic_hard_negative,Tuyển dụng giả,1.0,0.9978327,0.002167299999999983,0.09999999999999998
ViSmish_08766,1,1,0.9995883,True,1.0,paraphrased,Nội dung nhạy cảm,1.0,0.99801104,0.0019889600000000396,0.09999999999999998
ViSmish_08767,0,0,0.9994529,True,1.0,synthetic,Tin nhắn cá nhân và OTP,1.0,0.0022862161999999994,0.9977137838,0.09999999999999998
ViSmish_08768,0,0,0.99947244,True,1.0,synthetic,Tin nhắn cá nhân và OTP,1.0,0.0022458424999999994,0.9977541575,0.09999999999999998
ViSmish_08769,0,0,0.99947494,True,1.0,synthetic,Thương mại điện tử,1.0,0.0022405889999999994,0.997759411,0.09999999999999998
ViSmish_08770,0,0,0.99943894,True,1.0,synthetic,Dịch vụ công thật,1.0,0.0023144481999999994,0.9976855518,0.09999999999999998
ViSmish_08771,1,1,0.9996228,True,1.0,paraphrased,Tuyển dụng giả,1.0,0.99809461,0.0019053900000000068,0.09999999999999998
ViSmish_08772,1,1,0.9995741,True,1.0,synthetic_hard_negative,Khác,1.0,0.99797759,0.00202241000000003,0.09999999999999998
ViSmish_08775,1,1,0.9996196,True,1.0,paraphrased,Tuyển dụng giả,1.0,0.99808671,0.0019132899999999564,0.09999999999999998
ViSmish_08776,1,1,0.9991898,True,1.0,paraphrased,Cờ bạc / Betting,1.0,0.997231364,0.002768635999999991,0.09999999999999998
ViSmish_08781,1,1,0.9995858,True,1.0,paraphrased,Cờ bạc / Betting,1.0,0.99800506,0.0019949400000000006,0.09999999999999998
ViSmish_08782,0,0,0.99948406,True,1.0,synthetic,Tin nhắn cá nhân và OTP,1.0,0.0022213866999999995,0.9977786133,0.09999999999999998
ViSmish_08783,1,1,0.999595,True,1.0,paraphrased,Dịch vụ công giả,1.0,0.998026776,0.0019732239999999956,0.09999999999999998
ViSmish_08784,0,0,0.99774975,True,1.0,external_curated,P2P hard negative,1.0,0.004533689499999999,0.9954663105,0.09999999999999998
ViSmish_08785,1,1,0.9995927,True,1.0,paraphrased,Nội dung nhạy cảm,1.0,0.998021394,0.001978605999999994,0.09999999999999998
ViSmish_08786,0,0,0.9994037,True,1.0,synthetic,Viễn thông,1.0,0.0023842917999999996,0.9976157082,0.09999999999999998
ViSmish_08787,0,0,0.9994504,True,1.0,synthetic,Tin nhắn cá nhân và OTP,1.0,0.0022911859999999993,0.997708814,0.09999999999999998
ViSmish_08788,0,0,0.9994325,True,1.0,real,Dịch vụ công thật,1.0,0.0023272867999999994,0.9976727132,0.09999999999999998
ViSmish_08790,1,1,0.99950874,True,1.0,synthetic_hard_negative,Khác,1.0,0.997831124,0.0021688760000000418,0.09999999999999998
ViSmish_08792,0,0,0.9994622,True,1.0,synthetic,Dịch vụ y tế,1.0,0.0022672203999999996,0.9977327796,0.09999999999999998
ViSmish_08793,1,1,0.9996195,True,1.0,paraphrased,Dịch vụ công giả,1.0,0.99808639,0.00191361000000001,0.09999999999999998
ViSmish_08797,1,1,0.9996209,True,1.0,paraphrased,BHXH / Trợ cấp giả,1.0,0.998090017,0.001909983000000004,0.09999999999999998
ViSmish_08798,0,0,0.9994229,True,1.0,external_real,P2P hội thoại thông thường,1.0,0.0023466815999999995,0.9976533184,0.09999999999999998
ViSmish_08799,1,1,0.999619,True,1.0,paraphrased,Crypto / Đầu tư giả,1.0,0.99808529,0.0019147099999999861,0.09999999999999998
ViSmish_08801,0,0,0.9994849,True,1.0,real,Tin nhắn cá nhân và OTP,1.0,0.0022197620999999997,0.9977802379,0.09999999999999998
ViSmish_08803,0,0,0.99948287,True,1.0,synthetic,Quảng cáo hợp lệ,1.0,0.0022240424999999996,0.9977759575,0.09999999999999998
ViSmish_08804,1,1,0.9995732,True,1.0,paraphrased,Nội dung nhạy cảm,1.0,0.9979754750000001,0.0020245249999999437,0.09999999999999998
ViSmish_08806,1,1,0.9996184,True,1.0,paraphrased,Nội dung nhạy cảm,1.0,0.99808367,0.0019163300000000216,0.09999999999999998
ViSmish_08807,0,1,0.9971589,False,0.3,synthetic,Ngân hàng thật,0.3,0.02847981149999999,0.9715201885,0.029999999999999992
ViSmish_08809,0,0,0.99944264,True,1.0,external_real,P2P hội thoại thông thường,1.0,0.0023069536,0.9976930464,0.09999999999999998
ViSmish_08810,1,1,0.9995664,True,1.0,synthetic_hard_negative,Giả mạo ngân hàng,1.0,0.9979596,0.0020404000000000533,0.09999999999999998
ViSmish_08811,0,0,0.9994035,True,1.0,external_curated,P2P hard negative,1.0,0.0023848799999999994,0.99761512,0.09999999999999998
ViSmish_08813,0,0,0.99940956,True,1.0,real,Viễn thông,1.0,0.0023730361999999994,0.9976269638,0.09999999999999998
ViSmish_08815,0,0,0.99945146,True,1.0,synthetic,Tin nhắn cá nhân và OTP,1.0,0.0022890572,0.9977109428,0.09999999999999998
ViSmish_08817,0,0,0.99948955,True,1.0,synthetic,Vận chuyển,1.0,0.0022099021999999993,0.9977900978,0.09999999999999998
ViSmish_08818,0,0,0.9991509,True,1.0,external_curated,P2P hard negative,1.0,0.0028326445999999994,0.9971673554,0.09999999999999998
ViSmish_08819,0,0,0.9993555,True,1.0,synthetic,Tin nhắn cá nhân và OTP,1.0,0.0024767113999999996,0.9975232886,0.09999999999999998
ViSmish_08820,1,1,0.99957734,True,1.0,paraphrased,Nội dung nhạy cảm,1.0,0.99798527,0.0020147299999999646,0.09999999999999998
ViSmish_08822,1,1,0.999613,True,1.0,paraphrased,Dịch vụ công giả,1.0,0.99807037,0.0019296300000000155,0.09999999999999998
ViSmish_08823,0,0,0.99947566,True,1.0,synthetic,Viễn thông,1.0,0.0022393119999999994,0.997760688,0.09999999999999998
ViSmish_08825,0,0,0.99941504,True,1.0,external_real,P2P hội thoại thông thường,1.0,0.0023622812999999996,0.9976377187,0.09999999999999998
ViSmish_08826,1,1,0.999619,True,1.0,paraphrased,BHXH / Trợ cấp giả,1.0,0.998085266,0.0019147339999999735,0.09999999999999998
ViSmish_08828,1,1,0.9996165,True,1.0,paraphrased,BHXH / Trợ cấp giả,1.0,0.9980788899999999,0.0019211100000000592,0.09999999999999998
ViSmish_08830,0,0,0.9994856,True,1.0,synthetic,Vận chuyển,1.0,0.0022182823999999995,0.9977817176,0.09999999999999998
ViSmish_08831,1,1,0.9995166,True,1.0,paraphrased,Crypto / Đầu tư giả,1.0,0.997848034,0.002151966000000005,0.09999999999999998
ViSmish_08833,0,0,0.9994186,True,1.0,synthetic,Vận chuyển,1.0,0.0023551359999999994,0.997644864,0.09999999999999998
ViSmish_08834,0,0,0.9994894,True,1.0,real,Tin nhắn cá nhân và OTP,1.0,0.0022101791999999993,0.9977898208,0.09999999999999998
ViSmish_08835,1,1,0.9996189,True,1.0,paraphrased,Giả mạo ngân hàng,1.0,0.998084855,0.001915145000000007,0.09999999999999998
ViSmish_08836,0,0,0.99940133,True,1.0,real,Viễn thông,1.0,0.0023889827999999994,0.9976110172,0.09999999999999998
ViSmish_08837,0,0,0.9994868,True,1.0,real,Tin nhắn cá nhân và OTP,1.0,0.0022156259999999996,0.997784374,0.09999999999999998
ViSmish_08838,1,1,0.9994374,True,1.0,paraphrased,Đòi nợ / Đe dọa,1.0,0.9976824,0.0023176000000000307,0.09999999999999998
ViSmish_08839,1,1,0.9996246,True,1.0,paraphrased,Dịch vụ công giả,1.0,0.998098963,0.0019010369999999943,0.09999999999999998
ViSmish_08840,1,1,0.99949,True,1.0,synthetic_hard_negative,Dịch vụ công giả,1.0,0.99779108,0.0022089199999999476,0.09999999999999998
ViSmish_08841,0,0,0.99941766,True,1.0,external_real,P2P hội thoại thông thường,1.0,0.002356947599999999,0.9976430524,0.09999999999999998
ViSmish_08842,1,1,0.99760014,True,1.0,paraphrased,Nội dung nhạy cảm,1.0,0.99532458,0.004675419999999986,0.09999999999999998
ViSmish_08843,1,1,0.9996228,True,1.0,paraphrased,Dịch vụ công giả,1.0,0.998094636,0.001905363999999965,0.09999999999999998
ViSmish_08844,1,1,0.9996221,True,1.0,paraphrased,Cờ bạc / Betting,1.0,0.99809269,0.0019073099999999954,0.09999999999999998
ViSmish_08845,1,1,0.9996283,True,1.0,paraphrased,BHXH / Trợ cấp giả,1.0,0.998108083,0.0018919170000000207,0.09999999999999998
ViSmish_08846,0,0,0.99929595,True,1.0,synthetic,Quảng cáo hợp lệ,1.0,0.0025856769999999993,0.997414323,0.09999999999999998
ViSmish_08847,0,0,0.9994717,True,1.0,real,Viễn thông,1.0,0.0022474335999999994,0.9977525664,0.09999999999999998
ViSmish_08848,0,0,0.9995024,True,1.0,synthetic,Thương mại điện tử,1.0,0.0021823609999999994,0.997817639,0.09999999999999998
ViSmish_08853,0,0,0.99948454,True,1.0,synthetic,Vận chuyển,1.0,0.0022205729999999996,0.997779427,0.09999999999999998
ViSmish_08854,1,1,0.9994916,True,1.0,synthetic_hard_negative,Khác,1.0,0.997794366,0.0022056339999999564,0.09999999999999998
ViSmish_08855,1,1,0.9996007,True,1.0,paraphrased,BHXH / Trợ cấp giả,1.0,0.998040444,0.0019595559999999734,0.09999999999999998
ViSmish_08856,1,1,0.99950933,True,1.0,synthetic_hard_negative,Giả mạo ngân hàng,1.0,0.997832423,0.0021675770000000316,0.09999999999999998
ViSmish_08857,1,1,0.9996283,True,1.0,paraphrased,BHXH / Trợ cấp giả,1.0,0.998108196,0.001891803999999997,0.09999999999999998
ViSmish_08858,1,1,0.99962354,True,1.0,paraphrased,Nội dung nhạy cảm,1.0,0.998096436,0.0019035640000000242,0.09999999999999998
ViSmish_08859,0,0,0.9994912,True,1.0,real,Tin nhắn cá nhân và OTP,1.0,0.0022064610999999994,0.9977935389,0.09999999999999998
ViSmish_08861,0,0,0.9992994,True,1.0,real,Viễn thông,1.0,0.0025795718999999996,0.9974204281,0.09999999999999998
ViSmish_08862,1,1,0.99950016,True,1.0,synthetic_hard_negative,Khác,1.0,0.9978126469999999,0.0021873530000000585,0.09999999999999998
ViSmish_08865,0,0,0.99939823,True,1.0,synthetic,Tin nhắn cá nhân và OTP,1.0,0.0023951243999999995,0.9976048756,0.09999999999999998
ViSmish_08866,1,1,0.99959046,True,1.0,paraphrased,Giả mạo ngân hàng,1.0,0.99801589,0.0019841099999999834,0.09999999999999998
ViSmish_08867,1,1,0.9995479,True,1.0,paraphrased,Crypto / Đầu tư giả,1.0,0.99791764,0.00208235999999995,0.09999999999999998
ViSmish_08868,0,0,0.9994216,True,1.0,synthetic,Dịch vụ công thật,1.0,0.0023492315999999996,0.9976507684,0.09999999999999998
ViSmish_08869,1,1,0.99960893,True,1.0,paraphrased,Tuyển dụng giả,1.0,0.99806045,0.001939550000000012,0.09999999999999998
ViSmish_08870,1,1,0.9996088,True,1.0,paraphrased,Crypto / Đầu tư giả,1.0,0.99805997,0.0019400299999999815,0.09999999999999998
ViSmish_08872,1,1,0.9994604,True,1.0,paraphrased,Đòi nợ / Đe dọa,1.0,0.99772929,0.002270710000000009,0.09999999999999998
ViSmish_08873,0,0,0.9994867,True,1.0,real,Tin nhắn cá nhân và OTP,1.0,0.0022159961999999992,0.9977840038,0.09999999999999998
ViSmish_08874,0,0,0.99890137,True,1.0,external_curated,P2P hard negative,1.0,0.0032099529999999993,0.996790047,0.09999999999999998
ViSmish_08875,1,1,0.9996207,True,1.0,paraphrased,Dịch vụ công giả,1.0,0.998089325,0.0019106749999999728,0.09999999999999998
ViSmish_08876,1,1,0.99962354,True,1.0,paraphrased,BHXH / Trợ cấp giả,1.0,0.998096246,0.0019037539999999797,0.09999999999999998
ViSmish_08877,1,1,0.99960357,True,1.0,paraphrased,Nội dung nhạy cảm,1.0,0.99804739,0.0019526100000000213,0.09999999999999998
ViSmish_08878,1,1,0.99951375,True,1.0,paraphrased,Dịch vụ công giả,1.0,0.997842056,0.0021579440000000227,0.09999999999999998
ViSmish_08879,0,0,0.99947137,True,1.0,real,Khác,1.0,0.0022482428999999996,0.9977517571,0.09999999999999998
ViSmish_08880,1,1,0.99963546,True,1.0,paraphrased,BHXH / Trợ cấp giả,1.0,0.99812615,0.0018738499999999547,0.09999999999999998
ViSmish_08881,1,1,0.9995617,True,1.0,synthetic_hard_negative,Đòi nợ / Đe dọa,1.0,0.99794892,0.002051079999999983,0.09999999999999998
ViSmish_08882,1,1,0.9995788,True,1.0,paraphrased,Cờ bạc / Betting,1.0,0.997988474,0.0020115259999999857,0.09999999999999998
ViSmish_08883,0,0,0.9994357,True,1.0,synthetic,Dịch vụ công thật,1.0,0.0023208535999999992,0.9976791464,0.09999999999999998
ViSmish_08885,0,0,0.9994462,True,1.0,synthetic,Ngân hàng thật,1.0,0.0022997587999999992,0.9977002412,0.09999999999999998
ViSmish_08886,1,1,0.9996245,True,1.0,paraphrased,Đòi nợ / Đe dọa,1.0,0.9980987100000001,0.0019012899999999444,0.09999999999999998
ViSmish_08887,1,1,0.99961746,True,1.0,paraphrased,Dịch vụ công giả,1.0,0.99808133,0.0019186700000000112,0.09999999999999998
ViSmish_08888,1,1,0.9994367,True,1.0,paraphrased,Cờ bạc / Betting,1.0,0.99768108,0.002318920000000002,0.09999999999999998
ViSmish_08889,1,1,0.99962413,True,1.0,paraphrased,Dịch vụ công giả,1.0,0.99809785,0.0019021500000000469,0.09999999999999998
ViSmish_08890,1,1,0.99961495,True,1.0,paraphrased,Dịch vụ công giả,1.0,0.99807522,0.0019247799999999593,0.09999999999999998
ViSmish_08891,1,1,0.9996007,True,1.0,paraphrased,Crypto / Đầu tư giả,1.0,0.99804052,0.0019594800000000134,0.09999999999999998
ViSmish_08892,0,0,0.9994691,True,1.0,real,Viễn thông,1.0,0.0022527419999999994,0.997747258,0.09999999999999998
ViSmish_08895,0,0,0.99943155,True,1.0,external_curated,P2P hard negative,1.0,0.0023292552999999994,0.9976707447,0.09999999999999998
ViSmish_08897,1,1,0.9996172,True,1.0,paraphrased,Giả mạo ngân hàng,1.0,0.998080784,0.0019192160000000014,0.09999999999999998
ViSmish_08898,1,1,0.9996226,True,1.0,paraphrased,BHXH / Trợ cấp giả,1.0,0.99809395,0.0019060499999999925,0.09999999999999998
ViSmish_08899,0,0,0.99943286,True,1.0,synthetic,Thương mại điện tử,1.0,0.0023266655999999997,0.9976733344,0.09999999999999998
ViSmish_08902,0,0,0.9994856,True,1.0,synthetic,Tin nhắn cá nhân và OTP,1.0,0.0022182335999999993,0.9977817664,0.09999999999999998
ViSmish_08904,1,1,0.9996228,True,1.0,paraphrased,BHXH / Trợ cấp giả,1.0,0.99809445,0.0019055500000000336,0.09999999999999998
ViSmish_08907,0,0,0.9994784,True,1.0,synthetic,Thương mại điện tử,1.0,0.0022334619999999994,0.997766538,0.09999999999999998
ViSmish_08910,1,1,0.99943775,True,1.0,paraphrased,BHXH / Trợ cấp giả,1.0,0.9976832449999999,0.002316755000000059,0.09999999999999998
ViSmish_08911,1,1,0.9995851,True,1.0,paraphrased,Cờ bạc / Betting,1.0,0.99800322,0.0019967800000000313,0.09999999999999998
ViSmish_08912,0,0,0.9994733,True,1.0,synthetic,Tin nhắn cá nhân và OTP,1.0,0.0022442109999999994,0.997755789,0.09999999999999998
ViSmish_08913,1,1,0.9995603,True,1.0,paraphrased,Crypto / Đầu tư giả,1.0,0.997945696,0.0020543039999999513,0.09999999999999998
ViSmish_08914,1,1,0.99950624,True,1.0,synthetic_hard_negative,Khác,1.0,0.99782558,0.0021744200000000102,0.09999999999999998
ViSmish_08915,0,0,0.9994325,True,1.0,real,Viễn thông,1.0,0.0023274659999999994,0.997672534,0.09999999999999998
ViSmish_08916,1,1,0.99962354,True,1.0,paraphrased,Giả mạo ngân hàng,1.0,0.998096275,0.0019037250000000228,0.09999999999999998
ViSmish_08918,1,1,0.99963033,True,1.0,paraphrased,Tuyển dụng giả,1.0,0.99811333,0.0018866699999999792,0.09999999999999998
ViSmish_08919,1,1,0.99957544,True,1.0,paraphrased,Cờ bạc / Betting,1.0,0.997980654,0.0020193459999999774,0.09999999999999998
ViSmish_08920,1,1,0.9995863,True,1.0,paraphrased,Cờ bạc / Betting,1.0,0.99800607,0.0019939300000000326,0.09999999999999998
ViSmish_08922,1,1,0.9995517,True,1.0,paraphrased,Crypto / Đầu tư giả,1.0,0.997926223,0.002073776999999999,0.09999999999999998
ViSmish_08927,0,0,0.99940073,True,1.0,external_curated,P2P hard negative,1.0,0.0023902164999999994,0.9976097835,0.09999999999999998
ViSmish_08929,0,0,0.9993774,True,1.0,real,Tin nhắn cá nhân và OTP,1.0,0.0024352395999999994,0.9975647604,0.09999999999999998
ViSmish_08930,1,1,0.9995751,True,1.0,synthetic_hard_negative,Khác,1.0,0.997979945,0.0020200550000000206,0.09999999999999998
ViSmish_08931,0,0,0.99946076,True,1.0,synthetic,Thương mại điện tử,1.0,0.0022700549999999996,0.997729945,0.09999999999999998
ViSmish_08932,0,0,0.9993754,True,1.0,real,Viễn thông,1.0,0.0024390594999999997,0.9975609405,0.09999999999999998
ViSmish_08933,0,0,0.99698997,True,1.0,external_curated,P2P hard negative,1.0,0.005208447999999999,0.994791552,0.09999999999999998
ViSmish_08934,1,1,0.9994642,True,1.0,paraphrased,Đòi nợ / Đe dọa,1.0,0.99773717,0.002262830000000049,0.09999999999999998
ViSmish_08935,1,1,0.99959284,True,1.0,paraphrased,Nội dung nhạy cảm,1.0,0.99802157,0.0019784299999999755,0.09999999999999998
ViSmish_08938,1,1,0.9996166,True,1.0,paraphrased,Tuyển dụng giả,1.0,0.99807928,0.0019207199999999869,0.09999999999999998
ViSmish_08939,1,1,0.9996209,True,1.0,paraphrased,Tuyển dụng giả,1.0,0.99808976,0.001910239999999952,0.09999999999999998
ViSmish_08940,0,0,0.99942577,True,1.0,synthetic,Viễn thông,1.0,0.0023410211999999996,0.9976589788,0.09999999999999998
ViSmish_08941,1,1,0.9994778,True,1.0,paraphrased,Crypto / Đầu tư giả,1.0,0.99776519,0.0022348100000000315,0.09999999999999998
ViSmish_08944,0,0,0.9994068,True,1.0,real,Viễn thông,1.0,0.0023784445999999997,0.9976215554,0.09999999999999998
ViSmish_08945,0,0,0.999423,True,1.0,external_real,P2P hội thoại thông thường,1.0,0.0023464776999999994,0.9976535223,0.09999999999999998
ViSmish_08947,1,1,0.9993494,True,1.0,paraphrased,BHXH / Trợ cấp giả,1.0,0.997511965,0.002488035000000055,0.09999999999999998
ViSmish_08948,1,1,0.999622,True,1.0,paraphrased,Giả mạo ngân hàng,1.0,0.998092663,0.001907337000000009,0.09999999999999998
ViSmish_08949,1,1,0.99961025,True,1.0,paraphrased,Giả mạo ngân hàng,1.0,0.99806349,0.0019365099999999469,0.09999999999999998
ViSmish_08951,1,1,0.99924076,True,1.0,real,Khác,1.0,0.997317344,0.00268265599999995,0.09999999999999998
ViSmish_08952,0,0,0.9994783,True,1.0,synthetic,Ngân hàng thật,1.0,0.0022337109999999993,0.997766289,0.09999999999999998
ViSmish_08954,0,0,0.99911445,True,1.0,real,Viễn thông,1.0,0.002890965699999999,0.9971090343,0.09999999999999998
ViSmish_08955,0,0,0.99944717,True,1.0,real,Viễn thông,1.0,0.0022977785999999997,0.9977022214,0.09999999999999998
ViSmish_08956,1,1,0.99960583,True,1.0,paraphrased,BHXH / Trợ cấp giả,1.0,0.99805299,0.0019470099999999713,0.09999999999999998
ViSmish_08957,0,0,0.9470706,True,1.0,real,Vận chuyển,1.0,0.019120373999999996,0.980879626,0.09999999999999998
ViSmish_08958,0,0,0.99932384,True,1.0,external_real,P2P hội thoại thông thường,1.0,0.002535213999999999,0.997464786,0.09999999999999998
ViSmish_08961,1,1,0.99961096,True,1.0,paraphrased,Đòi nợ / Đe dọa,1.0,0.99806533,0.0019346700000000272,0.09999999999999998
ViSmish_08964,1,1,0.9979298,True,1.0,paraphrased,Crypto / Đầu tư giả,1.0,0.99564379,0.0043562099999999715,0.09999999999999998
ViSmish_08965,1,1,0.99962676,True,1.0,paraphrased,Cờ bạc / Betting,1.0,0.99810432,0.0018956799999999552,0.09999999999999998
ViSmish_08966,1,1,0.99961406,True,1.0,paraphrased,BHXH / Trợ cấp giả,1.0,0.998072803,0.0019271969999999916,0.09999999999999998
ViSmish_08967,1,1,0.99962044,True,1.0,paraphrased,Dịch vụ công giả,1.0,0.99808868,0.0019113200000000496,0.09999999999999998
ViSmish_08968,0,0,0.9994666,True,1.0,real,Viễn thông,1.0,0.0022580427999999994,0.9977419572,0.09999999999999998
ViSmish_08969,0,0,0.99940467,True,1.0,synthetic,Tin nhắn cá nhân và OTP,1.0,0.0023825453999999995,0.9976174546,0.09999999999999998
ViSmish_08972,1,1,0.99951816,True,1.0,paraphrased,Đòi nợ / Đe dọa,1.0,0.99785154,0.0021484600000000187,0.09999999999999998
ViSmish_08973,0,0,0.9994931,True,1.0,synthetic,Thương mại điện tử,1.0,0.0022023047999999994,0.9977976952,0.09999999999999998
ViSmish_08974,0,0,0.9994727,True,1.0,real,Khác,1.0,0.0022454019999999996,0.997754598,0.09999999999999998
ViSmish_08975,0,0,0.99934286,True,1.0,real,Viễn thông,1.0,0.0025002385999999995,0.9974997614,0.09999999999999998
ViSmish_08977,1,1,0.9995671,True,1.0,synthetic_hard_negative,BHXH / Trợ cấp giả,1.0,0.997961366,0.002038634000000039,0.09999999999999998
ViSmish_08978,1,1,0.9995047,True,1.0,paraphrased,Nội dung nhạy cảm,1.0,0.997822315,0.0021776850000000403,0.09999999999999998
ViSmish_08981,0,0,0.99947685,True,1.0,synthetic,Tin nhắn cá nhân và OTP,1.0,0.0022367402999999998,0.9977632597,0.09999999999999998
ViSmish_08982,0,0,0.9994742,True,1.0,synthetic,Vận chuyển,1.0,0.0022421299999999997,0.99775787,0.09999999999999998
ViSmish_08983,0,0,0.9994215,True,1.0,external_curated,P2P hard negative,1.0,0.0023494995999999995,0.9976505004,0.09999999999999998
ViSmish_08985,1,1,0.9995845,True,1.0,synthetic_hard_negative,Khác,1.0,0.998001915,0.001998084999999983,0.09999999999999998
ViSmish_08986,1,1,0.999624,True,1.0,paraphrased,Tuyển dụng giả,1.0,0.99809763,0.001902370000000042,0.09999999999999998
ViSmish_08988,1,1,0.99947363,True,1.0,synthetic_hard_negative,Tuyển dụng giả,1.0,0.99775647,0.0022435299999999936,0.09999999999999998
ViSmish_08989,1,1,0.999635,True,1.0,paraphrased,BHXH / Trợ cấp giả,1.0,0.9981251,0.0018749000000000127,0.09999999999999998
ViSmish_08990,1,1,0.9995359,True,1.0,synthetic_hard_negative,Tuyển dụng giả,1.0,0.997890514,0.0021094860000000493,0.09999999999999998
ViSmish_08991,1,1,0.99952066,True,1.0,paraphrased,Đòi nợ / Đe dọa,1.0,0.997857076,0.002142924000000046,0.09999999999999998
ViSmish_08992,0,0,0.9994294,True,1.0,external_real,P2P hội thoại thông thường,1.0,0.0023334852999999994,0.9976665147,0.09999999999999998
ViSmish_08993,1,1,0.9996094,True,1.0,paraphrased,Dịch vụ công giả,1.0,0.99806151,0.001938490000000015,0.09999999999999998
ViSmish_08994,1,1,0.99963,True,1.0,paraphrased,BHXH / Trợ cấp giả,1.0,0.99811234,0.0018876599999999577,0.09999999999999998
ViSmish_08995,1,1,0.9996302,True,1.0,paraphrased,Cờ bạc / Betting,1.0,0.998113054,0.001886945999999945,0.09999999999999998
ViSmish_08998,1,1,0.9993649,True,1.0,paraphrased,Cờ bạc / Betting,1.0,0.99754107,0.0024589299999999703,0.09999999999999998
ViSmish_09000,1,1,0.999607,True,1.0,paraphrased,Cờ bạc / Betting,1.0,0.99805565,0.001944350000000039,0.09999999999999998
ViSmish_09001,0,0,0.9994881,True,1.0,synthetic,Dịch vụ y tế,1.0,0.0022129813,0.9977870187,0.09999999999999998
ViSmish_09002,0,0,0.99936086,True,1.0,external_curated,P2P hard negative,1.0,0.0024664703999999994,0.9975335296,0.09999999999999998
ViSmish_09004,0,0,0.99944156,True,1.0,synthetic,Quảng cáo hợp lệ,1.0,0.0023091071999999995,0.9976908928,0.09999999999999998
ViSmish_09005,1,1,0.9996275,True,1.0,paraphrased,BHXH / Trợ cấp giả,1.0,0.99810612,0.0018938800000000144,0.09999999999999998
ViSmish_09007,1,1,0.99958557,True,1.0,paraphrased,Crypto / Đầu tư giả,1.0,0.998004526,0.001995473999999997,0.09999999999999998
ViSmish_09009,0,0,0.9994659,True,1.0,synthetic,Tin nhắn cá nhân và OTP,1.0,0.0022594063999999995,0.9977405936,0.09999999999999998
ViSmish_09011,0,0,0.99949706,True,1.0,synthetic,Tin nhắn cá nhân và OTP,1.0,0.002194078299999999,0.9978059217,0.09999999999999998
ViSmish_09013,1,1,0.9996184,True,1.0,paraphrased,Tuyển dụng giả,1.0,0.99808379,0.0019162099999999738,0.09999999999999998
ViSmish_09014,0,0,0.9994622,True,1.0,synthetic,Tin nhắn cá nhân và OTP,1.0,0.0022672006999999994,0.9977327993,0.09999999999999998
ViSmish_09015,0,0,0.9994542,True,1.0,synthetic,Tin nhắn cá nhân và OTP,1.0,0.0022836181999999995,0.9977163818,0.09999999999999998
ViSmish_09016,0,0,0.9994759,True,1.0,synthetic,Quảng cáo hợp lệ,1.0,0.0022387101999999993,0.9977612898,0.09999999999999998
ViSmish_09017,1,1,0.9995289,True,1.0,paraphrased,Đòi nợ / Đe dọa,1.0,0.99787498,0.002125020000000033,0.09999999999999998
ViSmish_09018,0,0,0.9986273,True,1.0,real,Khác,1.0,0.0035750492999999995,0.9964249507,0.09999999999999998
ViSmish_09021,0,0,0.9994554,True,1.0,external_curated,P2P hard negative,1.0,0.0022811211999999997,0.9977188788,0.09999999999999998
ViSmish_09022,0,0,0.9994444,True,1.0,external_curated,P2P hard negative,1.0,0.0023034559999999993,0.997696544,0.09999999999999998
ViSmish_09023,0,0,0.99933124,True,1.0,real,Viễn thông,1.0,0.0025217229999999996,0.997478277,0.09999999999999998
ViSmish_09024,1,1,0.99959785,True,1.0,synthetic_hard_negative,Tuyển dụng giả,1.0,0.998033625,0.0019663749999999647,0.09999999999999998
ViSmish_09025,0,0,0.9994473,True,1.0,synthetic,Dịch vụ y tế,1.0,0.0022976828999999995,0.9977023171,0.09999999999999998
ViSmish_09027,0,0,0.99801445,True,1.0,synthetic,Thương mại điện tử,1.0,0.0042699172999999995,0.9957300827,0.09999999999999998
ViSmish_09028,0,0,0.9994628,True,1.0,synthetic,Tin nhắn cá nhân và OTP,1.0,0.0022659297999999997,0.9977340702,0.09999999999999998
ViSmish_09029,1,1,0.99944645,True,1.0,paraphrased,Cờ bạc / Betting,1.0,0.9977006,0.0022993999999999515,0.09999999999999998
ViSmish_09031,0,0,0.9993599,True,1.0,real,Viễn thông,1.0,0.0024683735999999996,0.9975316264,0.09999999999999998
ViSmish_09032,1,1,0.9995995,True,1.0,paraphrased,Tuyển dụng giả,1.0,0.99803776,0.001962240000000004,0.09999999999999998
ViSmish_09033,0,0,0.9994424,True,1.0,external_real,P2P hội thoại thông thường,1.0,0.0023074306999999994,0.9976925693,0.09999999999999998
ViSmish_09034,1,1,0.9995945,True,1.0,paraphrased,Crypto / Đầu tư giả,1.0,0.99802555,0.001974449999999961,0.09999999999999998
ViSmish_09037,0,0,0.99943906,True,1.0,synthetic,Ngân hàng thật,1.0,0.0023142197999999996,0.9976857802,0.09999999999999998
ViSmish_09038,1,1,0.9996207,True,1.0,paraphrased,Tuyển dụng giả,1.0,0.9980892100000001,0.00191078999999994,0.09999999999999998
ViSmish_09042,0,0,0.9993987,True,1.0,real,Viễn thông,1.0,0.0023940931999999996,0.9976059068,0.09999999999999998
ViSmish_09044,0,0,0.99947387,True,1.0,synthetic,Vận chuyển,1.0,0.0022429421999999996,0.9977570578,0.09999999999999998
ViSmish_09045,1,1,0.9996171,True,1.0,paraphrased,Dịch vụ công giả,1.0,0.998080575,0.0019194249999999746,0.09999999999999998
ViSmish_09046,0,0,0.9993895,True,1.0,real,Viễn thông,1.0,0.0024119929999999994,0.997588007,0.09999999999999998
ViSmish_09047,1,1,0.999519,True,1.0,synthetic_hard_negative,Dịch vụ công giả,1.0,0.997853357,0.0021466430000000036,0.09999999999999998
ViSmish_09048,0,0,0.9994648,True,1.0,synthetic,Tin nhắn cá nhân và OTP,1.0,0.0022616473999999996,0.9977383526,0.09999999999999998
ViSmish_09051,0,0,0.99948764,True,1.0,real,Khác,1.0,0.0022140256999999995,0.9977859743,0.09999999999999998
ViSmish_09053,0,0,0.9993687,True,1.0,external_curated,P2P hard negative,1.0,0.0024517803999999995,0.9975482196,0.09999999999999998
ViSmish_09054,1,1,0.9996282,True,1.0,paraphrased,Giả mạo ngân hàng,1.0,0.998107845,0.001892154999999951,0.09999999999999998
ViSmish_09055,0,0,0.9994356,True,1.0,external_curated,P2P hard negative,1.0,0.0023212743999999996,0.9976787256,0.09999999999999998
ViSmish_09057,0,0,0.99947804,True,1.0,synthetic,Ngân hàng thật,1.0,0.0022341342999999993,0.9977658657,0.09999999999999998
ViSmish_09058,1,1,0.99958676,True,1.0,paraphrased,Cờ bạc / Betting,1.0,0.998007154,0.001992846000000048,0.09999999999999998
ViSmish_09060,0,0,0.999432,True,1.0,real,Quảng cáo hợp lệ,1.0,0.0023284507999999995,0.9976715492,0.09999999999999998
ViSmish_09061,1,1,0.9996088,True,1.0,real,BHXH / Trợ cấp giả,1.0,0.998060054,0.0019399460000000257,0.09999999999999998
ViSmish_09062,1,1,0.9995493,True,1.0,synthetic_hard_negative,Khác,1.0,0.99792084,0.002079159999999969,0.09999999999999998
ViSmish_09063,1,1,0.999574,True,1.0,paraphrased,Crypto / Đầu tư giả,1.0,0.997977257,0.002022743000000049,0.09999999999999998
ViSmish_09064,1,1,0.99963105,True,1.0,paraphrased,Tuyển dụng giả,1.0,0.99811523,0.00188476999999998,0.09999999999999998
ViSmish_09069,1,1,0.9996283,True,1.0,paraphrased,BHXH / Trợ cấp giả,1.0,0.998108244,0.0018917560000000222,0.09999999999999998
ViSmish_09070,1,1,0.9995943,True,1.0,synthetic_hard_negative,Khác,1.0,0.998025185,0.001974814999999963,0.09999999999999998
ViSmish_09071,1,1,0.9995546,True,1.0,paraphrased,Crypto / Đầu tư giả,1.0,0.99793284,0.002067159999999957,0.09999999999999998
ViSmish_09072,0,0,0.9994733,True,1.0,real,Viễn thông,1.0,0.002244072999999999,0.997755927,0.09999999999999998
ViSmish_09074,0,0,0.99934274,True,1.0,real,Tin nhắn cá nhân và OTP,1.0,0.0025004041999999995,0.9974995958,0.09999999999999998
ViSmish_09076,1,1,0.99955696,True,1.0,paraphrased,Đòi nợ / Đe dọa,1.0,0.997938013,0.002061987000000043,0.09999999999999998
ViSmish_09079,1,1,0.99962914,True,1.0,paraphrased,Cờ bạc / Betting,1.0,0.99811038,0.0018896200000000363,0.09999999999999998
ViSmish_09080,1,1,0.99952245,True,1.0,paraphrased,Đòi nợ / Đe dọa,1.0,0.99786082,0.0021391800000000183,0.09999999999999998
ViSmish_09081,0,0,0.99948114,True,1.0,real,Viễn thông,1.0,0.0022278099999999993,0.99777219,0.09999999999999998
ViSmish_09083,0,0,0.9994468,True,1.0,synthetic,Ngân hàng thật,1.0,0.0022984407999999995,0.9977015592,0.09999999999999998
ViSmish_09085,0,0,0.9990345,True,1.0,external_real,P2P hội thoại thông thường,1.0,0.0030151049999999993,0.996984895,0.09999999999999998
ViSmish_09086,0,0,0.99949133,True,1.0,synthetic,Ngân hàng thật,1.0,0.0022062364999999996,0.9977937635,0.09999999999999998
ViSmish_09087,0,0,0.99948704,True,1.0,synthetic,Thương mại điện tử,1.0,0.0022150779999999992,0.997784922,0.09999999999999998
ViSmish_09089,1,1,0.9996263,True,1.0,paraphrased,BHXH / Trợ cấp giả,1.0,0.99810326,0.0018967399999999524,0.09999999999999998
ViSmish_09090,1,1,0.99962974,True,1.0,paraphrased,Cờ bạc / Betting,1.0,0.99811179,0.0018882099999999458,0.09999999999999998
ViSmish_09091,0,0,0.9994843,True,1.0,synthetic,Ngân hàng thật,1.0,0.0022210634999999994,0.9977789365,0.09999999999999998
ViSmish_09092,1,1,0.99960655,True,1.0,paraphrased,Crypto / Đầu tư giả,1.0,0.99805448,0.0019455200000000339,0.09999999999999998
ViSmish_09093,0,0,0.9993918,True,1.0,synthetic,Ngân hàng thật,1.0,0.0024074062999999996,0.9975925937,0.09999999999999998
ViSmish_09094,1,1,0.99958915,True,1.0,paraphrased,Đòi nợ / Đe dọa,1.0,0.998012906,0.001987093999999967,0.09999999999999998
ViSmish_09095,0,0,0.9994711,True,1.0,real,Quảng cáo hợp lệ,1.0,0.0022487394999999993,0.9977512605,0.09999999999999998
ViSmish_09096,1,1,0.9996063,True,1.0,paraphrased,Crypto / Đầu tư giả,1.0,0.99805413,0.0019458700000000162,0.09999999999999998
ViSmish_09097,1,1,0.9993957,True,1.0,synthetic_hard_negative,Giả mạo ngân hàng,1.0,0.997600085,0.0023999150000000302,0.09999999999999998
ViSmish_09098,1,1,0.99962103,True,1.0,paraphrased,Tuyển dụng giả,1.0,0.9980902700000001,0.0019097299999999429,0.09999999999999998
ViSmish_09099,1,1,0.9996182,True,1.0,paraphrased,Tuyển dụng giả,1.0,0.99808311,0.001916889999999949,0.09999999999999998
ViSmish_09100,0,0,0.9994629,True,1.0,synthetic,Ngân hàng thật,1.0,0.0022656227999999995,0.9977343772,0.09999999999999998
ViSmish_09102,0,0,0.9994722,True,1.0,synthetic,Dịch vụ y tế,1.0,0.0022463745999999995,0.9977536254,0.09999999999999998
ViSmish_09105,1,1,0.9996278,True,1.0,paraphrased,Dịch vụ công giả,1.0,0.998107064,0.0018929359999999562,0.09999999999999998
ViSmish_09106,1,1,0.99961865,True,1.0,paraphrased,Dịch vụ công giả,1.0,0.99808441,0.001915589999999967,0.09999999999999998
ViSmish_09107,0,0,0.9994598,True,1.0,synthetic,Vận chuyển,1.0,0.0022720359999999994,0.997727964,0.09999999999999998
ViSmish_09108,0,0,0.9994728,True,1.0,real,Tin nhắn cá nhân và OTP,1.0,0.0022452079999999994,0.997754792,0.09999999999999998
ViSmish_09109,1,1,0.9979577,True,1.0,paraphrased,Cờ bạc / Betting,1.0,0.99567196,0.0043280399999999775,0.09999999999999998
ViSmish_09110,0,0,0.99946123,True,1.0,real,Viễn thông,1.0,0.0022691128999999997,0.9977308871,0.09999999999999998
ViSmish_09112,1,1,0.99956053,True,1.0,real,Cờ bạc / Betting,1.0,0.99794623,0.002053769999999955,0.09999999999999998
ViSmish_09113,1,1,0.9995933,True,1.0,paraphrased,Crypto / Đầu tư giả,1.0,0.998022765,0.0019772350000000216,0.09999999999999998
ViSmish_09115,1,1,0.9996265,True,1.0,paraphrased,Tuyển dụng giả,1.0,0.9981037,0.001896299999999962,0.09999999999999998
ViSmish_09116,1,1,0.9996124,True,1.0,paraphrased,Nội dung nhạy cảm,1.0,0.99806882,0.0019311800000000323,0.09999999999999998
ViSmish_09117,1,1,0.9996101,True,1.0,paraphrased,Giả mạo ngân hàng,1.0,0.998063195,0.0019368050000000414,0.09999999999999998
ViSmish_09122,1,1,0.9996228,True,1.0,paraphrased,Crypto / Đầu tư giả,1.0,0.99809457,0.0019054299999999857,0.09999999999999998
ViSmish_09123,0,0,0.999373,True,1.0,synthetic,Quảng cáo hợp lệ,1.0,0.0024436708999999997,0.9975563291,0.09999999999999998
ViSmish_09124,1,1,0.99957854,True,1.0,paraphrased,Tuyển dụng giả,1.0,0.99798779,0.0020122099999999588,0.09999999999999998
ViSmish_09126,1,1,0.99960464,True,1.0,paraphrased,Cờ bạc / Betting,1.0,0.99804985,0.0019501499999999838,0.09999999999999998
ViSmish_09128,1,1,0.9995555,True,1.0,real,Tuyển dụng giả,1.0,0.997934765,0.0020652349999999986,0.09999999999999998
ViSmish_09129,0,0,0.99946374,True,1.0,synthetic,Tin nhắn cá nhân và OTP,1.0,0.0022638996999999996,0.9977361003,0.09999999999999998
ViSmish_09130,1,1,0.9995938,True,1.0,paraphrased,Tuyển dụng giả,1.0,0.99802398,0.0019760199999999672,0.09999999999999998
ViSmish_09132,0,0,0.9994784,True,1.0,synthetic,Vận chuyển,1.0,0.002233449699999999,0.9977665503,0.09999999999999998
ViSmish_09133,0,0,0.9988642,True,1.0,real,Khác,1.0,0.0032621781999999993,0.9967378218,0.09999999999999998
ViSmish_09134,0,0,0.9993426,True,1.0,synthetic,Viễn thông,1.0,0.0025006325999999994,0.9974993674,0.09999999999999998
ViSmish_09136,1,1,0.9996136,True,1.0,paraphrased,Tuyển dụng giả,1.0,0.9980717,0.001928299999999994,0.09999999999999998
ViSmish_09138,1,1,0.9996277,True,1.0,paraphrased,Tuyển dụng giả,1.0,0.998106605,0.0018933949999999644,0.09999999999999998
ViSmish_09139,1,1,0.9996069,True,1.0,paraphrased,Đòi nợ / Đe dọa,1.0,0.998055595,0.001944405000000038,0.09999999999999998
ViSmish_09141,1,1,0.9996136,True,1.0,paraphrased,Tuyển dụng giả,1.0,0.99807169,0.0019283100000000442,0.09999999999999998
ViSmish_09142,1,1,0.9996201,True,1.0,paraphrased,Tuyển dụng giả,1.0,0.998087835,0.0019121650000000212,0.09999999999999998
ViSmish_09145,1,1,0.99957174,True,1.0,synthetic_hard_negative,Khác,1.0,0.997971994,0.002028005999999971,0.09999999999999998
ViSmish_09146,1,1,0.99959546,True,1.0,paraphrased,Tuyển dụng giả,1.0,0.998027855,0.0019721449999999807,0.09999999999999998
ViSmish_09149,1,1,0.9996008,True,1.0,paraphrased,Đòi nợ / Đe dọa,1.0,0.99804065,0.0019593500000000263,0.09999999999999998
ViSmish_09151,1,1,0.999566,True,1.0,paraphrased,Cờ bạc / Betting,1.0,0.997958755,0.002041245000000025,0.09999999999999998
ViSmish_09154,1,1,0.9995029,True,1.0,paraphrased,Dịch vụ công giả,1.0,0.99781863,0.0021813699999999603,0.09999999999999998
ViSmish_09155,1,1,0.9996159,True,1.0,paraphrased,Crypto / Đầu tư giả,1.0,0.99807762,0.0019223800000000013,0.09999999999999998
ViSmish_09156,1,1,0.99962294,True,1.0,paraphrased,Giả mạo ngân hàng,1.0,0.9980948000000001,0.0019051999999999403,0.09999999999999998
ViSmish_09157,1,1,0.9996259,True,1.0,paraphrased,Giả mạo ngân hàng,1.0,0.998102313,0.0018976870000000368,0.09999999999999998
ViSmish_09159,0,0,0.999496,True,1.0,synthetic,Dịch vụ y tế,1.0,0.0021962977999999997,0.9978037022,0.09999999999999998
ViSmish_09160,1,1,0.9995988,True,1.0,paraphrased,Crypto / Đầu tư giả,1.0,0.99803578,0.001964219999999961,0.09999999999999998
ViSmish_09161,0,0,0.99949646,True,1.0,synthetic,Vận chuyển,1.0,0.0021952887999999995,0.9978047112,0.09999999999999998
ViSmish_09162,0,0,0.9994661,True,1.0,synthetic,Quảng cáo hợp lệ,1.0,0.0022590449999999995,0.997740955,0.09999999999999998
ViSmish_09165,1,1,0.99961334,True,1.0,paraphrased,Giả mạo ngân hàng,1.0,0.99807109,0.0019289099999999504,0.09999999999999998
ViSmish_09166,1,1,0.99953365,True,1.0,paraphrased,Crypto / Đầu tư giả,1.0,0.99788553,0.0021144699999999794,0.09999999999999998
ViSmish_09167,0,0,0.99876773,True,1.0,real,Khác,1.0,0.003393405299999999,0.9966065947,0.09999999999999998
ViSmish_09168,1,1,0.9995598,True,1.0,paraphrased,Crypto / Đầu tư giả,1.0,0.9979446,0.0020554000000000405,0.09999999999999998
ViSmish_09169,1,1,0.9996209,True,1.0,paraphrased,Giả mạo ngân hàng,1.0,0.998089856,0.0019101440000000025,0.09999999999999998
ViSmish_09170,0,0,0.9994462,True,1.0,synthetic,Tin nhắn cá nhân và OTP,1.0,0.0022998334999999996,0.9977001665,0.09999999999999998
ViSmish_09172,0,0,0.9994524,True,1.0,external_curated,P2P hard negative,1.0,0.0022871663999999995,0.9977128336,0.09999999999999998
ViSmish_09174,1,1,0.99954444,True,1.0,paraphrased,Dịch vụ công giả,1.0,0.997909904,0.0020900959999999857,0.09999999999999998
ViSmish_09175,1,1,0.99962723,True,1.0,paraphrased,Giả mạo ngân hàng,1.0,0.998105407,0.0018945930000000555,0.09999999999999998
ViSmish_09177,1,1,0.9995951,True,1.0,paraphrased,Crypto / Đầu tư giả,1.0,0.99802704,0.0019729600000000236,0.09999999999999998
ViSmish_09178,1,1,0.9996141,True,1.0,paraphrased,Cờ bạc / Betting,1.0,0.998073053,0.0019269469999999567,0.09999999999999998
ViSmish_09179,0,0,0.999426,True,1.0,real,Dịch vụ công thật,1.0,0.0023404799999999994,0.99765952,0.09999999999999998
ViSmish_09180,1,1,0.9994931,True,1.0,real,Khác,1.0,0.997797626,0.002202374000000007,0.09999999999999998
ViSmish_09182,0,0,0.9994535,True,1.0,external_real,P2P hội thoại thông thường,1.0,0.0022850313999999996,0.9977149686,0.09999999999999998
ViSmish_09183,0,0,0.9994286,True,1.0,synthetic,Tin nhắn cá nhân và OTP,1.0,0.0023353477999999996,0.9976646522,0.09999999999999998
ViSmish_09185,0,0,0.9994535,True,1.0,synthetic,Quảng cáo hợp lệ,1.0,0.0022849935999999997,0.9977150064,0.09999999999999998
ViSmish_09190,1,1,0.99963224,True,1.0,paraphrased,Dịch vụ công giả,1.0,0.998118204,0.0018817960000000467,0.09999999999999998
ViSmish_09191,0,0,0.9992446,True,1.0,real,Quảng cáo hợp lệ,1.0,0.0026761139999999994,0.997323886,0.09999999999999998
ViSmish_09192,0,0,0.99945,True,1.0,synthetic,Dịch vụ y tế,1.0,0.0022920714999999994,0.9977079285,0.09999999999999998
ViSmish_09193,1,1,0.9996141,True,1.0,paraphrased,Cờ bạc / Betting,1.0,0.99807313,0.001926870000000025,0.09999999999999998
ViSmish_09195,1,1,0.9996283,True,1.0,paraphrased,Tuyển dụng giả,1.0,0.9981081549999999,0.0018918450000000586,0.09999999999999998
ViSmish_09196,1,1,0.9996271,True,1.0,paraphrased,Tuyển dụng giả,1.0,0.998105204,0.0018947959999999764,0.09999999999999998
ViSmish_09198,1,1,0.999617,True,1.0,paraphrased,BHXH / Trợ cấp giả,1.0,0.998080164,0.001919836000000008,0.09999999999999998
ViSmish_09199,1,1,0.99960977,True,1.0,paraphrased,Dịch vụ công giả,1.0,0.998062336,0.00193766399999995,0.09999999999999998
ViSmish_09200,1,1,0.9996288,True,1.0,paraphrased,BHXH / Trợ cấp giả,1.0,0.99810929,0.0018907099999999621,0.09999999999999998
ViSmish_09201,0,0,0.9994672,True,1.0,real,Viễn thông,1.0,0.002256767,0.997743233,0.09999999999999998
ViSmish_09202,0,0,0.99942565,True,1.0,synthetic,Tin nhắn cá nhân và OTP,1.0,0.0023411530999999995,0.9976588469,0.09999999999999998
ViSmish_09203,0,0,0.99930716,True,1.0,real,Tin nhắn cá nhân và OTP,1.0,0.002565479299999999,0.9974345207,0.09999999999999998
ViSmish_09204,0,0,0.99943584,True,1.0,external_real,P2P hội thoại thông thường,1.0,0.0023207287999999996,0.9976792712,0.09999999999999998
ViSmish_09206,0,0,0.99947363,True,1.0,external_real,P2P hội thoại thông thường,1.0,0.0022434630999999994,0.9977565369,0.09999999999999998
ViSmish_09209,1,1,0.9996166,True,1.0,paraphrased,Crypto / Đầu tư giả,1.0,0.99807921,0.0019207900000000055,0.09999999999999998
ViSmish_09210,1,1,0.99961925,True,1.0,paraphrased,Crypto / Đầu tư giả,1.0,0.99808574,0.0019142599999999454,0.09999999999999998
ViSmish_09212,0,0,0.9994005,True,1.0,synthetic,Dịch vụ y tế,1.0,0.0023906469999999992,0.997609353,0.09999999999999998
ViSmish_09213,0,0,0.9994381,True,1.0,synthetic,Ngân hàng thật,1.0,0.0023162211999999995,0.9976837788,0.09999999999999998
ViSmish_09214,0,0,0.99946445,True,1.0,synthetic,Quảng cáo hợp lệ,1.0,0.0022623552,0.9977376448,0.09999999999999998
ViSmish_09215,1,1,0.9995865,True,1.0,paraphrased,Crypto / Đầu tư giả,1.0,0.998006666,0.0019933340000000133,0.09999999999999998
ViSmish_09216,0,0,0.999466,True,1.0,external_real,P2P hội thoại thông thường,1.0,0.0022593002999999993,0.9977406997,0.09999999999999998
ViSmish_09218,1,1,0.99960905,True,1.0,paraphrased,Đòi nợ / Đe dọa,1.0,0.998060787,0.0019392129999999952,0.09999999999999998
ViSmish_09219,0,0,0.99942386,True,1.0,synthetic,Ngân hàng thật,1.0,0.0023447934999999993,0.9976552065,0.09999999999999998
ViSmish_09220,0,0,0.9993581,True,1.0,synthetic,Ngân hàng thật,1.0,0.0024717522999999995,0.9975282477,0.09999999999999998
ViSmish_09221,0,0,0.99943954,True,1.0,synthetic,Tin nhắn cá nhân và OTP,1.0,0.0023132562999999993,0.9976867437,0.09999999999999998
ViSmish_09222,0,0,0.9993812,True,1.0,external_real,P2P hội thoại thông thường,1.0,0.0024279599999999994,0.99757204,0.09999999999999998
ViSmish_09223,0,0,0.99941397,True,1.0,real,Viễn thông,1.0,0.0023642299999999997,0.99763577,0.09999999999999998
ViSmish_09224,1,1,0.9996137,True,1.0,paraphrased,Giả mạo ngân hàng,1.0,0.99807194,0.0019280600000000092,0.09999999999999998
ViSmish_09226,1,1,0.9995968,True,1.0,paraphrased,Cờ bạc / Betting,1.0,0.998031,0.0019689999999999985,0.09999999999999998
ViSmish_09227,0,0,0.9994685,True,1.0,synthetic,Vận chuyển,1.0,0.0022540473999999996,0.9977459526,0.09999999999999998
ViSmish_09228,1,1,0.9996288,True,1.0,paraphrased,BHXH / Trợ cấp giả,1.0,0.99810953,0.0018904699999999774,0.09999999999999998
ViSmish_09230,1,1,0.99961674,True,1.0,paraphrased,Giả mạo ngân hàng,1.0,0.99807967,0.0019203300000000256,0.09999999999999998
ViSmish_09232,1,1,0.99948955,True,1.0,paraphrased,Crypto / Đầu tư giả,1.0,0.99778998,0.0022100200000000347,0.09999999999999998
ViSmish_09233,0,0,0.9994374,True,1.0,synthetic,Tin nhắn cá nhân và OTP,1.0,0.002317466799999999,0.9976825332,0.09999999999999998
ViSmish_09235,1,1,0.9996063,True,1.0,paraphrased,Nội dung nhạy cảm,1.0,0.99805408,0.0019459200000000454,0.09999999999999998
ViSmish_09236,0,0,0.99936384,True,1.0,real,Viễn thông,1.0,0.0024609423999999995,0.9975390576,0.09999999999999998
ViSmish_09239,1,1,0.9995869,True,1.0,synthetic_hard_negative,Khác,1.0,0.998007613,0.00199238700000004,0.09999999999999998
ViSmish_09240,0,0,0.99948823,True,1.0,synthetic,Tin nhắn cá nhân và OTP,1.0,0.0022127201999999993,0.9977872798,0.09999999999999998
ViSmish_09241,1,1,0.99961627,True,1.0,paraphrased,BHXH / Trợ cấp giả,1.0,0.99807844,0.0019215599999999888,0.09999999999999998
ViSmish_09242,0,0,0.9993051,True,1.0,synthetic,Quảng cáo hợp lệ,1.0,0.0025691527999999997,0.9974308472,0.09999999999999998
ViSmish_09243,0,0,0.99916613,True,1.0,external_curated,P2P hard negative,1.0,0.002807828999999999,0.997192171,0.09999999999999998
ViSmish_09245,1,1,0.99950886,True,1.0,paraphrased,Đòi nợ / Đe dọa,1.0,0.9978314,0.002168599999999965,0.09999999999999998
ViSmish_09247,1,1,0.9991511,True,1.0,synthetic_hard_negative,Khác,1.0,0.9971677800000001,0.002832219999999941,0.09999999999999998
ViSmish_09249,0,0,0.9994215,True,1.0,synthetic,Dịch vụ y tế,1.0,0.0023494764999999994,0.9976505235,0.09999999999999998
ViSmish_09250,0,0,0.99940443,True,1.0,external_curated,P2P hard negative,1.0,0.0023830390999999996,0.9976169609,0.09999999999999998
ViSmish_09252,1,1,0.9996165,True,1.0,paraphrased,BHXH / Trợ cấp giả,1.0,0.99807912,0.0019208800000000137,0.09999999999999998
ViSmish_09253,0,0,0.99946505,True,1.0,external_curated,P2P hard negative,1.0,0.0022611781999999996,0.9977388218,0.09999999999999998
ViSmish_09254,1,1,0.9995523,True,1.0,paraphrased,Crypto / Đầu tư giả,1.0,0.99792762,0.002072379999999985,0.09999999999999998
ViSmish_09255,0,0,0.9993772,True,1.0,external_real,P2P hội thoại thông thường,1.0,0.0024357573999999995,0.9975642426,0.09999999999999998
ViSmish_09256,0,0,0.9985637,True,1.0,synthetic,Ngân hàng thật,1.0,0.0036540131999999994,0.9963459868,0.09999999999999998
ViSmish_09259,1,1,0.9995121,True,1.0,synthetic_hard_negative,Tuyển dụng giả,1.0,0.997838414,0.0021615860000000486,0.09999999999999998
ViSmish_09261,0,0,0.9994469,True,1.0,external_real,P2P hội thoại thông thường,1.0,0.0022983256999999993,0.9977016743,0.09999999999999998
ViSmish_09262,0,0,0.9991726,True,1.0,real,Quảng cáo hợp lệ,1.0,0.0027969730999999995,0.9972030269,0.09999999999999998
ViSmish_09263,1,1,0.9996113,True,1.0,paraphrased,Dịch vụ công giả,1.0,0.99806623,0.0019337699999999458,0.09999999999999998
ViSmish_09264,0,0,0.9992893,True,1.0,real,Viễn thông,1.0,0.0025976159999999996,0.997402384,0.09999999999999998
ViSmish_09265,0,0,0.999373,True,1.0,external_real,P2P hội thoại thông thường,1.0,0.0024436071999999996,0.9975563928,0.09999999999999998
ViSmish_09266,1,1,0.99949074,True,1.0,synthetic_hard_negative,Dịch vụ công giả,1.0,0.997792655,0.0022073449999999717,0.09999999999999998
ViSmish_09268,0,0,0.9993837,True,1.0,external_curated,P2P hard negative,1.0,0.0024230219999999995,0.997576978,0.09999999999999998
ViSmish_09271,1,1,0.9996283,True,1.0,paraphrased,BHXH / Trợ cấp giả,1.0,0.99810837,0.001891630000000033,0.09999999999999998
ViSmish_09273,0,0,0.9993729,True,1.0,real,Viễn thông,1.0,0.0024438269999999995,0.997556173,0.09999999999999998
ViSmish_09275,0,0,0.99909294,True,1.0,real,Viễn thông,1.0,0.0029249611999999994,0.9970750388,0.09999999999999998
ViSmish_09278,0,0,0.999481,True,1.0,synthetic,Thương mại điện tử,1.0,0.0022280869999999997,0.997771913,0.09999999999999998
ViSmish_09280,0,0,0.9994123,True,1.0,synthetic,Tin nhắn cá nhân và OTP,1.0,0.0023676739999999997,0.997632326,0.09999999999999998
ViSmish_09282,0,0,0.9994005,True,1.0,external_real,P2P hội thoại thông thường,1.0,0.002390697799999999,0.9976093022,0.09999999999999998
ViSmish_09283,0,0,0.99948454,True,1.0,synthetic,Ngân hàng thật,1.0,0.0022203690999999994,0.9977796309,0.09999999999999998
ViSmish_09285,1,1,0.99962986,True,1.0,paraphrased,BHXH / Trợ cấp giả,1.0,0.998112214,0.001887785999999947,0.09999999999999998
ViSmish_09287,1,1,0.999613,True,1.0,paraphrased,Crypto / Đầu tư giả,1.0,0.99807012,0.0019298800000000504,0.09999999999999998
ViSmish_09288,0,0,0.99927264,True,1.0,real,Khác,1.0,0.0026271179999999995,0.997372882,0.09999999999999998
ViSmish_09290,1,1,0.9995834,True,1.0,paraphrased,Cờ bạc / Betting,1.0,0.99799938,0.0020006200000000085,0.09999999999999998
ViSmish_09292,0,0,0.99939466,True,1.0,synthetic,Dịch vụ y tế,1.0,0.0024020453999999995,0.9975979546,0.09999999999999998
ViSmish_09293,0,0,0.99890685,True,1.0,external_real,P2P hội thoại thông thường,1.0,0.003202134699999999,0.9967978653,0.09999999999999998
ViSmish_09294,0,0,0.9994004,True,1.0,external_curated,P2P hard negative,1.0,0.0023909609999999996,0.997609039,0.09999999999999998
ViSmish_09295,1,1,0.9996201,True,1.0,paraphrased,Dịch vụ công giả,1.0,0.998087674,0.0019123260000000197,0.09999999999999998
ViSmish_09297,1,1,0.9996228,True,1.0,paraphrased,Giả mạo ngân hàng,1.0,0.99809456,0.001905440000000036,0.09999999999999998
ViSmish_09298,1,1,0.99961156,True,1.0,paraphrased,Tuyển dụng giả,1.0,0.99806666,0.0019333400000000056,0.09999999999999998
ViSmish_09299,0,0,0.99944097,True,1.0,external_curated,P2P hard negative,1.0,0.0023103681999999993,0.9976896318,0.09999999999999998
ViSmish_09300,1,1,0.99956864,True,1.0,paraphrased,Cờ bạc / Betting,1.0,0.997964877,0.002035122999999972,0.09999999999999998
ViSmish_09302,1,1,0.9996208,True,1.0,paraphrased,Tuyển dụng giả,1.0,0.99808945,0.0019105499999999553,0.09999999999999998
ViSmish_09303,1,1,0.9996111,True,1.0,paraphrased,Giả mạo ngân hàng,1.0,0.998065716,0.0019342839999999528,0.09999999999999998
ViSmish_09304,0,0,0.9994572,True,1.0,synthetic,Dịch vụ công thật,1.0,0.0022773697999999994,0.9977226302,0.09999999999999998
ViSmish_09305,0,0,0.99942786,True,1.0,external_curated,P2P hard negative,1.0,0.0023366339999999993,0.997663366,0.09999999999999998
ViSmish_09306,1,1,0.9994802,True,1.0,paraphrased,BHXH / Trợ cấp giả,1.0,0.99777028,0.0022297199999999906,0.09999999999999998
ViSmish_09307,0,0,0.99938786,True,1.0,synthetic,Thương mại điện tử,1.0,0.0024150847999999995,0.9975849152,0.09999999999999998
ViSmish_09308,0,0,0.9994822,True,1.0,real,Viễn thông,1.0,0.0022254053999999994,0.9977745946,0.09999999999999998
ViSmish_09309,0,0,0.9994356,True,1.0,external_curated,P2P hard negative,1.0,0.0023212033999999993,0.9976787966,0.09999999999999998
ViSmish_09310,0,0,0.99911946,True,1.0,external_real,P2P hội thoại thông thường,1.0,0.0028830145999999995,0.9971169854,0.09999999999999998
ViSmish_09311,1,1,0.99960524,True,1.0,paraphrased,Giả mạo ngân hàng,1.0,0.998051435,0.0019485649999999577,0.09999999999999998
ViSmish_09312,1,1,0.9996069,True,1.0,paraphrased,Cờ bạc / Betting,1.0,0.99805555,0.0019444499999999865,0.09999999999999998
ViSmish_09313,0,0,0.9994444,True,1.0,synthetic,Dịch vụ y tế,1.0,0.0023034590999999995,0.9976965409,0.09999999999999998
ViSmish_09315,1,1,0.9995869,True,1.0,synthetic_hard_negative,Khác,1.0,0.99800766,0.001992340000000037,0.09999999999999998
ViSmish_09316,1,1,0.9996226,True,1.0,paraphrased,BHXH / Trợ cấp giả,1.0,0.99809413,0.0019058699999999762,0.09999999999999998
ViSmish_09317,1,1,0.99958426,True,1.0,paraphrased,Đòi nợ / Đe dọa,1.0,0.99800148,0.0019985200000000036,0.09999999999999998
ViSmish_09321,1,1,0.9996214,True,1.0,paraphrased,Tuyển dụng giả,1.0,0.99809105,0.0019089500000000204,0.09999999999999998
ViSmish_09322,0,0,0.99942136,True,1.0,synthetic,Vận chuyển,1.0,0.0023496854999999995,0.9976503145,0.09999999999999998
ViSmish_09323,0,0,0.9993175,True,1.0,real,Quảng cáo hợp lệ,1.0,0.0025467195999999996,0.9974532804,0.09999999999999998
ViSmish_09324,0,0,0.9994174,True,1.0,synthetic,Ngân hàng thật,1.0,0.0023573854999999998,0.9976426145,0.09999999999999998
ViSmish_09325,0,0,0.99949217,True,1.0,synthetic,Vận chuyển,1.0,0.0022043130999999994,0.9977956869,0.09999999999999998
ViSmish_09326,1,1,0.999627,True,1.0,paraphrased,BHXH / Trợ cấp giả,1.0,0.99810486,0.0018951400000000174,0.09999999999999998
ViSmish_09327,0,0,0.99925107,True,1.0,real,Tin nhắn cá nhân và OTP,1.0,0.0026647569999999994,0.997335243,0.09999999999999998
ViSmish_09328,0,0,0.9994875,True,1.0,synthetic,Vận chuyển,1.0,0.0022140744999999996,0.9977859255,0.09999999999999998
ViSmish_09330,1,1,0.9996183,True,1.0,paraphrased,Tuyển dụng giả,1.0,0.99808352,0.0019164799999999982,0.09999999999999998
ViSmish_09331,1,1,0.99962723,True,1.0,paraphrased,Dịch vụ công giả,1.0,0.99810549,0.0018945099999999604,0.09999999999999998
ViSmish_09332,1,1,0.99961334,True,1.0,paraphrased,Giả mạo ngân hàng,1.0,0.99807107,0.0019289300000000509,0.09999999999999998
ViSmish_09334,0,0,0.9993795,True,1.0,real,Viễn thông,1.0,0.0024310104999999992,0.9975689895,0.09999999999999998
ViSmish_09337,1,1,0.9996024,True,1.0,paraphrased,Đòi nợ / Đe dọa,1.0,0.99804453,0.001955469999999959,0.09999999999999998
ViSmish_09340,0,0,0.99943405,True,1.0,external_real,P2P hội thoại thông thường,1.0,0.0023243359999999998,0.997675664,0.09999999999999998
ViSmish_09343,0,0,0.9994436,True,1.0,synthetic,Tin nhắn cá nhân và OTP,1.0,0.0023051689999999993,0.997694831,0.09999999999999998
ViSmish_09344,0,0,0.99933964,True,1.0,external_real,P2P hội thoại thông thường,1.0,0.0025061318999999994,0.9974938681,0.09999999999999998
ViSmish_09345,0,0,0.9994561,True,1.0,synthetic,Ngân hàng thật,1.0,0.0022796637999999998,0.9977203362,0.09999999999999998
ViSmish_09346,0,0,0.9994747,True,1.0,real,Khác,1.0,0.0022411161999999992,0.9977588838,0.09999999999999998
ViSmish_09347,1,1,0.9995351,True,1.0,synthetic_hard_negative,Khác,1.0,0.997888845,0.002111155000000031,0.09999999999999998
ViSmish_09348,0,0,0.9993812,True,1.0,real,Viễn thông,1.0,0.0024279182999999995,0.9975720817,0.09999999999999998
ViSmish_09349,1,1,0.99955446,True,1.0,paraphrased,Đòi nợ / Đe dọa,1.0,0.99793244,0.0020675599999999683,0.09999999999999998
ViSmish_09350,1,1,0.99951875,True,1.0,paraphrased,Đòi nợ / Đe dọa,1.0,0.99785282,0.0021471800000000263,0.09999999999999998
ViSmish_09352,1,1,0.99961674,True,1.0,paraphrased,Nội dung nhạy cảm,1.0,0.9980797299999999,0.0019202700000000572,0.09999999999999998
ViSmish_09353,0,0,0.9994191,True,1.0,synthetic,Dịch vụ công thật,1.0,0.0023542293999999995,0.9976457706,0.09999999999999998
ViSmish_09354,0,0,0.9994868,True,1.0,synthetic,Vận chuyển,1.0,0.0022157998999999995,0.9977842001,0.09999999999999998
ViSmish_09355,0,0,0.9994673,True,1.0,synthetic,Dịch vụ y tế,1.0,0.0022564980999999996,0.9977435019,0.09999999999999998
ViSmish_09356,0,0,0.9994154,True,1.0,external_curated,P2P hard negative,1.0,0.0023615242999999995,0.9976384757,0.09999999999999998
ViSmish_09357,0,0,0.99945074,True,1.0,synthetic,Viễn thông,1.0,0.002290505199999999,0.9977094948,0.09999999999999998
ViSmish_09358,0,0,0.99945515,True,1.0,real,Khác,1.0,0.0022814442999999993,0.9977185557,0.09999999999999998
ViSmish_09359,0,0,0.9994199,True,1.0,synthetic,Quảng cáo hợp lệ,1.0,0.0023524749999999997,0.997647525,0.09999999999999998
ViSmish_09361,0,0,0.99947816,True,1.0,synthetic,Ngân hàng thật,1.0,0.0022340202999999994,0.9977659797,0.09999999999999998
ViSmish_09362,1,1,0.99961746,True,1.0,paraphrased,Cờ bạc / Betting,1.0,0.99808148,0.0019185200000000346,0.09999999999999998
ViSmish_09363,0,0,0.99947315,True,1.0,real,Khác,1.0,0.0022445471999999996,0.9977554528,0.09999999999999998
ViSmish_09365,1,1,0.999616,True,1.0,paraphrased,Crypto / Đầu tư giả,1.0,0.99807786,0.0019221400000000166,0.09999999999999998
ViSmish_09366,1,1,0.99956673,True,1.0,paraphrased,Crypto / Đầu tư giả,1.0,0.997960496,0.00203950399999997,0.09999999999999998
ViSmish_09367,0,0,0.9994885,True,1.0,synthetic,Ngân hàng thật,1.0,0.0022120624999999996,0.9977879375,0.09999999999999998
ViSmish_09368,0,0,0.9992741,True,1.0,real,Vận chuyển,1.0,0.0026246120999999993,0.9973753879,0.09999999999999998
ViSmish_09369,0,0,0.9994555,True,1.0,synthetic,Dịch vụ y tế,1.0,0.0022808553999999997,0.9977191446,0.09999999999999998
ViSmish_09370,0,0,0.9994386,True,1.0,synthetic,Dịch vụ công thật,1.0,0.0023152822999999993,0.9976847177,0.09999999999999998
ViSmish_09371,0,0,0.9989773,True,1.0,real,Dịch vụ công thật,1.0,0.0031003657999999993,0.9968996342,0.09999999999999998
ViSmish_09372,1,1,0.99961627,True,1.0,paraphrased,Tuyển dụng giả,1.0,0.99807849,0.0019215099999999596,0.09999999999999998
ViSmish_09373,0,0,0.9994861,True,1.0,synthetic,Vận chuyển,1.0,0.0022171657999999995,0.9977828342,0.09999999999999998
ViSmish_09374,1,1,0.99959177,True,1.0,paraphrased,BHXH / Trợ cấp giả,1.0,0.998019123,0.0019808770000000475,0.09999999999999998
ViSmish_09376,1,1,0.9995865,True,1.0,paraphrased,Nội dung nhạy cảm,1.0,0.99800669,0.001993310000000026,0.09999999999999998
ViSmish_09379,1,1,0.999617,True,1.0,paraphrased,Giả mạo ngân hàng,1.0,0.998080206,0.0019197939999999747,0.09999999999999998
ViSmish_09380,1,1,0.9993711,True,1.0,real,Khác,1.0,0.99755274,0.002447259999999951,0.09999999999999998
ViSmish_09381,0,0,0.9994247,True,1.0,external_real,P2P hội thoại thông thường,1.0,0.0023431702999999996,0.9976568297,0.09999999999999998
ViSmish_09382,0,0,0.9991534,True,1.0,real,Dịch vụ công thật,1.0,0.0028285909999999997,0.997171409,0.09999999999999998
ViSmish_09384,1,1,0.99940205,True,1.0,synthetic_hard_negative,BHXH / Trợ cấp giả,1.0,0.997612417,0.002387582999999971,0.09999999999999998
ViSmish_09386,0,0,0.99943274,True,1.0,synthetic,Dịch vụ y tế,1.0,0.0023269198999999996,0.9976730801,0.09999999999999998
ViSmish_09388,0,0,0.9995028,True,1.0,synthetic,Dịch vụ y tế,1.0,0.0021817735999999995,0.9978182264,0.09999999999999998
ViSmish_09389,1,1,0.99957436,True,1.0,paraphrased,Cờ bạc / Betting,1.0,0.9979782,0.0020217999999999625,0.09999999999999998
ViSmish_09393,1,1,0.9996118,True,1.0,paraphrased,Nội dung nhạy cảm,1.0,0.998067415,0.0019325850000000422,0.09999999999999998
ViSmish_09394,1,1,0.9992834,True,1.0,synthetic_hard_negative,Khác,1.0,0.99739179,0.0026082099999999997,0.09999999999999998
ViSmish_09395,0,0,0.9994966,True,1.0,real,Tin nhắn cá nhân và OTP,1.0,0.0021950175999999994,0.9978049824,0.09999999999999998
ViSmish_09399,0,0,0.99949276,True,1.0,synthetic,Dịch vụ y tế,1.0,0.0022030097999999995,0.9977969902,0.09999999999999998
ViSmish_09400,0,0,0.9994369,True,1.0,synthetic,Dịch vụ công thật,1.0,0.0023184339999999994,0.997681566,0.09999999999999998
ViSmish_09401,1,1,0.9995902,True,1.0,paraphrased,Nội dung nhạy cảm,1.0,0.99801554,0.0019844599999999657,0.09999999999999998
ViSmish_09402,1,1,0.9996165,True,1.0,paraphrased,BHXH / Trợ cấp giả,1.0,0.998079026,0.0019209740000000197,0.09999999999999998
ViSmish_09403,0,0,0.9994917,True,1.0,real,Khác,1.0,0.0022053973999999997,0.9977946026,0.09999999999999998
ViSmish_09404,0,0,0.99943167,True,1.0,real,Khác,1.0,0.0023291315999999992,0.9976708684,0.09999999999999998
ViSmish_09405,1,1,0.9996099,True,1.0,real,Tuyển dụng giả,1.0,0.99806269,0.0019373099999999699,0.09999999999999998
ViSmish_09407,0,0,0.99936885,True,1.0,external_curated,P2P hard negative,1.0,0.0024514557999999994,0.9975485442,0.09999999999999998
ViSmish_09408,1,1,0.99961996,True,1.0,paraphrased,Nội dung nhạy cảm,1.0,0.99808755,0.0019124499999999545,0.09999999999999998
ViSmish_09409,1,1,0.9996213,True,1.0,paraphrased,Dịch vụ công giả,1.0,0.99809076,0.0019092400000000342,0.09999999999999998
ViSmish_09410,1,1,0.9992067,True,1.0,real,Giả mạo ngân hàng,1.0,0.99725963,0.0027403700000000475,0.09999999999999998
ViSmish_09415,1,1,0.9996063,True,1.0,paraphrased,Cờ bạc / Betting,1.0,0.99805393,0.001946070000000022,0.09999999999999998
ViSmish_09417,0,0,0.9994611,True,1.0,synthetic,Quảng cáo hợp lệ,1.0,0.0022693261999999995,0.9977306738,0.09999999999999998
ViSmish_09418,0,0,0.999238,True,1.0,real,Dịch vụ công thật,1.0,0.0026872461999999995,0.9973127538,0.09999999999999998
ViSmish_09419,0,0,0.9988219,True,1.0,external_curated,P2P hard negative,1.0,0.0033202399999999995,0.99667976,0.09999999999999998
ViSmish_09420,1,1,0.9989687,True,1.0,paraphrased,Nội dung nhạy cảm,1.0,0.996886986,0.0031130139999999695,0.09999999999999998
ViSmish_09421,1,1,0.99959785,True,1.0,paraphrased,Cờ bạc / Betting,1.0,0.998033535,0.001966464999999973,0.09999999999999998
ViSmish_09423,0,0,0.99947244,True,1.0,real,Viễn thông,1.0,0.0022458580999999995,0.9977541419,0.09999999999999998
ViSmish_09424,0,0,0.9992489,True,1.0,synthetic,Dịch vụ y tế,1.0,0.002668367099999999,0.9973316329,0.09999999999999998
ViSmish_09425,1,1,0.99954814,True,1.0,paraphrased,Nội dung nhạy cảm,1.0,0.997918004,0.0020819960000000304,0.09999999999999998
ViSmish_09426,0,0,0.9992536,True,1.0,real,Viễn thông,1.0,0.0026602953999999997,0.9973397046,0.09999999999999998
ViSmish_09427,0,0,0.99949086,True,1.0,synthetic,Ngân hàng thật,1.0,0.0022070269999999994,0.997792973,0.09999999999999998
ViSmish_09428,1,1,0.99961036,True,1.0,paraphrased,Dịch vụ công giả,1.0,0.99806388,0.0019361199999999856,0.09999999999999998
ViSmish_09429,1,1,0.99746907,True,1.0,paraphrased,Nội dung nhạy cảm,1.0,0.9952043,0.004795699999999958,0.09999999999999998
ViSmish_09430,1,1,0.99961877,True,1.0,paraphrased,Giả mạo ngân hàng,1.0,0.9980845,0.001915499999999959,0.09999999999999998
ViSmish_09431,0,0,0.99865735,True,1.0,real,Khác,1.0,0.003536967199999999,0.9964630328,0.09999999999999998
ViSmish_09432,0,0,0.99949265,True,1.0,synthetic,Dịch vụ công thật,1.0,0.0022032714999999994,0.9977967285,0.09999999999999998
ViSmish_09433,1,1,0.9996246,True,1.0,paraphrased,Đòi nợ / Đe dọa,1.0,0.99809889,0.0019011100000000392,0.09999999999999998
ViSmish_09435,1,1,0.99961746,True,1.0,paraphrased,Đòi nợ / Đe dọa,1.0,0.998081356,0.0019186439999999694,0.09999999999999998
ViSmish_09436,1,1,0.99961555,True,1.0,paraphrased,Crypto / Đầu tư giả,1.0,0.998076564,0.0019234360000000006,0.09999999999999998
ViSmish_09437,1,1,0.99961543,True,1.0,paraphrased,Giả mạo ngân hàng,1.0,0.998076504,0.001923495999999969,0.09999999999999998
ViSmish_09438,1,1,0.9995877,True,1.0,paraphrased,Đòi nợ / Đe dọa,1.0,0.99800955,0.001990449999999977,0.09999999999999998
ViSmish_09439,0,0,0.99862456,True,1.0,synthetic,Quảng cáo hợp lệ,1.0,0.003578385299999999,0.9964216147,0.09999999999999998
ViSmish_09441,1,1,0.9995578,True,1.0,synthetic_hard_negative,Khác,1.0,0.99794001,0.0020599900000000115,0.09999999999999998
ViSmish_09442,1,1,0.9996189,True,1.0,paraphrased,Đòi nợ / Đe dọa,1.0,0.998084867,0.0019151330000000133,0.09999999999999998
ViSmish_09444,0,0,0.9992391,True,1.0,synthetic,Viễn thông,1.0,0.002685400799999999,0.9973145992,0.09999999999999998
ViSmish_09445,0,0,0.99945444,True,1.0,synthetic,Dịch vụ công thật,1.0,0.0022830822999999993,0.9977169177,0.09999999999999998
ViSmish_09446,1,1,0.9995969,True,1.0,paraphrased,Đòi nợ / Đe dọa,1.0,0.998031384,0.0019686159999999786,0.09999999999999998
ViSmish_09447,0,0,0.99941206,True,1.0,real,Viễn thông,1.0,0.0023680101999999995,0.9976319898,0.09999999999999998
ViSmish_09448,0,0,0.9994342,True,1.0,external_real,P2P hội thoại thông thường,1.0,0.0023240319999999993,0.997675968,0.09999999999999998
ViSmish_09449,1,1,0.999622,True,1.0,paraphrased,Dịch vụ công giả,1.0,0.9980925,0.001907499999999951,0.09999999999999998
ViSmish_09450,1,1,0.9995902,True,1.0,paraphrased,Crypto / Đầu tư giả,1.0,0.99801553,0.001984470000000016,0.09999999999999998
ViSmish_09451,1,1,0.99952745,True,1.0,synthetic_hard_negative,Đòi nợ / Đe dọa,1.0,0.997871816,0.002128184000000033,0.09999999999999998
ViSmish_09452,1,1,0.9996257,True,1.0,paraphrased,BHXH / Trợ cấp giả,1.0,0.998101735,0.00189826500000001,0.09999999999999998
ViSmish_09454,0,0,0.9994742,True,1.0,synthetic,Vận chuyển,1.0,0.0022422557999999993,0.9977577442,0.09999999999999998
ViSmish_09455,1,1,0.9995529,True,1.0,paraphrased,Nội dung nhạy cảm,1.0,0.997929025,0.002070974999999975,0.09999999999999998
ViSmish_09456,1,1,0.9996057,True,1.0,paraphrased,Dịch vụ công giả,1.0,0.9980525,0.001947499999999991,0.09999999999999998
ViSmish_09457,1,1,0.9996082,True,1.0,paraphrased,Nội dung nhạy cảm,1.0,0.99805875,0.0019412500000000055,0.09999999999999998
ViSmish_09458,0,0,0.99943787,True,1.0,external_real,P2P hội thoại thông thường,1.0,0.0023165784999999994,0.9976834215,0.09999999999999998
ViSmish_09459,0,0,0.9994843,True,1.0,real,Khác,1.0,0.0022210111999999994,0.9977789888,0.09999999999999998
ViSmish_09460,1,1,0.9996251,True,1.0,paraphrased,BHXH / Trợ cấp giả,1.0,0.99810035,0.0018996500000000305,0.09999999999999998
ViSmish_09461,0,0,0.9987471,True,1.0,real,Dịch vụ công thật,1.0,0.003420729199999999,0.9965792708,0.09999999999999998
ViSmish_09462,0,0,0.9994467,True,1.0,real,Ngân hàng thật,1.0,0.0022987197999999997,0.9977012802,0.09999999999999998
ViSmish_09463,1,1,0.9996032,True,1.0,paraphrased,Tuyển dụng giả,1.0,0.998046404,0.001953596000000002,0.09999999999999998
ViSmish_09465,1,1,0.9996245,True,1.0,paraphrased,Tuyển dụng giả,1.0,0.998098654,0.001901346000000026,0.09999999999999998
ViSmish_09466,0,0,0.99927276,True,1.0,real,Dịch vụ công thật,1.0,0.0026268558999999994,0.9973731441,0.09999999999999998
ViSmish_09467,1,1,0.9996195,True,1.0,paraphrased,Nội dung nhạy cảm,1.0,0.99808632,0.0019136800000000287,0.09999999999999998
ViSmish_09468,0,0,0.99944764,True,1.0,synthetic,Dịch vụ y tế,1.0,0.0022967747999999995,0.9977032252,0.09999999999999998
ViSmish_09469,1,1,0.99956614,True,1.0,paraphrased,Giả mạo ngân hàng,1.0,0.997959274,0.0020407260000000482,0.09999999999999998
ViSmish_09470,0,0,0.9994499,True,1.0,external_curated,P2P hard negative,1.0,0.0022922988999999998,0.9977077011,0.09999999999999998
ViSmish_09471,0,0,0.9994758,True,1.0,real,Khác,1.0,0.0022390884999999995,0.9977609115,0.09999999999999998
ViSmish_09472,0,0,0.9993412,True,1.0,real,Viễn thông,1.0,0.0025032404999999996,0.9974967595,0.09999999999999998
ViSmish_09473,1,1,0.9995969,True,1.0,paraphrased,Nội dung nhạy cảm,1.0,0.99803146,0.0019685400000000186,0.09999999999999998
ViSmish_09474,0,0,0.9994184,True,1.0,real,Vận chuyển,1.0,0.0023555606999999994,0.9976444393,0.09999999999999998
ViSmish_09475,0,0,0.99947864,True,1.0,real,Viễn thông,1.0,0.0022329296999999996,0.9977670703,0.09999999999999998
ViSmish_09476,0,0,0.99945027,True,1.0,synthetic,Dịch vụ công thật,1.0,0.0022915491999999996,0.9977084508,0.09999999999999998
ViSmish_09477,1,1,0.9996239,True,1.0,paraphrased,Dịch vụ công giả,1.0,0.9980973,0.001902700000000035,0.09999999999999998
ViSmish_09479,1,1,0.99962604,True,1.0,paraphrased,Tuyển dụng giả,1.0,0.998102564,0.00189743600000003,0.09999999999999998
ViSmish_09481,1,1,0.9996007,True,1.0,paraphrased,Dịch vụ công giả,1.0,0.998040515,0.001959484999999983,0.09999999999999998
ViSmish_09482,0,0,0.99946874,True,1.0,synthetic,Dịch vụ công thật,1.0,0.0022535606999999993,0.9977464393,0.09999999999999998
ViSmish_09483,0,0,0.9993574,True,1.0,real,Viễn thông,1.0,0.0024729739999999993,0.997527026,0.09999999999999998
ViSmish_09484,0,0,0.9994186,True,1.0,external_real,P2P hội thoại thông thường,1.0,0.0023551229999999993,0.997644877,0.09999999999999998
ViSmish_09486,0,0,0.9994816,True,1.0,synthetic,Thương mại điện tử,1.0,0.0022267985999999997,0.9977732014,0.09999999999999998
ViSmish_09488,0,0,0.9994005,True,1.0,real,Khác,1.0,0.0023907049999999995,0.997609295,0.09999999999999998
ViSmish_09489,1,1,0.99957997,True,1.0,paraphrased,Tuyển dụng giả,1.0,0.99799115,0.002008849999999951,0.09999999999999998
ViSmish_09490,1,1,0.9996278,True,1.0,paraphrased,Dịch vụ công giả,1.0,0.99810712,0.0018928799999999857,0.09999999999999998
ViSmish_09491,0,0,0.9994128,True,1.0,synthetic,Dịch vụ y tế,1.0,0.0023666657999999994,0.9976333342,0.09999999999999998
ViSmish_09493,1,1,0.99961215,True,1.0,paraphrased,Tuyển dụng giả,1.0,0.998068136,0.0019318640000000054,0.09999999999999998
ViSmish_09494,1,1,0.9996245,True,1.0,paraphrased,Nội dung nhạy cảm,1.0,0.99809878,0.0019012200000000368,0.09999999999999998
ViSmish_09495,1,1,0.999603,True,1.0,paraphrased,Nội dung nhạy cảm,1.0,0.998045874,0.0019541260000000005,0.09999999999999998
ViSmish_09496,1,1,0.99955434,True,1.0,synthetic_hard_negative,Khác,1.0,0.997932225,0.002067774999999994,0.09999999999999998
ViSmish_09497,1,1,0.9996025,True,1.0,paraphrased,Cờ bạc / Betting,1.0,0.998044753,0.001955247000000049,0.09999999999999998
ViSmish_09498,0,0,0.99945945,True,1.0,synthetic,Viễn thông,1.0,0.0022728323999999995,0.9977271676,0.09999999999999998
ViSmish_09499,1,1,0.9996062,True,1.0,paraphrased,Crypto / Đầu tư giả,1.0,0.99805381,0.0019461899999999588,0.09999999999999998
ViSmish_09500,1,1,0.99962044,True,1.0,paraphrased,Tuyển dụng giả,1.0,0.99808865,0.0019113499999999783,0.09999999999999998
ViSmish_09502,1,1,0.999524,True,1.0,synthetic_hard_negative,Giả mạo ngân hàng,1.0,0.997864324,0.0021356759999999753,0.09999999999999998
ViSmish_09503,1,1,0.9996203,True,1.0,paraphrased,Nội dung nhạy cảm,1.0,0.99808849,0.0019115100000000051,0.09999999999999998
ViSmish_09505,1,1,0.9996196,True,1.0,paraphrased,Giả mạo ngân hàng,1.0,0.99808662,0.0019133799999999646,0.09999999999999998
ViSmish_09506,0,0,0.99944896,True,1.0,real,Khác,1.0,0.0022942019999999995,0.997705798,0.09999999999999998
ViSmish_09507,1,1,0.9995041,True,1.0,synthetic_hard_negative,Đòi nợ / Đe dọa,1.0,0.99782119,0.0021788099999999755,0.09999999999999998
ViSmish_09508,1,1,0.9996282,True,1.0,paraphrased,Tuyển dụng giả,1.0,0.99810807,0.0018919299999999861,0.09999999999999998
ViSmish_09511,1,1,0.99955565,True,1.0,paraphrased,Crypto / Đầu tư giả,1.0,0.997935164,0.002064835999999959,0.09999999999999998
ViSmish_09513,0,0,0.9994517,True,1.0,synthetic,Tin nhắn cá nhân và OTP,1.0,0.0022886596999999996,0.9977113403,0.09999999999999998
ViSmish_09515,0,0,0.9994211,True,1.0,synthetic,Vận chuyển,1.0,0.0023501025999999995,0.9976498974,0.09999999999999998
ViSmish_09516,0,0,0.99947435,True,1.0,synthetic,Thương mại điện tử,1.0,0.0022418964999999995,0.9977581035,0.09999999999999998
ViSmish_09517,0,0,0.9994454,True,1.0,external_real,P2P hội thoại thông thường,1.0,0.0023014602999999996,0.9976985397,0.09999999999999998
ViSmish_09518,1,1,0.9996221,True,1.0,paraphrased,Dịch vụ công giả,1.0,0.998092765,0.0019072350000000071,0.09999999999999998
ViSmish_09520,0,0,0.99946445,True,1.0,synthetic,Viễn thông,1.0,0.0022623809999999995,0.997737619,0.09999999999999998
ViSmish_09521,0,0,0.99936146,True,1.0,external_real,P2P hội thoại thông thường,1.0,0.0024654585999999996,0.9975345414,0.09999999999999998
ViSmish_09522,1,1,0.9996061,True,1.0,paraphrased,Crypto / Đầu tư giả,1.0,0.998053414,0.0019465859999999724,0.09999999999999998
ViSmish_09523,1,1,0.99961084,True,1.0,paraphrased,Tuyển dụng giả,1.0,0.99806488,0.0019351199999999569,0.09999999999999998
ViSmish_09524,0,0,0.99947447,True,1.0,real,Khác,1.0,0.0022416263999999997,0.9977583736,0.09999999999999998
ViSmish_09525,0,0,0.9993374,True,1.0,synthetic,Dịch vụ y tế,1.0,0.0025102152999999993,0.9974897847,0.09999999999999998
ViSmish_09526,0,0,0.9994649,True,1.0,synthetic,Tin nhắn cá nhân và OTP,1.0,0.0022615387999999994,0.9977384612,0.09999999999999998
ViSmish_09527,1,1,0.99959034,True,1.0,paraphrased,Nội dung nhạy cảm,1.0,0.998015815,0.0019841849999999717,0.09999999999999998
ViSmish_09528,1,1,0.9996357,True,1.0,paraphrased,Giả mạo ngân hàng,1.0,0.99812666,0.0018733399999999456,0.09999999999999998
ViSmish_09530,1,1,0.9996275,True,1.0,paraphrased,BHXH / Trợ cấp giả,1.0,0.99810616,0.0018938400000000355,0.09999999999999998
ViSmish_09531,1,1,0.9996132,True,1.0,paraphrased,Đòi nợ / Đe dọa,1.0,0.998070705,0.001929295000000053,0.09999999999999998
ViSmish_09532,1,1,0.99961555,True,1.0,paraphrased,Crypto / Đầu tư giả,1.0,0.998076665,0.0019233349999999705,0.09999999999999998
ViSmish_09533,1,1,0.9996145,True,1.0,paraphrased,Nội dung nhạy cảm,1.0,0.998074156,0.0019258439999999544,0.09999999999999998
ViSmish_09534,0,0,0.99947566,True,1.0,synthetic,Quảng cáo hợp lệ,1.0,0.0022392753999999995,0.9977607246,0.09999999999999998
ViSmish_09536,1,1,0.9996165,True,1.0,paraphrased,Giả mạo ngân hàng,1.0,0.99807912,0.0019208800000000137,0.09999999999999998
ViSmish_09537,0,0,0.99939847,True,1.0,synthetic,Dịch vụ công thật,1.0,0.0023945215999999995,0.9976054784,0.09999999999999998
ViSmish_09538,1,1,0.99960595,True,1.0,paraphrased,Nội dung nhạy cảm,1.0,0.998053265,0.0019467349999999772,0.09999999999999998
ViSmish_09539,1,1,0.99962556,True,1.0,paraphrased,BHXH / Trợ cấp giả,1.0,0.9981014500000001,0.0018985499999999433,0.09999999999999998
ViSmish_09540,1,1,0.99955016,True,1.0,paraphrased,Đòi nợ / Đe dọa,1.0,0.997922635,0.0020773649999999977,0.09999999999999998
ViSmish_09541,0,0,0.9994165,True,1.0,external_curated,P2P hard negative,1.0,0.0023592978999999997,0.9976407021,0.09999999999999998
ViSmish_09544,1,1,0.99957365,True,1.0,paraphrased,Crypto / Đầu tư giả,1.0,0.997976524,0.0020234759999999685,0.09999999999999998
ViSmish_09545,1,1,0.99963355,True,1.0,paraphrased,Tuyển dụng giả,1.0,0.99812123,0.0018787700000000296,0.09999999999999998
ViSmish_09546,0,0,0.99937755,True,1.0,external_curated,P2P hard negative,1.0,0.0024349450999999996,0.9975650549,0.09999999999999998
ViSmish_09547,1,1,0.99962664,True,1.0,paraphrased,BHXH / Trợ cấp giả,1.0,0.9981042,0.001895800000000003,0.09999999999999998
ViSmish_09550,0,0,0.99945337,True,1.0,synthetic,Dịch vụ công thật,1.0,0.0022852673999999994,0.9977147326,0.09999999999999998
ViSmish_09552,0,0,0.99938416,True,1.0,real,Khác,1.0,0.0024222852999999994,0.9975777147,0.09999999999999998
ViSmish_09554,1,1,0.9995852,True,1.0,paraphrased,Crypto / Đầu tư giả,1.0,0.99800362,0.00199638000000002,0.09999999999999998
ViSmish_09555,1,1,0.99961084,True,1.0,paraphrased,Đòi nợ / Đe dọa,1.0,0.998065156,0.0019348439999999911,0.09999999999999998
ViSmish_09556,1,1,0.9996049,True,1.0,paraphrased,Nội dung nhạy cảm,1.0,0.998050594,0.0019494060000000424,0.09999999999999998
ViSmish_09557,0,0,0.9994673,True,1.0,real,Viễn thông,1.0,0.0022565466999999993,0.9977434533,0.09999999999999998
ViSmish_09558,0,0,0.99946064,True,1.0,external_real,P2P hội thoại thông thường,1.0,0.0022703579999999997,0.997729642,0.09999999999999998
ViSmish_09561,1,1,0.99955565,True,1.0,paraphrased,Cờ bạc / Betting,1.0,0.997935116,0.0020648840000000446,0.09999999999999998
ViSmish_09562,0,0,0.9994332,True,1.0,synthetic,Dịch vụ công thật,1.0,0.0023259413999999995,0.9976740586,0.09999999999999998
ViSmish_09563,1,1,0.9995802,True,1.0,paraphrased,Crypto / Đầu tư giả,1.0,0.997991824,0.002008176000000028,0.09999999999999998
ViSmish_09564,1,1,0.99961996,True,1.0,paraphrased,BHXH / Trợ cấp giả,1.0,0.9980874,0.001912600000000042,0.09999999999999998
ViSmish_09565,0,0,0.9994142,True,1.0,real,Ngân hàng thật,1.0,0.0023639125999999995,0.9976360874,0.09999999999999998
ViSmish_09566,1,1,0.9996145,True,1.0,paraphrased,Cờ bạc / Betting,1.0,0.99807402,0.0019259799999999938,0.09999999999999998
ViSmish_09567,1,1,0.9994981,True,1.0,paraphrased,Đòi nợ / Đe dọa,1.0,0.997808343,0.0021916570000000135,0.09999999999999998
ViSmish_09568,1,1,0.9995939,True,1.0,paraphrased,Nội dung nhạy cảm,1.0,0.9980243,0.0019757000000000247,0.09999999999999998
ViSmish_09569,1,1,0.99962056,True,1.0,paraphrased,Nội dung nhạy cảm,1.0,0.9980889,0.0019111000000000544,0.09999999999999998
ViSmish_09570,1,1,0.99962986,True,1.0,paraphrased,Tuyển dụng giả,1.0,0.99811203,0.001887969999999961,0.09999999999999998
ViSmish_09572,1,1,0.99958056,True,1.0,paraphrased,Dịch vụ công giả,1.0,0.99799272,0.0020072799999999447,0.09999999999999998
ViSmish_09576,0,0,0.99948335,True,1.0,synthetic,Vận chuyển,1.0,0.0022230136999999996,0.9977769863,0.09999999999999998
ViSmish_09577,1,1,0.9996189,True,1.0,paraphrased,Cờ bạc / Betting,1.0,0.99808492,0.001915079999999958,0.09999999999999998
ViSmish_09578,0,0,0.99937075,True,1.0,external_real,P2P hội thoại thông thường,1.0,0.0024479479999999997,0.997552052,0.09999999999999998
ViSmish_09579,0,0,0.9994962,True,1.0,real,Tin nhắn cá nhân và OTP,1.0,0.0021957100999999996,0.9978042899,0.09999999999999998
ViSmish_09580,0,0,0.99904805,True,1.0,synthetic,Dịch vụ công thật,1.0,0.002994316299999999,0.9970056837,0.09999999999999998
ViSmish_09581,1,1,0.9992773,True,1.0,paraphrased,Crypto / Đầu tư giả,1.0,0.997381085,0.0026189149999999994,0.09999999999999998
ViSmish_09583,1,1,0.99935323,True,1.0,paraphrased,Cờ bạc / Betting,1.0,0.997519183,0.002480817000000024,0.09999999999999998
ViSmish_09584,1,1,0.9996152,True,1.0,paraphrased,Cờ bạc / Betting,1.0,0.9980757,0.00192429999999999,0.09999999999999998
ViSmish_09585,1,1,0.99958867,True,1.0,paraphrased,Nội dung nhạy cảm,1.0,0.998011726,0.001988274000000012,0.09999999999999998
ViSmish_09586,1,1,0.99956936,True,1.0,paraphrased,Nội dung nhạy cảm,1.0,0.99796668,0.002033320000000005,0.09999999999999998
ViSmish_09588,0,0,0.9993562,True,1.0,real,Tin nhắn cá nhân và OTP,1.0,0.0024753979999999993,0.997524602,0.09999999999999998
ViSmish_09590,0,0,0.9994599,True,1.0,real,Khác,1.0,0.0022717952999999993,0.9977282047,0.09999999999999998
ViSmish_09591,0,0,0.99948883,True,1.0,real,Tin nhắn cá nhân và OTP,1.0,0.0022114980999999993,0.9977885019,0.09999999999999998
ViSmish_09592,0,0,0.9994636,True,1.0,real,Ngân hàng thật,1.0,0.0022642416999999995,0.9977357583,0.09999999999999998
ViSmish_09594,0,0,0.9994398,True,1.0,synthetic,Thương mại điện tử,1.0,0.0023128209999999996,0.997687179,0.09999999999999998
ViSmish_09595,0,0,0.99947613,True,1.0,synthetic,Vận chuyển,1.0,0.0022383307999999996,0.9977616692,0.09999999999999998
ViSmish_09597,1,1,0.99953055,True,1.0,paraphrased,Cờ bạc / Betting,1.0,0.99787869,0.002121310000000043,0.09999999999999998
ViSmish_09599,0,0,0.9994466,True,1.0,external_real,P2P hội thoại thông thường,1.0,0.0022991256999999998,0.9977008743,0.09999999999999998
ViSmish_09601,0,0,0.9992285,True,1.0,synthetic,Dịch vụ công thật,1.0,0.0027036529999999994,0.997296347,0.09999999999999998
ViSmish_09602,1,1,0.9996106,True,1.0,paraphrased,Cờ bạc / Betting,1.0,0.998064464,0.00193553599999996,0.09999999999999998
ViSmish_09607,1,1,0.9996371,True,1.0,paraphrased,Tuyển dụng giả,1.0,0.99813036,0.0018696400000000057,0.09999999999999998
ViSmish_09608,1,1,0.9996099,True,1.0,paraphrased,Nội dung nhạy cảm,1.0,0.998062676,0.001937324000000018,0.09999999999999998
ViSmish_09610,1,1,0.999617,True,1.0,paraphrased,Tuyển dụng giả,1.0,0.99808007,0.0019199300000000141,0.09999999999999998
ViSmish_09613,0,0,0.99946946,True,1.0,synthetic,Tin nhắn cá nhân và OTP,1.0,0.0022521161999999994,0.9977478838,0.09999999999999998
ViSmish_09614,1,1,0.9992711,True,1.0,paraphrased,Nội dung nhạy cảm,1.0,0.997370154,0.0026298460000000468,0.09999999999999998
ViSmish_09615,1,1,0.99961865,True,1.0,paraphrased,Dịch vụ công giả,1.0,0.998084337,0.0019156630000000119,0.09999999999999998
ViSmish_09617,1,1,0.9996012,True,1.0,paraphrased,Nội dung nhạy cảm,1.0,0.998041576,0.001958424000000014,0.09999999999999998
ViSmish_09618,1,1,0.99962044,True,1.0,paraphrased,BHXH / Trợ cấp giả,1.0,0.998088616,0.001911384000000016,0.09999999999999998
ViSmish_09619,0,0,0.99939287,True,1.0,external_real,P2P hội thoại thông thường,1.0,0.0024053629999999993,0.997594637,0.09999999999999998
ViSmish_09620,1,1,0.9996151,True,1.0,paraphrased,Tuyển dụng giả,1.0,0.99807553,0.001924469999999956,0.09999999999999998
ViSmish_09621,0,0,0.99944156,True,1.0,synthetic,Tin nhắn cá nhân và OTP,1.0,0.002309113,0.997690887,0.09999999999999998
ViSmish_09623,1,1,0.9996238,True,1.0,paraphrased,Crypto / Đầu tư giả,1.0,0.99809703,0.0019029699999999483,0.09999999999999998
ViSmish_09627,1,1,0.9995851,True,1.0,paraphrased,Crypto / Đầu tư giả,1.0,0.99800325,0.0019967499999999916,0.09999999999999998
ViSmish_09630,0,0,0.9993443,True,1.0,real,Viễn thông,1.0,0.0024975772999999996,0.9975024227,0.09999999999999998
ViSmish_09631,0,0,0.9994765,True,1.0,synthetic,Viễn thông,1.0,0.0022375171999999993,0.9977624828,0.09999999999999998
ViSmish_09633,1,1,0.99957067,True,1.0,paraphrased,Crypto / Đầu tư giả,1.0,0.99796949,0.0020305099999999854,0.09999999999999998
ViSmish_09634,0,0,0.9994715,True,1.0,synthetic,Thương mại điện tử,1.0,0.0022477881999999998,0.9977522118,0.09999999999999998
ViSmish_09635,0,0,0.99947923,True,1.0,synthetic,Vận chuyển,1.0,0.0022318229999999995,0.997768177,0.09999999999999998
ViSmish_09636,0,0,0.9993837,True,1.0,external_real,P2P hội thoại thông thường,1.0,0.0024232176999999995,0.9975767823,0.09999999999999998
ViSmish_09637,1,1,0.999443,True,1.0,synthetic_hard_negative,Khác,1.0,0.99769379,0.0023062099999999752,0.09999999999999998
ViSmish_09639,1,1,0.9996301,True,1.0,paraphrased,Đòi nợ / Đe dọa,1.0,0.9981125829999999,0.0018874170000000579,0.09999999999999998
ViSmish_09640,1,1,0.99962604,True,1.0,paraphrased,BHXH / Trợ cấp giả,1.0,0.998102576,0.0018974240000000364,0.09999999999999998
ViSmish_09641,1,1,0.9996126,True,1.0,paraphrased,Crypto / Đầu tư giả,1.0,0.998069304,0.001930695999999954,0.09999999999999998
ViSmish_09642,0,0,0.9994649,True,1.0,synthetic,Ngân hàng thật,1.0,0.0022615659999999996,0.997738434,0.09999999999999998
ViSmish_09643,1,1,0.99962246,True,1.0,paraphrased,Tuyển dụng giả,1.0,0.998093706,0.001906293999999975,0.09999999999999998
ViSmish_09644,1,1,0.9995334,True,1.0,paraphrased,Cờ bạc / Betting,1.0,0.99788519,0.0021148100000000225,0.09999999999999998
ViSmish_09645,0,0,0.99945027,True,1.0,real,Khác,1.0,0.0022916525999999993,0.9977083474,0.09999999999999998
ViSmish_09646,0,0,0.99927455,True,1.0,synthetic,Thương mại điện tử,1.0,0.0026236412999999996,0.9973763587,0.09999999999999998
ViSmish_09647,1,1,0.9995894,True,1.0,paraphrased,Nội dung nhạy cảm,1.0,0.99801359,0.001986409999999994,0.09999999999999998
ViSmish_09649,1,1,0.9996288,True,1.0,paraphrased,Đòi nợ / Đe dọa,1.0,0.99810941,0.0018905900000000253,0.09999999999999998
ViSmish_09650,0,0,0.99943525,True,1.0,external_real,P2P hội thoại thông thường,1.0,0.0023218793999999995,0.9976781206,0.09999999999999998
ViSmish_09651,0,0,0.99939144,True,1.0,synthetic,Ngân hàng thật,1.0,0.0024081619999999997,0.997591838,0.09999999999999998
ViSmish_09652,0,0,0.9994553,True,1.0,real,Ngân hàng thật,1.0,0.0022814241999999994,0.9977185758,0.09999999999999998
ViSmish_09653,0,0,0.99936026,True,1.0,real,Viễn thông,1.0,0.0024676953999999995,0.9975323046,0.09999999999999998
ViSmish_09655,0,0,0.99938893,True,1.0,synthetic,Quảng cáo hợp lệ,1.0,0.0024130826999999994,0.9975869173,0.09999999999999998
ViSmish_09656,1,1,0.999571,True,1.0,paraphrased,Crypto / Đầu tư giả,1.0,0.997970426,0.002029574000000034,0.09999999999999998
ViSmish_09657,0,0,0.99947757,True,1.0,synthetic,Thương mại điện tử,1.0,0.0022351150999999994,0.9977648849,0.09999999999999998
ViSmish_09659,1,1,0.9996209,True,1.0,paraphrased,Crypto / Đầu tư giả,1.0,0.998089784,0.0019102159999999646,0.09999999999999998
ViSmish_09660,1,1,0.9995066,True,1.0,paraphrased,Nội dung nhạy cảm,1.0,0.997826433,0.002173567000000043,0.09999999999999998
ViSmish_09662,1,1,0.9996308,True,1.0,paraphrased,Tuyển dụng giả,1.0,0.99811462,0.0018853800000000476,0.09999999999999998
ViSmish_09663,1,1,0.9995913,True,1.0,paraphrased,Nội dung nhạy cảm,1.0,0.99801792,0.001982079999999997,0.09999999999999998
ViSmish_09664,1,1,0.99958795,True,1.0,paraphrased,Đòi nợ / Đe dọa,1.0,0.998010194,0.001989805999999983,0.09999999999999998
ViSmish_09665,0,0,0.9994789,True,1.0,synthetic,Viễn thông,1.0,0.0022323859999999994,0.997767614,0.09999999999999998
ViSmish_09667,1,1,0.999527,True,1.0,paraphrased,Giả mạo ngân hàng,1.0,0.997870743,0.0021292569999999955,0.09999999999999998
ViSmish_09668,1,1,0.99961543,True,1.0,paraphrased,BHXH / Trợ cấp giả,1.0,0.998076355,0.0019236449999999738,0.09999999999999998
ViSmish_09669,1,1,0.99951756,True,1.0,synthetic_hard_negative,Tuyển dụng giả,1.0,0.997850204,0.0021497959999999816,0.09999999999999998
ViSmish_09670,1,1,0.9996055,True,1.0,paraphrased,Cờ bạc / Betting,1.0,0.99805211,0.0019478899999999522,0.09999999999999998
ViSmish_09671,1,1,0.9996228,True,1.0,paraphrased,Đòi nợ / Đe dọa,1.0,0.998094636,0.001905363999999965,0.09999999999999998
ViSmish_09672,1,1,0.9996313,True,1.0,paraphrased,BHXH / Trợ cấp giả,1.0,0.99811561,0.001884389999999958,0.09999999999999998
ViSmish_09675,1,1,0.99959224,True,1.0,paraphrased,Nội dung nhạy cảm,1.0,0.998020256,0.0019797440000000055,0.09999999999999998
ViSmish_09677,1,1,0.9994673,True,1.0,paraphrased,Nội dung nhạy cảm,1.0,0.997743535,0.0022564649999999853,0.09999999999999998
ViSmish_09679,0,0,0.9994531,True,1.0,synthetic,Dịch vụ y tế,1.0,0.0022858025999999993,0.9977141974,0.09999999999999998
ViSmish_09680,1,1,0.99961275,True,1.0,paraphrased,Tuyển dụng giả,1.0,0.99806974,0.0019302599999999615,0.09999999999999998
ViSmish_09682,1,1,0.9994717,True,1.0,paraphrased,Cờ bạc / Betting,1.0,0.9977527,0.002247299999999952,0.09999999999999998
ViSmish_09683,1,1,0.9996081,True,1.0,paraphrased,Cờ bạc / Betting,1.0,0.99805828,0.0019417200000000356,0.09999999999999998
ViSmish_09684,1,1,0.99956876,True,1.0,paraphrased,Dịch vụ công giả,1.0,0.9979652,0.0020348000000000033,0.09999999999999998
ViSmish_09687,0,0,0.99949014,True,1.0,synthetic,Tin nhắn cá nhân và OTP,1.0,0.002208698699999999,0.9977913013,0.09999999999999998
ViSmish_09692,1,1,0.9996025,True,1.0,paraphrased,Cờ bạc / Betting,1.0,0.9980449,0.0019550999999999874,0.09999999999999998
ViSmish_09693,1,1,0.99962044,True,1.0,paraphrased,Nội dung nhạy cảm,1.0,0.99808859,0.0019114099999999468,0.09999999999999998
ViSmish_09694,0,0,0.99947256,True,1.0,synthetic,Dịch vụ y tế,1.0,0.002245670199999999,0.9977543298,0.09999999999999998
ViSmish_09695,0,0,0.99945265,True,1.0,real,Tin nhắn cá nhân và OTP,1.0,0.0022866976999999997,0.9977133023,0.09999999999999998
ViSmish_09699,0,0,0.99946684,True,1.0,synthetic,Dịch vụ công thật,1.0,0.0022576074999999998,0.9977423925,0.09999999999999998
ViSmish_09700,1,1,0.9996012,True,1.0,paraphrased,Nội dung nhạy cảm,1.0,0.99804159,0.001958409999999966,0.09999999999999998
ViSmish_09702,1,1,0.9996082,True,1.0,paraphrased,Crypto / Đầu tư giả,1.0,0.9980586,0.001941399999999982,0.09999999999999998
ViSmish_09704,0,0,0.9994629,True,1.0,real,Khác,1.0,0.0022656464999999994,0.9977343535,0.09999999999999998
ViSmish_09705,1,1,0.9996118,True,1.0,paraphrased,Cờ bạc / Betting,1.0,0.99806739,0.0019326100000000013,0.09999999999999998
ViSmish_09706,1,1,0.999622,True,1.0,paraphrased,BHXH / Trợ cấp giả,1.0,0.9980925,0.001907499999999951,0.09999999999999998
ViSmish_09708,0,0,0.99947256,True,1.0,synthetic,Quảng cáo hợp lệ,1.0,0.0022457045999999996,0.9977542954,0.09999999999999998
ViSmish_09709,1,1,0.99961543,True,1.0,paraphrased,Cờ bạc / Betting,1.0,0.9980762400000001,0.001923759999999941,0.09999999999999998
ViSmish_09712,1,1,0.9995547,True,1.0,paraphrased,Crypto / Đầu tư giả,1.0,0.997933,0.002067000000000041,0.09999999999999998
ViSmish_09716,1,1,0.99953663,True,1.0,paraphrased,Crypto / Đầu tư giả,1.0,0.997892237,0.0021077630000000402,0.09999999999999998
ViSmish_09717,0,0,0.9993272,True,1.0,external_real,P2P hội thoại thông thường,1.0,0.0025291691999999996,0.9974708308,0.09999999999999998
ViSmish_09718,0,0,0.9994729,True,1.0,synthetic,Tin nhắn cá nhân và OTP,1.0,0.0022448889999999995,0.997755111,0.09999999999999998
ViSmish_09719,1,1,0.99960834,True,1.0,paraphrased,BHXH / Trợ cấp giả,1.0,0.99805878,0.0019412199999999658,0.09999999999999998
ViSmish_09720,1,1,0.99962175,True,1.0,paraphrased,Crypto / Đầu tư giả,1.0,0.998091847,0.0019081530000000235,0.09999999999999998
ViSmish_09723,0,0,0.99947315,True,1.0,synthetic,Vận chuyển,1.0,0.0022444176999999992,0.9977555823,0.09999999999999998
ViSmish_09725,1,1,0.9996189,True,1.0,paraphrased,BHXH / Trợ cấp giả,1.0,0.99808488,0.001915120000000048,0.09999999999999998
ViSmish_09726,0,0,0.99944896,True,1.0,real,Viễn thông,1.0,0.0022941465999999997,0.9977058534,0.09999999999999998
ViSmish_09727,1,1,0.99957615,True,1.0,paraphrased,Cờ bạc / Betting,1.0,0.997982305,0.0020176950000000415,0.09999999999999998
ViSmish_09728,1,1,0.99957734,True,1.0,paraphrased,Cờ bạc / Betting,1.0,0.99798507,0.0020149299999999704,0.09999999999999998
ViSmish_09730,0,0,0.99925345,True,1.0,external_real,P2P hội thoại thông thường,1.0,0.0026605465999999995,0.9973394534,0.09999999999999998
ViSmish_09731,1,1,0.99954045,True,1.0,synthetic_hard_negative,Khác,1.0,0.99790077,0.0020992300000000075,0.09999999999999998
ViSmish_09732,1,1,0.99941957,True,1.0,real,Khác,1.0,0.99764671,0.0023532899999999524,0.09999999999999998
ViSmish_09733,1,1,0.99941826,True,1.0,real,Cờ bạc / Betting,1.0,0.9976442,0.002355800000000019,0.09999999999999998
ViSmish_09735,0,0,0.999485,True,1.0,synthetic,Vận chuyển,1.0,0.0022194954999999995,0.9977805045,0.09999999999999998
ViSmish_09736,1,1,0.9996159,True,1.0,paraphrased,Giả mạo ngân hàng,1.0,0.99807749,0.0019225099999999884,0.09999999999999998
ViSmish_09737,0,0,0.99948007,True,1.0,synthetic,Vận chuyển,1.0,0.0022299194999999996,0.9977700805,0.09999999999999998
ViSmish_09738,0,0,0.9994295,True,1.0,real,Khác,1.0,0.0023333647999999995,0.9976666352,0.09999999999999998
ViSmish_09739,0,0,0.99929416,True,1.0,synthetic,Dịch vụ công thật,1.0,0.0025888796999999995,0.9974111203,0.09999999999999998
ViSmish_09740,1,1,0.9996288,True,1.0,paraphrased,BHXH / Trợ cấp giả,1.0,0.998109275,0.001890724999999982,0.09999999999999998
ViSmish_09741,0,0,0.99948114,True,1.0,synthetic,Thương mại điện tử,1.0,0.0022277654999999993,0.9977722345,0.09999999999999998
ViSmish_09742,0,0,0.9994222,True,1.0,external_real,P2P hội thoại thông thường,1.0,0.0023481119999999994,0.997651888,0.09999999999999998
ViSmish_09743,1,1,0.99959797,True,1.0,paraphrased,Crypto / Đầu tư giả,1.0,0.99803391,0.0019660900000000314,0.09999999999999998
ViSmish_09744,0,0,0.9994879,True,1.0,synthetic,Dịch vụ y tế,1.0,0.0022135637999999994,0.9977864362,0.09999999999999998
ViSmish_09745,0,0,0.99932635,True,1.0,synthetic,Quảng cáo hợp lệ,1.0,0.0025305905999999994,0.9974694094,0.09999999999999998
ViSmish_09747,0,0,0.9994394,True,1.0,real,Viễn thông,1.0,0.0023134619999999996,0.997686538,0.09999999999999998
ViSmish_09748,1,1,0.999546,True,1.0,paraphrased,Giả mạo ngân hàng,1.0,0.9979134199999999,0.00208658000000006,0.09999999999999998
ViSmish_09749,0,0,0.9994017,True,1.0,real,Viễn thông,1.0,0.002388273,0.997611727,0.09999999999999998
ViSmish_09750,1,1,0.9996153,True,1.0,paraphrased,Giả mạo ngân hàng,1.0,0.99807606,0.0019239399999999574,0.09999999999999998
ViSmish_09752,0,0,0.9994305,True,1.0,real,Ngân hàng thật,1.0,0.0023314779999999997,0.997668522,0.09999999999999998
ViSmish_09753,1,1,0.99955446,True,1.0,paraphrased,Crypto / Đầu tư giả,1.0,0.99793235,0.0020676499999999765,0.09999999999999998
ViSmish_09754,1,1,0.99950004,True,1.0,synthetic_hard_negative,Dịch vụ công giả,1.0,0.99781251,0.0021874899999999586,0.09999999999999998
ViSmish_09756,1,1,0.9996332,True,1.0,paraphrased,Tuyển dụng giả,1.0,0.99812042,0.0018795799999999918,0.09999999999999998
ViSmish_09758,0,0,0.9993887,True,1.0,synthetic,Viễn thông,1.0,0.0024135199999999993,0.99758648,0.09999999999999998
ViSmish_09759,0,0,0.99946195,True,1.0,real,Tin nhắn cá nhân và OTP,1.0,0.0022676779999999995,0.997732322,0.09999999999999998
ViSmish_09763,1,1,0.9995253,True,1.0,real,BHXH / Trợ cấp giả,1.0,0.997867227,0.0021327730000000322,0.09999999999999998
ViSmish_09764,0,0,0.9993042,True,1.0,real,Quảng cáo hợp lệ,1.0,0.0025708723999999994,0.9974291276,0.09999999999999998
ViSmish_09765,0,0,0.9954255,True,1.0,real,Khác,1.0,0.0063486559999999985,0.993651344,0.09999999999999998
ViSmish_09766,1,1,0.9996152,True,1.0,paraphrased,BHXH / Trợ cấp giả,1.0,0.99807567,0.0019243300000000296,0.09999999999999998
ViSmish_09767,0,0,0.99937457,True,1.0,real,Quảng cáo hợp lệ,1.0,0.0024405506999999995,0.9975594493,0.09999999999999998
ViSmish_09768,1,1,0.99955374,True,1.0,paraphrased,Crypto / Đầu tư giả,1.0,0.99793082,0.002069180000000004,0.09999999999999998
ViSmish_09770,0,0,0.9994821,True,1.0,synthetic,Thương mại điện tử,1.0,0.0022257028,0.9977742972,0.09999999999999998
ViSmish_09771,1,1,0.999627,True,1.0,paraphrased,Tuyển dụng giả,1.0,0.998105043,0.001894956999999975,0.09999999999999998
ViSmish_09773,1,1,0.99962306,True,1.0,paraphrased,Đòi nợ / Đe dọa,1.0,0.99809506,0.001904939999999966,0.09999999999999998
ViSmish_09774,1,1,0.9995859,True,1.0,paraphrased,Dịch vụ công giả,1.0,0.99800525,0.001994750000000045,0.09999999999999998
ViSmish_09777,1,1,0.999579,True,1.0,paraphrased,Cờ bạc / Betting,1.0,0.997988975,0.002011025000000055,0.09999999999999998
ViSmish_09778,1,1,0.9995951,True,1.0,paraphrased,Crypto / Đầu tư giả,1.0,0.99802694,0.001973059999999971,0.09999999999999998
ViSmish_09779,1,1,0.9996196,True,1.0,paraphrased,Dịch vụ công giả,1.0,0.99808677,0.001913229999999988,0.09999999999999998
ViSmish_09780,0,0,0.9988967,True,1.0,external_curated,P2P hard negative,1.0,0.0032163995999999993,0.9967836004,0.09999999999999998
ViSmish_09781,0,0,0.99938333,True,1.0,real,Viễn thông,1.0,0.0024238622,0.9975761378,0.09999999999999998
ViSmish_09782,0,0,0.9994548,True,1.0,synthetic,Ngân hàng thật,1.0,0.0022823268999999993,0.9977176731,0.09999999999999998
ViSmish_09783,0,0,0.999313,True,1.0,external_real,P2P hội thoại thông thường,1.0,0.0025549515999999995,0.9974450484,0.09999999999999998
ViSmish_09784,0,0,0.9992636,True,1.0,external_real,P2P hội thoại thông thường,1.0,0.0026429637999999993,0.9973570362,0.09999999999999998
ViSmish_09785,1,1,0.99959666,True,1.0,paraphrased,Dịch vụ công giả,1.0,0.99803084,0.0019691600000000253,0.09999999999999998
ViSmish_09787,1,1,0.99961793,True,1.0,paraphrased,Tuyển dụng giả,1.0,0.998082465,0.0019175350000000257,0.09999999999999998
ViSmish_09788,0,0,0.9992186,True,1.0,real,Khác,1.0,0.0027203989999999996,0.997279601,0.09999999999999998
ViSmish_09790,1,1,0.9996182,True,1.0,paraphrased,Nội dung nhạy cảm,1.0,0.99808326,0.0019167399999999724,0.09999999999999998
ViSmish_09791,0,0,0.99947983,True,1.0,synthetic,Tin nhắn cá nhân và OTP,1.0,0.0022305007999999997,0.9977694992,0.09999999999999998
ViSmish_09792,0,0,0.9994572,True,1.0,synthetic,Quảng cáo hợp lệ,1.0,0.0022774464999999995,0.9977225535,0.09999999999999998
ViSmish_09793,0,0,0.9986272,True,1.0,external_real,P2P hội thoại thông thường,1.0,0.0035751149999999994,0.996424885,0.09999999999999998
ViSmish_09794,0,0,0.9993808,True,1.0,real,Viễn thông,1.0,0.0024285645999999996,0.9975714354,0.09999999999999998
ViSmish_09795,1,1,0.9996151,True,1.0,paraphrased,Tuyển dụng giả,1.0,0.99807544,0.001924559999999964,0.09999999999999998
ViSmish_09796,0,0,0.99934477,True,1.0,real,Viễn thông,1.0,0.0024966032999999993,0.9975033967,0.09999999999999998
ViSmish_09797,1,1,0.9996207,True,1.0,paraphrased,Tuyển dụng giả,1.0,0.99808915,0.0019108500000000195,0.09999999999999998
ViSmish_09798,0,0,0.9994517,True,1.0,external_real,P2P hội thoại thông thường,1.0,0.0022887379999999994,0.997711262,0.09999999999999998
ViSmish_09799,0,0,0.99936765,True,1.0,real,Viễn thông,1.0,0.0024537745999999995,0.9975462254,0.09999999999999998
ViSmish_09800,1,1,0.99960274,True,1.0,paraphrased,Đòi nợ / Đe dọa,1.0,0.9980453,0.001954699999999976,0.09999999999999998
ViSmish_09801,0,0,0.99942446,True,1.0,real,Viễn thông,1.0,0.0023436273999999993,0.9976563726,0.09999999999999998
ViSmish_09802,1,1,0.99951243,True,1.0,paraphrased,Crypto / Đầu tư giả,1.0,0.997839,0.0021609999999999685,0.09999999999999998
ViSmish_09803,1,1,0.99961686,True,1.0,paraphrased,Giả mạo ngân hàng,1.0,0.998079866,0.0019201340000000178,0.09999999999999998
ViSmish_09804,1,1,0.99958664,True,1.0,paraphrased,Cờ bạc / Betting,1.0,0.9980068559999999,0.0019931440000000578,0.09999999999999998
ViSmish_09808,0,0,0.99945277,True,1.0,real,Tin nhắn cá nhân và OTP,1.0,0.0022863489999999996,0.997713651,0.09999999999999998
ViSmish_09809,1,1,0.9996332,True,1.0,paraphrased,BHXH / Trợ cấp giả,1.0,0.998120534,0.0018794659999999963,0.09999999999999998
ViSmish_09811,0,0,0.99940765,True,1.0,real,Quảng cáo hợp lệ,1.0,0.0023767796999999997,0.9976232203,0.09999999999999998
ViSmish_09812,0,0,0.9994604,True,1.0,real,Khác,1.0,0.0022707933999999994,0.9977292066,0.09999999999999998
ViSmish_09813,1,1,0.99959534,True,1.0,paraphrased,Cờ bạc / Betting,1.0,0.998027736,0.001972263999999946,0.09999999999999998
ViSmish_09816,1,1,0.99961156,True,1.0,paraphrased,Nội dung nhạy cảm,1.0,0.998066735,0.0019332650000000173,0.09999999999999998
ViSmish_09817,1,1,0.9996131,True,1.0,paraphrased,Cờ bạc / Betting,1.0,0.998070425,0.0019295750000000167,0.09999999999999998
ViSmish_09819,0,0,0.99940825,True,1.0,real,Quảng cáo hợp lệ,1.0,0.0023754184999999995,0.9976245815,0.09999999999999998
ViSmish_09821,1,1,0.99960655,True,1.0,paraphrased,Cờ bạc / Betting,1.0,0.99805455,0.0019454500000000152,0.09999999999999998
ViSmish_09822,1,1,0.99961096,True,1.0,paraphrased,Crypto / Đầu tư giả,1.0,0.99806529,0.0019347100000000061,0.09999999999999998
ViSmish_09824,0,0,0.9992052,True,1.0,external_real,P2P hội thoại thông thường,1.0,0.0027430699999999994,0.99725693,0.09999999999999998
ViSmish_09825,0,0,0.99946874,True,1.0,real,Ngân hàng thật,1.0,0.0022536457999999993,0.9977463542,0.09999999999999998
ViSmish_09826,1,1,0.99952614,True,1.0,paraphrased,Đòi nợ / Đe dọa,1.0,0.99786911,0.0021308899999999964,0.09999999999999998
ViSmish_09829,1,0,0.9984419,False,0.3,real,Khác,0.0,1.0,0.0,0.0
ViSmish_09832,0,0,0.99946743,True,1.0,synthetic,Ngân hàng thật,1.0,0.0022561881999999993,0.9977438118,0.09999999999999998
ViSmish_09834,0,0,0.99948645,True,1.0,real,Khác,1.0,0.0022164926,0.9977835074,0.09999999999999998
ViSmish_09835,0,0,0.9994362,True,1.0,real,Quảng cáo hợp lệ,1.0,0.0023200544999999995,0.9976799455,0.09999999999999998
ViSmish_09836,1,1,0.9995503,True,1.0,paraphrased,Nội dung nhạy cảm,1.0,0.997922987,0.002077012999999961,0.09999999999999998
ViSmish_09837,1,1,0.99962044,True,1.0,paraphrased,Giả mạo ngân hàng,1.0,0.99808867,0.0019113299999999889,0.09999999999999998
ViSmish_09838,1,1,0.99961936,True,1.0,paraphrased,Dịch vụ công giả,1.0,0.99808608,0.0019139200000000134,0.09999999999999998
ViSmish_09840,0,0,0.99937516,True,1.0,real,Viễn thông,1.0,0.0024395847999999997,0.9975604152,0.09999999999999998
ViSmish_09844,0,0,0.9992779,True,1.0,external_real,P2P hội thoại thông thường,1.0,0.0026178631999999994,0.9973821368,0.09999999999999998
ViSmish_09845,0,0,0.99938595,True,1.0,synthetic,Dịch vụ y tế,1.0,0.0024186610999999995,0.9975813389,0.09999999999999998
ViSmish_09846,0,0,0.9994665,True,1.0,synthetic,Tin nhắn cá nhân và OTP,1.0,0.0022582769999999995,0.997741723,0.09999999999999998
ViSmish_09850,0,0,0.9994504,True,1.0,synthetic,Dịch vụ công thật,1.0,0.0022912267999999993,0.9977087732,0.09999999999999998
ViSmish_09851,0,0,0.99943477,True,1.0,real,Khác,1.0,0.0023228093999999996,0.9976771906,0.09999999999999998
ViSmish_09855,1,1,0.9996012,True,1.0,paraphrased,Cờ bạc / Betting,1.0,0.998041534,0.0019584660000000476,0.09999999999999998
ViSmish_09856,1,1,0.9995571,True,1.0,paraphrased,Nội dung nhạy cảm,1.0,0.997938377,0.0020616230000000124,0.09999999999999998
ViSmish_09857,1,1,0.99956816,True,1.0,paraphrased,Crypto / Đầu tư giả,1.0,0.99796377,0.0020362299999999722,0.09999999999999998
ViSmish_09859,1,1,0.99962103,True,1.0,paraphrased,Giả mạo ngân hàng,1.0,0.9980902700000001,0.0019097299999999429,0.09999999999999998
ViSmish_09861,1,1,0.9996259,True,1.0,paraphrased,BHXH / Trợ cấp giả,1.0,0.998102415,0.001897585000000035,0.09999999999999998
ViSmish_09862,1,1,0.99962676,True,1.0,paraphrased,Đòi nợ / Đe dọa,1.0,0.99810441,0.001895589999999947,0.09999999999999998
ViSmish_09864,1,1,0.99946386,True,1.0,synthetic_hard_negative,Khác,1.0,0.99773622,0.0022637800000000485,0.09999999999999998
ViSmish_09867,0,0,0.9994653,True,1.0,synthetic,Tin nhắn cá nhân và OTP,1.0,0.0022608589999999996,0.997739141,0.09999999999999998
ViSmish_09868,1,1,0.99955887,True,1.0,paraphrased,Nội dung nhạy cảm,1.0,0.9979424,0.0020575999999999928,0.09999999999999998
ViSmish_09871,1,1,0.99962735,True,1.0,paraphrased,Giả mạo ngân hàng,1.0,0.9981058,0.001894199999999957,0.09999999999999998
ViSmish_09872,0,0,0.99946004,True,1.0,synthetic,Tin nhắn cá nhân và OTP,1.0,0.0022715289999999996,0.997728471,0.09999999999999998
ViSmish_09874,0,0,0.99933404,True,1.0,synthetic,Viễn thông,1.0,0.0025165665999999994,0.9974834334,0.09999999999999998
ViSmish_09875,1,1,0.99959844,True,1.0,paraphrased,Crypto / Đầu tư giả,1.0,0.998035127,0.0019648730000000336,0.09999999999999998
ViSmish_09877,0,0,0.9994431,True,1.0,synthetic,Viễn thông,1.0,0.0023060902999999995,0.9976939097,0.09999999999999998
ViSmish_09878,0,0,0.9994548,True,1.0,synthetic,Ngân hàng thật,1.0,0.0022822543999999993,0.9977177456,0.09999999999999998
ViSmish_09879,1,1,0.9996238,True,1.0,paraphrased,BHXH / Trợ cấp giả,1.0,0.99809698,0.0019030199999999775,0.09999999999999998
ViSmish_09881,1,1,0.99959534,True,1.0,paraphrased,Tuyển dụng giả,1.0,0.99802767,0.0019723299999999666,0.09999999999999998
ViSmish_09883,1,1,0.99956614,True,1.0,paraphrased,Giả mạo ngân hàng,1.0,0.99795926,0.0020407399999999853,0.09999999999999998
ViSmish_09884,1,1,0.9996176,True,1.0,paraphrased,Đòi nợ / Đe dọa,1.0,0.99808173,0.0019182699999999997,0.09999999999999998
ViSmish_09888,1,1,0.9995814,True,1.0,paraphrased,Nội dung nhạy cảm,1.0,0.997994757,0.0020052430000000454,0.09999999999999998
ViSmish_09889,1,1,0.99952507,True,1.0,paraphrased,Nội dung nhạy cảm,1.0,0.997866756,0.002133244000000034,0.09999999999999998
ViSmish_09890,0,0,0.9994529,True,1.0,real,Viễn thông,1.0,0.0022863074999999993,0.9977136925,0.09999999999999998
ViSmish_09891,1,1,0.99961615,True,1.0,paraphrased,Crypto / Đầu tư giả,1.0,0.998078156,0.0019218439999999504,0.09999999999999998
ViSmish_09892,1,1,0.9996177,True,1.0,paraphrased,Tuyển dụng giả,1.0,0.99808188,0.0019181200000000231,0.09999999999999998
ViSmish_09893,0,0,0.99948287,True,1.0,synthetic,Vận chuyển,1.0,0.0022239246999999993,0.9977760753,0.09999999999999998
ViSmish_09894,1,1,0.9996276,True,1.0,paraphrased,Giả mạo ngân hàng,1.0,0.998106307,0.001893692999999974,0.09999999999999998
ViSmish_09895,1,1,0.9996145,True,1.0,paraphrased,Tuyển dụng giả,1.0,0.9980739,0.0019261000000000417,0.09999999999999998
ViSmish_09896,0,0,0.9994672,True,1.0,real,Khác,1.0,0.0022566984999999994,0.9977433015,0.09999999999999998
ViSmish_09897,1,1,0.99962676,True,1.0,paraphrased,BHXH / Trợ cấp giả,1.0,0.9981045,0.00189550000000005,0.09999999999999998
ViSmish_09899,1,1,0.9996146,True,1.0,paraphrased,Nội dung nhạy cảm,1.0,0.998074245,0.001925755000000029,0.09999999999999998
ViSmish_09900,1,1,0.9995623,True,1.0,paraphrased,Giả mạo ngân hàng,1.0,0.99795027,0.002049729999999972,0.09999999999999998
ViSmish_09901,1,1,0.99960893,True,1.0,paraphrased,Tuyển dụng giả,1.0,0.99806027,0.0019397300000000284,0.09999999999999998
ViSmish_09902,0,0,0.999423,True,1.0,external_real,P2P hội thoại thông thường,1.0,0.00234647,0.99765353,0.09999999999999998
ViSmish_09904,0,0,0.9994609,True,1.0,real,Khác,1.0,0.0022699057999999994,0.9977300942,0.09999999999999998
ViSmish_09905,0,0,0.99941635,True,1.0,real,Viễn thông,1.0,0.0023594932999999995,0.9976405067,0.09999999999999998
ViSmish_09906,0,0,0.99925476,True,1.0,external_real,P2P hội thoại thông thường,1.0,0.0026582987999999993,0.9973417012,0.09999999999999998
ViSmish_09908,0,0,0.9987948,True,1.0,real,Khác,1.0,0.003357109999999999,0.99664289,0.09999999999999998
ViSmish_09910,1,1,0.9995747,True,1.0,paraphrased,Nội dung nhạy cảm,1.0,0.99797911,0.002020890000000053,0.09999999999999998
ViSmish_09911,1,1,0.99961334,True,1.0,paraphrased,Crypto / Đầu tư giả,1.0,0.9980711760000001,0.0019288239999999401,0.09999999999999998
ViSmish_09913,1,1,0.99960345,True,1.0,paraphrased,Nội dung nhạy cảm,1.0,0.998047125,0.001952874999999965,0.09999999999999998
ViSmish_09914,1,1,0.99952865,True,1.0,synthetic_hard_negative,Khác,1.0,0.99787459,0.0021254099999999942,0.09999999999999998
ViSmish_09915,1,1,0.99957305,True,1.0,paraphrased,Đòi nợ / Đe dọa,1.0,0.99797513,0.0020248699999999564,0.09999999999999998
ViSmish_09916,1,1,0.99958605,True,1.0,paraphrased,Giả mạo ngân hàng,1.0,0.998005563,0.0019944370000000156,0.09999999999999998
ViSmish_09917,0,0,0.9993793,True,1.0,real,Khác,1.0,0.0024316116999999996,0.9975683883,0.09999999999999998
ViSmish_09919,1,1,0.9995585,True,1.0,paraphrased,Crypto / Đầu tư giả,1.0,0.99794158,0.0020584200000000052,0.09999999999999998
ViSmish_09920,0,0,0.999451,True,1.0,synthetic,Dịch vụ công thật,1.0,0.0022900808999999998,0.9977099191,0.09999999999999998
ViSmish_09921,1,1,0.9996277,True,1.0,paraphrased,Đòi nợ / Đe dọa,1.0,0.99810687,0.0018931300000000206,0.09999999999999998
ViSmish_09922,1,1,0.99960643,True,1.0,paraphrased,Cờ bạc / Betting,1.0,0.99805432,0.0019456799999999497,0.09999999999999998
ViSmish_09924,0,0,0.99948126,True,1.0,synthetic,Quảng cáo hợp lệ,1.0,0.0022275352999999998,0.9977724647,0.09999999999999998
ViSmish_09926,0,0,0.9994574,True,1.0,real,Tin nhắn cá nhân và OTP,1.0,0.0022770083999999993,0.9977229916,0.09999999999999998
ViSmish_09927,0,0,0.99935657,True,1.0,real,Viễn thông,1.0,0.0024745996999999994,0.9975254003,0.09999999999999998
ViSmish_09928,0,0,0.99815637,True,1.0,external_curated,P2P hard negative,1.0,0.004120582999999999,0.995879417,0.09999999999999998
ViSmish_09930,1,1,0.9995976,True,1.0,paraphrased,Nội dung nhạy cảm,1.0,0.99803294,0.0019670600000000205,0.09999999999999998
ViSmish_09933,0,0,0.9994821,True,1.0,synthetic,Dịch vụ y tế,1.0,0.0022257564999999995,0.9977742435,0.09999999999999998
ViSmish_09934,0,0,0.9993893,True,1.0,real,Dịch vụ công thật,1.0,0.0024123221999999994,0.9975876778,0.09999999999999998
ViSmish_09935,0,0,0.9994752,True,1.0,synthetic,Ngân hàng thật,1.0,0.0022402599999999996,0.99775974,0.09999999999999998
ViSmish_09936,1,1,0.9995203,True,1.0,paraphrased,Crypto / Đầu tư giả,1.0,0.997856253,0.0021437469999999736,0.09999999999999998
ViSmish_09938,1,1,0.999607,True,1.0,paraphrased,Tuyển dụng giả,1.0,0.99805565,0.001944350000000039,0.09999999999999998
ViSmish_09940,0,0,0.99945766,True,1.0,synthetic,Thương mại điện tử,1.0,0.0022765146999999993,0.9977234853,0.09999999999999998
ViSmish_09941,1,1,0.99949026,True,1.0,synthetic_hard_negative,Khác,1.0,0.99779163,0.0022083699999999595,0.09999999999999998
ViSmish_09943,1,1,0.9996216,True,1.0,paraphrased,Đòi nợ / Đe dọa,1.0,0.99809176,0.0019082400000000055,0.09999999999999998
ViSmish_09944,1,1,0.99948186,True,1.0,paraphrased,Nội dung nhạy cảm,1.0,0.9977738,0.002226199999999956,0.09999999999999998
ViSmish_09945,1,1,0.9995697,True,1.0,synthetic_hard_negative,Khác,1.0,0.99796752,0.002032480000000003,0.09999999999999998
ViSmish_09948,1,1,0.9996203,True,1.0,paraphrased,Tuyển dụng giả,1.0,0.99808836,0.0019116399999999922,0.09999999999999998
ViSmish_09950,1,1,0.9995552,True,1.0,paraphrased,Crypto / Đầu tư giả,1.0,0.9979339700000001,0.002066029999999941,0.09999999999999998
ViSmish_09951,1,1,0.99956244,True,1.0,paraphrased,Nội dung nhạy cảm,1.0,0.9979506,0.002049399999999979,0.09999999999999998
ViSmish_09953,1,1,0.99961746,True,1.0,paraphrased,Nội dung nhạy cảm,1.0,0.99808148,0.0019185200000000346,0.09999999999999998
ViSmish_09957,1,1,0.99962187,True,1.0,paraphrased,BHXH / Trợ cấp giả,1.0,0.99809215,0.0019078500000000442,0.09999999999999998
ViSmish_09958,0,0,0.9994487,True,1.0,synthetic,Tin nhắn cá nhân và OTP,1.0,0.0022945751999999993,0.9977054248,0.09999999999999998
ViSmish_09959,0,0,0.99937755,True,1.0,synthetic,Thương mại điện tử,1.0,0.0024350517999999995,0.9975649482,0.09999999999999998
ViSmish_09960,0,0,0.9994386,True,1.0,synthetic,Dịch vụ công thật,1.0,0.0023151602999999994,0.9976848397,0.09999999999999998
ViSmish_09961,1,1,0.999617,True,1.0,paraphrased,BHXH / Trợ cấp giả,1.0,0.99808023,0.0019197699999999873,0.09999999999999998
ViSmish_09963,1,1,0.99961036,True,1.0,paraphrased,Cờ bạc / Betting,1.0,0.998063964,0.0019360360000000298,0.09999999999999998
ViSmish_09964,0,0,0.99871755,True,1.0,external_curated,P2P hard negative,1.0,0.003459521399999999,0.9965404786,0.09999999999999998
ViSmish_09966,1,1,0.99961853,True,1.0,paraphrased,Giả mạo ngân hàng,1.0,0.99808404,0.0019159600000000498,0.09999999999999998
ViSmish_09967,1,1,0.9992982,True,1.0,synthetic_hard_negative,Khác,1.0,0.99741847,0.002581530000000054,0.09999999999999998
ViSmish_09968,0,0,0.99932957,True,1.0,external_curated,P2P hard negative,1.0,0.0025247411999999997,0.9974752588,0.09999999999999998
ViSmish_09969,0,0,0.999471,True,1.0,synthetic,Tin nhắn cá nhân và OTP,1.0,0.0022488487999999997,0.9977511512,0.09999999999999998
ViSmish_09970,1,1,0.99960834,True,1.0,paraphrased,Cờ bạc / Betting,1.0,0.998059064,0.0019409360000000042,0.09999999999999998
ViSmish_09971,1,1,0.99961394,True,1.0,paraphrased,Giả mạo ngân hàng,1.0,0.99807256,0.0019274400000000025,0.09999999999999998
ViSmish_09972,1,1,0.9994822,True,1.0,paraphrased,Cờ bạc / Betting,1.0,0.99777461,0.0022253899999999938,0.09999999999999998
ViSmish_09973,1,1,0.9996107,True,1.0,paraphrased,BHXH / Trợ cấp giả,1.0,0.998064685,0.001935314999999993,0.09999999999999998
ViSmish_09974,0,0,0.99949193,True,1.0,real,Tin nhắn cá nhân và OTP,1.0,0.0022048202999999994,0.9977951797,0.09999999999999998
ViSmish_09975,1,1,0.99962246,True,1.0,paraphrased,BHXH / Trợ cấp giả,1.0,0.99809357,0.0019064300000000145,0.09999999999999998
ViSmish_09978,0,0,0.99933904,True,1.0,synthetic,Quảng cáo hợp lệ,1.0,0.0025072756999999996,0.9974927243,0.09999999999999998
ViSmish_09981,0,0,0.999456,True,1.0,real,Viễn thông,1.0,0.0022797559999999995,0.997720244,0.09999999999999998
ViSmish_09985,0,0,0.999483,True,1.0,synthetic,Vận chuyển,1.0,0.0022236553999999994,0.9977763446,0.09999999999999998
ViSmish_09986,0,0,0.9994861,True,1.0,synthetic,Vận chuyển,1.0,0.002217205599999999,0.9977827944,0.09999999999999998
ViSmish_09989,1,1,0.9995908,True,1.0,synthetic_hard_negative,Khác,1.0,0.99801673,0.0019832699999999814,0.09999999999999998
ViSmish_09990,0,0,0.9994854,True,1.0,synthetic,Tin nhắn cá nhân và OTP,1.0,0.0022186666999999996,0.9977813333,0.09999999999999998
ViSmish_09991,0,0,0.987857,True,1.0,real,Dịch vụ công thật,1.0,0.009980495999999998,0.990019504,0.09999999999999998
ViSmish_09992,0,0,0.999295,True,1.0,external_curated,P2P hard negative,1.0,0.0025873360999999996,0.9974126639,0.09999999999999998
ViSmish_09993,0,0,0.9993837,True,1.0,real,Viễn thông,1.0,0.0024231757999999995,0.9975768242,0.09999999999999998
ViSmish_09995,1,1,0.9994685,True,1.0,paraphrased,Nội dung nhạy cảm,1.0,0.99774581,0.0022541900000000448,0.09999999999999998
ViSmish_09996,1,1,0.99962544,True,1.0,paraphrased,Tuyển dụng giả,1.0,0.998101,0.001898999999999984,0.09999999999999998
ViSmish_09997,1,1,0.9996227,True,1.0,paraphrased,Tuyển dụng giả,1.0,0.99809444,0.0019055599999999728,0.09999999999999998
ViSmish_09998,1,1,0.99962497,True,1.0,paraphrased,Tuyển dụng giả,1.0,0.998100007,0.0018999929999999887,0.09999999999999998
ViSmish_10000,1,1,0.99955875,True,1.0,paraphrased,Cờ bạc / Betting,1.0,0.99794215,0.0020578500000000277,0.09999999999999998
ViSmish_10001,1,1,0.9996171,True,1.0,paraphrased,Nội dung nhạy cảm,1.0,0.9980804,0.0019196000000000213,0.09999999999999998
ViSmish_10003,1,1,0.8844671,True,1.0,real,Dịch vụ công giả,1.0,0.97345273,0.02654727000000001,0.09999999999999998
ViSmish_10004,0,0,0.999385,True,1.0,external_real,P2P hội thoại thông thường,1.0,0.002420518199999999,0.9975794818,0.09999999999999998
ViSmish_10005,1,1,0.99960667,True,1.0,paraphrased,Crypto / Đầu tư giả,1.0,0.99805489,0.0019451099999999721,0.09999999999999998
ViSmish_10006,0,0,0.99946254,True,1.0,synthetic,Tin nhắn cá nhân và OTP,1.0,0.0022664008999999995,0.9977335991,0.09999999999999998
ViSmish_10008,1,1,0.99961734,True,1.0,paraphrased,Tuyển dụng giả,1.0,0.998081136,0.0019188639999999646,0.09999999999999998
ViSmish_10009,0,0,0.999495,True,1.0,synthetic,Vận chuyển,1.0,0.002198229499999999,0.9978017705,0.09999999999999998
ViSmish_10010,0,0,0.99947137,True,1.0,real,Viễn thông,1.0,0.0022481135999999993,0.9977518864,0.09999999999999998
ViSmish_10011,0,0,0.99946433,True,1.0,real,Quảng cáo hợp lệ,1.0,0.0022626554999999994,0.9977373445,0.09999999999999998
ViSmish_10013,1,1,0.99956256,True,1.0,paraphrased,Giả mạo ngân hàng,1.0,0.997950876,0.0020491240000000133,0.09999999999999998
ViSmish_10014,0,0,0.99935883,True,1.0,external_real,P2P hội thoại thông thường,1.0,0.0024704154999999994,0.9975295845,0.09999999999999998
ViSmish_10015,1,1,0.99961674,True,1.0,paraphrased,Đòi nợ / Đe dọa,1.0,0.99807961,0.001920389999999994,0.09999999999999998
ViSmish_10016,0,0,0.9994554,True,1.0,real,Khác,1.0,0.0022810084999999995,0.9977189915,0.09999999999999998
ViSmish_10017,1,1,0.9996051,True,1.0,paraphrased,Crypto / Đầu tư giả,1.0,0.99805116,0.0019488399999999517,0.09999999999999998
ViSmish_10018,1,1,0.99957067,True,1.0,synthetic_hard_negative,Khác,1.0,0.99796953,0.0020304700000000064,0.09999999999999998
ViSmish_10019,0,0,0.9993864,True,1.0,external_real,P2P hội thoại thông thường,1.0,0.00241774,0.99758226,0.09999999999999998
ViSmish_10020,1,1,0.9995901,True,1.0,paraphrased,BHXH / Trợ cấp giả,1.0,0.99801524,0.00198476000000003,0.09999999999999998
ViSmish_10023,0,0,0.99946934,True,1.0,real,Viễn thông,1.0,0.002252414499999999,0.9977475855,0.09999999999999998
ViSmish_10024,1,1,0.9995801,True,1.0,paraphrased,Cờ bạc / Betting,1.0,0.99799152,0.002008479999999979,0.09999999999999998
ViSmish_10025,0,0,0.9994773,True,1.0,synthetic,Viễn thông,1.0,0.0022357309999999995,0.997764269,0.09999999999999998
ViSmish_10026,0,0,0.99947125,True,1.0,external_curated,P2P hard negative,1.0,0.0022483065999999996,0.9977516934,0.09999999999999998
ViSmish_10027,1,1,0.99949825,True,1.0,synthetic_hard_negative,Dịch vụ công giả,1.0,0.9978085800000001,0.002191419999999944,0.09999999999999998
ViSmish_10030,0,0,0.999488,True,1.0,synthetic,Vận chuyển,1.0,0.002213114299999999,0.9977868857,0.09999999999999998
ViSmish_10031,0,0,0.99934334,True,1.0,real,Viễn thông,1.0,0.0024993990999999994,0.9975006009,0.09999999999999998
ViSmish_10034,0,0,0.99942577,True,1.0,synthetic,Tin nhắn cá nhân và OTP,1.0,0.0023409876999999995,0.9976590123,0.09999999999999998
ViSmish_10035,0,0,0.99941015,True,1.0,external_curated,P2P hard negative,1.0,0.0023717266999999996,0.9976282733,0.09999999999999998
ViSmish_10036,1,1,0.99962723,True,1.0,paraphrased,BHXH / Trợ cấp giả,1.0,0.9981055560000001,0.0018944439999999396,0.09999999999999998
ViSmish_10038,0,0,0.99946314,True,1.0,external_curated,P2P hard negative,1.0,0.0022650934999999994,0.9977349065,0.09999999999999998
ViSmish_10039,1,1,0.9996113,True,1.0,paraphrased,Cờ bạc / Betting,1.0,0.9980662,0.0019337999999999855,0.09999999999999998
ViSmish_10040,1,1,0.9995671,True,1.0,paraphrased,Cờ bạc / Betting,1.0,0.99796128,0.0020387200000000494,0.09999999999999998
ViSmish_10042,0,0,0.9994691,True,1.0,synthetic,Dịch vụ y tế,1.0,0.0022527502999999996,0.9977472497,0.09999999999999998
ViSmish_10043,0,0,0.9994209,True,1.0,real,Dịch vụ công thật,1.0,0.0023506704999999993,0.9976493295,0.09999999999999998
ViSmish_10045,0,0,0.9994825,True,1.0,real,Tin nhắn cá nhân và OTP,1.0,0.0022248279999999994,0.997775172,0.09999999999999998
ViSmish_10046,1,1,0.9996113,True,1.0,paraphrased,Đòi nợ / Đe dọa,1.0,0.998066276,0.0019337240000000255,0.09999999999999998
ViSmish_10047,1,1,0.9996107,True,1.0,paraphrased,Cờ bạc / Betting,1.0,0.99806475,0.001935250000000055,0.09999999999999998
ViSmish_10048,0,0,0.99938035,True,1.0,real,Viễn thông,1.0,0.0024294379999999995,0.997570562,0.09999999999999998
ViSmish_10049,0,0,0.99941003,True,1.0,real,Tin nhắn cá nhân và OTP,1.0,0.0023719267999999997,0.9976280732,0.09999999999999998
ViSmish_10050,0,0,0.9994118,True,1.0,real,Ngân hàng thật,1.0,0.0023685942999999996,0.9976314057,0.09999999999999998
ViSmish_10052,0,0,0.9993819,True,1.0,real,Vận chuyển,1.0,0.0024265179999999995,0.997573482,0.09999999999999998
ViSmish_10053,1,1,0.9996082,True,1.0,paraphrased,BHXH / Trợ cấp giả,1.0,0.998058766,0.001941234000000014,0.09999999999999998
ViSmish_10055,1,1,0.9995763,True,1.0,paraphrased,Crypto / Đầu tư giả,1.0,0.99798268,0.002017319999999989,0.09999999999999998
ViSmish_10056,1,1,0.9995603,True,1.0,paraphrased,Crypto / Đầu tư giả,1.0,0.99794571,0.002054290000000014,0.09999999999999998
ViSmish_10057,1,1,0.99946266,True,1.0,paraphrased,Đòi nợ / Đe dọa,1.0,0.99773383,0.0022661699999999563,0.09999999999999998
ViSmish_10061,1,1,0.99959487,True,1.0,paraphrased,BHXH / Trợ cấp giả,1.0,0.99802639,0.001973609999999959,0.09999999999999998
ViSmish_10062,0,0,0.9994685,True,1.0,synthetic,Vận chuyển,1.0,0.0022541282999999994,0.9977458717,0.09999999999999998
ViSmish_10063,1,1,0.99950564,True,1.0,real,Khác,1.0,0.99782451,0.0021754899999999466,0.09999999999999998
ViSmish_10064,1,1,0.9995819,True,1.0,paraphrased,BHXH / Trợ cấp giả,1.0,0.99799586,0.002004140000000043,0.09999999999999998
ViSmish_10065,0,0,0.9992336,True,1.0,external_real,P2P hội thoại thông thường,1.0,0.0026948296999999995,0.9973051703,0.09999999999999998
ViSmish_10067,0,0,0.9994941,True,1.0,real,Viễn thông,1.0,0.0022003866999999993,0.9977996133,0.09999999999999998
ViSmish_10068,0,0,0.99921155,True,1.0,synthetic,Quảng cáo hợp lệ,1.0,0.0027322729999999995,0.997267727,0.09999999999999998
ViSmish_10070,0,0,0.9994467,True,1.0,external_real,P2P hội thoại thông thường,1.0,0.0022987479999999998,0.997701252,0.09999999999999998
ViSmish_10071,0,0,0.99937904,True,1.0,real,Viễn thông,1.0,0.0024320037999999993,0.9975679962,0.09999999999999998
ViSmish_10072,1,1,0.99962795,True,1.0,paraphrased,Dịch vụ công giả,1.0,0.998107255,0.001892745000000029,0.09999999999999998
ViSmish_10073,1,1,0.9995715,True,1.0,paraphrased,Crypto / Đầu tư giả,1.0,0.99797166,0.002028339999999962,0.09999999999999998
ViSmish_10074,0,0,0.9994634,True,1.0,synthetic,Tin nhắn cá nhân và OTP,1.0,0.002264706199999999,0.9977352938,0.09999999999999998
ViSmish_10076,1,1,0.9995372,True,1.0,synthetic_hard_negative,Đòi nợ / Đe dọa,1.0,0.99789354,0.002106460000000032,0.09999999999999998
ViSmish_10077,0,0,0.9994449,True,1.0,synthetic,Viễn thông,1.0,0.0023024891999999996,0.9976975108,0.09999999999999998
ViSmish_10078,1,1,0.99949884,True,1.0,synthetic_hard_negative,Dịch vụ công giả,1.0,0.997809917,0.0021900830000000093,0.09999999999999998
ViSmish_10079,0,0,0.9994436,True,1.0,synthetic,Tin nhắn cá nhân và OTP,1.0,0.0023050927999999993,0.9976949072,0.09999999999999998
ViSmish_10081,0,0,0.9994753,True,1.0,synthetic,Quảng cáo hợp lệ,1.0,0.0022398633999999996,0.9977601366,0.09999999999999998
ViSmish_10082,1,1,0.99963176,True,1.0,paraphrased,Tuyển dụng giả,1.0,0.998116964,0.001883035999999949,0.09999999999999998
ViSmish_10083,0,0,0.9994199,True,1.0,real,Ngân hàng thật,1.0,0.0023524540999999995,0.9976475459,0.09999999999999998
ViSmish_10084,1,1,0.9995782,True,1.0,paraphrased,BHXH / Trợ cấp giả,1.0,0.997987133,0.0020128670000000293,0.09999999999999998
ViSmish_10087,0,0,0.9994771,True,1.0,real,Viễn thông,1.0,0.002236180399999999,0.9977638196,0.09999999999999998
ViSmish_10088,1,1,0.9995602,True,1.0,paraphrased,Crypto / Đầu tư giả,1.0,0.997945446,0.0020545539999999862,0.09999999999999998
ViSmish_10090,0,0,0.99931526,True,1.0,external_real,P2P hội thoại thông thường,1.0,0.0025509288999999995,0.9974490711,0.09999999999999998
ViSmish_10091,1,1,0.99962485,True,1.0,paraphrased,Dịch vụ công giả,1.0,0.998099476,0.001900523999999959,0.09999999999999998
ViSmish_10093,0,0,0.9989729,True,1.0,real,Khác,1.0,0.0031068995999999995,0.9968931004,0.09999999999999998
ViSmish_10096,0,0,0.9993357,True,1.0,synthetic,Ngân hàng thật,1.0,0.0025134836999999993,0.9974865163,0.09999999999999998
ViSmish_10098,1,1,0.9996088,True,1.0,paraphrased,Nội dung nhạy cảm,1.0,0.99805996,0.0019400400000000317,0.09999999999999998
ViSmish_10099,1,1,0.9995629,True,1.0,synthetic_hard_negative,Tuyển dụng giả,1.0,0.997951746,0.0020482539999999716,0.09999999999999998
ViSmish_10101,0,0,0.9993492,True,1.0,real,Khác,1.0,0.0024883463999999995,0.9975116536,0.09999999999999998
ViSmish_10103,1,1,0.9995881,True,1.0,paraphrased,Crypto / Đầu tư giả,1.0,0.998010236,0.0019897639999999495,0.09999999999999998
ViSmish_10105,1,1,0.999534,True,1.0,synthetic_hard_negative,Khác,1.0,0.99788649,0.0021135100000000406,0.09999999999999998
ViSmish_10106,0,0,0.999446,True,1.0,real,Viễn thông,1.0,0.0023002279999999996,0.997699772,0.09999999999999998
ViSmish_10107,0,0,0.99922824,True,1.0,synthetic,Quảng cáo hợp lệ,1.0,0.002703964999999999,0.997296035,0.09999999999999998
ViSmish_10108,0,0,0.99943227,True,1.0,synthetic,Dịch vụ y tế,1.0,0.0023278012999999997,0.9976721987,0.09999999999999998
ViSmish_10109,0,0,0.9993119,True,1.0,synthetic,Viễn thông,1.0,0.002556876099999999,0.9974431239,0.09999999999999998
ViSmish_10110,1,1,0.9995958,True,1.0,paraphrased,Nội dung nhạy cảm,1.0,0.998028654,0.0019713460000000405,0.09999999999999998
ViSmish_10111,1,1,0.99961627,True,1.0,paraphrased,Dịch vụ công giả,1.0,0.99807829,0.0019217099999999654,0.09999999999999998
ViSmish_10112,1,1,0.9996159,True,1.0,paraphrased,Nội dung nhạy cảm,1.0,0.99807756,0.0019224399999999697,0.09999999999999998
ViSmish_10113,1,1,0.99940693,True,1.0,synthetic_hard_negative,Dịch vụ công giả,1.0,0.9976219,0.0023781000000000496,0.09999999999999998
ViSmish_10117,0,0,0.999461,True,1.0,synthetic,Tin nhắn cá nhân và OTP,1.0,0.0022695546999999994,0.9977304453,0.09999999999999998
ViSmish_10119,0,0,0.99948704,True,1.0,synthetic,Vận chuyển,1.0,0.0022152587999999997,0.9977847412,0.09999999999999998
ViSmish_10122,0,0,0.99937755,True,1.0,real,Viễn thông,1.0,0.0024349551999999996,0.9975650448,0.09999999999999998
ViSmish_10125,0,0,0.99935895,True,1.0,external_curated,P2P hard negative,1.0,0.0024702241999999992,0.9975297758,0.09999999999999998
ViSmish_10127,1,1,0.9995448,True,1.0,paraphrased,Nội dung nhạy cảm,1.0,0.997910744,0.002089255999999984,0.09999999999999998
ViSmish_10128,1,1,0.9995617,True,1.0,paraphrased,Đòi nợ / Đe dọa,1.0,0.997949,0.002051000000000025,0.09999999999999998
ViSmish_10132,0,0,0.99926645,True,1.0,synthetic,Ngân hàng thật,1.0,0.0026379025999999995,0.9973620974,0.09999999999999998
ViSmish_10133,1,1,0.9994904,True,1.0,synthetic_hard_negative,Dịch vụ công giả,1.0,0.997791916,0.0022080840000000546,0.09999999999999998
ViSmish_10134,0,0,0.9992448,True,1.0,real,Viễn thông,1.0,0.0026756279999999993,0.997324372,0.09999999999999998
ViSmish_10135,0,0,0.999253,True,1.0,synthetic,Dịch vụ công thật,1.0,0.0026614045999999994,0.9973385954,0.09999999999999998
ViSmish_10137,0,0,0.9993654,True,1.0,real,Viễn thông,1.0,0.0024580154999999993,0.9975419845,0.09999999999999998
ViSmish_10138,1,1,0.99962544,True,1.0,paraphrased,BHXH / Trợ cấp giả,1.0,0.99810122,0.0018987799999999888,0.09999999999999998
ViSmish_10139,1,1,0.9995421,True,1.0,paraphrased,Nội dung nhạy cảm,1.0,0.99790455,0.0020954499999999987,0.09999999999999998
ViSmish_10140,1,1,0.9996215,True,1.0,paraphrased,Dịch vụ công giả,1.0,0.9980914,0.001908600000000038,0.09999999999999998
ViSmish_10142,0,0,0.9994506,True,1.0,external_real,P2P hội thoại thông thường,1.0,0.0022907454999999996,0.9977092545,0.09999999999999998
ViSmish_10143,1,1,0.9996191,True,1.0,paraphrased,Đòi nợ / Đe dọa,1.0,0.99808561,0.0019143900000000436,0.09999999999999998
ViSmish_10146,0,0,0.9994824,True,1.0,synthetic,Ngân hàng thật,1.0,0.0022248776999999995,0.9977751223,0.09999999999999998
ViSmish_10148,0,0,0.99886984,True,1.0,external_curated,P2P hard negative,1.0,0.003254267999999999,0.996745732,0.09999999999999998
ViSmish_10150,1,1,0.9996105,True,1.0,paraphrased,Cờ bạc / Betting,1.0,0.998064274,0.0019357260000000265,0.09999999999999998
ViSmish_10152,0,0,0.99947876,True,1.0,synthetic,Thương mại điện tử,1.0,0.0022327618999999996,0.9977672381,0.09999999999999998
ViSmish_10153,0,0,0.99947613,True,1.0,synthetic,Ngân hàng thật,1.0,0.0022382838999999996,0.9977617161,0.09999999999999998
ViSmish_10155,0,0,0.9992811,True,1.0,real,Dịch vụ y tế,1.0,0.0026122390999999993,0.9973877609,0.09999999999999998
ViSmish_10158,1,1,0.99949634,True,1.0,paraphrased,Nội dung nhạy cảm,1.0,0.99780442,0.0021955799999999748,0.09999999999999998
ViSmish_10159,0,0,0.9994248,True,1.0,external_curated,P2P hard negative,1.0,0.0023429002999999994,0.9976570997,0.09999999999999998
ViSmish_10160,0,0,0.99946827,True,1.0,external_curated,P2P hard negative,1.0,0.0022546393999999994,0.9977453606,0.09999999999999998
ViSmish_10161,1,1,0.99959856,True,1.0,paraphrased,Giả mạo ngân hàng,1.0,0.998035204,0.001964795999999991,0.09999999999999998
ViSmish_10162,0,0,0.99947745,True,1.0,real,Viễn thông,1.0,0.0022353643999999994,0.9977646356,0.09999999999999998
ViSmish_10164,0,0,0.9993469,True,1.0,external_real,P2P hội thoại thông thường,1.0,0.0024925745999999993,0.9975074254,0.09999999999999998
ViSmish_10166,1,1,0.9995976,True,1.0,paraphrased,Cờ bạc / Betting,1.0,0.99803299,0.0019670099999999913,0.09999999999999998
ViSmish_10168,1,1,0.99961495,True,1.0,paraphrased,Tuyển dụng giả,1.0,0.998075074,0.001924926000000049,0.09999999999999998
ViSmish_10169,0,0,0.9994791,True,1.0,synthetic,Tin nhắn cá nhân và OTP,1.0,0.0022319808999999996,0.9977680191,0.09999999999999998
ViSmish_10170,1,1,0.99962056,True,1.0,paraphrased,BHXH / Trợ cấp giả,1.0,0.998088855,0.001911145000000003,0.09999999999999998
ViSmish_10171,1,1,0.99960893,True,1.0,paraphrased,Crypto / Đầu tư giả,1.0,0.99806039,0.0019396099999999805,0.09999999999999998
ViSmish_10172,1,1,0.9995765,True,1.0,paraphrased,Crypto / Đầu tư giả,1.0,0.99798321,0.0020167899999999905,0.09999999999999998
ViSmish_10174,1,1,0.99956447,True,1.0,paraphrased,Nội dung nhạy cảm,1.0,0.997955334,0.0020446659999999728,0.09999999999999998
ViSmish_10177,1,1,0.99960953,True,1.0,paraphrased,Cờ bạc / Betting,1.0,0.9980618059999999,0.0019381940000000597,0.09999999999999998
ViSmish_10178,1,1,0.999607,True,1.0,paraphrased,Dịch vụ công giả,1.0,0.99805572,0.0019442800000000204,0.09999999999999998
ViSmish_10179,1,1,0.9996074,True,1.0,paraphrased,Crypto / Đầu tư giả,1.0,0.99805669,0.0019433100000000314,0.09999999999999998
ViSmish_10181,0,0,0.9994704,True,1.0,synthetic,Viễn thông,1.0,0.0022501745999999995,0.9977498254,0.09999999999999998
ViSmish_10182,1,1,0.9996069,True,1.0,paraphrased,Nội dung nhạy cảm,1.0,0.99805555,0.0019444499999999865,0.09999999999999998
ViSmish_10183,1,1,0.9995184,True,1.0,paraphrased,Đòi nợ / Đe dọa,1.0,0.997852176,0.0021478240000000204,0.09999999999999998
ViSmish_10184,0,0,0.9991748,True,1.0,real,Viễn thông,1.0,0.0027936046999999993,0.9972063953,0.09999999999999998
ViSmish_10185,1,1,0.99956614,True,1.0,paraphrased,BHXH / Trợ cấp giả,1.0,0.997959274,0.0020407260000000482,0.09999999999999998
ViSmish_10186,1,1,0.99961394,True,1.0,paraphrased,Dịch vụ công giả,1.0,0.99807252,0.0019274799999999814,0.09999999999999998
ViSmish_10187,1,1,0.99961436,True,1.0,paraphrased,Cờ bạc / Betting,1.0,0.998073876,0.001926124000000029,0.09999999999999998
ViSmish_10188,1,1,0.9996296,True,1.0,paraphrased,Giả mạo ngân hàng,1.0,0.9981114799999999,0.0018885200000000602,0.09999999999999998
ViSmish_10189,0,0,0.9994049,True,1.0,real,Viễn thông,1.0,0.0023821359999999995,0.997617864,0.09999999999999998
ViSmish_10190,0,0,0.99940526,True,1.0,external_curated,P2P hard negative,1.0,0.0023813293999999994,0.9976186706,0.09999999999999998
ViSmish_10191,1,1,0.9996234,True,1.0,paraphrased,Tuyển dụng giả,1.0,0.9980960130000001,0.0019039869999999404,0.09999999999999998
ViSmish_10195,0,0,0.99940395,True,1.0,synthetic,Ngân hàng thật,1.0,0.0023839919999999997,0.997616008,0.09999999999999998
ViSmish_10196,1,1,0.9995629,True,1.0,paraphrased,BHXH / Trợ cấp giả,1.0,0.99795178,0.002048220000000045,0.09999999999999998
ViSmish_10197,0,0,0.99946064,True,1.0,synthetic,Dịch vụ công thật,1.0,0.002270418999999999,0.997729581,0.09999999999999998
ViSmish_10199,1,1,0.9996018,True,1.0,paraphrased,Cờ bạc / Betting,1.0,0.998042977,0.001957023000000002,0.09999999999999998
ViSmish_10200,1,1,0.9996137,True,1.0,paraphrased,Nội dung nhạy cảm,1.0,0.99807195,0.001928049999999959,0.09999999999999998
ViSmish_10201,0,0,0.9994369,True,1.0,external_real,P2P hội thoại thông thường,1.0,0.0023185595999999993,0.9976814404,0.09999999999999998
ViSmish_10203,0,0,0.9994542,True,1.0,real,Tin nhắn cá nhân và OTP,1.0,0.0022833957999999995,0.9977166042,0.09999999999999998
ViSmish_10204,1,1,0.9996171,True,1.0,paraphrased,Giả mạo ngân hàng,1.0,0.99808046,0.0019195400000000529,0.09999999999999998
ViSmish_10207,1,1,0.9996043,True,1.0,paraphrased,Nội dung nhạy cảm,1.0,0.99804919,0.0019508099999999695,0.09999999999999998
ViSmish_10208,1,1,0.9996147,True,1.0,paraphrased,Tuyển dụng giả,1.0,0.998074627,0.0019253729999999525,0.09999999999999998
ViSmish_10210,0,0,0.99945325,True,1.0,real,Tin nhắn cá nhân và OTP,1.0,0.0022855385999999995,0.9977144614,0.09999999999999998
ViSmish_10212,1,1,0.99962056,True,1.0,paraphrased,Giả mạo ngân hàng,1.0,0.99808898,0.0019110199999999855,0.09999999999999998
ViSmish_10213,1,1,0.9996252,True,1.0,paraphrased,Tuyển dụng giả,1.0,0.99810052,0.0018994799999999534,0.09999999999999998
ViSmish_10214,1,1,0.99959224,True,1.0,paraphrased,Cờ bạc / Betting,1.0,0.9980203599999999,0.0019796400000000602,0.09999999999999998
ViSmish_10215,0,0,0.9994985,True,1.0,synthetic,Dịch vụ y tế,1.0,0.0021909441999999994,0.9978090558,0.09999999999999998
ViSmish_10217,1,1,0.9992354,True,1.0,synthetic_hard_negative,Dịch vụ công giả,1.0,0.99730824,0.002691760000000043,0.09999999999999998
ViSmish_10218,1,1,0.99961746,True,1.0,paraphrased,Nội dung nhạy cảm,1.0,0.99808147,0.0019185299999999739,0.09999999999999998
ViSmish_10222,1,1,0.99961215,True,1.0,paraphrased,Cờ bạc / Betting,1.0,0.99806831,0.0019316900000000414,0.09999999999999998
ViSmish_10223,1,1,0.99956924,True,1.0,paraphrased,Crypto / Đầu tư giả,1.0,0.99796643,0.00203357000000004,0.09999999999999998
ViSmish_10224,1,1,0.99958533,True,1.0,paraphrased,Nội dung nhạy cảm,1.0,0.998003954,0.001996046000000029,0.09999999999999998
ViSmish_10225,0,0,0.9993185,True,1.0,real,Viễn thông,1.0,0.0025450289999999994,0.997454971,0.09999999999999998
ViSmish_10226,1,1,0.99960977,True,1.0,paraphrased,Cờ bạc / Betting,1.0,0.99806246,0.0019375400000000154,0.09999999999999998
ViSmish_10227,1,1,0.9996125,True,1.0,paraphrased,Dịch vụ công giả,1.0,0.9980690839999999,0.0019309160000000603,0.09999999999999998
ViSmish_10228,1,1,0.9995702,True,1.0,paraphrased,Crypto / Đầu tư giả,1.0,0.99796845,0.002031549999999993,0.09999999999999998
ViSmish_10230,0,0,0.9994093,True,1.0,real,Viễn thông,1.0,0.0023735127999999998,0.9976264872,0.09999999999999998
ViSmish_10231,0,0,0.99819165,True,1.0,real,Dịch vụ công thật,1.0,0.004082498299999999,0.9959175017,0.09999999999999998
ViSmish_10232,0,0,0.99947876,True,1.0,synthetic,Vận chuyển,1.0,0.0022327618999999996,0.9977672381,0.09999999999999998
ViSmish_10233,1,1,0.99963117,True,1.0,paraphrased,BHXH / Trợ cấp giả,1.0,0.998115474,0.0018845259999999975,0.09999999999999998
ViSmish_10235,0,0,0.9992507,True,1.0,external_curated,P2P hard negative,1.0,0.0026653760999999997,0.9973346239,0.09999999999999998
ViSmish_10236,1,1,0.999595,True,1.0,paraphrased,Cờ bạc / Betting,1.0,0.998026705,0.001973294999999986,0.09999999999999998
ViSmish_10237,1,1,0.999622,True,1.0,paraphrased,Đòi nợ / Đe dọa,1.0,0.99809265,0.0019073499999999743,0.09999999999999998
ViSmish_10239,0,0,0.9994704,True,1.0,real,Viễn thông,1.0,0.0022500460999999995,0.9977499539,0.09999999999999998
ViSmish_10240,0,0,0.99944395,True,1.0,synthetic,Tin nhắn cá nhân và OTP,1.0,0.0023042721999999996,0.9976957278,0.09999999999999998
ViSmish_10241,1,1,0.9996055,True,1.0,paraphrased,Cờ bạc / Betting,1.0,0.998051935,0.0019480649999999988,0.09999999999999998
ViSmish_10242,1,1,0.99961865,True,1.0,paraphrased,Tuyển dụng giả,1.0,0.99808421,0.0019157899999999728,0.09999999999999998
ViSmish_10245,1,1,0.99961406,True,1.0,paraphrased,Crypto / Đầu tư giả,1.0,0.99807293,0.0019270700000000307,0.09999999999999998
ViSmish_10246,1,1,0.9996164,True,1.0,paraphrased,BHXH / Trợ cấp giả,1.0,0.99807879,0.0019212100000000065,0.09999999999999998
ViSmish_10247,0,0,0.9994802,True,1.0,external_curated,P2P hard negative,1.0,0.0022296619999999994,0.997770338,0.09999999999999998
ViSmish_10248,1,1,0.9996006,True,1.0,paraphrased,Crypto / Đầu tư giả,1.0,0.998040146,0.001959853999999983,0.09999999999999998
ViSmish_10249,1,1,0.9995795,True,1.0,paraphrased,Đòi nợ / Đe dọa,1.0,0.997990215,0.0020097850000000417,0.09999999999999998
ViSmish_10250,1,1,0.99956745,True,1.0,paraphrased,Đòi nợ / Đe dọa,1.0,0.997962064,0.002037936000000018,0.09999999999999998
ViSmish_10252,0,0,0.9994592,True,1.0,synthetic,Viễn thông,1.0,0.0022731776999999997,0.9977268223,0.09999999999999998
ViSmish_10253,0,0,0.99942577,True,1.0,real,Khác,1.0,0.0023408324999999995,0.9976591675,0.09999999999999998
ViSmish_10254,0,0,0.9994917,True,1.0,synthetic,Ngân hàng thật,1.0,0.002205254699999999,0.9977947453,0.09999999999999998
ViSmish_10255,0,0,0.99933237,True,1.0,external_real,P2P hội thoại thông thường,1.0,0.0025194376999999996,0.9974805623,0.09999999999999998
ViSmish_10256,0,0,0.9993839,True,1.0,real,Tin nhắn cá nhân và OTP,1.0,0.0024226299999999994,0.99757737,0.09999999999999998
ViSmish_10257,0,0,0.99918574,True,1.0,external_real,P2P hội thoại thông thường,1.0,0.0027754367999999995,0.9972245632,0.09999999999999998
ViSmish_10258,0,0,0.9994773,True,1.0,synthetic,Tin nhắn cá nhân và OTP,1.0,0.0022357837999999997,0.9977642162,0.09999999999999998
ViSmish_10259,0,0,0.99925524,True,1.0,external_real,P2P hội thoại thông thường,1.0,0.0026573899999999995,0.99734261,0.09999999999999998
ViSmish_10261,0,0,0.9994603,True,1.0,synthetic,Thương mại điện tử,1.0,0.0022710704999999998,0.9977289295,0.09999999999999998
ViSmish_10263,0,0,0.9994523,True,1.0,real,Viễn thông,1.0,0.002287400699999999,0.9977125993,0.09999999999999998
ViSmish_10265,0,0,0.99936277,True,1.0,real,Viễn thông,1.0,0.0024629797999999995,0.9975370202,0.09999999999999998
ViSmish_10266,1,1,0.99961424,True,1.0,paraphrased,Dịch vụ công giả,1.0,0.99807359,0.001926410000000045,0.09999999999999998
ViSmish_10267,0,0,0.99945647,True,1.0,synthetic,Dịch vụ công thật,1.0,0.0022788929999999993,0.997721107,0.09999999999999998
ViSmish_10268,0,0,0.99939287,True,1.0,real,Tin nhắn cá nhân và OTP,1.0,0.0024055059999999995,0.997594494,0.09999999999999998
ViSmish_10270,1,1,0.99961346,True,1.0,paraphrased,Nội dung nhạy cảm,1.0,0.99807149,0.00192851000000005,0.09999999999999998
ViSmish_10271,1,1,0.9996275,True,1.0,paraphrased,Đòi nợ / Đe dọa,1.0,0.99810616,0.0018938400000000355,0.09999999999999998
ViSmish_10272,0,0,0.99941945,True,1.0,real,Khác,1.0,0.0023535004,0.9976464996,0.09999999999999998
ViSmish_10273,0,0,0.99942786,True,1.0,external_real,P2P hội thoại thông thường,1.0,0.0023365955999999997,0.9976634044,0.09999999999999998
ViSmish_10276,1,1,0.99947613,True,1.0,synthetic_hard_negative,Dịch vụ công giả,1.0,0.9977617,0.0022383000000000264,0.09999999999999998
ViSmish_10278,1,1,0.9996165,True,1.0,paraphrased,Nội dung nhạy cảm,1.0,0.998079133,0.0019208670000000483,0.09999999999999998
ViSmish_10279,0,0,0.99919647,True,1.0,real,Dịch vụ công thật,1.0,0.0027576749999999994,0.997242325,0.09999999999999998
ViSmish_10280,0,0,0.9994679,True,1.0,synthetic,Ngân hàng thật,1.0,0.0022552547999999993,0.9977447452,0.09999999999999998
ViSmish_10281,1,1,0.9995024,True,1.0,paraphrased,Crypto / Đầu tư giả,1.0,0.997817457,0.0021825429999999812,0.09999999999999998
ViSmish_10282,1,1,0.9996152,True,1.0,paraphrased,Giả mạo ngân hàng,1.0,0.998075837,0.0019241629999999788,0.09999999999999998
ViSmish_10283,0,0,0.99935263,True,1.0,synthetic,Dịch vụ công thật,1.0,0.0024820630999999992,0.9975179369,0.09999999999999998
ViSmish_10285,1,1,0.9996271,True,1.0,paraphrased,Tuyển dụng giả,1.0,0.998105353,0.0018946469999999715,0.09999999999999998
ViSmish_10286,0,0,0.99947697,True,1.0,real,Tin nhắn cá nhân và OTP,1.0,0.0022364686999999995,0.9977635313,0.09999999999999998
ViSmish_10287,0,0,0.99942315,True,1.0,synthetic,Tin nhắn cá nhân và OTP,1.0,0.0023462386999999994,0.9976537613,0.09999999999999998
ViSmish_10290,0,0,0.99947745,True,1.0,real,Khác,1.0,0.0022353589999999993,0.997764641,0.09999999999999998
ViSmish_10293,1,1,0.9995053,True,1.0,paraphrased,Cờ bạc / Betting,1.0,0.99782362,0.0021763799999999778,0.09999999999999998
ViSmish_10294,1,1,0.9995989,True,1.0,paraphrased,Tuyển dụng giả,1.0,0.99803633,0.001963669999999973,0.09999999999999998
ViSmish_10295,0,0,0.9846235,True,1.0,external_curated,P2P hard negative,1.0,0.011108484999999998,0.988891515,0.09999999999999998
ViSmish_10296,1,1,0.99959403,True,1.0,synthetic_hard_negative,Khác,1.0,0.99802449,0.001975509999999958,0.09999999999999998
ViSmish_10297,0,0,0.99936897,True,1.0,synthetic,Ngân hàng thật,1.0,0.0024512253999999997,0.9975487746,0.09999999999999998
ViSmish_10299,0,0,0.99945384,True,1.0,synthetic,Dịch vụ công thật,1.0,0.0022841248999999997,0.9977158751,0.09999999999999998
ViSmish_10300,1,1,0.9996208,True,1.0,paraphrased,Giả mạo ngân hàng,1.0,0.99808961,0.0019103900000000396,0.09999999999999998
ViSmish_10301,1,1,0.9995857,True,1.0,paraphrased,Nội dung nhạy cảm,1.0,0.998004675,0.0019953249999999922,0.09999999999999998
ViSmish_10304,1,1,0.9996247,True,1.0,paraphrased,Tuyển dụng giả,1.0,0.99809926,0.0019007399999999564,0.09999999999999998
ViSmish_10306,0,0,0.999461,True,1.0,real,Khác,1.0,0.0022694899999999994,0.99773051,0.09999999999999998
ViSmish_10307,1,1,0.9994479,True,1.0,paraphrased,Crypto / Đầu tư giả,1.0,0.99770358,0.0022964199999999657,0.09999999999999998
ViSmish_10308,0,0,0.99948066,True,1.0,synthetic,Vận chuyển,1.0,0.0022288107999999997,0.9977711892,0.09999999999999998
ViSmish_10311,0,0,0.99937016,True,1.0,external_curated,P2P hard negative,1.0,0.002448911599999999,0.9975510884,0.09999999999999998
ViSmish_10312,1,1,0.99956995,True,1.0,paraphrased,Giả mạo ngân hàng,1.0,0.99796783,0.00203217,0.09999999999999998
ViSmish_10314,0,0,0.9993217,True,1.0,real,Viễn thông,1.0,0.0025390833999999994,0.9974609166,0.09999999999999998
ViSmish_10315,1,1,0.9996222,True,1.0,paraphrased,Tuyển dụng giả,1.0,0.99809311,0.0019068899999999944,0.09999999999999998
ViSmish_10316,1,1,0.9996136,True,1.0,paraphrased,Cờ bạc / Betting,1.0,0.99807176,0.0019282400000000255,0.09999999999999998
ViSmish_10317,0,0,0.999313,True,1.0,synthetic,Dịch vụ công thật,1.0,0.0025550869999999993,0.997444913,0.09999999999999998
ViSmish_10318,0,0,0.99931014,True,1.0,synthetic,Ngân hàng thật,1.0,0.0025601349999999994,0.997439865,0.09999999999999998
ViSmish_10320,1,1,0.9995389,True,1.0,paraphrased,Nội dung nhạy cảm,1.0,0.99789726,0.002102739999999992,0.09999999999999998
ViSmish_10321,1,1,0.99956745,True,1.0,paraphrased,Nội dung nhạy cảm,1.0,0.99796229,0.0020377099999999704,0.09999999999999998
ViSmish_10322,1,1,0.9996123,True,1.0,paraphrased,Tuyển dụng giả,1.0,0.998068583,0.0019314169999999908,0.09999999999999998
ViSmish_10323,1,1,0.9995647,True,1.0,paraphrased,Cờ bạc / Betting,1.0,0.99795576,0.0020442400000000305,0.09999999999999998
ViSmish_10324,0,0,0.99947053,True,1.0,synthetic,Dịch vụ y tế,1.0,0.0022499109999999994,0.997750089,0.09999999999999998
ViSmish_10325,0,0,0.9994727,True,1.0,synthetic,Viễn thông,1.0,0.0022453229999999996,0.997754677,0.09999999999999998
ViSmish_10326,1,1,0.9996147,True,1.0,paraphrased,Cờ bạc / Betting,1.0,0.99807467,0.0019253299999999474,0.09999999999999998
ViSmish_10327,1,1,0.9995178,True,1.0,synthetic_hard_negative,BHXH / Trợ cấp giả,1.0,0.9978507640000001,0.0021492359999999433,0.09999999999999998
ViSmish_10329,0,0,0.9993604,True,1.0,real,Viễn thông,1.0,0.0024673975999999994,0.9975326024,0.09999999999999998
ViSmish_10330,1,1,0.9995478,True,1.0,synthetic_hard_negative,Giả mạo ngân hàng,1.0,0.99791728,0.0020827199999999824,0.09999999999999998
ViSmish_10331,1,1,0.9996296,True,1.0,paraphrased,Tuyển dụng giả,1.0,0.998111385,0.001888615000000038,0.09999999999999998
ViSmish_10332,0,0,0.9994717,True,1.0,real,Viễn thông,1.0,0.0022473314999999997,0.9977526685,0.09999999999999998
ViSmish_10334,1,1,0.999632,True,1.0,paraphrased,Giả mạo ngân hàng,1.0,0.998117495,0.0018825049999999788,0.09999999999999998
ViSmish_10335,1,1,0.9996207,True,1.0,paraphrased,Tuyển dụng giả,1.0,0.998089325,0.0019106749999999728,0.09999999999999998
ViSmish_10336,1,1,0.9996043,True,1.0,paraphrased,Giả mạo ngân hàng,1.0,0.99804919,0.0019508099999999695,0.09999999999999998
ViSmish_10337,0,0,0.99943525,True,1.0,synthetic,Tin nhắn cá nhân và OTP,1.0,0.0023220028999999995,0.9976779971,0.09999999999999998
ViSmish_10338,1,1,0.9994997,True,1.0,paraphrased,Crypto / Đầu tư giả,1.0,0.99781171,0.0021882899999999816,0.09999999999999998
ViSmish_10339,0,0,0.99943787,True,1.0,synthetic,Viễn thông,1.0,0.0023166430999999998,0.9976833569,0.09999999999999998
ViSmish_10340,1,1,0.99961734,True,1.0,paraphrased,Tuyển dụng giả,1.0,0.99808116,0.0019188399999999772,0.09999999999999998
ViSmish_10341,1,1,0.99959046,True,1.0,paraphrased,Crypto / Đầu tư giả,1.0,0.99801589,0.0019841099999999834,0.09999999999999998
ViSmish_10342,1,1,0.9996202,True,1.0,paraphrased,BHXH / Trợ cấp giả,1.0,0.99808801,0.0019119899999999745,0.09999999999999998
ViSmish_10343,1,1,0.99959534,True,1.0,paraphrased,Dịch vụ công giả,1.0,0.99802762,0.001972379999999996,0.09999999999999998
ViSmish_10346,1,1,0.99962354,True,1.0,paraphrased,Tuyển dụng giả,1.0,0.998096275,0.0019037250000000228,0.09999999999999998
ViSmish_10347,0,0,0.999482,True,1.0,synthetic,Thương mại điện tử,1.0,0.0022259320999999995,0.9977740679,0.09999999999999998
ViSmish_10348,0,0,0.99946624,True,1.0,synthetic,Viễn thông,1.0,0.0022588319999999992,0.997741168,0.09999999999999998
ViSmish_10349,0,0,0.99936336,True,1.0,real,Viễn thông,1.0,0.0024618776999999997,0.9975381223,0.09999999999999998
ViSmish_10350,1,1,0.999624,True,1.0,paraphrased,BHXH / Trợ cấp giả,1.0,0.998097503,0.001902497000000003,0.09999999999999998
ViSmish_10351,0,0,0.9994325,True,1.0,real,Quảng cáo hợp lệ,1.0,0.002327485799999999,0.9976725142,0.09999999999999998
ViSmish_10352,1,1,0.99961215,True,1.0,paraphrased,Tuyển dụng giả,1.0,0.99806816,0.001931840000000018,0.09999999999999998
ViSmish_10354,1,1,0.9996203,True,1.0,paraphrased,Tuyển dụng giả,1.0,0.998088455,0.0019115450000000145,0.09999999999999998
ViSmish_10356,0,0,0.9992347,True,1.0,real,Viễn thông,1.0,0.0026929456999999993,0.9973070543,0.09999999999999998
ViSmish_10357,1,1,0.9996265,True,1.0,paraphrased,BHXH / Trợ cấp giả,1.0,0.9981038799999999,0.0018961200000000566,0.09999999999999998
ViSmish_10360,0,0,0.99946064,True,1.0,real,Khác,1.0,0.0022702429999999995,0.997729757,0.09999999999999998
ViSmish_10361,1,1,0.9996057,True,1.0,paraphrased,Dịch vụ công giả,1.0,0.99805249,0.0019475100000000412,0.09999999999999998
ViSmish_10362,1,1,0.9995484,True,1.0,paraphrased,Crypto / Đầu tư giả,1.0,0.997918564,0.002081435999999992,0.09999999999999998
ViSmish_10363,0,0,0.9993748,True,1.0,real,Viễn thông,1.0,0.0024402643,0.9975597357,0.09999999999999998
ViSmish_10364,0,0,0.99949026,True,1.0,synthetic,Vận chuyển,1.0,0.0022083457999999994,0.9977916542,0.09999999999999998
ViSmish_10365,1,1,0.9995964,True,1.0,paraphrased,Nội dung nhạy cảm,1.0,0.99803021,0.0019697899999999713,0.09999999999999998
ViSmish_10366,1,1,0.99957806,True,1.0,paraphrased,Dịch vụ công giả,1.0,0.9979868,0.0020132000000000483,0.09999999999999998
ViSmish_10368,1,1,0.99961674,True,1.0,paraphrased,Dịch vụ công giả,1.0,0.998079634,0.0019203660000000067,0.09999999999999998
ViSmish_10369,1,1,0.9996253,True,1.0,paraphrased,Crypto / Đầu tư giả,1.0,0.9981008650000001,0.0018991349999999407,0.09999999999999998
ViSmish_10371,1,1,0.9995223,True,1.0,paraphrased,Đòi nợ / Đe dọa,1.0,0.99786058,0.002139420000000003,0.09999999999999998
ViSmish_10372,0,0,0.9994879,True,1.0,synthetic,Vận chuyển,1.0,0.0022133146999999995,0.9977866853,0.09999999999999998
ViSmish_10373,1,1,0.99961925,True,1.0,paraphrased,BHXH / Trợ cấp giả,1.0,0.99808575,0.0019142500000000062,0.09999999999999998
ViSmish_10374,1,1,0.99962115,True,1.0,paraphrased,Tuyển dụng giả,1.0,0.99809053,0.0019094699999999687,0.09999999999999998
ViSmish_10375,0,0,0.99944717,True,1.0,external_curated,P2P hard negative,1.0,0.0022979257999999995,0.9977020742,0.09999999999999998
ViSmish_10376,1,1,0.99931276,True,1.0,paraphrased,Nội dung nhạy cảm,1.0,0.99744452,0.0025554800000000544,0.09999999999999998
ViSmish_10378,1,1,0.9995741,True,1.0,paraphrased,Crypto / Đầu tư giả,1.0,0.99797758,0.0020224199999999692,0.09999999999999998
ViSmish_10379,1,1,0.9996178,True,1.0,paraphrased,Đòi nợ / Đe dọa,1.0,0.99808235,0.001917649999999993,0.09999999999999998
ViSmish_10390,1,1,0.9996203,True,1.0,paraphrased,Cờ bạc / Betting,1.0,0.99808827,0.0019117300000000004,0.09999999999999998
ViSmish_10391,1,1,0.99961144,True,1.0,paraphrased,Crypto / Đầu tư giả,1.0,0.9980663359999999,0.0019336640000000571,0.09999999999999998
ViSmish_10392,0,0,0.9994343,True,1.0,real,Dịch vụ công thật,1.0,0.0023237345999999994,0.9976762654,0.09999999999999998
ViSmish_10393,1,1,0.9996215,True,1.0,paraphrased,Cờ bạc / Betting,1.0,0.998091274,0.0019087260000000272,0.09999999999999998
ViSmish_10394,1,1,0.99959725,True,1.0,paraphrased,Đòi nợ / Đe dọa,1.0,0.99803207,0.001967929999999951,0.09999999999999998
ViSmish_10395,1,1,0.9996074,True,1.0,paraphrased,Tuyển dụng giả,1.0,0.99805649,0.0019435100000000372,0.09999999999999998
ViSmish_10396,0,0,0.9991831,True,1.0,synthetic,Viễn thông,1.0,0.0027797618999999994,0.9972202381,0.09999999999999998
ViSmish_10397,1,1,0.99963117,True,1.0,paraphrased,Cờ bạc / Betting,1.0,0.998115474,0.0018845259999999975,0.09999999999999998
ViSmish_10398,0,0,0.99944,True,1.0,synthetic,Tin nhắn cá nhân và OTP,1.0,0.0023123457999999993,0.9976876542,0.09999999999999998
ViSmish_10400,1,1,0.9996283,True,1.0,paraphrased,Dịch vụ công giả,1.0,0.998108107,0.0018918930000000334,0.09999999999999998
ViSmish_10401,0,0,0.9993344,True,1.0,real,Dịch vụ y tế,1.0,0.0025157363999999995,0.9974842636,0.09999999999999998
ViSmish_10402,1,1,0.9996245,True,1.0,paraphrased,Dịch vụ công giả,1.0,0.99809863,0.0019013700000000133,0.09999999999999998
ViSmish_10405,0,0,0.99945813,True,1.0,synthetic,Tin nhắn cá nhân và OTP,1.0,0.0022755799999999993,0.99772442,0.09999999999999998
ViSmish_10407,1,1,0.99961483,True,1.0,paraphrased,BHXH / Trợ cấp giả,1.0,0.99807484,0.0019251599999999813,0.09999999999999998
ViSmish_10408,0,0,0.99942553,True,1.0,external_curated,P2P hard negative,1.0,0.0023414382999999996,0.9976585617,0.09999999999999998
ViSmish_10409,0,0,0.9993488,True,1.0,external_curated,P2P hard negative,1.0,0.0024891614999999995,0.9975108385,0.09999999999999998
ViSmish_10410,1,1,0.9996082,True,1.0,paraphrased,Cờ bạc / Betting,1.0,0.99805871,0.0019412899999999844,0.09999999999999998
ViSmish_10413,1,1,0.9996137,True,1.0,paraphrased,Nội dung nhạy cảm,1.0,0.998072076,0.0019279239999999698,0.09999999999999998
ViSmish_10414,1,1,0.9996138,True,1.0,paraphrased,Tuyển dụng giả,1.0,0.99807216,0.001927840000000014,0.09999999999999998
ViSmish_10415,0,0,0.9987155,True,1.0,synthetic,Quảng cáo hợp lệ,1.0,0.0034621729999999994,0.996537827,0.09999999999999998
ViSmish_10416,1,1,0.99947256,True,1.0,real,Khác,1.0,0.997754276,0.0022457240000000045,0.09999999999999998
ViSmish_10419,1,1,0.99961036,True,1.0,paraphrased,Giả mạo ngân hàng,1.0,0.99806372,0.0019362800000000124,0.09999999999999998
ViSmish_10420,1,1,0.99960583,True,1.0,paraphrased,Nội dung nhạy cảm,1.0,0.99805295,0.0019470499999999502,0.09999999999999998
ViSmish_10423,0,0,0.99941504,True,1.0,external_real,P2P hội thoại thông thường,1.0,0.0023622882999999994,0.9976377117,0.09999999999999998
ViSmish_10424,0,0,0.99938715,True,1.0,real,Khác,1.0,0.0024165441999999993,0.9975834558,0.09999999999999998
ViSmish_10425,1,1,0.99962807,True,1.0,paraphrased,BHXH / Trợ cấp giả,1.0,0.998107773,0.001892227000000024,0.09999999999999998
ViSmish_10426,0,0,0.99945694,True,1.0,real,Khác,1.0,0.0022780205999999997,0.9977219794,0.09999999999999998
ViSmish_10427,0,0,0.999483,True,1.0,synthetic,Ngân hàng thật,1.0,0.0022238309999999995,0.997776169,0.09999999999999998
ViSmish_10429,1,1,0.9996087,True,1.0,paraphrased,Tuyển dụng giả,1.0,0.998059803,0.0019401970000000324,0.09999999999999998
ViSmish_10430,1,1,0.9996106,True,1.0,paraphrased,Đòi nợ / Đe dọa,1.0,0.998064464,0.00193553599999996,0.09999999999999998
ViSmish_10432,1,1,0.99961334,True,1.0,paraphrased,Dịch vụ công giả,1.0,0.9980711760000001,0.0019288239999999401,0.09999999999999998
ViSmish_10433,1,1,0.9996166,True,1.0,paraphrased,Tuyển dụng giả,1.0,0.99807937,0.0019206299999999787,0.09999999999999998
ViSmish_10434,0,0,0.99937755,True,1.0,external_real,P2P hội thoại thông thường,1.0,0.0024350069999999994,0.997564993,0.09999999999999998
ViSmish_10435,1,1,0.99958664,True,1.0,paraphrased,Cờ bạc / Betting,1.0,0.9980071,0.001992899999999964,0.09999999999999998
ViSmish_10437,1,1,0.999603,True,1.0,paraphrased,Dịch vụ công giả,1.0,0.99804608,0.0019539200000000534,0.09999999999999998
ViSmish_10438,1,1,0.99961925,True,1.0,paraphrased,Cờ bạc / Betting,1.0,0.9980857,0.0019143000000000354,0.09999999999999998
ViSmish_10440,0,0,0.99946934,True,1.0,synthetic,Tin nhắn cá nhân và OTP,1.0,0.0022523705,0.9977476295,0.09999999999999998
ViSmish_10441,1,1,0.9996147,True,1.0,paraphrased,Tuyển dụng giả,1.0,0.99807475,0.0019252499999999895,0.09999999999999998
ViSmish_10442,1,1,0.99954885,True,1.0,paraphrased,Dịch vụ công giả,1.0,0.99791965,0.002080349999999953,0.09999999999999998
ViSmish_10443,0,0,0.9979232,True,1.0,real,Dịch vụ công thật,1.0,0.004362890999999999,0.995637109,0.09999999999999998
ViSmish_10444,1,1,0.99962306,True,1.0,paraphrased,Dịch vụ công giả,1.0,0.99809512,0.0019048799999999977,0.09999999999999998
ViSmish_10445,1,1,0.99962413,True,1.0,paraphrased,BHXH / Trợ cấp giả,1.0,0.998097825,0.001902175000000006,0.09999999999999998
ViSmish_10447,0,0,0.99732107,True,1.0,real,Khác,1.0,0.004927417299999999,0.9950725827,0.09999999999999998
ViSmish_10449,0,0,0.99945015,True,1.0,synthetic,Ngân hàng thật,1.0,0.0022916675999999996,0.9977083324,0.09999999999999998
ViSmish_10450,0,0,0.99942064,True,1.0,real,Tin nhắn cá nhân và OTP,1.0,0.0023510423999999995,0.9976489576,0.09999999999999998
ViSmish_10451,0,0,0.999451,True,1.0,synthetic,Tin nhắn cá nhân và OTP,1.0,0.0022900411999999992,0.9977099588,0.09999999999999998
ViSmish_10452,1,1,0.99961275,True,1.0,paraphrased,BHXH / Trợ cấp giả,1.0,0.998069704,0.0019302960000000535,0.09999999999999998
ViSmish_10453,1,1,0.9996051,True,1.0,paraphrased,Tuyển dụng giả,1.0,0.99805124,0.0019487599999999938,0.09999999999999998
ViSmish_10454,1,1,0.9995732,True,1.0,paraphrased,Crypto / Đầu tư giả,1.0,0.997975516,0.002024483999999993,0.09999999999999998
ViSmish_10455,0,0,0.9994803,True,1.0,synthetic,Dịch vụ y tế,1.0,0.0022295757999999995,0.9977704242,0.09999999999999998
ViSmish_10456,1,1,0.99961334,True,1.0,paraphrased,Giả mạo ngân hàng,1.0,0.998071265,0.0019287350000000147,0.09999999999999998
ViSmish_10458,1,1,0.9996007,True,1.0,paraphrased,Cờ bạc / Betting,1.0,0.99804047,0.0019595300000000426,0.09999999999999998
ViSmish_10460,0,0,0.9993831,True,1.0,real,Viễn thông,1.0,0.0024241399999999995,0.99757586,0.09999999999999998
ViSmish_10461,1,1,0.99938166,True,1.0,synthetic_hard_negative,Dịch vụ công giả,1.0,0.997573006,0.0024269940000000156,0.09999999999999998
ViSmish_10462,0,0,0.9994868,True,1.0,real,Khác,1.0,0.0022158212999999994,0.9977841787,0.09999999999999998
ViSmish_10463,1,1,0.99960023,True,1.0,paraphrased,BHXH / Trợ cấp giả,1.0,0.99803934,0.0019606599999999474,0.09999999999999998
ViSmish_10465,0,0,0.99948007,True,1.0,synthetic,Vận chuyển,1.0,0.002229962699999999,0.9977700373,0.09999999999999998
ViSmish_10466,0,0,0.9994836,True,1.0,real,Viễn thông,1.0,0.0022225666999999994,0.9977774333,0.09999999999999998
ViSmish_10469,1,1,0.99953485,True,1.0,real,Cờ bạc / Betting,1.0,0.99788831,0.0021116899999999994,0.09999999999999998
ViSmish_10470,0,0,0.99942845,True,1.0,external_real,P2P hội thoại thông thường,1.0,0.0023355759999999994,0.997664424,0.09999999999999998
ViSmish_10471,1,1,0.9996289,True,1.0,paraphrased,Tuyển dụng giả,1.0,0.9981096700000001,0.0018903299999999401,0.09999999999999998
ViSmish_10472,1,1,0.9995697,True,1.0,paraphrased,Nội dung nhạy cảm,1.0,0.997967327,0.002032672999999985,0.09999999999999998
ViSmish_10473,1,1,0.9995128,True,1.0,synthetic_hard_negative,Đòi nợ / Đe dọa,1.0,0.997839874,0.00216012600000004,0.09999999999999998
ViSmish_10474,1,1,0.99958354,True,1.0,paraphrased,Nội dung nhạy cảm,1.0,0.997999656,0.0020003440000000428,0.09999999999999998
ViSmish_10475,0,0,0.9994332,True,1.0,synthetic,Tin nhắn cá nhân và OTP,1.0,0.0023258394999999994,0.9976741605,0.09999999999999998
ViSmish_10480,0,0,0.9994566,True,1.0,synthetic,Quảng cáo hợp lệ,1.0,0.0022786516999999994,0.9977213483,0.09999999999999998
ViSmish_10481,1,1,0.99961203,True,1.0,paraphrased,Đòi nợ / Đe dọa,1.0,0.99806779,0.0019322099999999898,0.09999999999999998
ViSmish_10482,0,0,0.9994273,True,1.0,synthetic,Quảng cáo hợp lệ,1.0,0.0023378250999999996,0.9976621749,0.09999999999999998
ViSmish_10483,0,0,0.9993863,True,1.0,external_real,P2P hội thoại thông thường,1.0,0.0024180514999999994,0.9975819485,0.09999999999999998
ViSmish_10484,1,1,0.999597,True,1.0,paraphrased,Tuyển dụng giả,1.0,0.99803175,0.0019682500000000047,0.09999999999999998
ViSmish_10485,0,0,0.99947506,True,1.0,external_real,P2P hội thoại thông thường,1.0,0.0022405601999999996,0.9977594398,0.09999999999999998
ViSmish_10486,1,1,0.9995871,True,1.0,paraphrased,Nội dung nhạy cảm,1.0,0.99800821,0.001991790000000049,0.09999999999999998
ViSmish_10487,0,0,0.99933904,True,1.0,external_real,P2P hội thoại thông thường,1.0,0.0025072751999999994,0.9974927248,0.09999999999999998
ViSmish_10488,1,1,0.9996338,True,1.0,paraphrased,Dịch vụ công giả,1.0,0.99812195,0.0018780499999999645,0.09999999999999998
ViSmish_10491,1,1,0.9996358,True,1.0,paraphrased,BHXH / Trợ cấp giả,1.0,0.998126996,0.0018730040000000114,0.09999999999999998
ViSmish_10492,0,0,0.9994312,True,1.0,external_curated,P2P hard negative,1.0,0.0023298920999999997,0.9976701079,0.09999999999999998
ViSmish_10494,1,1,0.9995167,True,1.0,paraphrased,Crypto / Đầu tư giả,1.0,0.997848296,0.0021517039999999765,0.09999999999999998
ViSmish_10496,0,0,0.99947494,True,1.0,real,Khác,1.0,0.0022407969999999992,0.997759203,0.09999999999999998
ViSmish_10497,0,0,0.99947566,True,1.0,synthetic,Vận chuyển,1.0,0.0022392501999999996,0.9977607498,0.09999999999999998
ViSmish_10499,1,1,0.99961746,True,1.0,paraphrased,BHXH / Trợ cấp giả,1.0,0.998081446,0.0019185539999999612,0.09999999999999998
ViSmish_10501,0,0,0.99947053,True,1.0,real,Viễn thông,1.0,0.0022498206999999994,0.9977501793,0.09999999999999998
ViSmish_10502,0,0,0.99934405,True,1.0,real,Viễn thông,1.0,0.0024980354999999993,0.9975019645,0.09999999999999998
ViSmish_10503,1,1,0.9995932,True,1.0,paraphrased,Đòi nợ / Đe dọa,1.0,0.99802256,0.001977439999999997,0.09999999999999998
ViSmish_10504,0,0,0.99933916,True,1.0,real,Viễn thông,1.0,0.0025070595999999996,0.9974929404,0.09999999999999998
ViSmish_10506,1,1,0.9996069,True,1.0,paraphrased,Dịch vụ công giả,1.0,0.998055524,0.0019444760000000283,0.09999999999999998
ViSmish_10507,0,0,0.99939585,True,1.0,synthetic,Viễn thông,1.0,0.0023996691999999993,0.9976003308,0.09999999999999998
ViSmish_10509,0,0,0.9994748,True,1.0,synthetic,Quảng cáo hợp lệ,1.0,0.002240964,0.997759036,0.09999999999999998
ViSmish_10510,1,1,0.9996112,True,1.0,paraphrased,Tuyển dụng giả,1.0,0.998065865,0.001934134999999948,0.09999999999999998
ViSmish_10511,1,1,0.99958247,True,1.0,paraphrased,Tuyển dụng giả,1.0,0.99799723,0.0020027700000000426,0.09999999999999998
ViSmish_10512,1,1,0.99960595,True,1.0,paraphrased,Cờ bạc / Betting,1.0,0.998053086,0.0019469140000000218,0.09999999999999998
ViSmish_10513,0,0,0.99948454,True,1.0,synthetic,Thương mại điện tử,1.0,0.0022204519999999995,0.997779548,0.09999999999999998
ViSmish_10514,1,1,0.9996094,True,1.0,paraphrased,Dịch vụ công giả,1.0,0.998061556,0.0019384439999999836,0.09999999999999998
ViSmish_10517,0,0,0.99937916,True,1.0,external_curated,P2P hard negative,1.0,0.0024318344999999996,0.9975681655,0.09999999999999998
ViSmish_10518,0,0,0.9994697,True,1.0,synthetic,Dịch vụ y tế,1.0,0.0022517185999999995,0.9977482814,0.09999999999999998
ViSmish_10519,0,0,0.99945515,True,1.0,external_curated,P2P hard negative,1.0,0.0022816648999999995,0.9977183351,0.09999999999999998
ViSmish_10520,0,0,0.9995041,True,1.0,synthetic,Dịch vụ y tế,1.0,0.0021790198999999994,0.9978209801,0.09999999999999998
ViSmish_10522,0,0,0.99935347,True,1.0,synthetic,Dịch vụ công thật,1.0,0.002480375199999999,0.9975196248,0.09999999999999998
ViSmish_10524,1,1,0.99962246,True,1.0,paraphrased,Cờ bạc / Betting,1.0,0.998093694,0.0019063059999999687,0.09999999999999998
ViSmish_10525,1,1,0.999445,True,1.0,paraphrased,Nội dung nhạy cảm,1.0,0.997697836,0.002302164000000051,0.09999999999999998
ViSmish_10526,0,0,0.99946076,True,1.0,real,Viễn thông,1.0,0.0022700824,0.9977299176,0.09999999999999998
ViSmish_10527,0,0,0.9994311,True,1.0,external_real,P2P hội thoại thông thường,1.0,0.0023301841999999995,0.9976698158,0.09999999999999998
ViSmish_10528,1,1,0.9996177,True,1.0,paraphrased,Tuyển dụng giả,1.0,0.99808203,0.0019179700000000466,0.09999999999999998
ViSmish_10529,1,1,0.99956495,True,1.0,paraphrased,Đòi nợ / Đe dọa,1.0,0.997956353,0.0020436470000000373,0.09999999999999998
ViSmish_10531,1,1,0.99962723,True,1.0,paraphrased,BHXH / Trợ cấp giả,1.0,0.998105675,0.0018943249999999745,0.09999999999999998
ViSmish_10534,0,0,0.9994671,True,1.0,synthetic,Dịch vụ công thật,1.0,0.0022570069999999997,0.997742993,0.09999999999999998
ViSmish_10535,1,1,0.99955136,True,1.0,paraphrased,Crypto / Đầu tư giả,1.0,0.99792554,0.00207446,0.09999999999999998
ViSmish_10537,0,0,0.9907238,True,1.0,external_real,P2P hội thoại thông thường,1.0,0.008822578999999997,0.991177421,0.09999999999999998
ViSmish_10538,1,1,0.9996146,True,1.0,paraphrased,Dịch vụ công giả,1.0,0.99807427,0.0019257299999999589,0.09999999999999998
ViSmish_10539,0,0,0.99929726,True,1.0,synthetic,Quảng cáo hợp lệ,1.0,0.0025833029999999995,0.997416697,0.09999999999999998
ViSmish_10541,1,1,0.9996282,True,1.0,paraphrased,BHXH / Trợ cấp giả,1.0,0.99810785,0.0018921499999999813,0.09999999999999998
ViSmish_10542,0,0,0.99942636,True,1.0,real,Khác,1.0,0.0023397616999999995,0.9976602383,0.09999999999999998
ViSmish_10543,1,1,0.999561,True,1.0,paraphrased,Crypto / Đầu tư giả,1.0,0.99794728,0.002052720000000008,0.09999999999999998
ViSmish_10544,0,0,0.99936146,True,1.0,real,Dịch vụ công thật,1.0,0.0024653404999999996,0.9975346595,0.09999999999999998
ViSmish_10545,0,0,0.9992817,True,1.0,real,Viễn thông,1.0,0.0026111885999999993,0.9973888114,0.09999999999999998
ViSmish_10546,1,1,0.9996289,True,1.0,paraphrased,Tuyển dụng giả,1.0,0.998109734,0.0018902659999999738,0.09999999999999998
ViSmish_10548,1,1,0.99957603,True,1.0,real,Cờ bạc / Betting,1.0,0.99798196,0.0020180400000000542,0.09999999999999998
ViSmish_10550,1,1,0.99962664,True,1.0,paraphrased,Tuyển dụng giả,1.0,0.998103976,0.0018960239999999962,0.09999999999999998
ViSmish_10551,1,1,0.9996006,True,1.0,paraphrased,Tuyển dụng giả,1.0,0.998040205,0.0019597949999999864,0.09999999999999998
ViSmish_10552,0,0,0.99948573,True,1.0,synthetic,Viễn thông,1.0,0.0022179698999999996,0.9977820301,0.09999999999999998
ViSmish_10554,1,1,0.99957925,True,1.0,paraphrased,Crypto / Đầu tư giả,1.0,0.99798947,0.002010529999999955,0.09999999999999998
ViSmish_10557,1,1,0.99960786,True,1.0,paraphrased,Cờ bạc / Betting,1.0,0.998057884,0.0019421160000000492,0.09999999999999998
ViSmish_10558,1,1,0.9995264,True,1.0,paraphrased,Đòi nợ / Đe dọa,1.0,0.99786943,0.002130570000000054,0.09999999999999998
ViSmish_10559,1,1,0.99963546,True,1.0,paraphrased,BHXH / Trợ cấp giả,1.0,0.99812619,0.0018738099999999758,0.09999999999999998
ViSmish_10560,0,0,0.99921656,True,1.0,real,Dịch vụ công thật,1.0,0.002723720699999999,0.9972762793,0.09999999999999998
ViSmish_10561,1,1,0.99962294,True,1.0,paraphrased,Dịch vụ công giả,1.0,0.9980949,0.001905099999999993,0.09999999999999998
